-1.698142051696777344e+00,2.633349597454071045e-01,1.325655221939086914e+00,-2.231946229934692383e+00
-1.683996915817260742e+00,2.700209915637969971e-01,1.320245385169982910e+00,-2.230977535247802734e+00
-1.672356247901916504e+00,2.737048268318176270e-01,1.317564487457275391e+00,-2.231269359588623047e+00
-1.663071632385253906e+00,2.745172977447509766e-01,1.317479968070983887e+00,-2.232806205749511719e+00
-1.656003832817077637e+00,2.725828886032104492e-01,1.319866895675659180e+00,-2.235571622848510742e+00
-1.651012182235717773e+00,2.680273354053497314e-01,1.324596643447875977e+00,-2.239540100097656250e+00
-1.647964239120483398e+00,2.609784901142120361e-01,1.331540584564208984e+00,-2.244677066802978516e+00
-1.646738529205322266e+00,2.515479326248168945e-01,1.340585231781005859e+00,-2.250958442687988281e+00
-1.647212862968444824e+00,2.398571968078613281e-01,1.351608157157897949e+00,-2.258342981338500977e+00
-1.649266958236694336e+00,2.260270863771438599e-01,1.364486932754516602e+00,-2.266785860061645508e+00
-1.652805328369140625e+00,2.101460099220275879e-01,1.379130601882934570e+00,-2.276266574859619141e+00
-1.657706022262573242e+00,1.923437416553497314e-01,1.395408391952514648e+00,-2.286720991134643555e+00
-1.663876295089721680e+00,1.727176308631896973e-01,1.413221716880798340e+00,-2.298109531402587891e+00
-1.671233415603637695e+00,1.513435840606689453e-01,1.432492017745971680e+00,-2.310412883758544922e+00
-1.679668188095092773e+00,1.283504366874694824e-01,1.453089833259582520e+00,-2.323551416397094727e+00
-1.689110755920410156e+00,1.038074493408203125e-01,1.474945068359375000e+00,-2.337504863739013672e+00
-1.699484825134277344e+00,7.779237627983093262e-02,1.497976541519165039e+00,-2.352235794067382812e+00
-1.710694313049316406e+00,5.042061209678649902e-02,1.522069573402404785e+00,-2.367671966552734375e+00
-1.722688198089599609e+00,2.174329757690429688e-02,1.547171592712402344e+00,-2.383799314498901367e+00
-1.735390782356262207e+00,-8.149832487106323242e-03,1.573192834854125977e+00,-2.400563716888427734e+00
-1.748742103576660156e+00,-3.919467329978942871e-02,1.600067138671875000e+00,-2.417930603027343750e+00
-1.762669563293457031e+00,-7.129412889480590820e-02,1.627700805664062500e+00,-2.435837030410766602e+00
-1.777117371559143066e+00,-1.043905019760131836e-01,1.656033515930175781e+00,-2.454251766204833984e+00
-1.792027235031127930e+00,-1.384039819240570068e-01,1.684987902641296387e+00,-2.473120927810668945e+00
-1.807345867156982422e+00,-1.732719242572784424e-01,1.714501500129699707e+00,-2.492407083511352539e+00
-1.823021173477172852e+00,-2.089230418205261230e-01,1.744505882263183594e+00,-2.512062788009643555e+00
-1.839007735252380371e+00,-2.453014552593231201e-01,1.774945735931396484e+00,-2.532053232192993164e+00
-1.855258464813232422e+00,-2.823450565338134766e-01,1.805761098861694336e+00,-2.552337169647216797e+00
-1.871730566024780273e+00,-3.199947774410247803e-01,1.836894512176513672e+00,-2.572872877120971680e+00
-1.888383984565734863e+00,-3.581941127777099609e-01,1.868293523788452148e+00,-2.593623638153076172e+00
-1.905181288719177246e+00,-3.968911170959472656e-01,1.899909257888793945e+00,-2.614555358886718750e+00
-1.922081947326660156e+00,-4.360308647155761719e-01,1.931688308715820312e+00,-2.635627269744873047e+00
-1.939040184020996094e+00,-4.755335450172424316e-01,1.963558435440063477e+00,-2.656776428222656250e+00
-1.956027388572692871e+00,-5.153645873069763184e-01,1.995487928390502930e+00,-2.677982807159423828e+00
-1.973015189170837402e+00,-5.554755926132202148e-01,2.027431964874267578e+00,-2.699210643768310547e+00
-1.989971756935119629e+00,-5.958180427551269531e-01,2.059347152709960938e+00,-2.720425844192504883e+00
-2.006871223449707031e+00,-6.363471746444702148e-01,2.091194629669189453e+00,-2.741595745086669922e+00
-2.023677587509155273e+00,-6.770080327987670898e-01,2.122923851013183594e+00,-2.762677907943725586e+00
-2.040366888046264648e+00,-7.177488803863525391e-01,2.154492139816284180e+00,-2.783632755279541016e+00
-2.056916236877441406e+00,-7.585399746894836426e-01,2.185872316360473633e+00,-2.804441452026367188e+00
-2.073306560516357422e+00,-7.993375062942504883e-01,2.217028617858886719e+00,-2.825070858001708984e+00
-2.089515209197998047e+00,-8.401057720184326172e-01,2.247930288314819336e+00,-2.845495700836181641e+00
-2.105522155761718750e+00,-8.808025121688842773e-01,2.278542280197143555e+00,-2.865684270858764648e+00
-2.121300220489501953e+00,-9.213707447052001953e-01,2.308818340301513672e+00,-2.885589122772216797e+00
-2.136834144592285156e+00,-9.617885351181030273e-01,2.338739871978759766e+00,-2.905197381973266602e+00
-2.152111768722534180e+00,-1.002021551132202148e+00,2.368280887603759766e+00,-2.924485445022583008e+00
-2.167119503021240234e+00,-1.042039513587951660e+00,2.397418498992919922e+00,-2.943429946899414062e+00
-2.181842327117919922e+00,-1.081809043884277344e+00,2.426127910614013672e+00,-2.962007999420166016e+00
-2.196260929107666016e+00,-1.121288657188415527e+00,2.454373836517333984e+00,-2.980185270309448242e+00
-2.210362434387207031e+00,-1.160442829132080078e+00,2.482132434844970703e+00,-2.997936725616455078e+00
-2.224140405654907227e+00,-1.199255943298339844e+00,2.509391784667968750e+00,-3.015251874923706055e+00
-2.237583398818969727e+00,-1.237696290016174316e+00,2.536131143569946289e+00,-3.032109260559082031e+00
-2.250685214996337891e+00,-1.275742173194885254e+00,2.562335491180419922e+00,-3.048494338989257812e+00
-2.263436794281005859e+00,-1.313367366790771484e+00,2.587985992431640625e+00,-3.064387321472167969e+00
-2.275822401046752930e+00,-1.350534796714782715e+00,2.613056182861328125e+00,-3.079760551452636719e+00
-2.287843704223632812e+00,-1.387233018875122070e+00,2.637542247772216797e+00,-3.094609260559082031e+00
-2.299493074417114258e+00,-1.423436999320983887e+00,2.661426544189453125e+00,-3.108915328979492188e+00
-2.310765981674194336e+00,-1.459125280380249023e+00,2.684697628021240234e+00,-3.122664451599121094e+00
-2.321657419204711914e+00,-1.494284391403198242e+00,2.707347393035888672e+00,-3.135848999023437500e+00
-2.332162857055664062e+00,-1.528890132904052734e+00,2.729361057281494141e+00,-3.148452043533325195e+00
-2.342281579971313477e+00,-1.562925338745117188e+00,2.750731468200683594e+00,-3.160465717315673828e+00
-2.352010965347290039e+00,-1.596379399299621582e+00,2.771452903747558594e+00,-3.171882867813110352e+00
-2.361348867416381836e+00,-1.629232048988342285e+00,2.791515350341796875e+00,-3.182689428329467773e+00
-2.370295047760009766e+00,-1.661472916603088379e+00,2.810914039611816406e+00,-3.192881584167480469e+00
-2.378848791122436523e+00,-1.693085908889770508e+00,2.829643011093139648e+00,-3.202451229095458984e+00
-2.387006282806396484e+00,-1.724053859710693359e+00,2.847692489624023438e+00,-3.211386680603027344e+00
-2.394774198532104492e+00,-1.754372835159301758e+00,2.865067243576049805e+00,-3.219689846038818359e+00
-2.402147293090820312e+00,-1.784026384353637695e+00,2.881755352020263672e+00,-3.227348804473876953e+00
-2.409132480621337891e+00,-1.813007116317749023e+00,2.897760629653930664e+00,-3.234364986419677734e+00
-2.415724754333496094e+00,-1.841301798820495605e+00,2.913074970245361328e+00,-3.240728378295898438e+00
-2.421930551528930664e+00,-1.868906021118164062e+00,2.927701473236083984e+00,-3.246440410614013672e+00
-2.427750587463378906e+00,-1.895807385444641113e+00,2.941635847091674805e+00,-3.251494884490966797e+00
-2.433189392089843750e+00,-1.922002434730529785e+00,2.954881668090820312e+00,-3.255893707275390625e+00
-2.438246250152587891e+00,-1.947479844093322754e+00,2.967433929443359375e+00,-3.259630203247070312e+00
-2.442923069000244141e+00,-1.972229957580566406e+00,2.979291677474975586e+00,-3.262702465057373047e+00
-2.447232723236083984e+00,-1.996264219284057617e+00,2.990469455718994141e+00,-3.265123128890991211e+00
-2.451192378997802734e+00,-2.019613742828369141e+00,3.000999927520751953e+00,-3.266929626464843750e+00
-2.454797983169555664e+00,-2.042249202728271484e+00,3.010864734649658203e+00,-3.268097400665283203e+00
-2.458049297332763672e+00,-2.064166784286499023e+00,3.020064830780029297e+00,-3.268627882003784180e+00
-2.460953712463378906e+00,-2.085364580154418945e+00,3.028604745864868164e+00,-3.268522977828979492e+00
-2.463518381118774414e+00,-2.105846881866455078e+00,3.036493539810180664e+00,-3.267792224884033203e+00
-2.465746879577636719e+00,-2.125610828399658203e+00,3.043734550476074219e+00,-3.266436815261840820e+00
-2.467645406723022461e+00,-2.144659042358398438e+00,3.050335168838500977e+00,-3.264464378356933594e+00
-2.469221830368041992e+00,-2.162994146347045898e+00,3.056303501129150391e+00,-3.261881589889526367e+00
-2.470482587814331055e+00,-2.180619239807128906e+00,3.061646938323974609e+00,-3.258695602416992188e+00
-2.471432685852050781e+00,-2.197535991668701172e+00,3.066371917724609375e+00,-3.254912376403808594e+00
-2.472079038619995117e+00,-2.213751077651977539e+00,3.070488929748535156e+00,-3.250541210174560547e+00
-2.472434759140014648e+00,-2.229279279708862305e+00,3.074015140533447266e+00,-3.245601177215576172e+00
-2.472502231597900391e+00,-2.244115352630615234e+00,3.076951503753662109e+00,-3.240092754364013672e+00
-2.472289562225341797e+00,-2.258268356323242188e+00,3.079309940338134766e+00,-3.234025478363037109e+00
-2.471802234649658203e+00,-2.271739721298217773e+00,3.081096172332763672e+00,-3.227406978607177734e+00
-2.471048355102539062e+00,-2.284538745880126953e+00,3.082322835922241211e+00,-3.220247745513916016e+00
-2.470033884048461914e+00,-2.296670675277709961e+00,3.082998037338256836e+00,-3.212557792663574219e+00
-2.468769073486328125e+00,-2.308144807815551758e+00,3.083134412765502930e+00,-3.204348087310791016e+00
-2.467256546020507812e+00,-2.318964481353759766e+00,3.082739353179931641e+00,-3.195628166198730469e+00
-2.465505599975585938e+00,-2.329135894775390625e+00,3.081821441650390625e+00,-3.186405658721923828e+00
-2.463524580001831055e+00,-2.338667869567871094e+00,3.080393314361572266e+00,-3.176692008972167969e+00
-2.461319684982299805e+00,-2.347577571868896484e+00,3.078470706939697266e+00,-3.166506290435791016e+00
-2.458906650543212891e+00,-2.355880260467529297e+00,3.076072216033935547e+00,-3.155867099761962891e+00
-2.456286191940307617e+00,-2.363578319549560547e+00,3.073200941085815430e+00,-3.144778251647949219e+00
-2.453464984893798828e+00,-2.370676040649414062e+00,3.069866657257080078e+00,-3.133247852325439453e+00
-2.450450420379638672e+00,-2.377181053161621094e+00,3.066078662872314453e+00,-3.121287822723388672e+00
-2.447251319885253906e+00,-2.383108854293823242e+00,3.061851501464843750e+00,-3.108912706375122070e+00
-2.443873167037963867e+00,-2.388468503952026367e+00,3.057196855545043945e+00,-3.096134662628173828e+00
-2.440321683883666992e+00,-2.393264532089233398e+00,3.052121400833129883e+00,-3.082961559295654297e+00
-2.436605453491210938e+00,-2.397508621215820312e+00,3.046638011932373047e+00,-3.069405078887939453e+00
-2.432731389999389648e+00,-2.401211977005004883e+00,3.040760040283203125e+00,-3.055481910705566406e+00
-2.428705215454101562e+00,-2.404381990432739258e+00,3.034495353698730469e+00,-3.041198253631591797e+00
-2.424535274505615234e+00,-2.407032966613769531e+00,3.027858257293701172e+00,-3.026572227478027344e+00
-2.420231580734252930e+00,-2.409186840057373047e+00,3.020868539810180664e+00,-3.011623859405517578e+00
-2.415798902511596680e+00,-2.410845041275024414e+00,3.013530969619750977e+00,-2.996357440948486328e+00
-2.411240100860595703e+00,-2.412011146545410156e+00,3.005850791931152344e+00,-2.980780124664306641e+00
-2.406566619873046875e+00,-2.412702322006225586e+00,2.997845649719238281e+00,-2.964909791946411133e+00
-2.401780366897583008e+00,-2.412929296493530273e+00,2.989524126052856445e+00,-2.948756456375122070e+00
-2.396889925003051758e+00,-2.412696123123168945e+00,2.980894804000854492e+00,-2.932329416275024414e+00
-2.391899585723876953e+00,-2.412022352218627930e+00,2.971972465515136719e+00,-2.915644645690917969e+00
-2.386815547943115234e+00,-2.410912036895751953e+00,2.962763309478759766e+00,-2.898709297180175781e+00
-2.381641387939453125e+00,-2.409370899200439453e+00,2.953275680541992188e+00,-2.881532669067382812e+00
-2.376387596130371094e+00,-2.407417297363281250e+00,2.943525552749633789e+00,-2.864130496978759766e+00
-2.371055126190185547e+00,-2.405060529708862305e+00,2.933520317077636719e+00,-2.846514701843261719e+00
-2.365656852722167969e+00,-2.402316331863403320e+00,2.923278093338012695e+00,-2.828700780868530273e+00
-2.360195398330688477e+00,-2.399194717407226562e+00,2.912805318832397461e+00,-2.810698986053466797e+00
-2.354673385620117188e+00,-2.395700454711914062e+00,2.902109146118164062e+00,-2.792515754699707031e+00
-2.349094867706298828e+00,-2.391843795776367188e+00,2.891196966171264648e+00,-2.774160623550415039e+00
-2.343467235565185547e+00,-2.387632608413696289e+00,2.880080699920654297e+00,-2.755645275115966797e+00
-2.337797164916992188e+00,-2.383083343505859375e+00,2.868771314620971680e+00,-2.736981868743896484e+00
-2.332085371017456055e+00,-2.378201007843017578e+00,2.857276201248168945e+00,-2.718180179595947266e+00
-2.326339721679687500e+00,-2.372996807098388672e+00,2.845605134963989258e+00,-2.699249505996704102e+00
-2.320559978485107422e+00,-2.367477416992187500e+00,2.833763599395751953e+00,-2.680196285247802734e+00
-2.314755678176879883e+00,-2.361655235290527344e+00,2.821763992309570312e+00,-2.661034584045410156e+00
-2.308927059173583984e+00,-2.355539083480834961e+00,2.809612274169921875e+00,-2.641772031784057617e+00
-2.303084850311279297e+00,-2.349145174026489258e+00,2.797324895858764648e+00,-2.622424602508544922e+00
-2.297226905822753906e+00,-2.342476844787597656e+00,2.784904956817626953e+00,-2.602997779846191406e+00
-2.291360378265380859e+00,-2.335543632507324219e+00,2.772358894348144531e+00,-2.583498001098632812e+00
-2.285487651824951172e+00,-2.328353166580200195e+00,2.759695768356323242e+00,-2.563934326171875000e+00
-2.279613018035888672e+00,-2.320917129516601562e+00,2.746925115585327148e+00,-2.544318914413452148e+00
-2.273739337921142578e+00,-2.313243150711059570e+00,2.734052419662475586e+00,-2.524657487869262695e+00
-2.267869234085083008e+00,-2.305336952209472656e+00,2.721084594726562500e+00,-2.504957199096679688e+00
-2.262006998062133789e+00,-2.297206640243530273e+00,2.708027362823486328e+00,-2.485225200653076172e+00
-2.256155729293823242e+00,-2.288862943649291992e+00,2.694890975952148438e+00,-2.465472459793090820e+00
-2.250318527221679688e+00,-2.280314207077026367e+00,2.681681632995605469e+00,-2.445705413818359375e+00
-2.244499444961547852e+00,-2.271567821502685547e+00,2.668406486511230469e+00,-2.425932407379150391e+00
-2.238700866699218750e+00,-2.262633800506591797e+00,2.655072927474975586e+00,-2.406161546707153320e+00
-2.232925415039062500e+00,-2.253520727157592773e+00,2.641687393188476562e+00,-2.386401176452636719e+00
-2.227177619934082031e+00,-2.244232416152954102e+00,2.628255844116210938e+00,-2.366655349731445312e+00
-2.221456289291381836e+00,-2.234778642654418945e+00,2.614783287048339844e+00,-2.346932649612426758e+00
-2.215766906738281250e+00,-2.225164413452148438e+00,2.601276159286499023e+00,-2.327237129211425781e+00
-2.210110425949096680e+00,-2.215398073196411133e+00,2.587739944458007812e+00,-2.307576894760131836e+00
-2.204488754272460938e+00,-2.205483198165893555e+00,2.574178218841552734e+00,-2.287955522537231445e+00
-2.198905467987060547e+00,-2.195432186126708984e+00,2.560600042343139648e+00,-2.268383026123046875e+00
-2.193360805511474609e+00,-2.185246944427490234e+00,2.547008037567138672e+00,-2.248861789703369141e+00
-2.187860250473022461e+00,-2.174935579299926758e+00,2.533409118652343750e+00,-2.229399442672729492e+00
-2.182400226593017578e+00,-2.164504766464233398e+00,2.519806146621704102e+00,-2.210000514984130859e+00
-2.176990509033203125e+00,-2.153966426849365234e+00,2.506210565567016602e+00,-2.190674781799316406e+00
-2.171626329421997070e+00,-2.143318176269531250e+00,2.492620229721069336e+00,-2.171422243118286133e+00
-2.166311264038085938e+00,-2.132570266723632812e+00,2.479042053222656250e+00,-2.152250051498413086e+00
-2.161047935485839844e+00,-2.121727705001831055e+00,2.465480804443359375e+00,-2.133162736892700195e+00
-2.155837059020996094e+00,-2.110797882080078125e+00,2.451941490173339844e+00,-2.114166259765625000e+00
-2.150679349899291992e+00,-2.099779844284057617e+00,2.438424825668334961e+00,-2.095260620117187500e+00
-2.145578145980834961e+00,-2.088687419891357422e+00,2.424938917160034180e+00,-2.076455354690551758e+00
-2.140532016754150391e+00,-2.077518939971923828e+00,2.411483764648437500e+00,-2.057749748229980469e+00
-2.135544538497924805e+00,-2.066283464431762695e+00,2.398066043853759766e+00,-2.039151668548583984e+00
-2.130616188049316406e+00,-2.054984092712402344e+00,2.384688615798950195e+00,-2.020663261413574219e+00
-2.125746011734008789e+00,-2.043626070022583008e+00,2.371352910995483398e+00,-2.002287626266479492e+00
-2.120940208435058594e+00,-2.032216787338256836e+00,2.358067989349365234e+00,-1.984031438827514648e+00
-2.116195678710937500e+00,-2.020758867263793945e+00,2.344832658767700195e+00,-1.965897440910339355e+00
-2.111513614654541016e+00,-2.009257078170776367e+00,2.331650972366333008e+00,-1.947886943817138672e+00
-2.106896638870239258e+00,-1.997714161872863770e+00,2.318526506423950195e+00,-1.930003404617309570e+00
-2.102343320846557617e+00,-1.986135840415954590e+00,2.305460929870605469e+00,-1.912250995635986328e+00
-2.097855567932128906e+00,-1.974527716636657715e+00,2.292458295822143555e+00,-1.894632101058959961e+00
-2.093434810638427734e+00,-1.962890267372131348e+00,2.279520511627197266e+00,-1.877148628234863281e+00
-2.089081048965454102e+00,-1.951228380203247070e+00,2.266650199890136719e+00,-1.859803676605224609e+00
-2.084792852401733398e+00,-1.939546227455139160e+00,2.253849744796752930e+00,-1.842599868774414062e+00
-2.080573081970214844e+00,-1.927847385406494141e+00,2.241121053695678711e+00,-1.825538396835327148e+00
-2.076422691345214844e+00,-1.916138052940368652e+00,2.228469371795654297e+00,-1.808625221252441406e+00
-2.072341442108154297e+00,-1.904416799545288086e+00,2.215893507003784180e+00,-1.791858196258544922e+00
-2.068328619003295898e+00,-1.892689943313598633e+00,2.203396558761596680e+00,-1.775241851806640625e+00
-2.064384698867797852e+00,-1.880960345268249512e+00,2.190981149673461914e+00,-1.758777379989624023e+00
-2.060511350631713867e+00,-1.869231700897216797e+00,2.178648948669433594e+00,-1.742466449737548828e+00
-2.056709527969360352e+00,-1.857506394386291504e+00,2.166402578353881836e+00,-1.726312160491943359e+00
-2.052975654602050781e+00,-1.845785021781921387e+00,2.154240369796752930e+00,-1.710312366485595703e+00
-2.049312591552734375e+00,-1.834073424339294434e+00,2.142167568206787109e+00,-1.694472789764404297e+00
-2.045720815658569336e+00,-1.822372794151306152e+00,2.130183935165405273e+00,-1.678791761398315430e+00
-2.042200088500976562e+00,-1.810684919357299805e+00,2.118290901184082031e+00,-1.663271188735961914e+00
-2.038747787475585938e+00,-1.799013257026672363e+00,2.106489658355712891e+00,-1.647912263870239258e+00
-2.035368204116821289e+00,-1.787361264228820801e+00,2.094783544540405273e+00,-1.632717490196228027e+00
-2.032058715820312500e+00,-1.775730371475219727e+00,2.083172082901000977e+00,-1.617687106132507324e+00
-2.028820991516113281e+00,-1.764123678207397461e+00,2.071658134460449219e+00,-1.602822422981262207e+00
-2.025654077529907227e+00,-1.752545833587646484e+00,2.060242652893066406e+00,-1.588125705718994141e+00
-2.022555828094482422e+00,-1.740989923477172852e+00,2.048921823501586914e+00,-1.573592066764831543e+00
-2.019529342651367188e+00,-1.729466080665588379e+00,2.037701845169067383e+00,-1.559227347373962402e+00
-2.016573667526245117e+00,-1.717975139617919922e+00,2.026583909988403320e+00,-1.545032501220703125e+00
-2.013686180114746094e+00,-1.706514596939086914e+00,2.015563011169433594e+00,-1.531002044677734375e+00
-2.010869979858398438e+00,-1.695091009140014648e+00,2.004646301269531250e+00,-1.517143726348876953e+00
-2.008122920989990234e+00,-1.683701992034912109e+00,1.993830800056457520e+00,-1.503452658653259277e+00
-2.005444288253784180e+00,-1.672351121902465820e+00,1.983117818832397461e+00,-1.489931106567382812e+00
-2.002835273742675781e+00,-1.661042451858520508e+00,1.972509622573852539e+00,-1.476580381393432617e+00
-2.000296115875244141e+00,-1.649775862693786621e+00,1.962006568908691406e+00,-1.463400721549987793e+00
-1.997825741767883301e+00,-1.638551592826843262e+00,1.951608300209045410e+00,-1.450391530990600586e+00
-1.995423197746276855e+00,-1.627372384071350098e+00,1.941314935684204102e+00,-1.437552094459533691e+00
-1.993087768554687500e+00,-1.616237044334411621e+00,1.931126594543457031e+00,-1.424882888793945312e+00
-1.990821599960327148e+00,-1.605151176452636719e+00,1.921046018600463867e+00,-1.412385344505310059e+00
-1.988621473312377930e+00,-1.594111323356628418e+00,1.911069750785827637e+00,-1.400055527687072754e+00
-1.986488103866577148e+00,-1.583122491836547852e+00,1.901201486587524414e+00,-1.387898325920104980e+00
-1.984421730041503906e+00,-1.572182655334472656e+00,1.891439199447631836e+00,-1.375909566879272461e+00
-1.982420206069946289e+00,-1.561293601989746094e+00,1.881783008575439453e+00,-1.364090323448181152e+00
-1.980484604835510254e+00,-1.550457715988159180e+00,1.872234225273132324e+00,-1.352439880371093750e+00
-1.978613972663879395e+00,-1.539674878120422363e+00,1.862793326377868652e+00,-1.340959310531616211e+00
-1.976807713508605957e+00,-1.528946638107299805e+00,1.853459358215332031e+00,-1.329647779464721680e+00
-1.975066423416137695e+00,-1.518273591995239258e+00,1.844232916831970215e+00,-1.318504095077514648e+00
-1.973388314247131348e+00,-1.507656931877136230e+00,1.835114240646362305e+00,-1.307529091835021973e+00
-1.971773624420166016e+00,-1.497096180915832520e+00,1.826102256774902344e+00,-1.296720504760742188e+00
-1.970221877098083496e+00,-1.486592650413513184e+00,1.817197442054748535e+00,-1.286078333854675293e+00
-1.968732118606567383e+00,-1.476146697998046875e+00,1.808399438858032227e+00,-1.275602817535400391e+00
-1.967302918434143066e+00,-1.465759038925170898e+00,1.799707651138305664e+00,-1.265292048454284668e+00
-1.965936779975891113e+00,-1.455433964729309082e+00,1.791125535964965820e+00,-1.255148887634277344e+00
-1.964630365371704102e+00,-1.445164918899536133e+00,1.782647728919982910e+00,-1.245167613029479980e+00
-1.963384151458740234e+00,-1.434958457946777344e+00,1.774277091026306152e+00,-1.235350847244262695e+00
-1.962196350097656250e+00,-1.424810647964477539e+00,1.766010999679565430e+00,-1.225695967674255371e+00
-1.961068630218505859e+00,-1.414725184440612793e+00,1.757852077484130859e+00,-1.216204166412353516e+00
-1.959999322891235352e+00,-1.404701590538024902e+00,1.749798774719238281e+00,-1.206873416900634766e+00
-1.958987712860107422e+00,-1.394740462303161621e+00,1.741850852966308594e+00,-1.197703361511230469e+00
-1.958033442497253418e+00,-1.384840369224548340e+00,1.734007120132446289e+00,-1.188693046569824219e+00
-1.957136154174804688e+00,-1.375004291534423828e+00,1.726269125938415527e+00,-1.179842233657836914e+00
-1.956295013427734375e+00,-1.365231633186340332e+00,1.718635439872741699e+00,-1.171149253845214844e+00
-1.955507755279541016e+00,-1.355519056320190430e+00,1.711102604866027832e+00,-1.162611246109008789e+00
-1.954776644706726074e+00,-1.345872402191162109e+00,1.703675031661987305e+00,-1.154231071472167969e+00
-1.954100131988525391e+00,-1.336287975311279297e+00,1.696349859237670898e+00,-1.146005511283874512e+00
-1.953477621078491211e+00,-1.326768279075622559e+00,1.689127564430236816e+00,-1.137934207916259766e+00
-1.952906847000122070e+00,-1.317311048507690430e+00,1.682006239891052246e+00,-1.130015850067138672e+00
-1.952390313148498535e+00,-1.307920098304748535e+00,1.674987673759460449e+00,-1.122251033782958984e+00
-1.951925516128540039e+00,-1.298593521118164062e+00,1.668070316314697266e+00,-1.114637494087219238e+00
-1.951512217521667480e+00,-1.289329528808593750e+00,1.661252379417419434e+00,-1.107173204421997070e+00
-1.951148986816406250e+00,-1.280129790306091309e+00,1.654534339904785156e+00,-1.099858522415161133e+00
-1.950835585594177246e+00,-1.270996093750000000e+00,1.647915720939636230e+00,-1.092691659927368164e+00
-1.950573205947875977e+00,-1.261925339698791504e+00,1.641396045684814453e+00,-1.085672616958618164e+00
-1.950359225273132324e+00,-1.252920031547546387e+00,1.634975075721740723e+00,-1.078799962997436523e+00
-1.950194001197814941e+00,-1.243978023529052734e+00,1.628650903701782227e+00,-1.072071313858032227e+00
-1.950075626373291016e+00,-1.235101699829101562e+00,1.622424125671386719e+00,-1.065486788749694824e+00
-1.950004816055297852e+00,-1.226287484169006348e+00,1.616292476654052734e+00,-1.059043884277343750e+00
-1.949981093406677246e+00,-1.217539429664611816e+00,1.610258460044860840e+00,-1.052744388580322266e+00
-1.950002193450927734e+00,-1.208854198455810547e+00,1.604317784309387207e+00,-1.046583890914916992e+00
-1.950070858001708984e+00,-1.200234770774841309e+00,1.598473668098449707e+00,-1.040564298629760742e+00
-1.950182914733886719e+00,-1.191678285598754883e+00,1.592722415924072266e+00,-1.034682393074035645e+00
-1.950339317321777344e+00,-1.183185577392578125e+00,1.587064504623413086e+00,-1.028937458992004395e+00
-1.950540304183959961e+00,-1.174757122993469238e+00,1.581499576568603516e+00,-1.023328900337219238e+00
-1.950782775878906250e+00,-1.166392326354980469e+00,1.576025962829589844e+00,-1.017855167388916016e+00
-1.951068997383117676e+00,-1.158090949058532715e+00,1.570644378662109375e+00,-1.012514948844909668e+00
-1.951397895812988281e+00,-1.149852395057678223e+00,1.565353512763977051e+00,-1.007307648658752441e+00
-1.951766252517700195e+00,-1.141677737236022949e+00,1.560152053833007812e+00,-1.002231597900390625e+00
-1.952175855636596680e+00,-1.133564591407775879e+00,1.555039525032043457e+00,-9.972850084304809570e-01
-1.952626347541809082e+00,-1.125515460968017578e+00,1.550016522407531738e+00,-9.924687147140502930e-01
-1.953116416931152344e+00,-1.117529392242431641e+00,1.545081734657287598e+00,-9.877804517745971680e-01
-1.953645229339599609e+00,-1.109604597091674805e+00,1.540233254432678223e+00,-9.832180738449096680e-01
-1.954212188720703125e+00,-1.101742386817932129e+00,1.535471796989440918e+00,-9.787819385528564453e-01
-1.954816937446594238e+00,-1.093941330909729004e+00,1.530794978141784668e+00,-9.744691848754882812e-01
-1.955459952354431152e+00,-1.086202621459960938e+00,1.526204943656921387e+00,-9.702806472778320312e-01
-1.956139683723449707e+00,-1.078525185585021973e+00,1.521698594093322754e+00,-9.662138223648071289e-01
-1.956854820251464844e+00,-1.070908784866333008e+00,1.517276048660278320e+00,-9.622681140899658203e-01
-1.957605838775634766e+00,-1.063353061676025391e+00,1.512935876846313477e+00,-9.584412574768066406e-01
-1.958392500877380371e+00,-1.055858612060546875e+00,1.508679151535034180e+00,-9.547342061996459961e-01
-1.959213733673095703e+00,-1.048424124717712402e+00,1.504503488540649414e+00,-9.511438608169555664e-01
-1.960068345069885254e+00,-1.041049480438232422e+00,1.500408172607421875e+00,-9.476693868637084961e-01
-1.960956692695617676e+00,-1.033734798431396484e+00,1.496393561363220215e+00,-9.443104267120361328e-01
-1.961878418922424316e+00,-1.026479482650756836e+00,1.492458224296569824e+00,-9.410650134086608887e-01
-1.962832689285278320e+00,-1.019284248352050781e+00,1.488602161407470703e+00,-9.379332065582275391e-01
-1.963818073272705078e+00,-1.012147426605224609e+00,1.484823584556579590e+00,-9.349117875099182129e-01
-1.964835524559020996e+00,-1.005068063735961914e+00,1.481121778488159180e+00,-9.320007562637329102e-01
-1.965882897377014160e+00,-9.980486035346984863e-01,1.477497100830078125e+00,-9.291996955871582031e-01
-1.966962218284606934e+00,-9.910870194435119629e-01,1.473949193954467773e+00,-9.265068173408508301e-01
-1.968069911003112793e+00,-9.841816425323486328e-01,1.470474362373352051e+00,-9.239196777343750000e-01
-1.969207167625427246e+00,-9.773347377777099609e-01,1.467074990272521973e+00,-9.214385747909545898e-01
-1.970373868942260742e+00,-9.705449938774108887e-01,1.463749647140502930e+00,-9.190628528594970703e-01
-1.971568584442138672e+00,-9.638113975524902344e-01,1.460496902465820312e+00,-9.167897701263427734e-01
-1.972791194915771484e+00,-9.571344256401062012e-01,1.457316398620605469e+00,-9.146194458007812500e-01
-1.974040985107421875e+00,-9.505143165588378906e-01,1.454207777976989746e+00,-9.125502109527587891e-01
-1.975318312644958496e+00,-9.439495205879211426e-01,1.451169967651367188e+00,-9.105808734893798828e-01
-1.976621627807617188e+00,-9.374397993087768555e-01,1.448202371597290039e+00,-9.087108373641967773e-01
-1.977950811386108398e+00,-9.309852719306945801e-01,1.445303916931152344e+00,-9.069384336471557617e-01
-1.979305028915405273e+00,-9.245858192443847656e-01,1.442474007606506348e+00,-9.052621722221374512e-01
-1.980684280395507812e+00,-9.182407259941101074e-01,1.439712405204772949e+00,-9.036821126937866211e-01
-1.982088088989257812e+00,-9.119493365287780762e-01,1.437017917633056641e+00,-9.021962881088256836e-01
-1.983516573905944824e+00,-9.057121276855468750e-01,1.434390544891357422e+00,-9.008037447929382324e-01
-1.984968304634094238e+00,-8.995286822319030762e-01,1.431829094886779785e+00,-8.995040059089660645e-01
-1.986442208290100098e+00,-8.933972120285034180e-01,1.429331779479980469e+00,-8.982940912246704102e-01
-1.987939357757568359e+00,-8.873190879821777344e-01,1.426899671554565430e+00,-8.971750140190124512e-01
-1.989459156990051270e+00,-8.812940120697021484e-01,1.424532055854797363e+00,-8.961454033851623535e-01
-1.991000533103942871e+00,-8.753204345703125000e-01,1.422227025032043457e+00,-8.952033519744873047e-01
-1.992562770843505859e+00,-8.693984746932983398e-01,1.419984459877014160e+00,-8.943477869033813477e-01
-1.994145989418029785e+00,-8.635277748107910156e-01,1.417803406715393066e+00,-8.935777544975280762e-01
-1.995749950408935547e+00,-8.577086925506591797e-01,1.415683984756469727e+00,-8.928933143615722656e-01
-1.997374176979064941e+00,-8.519395589828491211e-01,1.413624525070190430e+00,-8.922917842864990234e-01
-1.999018311500549316e+00,-8.462215662002563477e-01,1.411625504493713379e+00,-8.917732834815979004e-01
-2.000680446624755859e+00,-8.405530452728271484e-01,1.409684896469116211e+00,-8.913359642028808594e-01
-2.002362728118896484e+00,-8.349348902702331543e-01,1.407803177833557129e+00,-8.909795284271240234e-01
-2.004061937332153320e+00,-8.293647766113281250e-01,1.405978560447692871e+00,-8.907017707824707031e-01
-2.005780696868896484e+00,-8.238455653190612793e-01,1.404212355613708496e+00,-8.905034065246582031e-01
-2.007516384124755859e+00,-8.183741569519042969e-01,1.402501821517944336e+00,-8.903823494911193848e-01
-2.009268999099731445e+00,-8.129499554634094238e-01,1.400846362113952637e+00,-8.903366923332214355e-01
-2.011038780212402344e+00,-8.075755834579467773e-01,1.399247527122497559e+00,-8.903678655624389648e-01
-2.012825250625610352e+00,-8.022477030754089355e-01,1.397702336311340332e+00,-8.904727101325988770e-01
-2.014626741409301758e+00,-7.969676852226257324e-01,1.396211147308349609e+00,-8.906512260437011719e-01
-2.016444683074951172e+00,-7.917343974113464355e-01,1.394772887229919434e+00,-8.909015059471130371e-01
-2.018278121948242188e+00,-7.865479588508605957e-01,1.393388032913208008e+00,-8.912239670753479004e-01
-2.020126104354858398e+00,-7.814081907272338867e-01,1.392054915428161621e+00,-8.916168212890625000e-01
-2.021988391876220703e+00,-7.763137221336364746e-01,1.390772700309753418e+00,-8.920787572860717773e-01
-2.023865222930908203e+00,-7.712652683258056641e-01,1.389541625976562500e+00,-8.926097154617309570e-01
-2.025755882263183594e+00,-7.662623524665832520e-01,1.388360619544982910e+00,-8.932081460952758789e-01
-2.027660131454467773e+00,-7.613043785095214844e-01,1.387228965759277344e+00,-8.938732147216796875e-01
-2.029577970504760742e+00,-7.563911676406860352e-01,1.386146664619445801e+00,-8.946040868759155273e-01
-2.031507968902587891e+00,-7.515225410461425781e-01,1.385112762451171875e+00,-8.954000473022460938e-01
-2.033451080322265625e+00,-7.466971874237060547e-01,1.384125828742980957e+00,-8.962591886520385742e-01
-2.035405635833740234e+00,-7.419165372848510742e-01,1.383186459541320801e+00,-8.971817493438720703e-01
-2.037372589111328125e+00,-7.371791601181030273e-01,1.382293701171875000e+00,-8.981661796569824219e-01
-2.039350271224975586e+00,-7.324841022491455078e-01,1.381446480751037598e+00,-8.992114067077636719e-01
-2.040080070495605469e+00,-7.307705283164978027e-01,1.381147027015686035e+00,-8.996109962463378906e-01
-2.040080070495605469e+00,-7.307705283164978027e-01,1.381147027015686035e+00,-8.996109962463378906e-01
-1.989504337310791016e+00,-7.418944239616394043e-01,1.372100949287414551e+00,-9.031198024749755859e-01
-1.901963472366333008e+00,-7.445768117904663086e-01,1.342097282409667969e+00,-8.923457860946655273e-01
-1.809809207916259766e+00,-7.353945970535278320e-01,1.299978733062744141e+00,-8.685593605041503906e-01
-1.716863393783569336e+00,-7.198615074157714844e-01,1.251772165298461914e+00,-8.377231359481811523e-01
-1.625352144241333008e+00,-7.013667821884155273e-01,1.201133847236633301e+00,-8.034955859184265137e-01
-1.536785483360290527e+00,-6.824375391006469727e-01,1.150720238685607910e+00,-7.685701847076416016e-01
-1.452083587646484375e+00,-6.648309826850891113e-01,1.102322697639465332e+00,-7.347949743270874023e-01
-1.371569037437438965e+00,-6.493723392486572266e-01,1.056748032569885254e+00,-7.030396461486816406e-01
-1.295210480690002441e+00,-6.362894177436828613e-01,1.014188766479492188e+00,-6.735569238662719727e-01
-1.222873926162719727e+00,-6.256277561187744141e-01,9.746500849723815918e-01,-6.464089155197143555e-01
-1.154405355453491211e+00,-6.173992753028869629e-01,9.381027221679687500e-01,-6.216201186180114746e-01
-1.089668989181518555e+00,-6.116620302200317383e-01,9.045564532279968262e-01,-5.992518067359924316e-01
-1.028482675552368164e+00,-6.083729863166809082e-01,8.739232420921325684e-01,-5.792629122734069824e-01
-9.706107378005981445e-01,-6.073560714721679688e-01,8.459897041320800781e-01,-5.614811778068542480e-01
-9.158155322074890137e-01,-6.084067821502685547e-01,8.205207586288452148e-01,-5.457080602645874023e-01
-8.639265298843383789e-01,-6.114528775215148926e-01,7.974089384078979492e-01,-5.318719744682312012e-01
-8.147261738777160645e-01,-6.162846684455871582e-01,7.764231562614440918e-01,-5.197711586952209473e-01
-7.680149078369140625e-01,-6.227077841758728027e-01,7.573518753051757812e-01,-5.092200636863708496e-01
-7.236023545265197754e-01,-6.305219531059265137e-01,7.399828433990478516e-01,-5.000296831130981445e-01
-6.813490390777587891e-01,-6.396319866180419922e-01,7.242048382759094238e-01,-4.921115338802337646e-01
-6.410964727401733398e-01,-6.498696804046630859e-01,7.098435163497924805e-01,-4.853098988533020020e-01
-6.027143001556396484e-01,-6.611220836639404297e-01,6.967778801918029785e-01,-4.795210063457489014e-01
-5.660790801048278809e-01,-6.732732057571411133e-01,6.848869919776916504e-01,-4.746398627758026123e-01
-5.310736298561096191e-01,-6.862081885337829590e-01,6.740539073944091797e-01,-4.705630838871002197e-01
-4.975919723510742188e-01,-6.998223066329956055e-01,6.641736030578613281e-01,-4.671980142593383789e-01
-4.655350446701049805e-01,-7.140163183212280273e-01,6.551472544670104980e-01,-4.644566774368286133e-01
-4.348096251487731934e-01,-7.286923527717590332e-01,6.468797922134399414e-01,-4.622536897659301758e-01
-4.053315520286560059e-01,-7.437601089477539062e-01,6.392856836318969727e-01,-4.605119824409484863e-01
-3.770203590393066406e-01,-7.591310739517211914e-01,6.322810649871826172e-01,-4.591559469699859619e-01
-3.498056828975677490e-01,-7.747317552566528320e-01,6.257980465888977051e-01,-4.581241607666015625e-01
-3.236252665519714355e-01,-7.905070781707763672e-01,6.197844743728637695e-01,-4.573715031147003174e-01
-2.984152436256408691e-01,-8.063799142837524414e-01,6.141716837882995605e-01,-4.568347334861755371e-01
-2.741196453571319580e-01,-8.222891688346862793e-01,6.089054942131042480e-01,-4.564649164676666260e-01
-2.506852746009826660e-01,-8.381765484809875488e-01,6.039344072341918945e-01,-4.562157392501831055e-01
-2.280648648738861084e-01,-8.539948463439941406e-01,5.992161631584167480e-01,-4.560492634773254395e-01
-2.062131017446517944e-01,-8.696926236152648926e-01,5.947074294090270996e-01,-4.559263288974761963e-01
-1.850887835025787354e-01,-8.852235674858093262e-01,5.903694629669189453e-01,-4.558121263980865479e-01
-1.646541953086853027e-01,-9.005468487739562988e-01,5.861678719520568848e-01,-4.556762874126434326e-01
-1.448748409748077393e-01,-9.156360030174255371e-01,5.820795893669128418e-01,-4.554992914199829102e-01
-1.257184445858001709e-01,-9.304546713829040527e-01,5.780751705169677734e-01,-4.552554488182067871e-01
-1.071542873978614807e-01,-9.449729323387145996e-01,5.741302967071533203e-01,-4.549235999584197998e-01
-8.915527909994125366e-02,-9.591633677482604980e-01,5.702233910560607910e-01,-4.544857144355773926e-01
-7.169435918331146240e-02,-9.730029702186584473e-01,5.663346052169799805e-01,-4.539253413677215576e-01
-5.474744364619255066e-02,-9.864704012870788574e-01,5.624469518661499023e-01,-4.532283544540405273e-01
-3.829231858253479004e-02,-9.995466470718383789e-01,5.585455298423767090e-01,-4.523835778236389160e-01
-2.230837568640708923e-02,-1.012215018272399902e+00,5.546172261238098145e-01,-4.513809680938720703e-01
-6.775628775358200073e-03,-1.024460911750793457e+00,5.506501793861389160e-01,-4.502121806144714355e-01
8.324749767780303955e-03,-1.036270737648010254e+00,5.466325879096984863e-01,-4.488680660724639893e-01
2.300908416509628296e-02,-1.047634005546569824e+00,5.425562858581542969e-01,-4.473443627357482910e-01
3.729373216629028320e-02,-1.058540344238281250e+00,5.384132862091064453e-01,-4.456360340118408203e-01
5.119310319423675537e-02,-1.068981766700744629e+00,5.341969728469848633e-01,-4.437397122383117676e-01
6.472183018922805786e-02,-1.078955173492431641e+00,5.299027562141418457e-01,-4.416542351245880127e-01
7.789279520511627197e-02,-1.088453173637390137e+00,5.255255103111267090e-01,-4.393780827522277832e-01
9.071800112724304199e-02,-1.097473740577697754e+00,5.210623145103454590e-01,-4.369110465049743652e-01
1.032094806432723999e-01,-1.106013178825378418e+00,5.165095329284667969e-01,-4.342532753944396973e-01
1.153774932026863098e-01,-1.114073038101196289e+00,5.118668675422668457e-01,-4.314078688621520996e-01
1.272330284118652344e-01,-1.121652722358703613e+00,5.071324110031127930e-01,-4.283758401870727539e-01
1.387849301099777222e-01,-1.128754258155822754e+00,5.023068189620971680e-01,-4.251617193222045898e-01
1.500433683395385742e-01,-1.135380029678344727e+00,4.973894357681274414e-01,-4.217680692672729492e-01
1.610164046287536621e-01,-1.141532421112060547e+00,4.923811852931976318e-01,-4.181988537311553955e-01
1.717121601104736328e-01,-1.147215485572814941e+00,4.872829914093017578e-01,-4.144587218761444092e-01
1.821384429931640625e-01,-1.152434468269348145e+00,4.820969402790069580e-01,-4.105525016784667969e-01
1.923030465841293335e-01,-1.157194137573242188e+00,4.768247008323669434e-01,-4.064856171607971191e-01
2.022126615047454834e-01,-1.161501526832580566e+00,4.714690446853637695e-01,-4.022636413574218750e-01
2.118745744228363037e-01,-1.165360689163208008e+00,4.660309851169586182e-01,-3.978914022445678711e-01
2.212944924831390381e-01,-1.168779492378234863e+00,4.605141878128051758e-01,-3.933751881122589111e-01
2.304796874523162842e-01,-1.171764969825744629e+00,4.549208581447601318e-01,-3.887203931808471680e-01
2.394348829984664917e-01,-1.174324393272399902e+00,4.492546021938323975e-01,-3.839336335659027100e-01
2.481669783592224121e-01,-1.176465868949890137e+00,4.435182511806488037e-01,-3.790211379528045654e-01
2.566805183887481689e-01,-1.178196191787719727e+00,4.377148449420928955e-01,-3.739879727363586426e-01
2.649812102317810059e-01,-1.179524540901184082e+00,4.318477511405944824e-01,-3.688414692878723145e-01
2.730744183063507080e-01,-1.180458784103393555e+00,4.259200096130371094e-01,-3.635870218276977539e-01
2.809645533561706543e-01,-1.181007385253906250e+00,4.199351072311401367e-01,-3.582307398319244385e-01
2.886569499969482422e-01,-1.181179404258728027e+00,4.138967692852020264e-01,-3.527792692184448242e-01
2.961559593677520752e-01,-1.180983424186706543e+00,4.078081846237182617e-01,-3.472383022308349609e-01
3.034656643867492676e-01,-1.180428981781005859e+00,4.016735255718231201e-01,-3.416146636009216309e-01
3.105909526348114014e-01,-1.179524064064025879e+00,3.954953253269195557e-01,-3.359132111072540283e-01
3.175360858440399170e-01,-1.178278326988220215e+00,3.892774581909179688e-01,-3.301403224468231201e-01
3.243049383163452148e-01,-1.176700949668884277e+00,3.830234408378601074e-01,-3.243019580841064453e-01
3.309015333652496338e-01,-1.174800753593444824e+00,3.767367005348205566e-01,-3.184037506580352783e-01
3.373299837112426758e-01,-1.172586679458618164e+00,3.704200685024261475e-01,-3.124503791332244873e-01
3.435938060283660889e-01,-1.170065402984619141e+00,3.640758693218231201e-01,-3.064467310905456543e-01
3.496968746185302734e-01,-1.167247295379638672e+00,3.577080070972442627e-01,-3.003986477851867676e-01
3.556432425975799561e-01,-1.164140462875366211e+00,3.513189256191253662e-01,-2.943106293678283691e-01
3.614359498023986816e-01,-1.160754561424255371e+00,3.449122905731201172e-01,-2.881882786750793457e-01
3.670786917209625244e-01,-1.157097339630126953e+00,3.384904861450195312e-01,-2.820353507995605469e-01
3.725749850273132324e-01,-1.153177738189697266e+00,3.320563435554504395e-01,-2.758568227291107178e-01
3.779281973838806152e-01,-1.149003624916076660e+00,3.256124258041381836e-01,-2.696568667888641357e-01
3.831420242786407471e-01,-1.144583702087402344e+00,3.191612064838409424e-01,-2.634395956993103027e-01
3.882187604904174805e-01,-1.139925837516784668e+00,3.127061128616333008e-01,-2.572097778320312500e-01
3.931615054607391357e-01,-1.135038495063781738e+00,3.062497377395629883e-01,-2.509717047214508057e-01
3.979737162590026855e-01,-1.129929423332214355e+00,2.997940480709075928e-01,-2.447287738323211670e-01
4.026586413383483887e-01,-1.124606370925903320e+00,2.933411598205566406e-01,-2.384842485189437866e-01
4.072189927101135254e-01,-1.119077920913696289e+00,2.868939340114593506e-01,-2.322422266006469727e-01
4.116579294204711914e-01,-1.113350868225097656e+00,2.804540395736694336e-01,-2.260058522224426270e-01
4.159778952598571777e-01,-1.107433557510375977e+00,2.740240693092346191e-01,-2.197785377502441406e-01
4.201825261116027832e-01,-1.101332664489746094e+00,2.676055729389190674e-01,-2.135630548000335693e-01
4.242738783359527588e-01,-1.095055341720581055e+00,2.612003087997436523e-01,-2.073621749877929688e-01
4.282541871070861816e-01,-1.088604807853698730e+00,2.548089921474456787e-01,-2.011778354644775391e-01
4.321268498897552490e-01,-1.081989645957946777e+00,2.484333962202072144e-01,-1.950124800205230713e-01
4.358941912651062012e-01,-1.075217604637145996e+00,2.420759201049804688e-01,-1.888692677021026611e-01
4.395589232444763184e-01,-1.068294167518615723e+00,2.357376664876937866e-01,-1.827501654624938965e-01
4.431235790252685547e-01,-1.061226010322570801e+00,2.294201701879501343e-01,-1.766574978828430176e-01
4.465906620025634766e-01,-1.054019689559936523e+00,2.231247425079345703e-01,-1.705933809280395508e-01
4.499625563621520996e-01,-1.046680569648742676e+00,2.168525159358978271e-01,-1.645595431327819824e-01
4.532415568828582764e-01,-1.039214730262756348e+00,2.106048166751861572e-01,-1.585578024387359619e-01
4.564297199249267578e-01,-1.031626820564270020e+00,2.043826431035995483e-01,-1.525900065898895264e-01
4.595293998718261719e-01,-1.023922204971313477e+00,1.981869935989379883e-01,-1.466573774814605713e-01
4.625425934791564941e-01,-1.016107082366943359e+00,1.920191049575805664e-01,-1.407617628574371338e-01
4.654716849327087402e-01,-1.008185863494873047e+00,1.858797371387481689e-01,-1.349043548107147217e-01
4.683193564414978027e-01,-1.000163793563842773e+00,1.797692179679870605e-01,-1.290859282016754150e-01
4.710869789123535156e-01,-9.920461177825927734e-01,1.736888438463211060e-01,-1.233079433441162109e-01
4.737772643566131592e-01,-9.838379621505737305e-01,1.676393300294876099e-01,-1.175718605518341064e-01
4.763914942741394043e-01,-9.755432605743408203e-01,1.616212427616119385e-01,-1.118782460689544678e-01
4.789321720600128174e-01,-9.671670794486999512e-01,1.556352376937866211e-01,-1.062279045581817627e-01
4.814005792140960693e-01,-9.587123990058898926e-01,1.496821492910385132e-01,-1.006221771240234375e-01
4.837988615036010742e-01,-9.501847028732299805e-01,1.437624990940093994e-01,-9.506189823150634766e-02
4.861289858818054199e-01,-9.415874481201171875e-01,1.378762722015380859e-01,-8.954685926437377930e-02
4.883928894996643066e-01,-9.329252243041992188e-01,1.320244073867797852e-01,-8.407852053642272949e-02
4.905920624732971191e-01,-9.242022633552551270e-01,1.262075006961822510e-01,-7.865715026855468750e-02
4.927283823490142822e-01,-9.154217243194580078e-01,1.204254031181335449e-01,-7.328316569328308105e-02
4.948035776615142822e-01,-9.065881371498107910e-01,1.146791651844978333e-01,-6.795760989189147949e-02
4.968192577362060547e-01,-8.977047801017761230e-01,1.089686676859855652e-01,-6.268027424812316895e-02
4.987768232822418213e-01,-8.887744545936584473e-01,1.032941043376922607e-01,-5.745136737823486328e-02
5.006778836250305176e-01,-8.798000812530517578e-01,9.765557199716567993e-02,-5.227121710777282715e-02
5.025237798690795898e-01,-8.707851171493530273e-01,9.205342084169387817e-02,-4.714000225067138672e-02
5.043166875839233398e-01,-8.617339134216308594e-01,8.648806065320968628e-02,-4.205822944641113281e-02
5.060576200485229492e-01,-8.526485562324523926e-01,8.095943182706832886e-02,-3.702566027641296387e-02
5.077480077743530273e-01,-8.435333967208862305e-01,7.546819746494293213e-02,-3.204312920570373535e-02
5.093893408775329590e-01,-8.343896865844726562e-01,7.001371681690216064e-02,-2.710968255996704102e-02
5.109833478927612305e-01,-8.252220153808593750e-01,6.459672749042510986e-02,-2.222627401351928711e-02
5.125307440757751465e-01,-8.160321712493896484e-01,5.921716243028640747e-02,-1.739242672920227051e-02
5.140328407287597656e-01,-8.068211078643798828e-01,5.387438088655471802e-02,-1.260754466056823730e-02
5.154911279678344727e-01,-7.975929379463195801e-01,4.856908321380615234e-02,-7.872432470321655273e-03
5.169069766998291016e-01,-7.883501052856445312e-01,4.330085963010787964e-02,-3.186076879501342773e-03
5.182814002037048340e-01,-7.790946364402770996e-01,3.806994855403900146e-02,1.450926065444946289e-03
5.196157693862915039e-01,-7.698293328285217285e-01,3.287632018327713013e-02,6.038933992385864258e-03
5.209111571311950684e-01,-7.605561614036560059e-01,2.771977335214614868e-02,1.057845354080200195e-02
5.221684575080871582e-01,-7.512776851654052734e-01,2.260068804025650024e-02,1.506891846656799316e-02
5.233893394470214844e-01,-7.419958114624023438e-01,1.751825213432312012e-02,1.951178908348083496e-02
5.245741605758666992e-01,-7.327126860618591309e-01,1.247329264879226685e-02,2.390602231025695801e-02
5.257244110107421875e-01,-7.234290242195129395e-01,7.464833557605743408e-03,2.825284004211425781e-02
5.268408656120300293e-01,-7.141474485397338867e-01,2.493053674697875977e-03,3.255239129066467285e-02
5.279245376586914062e-01,-7.048701047897338867e-01,-2.441942691802978516e-03,3.680458664894104004e-02
5.289766788482666016e-01,-6.955990791320800781e-01,-7.340498268604278564e-03,4.101002216339111328e-02
5.299979448318481445e-01,-6.863354444503784180e-01,-1.220256835222244263e-02,4.516886174678802490e-02
5.309893488883972168e-01,-6.770810484886169434e-01,-1.702859997749328613e-02,4.928164184093475342e-02
5.319517254829406738e-01,-6.678380370140075684e-01,-2.181828767061233521e-02,5.334857106208801270e-02
5.328861474990844727e-01,-6.586076021194458008e-01,-2.657203376293182373e-02,5.737002193927764893e-02
5.337929725646972656e-01,-6.493903398513793945e-01,-3.129009157419204712e-02,6.134651601314544678e-02
5.346732139587402344e-01,-6.401882767677307129e-01,-3.597264736890792847e-02,6.527817249298095703e-02
5.355277061462402344e-01,-6.310033798217773438e-01,-4.061941802501678467e-02,6.916543841361999512e-02
5.363572835922241211e-01,-6.218360066413879395e-01,-4.523130506277084351e-02,7.300905883312225342e-02
5.371628403663635254e-01,-6.126883029937744141e-01,-4.980801790952682495e-02,7.680913805961608887e-02
5.379447340965270996e-01,-6.035618185997009277e-01,-5.434951931238174438e-02,8.056555688381195068e-02
5.387039780616760254e-01,-5.944567322731018066e-01,-5.885653197765350342e-02,8.427970111370086670e-02
5.394412279129028320e-01,-5.853751897811889648e-01,-6.332879513502120972e-02,8.795130252838134766e-02
5.401570796966552734e-01,-5.763176679611206055e-01,-6.776665151119232178e-02,9.158085286617279053e-02
5.408520698547363281e-01,-5.672848820686340332e-01,-7.217072695493698120e-02,9.516930580139160156e-02
5.415265560150146484e-01,-5.582783818244934082e-01,-7.654057443141937256e-02,9.871654212474822998e-02
5.421819090843200684e-01,-5.492991805076599121e-01,-8.087667077779769897e-02,1.022228598594665527e-01
5.428183078765869141e-01,-5.403482317924499512e-01,-8.517935872077941895e-02,1.056890487670898438e-01
5.434362292289733887e-01,-5.314263105392456055e-01,-8.944857120513916016e-02,1.091153472661972046e-01
5.440366864204406738e-01,-5.225348472595214844e-01,-9.368464350700378418e-02,1.125021129846572876e-01
5.446195602416992188e-01,-5.136742591857910156e-01,-9.788760542869567871e-02,1.158500015735626221e-01
5.451859235763549805e-01,-5.048457980155944824e-01,-1.020577996969223022e-01,1.191590726375579834e-01
5.457359552383422852e-01,-4.960491657257080078e-01,-1.061956360936164856e-01,1.224300414323806763e-01
5.462703108787536621e-01,-4.872856736183166504e-01,-1.103012785315513611e-01,1.256635785102844238e-01
5.467892885208129883e-01,-4.785565435886383057e-01,-1.143744364380836487e-01,1.288592517375946045e-01
5.472936630249023438e-01,-4.698614478111267090e-01,-1.184162124991416931e-01,1.320185363292694092e-01
5.477837324142456055e-01,-4.612024724483489990e-01,-1.224258542060852051e-01,1.351408660411834717e-01
5.482597947120666504e-01,-4.525793194770812988e-01,-1.264040321111679077e-01,1.382272243499755859e-01
5.487227439880371094e-01,-4.439925849437713623e-01,-1.303512156009674072e-01,1.412779837846755981e-01
5.491724014282226562e-01,-4.354435801506042480e-01,-1.342670023441314697e-01,1.442932486534118652e-01
5.496094226837158203e-01,-4.269320666790008545e-01,-1.381520032882690430e-01,1.472737193107604980e-01
5.500344634056091309e-01,-4.184584021568298340e-01,-1.420067250728607178e-01,1.502199918031692505e-01
5.504473447799682617e-01,-4.100238680839538574e-01,-1.458304822444915771e-01,1.531315445899963379e-01
5.508489012718200684e-01,-4.016287326812744141e-01,-1.496241390705108643e-01,1.560097634792327881e-01
5.512393712997436523e-01,-3.932726979255676270e-01,-1.533881425857543945e-01,1.588547527790069580e-01
5.516189336776733398e-01,-3.849572539329528809e-01,-1.571220159530639648e-01,1.616667062044143677e-01
5.519881248474121094e-01,-3.766825795173645020e-01,-1.608261913061141968e-01,1.644459664821624756e-01
5.523472428321838379e-01,-3.684491813182830811e-01,-1.645009219646453857e-01,1.671931147575378418e-01
5.526965856552124023e-01,-3.602569997310638428e-01,-1.681464612483978271e-01,1.699084192514419556e-01
5.530360937118530273e-01,-3.521063327789306641e-01,-1.717630326747894287e-01,1.725924760103225708e-01
5.533664822578430176e-01,-3.439976871013641357e-01,-1.753506958484649658e-01,1.752453744411468506e-01
5.536879301071166992e-01,-3.359314501285552979e-01,-1.789097487926483154e-01,1.778674423694610596e-01
5.540006160736083984e-01,-3.279083371162414551e-01,-1.824401021003723145e-01,1.804589480161666870e-01
5.543050765991210938e-01,-3.199279308319091797e-01,-1.859424710273742676e-01,1.830208003520965576e-01
5.546014904975891113e-01,-3.119904398918151855e-01,-1.894171088933944702e-01,1.855533719062805176e-01
5.548896789550781250e-01,-3.040969967842102051e-01,-1.928633004426956177e-01,1.880558580160140991e-01
5.551704168319702148e-01,-2.962472438812255859e-01,-1.962820589542388916e-01,1.905298531055450439e-01
5.554435849189758301e-01,-2.884414494037628174e-01,-1.996732205152511597e-01,1.929750889539718628e-01
5.557094216346740723e-01,-2.806795239448547363e-01,-2.030371427536010742e-01,1.953921467065811157e-01
5.559684634208679199e-01,-2.729620933532714844e-01,-2.063740044832229614e-01,1.977811902761459351e-01
5.562207102775573730e-01,-2.652890384197235107e-01,-2.096840143203735352e-01,2.001425474882125854e-01
5.564664006233215332e-01,-2.576608657836914062e-01,-2.129671871662139893e-01,2.024766653776168823e-01
5.567055940628051758e-01,-2.500771582126617432e-01,-2.162239551544189453e-01,2.047841250896453857e-01
5.569384694099426270e-01,-2.425385713577270508e-01,-2.194541692733764648e-01,2.070644795894622803e-01
5.571655035018920898e-01,-2.350453436374664307e-01,-2.226581871509552002e-01,2.093186080455780029e-01
5.573865175247192383e-01,-2.275972068309783936e-01,-2.258361726999282837e-01,2.115466445684432983e-01
5.576020479202270508e-01,-2.201939821243286133e-01,-2.289885580539703369e-01,2.137492597103118896e-01
5.578119158744812012e-01,-2.128362953662872314e-01,-2.321150004863739014e-01,2.159259617328643799e-01
5.580165982246398926e-01,-2.055238038301467896e-01,-2.352162599563598633e-01,2.180779725313186646e-01
5.582159161567687988e-01,-1.982567608356475830e-01,-2.382920980453491211e-01,2.202050536870956421e-01
5.584102869033813477e-01,-1.910351216793060303e-01,-2.413429617881774902e-01,2.223076224327087402e-01
5.585996508598327637e-01,-1.838591694831848145e-01,-2.443687617778778076e-01,2.243858277797698975e-01
5.587844252586364746e-01,-1.767286807298660278e-01,-2.473699301481246948e-01,2.264401763677597046e-01
5.589642524719238281e-01,-1.696441024541854858e-01,-2.503462135791778564e-01,2.284706085920333862e-01
5.591397285461425781e-01,-1.626046299934387207e-01,-2.532983124256134033e-01,2.304777652025222778e-01
5.593108534812927246e-01,-1.556109637022018433e-01,-2.562260329723358154e-01,2.324618399143218994e-01
5.594777464866638184e-01,-1.486625820398330688e-01,-2.591299116611480713e-01,2.344230860471725464e-01
5.596404671669006348e-01,-1.417598873376846313e-01,-2.620096206665039062e-01,2.363613992929458618e-01
5.597990751266479492e-01,-1.349027156829833984e-01,-2.648655772209167480e-01,2.382774800062179565e-01
5.599535703659057617e-01,-1.280909329652786255e-01,-2.676979899406433105e-01,2.401717007160186768e-01
5.601043701171875000e-01,-1.213244199752807617e-01,-2.705070376396179199e-01,2.420440763235092163e-01
5.602515339851379395e-01,-1.146036759018898010e-01,-2.732926905155181885e-01,2.438943833112716675e-01
5.603950023651123047e-01,-1.079279631376266479e-01,-2.760553956031799316e-01,2.457238435745239258e-01
5.605350136756896973e-01,-1.012973338365554810e-01,-2.787952423095703125e-01,2.475321739912033081e-01
5.606712698936462402e-01,-9.471176564693450928e-02,-2.815120816230773926e-01,2.493194639682769775e-01
5.608043074607849121e-01,-8.817128837108612061e-02,-2.842064499855041504e-01,2.510863542556762695e-01
5.609340667724609375e-01,-8.167554438114166260e-02,-2.868784368038177490e-01,2.528327107429504395e-01
5.610607862472534180e-01,-7.522477209568023682e-02,-2.895281910896301270e-01,2.545591592788696289e-01
5.611839294433593750e-01,-6.881855428218841553e-02,-2.921557128429412842e-01,2.562655210494995117e-01
5.613043308258056641e-01,-6.245693936944007874e-02,-2.947612404823303223e-01,2.579521834850311279e-01
5.614216327667236328e-01,-5.613983795046806335e-02,-2.973449826240539551e-01,2.596195340156555176e-01
5.615360140800476074e-01,-4.986701533198356628e-02,-2.999070882797241211e-01,2.612675726413726807e-01
5.616473555564880371e-01,-4.363855347037315369e-02,-3.024474978446960449e-01,2.628965973854064941e-01
5.617561936378479004e-01,-3.745394945144653320e-02,-3.049668073654174805e-01,2.645068466663360596e-01
5.618620514869689941e-01,-3.131336718797683716e-02,-3.074647188186645508e-01,2.660982906818389893e-01
5.619652271270751953e-01,-2.521666139364242554e-02,-3.099415004253387451e-01,2.676715552806854248e-01
5.620658993721008301e-01,-1.916346326470375061e-02,-3.123976588249206543e-01,2.692267298698425293e-01
5.621637701988220215e-01,-1.315386220812797546e-02,-3.148327469825744629e-01,2.707636952400207520e-01
5.622593164443969727e-01,-7.187746465206146240e-03,-3.172473311424255371e-01,2.722831666469573975e-01
5.623521208763122559e-01,-1.264747232198715210e-03,-3.196413516998291016e-01,2.737847566604614258e-01
5.624428987503051758e-01,4.615340381860733032e-03,-3.220152258872985840e-01,2.752692103385925293e-01
5.625308752059936523e-01,1.045214757323265076e-02,-3.243687450885772705e-01,2.767364382743835449e-01
5.626169443130493164e-01,1.624629646539688110e-02,-3.267022371292114258e-01,2.781865894794464111e-01
5.627004504203796387e-01,2.199805155396461487e-02,-3.290159404277801514e-01,2.796202898025512695e-01
5.627818107604980469e-01,2.770692110061645508e-02,-3.313096165657043457e-01,2.810370326042175293e-01
5.628610253334045410e-01,3.337358310818672180e-02,-3.335838019847869873e-01,2.824373543262481689e-01
5.629381537437438965e-01,3.899833187460899353e-02,-3.358386158943176270e-01,2.838216423988342285e-01
5.630129575729370117e-01,4.458063095808029175e-02,-3.380737602710723877e-01,2.851895391941070557e-01
5.630857944488525391e-01,5.012110993266105652e-02,-3.402896523475646973e-01,2.865416705608367920e-01
5.631566047668457031e-01,5.561993643641471863e-02,-3.424866199493408203e-01,2.878782749176025391e-01
5.632255077362060547e-01,6.107679381966590881e-02,-3.446643352508544922e-01,2.891991138458251953e-01
5.632923841476440430e-01,6.649217754602432251e-02,-3.468231260776519775e-01,2.905043959617614746e-01
5.633574128150939941e-01,7.186619937419891357e-02,-3.489632904529571533e-01,2.917946577072143555e-01
5.634206533432006836e-01,7.719889283180236816e-02,-3.510847687721252441e-01,2.930697798728942871e-01
5.634820461273193359e-01,8.249019086360931396e-02,-3.531875014305114746e-01,2.943297624588012695e-01
5.635414123535156250e-01,8.774147182703018188e-02,-3.552721738815307617e-01,2.955752611160278320e-01
5.635988712310791016e-01,9.295406937599182129e-02,-3.573389351367950439e-01,2.968062758445739746e-01
5.636543035507202148e-01,9.812660515308380127e-02,-3.593877851963043213e-01,2.980230450630187988e-01
5.637081265449523926e-01,1.032590493559837341e-01,-3.614185154438018799e-01,2.992253303527832031e-01
5.637599229812622070e-01,1.083521395921707153e-01,-3.634315133094787598e-01,3.004136383533477783e-01
5.638101100921630859e-01,1.134055480360984802e-01,-3.654269874095916748e-01,3.015880584716796875e-01
5.638585090637207031e-01,1.184197366237640381e-01,-3.674047887325286865e-01,3.027486205101013184e-01
5.639052987098693848e-01,1.233952045440673828e-01,-3.693654239177703857e-01,3.038958013057708740e-01
5.639504194259643555e-01,1.283316910266876221e-01,-3.713085353374481201e-01,3.050291538238525391e-01
5.639937520027160645e-01,1.332291960716247559e-01,-3.732345402240753174e-01,3.061494529247283936e-01
5.640355348587036133e-01,1.380884945392608643e-01,-3.751434981822967529e-01,3.072561919689178467e-01
5.640755295753479004e-01,1.429094672203063965e-01,-3.770355284214019775e-01,3.083501458168029785e-01
5.641141533851623535e-01,1.476925611495971680e-01,-3.789108693599700928e-01,3.094310760498046875e-01
5.641508698463439941e-01,1.524375975131988525e-01,-3.807692527770996094e-01,3.104991614818572998e-01
5.641860961914062500e-01,1.571451127529144287e-01,-3.826112151145935059e-01,3.115546405315399170e-01
5.642198324203491211e-01,1.618150770664215088e-01,-3.844367861747741699e-01,3.125976920127868652e-01
5.642519593238830566e-01,1.664485484361648560e-01,-3.862461447715759277e-01,3.136283755302429199e-01
5.642824172973632812e-01,1.710449755191802979e-01,-3.880392909049987793e-01,3.146468102931976318e-01
5.643114447593688965e-01,1.756048053503036499e-01,-3.898164033889770508e-01,3.156531751155853271e-01
5.643389225006103516e-01,1.801279783248901367e-01,-3.915774226188659668e-01,3.166473507881164551e-01
5.643647909164428711e-01,1.846151053905487061e-01,-3.933227956295013428e-01,3.176299333572387695e-01
5.643891096115112305e-01,1.890659928321838379e-01,-3.950522243976593018e-01,3.186005353927612305e-01
5.644119381904602051e-01,1.934812217950820923e-01,-3.967661261558532715e-01,3.195596933364868164e-01
5.644335746765136719e-01,1.978606879711151123e-01,-3.984646201133728027e-01,3.205073475837707520e-01
5.644534826278686523e-01,2.022047340869903564e-01,-4.001476764678955078e-01,3.214436173439025879e-01
5.644721984863281250e-01,2.065136134624481201e-01,-4.018154740333557129e-01,3.223686218261718750e-01
5.644890666007995605e-01,2.107872664928436279e-01,-4.034679532051086426e-01,3.232824802398681641e-01
5.645047426223754883e-01,2.150263935327529907e-01,-4.051055908203125000e-01,3.241854906082153320e-01
5.645189285278320312e-01,2.192307710647583008e-01,-4.067281484603881836e-01,3.250774145126342773e-01
5.645315647125244141e-01,2.234003543853759766e-01,-4.083355367183685303e-01,3.259583711624145508e-01
5.645431280136108398e-01,2.275359183549880981e-01,-4.099285602569580078e-01,3.268288969993591309e-01
5.645530223846435547e-01,2.316383570432662964e-01,-4.115070998668670654e-01,3.276889622211456299e-01
5.645616054534912109e-01,2.357071936130523682e-01,-4.130712151527404785e-01,3.285387456417083740e-01
5.645684599876403809e-01,2.397429347038269043e-01,-4.146207869052886963e-01,3.293779492378234863e-01
5.645740628242492676e-01,2.437455058097839355e-01,-4.161562025547027588e-01,3.302070498466491699e-01
5.645784139633178711e-01,2.477155327796936035e-01,-4.176777899265289307e-01,3.310263156890869141e-01
5.645811557769775391e-01,2.516524493694305420e-01,-4.191848635673522949e-01,3.318350315093994141e-01
5.645827054977416992e-01,2.555569112300872803e-01,-4.206780791282653809e-01,3.326340317726135254e-01
5.645825862884521484e-01,2.594292163848876953e-01,-4.221575558185577393e-01,3.334233760833740234e-01
5.645813941955566406e-01,2.632696032524108887e-01,-4.236234426498413086e-01,3.342031836509704590e-01
5.645785331726074219e-01,2.670779228210449219e-01,-4.250753819942474365e-01,3.349731564521789551e-01
5.645744204521179199e-01,2.708547115325927734e-01,-4.265139698982238770e-01,3.357336223125457764e-01
5.645692348480224609e-01,2.746001780033111572e-01,-4.279391765594482422e-01,3.364848196506500244e-01
5.645621418952941895e-01,2.783145308494567871e-01,-4.293509125709533691e-01,3.372267484664916992e-01
5.645540356636047363e-01,2.819977402687072754e-01,-4.307494163513183594e-01,3.379592895507812500e-01
5.645447373390197754e-01,2.856503725051879883e-01,-4.321351349353790283e-01,3.386830091476440430e-01
5.645338892936706543e-01,2.892723977565765381e-01,-4.335075020790100098e-01,3.393976092338562012e-01
5.645216107368469238e-01,2.928642928600311279e-01,-4.348669946193695068e-01,3.401032090187072754e-01
5.645081400871276855e-01,2.964264154434204102e-01,-4.362139105796813965e-01,3.408002853393554688e-01
5.644931793212890625e-01,2.999585270881652832e-01,-4.375479817390441895e-01,3.414884209632873535e-01
5.644769072532653809e-01,3.034611642360687256e-01,-4.388694763183593750e-01,3.421679735183715820e-01
5.644593834877014160e-01,3.069341778755187988e-01,-4.401783645153045654e-01,3.428390026092529297e-01
5.644404888153076172e-01,3.103781342506408691e-01,-4.414748847484588623e-01,3.435016274452209473e-01
5.644204020500183105e-01,3.137930333614349365e-01,-4.427592158317565918e-01,3.441559374332427979e-01
5.643987059593200684e-01,3.171789348125457764e-01,-4.440310001373291016e-01,3.448017239570617676e-01
5.643759369850158691e-01,3.205365538597106934e-01,-4.452909827232360840e-01,3.454396724700927734e-01
5.643519163131713867e-01,3.238657414913177490e-01,-4.465387761592864990e-01,3.460693955421447754e-01
5.643265247344970703e-01,3.271664381027221680e-01,-4.477744996547698975e-01,3.466908931732177734e-01
5.642995834350585938e-01,3.304393589496612549e-01,-4.489984214305877686e-01,3.473046422004699707e-01
5.642716884613037109e-01,3.336845338344573975e-01,-4.502106904983520508e-01,3.479104638099670410e-01
5.642423033714294434e-01,3.369018733501434326e-01,-4.514111280441284180e-01,3.485085964202880859e-01
5.642117857933044434e-01,3.400918245315551758e-01,-4.525999724864959717e-01,3.490988910198211670e-01
5.641796588897705078e-01,3.432549834251403809e-01,-4.537773728370666504e-01,3.496816158294677734e-01
5.641466379165649414e-01,3.463913202285766602e-01,-4.549435973167419434e-01,3.502571582794189453e-01
5.641120672225952148e-01,3.495009541511535645e-01,-4.560983777046203613e-01,3.508250117301940918e-01
5.640763044357299805e-01,3.525841236114501953e-01,-4.572420120239257812e-01,3.513855338096618652e-01
5.640390515327453613e-01,3.556407094001770020e-01,-4.583742916584014893e-01,3.519385755062103271e-01
5.640007257461547852e-01,3.586713671684265137e-01,-4.594956636428833008e-01,3.524844646453857422e-01
5.639610290527343750e-01,3.616759777069091797e-01,-4.606060385704040527e-01,3.530231714248657227e-01
5.639201402664184570e-01,3.646548390388488770e-01,-4.617056846618652344e-01,3.535550236701965332e-01
5.638779997825622559e-01,3.676077723503112793e-01,-4.627941846847534180e-01,3.540796637535095215e-01
5.638346076011657715e-01,3.705358505249023438e-01,-4.638723731040954590e-01,3.545975387096405029e-01
5.637899041175842285e-01,3.734384477138519287e-01,-4.649397432804107666e-01,3.551083803176879883e-01
5.637441277503967285e-01,3.763160109519958496e-01,-4.659967124462127686e-01,3.556126356124877930e-01
5.636967420578002930e-01,3.791688382625579834e-01,-4.670429825782775879e-01,3.561099171638488770e-01
5.636483430862426758e-01,3.819967508316040039e-01,-4.680789411067962646e-01,3.566005229949951172e-01
5.635986924171447754e-01,3.848003745079040527e-01,-4.691047370433807373e-01,3.570848703384399414e-01
5.635476112365722656e-01,3.875800669193267822e-01,-4.701201915740966797e-01,3.575624823570251465e-01
5.634955763816833496e-01,3.903355896472930908e-01,-4.711256623268127441e-01,3.580337762832641602e-01
5.634420514106750488e-01,3.930671215057373047e-01,-4.721209108829498291e-01,3.584984540939331055e-01
5.633874535560607910e-01,3.957753181457519531e-01,-4.731064736843109131e-01,3.589571118354797363e-01
5.633314847946166992e-01,3.984599113464355469e-01,-4.740820229053497314e-01,3.594094514846801758e-01
5.632743239402770996e-01,4.011212587356567383e-01,-4.750477969646453857e-01,3.598555326461791992e-01
5.632160902023315430e-01,4.037593007087707520e-01,-4.760037958621978760e-01,3.602955341339111328e-01
5.631562471389770508e-01,4.063743650913238525e-01,-4.769501388072967529e-01,3.607295751571655273e-01
5.630956888198852539e-01,4.089667201042175293e-01,-4.778870046138763428e-01,3.611574769020080566e-01
5.630335211753845215e-01,4.115363359451293945e-01,-4.788141548633575439e-01,3.615793585777282715e-01
5.629703402519226074e-01,4.140836596488952637e-01,-4.797321259975433350e-01,3.619956374168395996e-01
5.629059076309204102e-01,4.166084527969360352e-01,-4.806405603885650635e-01,3.624058961868286133e-01
5.628402233123779297e-01,4.191114306449890137e-01,-4.815398454666137695e-01,3.628104925155639648e-01
5.627734065055847168e-01,4.215922653675079346e-01,-4.824298024177551270e-01,3.632093667984008789e-01
5.627053976058959961e-01,4.240512549877166748e-01,-4.833106398582458496e-01,3.636025488376617432e-01
5.626362562179565430e-01,4.264886081218719482e-01,-4.841824173927307129e-01,3.639901280403137207e-01
5.625658035278320312e-01,4.289052784442901611e-01,-4.850455224514007568e-01,3.643724322319030762e-01
5.624939203262329102e-01,4.313001632690429688e-01,-4.858992695808410645e-01,3.647489249706268311e-01
5.624214410781860352e-01,4.336741566658020020e-01,-4.867445826530456543e-01,3.651202917098999023e-01
5.623471736907958984e-01,4.360272884368896484e-01,-4.875808954238891602e-01,3.654861450195312500e-01
5.622720122337341309e-01,4.383594989776611328e-01,-4.884085059165954590e-01,3.658467233180999756e-01
5.621955394744873047e-01,4.406713247299194336e-01,-4.892277121543884277e-01,3.662021756172180176e-01
5.621180534362792969e-01,4.429627358913421631e-01,-4.900382161140441895e-01,3.665522336959838867e-01
5.620394945144653320e-01,4.452338516712188721e-01,-4.908403754234313965e-01,3.668974041938781738e-01
5.619596242904663086e-01,4.474849402904510498e-01,-4.916340112686157227e-01,3.672374486923217773e-01
5.618785023689270020e-01,4.497162699699401855e-01,-4.924193024635314941e-01,3.675721585750579834e-01
5.617963671684265137e-01,4.519273340702056885e-01,-4.931963086128234863e-01,3.679021596908569336e-01
5.617129802703857422e-01,4.541193842887878418e-01,-4.939652979373931885e-01,3.682273626327514648e-01
5.616284012794494629e-01,4.562915861606597900e-01,-4.947258234024047852e-01,3.685473203659057617e-01
5.615429878234863281e-01,4.584444165229797363e-01,-4.954785108566284180e-01,3.688626289367675781e-01
5.614560842514038086e-01,4.605781733989715576e-01,-4.962230920791625977e-01,3.691732585430145264e-01
5.613681077957153320e-01,4.626933634281158447e-01,-4.969597458839416504e-01,3.694789409637451172e-01
5.612789988517761230e-01,4.647890329360961914e-01,-4.976883530616760254e-01,3.697800040245056152e-01
5.611889362335205078e-01,4.668665528297424316e-01,-4.984095394611358643e-01,3.700765967369079590e-01
5.610975623130798340e-01,4.689254462718963623e-01,-4.991226792335510254e-01,3.703683018684387207e-01
5.610051155090332031e-01,4.709658622741699219e-01,-4.998282194137573242e-01,3.706556856632232666e-01
5.609115362167358398e-01,4.729882180690765381e-01,-5.005261898040771484e-01,3.709384202957153320e-01
5.608167052268981934e-01,4.749926328659057617e-01,-5.012167096138000488e-01,3.712170124053955078e-01
5.607210397720336914e-01,4.769788384437561035e-01,-5.018996596336364746e-01,3.714910745620727539e-01
5.606241822242736816e-01,4.789474308490753174e-01,-5.025751590728759766e-01,3.717607855796813965e-01
5.605260133743286133e-01,4.808982014656066895e-01,-5.032431483268737793e-01,3.720259964466094971e-01
5.604267716407775879e-01,4.828316271305084229e-01,-5.039039254188537598e-01,3.722871541976928711e-01
5.603265762329101562e-01,4.847478568553924561e-01,-5.045576095581054688e-01,3.725439608097076416e-01
5.602252483367919922e-01,4.866464734077453613e-01,-5.052039027214050293e-01,3.727965354919433594e-01
5.601227879524230957e-01,4.885281324386596680e-01,-5.058430433273315430e-01,3.730450272560119629e-01
5.600191354751586914e-01,4.903930425643920898e-01,-5.064752697944641113e-01,3.732894659042358398e-01
5.599147677421569824e-01,4.922412931919097900e-01,-5.071005821228027344e-01,3.735299706459045410e-01
5.598090291023254395e-01,4.940727651119232178e-01,-5.077188014984130859e-01,3.737663328647613525e-01
5.597022175788879395e-01,4.958877563476562500e-01,-5.083301067352294922e-01,3.739986419677734375e-01
5.595943927764892578e-01,4.976862370967864990e-01,-5.089346170425415039e-01,3.742272257804870605e-01
5.594854950904846191e-01,4.994685649871826172e-01,-5.095323324203491211e-01,3.744517564773559570e-01
5.593756437301635742e-01,5.012348294258117676e-01,-5.101234316825866699e-01,3.746725320816040039e-01
5.592644810676574707e-01,5.029851198196411133e-01,-5.107077360153198242e-01,3.748894929885864258e-01
5.591524839401245117e-01,5.047194361686706543e-01,-5.112854242324829102e-01,3.751025497913360596e-01
5.590392351150512695e-01,5.064384341239929199e-01,-5.118566751480102539e-01,3.753120601177215576e-01
5.589252710342407227e-01,5.081415176391601562e-01,-5.124216079711914062e-01,3.755178451538085938e-01
5.588099360466003418e-01,5.098292827606201172e-01,-5.129797458648681641e-01,3.757198154926300049e-01
5.586936473846435547e-01,5.115015506744384766e-01,-5.135315656661987305e-01,3.759183585643768311e-01
5.585764050483703613e-01,5.131589174270629883e-01,-5.140773057937622070e-01,3.761133551597595215e-01
5.584581494331359863e-01,5.148011445999145508e-01,-5.146166086196899414e-01,3.763046860694885254e-01
5.583387017250061035e-01,5.164281129837036133e-01,-5.151494741439819336e-01,3.764923512935638428e-01
5.582182407379150391e-01,5.180408358573913574e-01,-5.156764984130859375e-01,3.766767978668212891e-01
5.580968856811523438e-01,5.196385383605957031e-01,-5.161972045898437500e-01,3.768577575683593750e-01
5.579746365547180176e-01,5.212214589118957520e-01,-5.167118906974792480e-01,3.770352005958557129e-01
5.578511357307434082e-01,5.227904319763183594e-01,-5.172206163406372070e-01,3.772094249725341797e-01
5.577265024185180664e-01,5.243448019027709961e-01,-5.177232027053833008e-01,3.773800730705261230e-01
5.576012730598449707e-01,5.258849263191223145e-01,-5.182199478149414062e-01,3.775476813316345215e-01
5.574747920036315918e-01,5.274112224578857422e-01,-5.187110900878906250e-01,3.777120411396026611e-01
5.573474168777465820e-01,5.289232134819030762e-01,-5.191960930824279785e-01,3.778729438781738281e-01
5.572190284729003906e-01,5.304213762283325195e-01,-5.196754336357116699e-01,3.780309557914733887e-01
5.570896267890930176e-01,5.319061279296875000e-01,-5.201491117477416992e-01,3.781855106353759766e-01
5.569591522216796875e-01,5.333769917488098145e-01,-5.206170082092285156e-01,3.783369660377502441e-01
5.568277835845947266e-01,5.348343253135681152e-01,-5.210791826248168945e-01,3.784852921962738037e-01
5.566955208778381348e-01,5.362782478332519531e-01,-5.215359926223754883e-01,3.786306977272033691e-01
5.565622448921203613e-01,5.377092361450195312e-01,-5.219871997833251953e-01,3.787730336189270020e-01
5.564279556274414062e-01,5.391266345977783203e-01,-5.224329233169555664e-01,3.789123296737670898e-01
5.562927722930908203e-01,5.405312776565551758e-01,-5.228732824325561523e-01,3.790486454963684082e-01
5.561566352844238281e-01,5.419228672981262207e-01,-5.233082771301269531e-01,3.791821599006652832e-01
5.560195446014404297e-01,5.433015227317810059e-01,-5.237379670143127441e-01,3.793127536773681641e-01
5.558815598487854004e-01,5.446677207946777344e-01,-5.241622328758239746e-01,3.794403672218322754e-01
5.557425022125244141e-01,5.460213422775268555e-01,-5.245812535285949707e-01,3.795650005340576172e-01
5.556025505065917969e-01,5.473622083663940430e-01,-5.249950885772705078e-01,3.796868920326232910e-01
5.554618835449218750e-01,5.486909151077270508e-01,-5.254039764404296875e-01,3.798061609268188477e-01
5.553199648857116699e-01,5.500069856643676758e-01,-5.258074402809143066e-01,3.799223005771636963e-01
5.551772713661193848e-01,5.513111352920532227e-01,-5.262060165405273438e-01,3.800360858440399170e-01
5.550336837768554688e-01,5.526030659675598145e-01,-5.265995264053344727e-01,3.801469802856445312e-01
5.548893213272094727e-01,5.538831353187561035e-01,-5.269882082939147949e-01,3.802552521228790283e-01
5.547437071800231934e-01,5.551512837409973145e-01,-5.273718237876892090e-01,3.803610205650329590e-01
5.545974373817443848e-01,5.564075708389282227e-01,-5.277505517005920410e-01,3.804638385772705078e-01
5.544502139091491699e-01,5.576519966125488281e-01,-5.281241536140441895e-01,3.805639743804931641e-01
5.543022751808166504e-01,5.588850975036621094e-01,-5.284934043884277344e-01,3.806619644165039062e-01
5.541530847549438477e-01,5.601064562797546387e-01,-5.288575887680053711e-01,3.807572126388549805e-01
5.540033578872680664e-01,5.613164901733398438e-01,-5.292171239852905273e-01,3.808497488498687744e-01
5.538524389266967773e-01,5.625152587890625000e-01,-5.295718908309936523e-01,3.809400796890258789e-01
5.537007451057434082e-01,5.637025237083435059e-01,-5.299218297004699707e-01,3.810276091098785400e-01
5.535483956336975098e-01,5.648790597915649414e-01,-5.302675962448120117e-01,3.811129629611968994e-01
5.533949732780456543e-01,5.660443305969238281e-01,-5.306085944175720215e-01,3.811958730220794678e-01
5.532407760620117188e-01,5.671986937522888184e-01,-5.309450030326843262e-01,3.812763094902038574e-01
5.530858039855957031e-01,5.683420896530151367e-01,-5.312768816947937012e-01,3.813544213771820068e-01
5.529297590255737305e-01,5.694748759269714355e-01,-5.316044092178344727e-01,3.814302086830139160e-01
5.527729988098144531e-01,5.705969929695129395e-01,-5.319275856018066406e-01,3.815036416053771973e-01
5.526155233383178711e-01,5.717083811759948730e-01,-5.322462320327758789e-01,3.815748691558837891e-01
5.524569153785705566e-01,5.728090405464172363e-01,-5.325604081153869629e-01,3.816435039043426514e-01
5.522977709770202637e-01,5.738996267318725586e-01,-5.328704118728637695e-01,3.817100822925567627e-01
5.521376132965087891e-01,5.749799013137817383e-01,-5.331763029098510742e-01,3.817744255065917969e-01
5.519768595695495605e-01,5.760494470596313477e-01,-5.334776639938354492e-01,3.818366527557373047e-01
5.518150329589843750e-01,5.771089792251586914e-01,-5.337749123573303223e-01,3.818965554237365723e-01
5.516526103019714355e-01,5.781586170196533203e-01,-5.340680480003356934e-01,3.819543123245239258e-01
5.514894723892211914e-01,5.791987180709838867e-01,-5.343572497367858887e-01,3.820100128650665283e-01
5.513250827789306641e-01,5.802291035652160645e-01,-5.346423387527465820e-01,3.820635080337524414e-01
5.511600971221923828e-01,5.812494754791259766e-01,-5.349233150482177734e-01,3.821151852607727051e-01
5.509942770004272461e-01,5.822604894638061523e-01,-5.352002978324890137e-01,3.821645379066467285e-01
5.508278012275695801e-01,5.832614302635192871e-01,-5.354732871055603027e-01,3.822118043899536133e-01
5.506602525711059570e-01,5.842533111572265625e-01,-5.357424020767211914e-01,3.822572231292724609e-01
5.504922866821289062e-01,5.852354168891906738e-01,-5.360075831413269043e-01,3.823004662990570068e-01
5.503234863281250000e-01,5.862082839012145996e-01,-5.362689495086669922e-01,3.823419213294982910e-01
5.501536726951599121e-01,5.871716737747192383e-01,-5.365263223648071289e-01,3.823812007904052734e-01
5.499831438064575195e-01,5.881261229515075684e-01,-5.367799997329711914e-01,3.824185431003570557e-01
5.498119592666625977e-01,5.890713334083557129e-01,-5.370298624038696289e-01,3.824540376663208008e-01
5.496397614479064941e-01,5.900074243545532227e-01,-5.372759699821472168e-01,3.824875354766845703e-01
5.494672060012817383e-01,5.909346938133239746e-01,-5.375185608863830566e-01,3.825194239616394043e-01
5.492936372756958008e-01,5.918529629707336426e-01,-5.377572774887084961e-01,3.825491070747375488e-01
5.491195917129516602e-01,5.927623510360717773e-01,-5.379924774169921875e-01,3.825771212577819824e-01
5.489444136619567871e-01,5.936629772186279297e-01,-5.382239818572998047e-01,3.826032876968383789e-01
5.487686395645141602e-01,5.945550799369812012e-01,-5.384517312049865723e-01,3.826273679733276367e-01
5.485923886299133301e-01,5.954384803771972656e-01,-5.386763811111450195e-01,3.826501667499542236e-01
5.484151840209960938e-01,5.963131785392761230e-01,-5.388970375061035156e-01,3.826707601547241211e-01
5.482373237609863281e-01,5.971798300743103027e-01,-5.391147136688232422e-01,3.826898336410522461e-01
5.480586886405944824e-01,5.980378985404968262e-01,-5.393285751342773438e-01,3.827069997787475586e-01
5.478793382644653320e-01,5.988876223564147949e-01,-5.395391583442687988e-01,3.827226161956787109e-01
5.476993322372436523e-01,5.997290611267089844e-01,-5.397462844848632812e-01,3.827365040779113770e-01
5.475187301635742188e-01,6.005623936653137207e-01,-5.399501919746398926e-01,3.827487826347351074e-01
5.473371744155883789e-01,6.013877391815185547e-01,-5.401505827903747559e-01,3.827592134475708008e-01
5.471550226211547852e-01,6.022047400474548340e-01,-5.403476953506469727e-01,3.827679455280303955e-01
5.469720363616943359e-01,6.030139923095703125e-01,-5.405414700508117676e-01,3.827751278877258301e-01
5.467886328697204590e-01,6.038151383399963379e-01,-5.407320857048034668e-01,3.827808499336242676e-01
5.466045141220092773e-01,6.046084165573120117e-01,-5.409194827079772949e-01,3.827846646308898926e-01
5.464196801185607910e-01,6.053942441940307617e-01,-5.411037206649780273e-01,3.827870786190032959e-01
5.462340712547302246e-01,6.061721444129943848e-01,-5.412846803665161133e-01,3.827879130840301514e-01
5.460478067398071289e-01,6.069428324699401855e-01,-5.414627194404602051e-01,3.827872276306152344e-01
5.458610057830810547e-01,6.077060103416442871e-01,-5.416376590728759766e-01,3.827850520610809326e-01
5.456733703613281250e-01,6.084614992141723633e-01,-5.418093204498291016e-01,3.827812075614929199e-01
5.454849600791931152e-01,6.092099547386169434e-01,-5.419782400131225586e-01,3.827761411666870117e-01
5.452962517738342285e-01,6.099505424499511719e-01,-5.421438813209533691e-01,3.827692866325378418e-01
5.451065301895141602e-01,6.106842756271362305e-01,-5.423066616058349609e-01,3.827610611915588379e-01
5.449163317680358887e-01,6.114104986190795898e-01,-5.424662828445434570e-01,3.827512264251708984e-01
5.447255373001098633e-01,6.121298670768737793e-01,-5.426232218742370605e-01,3.827402293682098389e-01
5.445341467857360840e-01,6.128420829772949219e-01,-5.427772402763366699e-01,3.827277421951293945e-01
5.443419218063354492e-01,6.135470867156982422e-01,-5.429282784461975098e-01,3.827137947082519531e-01
5.441490411758422852e-01,6.142452955245971680e-01,-5.430763959884643555e-01,3.826984167098999023e-01
5.439558029174804688e-01,6.149364709854125977e-01,-5.432218313217163086e-01,3.826817870140075684e-01
5.437616705894470215e-01,6.156210899353027344e-01,-5.433644652366638184e-01,3.826636672019958496e-01
5.435669422149658203e-01,6.162986755371093750e-01,-5.435041189193725586e-01,3.826441466808319092e-01
5.433717966079711914e-01,6.169695258140563965e-01,-5.436412096023559570e-01,3.826235830783843994e-01
5.431759357452392578e-01,6.176337599754333496e-01,-5.437754392623901367e-01,3.826014399528503418e-01
5.429795384407043457e-01,6.182916164398193359e-01,-5.439072251319885254e-01,3.825781345367431641e-01
5.427823662757873535e-01,6.189426779747009277e-01,-5.440360903739929199e-01,3.825533390045166016e-01
5.425847172737121582e-01,6.195871829986572266e-01,-5.441622138023376465e-01,3.825273513793945312e-01
5.423864126205444336e-01,6.202256083488464355e-01,-5.442860126495361328e-01,3.825002908706665039e-01
5.421875715255737305e-01,6.208573579788208008e-01,-5.444070696830749512e-01,3.824717998504638672e-01
5.419880747795104980e-01,6.214830875396728516e-01,-5.445255041122436523e-01,3.824420273303985596e-01
5.417880415916442871e-01,6.221023797988891602e-01,-5.446413755416870117e-01,3.824110329151153564e-01
5.415875315666198730e-01,6.227155327796936035e-01,-5.447549223899841309e-01,3.823791146278381348e-01
5.413862466812133789e-01,6.233223080635070801e-01,-5.448656678199768066e-01,3.823455870151519775e-01
5.411844849586486816e-01,6.239235401153564453e-01,-5.449741482734680176e-01,3.823111653327941895e-01
5.409821271896362305e-01,6.245182156562805176e-01,-5.450799465179443359e-01,3.822753429412841797e-01
5.407791733741760254e-01,6.251070499420166016e-01,-5.451833605766296387e-01,3.822385668754577637e-01
5.405758619308471680e-01,6.256899833679199219e-01,-5.452844500541687012e-01,3.822004795074462891e-01
5.403718948364257812e-01,6.262670755386352539e-01,-5.453830957412719727e-01,3.821612596511840820e-01
5.401671528816223145e-01,6.268384456634521484e-01,-5.454794168472290039e-01,3.821211457252502441e-01
5.399621129035949707e-01,6.274037957191467285e-01,-5.455731153488159180e-01,3.820794820785522461e-01
5.397563576698303223e-01,6.279637813568115234e-01,-5.456649065017700195e-01,3.820372819900512695e-01
5.395501255989074707e-01,6.285175681114196777e-01,-5.457540154457092285e-01,3.819936215877532959e-01
5.393434762954711914e-01,6.290663480758666992e-01,-5.458411574363708496e-01,3.819489181041717529e-01
5.391363501548767090e-01,6.296092867851257324e-01,-5.459259152412414551e-01,3.819032311439514160e-01
5.389283895492553711e-01,6.301464438438415527e-01,-5.460081100463867188e-01,3.818562030792236328e-01
5.387198925018310547e-01,6.306785345077514648e-01,-5.460883378982543945e-01,3.818084597587585449e-01
5.385109782218933105e-01,6.312052607536315918e-01,-5.461664199829101562e-01,3.817596435546875000e-01
5.383017063140869141e-01,6.317263245582580566e-01,-5.462422370910644531e-01,3.817095756530761719e-01
5.380915403366088867e-01,6.322422027587890625e-01,-5.463158488273620605e-01,3.816586732864379883e-01
5.378813147544860840e-01,6.327527761459350586e-01,-5.463874340057373047e-01,3.816067874431610107e-01
5.376703143119812012e-01,6.332582831382751465e-01,-5.464567542076110840e-01,3.815538883209228516e-01
5.374589562416076660e-01,6.337584853172302246e-01,-5.465241074562072754e-01,3.814999461174011230e-01
5.372466444969177246e-01,6.342535614967346191e-01,-5.465890765190124512e-01,3.814450502395629883e-01
5.370343923568725586e-01,6.347436308860778809e-01,-5.466524362564086914e-01,3.813893795013427734e-01
5.368213653564453125e-01,6.352286934852600098e-01,-5.467134118080139160e-01,3.813324272632598877e-01
5.366078615188598633e-01,6.357088088989257812e-01,-5.467724800109863281e-01,3.812748193740844727e-01
5.363938808441162109e-01,6.361841559410095215e-01,-5.468295812606811523e-01,3.812161684036254883e-01
5.361794829368591309e-01,6.366543173789978027e-01,-5.468847155570983887e-01,3.811567425727844238e-01
5.359645485877990723e-01,6.371195912361145020e-01,-5.469377040863037109e-01,3.810961246490478516e-01
5.357490181922912598e-01,6.375802755355834961e-01,-5.469889044761657715e-01,3.810349106788635254e-01
5.355331301689147949e-01,6.380363106727600098e-01,-5.470380783081054688e-01,3.809725642204284668e-01
5.353167057037353516e-01,6.384873390197753906e-01,-5.470853447914123535e-01,3.809093832969665527e-01
5.350998640060424805e-01,6.389339566230773926e-01,-5.471309423446655273e-01,3.808456659317016602e-01
5.348824858665466309e-01,6.393758654594421387e-01,-5.471743941307067871e-01,3.807806372642517090e-01
5.346648693084716797e-01,6.398133039474487305e-01,-5.472161769866943359e-01,3.807150721549987793e-01
5.344466567039489746e-01,6.402460932731628418e-01,-5.472561120986938477e-01,3.806486725807189941e-01
5.342278480529785156e-01,6.406745314598083496e-01,-5.472939014434814453e-01,3.805812001228332520e-01
5.340085625648498535e-01,6.410984992980957031e-01,-5.473302006721496582e-01,3.805130422115325928e-01
5.337890386581420898e-01,6.415179967880249023e-01,-5.473647713661193848e-01,3.804441690444946289e-01
5.335690379142761230e-01,6.419329643249511719e-01,-5.473973751068115234e-01,3.803743422031402588e-01
5.333483219146728516e-01,6.423435211181640625e-01,-5.474280714988708496e-01,3.803036808967590332e-01
5.331274867057800293e-01,6.427499055862426758e-01,-5.474572181701660156e-01,3.802323341369628906e-01
5.329061150550842285e-01,6.431517601013183594e-01,-5.474845170974731445e-01,3.801600337028503418e-01
5.326844453811645508e-01,6.435496807098388672e-01,-5.475103259086608887e-01,3.800872266292572021e-01
5.324620008468627930e-01,6.439433097839355469e-01,-5.475342273712158203e-01,3.800134956836700439e-01
5.322391986846923828e-01,6.443328261375427246e-01,-5.475564599037170410e-01,3.799389600753784180e-01
5.320160388946533203e-01,6.447182297706604004e-01,-5.475770235061645508e-01,3.798637986183166504e-01
5.317927002906799316e-01,6.450995802879333496e-01,-5.475960969924926758e-01,3.797879219055175781e-01
5.315685272216796875e-01,6.454769968986511230e-01,-5.476133823394775391e-01,3.797111213207244873e-01
5.313441753387451172e-01,6.458501219749450684e-01,-5.476290583610534668e-01,3.796337246894836426e-01
5.311193466186523438e-01,6.462193131446838379e-01,-5.476430654525756836e-01,3.795555233955383301e-01
5.308941006660461426e-01,6.465848684310913086e-01,-5.476555824279785156e-01,3.794767260551452637e-01
5.306684374809265137e-01,6.469465494155883789e-01,-5.476665496826171875e-01,3.793971836566925049e-01
5.304424762725830078e-01,6.473041772842407227e-01,-5.476760864257812500e-01,3.793171048164367676e-01
5.302159786224365234e-01,6.476579308509826660e-01,-5.476837754249572754e-01,3.792360424995422363e-01
5.299891829490661621e-01,6.480082273483276367e-01,-5.476902127265930176e-01,3.791545033454895020e-01
5.297620296478271484e-01,6.483545303344726562e-01,-5.476950407028198242e-01,3.790721893310546875e-01
5.295343399047851562e-01,6.486971378326416016e-01,-5.476983785629272461e-01,3.789892792701721191e-01
5.293062925338745117e-01,6.490359306335449219e-01,-5.477001070976257324e-01,3.789057135581970215e-01
5.290780067443847656e-01,6.493712663650512695e-01,-5.477005243301391602e-01,3.788215517997741699e-01
5.288490653038024902e-01,6.497033238410949707e-01,-5.476995110511779785e-01,3.787367343902587891e-01
5.286198854446411133e-01,6.500313878059387207e-01,-5.476970076560974121e-01,3.786512911319732666e-01
5.283902883529663086e-01,6.503561735153198242e-01,-5.476931333541870117e-01,3.785653412342071533e-01
5.281603932380676270e-01,6.506772041320800781e-01,-5.476877689361572266e-01,3.784785866737365723e-01
5.279300808906555176e-01,6.509948968887329102e-01,-5.476809740066528320e-01,3.783911466598510742e-01
5.276994705200195312e-01,6.513090133666992188e-01,-5.476728677749633789e-01,3.783031702041625977e-01
5.274683237075805664e-01,6.516200304031372070e-01,-5.476633906364440918e-01,3.782146573066711426e-01
5.272367000579833984e-01,6.519273519515991211e-01,-5.476523637771606445e-01,3.781254291534423828e-01
5.270050764083862305e-01,6.522315740585327148e-01,-5.476403236389160156e-01,3.780358433723449707e-01
5.267730355262756348e-01,6.525323390960693359e-01,-5.476267933845520020e-01,3.779456913471221924e-01
5.265404582023620605e-01,6.528298258781433105e-01,-5.476118326187133789e-01,3.778547644615173340e-01
5.263077020645141602e-01,6.531240344047546387e-01,-5.475957989692687988e-01,3.777633905410766602e-01
5.260744094848632812e-01,6.534149050712585449e-01,-5.475782155990600586e-01,3.776713609695434570e-01
5.258407592773437500e-01,6.537024974822998047e-01,-5.475592613220214844e-01,3.775786459445953369e-01
5.256070494651794434e-01,6.539873480796813965e-01,-5.475395321846008301e-01,3.774856925010681152e-01
5.253725051879882812e-01,6.542686820030212402e-01,-5.475180149078369141e-01,3.773919641971588135e-01
5.251377820968627930e-01,6.545470356941223145e-01,-5.474953055381774902e-01,3.772976398468017578e-01
5.249029397964477539e-01,6.548222899436950684e-01,-5.474715232849121094e-01,3.772028684616088867e-01
5.246676206588745117e-01,6.550946831703186035e-01,-5.474465489387512207e-01,3.771077394485473633e-01
5.244320631027221680e-01,6.553637385368347168e-01,-5.474202036857604980e-01,3.770118951797485352e-01
5.241960287094116211e-01,6.556299328804016113e-01,-5.473928451538085938e-01,3.769157230854034424e-01
5.239598751068115234e-01,6.558932065963745117e-01,-5.473642349243164062e-01,3.768188953399658203e-01
5.237232446670532227e-01,6.561534404754638672e-01,-5.473343729972839355e-01,3.767215013504028320e-01
5.234863162040710449e-01,6.564109325408935547e-01,-5.473034381866455078e-01,3.766236901283264160e-01
5.232490301132202148e-01,6.566653847694396973e-01,-5.472711920738220215e-01,3.765253424644470215e-01
5.230115056037902832e-01,6.569167971611022949e-01,-5.472379326820373535e-01,3.764266967773437500e-01
5.227736830711364746e-01,6.571657061576843262e-01,-5.472036600112915039e-01,3.763275146484375000e-01
5.225353837013244629e-01,6.574118137359619141e-01,-5.471680164337158203e-01,3.762276172637939453e-01
5.222967267036437988e-01,6.576547622680664062e-01,-5.471311807632446289e-01,3.761273026466369629e-01
5.220578312873840332e-01,6.578952074050903320e-01,-5.470934510231018066e-01,3.760268092155456543e-01
5.218186378479003906e-01,6.581329107284545898e-01,-5.470546483993530273e-01,3.759257197380065918e-01
5.215795040130615234e-01,6.583679914474487305e-01,-5.470148324966430664e-01,3.758240640163421631e-01
5.213395953178405762e-01,6.586002707481384277e-01,-5.469737052917480469e-01,3.757220506668090820e-01
5.210995078086853027e-01,6.588298082351684570e-01,-5.469316244125366211e-01,3.756195306777954102e-01
5.208591222763061523e-01,6.590569615364074707e-01,-5.468885302543640137e-01,3.755167424678802490e-01
5.206187367439270020e-01,6.592814922332763672e-01,-5.468445420265197754e-01,3.754134774208068848e-01
5.203775167465209961e-01,6.595031619071960449e-01,-5.467991828918457031e-01,3.753095567226409912e-01
5.201365351676940918e-01,6.597225069999694824e-01,-5.467530488967895508e-01,3.752053976058959961e-01
5.198950171470642090e-01,6.599392890930175781e-01,-5.467058420181274414e-01,3.751006722450256348e-01
5.196532011032104492e-01,6.601533889770507812e-01,-5.466575622558593750e-01,3.749956488609313965e-01
5.194109082221984863e-01,6.603648662567138672e-01,-5.466081500053405762e-01,3.748900890350341797e-01
5.191686153411865234e-01,6.605744361877441406e-01,-5.465581417083740234e-01,3.747841715812683105e-01
5.189259648323059082e-01,6.607813239097595215e-01,-5.465070605278015137e-01,3.746780455112457275e-01
5.186829566955566406e-01,6.609855890274047852e-01,-5.464547276496887207e-01,3.745711743831634521e-01
5.184398889541625977e-01,6.611877679824829102e-01,-5.464018583297729492e-01,3.744643330574035645e-01
5.181961655616760254e-01,6.613873243331909180e-01,-5.463475584983825684e-01,3.743566870689392090e-01
5.179525613784790039e-01,6.615846753120422363e-01,-5.462926626205444336e-01,3.742488324642181396e-01
5.177083611488342285e-01,6.617795825004577637e-01,-5.462367534637451172e-01,3.741406500339508057e-01
5.174641013145446777e-01,6.619723439216613770e-01,-5.461798906326293945e-01,3.740320205688476562e-01
5.172195434570312500e-01,6.621627807617187500e-01,-5.461223721504211426e-01,3.739231824874877930e-01
5.169746279716491699e-01,6.623510122299194336e-01,-5.460636019706726074e-01,3.738138079643249512e-01
5.167295932769775391e-01,6.625366806983947754e-01,-5.460041165351867676e-01,3.737040758132934570e-01
5.164844393730163574e-01,6.627205014228820801e-01,-5.459439158439636230e-01,3.735940158367156982e-01
5.162386298179626465e-01,6.629017591476440430e-01,-5.458824038505554199e-01,3.734835088253021240e-01
5.159927606582641602e-01,6.630814671516418457e-01,-5.458205342292785645e-01,3.733727931976318359e-01
5.157465934753417969e-01,6.632584929466247559e-01,-5.457574129104614258e-01,3.732615113258361816e-01
5.155001282691955566e-01,6.634336113929748535e-01,-5.456936359405517578e-01,3.731503486633300781e-01
5.152536630630493164e-01,6.636064648628234863e-01,-5.456289052963256836e-01,3.730382323265075684e-01
5.150066614151000977e-01,6.637773513793945312e-01,-5.455635786056518555e-01,3.729262351989746094e-01
5.147594213485717773e-01,6.639459133148193359e-01,-5.454970002174377441e-01,3.728136420249938965e-01
5.145121812820434570e-01,6.641124486923217773e-01,-5.454298853874206543e-01,3.727008104324340820e-01
5.142645835876464844e-01,6.642771363258361816e-01,-5.453620553016662598e-01,3.725876808166503906e-01
5.140168666839599609e-01,6.644398570060729980e-01,-5.452933907508850098e-01,3.724742233753204346e-01
5.137685537338256836e-01,6.646006703376770020e-01,-5.452237725257873535e-01,3.723603487014770508e-01
5.135203599929809570e-01,6.647593379020690918e-01,-5.451536774635314941e-01,3.722464740276336670e-01
5.132718086242675781e-01,6.649159193038940430e-01,-5.450823903083801270e-01,3.721319437026977539e-01
5.130230784416198730e-01,6.650706529617309570e-01,-5.450106859207153320e-01,3.720173239707946777e-01
5.127739310264587402e-01,6.652234196662902832e-01,-5.449380278587341309e-01,3.719022572040557861e-01
5.125247836112976074e-01,6.653747558593750000e-01,-5.448649525642395020e-01,3.717872500419616699e-01
5.122752785682678223e-01,6.655235886573791504e-01,-5.447905659675598145e-01,3.716713786125183105e-01
5.120255947113037109e-01,6.656708121299743652e-01,-5.447158217430114746e-01,3.715554773807525635e-01
5.117757320404052734e-01,6.658160686492919922e-01,-5.446403026580810547e-01,3.714393973350524902e-01
5.115253329277038574e-01,6.659595966339111328e-01,-5.445637702941894531e-01,3.713226914405822754e-01
5.112750530242919922e-01,6.661013364791870117e-01,-5.444868803024291992e-01,3.712058961391448975e-01
5.110245347023010254e-01,6.662413477897644043e-01,-5.444092750549316406e-01,3.710888624191284180e-01
5.107737183570861816e-01,6.663793325424194336e-01,-5.443308353424072266e-01,3.709716796875000000e-01
5.105227231979370117e-01,6.665155887603759766e-01,-5.442516803741455078e-01,3.708540201187133789e-01
5.102714300155639648e-01,6.666502356529235840e-01,-5.441718697547912598e-01,3.707361221313476562e-01
5.100200176239013672e-01,6.667830348014831543e-01,-5.440914034843444824e-01,3.706179261207580566e-01
5.097683072090148926e-01,6.669142842292785645e-01,-5.440101623535156250e-01,3.704994320869445801e-01
5.095163583755493164e-01,6.670436859130859375e-01,-5.439283251762390137e-01,3.703807294368743896e-01
5.092642903327941895e-01,6.671715974807739258e-01,-5.438459515571594238e-01,3.702620267868041992e-01
5.090121030807495117e-01,6.672977805137634277e-01,-5.437628030776977539e-01,3.701426386833190918e-01
5.087593793869018555e-01,6.674219965934753418e-01,-5.436787605285644531e-01,3.700231611728668213e-01
5.085068345069885254e-01,6.675449609756469727e-01,-5.435945391654968262e-01,3.699035644531250000e-01
5.082538127899169922e-01,6.676664352416992188e-01,-5.435094833374023438e-01,3.697835803031921387e-01
5.080009698867797852e-01,6.677860021591186523e-01,-5.434238314628601074e-01,3.696634173393249512e-01
5.077475309371948242e-01,6.679041385650634766e-01,-5.433374643325805664e-01,3.695429265499114990e-01
5.074941515922546387e-01,6.680207848548889160e-01,-5.432506203651428223e-01,3.694223761558532715e-01
5.072404146194458008e-01,6.681357026100158691e-01,-5.431631207466125488e-01,3.693015277385711670e-01
5.069863796234130859e-01,6.682491302490234375e-01,-5.430749654769897461e-01,3.691803216934204102e-01
5.067321658134460449e-01,6.683608889579772949e-01,-5.429859161376953125e-01,3.690586984157562256e-01
5.064780712127685547e-01,6.684715747833251953e-01,-5.428968071937561035e-01,3.689372539520263672e-01
5.062237977981567383e-01,6.685805320739746094e-01,-5.428070425987243652e-01,3.688154816627502441e-01
5.059688091278076172e-01,6.686880588531494141e-01,-5.427163243293762207e-01,3.686932921409606934e-01
5.057141780853271484e-01,6.687940359115600586e-01,-5.426253676414489746e-01,3.685711026191711426e-01
5.054591298103332520e-01,6.688984632492065430e-01,-5.425336956977844238e-01,3.684485554695129395e-01
5.052039623260498047e-01,6.690018773078918457e-01,-5.424416065216064453e-01,3.683257699012756348e-01
5.049484968185424805e-01,6.691038608551025391e-01,-5.423489809036254883e-01,3.682031035423278809e-01
5.046930909156799316e-01,6.692041754722595215e-01,-5.422557592391967773e-01,3.680799305438995361e-01
5.044374465942382812e-01,6.693033576011657715e-01,-5.421620011329650879e-01,3.679566085338592529e-01
5.041815042495727539e-01,6.694010496139526367e-01,-5.420678257942199707e-01,3.678333461284637451e-01
5.039252042770385742e-01,6.694970726966857910e-01,-5.419726371765136719e-01,3.677092790603637695e-01
5.036690235137939453e-01,6.695921421051025391e-01,-5.418772697448730469e-01,3.675853908061981201e-01
5.034127235412597656e-01,6.696855425834655762e-01,-5.417813658714294434e-01,3.674611747264862061e-01
5.031559467315673828e-01,6.697777509689331055e-01,-5.416848063468933105e-01,3.673368692398071289e-01
5.028993487358093262e-01,6.698688268661499023e-01,-5.415880084037780762e-01,3.672124743461608887e-01
5.026422739028930664e-01,6.699581742286682129e-01,-5.414903163909912109e-01,3.670875728130340576e-01
5.023851990699768066e-01,6.700465083122253418e-01,-5.413923263549804688e-01,3.669626712799072266e-01
5.021278858184814453e-01,6.701337695121765137e-01,-5.412939786911010742e-01,3.668375909328460693e-01
5.018702745437622070e-01,6.702194213867187500e-01,-5.411947369575500488e-01,3.667121231555938721e-01
5.016127228736877441e-01,6.703038811683654785e-01,-5.410953164100646973e-01,3.665868043899536133e-01
5.013549327850341797e-01,6.703873872756958008e-01,-5.409954190254211426e-01,3.664610981941223145e-01
5.010970234870910645e-01,6.704695224761962891e-01,-5.408950448036193848e-01,3.663353919982910156e-01
5.008390545845031738e-01,6.705502867698669434e-01,-5.407940745353698730e-01,3.662091791629791260e-01
5.005806684494018555e-01,6.706299781799316406e-01,-5.406926274299621582e-01,3.660830259323120117e-01
5.003222823143005371e-01,6.707085371017456055e-01,-5.405909419059753418e-01,3.659567236900329590e-01
5.000637173652648926e-01,6.707858443260192871e-01,-5.404886603355407715e-01,3.658301532268524170e-01
4.998050034046173096e-01,6.708623170852661133e-01,-5.403860807418823242e-01,3.657035529613494873e-01
4.995461106300354004e-01,6.709372997283935547e-01,-5.402828454971313477e-01,3.655766844749450684e-01
4.992870390415191650e-01,6.710112094879150391e-01,-5.401791334152221680e-01,3.654495477676391602e-01
4.990279078483581543e-01,6.710841059684753418e-01,-5.400751233100891113e-01,3.653223514556884766e-01
4.987684488296508789e-01,6.711560487747192383e-01,-5.399706959724426270e-01,3.651950955390930176e-01
4.985090494155883789e-01,6.712265014648437500e-01,-5.398657321929931641e-01,3.650675415992736816e-01
4.985090494155883789e-01,6.712265014648437500e-01,-5.398657321929931641e-01,3.650675415992736816e-01
4.985090494155883789e-01,6.712265014648437500e-01,-5.398657321929931641e-01,3.650675415992736816e-01
4.967556297779083252e-01,6.630755066871643066e-01,-5.386404991149902344e-01,3.664542138576507568e-01
4.951297044754028320e-01,6.530946493148803711e-01,-5.362291932106018066e-01,3.665671646595001221e-01
4.936065971851348877e-01,6.417245864868164062e-01,-5.329127311706542969e-01,3.657096326351165771e-01
4.921665191650390625e-01,6.293370723724365234e-01,-5.289281010627746582e-01,3.641368448734283447e-01
4.907925426959991455e-01,6.162388324737548828e-01,-5.244704484939575195e-01,3.620582222938537598e-01
4.894746840000152588e-01,6.026172637939453125e-01,-5.196592211723327637e-01,3.596025705337524414e-01
4.882027208805084229e-01,5.886623859405517578e-01,-5.146153569221496582e-01,3.568986952304840088e-01
4.869689941406250000e-01,5.745211839675903320e-01,-5.094319581985473633e-01,3.540454506874084473e-01
4.857667386531829834e-01,5.603557229042053223e-01,-5.042122602462768555e-01,3.511508703231811523e-01
4.845927059650421143e-01,5.462091565132141113e-01,-4.989830255508422852e-01,3.482432067394256592e-01
4.834436774253845215e-01,5.321580767631530762e-01,-4.937930703163146973e-01,3.453731536865234375e-01
4.823190867900848389e-01,5.182054042816162109e-01,-4.886438548564910889e-01,3.425421118736267090e-01
4.812180399894714355e-01,5.043497085571289062e-01,-4.835343360900878906e-01,3.397495150566101074e-01
4.801395535469055176e-01,4.905992448329925537e-01,-4.784695506095886230e-01,3.370005786418914795e-01
4.790830910205841064e-01,4.769393205642700195e-01,-4.734398126602172852e-01,3.342856168746948242e-01
4.780473113059997559e-01,4.634057283401489258e-01,-4.684689640998840332e-01,3.316293358802795410e-01
4.770312309265136719e-01,4.500112533569335938e-01,-4.635648131370544434e-01,3.290396928787231445e-01
4.760344028472900391e-01,4.367469251155853271e-01,-4.587202370166778564e-01,3.265086114406585693e-01
4.750567674636840820e-01,4.236128330230712891e-01,-4.539349973201751709e-01,3.240355849266052246e-01
4.740968942642211914e-01,4.106288552284240723e-01,-4.492224156856536865e-01,3.216344118118286133e-01
4.731541872024536133e-01,3.978030085563659668e-01,-4.445877373218536377e-01,3.193100690841674805e-01
4.722290635108947754e-01,3.851228356361389160e-01,-4.400215148925781250e-01,3.170520365238189697e-01
4.713209271430969238e-01,3.725881874561309814e-01,-4.355226457118988037e-01,3.148587942123413086e-01
4.704293012619018555e-01,3.602051138877868652e-01,-4.310968220233917236e-01,3.127364218235015869e-01
4.695529937744140625e-01,3.479780852794647217e-01,-4.267474412918090820e-01,3.106886744499206543e-01
4.686925411224365234e-01,3.359019160270690918e-01,-4.224694669246673584e-01,3.087092638015747070e-01
4.678472876548767090e-01,3.239763677120208740e-01,-4.182617068290710449e-01,3.067961931228637695e-01
4.670169353485107422e-01,3.121991753578186035e-01,-4.141237437725067139e-01,3.049492835998535156e-01
4.662010371685028076e-01,3.005664050579071045e-01,-4.100552797317504883e-01,3.031694889068603516e-01
4.653993546962738037e-01,2.890810370445251465e-01,-4.060553908348083496e-01,3.014539480209350586e-01
4.646120071411132812e-01,2.777423858642578125e-01,-4.021234512329101562e-01,2.998012900352478027e-01
4.638379812240600586e-01,2.665491998195648193e-01,-3.982583284378051758e-01,2.982105612754821777e-01
4.630772471427917480e-01,2.554938197135925293e-01,-3.944570720195770264e-01,2.966795563697814941e-01
4.623296856880187988e-01,2.445789873600006104e-01,-3.907202482223510742e-01,2.952076196670532227e-01
4.615946710109710693e-01,2.338034659624099731e-01,-3.870468735694885254e-01,2.937935590744018555e-01
4.608722329139709473e-01,2.231645882129669189e-01,-3.834352791309356689e-01,2.924356460571289062e-01
4.601616859436035156e-01,2.126586288213729858e-01,-3.798838257789611816e-01,2.911325693130493164e-01
4.594631195068359375e-01,2.022851407527923584e-01,-3.763918876647949219e-01,2.898827791213989258e-01
4.587761759757995605e-01,1.920422613620758057e-01,-3.729583024978637695e-01,2.886855602264404297e-01
4.581003785133361816e-01,1.819283664226531982e-01,-3.695820569992065430e-01,2.875391542911529541e-01
4.574357271194458008e-01,1.719409525394439697e-01,-3.662619590759277344e-01,2.864426970481872559e-01
4.567817747592926025e-01,1.620789170265197754e-01,-3.629971146583557129e-01,2.853947579860687256e-01
4.561383724212646484e-01,1.523397266864776611e-01,-3.597861826419830322e-01,2.843942046165466309e-01
4.555049538612365723e-01,1.427217274904251099e-01,-3.566280901432037354e-01,2.834398746490478516e-01
4.548817873001098633e-01,1.332274675369262695e-01,-3.535238206386566162e-01,2.825316786766052246e-01
4.542683362960815430e-01,1.238523721694946289e-01,-3.504709005355834961e-01,2.816674113273620605e-01
4.536645114421844482e-01,1.145949438214302063e-01,-3.474687337875366211e-01,2.808465063571929932e-01
4.530697464942932129e-01,1.054533272981643677e-01,-3.445160984992980957e-01,2.800675630569458008e-01
4.524840414524078369e-01,9.642548859119415283e-02,-3.416120707988739014e-01,2.793297171592712402e-01
4.519075453281402588e-01,8.751048892736434937e-02,-3.387560844421386719e-01,2.786319851875305176e-01
4.513394534587860107e-01,7.870656251907348633e-02,-3.359469473361968994e-01,2.779732644557952881e-01
4.507795572280883789e-01,7.001130282878875732e-02,-3.331835269927978516e-01,2.773523330688476562e-01
4.502282142639160156e-01,6.142728030681610107e-02,-3.304664492607116699e-01,2.767688930034637451e-01
4.496844410896301270e-01,5.295133218169212341e-02,-3.277942538261413574e-01,2.762219011783599854e-01
4.491488337516784668e-01,4.458145052194595337e-02,-3.251659870147705078e-01,2.757101058959960938e-01
4.486208558082580566e-01,3.631604462862014771e-02,-3.225807845592498779e-01,2.752326726913452148e-01
4.480999410152435303e-01,2.815331518650054932e-02,-3.200376629829406738e-01,2.747887372970581055e-01
4.475863575935363770e-01,2.009247615933418274e-02,-3.175361156463623047e-01,2.743774652481079102e-01
4.470798373222351074e-01,1.213153824210166931e-02,-3.150752782821655273e-01,2.739979028701782227e-01
4.465802609920501709e-01,4.269272089004516602e-03,-3.126544952392578125e-01,2.736494839191436768e-01
4.460873305797576904e-01,-3.492660820484161377e-03,-3.102736175060272217e-01,2.733312547206878662e-01
4.456007480621337891e-01,-1.115459576249122620e-02,-3.079323768615722656e-01,2.730424106121063232e-01
4.451208114624023438e-01,-1.871990412473678589e-02,-3.056297302246093750e-01,2.727822661399841309e-01
4.446468949317932129e-01,-2.619016170501708984e-02,-3.033644556999206543e-01,2.725496888160705566e-01
4.441788196563720703e-01,-3.356616944074630737e-02,-3.011361360549926758e-01,2.723442316055297852e-01
4.437167942523956299e-01,-4.084939509630203247e-02,-2.989442944526672363e-01,2.721651792526245117e-01
4.432601332664489746e-01,-4.804107174277305603e-02,-2.967877984046936035e-01,2.720115184783935547e-01
4.428094327449798584e-01,-5.514238774776458740e-02,-2.946664392948150635e-01,2.718825936317443848e-01
4.423637986183166504e-01,-6.215406581759452820e-02,-2.925796508789062500e-01,2.717781066894531250e-01
4.419233798980712891e-01,-6.907803565263748169e-02,-2.905262708663940430e-01,2.716965973377227783e-01
4.414882659912109375e-01,-7.591508328914642334e-02,-2.885063290596008301e-01,2.716383337974548340e-01
4.410579800605773926e-01,-8.266615122556686401e-02,-2.865189313888549805e-01,2.716020643711090088e-01
4.406324028968811035e-01,-8.933286368846893311e-02,-2.845632731914520264e-01,2.715871930122375488e-01
4.402117729187011719e-01,-9.591639041900634766e-02,-2.826390862464904785e-01,2.715930044651031494e-01
4.397955536842346191e-01,-1.024174168705940247e-01,-2.807457447052001953e-01,2.716192603111267090e-01
4.393836259841918945e-01,-1.088377982378005981e-01,-2.788823544979095459e-01,2.716649174690246582e-01
4.389761686325073242e-01,-1.151776164770126343e-01,-2.770489156246185303e-01,2.717298269271850586e-01
4.385729432106018066e-01,-1.214377582073211670e-01,-2.752446234226226807e-01,2.718127965927124023e-01
4.381737112998962402e-01,-1.276199221611022949e-01,-2.734689712524414062e-01,2.719137668609619141e-01
4.377782940864562988e-01,-1.337255388498306274e-01,-2.717212140560150146e-01,2.720319032669067383e-01
4.373869299888610840e-01,-1.397553533315658569e-01,-2.700011134147644043e-01,2.721668481826782227e-01
4.369991421699523926e-01,-1.457105875015258789e-01,-2.683080136775970459e-01,2.723182737827301025e-01
4.366148710250854492e-01,-1.515923738479614258e-01,-2.666412591934204102e-01,2.724851965904235840e-01
4.362345933914184570e-01,-1.574017107486724854e-01,-2.650007903575897217e-01,2.726676464080810547e-01
4.358573257923126221e-01,-1.631400138139724731e-01,-2.633854150772094727e-01,2.728646099567413330e-01
4.354835152626037598e-01,-1.688078194856643677e-01,-2.617954015731811523e-01,2.730761468410491943e-01
4.351128637790679932e-01,-1.744063347578048706e-01,-2.602298855781555176e-01,2.733016610145568848e-01
4.347454309463500977e-01,-1.799373030662536621e-01,-2.586881220340728760e-01,2.735399901866912842e-01
4.343810677528381348e-01,-1.854007095098495483e-01,-2.571702599525451660e-01,2.737919986248016357e-01
4.340199232101440430e-01,-1.907982230186462402e-01,-2.556755840778350830e-01,2.740564346313476562e-01
4.336612522602081299e-01,-1.961309015750885010e-01,-2.542032897472381592e-01,2.743328809738159180e-01
4.333055615425109863e-01,-2.013994306325912476e-01,-2.527534961700439453e-01,2.746213972568511963e-01
4.329525232315063477e-01,-2.066052854061126709e-01,-2.513254880905151367e-01,2.749213576316833496e-01
4.326020479202270508e-01,-2.117389589548110962e-01,-2.499208897352218628e-01,2.752308845520019531e-01
4.322540163993835449e-01,-2.168076187372207642e-01,-2.485381066799163818e-01,2.755505740642547607e-01
4.319085478782653809e-01,-2.218140810728073120e-01,-2.471762597560882568e-01,2.758800685405731201e-01
4.315652847290039062e-01,-2.267596423625946045e-01,-2.458348572254180908e-01,2.762190997600555420e-01
4.312242269515991211e-01,-2.316445708274841309e-01,-2.445137649774551392e-01,2.765675783157348633e-01
4.308855235576629639e-01,-2.364698052406311035e-01,-2.432125210762023926e-01,2.769249379634857178e-01
4.305491745471954346e-01,-2.412362098693847656e-01,-2.419310659170150757e-01,2.772912383079528809e-01
4.302145838737487793e-01,-2.459451258182525635e-01,-2.406682670116424561e-01,2.776654660701751709e-01
4.298821985721588135e-01,-2.505971193313598633e-01,-2.394242882728576660e-01,2.780475020408630371e-01
4.295518398284912109e-01,-2.551927864551544189e-01,-2.381989508867263794e-01,2.784375250339508057e-01
4.292233586311340332e-01,-2.597333788871765137e-01,-2.369914799928665161e-01,2.788348197937011719e-01
4.288967251777648926e-01,-2.642194330692291260e-01,-2.358016818761825562e-01,2.792390584945678711e-01
4.285719990730285645e-01,-2.686518728733062744e-01,-2.346295565366744995e-01,2.796505093574523926e-01
4.282488226890563965e-01,-2.730316817760467529e-01,-2.334741204977035522e-01,2.800681591033935547e-01
4.279273748397827148e-01,-2.773596048355102539e-01,-2.323353886604309082e-01,2.804920673370361328e-01
4.276077747344970703e-01,-2.816360890865325928e-01,-2.312132418155670166e-01,2.809221744537353516e-01
4.272894263267517090e-01,-2.858578562736511230e-01,-2.301079928874969482e-01,2.813572287559509277e-01
4.269725084304809570e-01,-2.900235950946807861e-01,-2.290194481611251831e-01,2.817964553833007812e-01
4.266570806503295898e-01,-2.941386401653289795e-01,-2.279467284679412842e-01,2.822403311729431152e-01
4.263427257537841797e-01,-2.982037663459777832e-01,-2.268893569707870483e-01,2.826890945434570312e-01
4.260301589965820312e-01,-3.022194802761077881e-01,-2.258474826812744141e-01,2.831424474716186523e-01
4.257186651229858398e-01,-3.061871826648712158e-01,-2.248202562332153320e-01,2.835998535156250000e-01
4.254086017608642578e-01,-3.101063370704650879e-01,-2.238081097602844238e-01,2.840615510940551758e-01
4.250995516777038574e-01,-3.139786720275878906e-01,-2.228098958730697632e-01,2.845265269279479980e-01
4.247915148735046387e-01,-3.178047835826873779e-01,-2.218257337808609009e-01,2.849951982498168945e-01
4.244849681854248047e-01,-3.215845823287963867e-01,-2.208557575941085815e-01,2.854673266410827637e-01
4.241794049739837646e-01,-3.253191709518432617e-01,-2.198994308710098267e-01,2.859428524971008301e-01
4.238746464252471924e-01,-3.290096223354339600e-01,-2.189561426639556885e-01,2.864211797714233398e-01
4.235712587833404541e-01,-3.326558470726013184e-01,-2.180262804031372070e-01,2.869025170803070068e-01
4.232688546180725098e-01,-3.362588286399841309e-01,-2.171092927455902100e-01,2.873863875865936279e-01
4.229669868946075439e-01,-3.398192822933197021e-01,-2.162047624588012695e-01,2.878728508949279785e-01
4.226662516593933105e-01,-3.433376252651214600e-01,-2.153127342462539673e-01,2.883614897727966309e-01
4.223663806915283203e-01,-3.468143343925476074e-01,-2.144329696893692017e-01,2.888525128364562988e-01
4.220672249794006348e-01,-3.502430617809295654e-01,-2.135662138462066650e-01,2.893434762954711914e-01
4.217688739299774170e-01,-3.536302447319030762e-01,-2.127113789319992065e-01,2.898357510566711426e-01
4.214712381362915039e-01,-3.569765686988830566e-01,-2.118683010339736938e-01,2.903296947479248047e-01
4.211740791797637939e-01,-3.602825105190277100e-01,-2.110366821289062500e-01,2.908248603343963623e-01
4.208776950836181641e-01,-3.635486662387847900e-01,-2.102163434028625488e-01,2.913211286067962646e-01
4.205820560455322266e-01,-3.667752742767333984e-01,-2.094072401523590088e-01,2.918182015419006348e-01
4.202869534492492676e-01,-3.699632585048675537e-01,-2.086090147495269775e-01,2.923162877559661865e-01
4.199925065040588379e-01,-3.731132447719573975e-01,-2.078212797641754150e-01,2.928146123886108398e-01
4.196987748146057129e-01,-3.762251138687133789e-01,-2.070444524288177490e-01,2.933138608932495117e-01
4.194052219390869141e-01,-3.793003261089324951e-01,-2.062774747610092163e-01,2.938132286071777344e-01
4.191123843193054199e-01,-3.823381364345550537e-01,-2.055211067199707031e-01,2.943130731582641602e-01
4.188201427459716797e-01,-3.853402733802795410e-01,-2.047745734453201294e-01,2.948130965232849121e-01
4.185282588005065918e-01,-3.883063495159149170e-01,-2.040379643440246582e-01,2.953132987022399902e-01
4.182371497154235840e-01,-3.912374377250671387e-01,-2.033111155033111572e-01,2.958135604858398438e-01
4.179462194442749023e-01,-3.941340744495391846e-01,-2.025934457778930664e-01,2.963135242462158203e-01
4.176556468009948730e-01,-3.969963490962982178e-01,-2.018849998712539673e-01,2.968132495880126953e-01
4.173654913902282715e-01,-3.998222947120666504e-01,-2.011863589286804199e-01,2.973122000694274902e-01
4.170755743980407715e-01,-4.026131331920623779e-01,-2.004969418048858643e-01,2.978103458881378174e-01
4.167860150337219238e-01,-4.053706824779510498e-01,-1.998161673545837402e-01,2.983074188232421875e-01
4.164968729019165039e-01,-4.080947041511535645e-01,-1.991443336009979248e-01,2.988038361072540283e-01
4.162078499794006348e-01,-4.107857942581176758e-01,-1.984812170267105103e-01,2.992992997169494629e-01
4.159192442893981934e-01,-4.134445190429687500e-01,-1.978265345096588135e-01,2.997936606407165527e-01
4.156308174133300781e-01,-4.160713851451873779e-01,-1.971802115440368652e-01,3.002870678901672363e-01
4.153425693511962891e-01,-4.186667799949645996e-01,-1.965419352054595947e-01,3.007791638374328613e-01
4.150546789169311523e-01,-4.212302863597869873e-01,-1.959121227264404297e-01,3.012701272964477539e-01
4.147672057151794434e-01,-4.237631261348724365e-01,-1.952902525663375854e-01,3.017597496509552002e-01
4.144793748855590820e-01,-4.262655079364776611e-01,-1.946758031845092773e-01,3.022475838661193848e-01
4.141921699047088623e-01,-4.287376701831817627e-01,-1.940694302320480347e-01,3.027343750000000000e-01
4.139048755168914795e-01,-4.311796128749847412e-01,-1.934706270694732666e-01,3.032194077968597412e-01
4.136178493499755859e-01,-4.335924088954925537e-01,-1.928791999816894531e-01,3.037026524543762207e-01
4.133308529853820801e-01,-4.359759390354156494e-01,-1.922951191663742065e-01,3.041841983795166016e-01
4.130440354347229004e-01,-4.383302927017211914e-01,-1.917184144258499146e-01,3.046641051769256592e-01
4.127575457096099854e-01,-4.406561553478240967e-01,-1.911489069461822510e-01,3.051419556140899658e-01
4.124706387519836426e-01,-4.429541528224945068e-01,-1.905860304832458496e-01,3.056178689002990723e-01
4.121842980384826660e-01,-4.452236294746398926e-01,-1.900304853916168213e-01,3.060916662216186523e-01
4.118977189064025879e-01,-4.474657773971557617e-01,-1.894813477993011475e-01,3.065632581710815430e-01
4.116113483905792236e-01,-4.496802985668182373e-01,-1.889393329620361328e-01,3.070330023765563965e-01
4.113248586654663086e-01,-4.518682956695556641e-01,-1.884035170078277588e-01,3.075003027915954590e-01
4.110388159751892090e-01,-4.540288746356964111e-01,-1.878746449947357178e-01,3.079654872417449951e-01
4.107521772384643555e-01,-4.561632275581359863e-01,-1.873518526554107666e-01,3.084282875061035156e-01
4.104660153388977051e-01,-4.582716822624206543e-01,-1.868355125188827515e-01,3.088887333869934082e-01
4.101796746253967285e-01,-4.603538513183593750e-01,-1.863253116607666016e-01,3.093466162681579590e-01
4.098934829235076904e-01,-4.624101519584655762e-01,-1.858215034008026123e-01,3.098024725914001465e-01
4.096068739891052246e-01,-4.644417762756347656e-01,-1.853231638669967651e-01,3.102551698684692383e-01
4.093205034732818604e-01,-4.664480984210968018e-01,-1.848309934139251709e-01,3.107053637504577637e-01
4.090339541435241699e-01,-4.684289693832397461e-01,-1.843449771404266357e-01,3.111533224582672119e-01
4.087475836277008057e-01,-4.703859090805053711e-01,-1.838643550872802734e-01,3.115981817245483398e-01
4.084611535072326660e-01,-4.723181128501892090e-01,-1.833896040916442871e-01,3.120404481887817383e-01
4.081745147705078125e-01,-4.742261171340942383e-01,-1.829205155372619629e-01,3.124799132347106934e-01
4.078878760337829590e-01,-4.761120676994323730e-01,-1.824567019939422607e-01,3.129171133041381836e-01
4.076009392738342285e-01,-4.779747128486633301e-01,-1.819981336593627930e-01,3.133517205715179443e-01
4.073143005371093750e-01,-4.798142313957214355e-01,-1.815451085567474365e-01,3.137834966182708740e-01
4.070276021957397461e-01,-4.816309511661529541e-01,-1.810973584651947021e-01,3.142124414443969727e-01
4.067409038543701172e-01,-4.834250807762145996e-01,-1.806548684835433960e-01,3.146387040615081787e-01
4.064538776874542236e-01,-4.851967692375183105e-01,-1.802174299955368042e-01,3.150621354579925537e-01
4.061667323112487793e-01,-4.869465529918670654e-01,-1.797849833965301514e-01,3.154825568199157715e-01
4.058795571327209473e-01,-4.886746406555175781e-01,-1.793574392795562744e-01,3.159002661705017090e-01
4.055924117565155029e-01,-4.903808832168579102e-01,-1.789349764585494995e-01,3.163150548934936523e-01
4.053048491477966309e-01,-4.920660853385925293e-01,-1.785171627998352051e-01,3.167268037796020508e-01
4.050174355506896973e-01,-4.937301874160766602e-01,-1.781040132045745850e-01,3.171355426311492920e-01
4.047297835350036621e-01,-4.953732788562774658e-01,-1.776956319808959961e-01,3.175412416458129883e-01
4.044420123100280762e-01,-4.969956278800964355e-01,-1.772920191287994385e-01,3.179443180561065674e-01
4.041543006896972656e-01,-4.985978603363037109e-01,-1.768928766250610352e-01,3.183444142341613770e-01
4.038662016391754150e-01,-5.001795291900634766e-01,-1.764981448650360107e-01,3.187410235404968262e-01
4.035782814025878906e-01,-5.017414093017578125e-01,-1.761081814765930176e-01,3.191351294517517090e-01
4.032899141311645508e-01,-5.032834410667419434e-01,-1.757221519947052002e-01,3.195259571075439453e-01
4.030016362667083740e-01,-5.048056840896606445e-01,-1.753408610820770264e-01,3.199139535427093506e-01
4.027131497859954834e-01,-5.063092708587646484e-01,-1.749634444713592529e-01,3.202984929084777832e-01
4.024246335029602051e-01,-5.077931284904479980e-01,-1.745905429124832153e-01,3.206803202629089355e-01
4.021359384059906006e-01,-5.092579722404479980e-01,-1.742217391729354858e-01,3.210591673851013184e-01
4.018468260765075684e-01,-5.107042789459228516e-01,-1.738566756248474121e-01,3.214344978332519531e-01
4.015578627586364746e-01,-5.121319293975830078e-01,-1.734960377216339111e-01,3.218069672584533691e-01
4.012685418128967285e-01,-5.135411024093627930e-01,-1.731392741203308105e-01,3.221765160560607910e-01
4.009792804718017578e-01,-5.149324536323547363e-01,-1.727863252162933350e-01,3.225426077842712402e-01
4.006896913051605225e-01,-5.163051486015319824e-01,-1.724374741315841675e-01,3.229060173034667969e-01
4.004002213478088379e-01,-5.176604390144348145e-01,-1.720924675464630127e-01,3.232660591602325439e-01
4.001100957393646240e-01,-5.189981460571289062e-01,-1.717509627342224121e-01,3.236230015754699707e-01
3.998203873634338379e-01,-5.203181505203247070e-01,-1.714135706424713135e-01,3.239770531654357910e-01
3.995301723480224609e-01,-5.216209292411804199e-01,-1.710797399282455444e-01,3.243280053138732910e-01
3.992398977279663086e-01,-5.229067802429199219e-01,-1.707494854927062988e-01,3.246755599975585938e-01
3.989494740962982178e-01,-5.241758227348327637e-01,-1.704227030277252197e-01,3.250200450420379639e-01
3.986590504646301270e-01,-5.254279375076293945e-01,-1.700996458530426025e-01,3.253613114356994629e-01
3.983680009841918945e-01,-5.266624689102172852e-01,-1.697802692651748657e-01,3.256996870040893555e-01
3.980771303176879883e-01,-5.278811454772949219e-01,-1.694641113281250000e-01,3.260346651077270508e-01
3.977859020233154297e-01,-5.290834903717041016e-01,-1.691514253616333008e-01,3.263664841651916504e-01
3.974944949150085449e-01,-5.302694439888000488e-01,-1.688421517610549927e-01,3.266950845718383789e-01
3.972031474113464355e-01,-5.314394831657409668e-01,-1.685362607240676880e-01,3.270205259323120117e-01
3.969115018844604492e-01,-5.325934886932373047e-01,-1.682335883378982544e-01,3.273428380489349365e-01
3.966197669506072998e-01,-5.337315797805786133e-01,-1.679344326257705688e-01,3.276622295379638672e-01
3.963278532028198242e-01,-5.348544120788574219e-01,-1.676383465528488159e-01,3.279783129692077637e-01
3.960356116294860840e-01,-5.359614491462707520e-01,-1.673455983400344849e-01,3.282912969589233398e-01
3.957430124282836914e-01,-5.370534658432006836e-01,-1.670556068420410156e-01,3.286007344722747803e-01
3.954504728317260742e-01,-5.381301641464233398e-01,-1.667689979076385498e-01,3.289073109626770020e-01
3.951579928398132324e-01,-5.391918420791625977e-01,-1.664855927228927612e-01,3.292109072208404541e-01
3.948652148246765137e-01,-5.402382612228393555e-01,-1.662052124738693237e-01,3.295110464096069336e-01
3.945719003677368164e-01,-5.412705540657043457e-01,-1.659275442361831665e-01,3.298079967498779297e-01
3.942786455154418945e-01,-5.422874689102172852e-01,-1.656531244516372681e-01,3.301019370555877686e-01
3.939853906631469727e-01,-5.432898998260498047e-01,-1.653819829225540161e-01,3.303930759429931641e-01
3.936917781829833984e-01,-5.442780256271362305e-01,-1.651133000850677490e-01,3.306804299354553223e-01
3.933978676795959473e-01,-5.452520847320556641e-01,-1.648474484682083130e-01,3.309647738933563232e-01
3.931038677692413330e-01,-5.462116003036499023e-01,-1.645847260951995850e-01,3.312461376190185547e-01
3.928096294403076172e-01,-5.471570491790771484e-01,-1.643248498439788818e-01,3.315241932868957520e-01
3.925153017044067383e-01,-5.480888485908508301e-01,-1.640674471855163574e-01,3.317987918853759766e-01
3.922206759452819824e-01,-5.490062832832336426e-01,-1.638131141662597656e-01,3.320708274841308594e-01
3.919259607791900635e-01,-5.499102473258972168e-01,-1.635614037513732910e-01,3.323392868041992188e-01
3.916310966014862061e-01,-5.508004426956176758e-01,-1.633124798536300659e-01,3.326045870780944824e-01
3.913359642028808594e-01,-5.516772270202636719e-01,-1.630661338567733765e-01,3.328667283058166504e-01
3.910406231880187988e-01,-5.525403022766113281e-01,-1.628224402666091919e-01,3.331255614757537842e-01
3.907451629638671875e-01,-5.533900856971740723e-01,-1.625815480947494507e-01,3.333815932273864746e-01
3.904492259025573730e-01,-5.542267560958862305e-01,-1.623429208993911743e-01,3.336341679096221924e-01
3.901531696319580078e-01,-5.550501346588134766e-01,-1.621070057153701782e-01,3.338833153247833252e-01
3.898575305938720703e-01,-5.558646321296691895e-01,-1.618738025426864624e-01,3.341321945190429688e-01
3.895618915557861328e-01,-5.566671490669250488e-01,-1.616429388523101807e-01,3.343778848648071289e-01
3.892658054828643799e-01,-5.574577450752258301e-01,-1.614143848419189453e-01,3.346209824085235596e-01
3.889696002006530762e-01,-5.582357645034790039e-01,-1.611884236335754395e-01,3.348608314990997314e-01
3.886733651161193848e-01,-5.590021610260009766e-01,-1.609646826982498169e-01,3.350979387760162354e-01
3.883768320083618164e-01,-5.597559213638305664e-01,-1.607437133789062500e-01,3.353325128555297852e-01
3.880800604820251465e-01,-5.604984164237976074e-01,-1.605248302221298218e-01,3.355641067028045654e-01
3.877834081649780273e-01,-5.612286329269409180e-01,-1.603085994720458984e-01,3.357929587364196777e-01
3.874865472316741943e-01,-5.619477629661560059e-01,-1.600944846868515015e-01,3.360189497470855713e-01
3.871895074844360352e-01,-5.626552700996398926e-01,-1.598826944828033447e-01,3.362421393394470215e-01
3.868924379348754883e-01,-5.633510947227478027e-01,-1.596733778715133667e-01,3.364627063274383545e-01
3.865950107574462891e-01,-5.640358328819274902e-01,-1.594662219285964966e-01,3.366806507110595703e-01
3.862976729869842529e-01,-5.647090673446655273e-01,-1.592615246772766113e-01,3.368960618972778320e-01
3.860001266002655029e-01,-5.653716325759887695e-01,-1.590587198734283447e-01,3.371081352233886719e-01
3.857024312019348145e-01,-5.660232305526733398e-01,-1.588581204414367676e-01,3.373175859451293945e-01
3.854046463966369629e-01,-5.666635036468505859e-01,-1.586600840091705322e-01,3.375247716903686523e-01
3.851066827774047852e-01,-5.672931671142578125e-01,-1.584639996290206909e-01,3.377291858196258545e-01
3.848087191581726074e-01,-5.679120421409606934e-01,-1.582701802253723145e-01,3.379311561584472656e-01
3.845102787017822266e-01,-5.685202479362487793e-01,-1.580782830715179443e-01,3.381299972534179688e-01
3.842118978500366211e-01,-5.691183209419250488e-01,-1.578885316848754883e-01,3.383266329765319824e-01
3.839137256145477295e-01,-5.697054266929626465e-01,-1.577012240886688232e-01,3.385206758975982666e-01
3.836151361465454102e-01,-5.702823400497436523e-01,-1.575157195329666138e-01,3.387119174003601074e-01
3.833163380622863770e-01,-5.708492398262023926e-01,-1.573321670293807983e-01,3.389006853103637695e-01
3.830177187919616699e-01,-5.714059472084045410e-01,-1.571508646011352539e-01,3.390867710113525391e-01
3.827187418937683105e-01,-5.719522237777709961e-01,-1.569716483354568481e-01,3.392704725265502930e-01
3.824199140071868896e-01,-5.724889039993286133e-01,-1.567942351102828979e-01,3.394517302513122559e-01
3.821206688880920410e-01,-5.730150341987609863e-01,-1.566191762685775757e-01,3.396307229995727539e-01
3.818214535713195801e-01,-5.735324621200561523e-01,-1.564454585313796997e-01,3.398064970970153809e-01
3.815222084522247314e-01,-5.740392804145812988e-01,-1.562742143869400024e-01,3.399803340435028076e-01
3.812229633331298828e-01,-5.745375752449035645e-01,-1.561047881841659546e-01,3.401520252227783203e-01
3.809233307838439941e-01,-5.750265717506408691e-01,-1.559372693300247192e-01,3.403216600418090820e-01
3.806238472461700439e-01,-5.755065679550170898e-01,-1.557715088129043579e-01,3.404887616634368896e-01
3.803244531154632568e-01,-5.759767889976501465e-01,-1.556081026792526245e-01,3.406537771224975586e-01
3.800245523452758789e-01,-5.764381885528564453e-01,-1.554460227489471436e-01,3.408160805702209473e-01
3.797249495983123779e-01,-5.768902301788330078e-01,-1.552862077951431274e-01,3.409764766693115234e-01
3.794248700141906738e-01,-5.773331522941589355e-01,-1.551281362771987915e-01,3.411347270011901855e-01
3.791248202323913574e-01,-5.777677297592163086e-01,-1.549716293811798096e-01,3.412901163101196289e-01
3.788250088691711426e-01,-5.781929492950439453e-01,-1.548173576593399048e-01,3.414437770843505859e-01
3.785248398780822754e-01,-5.786092281341552734e-01,-1.546647846698760986e-01,3.415950536727905273e-01
3.782247006893157959e-01,-5.790175199508666992e-01,-1.545137465000152588e-01,3.417438566684722900e-01
3.779245018959045410e-01,-5.794164538383483887e-01,-1.543648540973663330e-01,3.418908715248107910e-01
3.776242733001708984e-01,-5.798070430755615234e-01,-1.542176008224487305e-01,3.420357704162597656e-01
3.773239850997924805e-01,-5.801888704299926758e-01,-1.540723443031311035e-01,3.421784043312072754e-01
3.770232796669006348e-01,-5.805628299713134766e-01,-1.539283543825149536e-01,3.423188924789428711e-01
3.767227232456207275e-01,-5.809280872344970703e-01,-1.537862867116928101e-01,3.424570262432098389e-01
3.764223456382751465e-01,-5.812855362892150879e-01,-1.536459028720855713e-01,3.425932228565216064e-01
3.761218488216400146e-01,-5.816342234611511230e-01,-1.535075157880783081e-01,3.427274823188781738e-01
3.758212029933929443e-01,-5.819750428199768066e-01,-1.533705741167068481e-01,3.428596854209899902e-01
3.755203485488891602e-01,-5.823076963424682617e-01,-1.532353162765502930e-01,3.429896235466003418e-01
3.752197325229644775e-01,-5.826324820518493652e-01,-1.531017571687698364e-01,3.431177139282226562e-01
3.749184012413024902e-01,-5.829491019248962402e-01,-1.529697626829147339e-01,3.432436585426330566e-01
3.746181130409240723e-01,-5.832578539848327637e-01,-1.528398394584655762e-01,3.433678150177001953e-01
3.743169307708740234e-01,-5.835591554641723633e-01,-1.527110636234283447e-01,3.434897661209106445e-01
3.740159273147583008e-01,-5.838525891304016113e-01,-1.525839418172836304e-01,3.436096906661987305e-01
3.737148344516754150e-01,-5.841387510299682617e-01,-1.524583548307418823e-01,3.437274098396301270e-01
3.734138011932373047e-01,-5.844162106513977051e-01,-1.523347944021224976e-01,3.438438177108764648e-01
3.731127381324768066e-01,-5.846865177154541016e-01,-1.522128432989120483e-01,3.439583182334899902e-01
3.728115856647491455e-01,-5.849498510360717773e-01,-1.520921438932418823e-01,3.440705239772796631e-01
3.725102543830871582e-01,-5.852062106132507324e-01,-1.519728153944015503e-01,3.441809713840484619e-01
3.722093701362609863e-01,-5.854552388191223145e-01,-1.518557369709014893e-01,3.442907333374023438e-01
3.719080388545989990e-01,-5.856978297233581543e-01,-1.517395526170730591e-01,3.443980216979980469e-01
3.716068863868713379e-01,-5.859326720237731934e-01,-1.516253352165222168e-01,3.445038795471191406e-01
3.713058829307556152e-01,-5.861608982086181641e-01,-1.515125483274459839e-01,3.446077704429626465e-01
3.710047006607055664e-01,-5.863820910453796387e-01,-1.514013260602951050e-01,3.447102308273315430e-01
3.707032799720764160e-01,-5.865961313247680664e-01,-1.512914746999740601e-01,3.448107838630676270e-01
3.704020082950592041e-01,-5.868033170700073242e-01,-1.511831730604171753e-01,3.449095785617828369e-01
3.701008856296539307e-01,-5.870040059089660645e-01,-1.510763913393020630e-01,3.450069427490234375e-01
3.697996139526367188e-01,-5.871978998184204102e-01,-1.509709209203720093e-01,3.451021313667297363e-01
3.694983422756195068e-01,-5.873848199844360352e-01,-1.508672088384628296e-01,3.451964259147644043e-01
3.691970705986022949e-01,-5.875656604766845703e-01,-1.507645845413208008e-01,3.452883660793304443e-01
3.688958883285522461e-01,-5.877391099929809570e-01,-1.506639271974563599e-01,3.453794121742248535e-01
3.685944676399230957e-01,-5.879065394401550293e-01,-1.505643576383590698e-01,3.454684019088745117e-01
3.682931363582611084e-01,-5.880674123764038086e-01,-1.504663676023483276e-01,3.455561995506286621e-01
3.679918348789215088e-01,-5.882220268249511719e-01,-1.503696590662002563e-01,3.456419408321380615e-01
3.676905930042266846e-01,-5.883702635765075684e-01,-1.502744555473327637e-01,3.457264900207519531e-01
3.673892319202423096e-01,-5.885120034217834473e-01,-1.501807123422622681e-01,3.458095192909240723e-01
3.670879602432250977e-01,-5.886475443840026855e-01,-1.500883251428604126e-01,3.458909988403320312e-01
3.667868375778198242e-01,-5.887770652770996094e-01,-1.499972343444824219e-01,3.459708690643310547e-01
3.664854168891906738e-01,-5.889004468917846680e-01,-1.499076038599014282e-01,3.460493981838226318e-01
3.661842942237854004e-01,-5.890175700187683105e-01,-1.498194932937622070e-01,3.461265563964843750e-01
3.658828735351562500e-01,-5.891287922859191895e-01,-1.497324407100677490e-01,3.462019562721252441e-01
3.655816316604614258e-01,-5.892339944839477539e-01,-1.496469974517822266e-01,3.462762534618377686e-01
3.652807474136352539e-01,-5.893327593803405762e-01,-1.495630890130996704e-01,3.463491201400756836e-01
3.649792969226837158e-01,-5.894262790679931641e-01,-1.494801938533782959e-01,3.464204967021942139e-01
3.646780848503112793e-01,-5.895138382911682129e-01,-1.493986248970031738e-01,3.464903831481933594e-01
3.643769621849060059e-01,-5.895953178405761719e-01,-1.493186056613922119e-01,3.465591073036193848e-01
3.640756607055664062e-01,-5.896715521812438965e-01,-1.492394506931304932e-01,3.466258645057678223e-01
3.637745976448059082e-01,-5.897419452667236328e-01,-1.491620093584060669e-01,3.466920256614685059e-01
3.634735941886901855e-01,-5.898070931434631348e-01,-1.490857899188995361e-01,3.467569351196289062e-01
3.631727695465087891e-01,-5.898668169975280762e-01,-1.490110307931900024e-01,3.468207418918609619e-01
3.628717064857482910e-01,-5.899208188056945801e-01,-1.489374637603759766e-01,3.468832969665527344e-01
3.625707030296325684e-01,-5.899695158004760742e-01,-1.488651037216186523e-01,3.469445705413818359e-01
3.622697591781616211e-01,-5.900126099586486816e-01,-1.487942487001419067e-01,3.470048308372497559e-01
3.619691133499145508e-01,-5.900508761405944824e-01,-1.487244963645935059e-01,3.470636904239654541e-01
3.616683483123779297e-01,-5.900837182998657227e-01,-1.486558914184570312e-01,3.471209406852722168e-01
3.613674342632293701e-01,-5.901107192039489746e-01,-1.485888063907623291e-01,3.471775650978088379e-01
3.610667586326599121e-01,-5.901330113410949707e-01,-1.485228389501571655e-01,3.472328782081604004e-01
3.607658445835113525e-01,-5.901502370834350586e-01,-1.484578549861907959e-01,3.472869396209716797e-01
3.604654073715209961e-01,-5.901626944541931152e-01,-1.483941823244094849e-01,3.473397493362426758e-01
3.601646423339843750e-01,-5.901690721511840820e-01,-1.483320444822311401e-01,3.473917841911315918e-01
3.598640561103820801e-01,-5.901709794998168945e-01,-1.482708454132080078e-01,3.474424183368682861e-01
3.595636487007141113e-01,-5.901676416397094727e-01,-1.482111364603042603e-01,3.474922478199005127e-01
3.592631816864013672e-01,-5.901595354080200195e-01,-1.481524705886840820e-01,3.475407063961029053e-01
3.589626550674438477e-01,-5.901463031768798828e-01,-1.480950564146041870e-01,3.475884795188903809e-01
3.586623072624206543e-01,-5.901284813880920410e-01,-1.480387002229690552e-01,3.476347029209136963e-01
3.583621382713317871e-01,-5.901055932044982910e-01,-1.479837298393249512e-01,3.476803302764892578e-01
3.580619096755981445e-01,-5.900776982307434082e-01,-1.479299813508987427e-01,3.477247357368469238e-01
3.577617406845092773e-01,-5.900452733039855957e-01,-1.478773206472396851e-01,3.477683663368225098e-01
3.574613332748413086e-01,-5.900083780288696289e-01,-1.478256136178970337e-01,3.478106260299682617e-01
3.571614027023315430e-01,-5.899663567543029785e-01,-1.477753967046737671e-01,3.478519916534423828e-01
3.568612337112426758e-01,-5.899200439453125000e-01,-1.477261185646057129e-01,3.478925228118896484e-01
3.565611839294433594e-01,-5.898689627647399902e-01,-1.476780474185943604e-01,3.479318618774414062e-01
3.562614321708679199e-01,-5.898135304450988770e-01,-1.476310640573501587e-01,3.479701280593872070e-01
3.559616208076477051e-01,-5.897533893585205078e-01,-1.475852727890014648e-01,3.480079174041748047e-01
3.556616902351379395e-01,-5.896885991096496582e-01,-1.475405991077423096e-01,3.480444848537445068e-01
3.553621470928192139e-01,-5.896195769309997559e-01,-1.474970728158950806e-01,3.480799794197082520e-01
3.550625145435333252e-01,-5.895456671714782715e-01,-1.474548876285552979e-01,3.481149673461914062e-01
3.547630012035369873e-01,-5.894683599472045898e-01,-1.474136561155319214e-01,3.481493592262268066e-01
3.544634580612182617e-01,-5.893866419792175293e-01,-1.473734825849533081e-01,3.481827974319458008e-01
3.541640341281890869e-01,-5.893010497093200684e-01,-1.473342925310134888e-01,3.482153713703155518e-01
3.538647890090942383e-01,-5.892105102539062500e-01,-1.472965180873870850e-01,3.482473492622375488e-01
3.535654544830322266e-01,-5.891165733337402344e-01,-1.472595036029815674e-01,3.482780456542968750e-01
3.532665371894836426e-01,-5.890180468559265137e-01,-1.472238898277282715e-01,3.483083844184875488e-01
3.529674410820007324e-01,-5.889158844947814941e-01,-1.471890211105346680e-01,3.483377099037170410e-01
3.526683449745178223e-01,-5.888090133666992188e-01,-1.471555531024932861e-01,3.483664989471435547e-01
3.523693978786468506e-01,-5.886985063552856445e-01,-1.471228450536727905e-01,3.483940958976745605e-01
3.520706295967102051e-01,-5.885837078094482422e-01,-1.470913738012313843e-01,3.484213352203369141e-01
3.517717421054840088e-01,-5.884652137756347656e-01,-1.470608860254287720e-01,3.484477698802947998e-01
3.514730334281921387e-01,-5.883421301841735840e-01,-1.470318287611007690e-01,3.484736382961273193e-01
3.511747717857360840e-01,-5.882157087326049805e-01,-1.470035463571548462e-01,3.484986424446105957e-01
3.508762121200561523e-01,-5.880855917930603027e-01,-1.469761878252029419e-01,3.485229015350341797e-01
3.505777120590209961e-01,-5.879510641098022461e-01,-1.469500958919525146e-01,3.485464453697204590e-01
3.502793312072753906e-01,-5.878129601478576660e-01,-1.469249427318572998e-01,3.485695719718933105e-01
3.499810099601745605e-01,-5.876712799072265625e-01,-1.469006091356277466e-01,3.485915362834930420e-01
3.496828377246856689e-01,-5.875259637832641602e-01,-1.468773335218429565e-01,3.486129641532897949e-01
3.493849635124206543e-01,-5.873767137527465820e-01,-1.468552201986312866e-01,3.486338853836059570e-01
3.490869402885437012e-01,-5.872235894203186035e-01,-1.468341499567031860e-01,3.486542403697967529e-01
3.487890362739562988e-01,-5.870671272277832031e-01,-1.468140035867691040e-01,3.486737608909606934e-01
3.484912514686584473e-01,-5.869065523147583008e-01,-1.467950195074081421e-01,3.486929535865783691e-01
3.481934666633605957e-01,-5.867429971694946289e-01,-1.467766314744949341e-01,3.487110137939453125e-01
3.478961586952209473e-01,-5.865755081176757812e-01,-1.467597037553787231e-01,3.487290143966674805e-01
3.475986123085021973e-01,-5.864043831825256348e-01,-1.467434763908386230e-01,3.487460613250732422e-01
3.473008871078491211e-01,-5.862303972244262695e-01,-1.467280089855194092e-01,3.487622141838073730e-01
3.470035791397094727e-01,-5.860521197319030762e-01,-1.467139869928359985e-01,3.487784564495086670e-01
3.467062711715698242e-01,-5.858706831932067871e-01,-1.467007249593734741e-01,3.487938642501831055e-01
3.464092016220092773e-01,-5.856856703758239746e-01,-1.466885358095169067e-01,3.488087654113769531e-01
3.461120724678039551e-01,-5.854976773262023926e-01,-1.466771662235260010e-01,3.488234281539916992e-01
3.458153009414672852e-01,-5.853067040443420410e-01,-1.466667354106903076e-01,3.488371968269348145e-01
3.455185890197753906e-01,-5.851119160652160645e-01,-1.466574519872665405e-01,3.488506972789764404e-01
3.452217876911163330e-01,-5.849143266677856445e-01,-1.466488391160964966e-01,3.488635420799255371e-01
3.449249565601348877e-01,-5.847131013870239258e-01,-1.466412693262100220e-01,3.488760292530059814e-01
3.446286022663116455e-01,-5.845091342926025391e-01,-1.466346532106399536e-01,3.488879799842834473e-01
3.443321287631988525e-01,-5.843014717102050781e-01,-1.466290950775146484e-01,3.488997817039489746e-01
3.440360426902770996e-01,-5.840909481048583984e-01,-1.466243118047714233e-01,3.489107489585876465e-01
3.437399268150329590e-01,-5.838769674301147461e-01,-1.466206461191177368e-01,3.489213883876800537e-01
3.434436321258544922e-01,-5.836600661277770996e-01,-1.466177254915237427e-01,3.489316105842590332e-01
3.431477248668670654e-01,-5.834404230117797852e-01,-1.466155201196670532e-01,3.489412665367126465e-01
3.428517580032348633e-01,-5.832174420356750488e-01,-1.466144472360610962e-01,3.489504158496856689e-01
3.425561189651489258e-01,-5.829913616180419922e-01,-1.466142982244491577e-01,3.489593863487243652e-01
3.422605395317077637e-01,-5.827624797821044922e-01,-1.466149836778640747e-01,3.489678800106048584e-01
3.419649302959442139e-01,-5.825304985046386719e-01,-1.466164737939834595e-01,3.489757776260375977e-01
3.416694700717926025e-01,-5.822952389717102051e-01,-1.466192454099655151e-01,3.489836454391479492e-01
3.413739204406738281e-01,-5.820576548576354980e-01,-1.466222703456878662e-01,3.489908874034881592e-01
3.410789370536804199e-01,-5.818165540695190430e-01,-1.466268599033355713e-01,3.489980399608612061e-01
3.407838642597198486e-01,-5.815731883049011230e-01,-1.466318666934967041e-01,3.490045666694641113e-01
3.404888510704040527e-01,-5.813269019126892090e-01,-1.466378271579742432e-01,3.490107953548431396e-01
3.401937484741210938e-01,-5.810776352882385254e-01,-1.466445028781890869e-01,3.490163087844848633e-01
3.398991227149963379e-01,-5.808256268501281738e-01,-1.466522812843322754e-01,3.490220606327056885e-01
3.396046161651611328e-01,-5.805706977844238281e-01,-1.466609239578247070e-01,3.490271568298339844e-01
3.393099308013916016e-01,-5.803129673004150391e-01,-1.466704607009887695e-01,3.490321934223175049e-01
3.390154242515563965e-01,-5.800526738166809082e-01,-1.466806381940841675e-01,3.490368127822875977e-01
3.387212753295898438e-01,-5.797896981239318848e-01,-1.466917991638183594e-01,3.490410447120666504e-01
3.384269475936889648e-01,-5.795240998268127441e-01,-1.467036455869674683e-01,3.490449786186218262e-01
3.381329774856567383e-01,-5.792562365531921387e-01,-1.467162817716598511e-01,3.490482568740844727e-01
3.378389477729797363e-01,-5.789849758148193359e-01,-1.467299610376358032e-01,3.490518331527709961e-01
3.375451564788818359e-01,-5.787115693092346191e-01,-1.467444002628326416e-01,3.490548431873321533e-01
3.372514247894287109e-01,-5.784354805946350098e-01,-1.467596292495727539e-01,3.490576744079589844e-01
3.369576930999755859e-01,-5.781567096710205078e-01,-1.467757523059844971e-01,3.490603566169738770e-01
3.366643190383911133e-01,-5.778757333755493164e-01,-1.467926949262619019e-01,3.490626215934753418e-01
3.363708853721618652e-01,-5.775921344757080078e-01,-1.468102186918258667e-01,3.490644991397857666e-01
3.360776305198669434e-01,-5.773060321807861328e-01,-1.468286812305450439e-01,3.490661978721618652e-01
3.357844054698944092e-01,-5.770171284675598145e-01,-1.468481123447418213e-01,3.490678668022155762e-01
3.354912996292114258e-01,-5.767266154289245605e-01,-1.468678116798400879e-01,3.490689396858215332e-01
3.351986408233642578e-01,-5.764329433441162109e-01,-1.468888670206069946e-01,3.490702509880065918e-01
3.349059224128723145e-01,-5.761373043060302734e-01,-1.469104588031768799e-01,3.490709662437438965e-01
3.346131145954132080e-01,-5.758392214775085449e-01,-1.469327807426452637e-01,3.490715026855468750e-01
3.343206346035003662e-01,-5.755382180213928223e-01,-1.469562053680419922e-01,3.490721583366394043e-01
3.340283930301666260e-01,-5.752357840538024902e-01,-1.469800323247909546e-01,3.490722179412841797e-01
3.337359428405761719e-01,-5.749304294586181641e-01,-1.470048278570175171e-01,3.490725159645080566e-01
3.334439992904663086e-01,-5.746229290962219238e-01,-1.470304429531097412e-01,3.490726053714752197e-01
3.331519067287445068e-01,-5.743131041526794434e-01,-1.470566689968109131e-01,3.490720391273498535e-01
3.328595459461212158e-01,-5.740017294883728027e-01,-1.470832526683807373e-01,3.490713834762573242e-01
3.325679898262023926e-01,-5.736871957778930664e-01,-1.471113413572311401e-01,3.490708768367767334e-01
3.322765231132507324e-01,-5.733708143234252930e-01,-1.471400409936904907e-01,3.490704298019409180e-01
3.319846987724304199e-01,-5.730523467063903809e-01,-1.471691131591796875e-01,3.490693569183349609e-01
3.316934406757354736e-01,-5.727318525314331055e-01,-1.471991389989852905e-01,3.490682840347290039e-01
3.314022421836853027e-01,-5.724091529846191406e-01,-1.472298651933670044e-01,3.490671217441558838e-01
3.311109840869903564e-01,-5.720843076705932617e-01,-1.472612023353576660e-01,3.490655422210693359e-01
3.308198451995849609e-01,-5.717569589614868164e-01,-1.472934782505035400e-01,3.490641713142395020e-01
3.305288553237915039e-01,-5.714282989501953125e-01,-1.473262012004852295e-01,3.490625321865081787e-01
3.302382826805114746e-01,-5.710966587066650391e-01,-1.473601311445236206e-01,3.490610718727111816e-01
3.299476504325866699e-01,-5.707639455795288086e-01,-1.473942995071411133e-01,3.490590751171112061e-01
3.296570479869842529e-01,-5.704288482666015625e-01,-1.474293917417526245e-01,3.490571677684783936e-01
3.293667435646057129e-01,-5.700914263725280762e-01,-1.474652886390686035e-01,3.490553498268127441e-01
3.290761709213256836e-01,-5.697525739669799805e-01,-1.475015282630920410e-01,3.490530848503112793e-01
3.287862837314605713e-01,-5.694113373756408691e-01,-1.475388407707214355e-01,3.490509986877441406e-01
3.284960687160491943e-01,-5.690682530403137207e-01,-1.475766003131866455e-01,3.490485548973083496e-01
3.282063007354736328e-01,-5.687232613563537598e-01,-1.476151943206787109e-01,3.490461409091949463e-01
3.279163539409637451e-01,-5.683766603469848633e-01,-1.476543247699737549e-01,3.490437269210815430e-01
3.276267945766448975e-01,-5.680275559425354004e-01,-1.476944684982299805e-01,3.490414619445800781e-01
3.273372054100036621e-01,-5.676768422126770020e-01,-1.477350890636444092e-01,3.490387797355651855e-01
3.270479142665863037e-01,-5.673243999481201172e-01,-1.477763205766677856e-01,3.490360379219055176e-01
3.267585337162017822e-01,-5.669704675674438477e-01,-1.478180587291717529e-01,3.490332067012786865e-01
3.264694809913635254e-01,-5.666142702102661133e-01,-1.478606760501861572e-01,3.490304946899414062e-01
3.261806070804595947e-01,-5.662565231323242188e-01,-1.479040384292602539e-01,3.490279316902160645e-01
3.258917331695556641e-01,-5.658965706825256348e-01,-1.479482054710388184e-01,3.490253090858459473e-01
3.256031274795532227e-01,-5.655353069305419922e-01,-1.479927003383636475e-01,3.490223288536071777e-01
3.253144919872283936e-01,-5.651720762252807617e-01,-1.480379998683929443e-01,3.490195274353027344e-01
3.250258564949035645e-01,-5.648070573806762695e-01,-1.480839252471923828e-01,3.490167260169982910e-01
3.247376680374145508e-01,-5.644407272338867188e-01,-1.481305062770843506e-01,3.490138053894042969e-01
3.244493007659912109e-01,-5.640725493431091309e-01,-1.481776535511016846e-01,3.490110039710998535e-01
3.241613507270812988e-01,-5.637025833129882812e-01,-1.482256650924682617e-01,3.490083813667297363e-01
3.238734006881713867e-01,-5.633313655853271484e-01,-1.482740044593811035e-01,3.490054011344909668e-01
3.235855102539062500e-01,-5.629580020904541016e-01,-1.483232080936431885e-01,3.490025997161865234e-01
3.232976794242858887e-01,-5.625835061073303223e-01,-1.483727991580963135e-01,3.489996790885925293e-01
3.230101764202117920e-01,-5.622070431709289551e-01,-1.484232544898986816e-01,3.489968180656433105e-01
3.227227926254272461e-01,-5.618295669555664062e-01,-1.484741270542144775e-01,3.489939570426940918e-01
3.224353194236755371e-01,-5.614497065544128418e-01,-1.485258042812347412e-01,3.489914536476135254e-01
3.221481442451477051e-01,-5.610688328742980957e-01,-1.485780775547027588e-01,3.489888310432434082e-01
3.218612372875213623e-01,-5.606864690780639648e-01,-1.486309766769409180e-01,3.489862084388732910e-01
3.215745091438293457e-01,-5.603027343750000000e-01,-1.486843526363372803e-01,3.489835858345031738e-01
3.212875127792358398e-01,-5.599175095558166504e-01,-1.487382650375366211e-01,3.489809036254882812e-01
3.210008442401885986e-01,-5.595307350158691406e-01,-1.487928628921508789e-01,3.489785790443420410e-01
3.207145035266876221e-01,-5.591422915458679199e-01,-1.488482356071472168e-01,3.489762544631958008e-01
3.204281628131866455e-01,-5.587526559829711914e-01,-1.489041447639465332e-01,3.489740490913391113e-01
3.201420009136199951e-01,-5.583615303039550781e-01,-1.489605903625488281e-01,3.489717245101928711e-01
3.198556900024414062e-01,-5.579690337181091309e-01,-1.490174978971481323e-01,3.489696383476257324e-01
3.195699453353881836e-01,-5.575751662254333496e-01,-1.490752547979354858e-01,3.489675521850585938e-01
3.192839920520782471e-01,-5.571801662445068359e-01,-1.491332948207855225e-01,3.489655554294586182e-01
3.189986050128936768e-01,-5.567833781242370605e-01,-1.491923183202743530e-01,3.489639163017272949e-01
3.187129795551300049e-01,-5.563857555389404297e-01,-1.492515504360198975e-01,3.489619791507720947e-01
3.184273242950439453e-01,-5.559866428375244141e-01,-1.493113934993743896e-01,3.489603400230407715e-01
3.181423246860504150e-01,-5.555860400199890137e-01,-1.493720710277557373e-01,3.489591479301452637e-01
3.178573250770568848e-01,-5.551846623420715332e-01,-1.494331061840057373e-01,3.489577174186706543e-01
3.175721764564514160e-01,-5.547815561294555664e-01,-1.494946181774139404e-01,3.489563465118408203e-01
3.172871470451354980e-01,-5.543775558471679688e-01,-1.495566815137863159e-01,3.489550948143005371e-01
3.170027136802673340e-01,-5.539726018905639648e-01,-1.496194005012512207e-01,3.489541411399841309e-01
3.167182505130767822e-01,-5.535660982131958008e-01,-1.496827006340026855e-01,3.489532470703125000e-01
3.164336681365966797e-01,-5.531581044197082520e-01,-1.497465670108795166e-01,3.489526510238647461e-01
3.161491155624389648e-01,-5.527498722076416016e-01,-1.498105973005294800e-01,3.489518761634826660e-01
3.158650696277618408e-01,-5.523396730422973633e-01,-1.498757004737854004e-01,3.489516377449035645e-01
3.155810236930847168e-01,-5.519286394119262695e-01,-1.499409973621368408e-01,3.489513397216796875e-01
3.152973651885986328e-01,-5.515165328979492188e-01,-1.500070989131927490e-01,3.489513397216796875e-01
3.150136470794677734e-01,-5.511031746864318848e-01,-1.500737071037292480e-01,3.489516377449035645e-01
3.147298693656921387e-01,-5.506891012191772461e-01,-1.501405239105224609e-01,3.489517569541931152e-01
3.144467771053314209e-01,-5.502736568450927734e-01,-1.502084136009216309e-01,3.489526510238647461e-01
3.141634762287139893e-01,-5.498571395874023438e-01,-1.502765715122222900e-01,3.489535450935363770e-01
3.138800561428070068e-01,-5.494398474693298340e-01,-1.503449082374572754e-01,3.489540815353393555e-01
3.135969936847686768e-01,-5.490214824676513672e-01,-1.504140794277191162e-01,3.489552736282348633e-01
3.133144378662109375e-01,-5.486019849777221680e-01,-1.504839956760406494e-01,3.489570617675781250e-01
3.130313456058502197e-01,-5.481821298599243164e-01,-1.505538225173950195e-01,3.489584922790527344e-01
3.127490580081939697e-01,-5.477608442306518555e-01,-1.506245732307434082e-01,3.489601016044616699e-01
3.124665021896362305e-01,-5.473386049270629883e-01,-1.506956368684768677e-01,3.489620089530944824e-01
3.121839463710784912e-01,-5.469136834144592285e-01,-1.507673561573028564e-01,3.489633500576019287e-01
3.119017779827117920e-01,-5.464880466461181641e-01,-1.508394479751586914e-01,3.489645123481750488e-01
3.116194605827331543e-01,-5.460613369941711426e-01,-1.509119570255279541e-01,3.489660918712615967e-01
3.113376200199127197e-01,-5.456335544586181641e-01,-1.509851366281509399e-01,3.489679992198944092e-01
3.110555708408355713e-01,-5.452049374580383301e-01,-1.510586738586425781e-01,3.489697575569152832e-01
3.107738196849822998e-01,-5.447750687599182129e-01,-1.511329710483551025e-01,3.489722013473510742e-01
3.104922473430633545e-01,-5.443446636199951172e-01,-1.512072980403900146e-01,3.489741981029510498e-01
3.102106153964996338e-01,-5.439131855964660645e-01,-1.512822508811950684e-01,3.489765822887420654e-01
3.099293708801269531e-01,-5.434809923171997070e-01,-1.513578891754150391e-01,3.489793241024017334e-01
3.096480071544647217e-01,-5.430474877357482910e-01,-1.514337062835693359e-01,3.489817976951599121e-01
3.093670308589935303e-01,-5.426132082939147949e-01,-1.515103280544281006e-01,3.489851057529449463e-01
3.090861141681671143e-01,-5.421780347824096680e-01,-1.515872627496719360e-01,3.489882349967956543e-01
3.088051080703735352e-01,-5.417420268058776855e-01,-1.516645550727844238e-01,3.489916920661926270e-01
3.085244297981262207e-01,-5.413052439689636230e-01,-1.517424285411834717e-01,3.489953279495239258e-01
3.082439005374908447e-01,-5.408676266670227051e-01,-1.518206894397735596e-01,3.489990830421447754e-01
3.079634904861450195e-01,-5.404291152954101562e-01,-1.518993675708770752e-01,3.490028977394104004e-01
3.076830506324768066e-01,-5.399898290634155273e-01,-1.519785523414611816e-01,3.490072488784790039e-01
3.074030280113220215e-01,-5.395493507385253906e-01,-1.520585268735885620e-01,3.490119874477386475e-01
3.071228861808776855e-01,-5.391086339950561523e-01,-1.521383523941040039e-01,3.490163683891296387e-01
3.068430721759796143e-01,-5.386667847633361816e-01,-1.522188782691955566e-01,3.490211069583892822e-01
3.065633475780487061e-01,-5.382244586944580078e-01,-1.522999256849288940e-01,3.490263223648071289e-01
3.062839508056640625e-01,-5.377812981605529785e-01,-1.523814797401428223e-01,3.490318357944488525e-01
3.060040473937988281e-01,-5.373370051383972168e-01,-1.524632573127746582e-01,3.490372896194458008e-01
3.057249188423156738e-01,-5.368922948837280273e-01,-1.525456607341766357e-01,3.490431308746337891e-01
3.054457902908325195e-01,-5.364470481872558594e-01,-1.526283621788024902e-01,3.490489721298217773e-01
3.051665127277374268e-01,-5.360009074211120605e-01,-1.527113616466522217e-01,3.490552604198455811e-01
3.048874735832214355e-01,-5.355539917945861816e-01,-1.527949273586273193e-01,3.490618169307708740e-01
3.046088814735412598e-01,-5.351064205169677734e-01,-1.528791189193725586e-01,3.490686714649200439e-01
3.043301105499267578e-01,-5.346581339836120605e-01,-1.529635190963745117e-01,3.490756154060363770e-01
3.040515184402465820e-01,-5.342093706130981445e-01,-1.530481725931167603e-01,3.490826189517974854e-01
3.037731349468231201e-01,-5.337598919868469238e-01,-1.531333923339843750e-01,3.490900397300720215e-01
3.034951090812683105e-01,-5.333095192909240723e-01,-1.532193720340728760e-01,3.490981459617614746e-01
3.032167553901672363e-01,-5.328590273857116699e-01,-1.533052027225494385e-01,3.491058945655822754e-01
3.029387891292572021e-01,-5.324074625968933105e-01,-1.533917188644409180e-01,3.491142988204956055e-01
3.026607632637023926e-01,-5.319553017616271973e-01,-1.534786224365234375e-01,3.491228818893432617e-01
3.023831546306610107e-01,-5.315029025077819824e-01,-1.535658538341522217e-01,3.491315245628356934e-01
3.021056056022644043e-01,-5.310494899749755859e-01,-1.536537110805511475e-01,3.491407334804534912e-01
3.018281161785125732e-01,-5.305957198143005371e-01,-1.537417322397232056e-01,3.491499125957489014e-01
3.015507459640502930e-01,-5.301414132118225098e-01,-1.538301706314086914e-01,3.491596877574920654e-01
3.012734055519104004e-01,-5.296866893768310547e-01,-1.539189219474792480e-01,3.491695225238800049e-01
3.009966015815734863e-01,-5.292313098907470703e-01,-1.540083289146423340e-01,3.491796553134918213e-01
3.007195889949798584e-01,-5.287756323814392090e-01,-1.540977209806442261e-01,3.491898179054260254e-01
3.004427850246429443e-01,-5.283187627792358398e-01,-1.541880667209625244e-01,3.492011129856109619e-01
3.001661300659179688e-01,-5.278618335723876953e-01,-1.542785167694091797e-01,3.492120802402496338e-01
2.998893260955810547e-01,-5.274046063423156738e-01,-1.543690711259841919e-01,3.492233753204345703e-01
2.996129691600799561e-01,-5.269469022750854492e-01,-1.544601619243621826e-01,3.492349088191986084e-01
2.993369996547698975e-01,-5.264881849288940430e-01,-1.545520424842834473e-01,3.492469787597656250e-01
2.990607321262359619e-01,-5.260294675827026367e-01,-1.546438187360763550e-01,3.492591381072998047e-01
2.987847328186035156e-01,-5.255700349807739258e-01,-1.547360420227050781e-01,3.492715954780578613e-01
2.985090315341949463e-01,-5.251106023788452148e-01,-1.548286974430084229e-01,3.492843806743621826e-01
2.982332706451416016e-01,-5.246507525444030762e-01,-1.549215912818908691e-01,3.492974638938903809e-01
2.979575991630554199e-01,-5.241902470588684082e-01,-1.550149768590927124e-01,3.493109345436096191e-01
2.976822853088378906e-01,-5.237290859222412109e-01,-1.551087796688079834e-01,3.493247926235198975e-01
2.974070012569427490e-01,-5.232678651809692383e-01,-1.552029848098754883e-01,3.493390083312988281e-01
2.971317768096923828e-01,-5.228062272071838379e-01,-1.552974432706832886e-01,3.493535518646240234e-01
2.968565225601196289e-01,-5.223443508148193359e-01,-1.553919315338134766e-01,3.493680357933044434e-01
2.965818047523498535e-01,-5.218820571899414062e-01,-1.554871201515197754e-01,3.493829369544982910e-01
2.963069677352905273e-01,-5.214194059371948242e-01,-1.555826663970947266e-01,3.493986427783966064e-01
2.960322499275207520e-01,-5.209543704986572266e-01,-1.556786298751831055e-01,3.494133949279785156e-01
2.957575321197509766e-01,-5.204888582229614258e-01,-1.557746231555938721e-01,3.494278192520141602e-01
2.954831719398498535e-01,-5.200225114822387695e-01,-1.558713018894195557e-01,3.494428396224975586e-01
2.952083945274353027e-01,-5.195561051368713379e-01,-1.559678316116333008e-01,3.494576811790466309e-01
2.949341237545013428e-01,-5.190894603729248047e-01,-1.560647785663604736e-01,3.494727909564971924e-01
2.946599423885345459e-01,-5.186218023300170898e-01,-1.561624109745025635e-01,3.494884669780731201e-01
2.943858206272125244e-01,-5.181539654731750488e-01,-1.562600135803222656e-01,3.495040535926818848e-01
2.941118478775024414e-01,-5.176857113838195801e-01,-1.563580334186553955e-01,3.495201468467712402e-01
2.938381433486938477e-01,-5.172168016433715820e-01,-1.564565151929855347e-01,3.495363593101501465e-01
2.935643792152404785e-01,-5.167475938796997070e-01,-1.565553396940231323e-01,3.495530188083648682e-01
2.932907640933990479e-01,-5.162781476974487305e-01,-1.566541939973831177e-01,3.495694398880004883e-01
2.930172383785247803e-01,-5.158079862594604492e-01,-1.567535996437072754e-01,3.495865166187286377e-01
2.927438914775848389e-01,-5.153374075889587402e-01,-1.568533778190612793e-01,3.496037125587463379e-01
2.924704551696777344e-01,-5.148668289184570312e-01,-1.569530963897705078e-01,3.496210575103759766e-01
2.921972870826721191e-01,-5.143955349922180176e-01,-1.570535004138946533e-01,3.496386110782623291e-01
2.919245660305023193e-01,-5.139237642288208008e-01,-1.571541130542755127e-01,3.496564924716949463e-01
2.916516661643981934e-01,-5.134517550468444824e-01,-1.572550386190414429e-01,3.496746420860290527e-01
2.913786172866821289e-01,-5.129791498184204102e-01,-1.573562324047088623e-01,3.496928811073303223e-01
2.911059260368347168e-01,-5.125065445899963379e-01,-1.574574857950210571e-01,3.497111201286315918e-01
2.908335626125335693e-01,-5.120333433151245117e-01,-1.575593352317810059e-01,3.497299551963806152e-01
2.905610799789428711e-01,-5.115599632263183594e-01,-1.576612591743469238e-01,3.497485518455505371e-01
2.902887761592864990e-01,-5.110856890678405762e-01,-1.577637195587158203e-01,3.497678637504577637e-01
2.900166213512420654e-01,-5.106112360954284668e-01,-1.578664928674697876e-01,3.497874140739440918e-01
2.897441387176513672e-01,-5.101365447044372559e-01,-1.579692214727401733e-01,3.498068451881408691e-01
2.894723117351531982e-01,-5.096616744995117188e-01,-1.580725014209747314e-01,3.498266935348510742e-01
2.892006039619445801e-01,-5.091861486434936523e-01,-1.581760942935943604e-01,3.498467803001403809e-01
2.889288961887359619e-01,-5.087100267410278320e-01,-1.582800000905990601e-01,3.498671650886535645e-01
2.886569499969482422e-01,-5.082342028617858887e-01,-1.583838313817977905e-01,3.498873710632324219e-01
2.883854508399963379e-01,-5.077576637268066406e-01,-1.584881246089935303e-01,3.499080538749694824e-01
2.881141602993011475e-01,-5.072808265686035156e-01,-1.585928499698638916e-01,3.499289751052856445e-01
2.878426611423492432e-01,-5.068032741546630859e-01,-1.586977690458297729e-01,3.499500155448913574e-01
2.875715196132659912e-01,-5.063259601593017578e-01,-1.588028818368911743e-01,3.499712944030761719e-01
2.873002886772155762e-01,-5.058480501174926758e-01,-1.589081883430480957e-01,3.499926626682281494e-01
2.870293557643890381e-01,-5.053699016571044922e-01,-1.590139567852020264e-01,3.500143289566040039e-01
2.867584526538848877e-01,-5.048908591270446777e-01,-1.591200679540634155e-01,3.500362038612365723e-01
2.864876091480255127e-01,-5.044121146202087402e-01,-1.592261791229248047e-01,3.500583767890930176e-01
2.862169444561004639e-01,-5.039331316947937012e-01,-1.593324840068817139e-01,3.500803112983703613e-01
2.859463691711425781e-01,-5.034532546997070312e-01,-1.594394445419311523e-01,3.501031398773193359e-01
2.856757044792175293e-01,-5.029731988906860352e-01,-1.595464646816253662e-01,3.501258492469787598e-01
2.854053676128387451e-01,-5.024932026863098145e-01,-1.596535444259643555e-01,3.501483201980590820e-01
2.851350903511047363e-01,-5.020123720169067383e-01,-1.597610414028167725e-01,3.501713275909423828e-01
2.848649621009826660e-01,-5.015315413475036621e-01,-1.598687916994094849e-01,3.501945137977600098e-01
2.848649621009826660e-01,-5.015315413475036621e-01,-1.598687916994094849e-01,3.501945137977600098e-01
2.848649621009826660e-01,-5.015315413475036621e-01,-1.598687916994094849e-01,3.501945137977600098e-01
2.802589535713195801e-01,-4.919961690902709961e-01,-1.472805440425872803e-01,3.255615234375000000e-01
2.770507037639617920e-01,-4.767924547195434570e-01,-1.402832120656967163e-01,3.061976134777069092e-01
2.748326063156127930e-01,-4.577078521251678467e-01,-1.372658461332321167e-01,2.907895743846893311e-01
2.733185291290283203e-01,-4.360273778438568115e-01,-1.370716392993927002e-01,2.783774137496948242e-01
2.722743153572082520e-01,-4.128903448581695557e-01,-1.386792957782745361e-01,2.680833339691162109e-01
2.715747952461242676e-01,-3.888839781284332275e-01,-1.415583044290542603e-01,2.594401836395263672e-01
2.711479663848876953e-01,-3.643246293067932129e-01,-1.454203724861145020e-01,2.521863281726837158e-01
2.709268927574157715e-01,-3.395294845104217529e-01,-1.499727070331573486e-01,2.460451722145080566e-01
2.708737254142761230e-01,-3.146731257438659668e-01,-1.550575196743011475e-01,2.408615201711654663e-01
2.709542512893676758e-01,-2.899096012115478516e-01,-1.605287045240402222e-01,2.364848852157592773e-01
2.711465358734130859e-01,-2.653324604034423828e-01,-1.662975251674652100e-01,2.328172624111175537e-01
2.714307308197021484e-01,-2.410295605659484863e-01,-1.722793579101562500e-01,2.297633588314056396e-01
2.717893123626708984e-01,-2.170752584934234619e-01,-1.783940494060516357e-01,2.272260636091232300e-01
2.722074985504150391e-01,-1.935374140739440918e-01,-1.845728456974029541e-01,2.251223921775817871e-01
2.726829946041107178e-01,-1.703863888978958130e-01,-1.908324956893920898e-01,2.234518229961395264e-01
2.732043266296386719e-01,-1.476757824420928955e-01,-1.971150487661361694e-01,2.221410721540451050e-01
2.737659811973571777e-01,-1.254065930843353271e-01,-2.034101635217666626e-01,2.211647033691406250e-01
2.743631005287170410e-01,-1.035822629928588867e-01,-2.097050994634628296e-01,2.204954475164413452e-01
2.749896049499511719e-01,-8.221745491027832031e-02,-2.159761041402816772e-01,2.200945019721984863e-01
2.756428122520446777e-01,-6.129376590251922607e-02,-2.222297936677932739e-01,2.199555933475494385e-01
2.763184309005737305e-01,-4.081841185688972473e-02,-2.284489125013351440e-01,2.200476825237274170e-01
2.770123183727264404e-01,-2.078912407159805298e-02,-2.346265316009521484e-01,2.203524112701416016e-01
2.777217030525207520e-01,-1.202812418341636658e-03,-2.407565712928771973e-01,2.208521068096160889e-01
2.784430682659149170e-01,1.794494874775409698e-02,-2.468322217464447021e-01,2.215286493301391602e-01
2.791734635829925537e-01,3.665149584412574768e-02,-2.528445422649383545e-01,2.223635613918304443e-01
2.799102962017059326e-01,5.492318421602249146e-02,-2.587889730930328369e-01,2.233417332172393799e-01
2.806511819362640381e-01,7.276574522256851196e-02,-2.646611034870147705e-01,2.244492769241333008e-01
2.813942730426788330e-01,9.018538892269134521e-02,-2.704571783542633057e-01,2.256724834442138672e-01
2.821368575096130371e-01,1.071879640221595764e-01,-2.761730551719665527e-01,2.269990444183349609e-01
2.828775644302368164e-01,1.237720251083374023e-01,-2.818032205104827881e-01,2.284165173768997192e-01
2.836144864559173584e-01,1.399491876363754272e-01,-2.873465120792388916e-01,2.299145907163619995e-01
2.843464910984039307e-01,1.557282656431198120e-01,-2.928015589714050293e-01,2.314839661121368408e-01
2.850719690322875977e-01,1.711170822381973267e-01,-2.981662750244140625e-01,2.331150323152542114e-01
2.857903540134429932e-01,1.861248016357421875e-01,-3.034404814243316650e-01,2.348002940416336060e-01
2.864991724491119385e-01,2.007403671741485596e-01,-3.086162209510803223e-01,2.365299463272094727e-01
2.871983647346496582e-01,2.149829864501953125e-01,-3.136967718601226807e-01,2.382978796958923340e-01
2.878869771957397461e-01,2.288618385791778564e-01,-3.186819851398468018e-01,2.400977611541748047e-01
2.885645329952239990e-01,2.423854917287826538e-01,-3.235716819763183594e-01,2.419234216213226318e-01
2.892304062843322754e-01,2.555637657642364502e-01,-3.283666968345642090e-01,2.437699139118194580e-01
2.898830473423004150e-01,2.683856189250946045e-01,-3.330612778663635254e-01,2.456312775611877441e-01
2.905222177505493164e-01,2.808702290058135986e-01,-3.376590013504028320e-01,2.475032508373260498e-01
2.911480665206909180e-01,2.930260896682739258e-01,-3.421610295772552490e-01,2.493819445371627808e-01
2.917598187923431396e-01,3.048623800277709961e-01,-3.465680778026580811e-01,2.512635886669158936e-01
2.923576831817626953e-01,3.163881301879882812e-01,-3.508815765380859375e-01,2.531448602676391602e-01
2.929403781890869141e-01,3.275962173938751221e-01,-3.550977110862731934e-01,2.550216913223266602e-01
2.935080826282501221e-01,3.385015726089477539e-01,-3.592196106910705566e-01,2.568913698196411133e-01
2.940608859062194824e-01,3.491137027740478516e-01,-3.632493615150451660e-01,2.587520182132720947e-01
2.945987880229949951e-01,3.594408929347991943e-01,-3.671886324882507324e-01,2.606015801429748535e-01
2.951215505599975586e-01,3.694913685321807861e-01,-3.710384964942932129e-01,2.624376416206359863e-01
2.956289947032928467e-01,3.792645931243896484e-01,-3.747980296611785889e-01,2.642576396465301514e-01
2.961210906505584717e-01,3.887706100940704346e-01,-3.784693181514739990e-01,2.660600543022155762e-01
2.965979874134063721e-01,3.980168998241424561e-01,-3.820541501045227051e-01,2.678436636924743652e-01
2.970595359802246094e-01,4.070099592208862305e-01,-3.855535686016082764e-01,2.696068584918975830e-01
2.975059449672698975e-01,4.157563745975494385e-01,-3.889695405960083008e-01,2.713490128517150879e-01
2.979375720024108887e-01,4.242625534534454346e-01,-3.923031687736511230e-01,2.730685472488403320e-01
2.983541488647460938e-01,4.325344562530517578e-01,-3.955558240413665771e-01,2.747647762298583984e-01
2.987558245658874512e-01,4.405786693096160889e-01,-3.987290859222412109e-01,2.764367461204528809e-01
2.991430461406707764e-01,4.484009742736816406e-01,-4.018247127532958984e-01,2.780840992927551270e-01
2.995157539844512939e-01,4.560066461563110352e-01,-4.048435688018798828e-01,2.797058522701263428e-01
2.998738884925842285e-01,4.634014666080474854e-01,-4.077874422073364258e-01,2.813019454479217529e-01
3.002177774906158447e-01,4.705904722213745117e-01,-4.106576740741729736e-01,2.828716933727264404e-01
3.005477786064147949e-01,4.775788187980651855e-01,-4.134556055068969727e-01,2.844149172306060791e-01
3.008638918399810791e-01,4.843718409538269043e-01,-4.161826372146606445e-01,2.859310805797576904e-01
3.011661767959594727e-01,4.909740090370178223e-01,-4.188399314880371094e-01,2.874198853969573975e-01
3.014550209045410156e-01,4.973901808261871338e-01,-4.214290678501129150e-01,2.888816595077514648e-01
3.017303943634033203e-01,5.036246180534362793e-01,-4.239510595798492432e-01,2.903155982494354248e-01
3.019924163818359375e-01,5.096810460090637207e-01,-4.264069497585296631e-01,2.917219400405883789e-01
3.022415637969970703e-01,5.155638456344604492e-01,-4.287980794906616211e-01,2.931003868579864502e-01
3.024776875972747803e-01,5.212768912315368652e-01,-4.311255812644958496e-01,2.944509983062744141e-01
3.027020394802093506e-01,5.268352031707763672e-01,-4.333947300910949707e-01,2.957757115364074707e-01
3.029146194458007812e-01,5.322411656379699707e-01,-4.356060028076171875e-01,2.970739603042602539e-01
3.031151294708251953e-01,5.374940037727355957e-01,-4.377588033676147461e-01,2.983450889587402344e-01
3.033041357994079590e-01,5.425983071327209473e-01,-4.398550093173980713e-01,2.995897829532623291e-01
3.034816086292266846e-01,5.475576519966125488e-01,-4.418954849243164062e-01,3.008079230785369873e-01
3.036479651927947998e-01,5.523756742477416992e-01,-4.438814222812652588e-01,3.019996881484985352e-01
3.038028478622436523e-01,5.570557117462158203e-01,-4.458137154579162598e-01,3.031650781631469727e-01
3.039472997188568115e-01,5.616014003753662109e-01,-4.476939141750335693e-01,3.043046295642852783e-01
3.040807545185089111e-01,5.660156607627868652e-01,-4.495225846767425537e-01,3.054182231426239014e-01
3.042038977146148682e-01,5.703018307685852051e-01,-4.513010978698730469e-01,3.065062165260314941e-01
3.043171465396881104e-01,5.744696259498596191e-01,-4.530330598354339600e-01,3.075704574584960938e-01
3.044208586215972900e-01,5.785231590270996094e-01,-4.547201693058013916e-01,3.086116909980773926e-01
3.045152425765991211e-01,5.824614167213439941e-01,-4.563616812229156494e-01,3.096291422843933105e-01
3.046000599861145020e-01,5.862876176834106445e-01,-4.579586982727050781e-01,3.106229901313781738e-01
3.046758472919464111e-01,5.900047421455383301e-01,-4.595122933387756348e-01,3.115936815738677979e-01
3.047423064708709717e-01,5.936149954795837402e-01,-4.610229432582855225e-01,3.125412762165069580e-01
3.047999143600463867e-01,5.971218943595886230e-01,-4.624921977519989014e-01,3.134665489196777344e-01
3.048491775989532471e-01,6.005272269248962402e-01,-4.639207124710083008e-01,3.143693506717681885e-01
3.048898279666900635e-01,6.038343310356140137e-01,-4.653096795082092285e-01,3.152505457401275635e-01
3.049219846725463867e-01,6.070445775985717773e-01,-4.666591882705688477e-01,3.161097466945648193e-01
3.049464821815490723e-01,6.101658940315246582e-01,-4.679728150367736816e-01,3.169488906860351562e-01
3.049637079238891602e-01,6.132025122642517090e-01,-4.692519605159759521e-01,3.177685439586639404e-01
3.049732446670532227e-01,6.161525249481201172e-01,-4.704957008361816406e-01,3.185682296752929688e-01
3.049755096435546875e-01,6.190189123153686523e-01,-4.717053174972534180e-01,3.193485140800476074e-01
3.049706220626831055e-01,6.218038201332092285e-01,-4.728816449642181396e-01,3.201097846031188965e-01
3.049587905406951904e-01,6.245092153549194336e-01,-4.740252196788787842e-01,3.208519816398620605e-01
3.049398064613342285e-01,6.271372437477111816e-01,-4.751367270946502686e-01,3.215756118297576904e-01
3.049143254756927490e-01,6.296899318695068359e-01,-4.762173891067504883e-01,3.222813010215759277e-01
3.048822879791259766e-01,6.321691274642944336e-01,-4.772676229476928711e-01,3.229691982269287109e-01
3.048437535762786865e-01,6.345766186714172363e-01,-4.782880842685699463e-01,3.236395120620727539e-01
3.047993183135986328e-01,6.369169950485229492e-01,-4.792807102203369141e-01,3.242933750152587891e-01
3.047490417957305908e-01,6.391943693161010742e-01,-4.802466928958892822e-01,3.249310553073883057e-01
3.046928942203521729e-01,6.414073705673217773e-01,-4.811858534812927246e-01,3.255527913570404053e-01
3.046312928199768066e-01,6.435580849647521973e-01,-4.820990562438964844e-01,3.261590600013732910e-01
3.045640587806701660e-01,6.456482410430908203e-01,-4.829866886138916016e-01,3.267496824264526367e-01
3.044916093349456787e-01,6.476791501045227051e-01,-4.838494658470153809e-01,3.273250758647918701e-01
3.044137060642242432e-01,6.496521830558776855e-01,-4.846877157688140869e-01,3.278855383396148682e-01
3.043308258056640625e-01,6.515697836875915527e-01,-4.855026006698608398e-01,3.284317851066589355e-01
3.042429685592651367e-01,6.534322500228881836e-01,-4.862942099571228027e-01,3.289636969566345215e-01
3.041498661041259766e-01,6.552414298057556152e-01,-4.870629310607910156e-01,3.294813930988311768e-01
3.040522933006286621e-01,6.569997668266296387e-01,-4.878101050853729248e-01,3.299856781959533691e-01
3.039503991603851318e-01,6.587108373641967773e-01,-4.885370433330535889e-01,3.304771780967712402e-01
3.038437962532043457e-01,6.603739261627197266e-01,-4.892434179782867432e-01,3.309559822082519531e-01
3.037332594394683838e-01,6.619904041290283203e-01,-4.899298548698425293e-01,3.314220309257507324e-01
3.036184012889862061e-01,6.635616421699523926e-01,-4.905968904495239258e-01,3.318759799003601074e-01
3.034994900226593018e-01,6.650888919830322266e-01,-4.912449717521667480e-01,3.323177397251129150e-01
3.033765256404876709e-01,6.665737032890319824e-01,-4.918746054172515869e-01,3.327476978302001953e-01
3.032497167587280273e-01,6.680167913436889648e-01,-4.924862086772918701e-01,3.331663608551025391e-01
3.031189441680908203e-01,6.694197058677673340e-01,-4.930803179740905762e-01,3.335736095905303955e-01
3.029847741127014160e-01,6.707839369773864746e-01,-4.936576187610626221e-01,3.339699804782867432e-01
3.028469681739807129e-01,6.721097230911254883e-01,-4.942182302474975586e-01,3.343555331230163574e-01
3.027057051658630371e-01,6.733991503715515137e-01,-4.947628676891326904e-01,3.347308039665222168e-01
3.025610446929931641e-01,6.746530532836914062e-01,-4.952919185161590576e-01,3.350957930088043213e-01
3.024132847785949707e-01,6.758726239204406738e-01,-4.958060979843139648e-01,3.354511559009552002e-01
3.022621870040893555e-01,6.770584583282470703e-01,-4.963051378726959229e-01,3.357965946197509766e-01
3.021080791950225830e-01,6.782119274139404297e-01,-4.967900514602661133e-01,3.361326456069946289e-01
3.019512593746185303e-01,6.793341636657714844e-01,-4.972611665725708008e-01,3.364594578742980957e-01
3.017910122871398926e-01,6.804258823394775391e-01,-4.977185428142547607e-01,3.367771804332733154e-01
3.016282618045806885e-01,6.814883351325988770e-01,-4.981629550457000732e-01,3.370861709117889404e-01
3.014628589153289795e-01,6.825224757194519043e-01,-4.985947906970977783e-01,3.373869657516479492e-01
3.012949824333190918e-01,6.835288405418395996e-01,-4.990142881870269775e-01,3.376792073249816895e-01
3.011240065097808838e-01,6.845063567161560059e-01,-4.994207620620727539e-01,3.379627168178558350e-01
3.009505867958068848e-01,6.854575872421264648e-01,-4.998154342174530029e-01,3.382384777069091797e-01
3.007747828960418701e-01,6.863828301429748535e-01,-5.001983642578125000e-01,3.385061025619506836e-01
3.005965352058410645e-01,6.872831583023071289e-01,-5.005701184272766113e-01,3.387660682201385498e-01
3.004160821437835693e-01,6.881592273712158203e-01,-5.009309649467468262e-01,3.390187025070190430e-01
3.002330660820007324e-01,6.890113949775695801e-01,-5.012807846069335938e-01,3.392637372016906738e-01
3.000481724739074707e-01,6.898410320281982422e-01,-5.016205906867980957e-01,3.395018875598907471e-01
2.998610734939575195e-01,6.906475424766540527e-01,-5.019497871398925781e-01,3.397326469421386719e-01
2.996716201305389404e-01,6.914327144622802734e-01,-5.022690892219543457e-01,3.399566709995269775e-01
2.994802296161651611e-01,6.921969056129455566e-01,-5.025788545608520508e-01,3.401739299297332764e-01
2.992869615554809570e-01,6.929401755332946777e-01,-5.028790235519409180e-01,3.403847217559814453e-01
2.990916967391967773e-01,6.936635971069335938e-01,-5.031701326370239258e-01,3.405891954898834229e-01
2.988944649696350098e-01,6.943677067756652832e-01,-5.034521818161010742e-01,3.407871723175048828e-01
2.986957132816314697e-01,6.950526237487792969e-01,-5.037254691123962402e-01,3.409789800643920898e-01
2.984946668148040771e-01,6.957190632820129395e-01,-5.039900541305541992e-01,3.411649167537689209e-01
2.982922494411468506e-01,6.963679790496826172e-01,-5.042466521263122559e-01,3.413449525833129883e-01
2.980881333351135254e-01,6.969993114471435547e-01,-5.044949650764465332e-01,3.415191471576690674e-01
2.978821694850921631e-01,6.976131200790405273e-01,-5.047350525856018066e-01,3.416877388954162598e-01
2.976746559143066406e-01,6.982107162475585938e-01,-5.049675703048706055e-01,3.418506681919097900e-01
2.974655032157897949e-01,6.987922191619873047e-01,-5.051925182342529297e-01,3.420083820819854736e-01
2.972557246685028076e-01,6.993673443794250488e-01,-5.054138302803039551e-01,3.421626389026641846e-01
2.970447242259979248e-01,6.999289989471435547e-01,-5.056286454200744629e-01,3.423124551773071289e-01
2.968323826789855957e-01,7.004780173301696777e-01,-5.058373808860778809e-01,3.424576520919799805e-01
2.966187298297882080e-01,7.010141611099243164e-01,-5.060397386550903320e-01,3.425980508327484131e-01
2.964041829109191895e-01,7.015380859375000000e-01,-5.062362551689147949e-01,3.427340984344482422e-01
2.961882054805755615e-01,7.020503282546997070e-01,-5.064271092414855957e-01,3.428659141063690186e-01
2.959711253643035889e-01,7.025513648986816406e-01,-5.066121220588684082e-01,3.429933190345764160e-01
2.957529723644256592e-01,7.030416727066040039e-01,-5.067920088768005371e-01,3.431169688701629639e-01
2.955337762832641602e-01,7.035213708877563477e-01,-5.069665908813476562e-01,3.432365059852600098e-01
2.953135669231414795e-01,7.039910554885864258e-01,-5.071362257003784180e-01,3.433521986007690430e-01
2.950926125049591064e-01,7.044506669044494629e-01,-5.073006153106689453e-01,3.434639275074005127e-01
2.948705255985260010e-01,7.049010396003723145e-01,-5.074604153633117676e-01,3.435722291469573975e-01
2.946475148200988770e-01,7.053424715995788574e-01,-5.076157450675964355e-01,3.436767458915710449e-01
2.944236695766448975e-01,7.057752609252929688e-01,-5.077666044235229492e-01,3.437779843807220459e-01
2.941989898681640625e-01,7.061993479728698730e-01,-5.079128742218017578e-01,3.438755273818969727e-01
2.939735949039459229e-01,7.066155076026916504e-01,-5.080552101135253906e-01,3.439699709415435791e-01
2.937471866607666016e-01,7.070235013961791992e-01,-5.081930756568908691e-01,3.440612256526947021e-01
2.935201823711395264e-01,7.074241042137145996e-01,-5.083272457122802734e-01,3.441489934921264648e-01
2.932923138141632080e-01,7.078172564506530762e-01,-5.084571838378906250e-01,3.442337512969970703e-01
2.930636405944824219e-01,7.082031369209289551e-01,-5.085836648941040039e-01,3.443155586719512939e-01
2.928340137004852295e-01,7.085801959037780762e-01,-5.087053179740905762e-01,3.443937599658966064e-01
2.926039099693298340e-01,7.089492678642272949e-01,-5.088229775428771973e-01,3.444687426090240479e-01
2.923730015754699707e-01,7.093108296394348145e-01,-5.089367628097534180e-01,3.445407152175903320e-01
2.921413779258728027e-01,7.096661329269409180e-01,-5.090471506118774414e-01,3.446097970008850098e-01
2.919090986251831055e-01,7.100138664245605469e-01,-5.091536045074462891e-01,3.446760177612304688e-01
2.916758954524993896e-01,7.103549242019653320e-01,-5.092564225196838379e-01,3.447390496730804443e-01
2.914424240589141846e-01,7.106891274452209473e-01,-5.093557238578796387e-01,3.447994291782379150e-01
2.912078797817230225e-01,7.110166549682617188e-01,-5.094512701034545898e-01,3.448565900325775146e-01
2.909727692604064941e-01,7.113373875617980957e-01,-5.095432996749877930e-01,3.449111878871917725e-01
2.907370030879974365e-01,7.116512060165405273e-01,-5.096317529678344727e-01,3.449628651142120361e-01
2.905005216598510742e-01,7.119583487510681152e-01,-5.097165107727050781e-01,3.450115621089935303e-01
2.902633845806121826e-01,7.122589349746704102e-01,-5.097978115081787109e-01,3.450577259063720703e-01
2.900255024433135986e-01,7.125521898269653320e-01,-5.098753571510314941e-01,3.451005518436431885e-01
2.897871434688568115e-01,7.128389477729797363e-01,-5.099495053291320801e-01,3.451409935951232910e-01
2.895477712154388428e-01,7.131189703941345215e-01,-5.100198984146118164e-01,3.451783955097198486e-01
2.893078923225402832e-01,7.133914828300476074e-01,-5.100865364074707031e-01,3.452129960060119629e-01
2.890671491622924805e-01,7.136567831039428711e-01,-5.101495385169982910e-01,3.452444970607757568e-01
2.888256609439849854e-01,7.139151096343994141e-01,-5.102087259292602539e-01,3.452733159065246582e-01
2.885844707489013672e-01,7.141747474670410156e-01,-5.102678537368774414e-01,3.453013300895690918e-01
2.883431017398834229e-01,7.144351005554199219e-01,-5.103263258934020996e-01,3.453281223773956299e-01
2.881015241146087646e-01,7.146911025047302246e-01,-5.103825926780700684e-01,3.453533053398132324e-01
2.878592312335968018e-01,7.149422764778137207e-01,-5.104359388351440430e-01,3.453758358955383301e-01
2.876166403293609619e-01,7.151890993118286133e-01,-5.104867219924926758e-01,3.453963696956634521e-01
2.873734831809997559e-01,7.154313921928405762e-01,-5.105350613594055176e-01,3.454146087169647217e-01
2.871299386024475098e-01,7.156689763069152832e-01,-5.105805993080139160e-01,3.454308509826660156e-01
2.868859171867370605e-01,7.159026861190795898e-01,-5.106239914894104004e-01,3.454449474811553955e-01
2.866412997245788574e-01,7.161312699317932129e-01,-5.106643438339233398e-01,3.454566597938537598e-01
2.863963544368743896e-01,7.163559794425964355e-01,-5.107025504112243652e-01,3.454665541648864746e-01
2.861510515213012695e-01,7.165758609771728516e-01,-5.107380747795104980e-01,3.454742431640625000e-01
2.859050035476684570e-01,7.167915105819702148e-01,-5.107707977294921875e-01,3.454796671867370605e-01
2.856586575508117676e-01,7.170026302337646484e-01,-5.108012557029724121e-01,3.454831242561340332e-01
2.854118049144744873e-01,7.172091007232666016e-01,-5.108291506767272949e-01,3.454844951629638672e-01
2.851645350456237793e-01,7.174109220504760742e-01,-5.108543634414672852e-01,3.454836308956146240e-01
2.849169075489044189e-01,7.176087498664855957e-01,-5.108773708343505859e-01,3.454810082912445068e-01
2.846686840057373047e-01,7.178012728691101074e-01,-5.108973979949951172e-01,3.454760611057281494e-01
2.844199240207672119e-01,7.179895639419555664e-01,-5.109150409698486328e-01,3.454690575599670410e-01
2.841710746288299561e-01,7.181764841079711914e-01,-5.109314918518066406e-01,3.454607725143432617e-01
2.839222848415374756e-01,7.183655500411987305e-01,-5.109479427337646484e-01,3.454519212245941162e-01
2.836732566356658936e-01,7.185518145561218262e-01,-5.109627246856689453e-01,3.454415202140808105e-01
2.834241092205047607e-01,7.187354564666748047e-01,-5.109758973121643066e-01,3.454297184944152832e-01
2.831743955612182617e-01,7.189158797264099121e-01,-5.109870433807373047e-01,3.454160392284393311e-01
2.829246520996093750e-01,7.190937399864196777e-01,-5.109965205192565918e-01,3.454009890556335449e-01
2.826743721961975098e-01,7.192686796188354492e-01,-5.110039710998535156e-01,3.453839719295501709e-01
2.824238538742065430e-01,7.194413542747497559e-01,-5.110100507736206055e-01,3.453659415245056152e-01
2.821731567382812500e-01,7.196112871170043945e-01,-5.110142827033996582e-01,3.453461825847625732e-01
2.819221019744873047e-01,7.197786569595336914e-01,-5.110169053077697754e-01,3.453249335289001465e-01
2.816708981990814209e-01,7.199435830116271973e-01,-5.110178589820861816e-01,3.453020453453063965e-01
2.814193665981292725e-01,7.201061248779296875e-01,-5.110172629356384277e-01,3.452779352664947510e-01
2.811675071716308594e-01,7.202660441398620605e-01,-5.110149383544921875e-01,3.452523648738861084e-01
2.809154689311981201e-01,7.204239964485168457e-01,-5.110111832618713379e-01,3.452253043651580811e-01
2.806630730628967285e-01,7.205791473388671875e-01,-5.110056400299072266e-01,3.451966345310211182e-01
2.804104983806610107e-01,7.207320928573608398e-01,-5.109985470771789551e-01,3.451666533946990967e-01
2.801577448844909668e-01,7.208830118179321289e-01,-5.109902620315551758e-01,3.451356589794158936e-01
2.799043953418731689e-01,7.210314273834228516e-01,-5.109799504280090332e-01,3.451027572154998779e-01
2.796514630317687988e-01,7.211782336235046387e-01,-5.109689235687255859e-01,3.450691401958465576e-01
2.793980538845062256e-01,7.213249206542968750e-01,-5.109570026397705078e-01,3.450343906879425049e-01
2.791445553302764893e-01,7.214698195457458496e-01,-5.109436511993408203e-01,3.449982106685638428e-01
2.788907885551452637e-01,7.216130495071411133e-01,-5.109291672706604004e-01,3.449611067771911621e-01
2.786368727684020996e-01,7.217547297477722168e-01,-5.109134316444396973e-01,3.449229001998901367e-01
2.783829569816589355e-01,7.218948602676391602e-01,-5.108966231346130371e-01,3.448834717273712158e-01
2.781288027763366699e-01,7.220335602760314941e-01,-5.108786225318908691e-01,3.448428809642791748e-01
2.778744101524353027e-01,7.221706509590148926e-01,-5.108593106269836426e-01,3.448011279106140137e-01
2.776196897029876709e-01,7.223063707351684570e-01,-5.108388066291809082e-01,3.447582423686981201e-01
2.773649394512176514e-01,7.224406599998474121e-01,-5.108172893524169922e-01,3.447143435478210449e-01
2.771099805831909180e-01,7.225736975669860840e-01,-5.107946395874023438e-01,3.446693122386932373e-01
2.768552005290985107e-01,7.227054238319396973e-01,-5.107711553573608398e-01,3.446233868598937988e-01
2.765999734401702881e-01,7.228358387947082520e-01,-5.107463598251342773e-01,3.445762395858764648e-01
2.763444781303405762e-01,7.229653596878051758e-01,-5.107206106185913086e-01,3.445281982421875000e-01
2.760888934135437012e-01,7.230933308601379395e-01,-5.106937885284423828e-01,3.444789946079254150e-01
2.758335769176483154e-01,7.232205867767333984e-01,-5.106663107872009277e-01,3.444291055202484131e-01
2.755776941776275635e-01,7.233465909957885742e-01,-5.106375813484191895e-01,3.443781137466430664e-01
2.753216326236724854e-01,7.234711647033691406e-01,-5.106077194213867188e-01,3.443259000778198242e-01
2.750656306743621826e-01,7.235949039459228516e-01,-5.105769634246826172e-01,3.442728221416473389e-01
2.748097479343414307e-01,7.237177491188049316e-01,-5.105456709861755371e-01,3.442190885543823242e-01
2.745532691478729248e-01,7.238395214080810547e-01,-5.105129480361938477e-01,3.441641628742218018e-01
2.742972075939178467e-01,7.239605784416198730e-01,-5.104800462722778320e-01,3.441087603569030762e-01
2.740407884120941162e-01,7.240805625915527344e-01,-5.104457736015319824e-01,3.440520763397216797e-01
2.737841010093688965e-01,7.241997122764587402e-01,-5.104107260704040527e-01,3.439946174621582031e-01
2.735273540019989014e-01,7.243179082870483398e-01,-5.103746652603149414e-01,3.439361453056335449e-01
2.732705473899841309e-01,7.244352102279663086e-01,-5.103379487991333008e-01,3.438769876956939697e-01
2.730137705802917480e-01,7.245518565177917480e-01,-5.103005766868591309e-01,3.438171446323394775e-01
2.727565765380859375e-01,7.246672511100769043e-01,-5.102620124816894531e-01,3.437561094760894775e-01
2.724994421005249023e-01,7.247822284698486328e-01,-5.102227330207824707e-01,3.436942696571350098e-01
2.722420990467071533e-01,7.248961925506591797e-01,-5.101826190948486328e-01,3.436317145824432373e-01
2.719848155975341797e-01,7.250093221664428711e-01,-5.101417899131774902e-01,3.435683846473693848e-01
2.717275321483612061e-01,7.251220345497131348e-01,-5.101004242897033691e-01,3.435043096542358398e-01
2.714699804782867432e-01,7.252333760261535645e-01,-5.100578069686889648e-01,3.434391915798187256e-01
2.712122499942779541e-01,7.253442406654357910e-01,-5.100145936012268066e-01,3.433733284473419189e-01
2.709546387195587158e-01,7.254544496536254883e-01,-5.099707245826721191e-01,3.433068394660949707e-01
2.706967294216156006e-01,7.255640625953674316e-01,-5.099260210990905762e-01,3.432395458221435547e-01
2.704389393329620361e-01,7.256723642349243164e-01,-5.098804831504821777e-01,3.431713581085205078e-01
2.701807618141174316e-01,7.257810235023498535e-01,-5.098345279693603516e-01,3.431027531623840332e-01
2.699229717254638672e-01,7.258892655372619629e-01,-5.097880959510803223e-01,3.430333733558654785e-01
2.696647346019744873e-01,7.259969711303710938e-01,-5.097409486770629883e-01,3.429634571075439453e-01
2.694064080715179443e-01,7.261037230491638184e-01,-5.096928477287292480e-01,3.428924977779388428e-01
2.691481709480285645e-01,7.262104749679565430e-01,-5.096444487571716309e-01,3.428210914134979248e-01
2.688898444175720215e-01,7.263162732124328613e-01,-5.095952153205871582e-01,3.427490293979644775e-01
2.686313688755035400e-01,7.264218926429748535e-01,-5.095454454421997070e-01,3.426761925220489502e-01
2.683729827404022217e-01,7.265264987945556641e-01,-5.094947814941406250e-01,3.426024615764617920e-01
2.681143879890441895e-01,7.266309857368469238e-01,-5.094436407089233398e-01,3.425283432006835938e-01
2.678560316562652588e-01,7.267349958419799805e-01,-5.093923807144165039e-01,3.424538671970367432e-01
2.675971984863281250e-01,7.268384099006652832e-01,-5.093398690223693848e-01,3.423782289028167725e-01
2.673383355140686035e-01,7.269411683082580566e-01,-5.092868208885192871e-01,3.423020839691162109e-01
2.670795321464538574e-01,7.270435690879821777e-01,-5.092332959175109863e-01,3.422253131866455078e-01
2.668205499649047852e-01,7.271455526351928711e-01,-5.091792345046997070e-01,3.421480655670166016e-01
2.665614783763885498e-01,7.272468209266662598e-01,-5.091242194175720215e-01,3.420698046684265137e-01
2.663026154041290283e-01,7.273476719856262207e-01,-5.090689659118652344e-01,3.419912755489349365e-01
2.660433351993560791e-01,7.274478673934936523e-01,-5.090128183364868164e-01,3.419119417667388916e-01
2.657842338085174561e-01,7.275479435920715332e-01,-5.089563727378845215e-01,3.418321907520294189e-01
2.655247747898101807e-01,7.276468873023986816e-01,-5.088989734649658203e-01,3.417515456676483154e-01
2.652653753757476807e-01,7.277460098266601562e-01,-5.088413357734680176e-01,3.416704833507537842e-01
2.650060653686523438e-01,7.278442382812500000e-01,-5.087828636169433594e-01,3.415886759757995605e-01
2.647465765476226807e-01,7.279418706893920898e-01,-5.087239146232604980e-01,3.415063619613647461e-01
2.644868791103363037e-01,7.280392646789550781e-01,-5.086643099784851074e-01,3.414234817028045654e-01
2.642275094985961914e-01,7.281360030174255371e-01,-5.086042881011962891e-01,3.413400053977966309e-01
2.639678120613098145e-01,7.282320261001586914e-01,-5.085433721542358398e-01,3.412559032440185547e-01
2.637077569961547852e-01,7.283274531364440918e-01,-5.084819793701171875e-01,3.411710858345031738e-01
2.634478509426116943e-01,7.284225821495056152e-01,-5.084199905395507812e-01,3.410857915878295898e-01
2.631880044937133789e-01,7.285170555114746094e-01,-5.083574652671813965e-01,3.410000205039978027e-01
2.629280090332031250e-01,7.286106944084167480e-01,-5.082942247390747070e-01,3.409132957458496094e-01
2.626678943634033203e-01,7.287038564682006836e-01,-5.082303881645202637e-01,3.408263027667999268e-01
2.624076306819915771e-01,7.287964224815368652e-01,-5.081659555435180664e-01,3.407386839389801025e-01
2.621471881866455078e-01,7.288879752159118652e-01,-5.081007480621337891e-01,3.406501710414886475e-01
2.618868350982666016e-01,7.289794087409973145e-01,-5.080350637435913086e-01,3.405613303184509277e-01
2.616263926029205322e-01,7.290698289871215820e-01,-5.079687833786010742e-01,3.404718637466430664e-01
2.613658010959625244e-01,7.291596531867980957e-01,-5.079018473625183105e-01,3.403818905353546143e-01
2.611050903797149658e-01,7.292484641075134277e-01,-5.078339576721191406e-01,3.402910232543945312e-01
2.608444988727569580e-01,7.293384671211242676e-01,-5.077665448188781738e-01,3.402002155780792236e-01
2.605839371681213379e-01,7.294288277626037598e-01,-5.076987743377685547e-01,3.401089608669281006e-01
2.603231370449066162e-01,7.295187711715698242e-01,-5.076305270195007324e-01,3.400173485279083252e-01
2.600624561309814453e-01,7.296083569526672363e-01,-5.075618028640747070e-01,3.399252593517303467e-01
2.598016858100891113e-01,7.296973466873168945e-01,-5.074924826622009277e-01,3.398324251174926758e-01
2.595408260822296143e-01,7.297860383987426758e-01,-5.074226856231689453e-01,3.397392630577087402e-01
2.592799365520477295e-01,7.298739552497863770e-01,-5.073522329330444336e-01,3.396454751491546631e-01
2.590190470218658447e-01,7.299616932868957520e-01,-5.072816014289855957e-01,3.395513296127319336e-01
2.587579488754272461e-01,7.300487160682678223e-01,-5.072101950645446777e-01,3.394566476345062256e-01
2.584965825080871582e-01,7.301350831985473633e-01,-5.071380138397216797e-01,3.393611907958984375e-01
2.582356035709381104e-01,7.302212715148925781e-01,-5.070657134056091309e-01,3.392655551433563232e-01
2.579740881919860840e-01,7.303066849708557129e-01,-5.069926381111145020e-01,3.391692936420440674e-01
2.577128410339355469e-01,7.303914427757263184e-01,-5.069190263748168945e-01,3.390724062919616699e-01
2.574513852596282959e-01,7.304759025573730469e-01,-5.068451166152954102e-01,3.389752507209777832e-01
2.571900486946105957e-01,7.305594086647033691e-01,-5.067703127861022949e-01,3.388773500919342041e-01
2.569284141063690186e-01,7.306426167488098145e-01,-5.066951513290405273e-01,3.387790322303771973e-01
2.566666901111602783e-01,7.307251691818237305e-01,-5.066195130348205566e-01,3.386802673339843750e-01
2.564048767089843750e-01,7.308070659637451172e-01,-5.065430998802185059e-01,3.385809659957885742e-01
2.561430335044860840e-01,7.308882474899291992e-01,-5.064662098884582520e-01,3.384810686111450195e-01
2.558813095092773438e-01,7.309688329696655273e-01,-5.063889026641845703e-01,3.383807539939880371e-01
2.556191682815551758e-01,7.310487627983093262e-01,-5.063108801841735840e-01,3.382799029350280762e-01
2.553568184375762939e-01,7.311278581619262695e-01,-5.062320232391357422e-01,3.381784856319427490e-01
2.550945281982421875e-01,7.312062978744506836e-01,-5.061526894569396973e-01,3.380765318870544434e-01
2.548322677612304688e-01,7.312840223312377930e-01,-5.060730576515197754e-01,3.379741013050079346e-01
2.545698881149291992e-01,7.313610315322875977e-01,-5.059926509857177734e-01,3.378712534904479980e-01
2.543074190616607666e-01,7.314373254776000977e-01,-5.059118270874023438e-01,3.377677798271179199e-01
2.540447711944580078e-01,7.315127849578857422e-01,-5.058301091194152832e-01,3.376637399196624756e-01
2.537820339202880859e-01,7.315871715545654297e-01,-5.057477355003356934e-01,3.375592529773712158e-01
2.535192966461181641e-01,7.316611409187316895e-01,-5.056650042533874512e-01,3.374541997909545898e-01
2.532562911510467529e-01,7.317340373992919922e-01,-5.055814981460571289e-01,3.373486995697021484e-01
2.529932856559753418e-01,7.318059802055358887e-01,-5.054974555969238281e-01,3.372425436973571777e-01
2.527300119400024414e-01,7.318770885467529297e-01,-5.054125189781188965e-01,3.371358811855316162e-01
2.524667084217071533e-01,7.319473028182983398e-01,-5.053269863128662109e-01,3.370285928249359131e-01
2.522034049034118652e-01,7.320166230201721191e-01,-5.052410364151000977e-01,3.369209170341491699e-01
2.519397735595703125e-01,7.320849299430847168e-01,-5.051543116569519043e-01,3.368127346038818359e-01
2.516761720180511475e-01,7.321520447731018066e-01,-5.050666928291320801e-01,3.367037475109100342e-01
2.514123916625976562e-01,7.322193384170532227e-01,-5.049788951873779297e-01,3.365945219993591309e-01
2.511490583419799805e-01,7.322899699211120605e-01,-5.048924088478088379e-01,3.364861011505126953e-01
2.508857250213623047e-01,7.323597073554992676e-01,-5.048052668571472168e-01,3.363770544528961182e-01
2.506220638751983643e-01,7.324290871620178223e-01,-5.047176480293273926e-01,3.362675905227661133e-01
2.503584921360015869e-01,7.324979901313781738e-01,-5.046297311782836914e-01,3.361579179763793945e-01
2.500948607921600342e-01,7.325659394264221191e-01,-5.045410394668579102e-01,3.360475301742553711e-01
2.498312145471572876e-01,7.326336503028869629e-01,-5.044519901275634766e-01,3.359369039535522461e-01
2.495673894882202148e-01,7.327008843421936035e-01,-5.043626427650451660e-01,3.358259201049804688e-01
2.493034750223159790e-01,7.327674031257629395e-01,-5.042726993560791016e-01,3.357145190238952637e-01
2.490395903587341309e-01,7.328331470489501953e-01,-5.041820406913757324e-01,3.356024026870727539e-01
2.487753331661224365e-01,7.328989505767822266e-01,-5.040912628173828125e-01,3.354904055595397949e-01
2.485113143920898438e-01,7.329635024070739746e-01,-5.039998292922973633e-01,3.353776335716247559e-01
2.482471615076065063e-01,7.330278754234313965e-01,-5.039079785346984863e-01,3.352645337581634521e-01
2.479827255010604858e-01,7.330914139747619629e-01,-5.038154125213623047e-01,3.351510167121887207e-01
2.477182894945144653e-01,7.331545948982238770e-01,-5.037226676940917969e-01,3.350370526313781738e-01
2.474540024995803833e-01,7.332172393798828125e-01,-5.036295056343078613e-01,3.349227309226989746e-01
2.471893727779388428e-01,7.332789897918701172e-01,-5.035355687141418457e-01,3.348079621791839600e-01
2.469248473644256592e-01,7.333402037620544434e-01,-5.034411549568176270e-01,3.346928060054779053e-01
2.466600388288497925e-01,7.334010004997253418e-01,-5.033465623855590820e-01,3.345774412155151367e-01
2.463955581188201904e-01,7.334610819816589355e-01,-5.032514333724975586e-01,3.344615995883941650e-01
2.461306452751159668e-01,7.335206270217895508e-01,-5.031556487083435059e-01,3.343451619148254395e-01
2.458656281232833862e-01,7.335792183876037598e-01,-5.030593276023864746e-01,3.342284262180328369e-01
2.456007301807403564e-01,7.336378097534179688e-01,-5.029629468917846680e-01,3.341114819049835205e-01
2.453355938196182251e-01,7.336952090263366699e-01,-5.028656721115112305e-01,3.339940309524536133e-01
2.450703233480453491e-01,7.337520718574523926e-01,-5.027678608894348145e-01,3.338760435581207275e-01
2.448051273822784424e-01,7.338085770606994629e-01,-5.026699304580688477e-01,3.337578475475311279e-01
2.445396035909652710e-01,7.338641881942749023e-01,-5.025711655616760254e-01,3.336389660835266113e-01
2.442742288112640381e-01,7.339191436767578125e-01,-5.024720430374145508e-01,3.335199356079101562e-01
2.440087050199508667e-01,7.339736819267272949e-01,-5.023725628852844238e-01,3.334005177021026611e-01
2.437430173158645630e-01,7.340273261070251465e-01,-5.022724866867065430e-01,3.332807719707489014e-01
2.434773296117782593e-01,7.340801954269409180e-01,-5.021718144416809082e-01,3.331604003906250000e-01
2.432114928960800171e-01,7.341325879096984863e-01,-5.020707249641418457e-01,3.330396711826324463e-01
2.429455667734146118e-01,7.341843843460083008e-01,-5.019692182540893555e-01,3.329186737537384033e-01
2.426796257495880127e-01,7.342352271080017090e-01,-5.018671154975891113e-01,3.327971100807189941e-01
2.424136251211166382e-01,7.342858910560607910e-01,-5.017648339271545410e-01,3.326754868030548096e-01
2.421473562717437744e-01,7.343353629112243652e-01,-5.016616582870483398e-01,3.325531482696533203e-01
2.418810278177261353e-01,7.343842983245849609e-01,-5.015580654144287109e-01,3.324305415153503418e-01
2.416148185729980469e-01,7.344343066215515137e-01,-5.014548897743225098e-01,3.323081731796264648e-01
2.413488328456878662e-01,7.344842553138732910e-01,-5.013515353202819824e-01,3.321855664253234863e-01
2.410825192928314209e-01,7.345337271690368652e-01,-5.012477636337280273e-01,3.320626318454742432e-01
2.408160716295242310e-01,7.345824837684631348e-01,-5.011433959007263184e-01,3.319391906261444092e-01
2.405496686697006226e-01,7.346307635307312012e-01,-5.010387301445007324e-01,3.318155705928802490e-01
2.402832210063934326e-01,7.346786856651306152e-01,-5.009337067604064941e-01,3.316916525363922119e-01
2.400167584419250488e-01,7.347260117530822754e-01,-5.008282065391540527e-01,3.315674066543579102e-01
2.397499978542327881e-01,7.347729802131652832e-01,-5.007223486900329590e-01,3.314427137374877930e-01
2.394833862781524658e-01,7.348195314407348633e-01,-5.006161928176879883e-01,3.313177824020385742e-01
2.392166405916213989e-01,7.348652482032775879e-01,-5.005094408988952637e-01,3.311924636363983154e-01
2.389497160911560059e-01,7.349109053611755371e-01,-5.004025101661682129e-01,3.310669660568237305e-01
2.386832237243652344e-01,7.349558472633361816e-01,-5.002954006195068359e-01,3.309413194656372070e-01
2.384160757064819336e-01,7.350003719329833984e-01,-5.001875758171081543e-01,3.308152258396148682e-01
2.381489574909210205e-01,7.350444197654724121e-01,-5.000793337821960449e-01,3.306885957717895508e-01
2.378819286823272705e-01,7.350881695747375488e-01,-4.999710321426391602e-01,3.305620551109313965e-01
2.376148998737335205e-01,7.351313233375549316e-01,-4.998621642589569092e-01,3.304350078105926514e-01
2.373475730419158936e-01,7.351740002632141113e-01,-4.997528493404388428e-01,3.303076028823852539e-01
2.370804250240325928e-01,7.352162599563598633e-01,-4.996434152126312256e-01,3.301800787448883057e-01
2.368130236864089966e-01,7.352581024169921875e-01,-4.995335340499877930e-01,3.300523161888122559e-01
2.365455180406570435e-01,7.352995276451110840e-01,-4.994232356548309326e-01,3.299241065979003906e-01
2.362782210111618042e-01,7.353404164314270020e-01,-4.993125796318054199e-01,3.297956287860870361e-01
2.360108047723770142e-01,7.353809475898742676e-01,-4.992017149925231934e-01,3.296670019626617432e-01
2.357429862022399902e-01,7.354211807250976562e-01,-4.990903437137603760e-01,3.295378386974334717e-01
2.354752570390701294e-01,7.354606389999389648e-01,-4.989785850048065186e-01,3.294085860252380371e-01
2.352076917886734009e-01,7.355002760887145996e-01,-4.988668262958526611e-01,3.292793631553649902e-01
2.349400371313095093e-01,7.355389595031738281e-01,-4.987545013427734375e-01,3.291494250297546387e-01
2.346721291542053223e-01,7.355773448944091797e-01,-4.986416995525360107e-01,3.290192484855651855e-01
2.344041913747787476e-01,7.356154322624206543e-01,-4.985286891460418701e-01,3.288890421390533447e-01
2.341364324092864990e-01,7.356529235839843750e-01,-4.984154999256134033e-01,3.287585079669952393e-01
2.338682562112808228e-01,7.356901764869689941e-01,-4.983016848564147949e-01,3.286274969577789307e-01
2.336000800132751465e-01,7.357270717620849609e-01,-4.981876611709594727e-01,3.284963667392730713e-01
2.333320975303649902e-01,7.357633709907531738e-01,-4.980734884738922119e-01,3.283651173114776611e-01
2.330638170242309570e-01,7.357997298240661621e-01,-4.979588985443115234e-01,3.282335400581359863e-01
2.327956110239028931e-01,7.358354330062866211e-01,-4.978439807891845703e-01,3.281015157699584961e-01
2.325274199247360229e-01,7.358708977699279785e-01,-4.977289438247680664e-01,3.279696404933929443e-01
2.322588413953781128e-01,7.359057664871215820e-01,-4.976131916046142578e-01,3.278371691703796387e-01
2.319906800985336304e-01,7.359400987625122070e-01,-4.974973797798156738e-01,3.277046382427215576e-01
2.317219227552413940e-01,7.359740138053894043e-01,-4.973810315132141113e-01,3.275717198848724365e-01
2.314536422491073608e-01,7.360073924064636230e-01,-4.972645342350006104e-01,3.274387419223785400e-01
2.311847954988479614e-01,7.360405921936035156e-01,-4.971475899219512939e-01,3.273053169250488281e-01
2.309161871671676636e-01,7.360731363296508789e-01,-4.970303475856781006e-01,3.271717727184295654e-01
2.306475937366485596e-01,7.361055612564086914e-01,-4.969129860401153564e-01,3.270379602909088135e-01
2.303787469863891602e-01,7.361373305320739746e-01,-4.967951476573944092e-01,3.269040882587432861e-01
2.301098108291625977e-01,7.361686229705810547e-01,-4.966768622398376465e-01,3.267696201801300049e-01
2.298410683870315552e-01,7.362000346183776855e-01,-4.965587258338928223e-01,3.266353309154510498e-01
2.295721173286437988e-01,7.362305521965026855e-01,-4.964398145675659180e-01,3.265005052089691162e-01
2.293031960725784302e-01,7.362611889839172363e-01,-4.963210523128509521e-01,3.263657689094543457e-01
2.290341109037399292e-01,7.362912893295288086e-01,-4.962017238140106201e-01,3.262304365634918213e-01
2.287649363279342651e-01,7.363209128379821777e-01,-4.960820972919464111e-01,3.260949850082397461e-01
2.284958362579345703e-01,7.363502383232116699e-01,-4.959622919559478760e-01,3.259594440460205078e-01
2.282265722751617432e-01,7.363790273666381836e-01,-4.958420693874359131e-01,3.258237242698669434e-01
2.279572039842605591e-01,7.364077568054199219e-01,-4.957216680049896240e-01,3.256876766681671143e-01
2.276878654956817627e-01,7.364363074302673340e-01,-4.956010282039642334e-01,3.255515396595001221e-01
2.274189144372940063e-01,7.364642620086669922e-01,-4.954803287982940674e-01,3.254151940345764160e-01
2.271492779254913330e-01,7.364916205406188965e-01,-4.953588545322418213e-01,3.252784013748168945e-01
2.268798500299453735e-01,7.365190386772155762e-01,-4.952375292778015137e-01,3.251416385173797607e-01
2.266102284193038940e-01,7.365459799766540527e-01,-4.951157271862030029e-01,3.250046968460083008e-01
2.263407558202743530e-01,7.365728616714477539e-01,-4.949938952922821045e-01,3.248675465583801270e-01
2.260709851980209351e-01,7.365992069244384766e-01,-4.948714375495910645e-01,3.247300386428833008e-01
2.258013933897018433e-01,7.366251349449157715e-01,-4.947489500045776367e-01,3.245923817157745361e-01
2.255317866802215576e-01,7.366507649421691895e-01,-4.946262538433074951e-01,3.244546055793762207e-01
2.252619266510009766e-01,7.366762757301330566e-01,-4.945032596588134766e-01,3.243166506290435791e-01
2.249922007322311401e-01,7.367014884948730469e-01,-4.943799078464508057e-01,3.241783976554870605e-01
2.247222065925598145e-01,7.367262244224548340e-01,-4.942563772201538086e-01,3.240399658679962158e-01
2.244525551795959473e-01,7.367510199546813965e-01,-4.941326975822448730e-01,3.239014148712158203e-01
2.241824120283126831e-01,7.367751598358154297e-01,-4.940086603164672852e-01,3.237627148628234863e-01
2.239123284816741943e-01,7.367990016937255859e-01,-4.938842654228210449e-01,3.236236572265625000e-01
2.236424684524536133e-01,7.368227243423461914e-01,-4.937598109245300293e-01,3.234845101833343506e-01
2.233723998069763184e-01,7.368462085723876953e-01,-4.936352670192718506e-01,3.233454525470733643e-01
2.231023311614990234e-01,7.368693351745605469e-01,-4.935102462768554688e-01,3.232059180736541748e-01
2.228320688009262085e-01,7.368921637535095215e-01,-4.933850169181823730e-01,3.230662345886230469e-01
2.225620746612548828e-01,7.369149327278137207e-01,-4.932597875595092773e-01,3.229264914989471436e-01
2.222919166088104248e-01,7.369371056556701660e-01,-4.931342005729675293e-01,3.227866291999816895e-01
2.220213115215301514e-01,7.369584441184997559e-01,-4.930079281330108643e-01,3.226461112499237061e-01
2.217510938644409180e-01,7.369794845581054688e-01,-4.928815960884094238e-01,3.225057721138000488e-01
2.214805185794830322e-01,7.370000481605529785e-01,-4.927548766136169434e-01,3.223650455474853516e-01
2.212098687887191772e-01,7.370204329490661621e-01,-4.926279187202453613e-01,3.222240805625915527e-01
2.209394127130508423e-01,7.370401620864868164e-01,-4.925006926059722900e-01,3.220831155776977539e-01
2.206688970327377319e-01,7.370601892471313477e-01,-4.923735260963439941e-01,3.219420611858367920e-01
2.203982174396514893e-01,7.370795011520385742e-01,-4.922457933425903320e-01,3.218006193637847900e-01
2.201274335384368896e-01,7.370982170104980469e-01,-4.921177625656127930e-01,3.216590285301208496e-01
2.198568731546401978e-01,7.371171116828918457e-01,-4.919898509979248047e-01,3.215174376964569092e-01
2.195859253406524658e-01,7.371356487274169922e-01,-4.918614923954010010e-01,3.213755786418914795e-01
2.193150967359542847e-01,7.371537685394287109e-01,-4.917330443859100342e-01,3.212336897850036621e-01
2.190441787242889404e-01,7.371713519096374512e-01,-4.916041195392608643e-01,3.210913240909576416e-01
2.187731266021728516e-01,7.371888756752014160e-01,-4.914749860763549805e-01,3.209488987922668457e-01
2.185020893812179565e-01,7.372061014175415039e-01,-4.913457036018371582e-01,3.208062648773193359e-01
2.182312160730361938e-01,7.372229099273681641e-01,-4.912162721157073975e-01,3.206637203693389893e-01
2.179601043462753296e-01,7.372396588325500488e-01,-4.910866022109985352e-01,3.205207884311676025e-01
2.176892161369323730e-01,7.372555136680603027e-01,-4.909566342830657959e-01,3.203778862953186035e-01
2.174178063869476318e-01,7.372715473175048828e-01,-4.908263087272644043e-01,3.202345371246337891e-01
2.171465456485748291e-01,7.372871637344360352e-01,-4.906959235668182373e-01,3.200912475585937500e-01
2.168754488229751587e-01,7.373022437095642090e-01,-4.905652701854705811e-01,3.199476003646850586e-01
2.166039943695068359e-01,7.373170256614685059e-01,-4.904342591762542725e-01,3.198039829730987549e-01
2.163328081369400024e-01,7.373317480087280273e-01,-4.903031289577484131e-01,3.196600675582885742e-01
2.160612195730209351e-01,7.373461723327636719e-01,-4.901717603206634521e-01,3.195159733295440674e-01
2.157901525497436523e-01,7.373602390289306641e-01,-4.900404512882232666e-01,3.193720877170562744e-01
2.155183553695678711e-01,7.373740673065185547e-01,-4.899085760116577148e-01,3.192277252674102783e-01
2.152467668056488037e-01,7.373872399330139160e-01,-4.897763729095458984e-01,3.190831840038299561e-01
2.149751484394073486e-01,7.374005913734436035e-01,-4.896443188190460205e-01,3.189385533332824707e-01
2.147035747766494751e-01,7.374131083488464355e-01,-4.895117580890655518e-01,3.187938332557678223e-01
2.144319862127304077e-01,7.374256253242492676e-01,-4.893790483474731445e-01,3.186487853527069092e-01
2.141601890325546265e-01,7.374376654624938965e-01,-4.892459809780120850e-01,3.185035586357116699e-01
2.138882428407669067e-01,7.374496459960937500e-01,-4.891128540039062500e-01,3.183584213256835938e-01
2.136165499687194824e-01,7.374615073204040527e-01,-4.889797866344451904e-01,3.182131350040435791e-01
2.133449167013168335e-01,7.374725937843322754e-01,-4.888462424278259277e-01,3.180675506591796875e-01
2.130730152130126953e-01,7.374835014343261719e-01,-4.887125492095947266e-01,3.179219961166381836e-01
2.128009796142578125e-01,7.374942898750305176e-01,-4.885785281658172607e-01,3.177760839462280273e-01
2.125288397073745728e-01,7.375044226646423340e-01,-4.884440898895263672e-01,3.176298141479492188e-01
2.122569084167480469e-01,7.375146150588989258e-01,-4.883097410202026367e-01,3.174837231636047363e-01
2.119846791028976440e-01,7.375243902206420898e-01,-4.881750941276550293e-01,3.173375129699707031e-01
2.117127478122711182e-01,7.375335097312927246e-01,-4.880401790142059326e-01,3.171911537647247314e-01
2.114402651786804199e-01,7.375426888465881348e-01,-4.879049956798553467e-01,3.170444369316101074e-01
2.111681997776031494e-01,7.375516891479492188e-01,-4.877700507640838623e-01,3.168980479240417480e-01
2.108961343765258789e-01,7.375603914260864258e-01,-4.876346588134765625e-01,3.167511820793151855e-01
2.106237411499023438e-01,7.375686168670654297e-01,-4.874990582466125488e-01,3.166042864322662354e-01
2.103514820337295532e-01,7.375767230987548828e-01,-4.873632788658142090e-01,3.164571225643157959e-01
2.100788652896881104e-01,7.375841736793518066e-01,-4.872269034385681152e-01,3.163097500801086426e-01
2.098067402839660645e-01,7.375915646553039551e-01,-4.870908558368682861e-01,3.161625266075134277e-01
2.095340490341186523e-01,7.375984191894531250e-01,-4.869541525840759277e-01,3.160149157047271729e-01
2.092615216970443726e-01,7.376053333282470703e-01,-4.868174791336059570e-01,3.158671855926513672e-01
2.089890241622924805e-01,7.376117110252380371e-01,-4.866806268692016602e-01,3.157194256782531738e-01
2.087164074182510376e-01,7.376177310943603516e-01,-4.865435063838958740e-01,3.155714869499206543e-01
2.084437012672424316e-01,7.376236319541931152e-01,-4.864062368869781494e-01,3.154234886169433594e-01
2.081709206104278564e-01,7.376292943954467773e-01,-4.862687289714813232e-01,3.152752816677093506e-01
2.078982889652252197e-01,7.376343607902526855e-01,-4.861309528350830078e-01,3.151268362998962402e-01
2.076255083084106445e-01,7.376394867897033691e-01,-4.859930872917175293e-01,3.149783611297607422e-01
2.073525190353393555e-01,7.376439571380615234e-01,-4.858548641204833984e-01,3.148297369480133057e-01
2.070797085762023926e-01,7.376483082771301270e-01,-4.857165813446044922e-01,3.146809935569763184e-01
2.068066447973251343e-01,7.376521229743957520e-01,-4.855779111385345459e-01,3.145321309566497803e-01
2.065337598323822021e-01,7.376558184623718262e-01,-4.854391515254974365e-01,3.143829107284545898e-01
2.062608003616333008e-01,7.376590967178344727e-01,-4.853002727031707764e-01,3.142338097095489502e-01
2.059876024723052979e-01,7.376623153686523438e-01,-4.851610064506530762e-01,3.140844702720642090e-01
2.057144492864608765e-01,7.376652359962463379e-01,-4.850217998027801514e-01,3.139351904392242432e-01
2.054413259029388428e-01,7.376676201820373535e-01,-4.848821461200714111e-01,3.137854933738708496e-01
2.051682323217391968e-01,7.376697659492492676e-01,-4.847425222396850586e-01,3.136359155178070068e-01
2.048951536417007446e-01,7.376715540885925293e-01,-4.846026599407196045e-01,3.134861588478088379e-01
2.046217024326324463e-01,7.376732230186462402e-01,-4.844623804092407227e-01,3.133361339569091797e-01
2.043484002351760864e-01,7.376744747161865234e-01,-4.843221008777618408e-01,3.131861090660095215e-01
2.040751874446868896e-01,7.376753091812133789e-01,-4.841815531253814697e-01,3.130358755588531494e-01
2.038014680147171021e-01,7.376760244369506836e-01,-4.840407073497772217e-01,3.128854930400848389e-01
2.035279572010040283e-01,7.376761436462402344e-01,-4.838996231555938721e-01,3.127349019050598145e-01
2.032545804977416992e-01,7.376760840415954590e-01,-4.837585389614105225e-01,3.125843107700347900e-01
2.029810547828674316e-01,7.376756668090820312e-01,-4.836172461509704590e-01,3.124336600303649902e-01
2.027073651552200317e-01,7.376752495765686035e-01,-4.834756553173065186e-01,3.122828006744384766e-01
2.024337351322174072e-01,7.376744151115417480e-01,-4.833338856697082520e-01,3.121316134929656982e-01
2.021601796150207520e-01,7.376735806465148926e-01,-4.831922650337219238e-01,3.119807839393615723e-01
2.018865048885345459e-01,7.376727461814880371e-01,-4.830504357814788818e-01,3.118298649787902832e-01
2.016128152608871460e-01,7.376712560653686523e-01,-4.829082787036895752e-01,3.116785585880279541e-01
2.013389170169830322e-01,7.376697063446044922e-01,-4.827659726142883301e-01,3.115272223949432373e-01
2.010652273893356323e-01,7.376679182052612305e-01,-4.826235473155975342e-01,3.113758563995361328e-01
2.007912397384643555e-01,7.376655936241149902e-01,-4.824808835983276367e-01,3.112241923809051514e-01
2.005174905061721802e-01,7.376632094383239746e-01,-4.823382198810577393e-01,3.110726475715637207e-01
2.002435624599456787e-01,7.376607060432434082e-01,-4.821952581405639648e-01,3.109208941459655762e-01
1.999695599079132080e-01,7.376579642295837402e-01,-4.820522069931030273e-01,3.107690513134002686e-01
1.996956616640090942e-01,7.376543879508972168e-01,-4.819087684154510498e-01,3.106169700622558594e-01
1.994217038154602051e-01,7.376511693000793457e-01,-4.817653894424438477e-01,3.104650378227233887e-01
1.991475075483322144e-01,7.376472949981689453e-01,-4.816217124462127686e-01,3.103128373622894287e-01
1.988735496997833252e-01,7.376434206962585449e-01,-4.814780056476593018e-01,3.101605772972106934e-01
1.985992491245269775e-01,7.376394271850585938e-01,-4.813340902328491211e-01,3.100082874298095703e-01
1.983252316713333130e-01,7.376348972320556641e-01,-4.811899960041046143e-01,3.098557889461517334e-01
1.980508416891098022e-01,7.376301288604736328e-01,-4.810455441474914551e-01,3.097031116485595703e-01
1.977765560150146484e-01,7.376250624656677246e-01,-4.809010028839111328e-01,3.095502257347106934e-01
1.975022703409194946e-01,7.376200556755065918e-01,-4.807565510272979736e-01,3.093975782394409180e-01
1.972278654575347900e-01,7.376142740249633789e-01,-4.806115925312042236e-01,3.092445731163024902e-01
1.969535797834396362e-01,7.376086711883544922e-01,-4.804667234420776367e-01,3.090916872024536133e-01
1.966791152954101562e-01,7.376024723052978516e-01,-4.803216159343719482e-01,3.089385330677032471e-01
1.964046955108642578e-01,7.375965714454650879e-01,-4.801763892173767090e-01,3.087853789329528809e-01
1.961302310228347778e-01,7.375898957252502441e-01,-4.800308942794799805e-01,3.086319565773010254e-01
1.958557069301605225e-01,7.375832796096801758e-01,-4.798853695392608643e-01,3.084785938262939453e-01
1.955812573432922363e-01,7.375763654708862305e-01,-4.797397553920745850e-01,3.083251416683197021e-01
1.953065395355224609e-01,7.375690937042236328e-01,-4.795937538146972656e-01,3.081715106964111328e-01
1.950320601463317871e-01,7.375617623329162598e-01,-4.794478416442871094e-01,3.080178499221801758e-01
1.947573274374008179e-01,7.375540137290954590e-01,-4.793015122413635254e-01,3.078640103340148926e-01
1.944825798273086548e-01,7.375462055206298828e-01,-4.791552722454071045e-01,3.077103197574615479e-01
1.942079216241836548e-01,7.375378012657165527e-01,-4.790085852146148682e-01,3.075561523437500000e-01
1.939332187175750732e-01,7.375296950340270996e-01,-4.788621962070465088e-01,3.074022829532623291e-01
1.936583667993545532e-01,7.375210523605346680e-01,-4.787153601646423340e-01,3.072480559349060059e-01
1.933835446834564209e-01,7.375121712684631348e-01,-4.785682857036590576e-01,3.070936501026153564e-01
1.931086778640747070e-01,7.375031709671020508e-01,-4.784213304519653320e-01,3.069394826889038086e-01
1.928336918354034424e-01,7.374939322471618652e-01,-4.782740175724029541e-01,3.067849278450012207e-01
1.925589442253112793e-01,7.374840378761291504e-01,-4.781265258789062500e-01,3.066303730010986328e-01
1.922837197780609131e-01,7.374745607376098633e-01,-4.779790341854095459e-01,3.064758181571960449e-01
1.920087039470672607e-01,7.374645471572875977e-01,-4.778313040733337402e-01,3.063211739063262939e-01
1.917336881160736084e-01,7.374542355537414551e-01,-4.776833653450012207e-01,3.061660826206207275e-01
1.914587616920471191e-01,7.374438643455505371e-01,-4.775355756282806396e-01,3.060114085674285889e-01
1.911834925413131714e-01,7.374330759048461914e-01,-4.773873686790466309e-01,3.058562576770782471e-01
1.909085214138031006e-01,7.374227046966552734e-01,-4.772394597530364990e-01,3.057015538215637207e-01
1.906331330537796021e-01,7.374110817909240723e-01,-4.770906269550323486e-01,3.055460453033447266e-01
1.903581023216247559e-01,7.373997569084167480e-01,-4.769421815872192383e-01,3.053908646106719971e-01
1.900826096534729004e-01,7.373883724212646484e-01,-4.767935276031494141e-01,3.052356541156768799e-01
1.898075044155120850e-01,7.373765110969543457e-01,-4.766447544097900391e-01,3.050802350044250488e-01
1.895320713520050049e-01,7.373644113540649414e-01,-4.764956235885620117e-01,3.049246966838836670e-01
1.892568320035934448e-01,7.373525500297546387e-01,-4.763468205928802490e-01,3.047693371772766113e-01
1.889815479516983032e-01,7.373403310775756836e-01,-4.761976599693298340e-01,3.046135902404785156e-01
1.887060701847076416e-01,7.373275756835937500e-01,-4.760482609272003174e-01,3.044578135013580322e-01
1.884305775165557861e-01,7.373148202896118164e-01,-4.758987426757812500e-01,3.043020069599151611e-01
1.881549805402755737e-01,7.373017072677612305e-01,-4.757489562034606934e-01,3.041459918022155762e-01
1.878794729709625244e-01,7.372887134552001953e-01,-4.755993187427520752e-01,3.039900958538055420e-01
1.876041889190673828e-01,7.372751832008361816e-01,-4.754494726657867432e-01,3.038340806961059570e-01
1.873286068439483643e-01,7.372615933418273926e-01,-4.752995073795318604e-01,3.036779761314392090e-01
1.870530396699905396e-01,7.372477054595947266e-01,-4.751493334770202637e-01,3.035216629505157471e-01
1.867773085832595825e-01,7.372338175773620605e-01,-4.749991297721862793e-01,3.033654391765594482e-01
1.865017414093017578e-01,7.372198104858398438e-01,-4.748488068580627441e-01,3.032090663909912109e-01
1.862259656190872192e-01,7.372053265571594238e-01,-4.746983051300048828e-01,3.030527830123901367e-01
1.859502643346786499e-01,7.371904253959655762e-01,-4.745474755764007568e-01,3.028961420059204102e-01
1.856745928525924683e-01,7.371758222579956055e-01,-4.743967652320861816e-01,3.027393817901611328e-01
1.853985935449600220e-01,7.371608018875122070e-01,-4.742458760738372803e-01,3.025828003883361816e-01
1.851229220628738403e-01,7.371455430984497070e-01,-4.740948677062988281e-01,3.024261295795440674e-01
1.848471760749816895e-01,7.371305227279663086e-01,-4.739439785480499268e-01,3.022693991661071777e-01
1.845711469650268555e-01,7.371147274971008301e-01,-4.737925827503204346e-01,3.021124899387359619e-01
1.842953115701675415e-01,7.370991706848144531e-01,-4.736411571502685547e-01,3.019554316997528076e-01
1.840194761753082275e-01,7.370833754539489746e-01,-4.734898805618286133e-01,3.017986416816711426e-01
1.837432980537414551e-01,7.370671033859252930e-01,-4.733380079269409180e-01,3.016412854194641113e-01
1.834677308797836304e-01,7.370509505271911621e-01,-4.731866121292114258e-01,3.014844059944152832e-01
1.831913888454437256e-01,7.370342612266540527e-01,-4.730344414710998535e-01,3.013268411159515381e-01
1.829154044389724731e-01,7.370177507400512695e-01,-4.728826880455017090e-01,3.011697530746459961e-01
1.826394498348236084e-01,7.370013594627380371e-01,-4.727307558059692383e-01,3.010123670101165771e-01
1.823631525039672852e-01,7.369837164878845215e-01,-4.725781679153442383e-01,3.008546829223632812e-01
1.820871978998184204e-01,7.369658946990966797e-01,-4.724257886409759521e-01,3.006970882415771484e-01
1.818108856678009033e-01,7.369481921195983887e-01,-4.722731411457061768e-01,3.005393743515014648e-01
1.815347373485565186e-01,7.369299530982971191e-01,-4.721204340457916260e-01,3.003817200660705566e-01
1.812583953142166138e-01,7.369117140769958496e-01,-4.719675481319427490e-01,3.002236783504486084e-01
1.809821128845214844e-01,7.368934750556945801e-01,-4.718145728111267090e-01,3.000657558441162109e-01
1.807058453559875488e-01,7.368746399879455566e-01,-4.716614484786987305e-01,2.999077439308166504e-01
1.804293394088745117e-01,7.368559837341308594e-01,-4.715082645416259766e-01,2.997499108314514160e-01
1.801530569791793823e-01,7.368369102478027344e-01,-4.713549017906188965e-01,2.995916604995727539e-01
1.798764169216156006e-01,7.368177175521850586e-01,-4.712013900279998779e-01,2.994333803653717041e-01
1.796002238988876343e-01,7.367979884147644043e-01,-4.710476994514465332e-01,2.992749512195587158e-01
1.793239116668701172e-01,7.367785573005676270e-01,-4.708941876888275146e-01,2.991169095039367676e-01
1.790471076965332031e-01,7.367585897445678711e-01,-4.707401692867279053e-01,2.989582717418670654e-01
1.787707954645156860e-01,7.367386817932128906e-01,-4.705864191055297852e-01,2.987999320030212402e-01
1.784941703081130981e-01,7.367186546325683594e-01,-4.704324603080749512e-01,2.986413538455963135e-01
1.782174557447433472e-01,7.366981506347656250e-01,-4.702781140804290771e-01,2.984825968742370605e-01
1.779409795999526978e-01,7.366776466369628906e-01,-4.701238572597503662e-01,2.983239293098449707e-01
1.776643097400665283e-01,7.366567254066467285e-01,-4.699693322181701660e-01,2.981649339199066162e-01
1.773876547813415527e-01,7.366358041763305664e-01,-4.698148965835571289e-01,2.980061769485473633e-01
1.771106719970703125e-01,7.366146445274353027e-01,-4.696600437164306641e-01,2.978471219539642334e-01
1.768340766429901123e-01,7.365932464599609375e-01,-4.695053398609161377e-01,2.976882159709930420e-01
1.765573620796203613e-01,7.365716695785522461e-01,-4.693505167961120605e-01,2.975291609764099121e-01
1.762805283069610596e-01,7.365500330924987793e-01,-4.691955745220184326e-01,2.973701059818267822e-01
1.760037392377853394e-01,7.365280389785766602e-01,-4.690403938293457031e-01,2.972108125686645508e-01
1.757269203662872314e-01,7.365059256553649902e-01,-4.688850641250610352e-01,2.970513999462127686e-01
1.754501163959503174e-01,7.364838719367980957e-01,-4.687300026416778564e-01,2.968923151493072510e-01
1.751730293035507202e-01,7.364613413810729980e-01,-4.685743749141693115e-01,2.967327833175659180e-01
1.748962253332138062e-01,7.364388704299926758e-01,-4.684189856052398682e-01,2.965733110904693604e-01
1.746192723512649536e-01,7.364157438278198242e-01,-4.682631492614746094e-01,2.964137792587280273e-01
1.743422895669937134e-01,7.363930940628051758e-01,-4.681075215339660645e-01,2.962542772293090820e-01
1.740652471780776978e-01,7.363697886466979980e-01,-4.679514765739440918e-01,2.960943281650543213e-01
1.737882196903228760e-01,7.363463044166564941e-01,-4.677955210208892822e-01,2.959347069263458252e-01
1.735111922025680542e-01,7.363228797912597656e-01,-4.676393866539001465e-01,2.957747876644134521e-01
1.732340753078460693e-01,7.362991571426391602e-01,-4.674831926822662354e-01,2.956148982048034668e-01
1.729569584131240845e-01,7.362753152847290039e-01,-4.673268496990203857e-01,2.954549789428710938e-01
1.726797074079513550e-01,7.362512946128845215e-01,-4.671704471111297607e-01,2.952950000762939453e-01
1.724026203155517578e-01,7.362267971038818359e-01,-4.670138359069824219e-01,2.951348423957824707e-01
1.721254885196685791e-01,7.362024784088134766e-01,-4.668572545051574707e-01,2.949746549129486084e-01
1.718481481075286865e-01,7.361778616905212402e-01,-4.667003750801086426e-01,2.948144674301147461e-01
1.715709269046783447e-01,7.361530065536499023e-01,-4.665434062480926514e-01,2.946539521217346191e-01
1.712935566902160645e-01,7.361283302307128906e-01,-4.663866162300109863e-01,2.944937944412231445e-01
1.710161119699478149e-01,7.361028790473937988e-01,-4.662292301654815674e-01,2.943331003189086914e-01
1.707389354705810547e-01,7.360778450965881348e-01,-4.660722911357879639e-01,2.941727936267852783e-01
1.704615652561187744e-01,7.360523343086242676e-01,-4.659149050712585449e-01,2.940122187137603760e-01
1.701840758323669434e-01,7.360267639160156250e-01,-4.657574594020843506e-01,2.938515543937683105e-01
1.699067950248718262e-01,7.360008358955383301e-01,-4.656000733375549316e-01,2.936910092830657959e-01
1.696293801069259644e-01,7.359750270843505859e-01,-4.654424488544464111e-01,2.935301065444946289e-01
1.693517863750457764e-01,7.359488606452941895e-01,-4.652846753597259521e-01,2.933692932128906250e-01
1.690744161605834961e-01,7.359225153923034668e-01,-4.651268720626831055e-01,2.932083606719970703e-01
1.687966883182525635e-01,7.358958721160888672e-01,-4.649686515331268311e-01,2.930471301078796387e-01
1.685192137956619263e-01,7.358692288398742676e-01,-4.648107290267944336e-01,2.928863465785980225e-01
1.682415455579757690e-01,7.358424067497253418e-01,-4.646524786949157715e-01,2.927249968051910400e-01
1.679641157388687134e-01,7.358152866363525391e-01,-4.644943177700042725e-01,2.925640344619750977e-01
1.676863580942153931e-01,7.357882261276245117e-01,-4.643358886241912842e-01,2.924026250839233398e-01
1.674088537693023682e-01,7.357609868049621582e-01,-4.641774296760559082e-01,2.922413647174835205e-01
1.671311706304550171e-01,7.357335090637207031e-01,-4.640189111232757568e-01,2.920800149440765381e-01
1.668533384799957275e-01,7.357058525085449219e-01,-4.638601541519165039e-01,2.919185161590576172e-01
1.665755659341812134e-01,7.356780767440795898e-01,-4.637014269828796387e-01,2.917570471763610840e-01
1.662977933883666992e-01,7.356502413749694824e-01,-4.635425209999084473e-01,2.915953397750854492e-01
1.660200357437133789e-01,7.356216311454772949e-01,-4.633833467960357666e-01,2.914337515830993652e-01
1.657422035932540894e-01,7.355934977531433105e-01,-4.632243812084197998e-01,2.912720441818237305e-01
1.654642820358276367e-01,7.355650663375854492e-01,-4.630650281906127930e-01,2.911101281642913818e-01
1.651864051818847656e-01,7.355364561080932617e-01,-4.629057943820953369e-01,2.909483313560485840e-01
1.649085730314254761e-01,7.355077862739562988e-01,-4.627464711666107178e-01,2.907864451408386230e-01
1.646306514739990234e-01,7.354785203933715820e-01,-4.625867903232574463e-01,2.906243205070495605e-01
1.643527597188949585e-01,7.354495525360107422e-01,-4.624272286891937256e-01,2.904623150825500488e-01
1.640749424695968628e-01,7.354202866554260254e-01,-4.622675776481628418e-01,2.903001904487609863e-01
1.637968420982360840e-01,7.353909611701965332e-01,-4.621077477931976318e-01,2.901379466056823730e-01
1.635187119245529175e-01,7.353612184524536133e-01,-4.619477093219757080e-01,2.899756431579589844e-01
1.632406115531921387e-01,7.353315949440002441e-01,-4.617877602577209473e-01,2.898133695125579834e-01
1.629625856876373291e-01,7.353013753890991211e-01,-4.616273939609527588e-01,2.896506786346435547e-01
1.626845449209213257e-01,7.352713346481323242e-01,-4.614671766757965088e-01,2.894881963729858398e-01
1.624063402414321899e-01,7.352413535118103027e-01,-4.613069891929626465e-01,2.893258035182952881e-01
1.621283441781997681e-01,7.352115511894226074e-01,-4.611470103263854980e-01,2.891635894775390625e-01
1.618502140045166016e-01,7.351815700531005859e-01,-4.609868526458740234e-01,2.890013754367828369e-01
1.615720540285110474e-01,7.351512908935546875e-01,-4.608265459537506104e-01,2.888388633728027344e-01
1.612940430641174316e-01,7.351210117340087891e-01,-4.606663286685943604e-01,2.886766493320465088e-01
1.610158681869506836e-01,7.350907921791076660e-01,-4.605060219764709473e-01,2.885141670703887939e-01
1.607378274202346802e-01,7.350601553916931152e-01,-4.603456556797027588e-01,2.883518338203430176e-01
1.604594886302947998e-01,7.350294589996337891e-01,-4.601849615573883057e-01,2.881892323493957520e-01
1.601811349391937256e-01,7.349988818168640137e-01,-4.600243568420410156e-01,2.880266308784484863e-01
1.599031090736389160e-01,7.349678277969360352e-01,-4.598636925220489502e-01,2.878640294075012207e-01
1.596247702836990356e-01,7.349365949630737305e-01,-4.597027301788330078e-01,2.877012491226196289e-01
1.593464612960815430e-01,7.349057197570800781e-01,-4.595419466495513916e-01,2.875384986400604248e-01
1.590682417154312134e-01,7.348744273185729980e-01,-4.593809843063354492e-01,2.873756587505340576e-01
1.587898284196853638e-01,7.348431348800659180e-01,-4.592200815677642822e-01,2.872129082679748535e-01
1.585114747285842896e-01,7.348116636276245117e-01,-4.590590000152587891e-01,2.870501279830932617e-01
1.582331210374832153e-01,7.347798347473144531e-01,-4.588977992534637451e-01,2.868870794773101807e-01
1.579545885324478149e-01,7.347481846809387207e-01,-4.587364196777343750e-01,2.867241501808166504e-01
1.576765924692153931e-01,7.347165346145629883e-01,-4.585754275321960449e-01,2.865612804889678955e-01
1.573979854583740234e-01,7.346845269203186035e-01,-4.584138691425323486e-01,2.863981127738952637e-01
1.571193486452102661e-01,7.346524000167846680e-01,-4.582523107528686523e-01,2.862349450588226318e-01
1.568413078784942627e-01,7.346203923225402832e-01,-4.580910801887512207e-01,2.860720157623291016e-01
1.565627604722976685e-01,7.345882058143615723e-01,-4.579294919967651367e-01,2.859088778495788574e-01
1.562841683626174927e-01,7.345556020736694336e-01,-4.577676355838775635e-01,2.857455313205718994e-01
1.560057103633880615e-01,7.345231771469116211e-01,-4.576059579849243164e-01,2.855822145938873291e-01
1.557272076606750488e-01,7.344906926155090332e-01,-4.574442207813262939e-01,2.854190170764923096e-01
1.554485857486724854e-01,7.344580292701721191e-01,-4.572823643684387207e-01,2.852557003498077393e-01
1.551703065633773804e-01,7.344251871109008789e-01,-4.571205079555511475e-01,2.850922942161560059e-01
1.548917293548583984e-01,7.343922853469848633e-01,-4.569585323333740234e-01,2.849287986755371094e-01
1.546128988265991211e-01,7.343593239784240723e-01,-4.567963778972625732e-01,2.847653627395629883e-01
1.543344259262084961e-01,7.343261241912841797e-01,-4.566341638565063477e-01,2.846017479896545410e-01
1.540558487176895142e-01,7.342931032180786133e-01,-4.564720690250396729e-01,2.844383418560028076e-01
1.537771224975585938e-01,7.342597246170043945e-01,-4.563097655773162842e-01,2.842746376991271973e-01
1.534985005855560303e-01,7.342261075973510742e-01,-4.561474025249481201e-01,2.841110229492187500e-01
1.532198041677474976e-01,7.341926693916320801e-01,-4.559849500656127930e-01,2.839473485946655273e-01
1.529410928487777710e-01,7.341591119766235352e-01,-4.558224678039550781e-01,2.837835550308227539e-01
1.526624262332916260e-01,7.341253757476806641e-01,-4.556598365306854248e-01,2.836196422576904297e-01
1.523837894201278687e-01,7.340917587280273438e-01,-4.554974138736724854e-01,2.834559381008148193e-01
1.521048843860626221e-01,7.340578436851501465e-01,-4.553347229957580566e-01,2.832921147346496582e-01
1.518262475728988647e-01,7.340238094329833984e-01,-4.551719427108764648e-01,2.831282317638397217e-01
1.515476107597351074e-01,7.339897751808166504e-01,-4.550091922283172607e-01,2.829643785953521729e-01
1.512686759233474731e-01,7.339556813240051270e-01,-4.548463225364685059e-01,2.828004062175750732e-01
1.509900093078613281e-01,7.339215278625488281e-01,-4.546834826469421387e-01,2.826363146305084229e-01
1.507111042737960815e-01,7.338871359825134277e-01,-4.545204639434814453e-01,2.824722528457641602e-01
1.504321694374084473e-01,7.338528633117675781e-01,-4.543573558330535889e-01,2.823081612586975098e-01
1.501535326242446899e-01,7.338182926177978516e-01,-4.541943967342376709e-01,2.821441888809204102e-01
1.498745381832122803e-01,7.337837815284729004e-01,-4.540311694145202637e-01,2.819797992706298828e-01
1.495957970619201660e-01,7.337492108345031738e-01,-4.538680315017700195e-01,2.818157076835632324e-01
1.493168324232101440e-01,7.337145805358886719e-01,-4.537048041820526123e-01,2.816515564918518066e-01
1.490379571914672852e-01,7.336797714233398438e-01,-4.535415470600128174e-01,2.814873456954956055e-01
1.487590968608856201e-01,7.336446642875671387e-01,-4.533779621124267578e-01,2.813227772712707520e-01
1.484801769256591797e-01,7.336097359657287598e-01,-4.532146453857421875e-01,2.811585664749145508e-01
1.482011675834655762e-01,7.335747480392456055e-01,-4.530511796474456787e-01,2.809942066669464111e-01
1.479222774505615234e-01,7.335397601127624512e-01,-4.528876543045043945e-01,2.808298468589782715e-01
1.476433277130126953e-01,7.335043549537658691e-01,-4.527239501476287842e-01,2.806651592254638672e-01
1.473642587661743164e-01,7.334692478179931641e-01,-4.525603055953979492e-01,2.805007696151733398e-01
1.470853388309478760e-01,7.334339618682861328e-01,-4.523966312408447266e-01,2.803362905979156494e-01
1.468063592910766602e-01,7.333985567092895508e-01,-4.522328376770019531e-01,2.801716923713684082e-01
1.465273648500442505e-01,7.333630919456481934e-01,-4.520691037178039551e-01,2.800070941448211670e-01
1.462482511997222900e-01,7.333275079727172852e-01,-4.519051313400268555e-01,2.798423767089843750e-01
1.459691673517227173e-01,7.332919836044311523e-01,-4.517413079738616943e-01,2.796777188777923584e-01
1.456902474164962769e-01,7.332565188407897949e-01,-4.515773355960845947e-01,2.795130014419555664e-01
1.454110890626907349e-01,7.332205772399902344e-01,-4.514132440090179443e-01,2.793483734130859375e-01
1.451319456100463867e-01,7.331849932670593262e-01,-4.512492120265960693e-01,2.791835665702819824e-01
1.448528915643692017e-01,7.331488132476806641e-01,-4.510849714279174805e-01,2.790185809135437012e-01
1.445739865303039551e-01,7.331129908561706543e-01,-4.509209096431732178e-01,2.788538634777069092e-01
1.442946791648864746e-01,7.330772876739501953e-01,-4.507567584514617920e-01,2.786890268325805664e-01
1.440157741308212280e-01,7.330412268638610840e-01,-4.505926072597503662e-01,2.785242795944213867e-01
1.437365114688873291e-01,7.330050468444824219e-01,-4.504280686378479004e-01,2.783590555191040039e-01
1.434574723243713379e-01,7.329688668251037598e-01,-4.502637684345245361e-01,2.781941294670104980e-01
1.431783735752105713e-01,7.329329252243041992e-01,-4.500995576381683350e-01,2.780292034149169922e-01
1.428990811109542847e-01,7.328963279724121094e-01,-4.499347805976867676e-01,2.778639495372772217e-01
1.426199376583099365e-01,7.328603267669677734e-01,-4.497705101966857910e-01,2.776991128921508789e-01
1.423407793045043945e-01,7.328239083290100098e-01,-4.496058821678161621e-01,2.775338590145111084e-01
1.420614719390869141e-01,7.327871322631835938e-01,-4.494411945343017578e-01,2.773687839508056641e-01
1.417823135852813721e-01,7.327499985694885254e-01,-4.492764174938201904e-01,2.772035598754882812e-01
1.415030062198638916e-01,7.327131628990173340e-01,-4.491117298603057861e-01,2.770384252071380615e-01
1.412239074707031250e-01,7.326760292053222656e-01,-4.489468336105346680e-01,2.768730819225311279e-01
1.409444361925125122e-01,7.326387763023376465e-01,-4.487819373607635498e-01,2.767079472541809082e-01
1.406651735305786133e-01,7.326014041900634766e-01,-4.486168622970581055e-01,2.765426039695739746e-01
1.403857469558715820e-01,7.325640916824340820e-01,-4.484518170356750488e-01,2.763771712779998779e-01
1.401064544916152954e-01,7.325266599655151367e-01,-4.482867121696472168e-01,2.762117981910705566e-01
1.398271769285202026e-01,7.324892878532409668e-01,-4.481217265129089355e-01,2.760465741157531738e-01
1.395477354526519775e-01,7.324516177177429199e-01,-4.479563534259796143e-01,2.758809626102447510e-01
1.392685621976852417e-01,7.324140071868896484e-01,-4.477913081645965576e-01,2.757156491279602051e-01
1.389889121055603027e-01,7.323764562606811523e-01,-4.476259946823120117e-01,2.755501270294189453e-01
1.387096345424652100e-01,7.323385477066040039e-01,-4.474607110023498535e-01,2.753846347332000732e-01
1.384302377700805664e-01,7.323006391525268555e-01,-4.472953677177429199e-01,2.752190828323364258e-01
1.381507366895675659e-01,7.322628498077392578e-01,-4.471299052238464355e-01,2.750534415245056152e-01
1.378713250160217285e-01,7.322246432304382324e-01,-4.469645023345947266e-01,2.748878896236419678e-01
1.375918537378311157e-01,7.321866154670715332e-01,-4.467988908290863037e-01,2.747220396995544434e-01
1.373123526573181152e-01,7.321487069129943848e-01,-4.466333687305450439e-01,2.745565176010131836e-01
1.370329707860946655e-01,7.321105003356933594e-01,-4.464677572250366211e-01,2.743907570838928223e-01
1.367534250020980835e-01,7.320719361305236816e-01,-4.463019669055938721e-01,2.742250263690948486e-01
1.364740431308746338e-01,7.320337891578674316e-01,-4.461363852024078369e-01,2.740593552589416504e-01
1.361943185329437256e-01,7.319955229759216309e-01,-4.459706544876098633e-01,2.738935947418212891e-01
1.359148174524307251e-01,7.319570183753967285e-01,-4.458047449588775635e-01,2.737275362014770508e-01
1.356352418661117554e-01,7.319182157516479492e-01,-4.456387758255004883e-01,2.735616564750671387e-01
1.353558301925659180e-01,7.318798303604125977e-01,-4.454731941223144531e-01,2.733961045742034912e-01
1.350763738155364990e-01,7.318412661552429199e-01,-4.453073441982269287e-01,2.732302248477935791e-01
1.347965598106384277e-01,7.318025827407836914e-01,-4.451411068439483643e-01,2.730639278888702393e-01
1.345171630382537842e-01,7.317637801170349121e-01,-4.449752271175384521e-01,2.728980779647827148e-01
1.342375725507736206e-01,7.317250370979309082e-01,-4.448092579841613770e-01,2.727322578430175781e-01
1.339579522609710693e-01,7.316860556602478027e-01,-4.446429908275604248e-01,2.725660800933837891e-01
1.336783468723297119e-01,7.316471934318542480e-01,-4.444769024848937988e-01,2.724000513553619385e-01
1.333989202976226807e-01,7.316080331802368164e-01,-4.443108439445495605e-01,2.722342014312744141e-01
1.331190317869186401e-01,7.315691113471984863e-01,-4.441444277763366699e-01,2.720678448677062988e-01
1.328392624855041504e-01,7.315297722816467285e-01,-4.439779818058013916e-01,2.719016075134277344e-01
1.325598657131195068e-01,7.314906120300292969e-01,-4.438118040561676025e-01,2.717355489730834961e-01
1.322801262140274048e-01,7.314514517784118652e-01,-4.436453878879547119e-01,2.715693116188049316e-01
1.320005804300308228e-01,7.314120531082153320e-01,-4.434790611267089844e-01,2.714031636714935303e-01
1.317208707332611084e-01,7.313727736473083496e-01,-4.433126449584960938e-01,2.712368965148925781e-01
1.314409226179122925e-01,7.313331961631774902e-01,-4.431458413600921631e-01,2.710703909397125244e-01
1.311614513397216797e-01,7.312937378883361816e-01,-4.429795444011688232e-01,2.709043025970458984e-01
1.308816969394683838e-01,7.312542796134948730e-01,-4.428129792213439941e-01,2.707380354404449463e-01
1.306020021438598633e-01,7.312145829200744629e-01,-4.426463246345520020e-01,2.705716788768768311e-01
1.303222924470901489e-01,7.311748862266540527e-01,-4.424796104431152344e-01,2.704051434993743896e-01
1.300426423549652100e-01,7.311353087425231934e-01,-4.423131346702575684e-01,2.702389359474182129e-01
1.297626942396163940e-01,7.310953736305236816e-01,-4.421461224555969238e-01,2.700722217559814453e-01
1.294830441474914551e-01,7.310556769371032715e-01,-4.419795274734497070e-01,2.699059844017028809e-01
1.292030513286590576e-01,7.310159206390380859e-01,-4.418125748634338379e-01,2.697393596172332764e-01
1.289235055446624756e-01,7.309758663177490234e-01,-4.416457116603851318e-01,2.695727944374084473e-01
1.286437213420867920e-01,7.309358119964599609e-01,-4.414788782596588135e-01,2.694062590599060059e-01
1.283639520406723022e-01,7.308958768844604492e-01,-4.413120448589324951e-01,2.692399024963378906e-01
1.280840486288070679e-01,7.308557033538818359e-01,-4.411448538303375244e-01,2.690730392932891846e-01
1.278043389320373535e-01,7.308157086372375488e-01,-4.409779906272888184e-01,2.689065337181091309e-01
1.275243163108825684e-01,7.307754158973693848e-01,-4.408107697963714600e-01,2.687397897243499756e-01
1.272445172071456909e-01,7.307351231575012207e-01,-4.406436681747436523e-01,2.685731053352355957e-01
1.269648522138595581e-01,7.306950688362121582e-01,-4.404767453670501709e-01,2.684066295623779297e-01
1.266850829124450684e-01,7.306545972824096680e-01,-4.403095543384552002e-01,2.682398557662963867e-01
1.264049708843231201e-01,7.306141853332519531e-01,-4.401420950889587402e-01,2.680729031562805176e-01
1.261251717805862427e-01,7.305736541748046875e-01,-4.399749040603637695e-01,2.679062485694885254e-01
1.258452534675598145e-01,7.305331230163574219e-01,-4.398076534271240234e-01,2.677394747734069824e-01
1.255652606487274170e-01,7.304923534393310547e-01,-4.396401345729827881e-01,2.675725817680358887e-01
1.252853274345397949e-01,7.304519414901733398e-01,-4.394727349281311035e-01,2.674055993556976318e-01
1.250055432319641113e-01,7.304113507270812988e-01,-4.393055438995361328e-01,2.672389745712280273e-01
1.247255951166152954e-01,7.303705215454101562e-01,-4.391378760337829590e-01,2.670718431472778320e-01
1.244456470012664795e-01,7.303296923637390137e-01,-4.389703869819641113e-01,2.669048309326171875e-01
1.241658329963684082e-01,7.302893400192260742e-01,-4.388031363487243652e-01,2.667382359504699707e-01
1.238860487937927246e-01,7.302481532096862793e-01,-4.386354684829711914e-01,2.665710449218750000e-01
1.236059889197349548e-01,7.302072644233703613e-01,-4.384679198265075684e-01,2.664041519165039062e-01
1.233258545398712158e-01,7.301664352416992188e-01,-4.383001625537872314e-01,2.662369608879089355e-01
1.230458766222000122e-01,7.301252484321594238e-01,-4.381324052810668945e-01,2.660697996616363525e-01
1.227660179138183594e-01,7.300841808319091797e-01,-4.379647374153137207e-01,2.659027874469757080e-01
1.224860250949859619e-01,7.300431728363037109e-01,-4.377970695495605469e-01,2.657359242439270020e-01
1.222059130668640137e-01,7.300019264221191406e-01,-4.376291334629058838e-01,2.655686140060424805e-01
1.219258978962898254e-01,7.299606204032897949e-01,-4.374612271785736084e-01,2.654014229774475098e-01
1.216460466384887695e-01,7.299193739891052246e-01,-4.372933804988861084e-01,2.652342021465301514e-01
1.213660314679145813e-01,7.298779487609863281e-01,-4.371255636215209961e-01,2.650670409202575684e-01
1.210860013961791992e-01,7.298366427421569824e-01,-4.369578063488006592e-01,2.649000287055969238e-01
1.208058670163154602e-01,7.297952175140380859e-01,-4.367896914482116699e-01,2.647327184677124023e-01
1.205257475376129150e-01,7.297537326812744141e-01,-4.366216957569122314e-01,2.645654082298278809e-01
1.202457100152969360e-01,7.297120094299316406e-01,-4.364535212516784668e-01,2.643979787826538086e-01
1.199659407138824463e-01,7.296704053878784180e-01,-4.362856447696685791e-01,2.642308771610260010e-01
1.196856349706649780e-01,7.296288013458251953e-01,-4.361174106597900391e-01,2.640633583068847656e-01
1.194054484367370605e-01,7.295873761177062988e-01,-4.359493553638458252e-01,2.638961374759674072e-01
1.191255152225494385e-01,7.295454740524291992e-01,-4.357812404632568359e-01,2.637287974357604980e-01
1.188452094793319702e-01,7.295035719871520996e-01,-4.356127381324768066e-01,2.635611295700073242e-01
1.185651645064353943e-01,7.294618487358093262e-01,-4.354447126388549805e-01,2.633938789367675781e-01
1.182849854230880737e-01,7.294197678565979004e-01,-4.352762997150421143e-01,2.632264494895935059e-01
1.180048882961273193e-01,7.293781638145446777e-01,-4.351081848144531250e-01,2.630590796470642090e-01
1.177248060703277588e-01,7.293361425399780273e-01,-4.349398612976074219e-01,2.628916203975677490e-01
1.174446493387222290e-01,7.292938828468322754e-01,-4.347714185714721680e-01,2.627242505550384521e-01
1.171645671129226685e-01,7.292516231536865234e-01,-4.346029460430145264e-01,2.625564932823181152e-01
1.168842911720275879e-01,7.292097210884094238e-01,-4.344344735145568848e-01,2.623889446258544922e-01
1.166041195392608643e-01,7.291675209999084473e-01,-4.342659711837768555e-01,2.622214555740356445e-01
1.163241565227508545e-01,7.291251420974731445e-01,-4.340975582599639893e-01,2.620539665222167969e-01
1.160436347126960754e-01,7.290828227996826172e-01,-4.339287877082824707e-01,2.618861496448516846e-01
1.157636642456054688e-01,7.290406227111816406e-01,-4.337603449821472168e-01,2.617185711860656738e-01
1.154834032058715820e-01,7.289982438087463379e-01,-4.335916340351104736e-01,2.615507841110229492e-01
1.152031272649765015e-01,7.289558053016662598e-01,-4.334230124950408936e-01,2.613832354545593262e-01
1.149230897426605225e-01,7.289130687713623047e-01,-4.332543015480041504e-01,2.612154483795166016e-01
1.146428138017654419e-01,7.288705706596374512e-01,-4.330855607986450195e-01,2.610477209091186523e-01
1.143626123666763306e-01,7.288280725479125977e-01,-4.329168796539306641e-01,2.608801424503326416e-01
1.140824109315872192e-01,7.287855148315429688e-01,-4.327480494976043701e-01,2.607122659683227539e-01
1.138020902872085571e-01,7.287428379058837891e-01,-4.325791597366333008e-01,2.605443298816680908e-01
1.135215163230895996e-01,7.287001013755798340e-01,-4.324101209640502930e-01,2.603763937950134277e-01
1.132413968443870544e-01,7.286574244499206543e-01,-4.322413802146911621e-01,2.602086663246154785e-01
1.129612326622009277e-01,7.286145091056823730e-01,-4.320724904537200928e-01,2.600408494472503662e-01
1.126807853579521179e-01,7.285714745521545410e-01,-4.319033622741699219e-01,2.598729431629180908e-01
1.124005243182182312e-01,7.285286784172058105e-01,-4.317343831062316895e-01,2.597049772739410400e-01
1.121204420924186707e-01,7.284858226776123047e-01,-4.315654635429382324e-01,2.595371901988983154e-01
1.118398979306221008e-01,7.284425497055053711e-01,-4.313962161540985107e-01,2.593690454959869385e-01
1.115597561001777649e-01,7.283998131752014160e-01,-4.312272667884826660e-01,2.592011094093322754e-01
1.112792044878005981e-01,7.283565402030944824e-01,-4.310579299926757812e-01,2.590330839157104492e-01
1.109991818666458130e-01,7.283135652542114258e-01,-4.308890998363494873e-01,2.588653564453125000e-01
1.107187643647193909e-01,7.282701134681701660e-01,-4.307196140289306641e-01,2.586970031261444092e-01
1.104383990168571472e-01,7.282269001007080078e-01,-4.305505752563476562e-01,2.585291564464569092e-01
1.101580187678337097e-01,7.281835079193115234e-01,-4.303811788558959961e-01,2.583608627319335938e-01
1.098775416612625122e-01,7.281399369239807129e-01,-4.302117228507995605e-01,2.581926882266998291e-01
1.095974817872047424e-01,7.280969023704528809e-01,-4.300426542758941650e-01,2.580248117446899414e-01
1.093168482184410095e-01,7.280532717704772949e-01,-4.298731088638305664e-01,2.578565776348114014e-01
1.090365871787071228e-01,7.280096411705017090e-01,-4.297035932540893555e-01,2.576881945133209229e-01
1.087559983134269714e-01,7.279660701751708984e-01,-4.295341074466705322e-01,2.575201094150543213e-01
1.084757149219512939e-01,7.279226779937744141e-01,-4.293647706508636475e-01,2.573520243167877197e-01
1.081954166293144226e-01,7.278788685798645020e-01,-4.291952252388000488e-01,2.571836411952972412e-01
1.079150289297103882e-01,7.278351783752441406e-01,-4.290256500244140625e-01,2.570154666900634766e-01
1.076346039772033691e-01,7.277914881706237793e-01,-4.288561344146728516e-01,2.568471729755401611e-01
1.073539704084396362e-01,7.277477383613586426e-01,-4.286863803863525391e-01,2.566787302494049072e-01
1.070735901594161987e-01,7.277037501335144043e-01,-4.285166859626770020e-01,2.565104067325592041e-01
1.067931577563285828e-01,7.276600599288940430e-01,-4.283471703529357910e-01,2.563421130180358887e-01
1.065126955509185791e-01,7.276158332824707031e-01,-4.281772375106811523e-01,2.561735510826110840e-01
1.062323898077011108e-01,7.275717258453369141e-01,-4.280075430870056152e-01,2.560052871704101562e-01
1.059516966342926025e-01,7.275279760360717773e-01,-4.278378188610076904e-01,2.558369040489196777e-01
1.056712120771408081e-01,7.274839878082275391e-01,-4.276679754257202148e-01,2.556684613227844238e-01
1.053907498717308044e-01,7.274394631385803223e-01,-4.274980127811431885e-01,2.554999589920043945e-01
1.051102057099342346e-01,7.273952960968017578e-01,-4.273281097412109375e-01,2.553313672542572021e-01
1.048297584056854248e-01,7.273509502410888672e-01,-4.271581768989562988e-01,2.551629245281219482e-01
1.045490428805351257e-01,7.273066043853759766e-01,-4.269880354404449463e-01,2.549942135810852051e-01
1.042686402797698975e-01,7.272623777389526367e-01,-4.268182516098022461e-01,2.548259198665618896e-01
1.039882749319076538e-01,7.272180318832397461e-01,-4.266481995582580566e-01,2.546573281288146973e-01
1.037077009677886963e-01,7.271735072135925293e-01,-4.264782369136810303e-01,2.544887661933898926e-01
1.034269034862518311e-01,7.271289229393005371e-01,-4.263079166412353516e-01,2.543199956417083740e-01
1.031465083360671997e-01,7.270842790603637695e-01,-4.261377751827239990e-01,2.541512846946716309e-01
1.028660088777542114e-01,7.270395755767822266e-01,-4.259675741195678711e-01,2.539826035499572754e-01
1.025853008031845093e-01,7.269949913024902344e-01,-4.257974028587341309e-01,2.538139224052429199e-01
1.023047044873237610e-01,7.269504070281982422e-01,-4.256271123886108398e-01,2.536452412605285645e-01
1.020242944359779358e-01,7.269053459167480469e-01,-4.254567921161651611e-01,2.534763514995574951e-01
1.017434448003768921e-01,7.268605828285217285e-01,-4.252863824367523193e-01,2.533076405525207520e-01
1.014629155397415161e-01,7.268155217170715332e-01,-4.251159429550170898e-01,2.531386911869049072e-01
1.011824235320091248e-01,7.267708182334899902e-01,-4.249457716941833496e-01,2.529700100421905518e-01
1.009018942713737488e-01,7.267262339591979980e-01,-4.247755706310272217e-01,2.528014183044433594e-01
1.006212681531906128e-01,7.266814708709716797e-01,-4.246051013469696045e-01,2.526324391365051270e-01
1.003406718373298645e-01,7.266368269920349121e-01,-4.244348704814910889e-01,2.524638175964355469e-01
1.000600606203079224e-01,7.265919446945190430e-01,-4.242645204067230225e-01,2.522948384284973145e-01
9.977945685386657715e-02,7.265471816062927246e-01,-4.240941405296325684e-01,2.521259784698486328e-01
9.949874877929687500e-02,7.265022397041320801e-01,-4.239236116409301758e-01,2.519571185111999512e-01
9.921830147504806519e-02,7.264573574066162109e-01,-4.237532615661621094e-01,2.517884373664855957e-01
9.893770515918731689e-02,7.264122366905212402e-01,-4.235827624797821045e-01,2.516195178031921387e-01
9.865693747997283936e-02,7.263673543930053711e-01,-4.234121143817901611e-01,2.514504790306091309e-01
9.837647527456283569e-02,7.263224720954895020e-01,-4.232418537139892578e-01,2.512818574905395508e-01
9.809578955173492432e-02,7.262774705886840820e-01,-4.230712056159973145e-01,2.511126697063446045e-01
9.781502932310104370e-02,7.262319326400756836e-01,-4.229003787040710449e-01,2.509436011314392090e-01
