X0,X1,X2,X3,Y0,Y1,Y2,Y3,U0,U1,U2,U3
1.849183440208435059e-01,1.528002917766571045e-01,-1.083381623029708862e-01,2.199205756187438965e-01,-2.057504415512084961e+00,5.500478744506835938e-01,2.178727626800537109e+00,-3.184556484222412109e+00,-2.401265605206453824e+00,6.540359463804974460e-01,5.451801005381802234e-01,-4.141622126721892450e+00
1.828331351280212402e-01,1.496720016002655029e-01,-1.122270673513412476e-01,2.229645550251007080e-01,-2.058087825775146484e+00,5.329911708831787109e-01,2.198312282562255859e+00,-3.218455314636230469e+00,-2.401600191071540991e+00,6.213223977408121046e-01,6.168050650136983615e-01,-4.137440691947435134e+00
1.806553900241851807e-01,1.466583907604217529e-01,-1.160573735833168030e-01,2.258227169513702393e-01,-2.058596611022949219e+00,5.143627524375915527e-01,2.217655181884765625e+00,-3.250902891159057617e+00,-2.401910187200310354e+00,5.880191681363455825e-01,6.872247044065246113e-01,-4.132972796052186482e+00
1.783936917781829834e-01,1.437621712684631348e-01,-1.198255494236946106e-01,2.284986376762390137e-01,-2.059054613113403320e+00,4.942438006401062012e-01,2.236752033233642578e+00,-3.281918525695800781e+00,-2.402196607639132342e+00,5.541745457969667887e-01,7.564351392321484457e-01,-4.128223338172842816e+00
1.760557889938354492e-01,1.409839987754821777e-01,-1.235289573669433594e-01,2.309973835945129395e-01,-2.059482097625732422e+00,4.727188348770141602e-01,2.255598545074462891e+00,-3.311529159545898438e+00,-2.402460473439613331e+00,5.198336446632864094e-01,8.244381155772129155e-01,-4.123197197095653799e+00
1.736486852169036865e-01,1.383242607116699219e-01,-1.271655857563018799e-01,2.333241701126098633e-01,-2.059899330139160156e+00,4.498658776283264160e-01,2.274194478988647461e+00,-3.339764118194580078e+00,-2.402702843269845179e+00,4.850368492863861292e-01,8.912456263907289067e-01,-4.117899251027559160e+00
1.711792051792144775e-01,1.357833743095397949e-01,-1.307331621646881104e-01,2.354832887649536133e-01,-2.060322523117065430e+00,4.257608056068420410e-01,2.292533874511718750e+00,-3.366646289825439453e+00,-2.402924741425779054e+00,4.498277466345256270e-01,9.568628927426818809e-01,-4.112334389042925586e+00
1.686542928218841553e-01,1.333617568016052246e-01,-1.342298090457916260e-01,2.374798655509948730e-01,-2.060771465301513672e+00,4.004822373390197754e-01,2.310617685317993164e+00,-3.392207622528076172e+00,-2.403127118587171207e+00,4.142439902407528129e-01,1.021298013088316914e+00,-4.106507315476356723e+00
1.660800278186798096e-01,1.310588717460632324e-01,-1.376538127660751343e-01,2.393187284469604492e-01,-2.061259746551513672e+00,3.741053342819213867e-01,2.328440666198730469e+00,-3.416473388671875000e+00,-2.403310966353174205e+00,3.783269476214273785e-01,1.084558194802711650e+00,-4.100422873009331504e+00
1.634619832038879395e-01,1.288748383522033691e-01,-1.410037875175476074e-01,2.410040497779846191e-01,-2.061803579330444336e+00,3.466943502426147461e-01,2.346001625061035156e+00,-3.439468860626220703e+00,-2.403477250296046197e+00,3.421159516476275919e-01,1.146652238105417609e+00,-4.094085852416760929e+00
1.608060896396636963e-01,1.268084049224853516e-01,-1.442789137363433838e-01,2.425415515899658203e-01,-2.062416076660156250e+00,3.183248043060302734e-01,2.363301753997802734e+00,-3.461231231689453125e+00,-2.403626848723666942e+00,3.056360448980736111e-01,1.207601719120180439e+00,-4.087500688885592481e+00
1.581169068813323975e-01,1.248587965965270996e-01,-1.474781781435012817e-01,2.439351677894592285e-01,-2.063107013702392578e+00,2.890563011169433594e-01,2.380337476730346680e+00,-3.481782197952270508e+00,-2.403760709328655931e+00,2.689287929845290415e-01,1.267413050534139440e+00,-4.080672227320667034e+00
1.553994119167327881e-01,1.230246424674987793e-01,-1.506006419658660889e-01,2.451899945735931396e-01,-2.063887119293212891e+00,2.589586973190307617e-01,2.397105455398559570e+00,-3.501151084899902344e+00,-2.403879689557431920e+00,2.320250666588976884e-01,1.326100183389413045e+00,-4.073605001366169986e+00
1.526586711406707764e-01,1.213055253028869629e-01,-1.536461114883422852e-01,2.463106513023376465e-01,-2.064772844314575195e+00,2.280899882316589355e-01,2.413613319396972656e+00,-3.519375562667846680e+00,-2.403984566334301576e+00,1.949481331581442989e-01,1.383680934647741445e+00,-4.066303291321023750e+00
1.498982310295104980e-01,1.196990609169006348e-01,-1.566140353679656982e-01,2.473011612892150879e-01,-2.065763235092163086e+00,1.965094804763793945e-01,2.429851293563842773e+00,-3.536473274230957031e+00,-2.404076217787903147e+00,1.577344697195063317e-01,1.440166351897706143e+00,-4.058771821101398558e+00
1.471227109432220459e-01,1.182048320770263672e-01,-1.595039367675781250e-01,2.481661736965179443e-01,-2.066874980926513672e+00,1.642752885818481445e-01,2.445825099945068359e+00,-3.552478790283203125e+00,-2.404155361582915873e+00,1.204078619414207796e-01,1.495570198153010955e+00,-4.051014800814850325e+00
1.443358361721038818e-01,1.168211102485656738e-01,-1.623159050941467285e-01,2.489098906517028809e-01,-2.068113803863525391e+00,1.314406394958496094e-01,2.461534976959228516e+00,-3.567421197891235352e+00,-2.404222721102417193e+00,8.299366179802612764e-02,1.549906166685699249e+00,-4.043036511559652268e+00
1.415405571460723877e-01,1.155454516410827637e-01,-1.650497317314147949e-01,2.495367527008056641e-01,-2.069482326507568359e+00,9.806102514266967773e-02,2.476976394653320312e+00,-3.581323146820068359e+00,-2.404279071837681414e+00,4.552264773498435751e-02,1.603187712508287843e+00,-4.034841476960782991e+00
1.387411057949066162e-01,1.143769025802612305e-01,-1.677054166793823242e-01,2.500505149364471436e-01,-2.070988416671752930e+00,6.418848037719726562e-02,2.492151737213134766e+00,-3.594215869903564453e+00,-2.404325024893274598e+00,8.014560581305479880e-03,1.655426785565002890e+00,-4.026433662541998082e+00
1.359405815601348877e-01,1.133137345314025879e-01,-1.702830195426940918e-01,2.504552602767944336e-01,-2.072638273239135742e+00,2.987289428710937500e-02,2.507061243057250977e+00,-3.606126308441162109e+00,-2.404361241348101252e+00,-2.950602645335092394e-02,1.706636253620638977e+00,-4.017817287427491557e+00
1.331417858600616455e-01,1.123539209365844727e-01,-1.727828830480575562e-01,2.507550120353698730e-01,-2.074435710906982422e+00,-4.839062690734863281e-03,2.521705389022827148e+00,-3.617080688476562500e+00,-2.404388347789881308e+00,-6.701603584078834330e-02,1.756828755870746717e+00,-4.008996490083630349e+00
1.303472816944122314e-01,1.114953160285949707e-01,-1.752050817012786865e-01,2.509533762931823730e-01,-2.076380729675292969e+00,-3.990054130554199219e-02,2.536081314086914062e+00,-3.627101421356201172e+00,-2.404406975637244592e+00,-1.044923928395354029e-01,1.806017403281527045e+00,-3.999975387383797099e+00
1.275594532489776611e-01,1.107358336448669434e-01,-1.775501519441604614e-01,2.510541081428527832e-01,-2.078476428985595703e+00,-7.526993751525878906e-02,2.550189733505249023e+00,-3.636214256286621094e+00,-2.404417691314005179e+00,-1.419142948193536924e-01,1.854214493083699455e+00,-3.990757994201697301e+00
1.247810423374176025e-01,1.100735068321228027e-01,-1.798186600208282471e-01,2.510613799095153809e-01,-2.080727815628051758e+00,-1.109014749526977539e-01,2.564033985137939453e+00,-3.644450902938842773e+00,-2.404421047601809747e+00,-1.792613676278000112e-01,1.901432432071156198e+00,-3.981348293915777603e+00
1.220137774944305420e-01,1.095056533813476562e-01,-1.820108592510223389e-01,2.509782910346984863e-01,-2.083129882812500000e+00,-1.467550992965698242e-01,2.577607870101928711e+00,-3.651825904846191406e+00,-2.404417571804511766e+00,-2.165140920877411113e-01,1.947683521425267905e+00,-3.971750221978101347e+00
1.192601621150970459e-01,1.090307235717773438e-01,-1.841275840997695923e-01,2.508081197738647461e-01,-2.085685729980468750e+00,-1.827945709228515625e-01,2.590916156768798828e+00,-3.658369541168212891e+00,-2.404407765918663564e+00,-2.536538019320620507e-01,1.992979956714901579e+00,-3.961967665914346792e+00
1.165215671062469482e-01,1.086461544036865234e-01,-1.861693263053894043e-01,2.505548596382141113e-01,-2.088397502899169922e+00,-2.189804315567016602e-01,2.603958368301391602e+00,-3.664104461669921875e+00,-2.404392096833004366e+00,-2.906635952421278701e-01,2.037333771748515154e+00,-3.952004402001466854e+00
1.138003170490264893e-01,1.083500981330871582e-01,-1.881368309259414673e-01,2.502215206623077393e-01,-2.091264724731445312e+00,-2.552767992019653320e-01,2.616736412048339844e+00,-3.669055938720703125e+00,-2.404371012090142923e+00,-3.275269649373411252e-01,2.080756922795028885e+00,-3.941864190250089717e+00
1.110974848270416260e-01,1.081399917602539062e-01,-1.900309920310974121e-01,2.498112618923187256e-01,-2.094285249710083008e+00,-2.916530370712280273e-01,2.629250049591064453e+00,-3.673244237899780273e+00,-2.404344939119005264e+00,-3.642278662110683962e-01,2.123261284307457863e+00,-3.931550769581764193e+00
1.084151566028594971e-01,1.080133914947509766e-01,-1.918524801731109619e-01,2.493275701999664307e-01,-2.097456216812133789e+00,-3.280686140060424805e-01,2.641498804092407227e+00,-3.676695585250854492e+00,-2.404314277459999261e+00,-4.007514604352779841e-01,2.164858603142950422e+00,-3.921067806199304062e+00
1.057545244693756104e-01,1.079682707786560059e-01,-1.936022490262985229e-01,2.487732172012329102e-01,-2.100777149200439453e+00,-3.644976615905761719e-01,2.653484821319580078e+00,-3.679430246353149414e+00,-2.404279402598108462e+00,-4.370838085656787442e-01,2.205560517400562581e+00,-3.910418914831625958e+00
1.031167209148406982e-01,1.080024242401123047e-01,-1.952811777591705322e-01,2.481514215469360352e-01,-2.104248523712158203e+00,-4.009100198745727539e-01,2.665210485458374023e+00,-3.681472301483154297e+00,-2.404240686844767882e+00,-4.732108614914430911e-01,2.245378617701546453e+00,-3.899607682973437406e+00
1.005021631717681885e-01,1.081128716468811035e-01,-1.968900263309478760e-01,2.474650442600250244e-01,-2.107862949371337891e+00,-4.372781515121459961e-01,2.676672220230102539e+00,-3.682836532592773438e+00,-2.404198583023675617e+00,-5.091142747751038478e-01,2.284324700734782443e+00,-3.888637771176230995e+00
9.791228175163269043e-02,1.082972288131713867e-01,-1.984299719333648682e-01,2.467169761657714844e-01,-2.111616373062133789e+00,-4.735738039016723633e-01,2.687871456146240234e+00,-3.683546066284179688e+00,-2.404153354697520673e+00,-5.447847791034148290e-01,2.322409957691653482e+00,-3.877512592030176730e+00
9.534797072410583496e-02,1.085534095764160156e-01,-1.999018788337707520e-01,2.459098994731903076e-01,-2.115507841110229492e+00,-5.097712278366088867e-01,2.698809623718261719e+00,-3.683621406555175781e+00,-2.404105312279619433e+00,-5.802105803102104442e-01,2.359645678778883759e+00,-3.866235588837211967e+00
9.281012415885925293e-02,1.088793277740478516e-01,-2.013068795204162598e-01,2.450463473796844482e-01,-2.119533777236938477e+00,-5.458484888076782227e-01,2.709489345550537109e+00,-3.683083534240722656e+00,-2.404054746976978407e+00,-6.153806235486304343e-01,2.396043054886727752e+00,-3.854810157160071249e+00
9.029951691627502441e-02,1.092721819877624512e-01,-2.026461511850357056e-01,2.441295385360717773e-01,-2.123690843582153320e+00,-5.817790031433105469e-01,2.719912052154541016e+00,-3.681955099105834961e+00,-2.404001931286950722e+00,-6.502845933231019560e-01,2.431613177589027952e+00,-3.843239644822281420e+00
8.781644701957702637e-02,1.097295880317687988e-01,-2.039204388856887817e-01,2.431616783142089844e-01,-2.127972364425659180e+00,-6.175410747528076172e-01,2.730075359344482422e+00,-3.680249214172363281e+00,-2.403947171978666031e+00,-6.849091393789082938e-01,2.466366396661541227e+00,-3.831527413494831169e+00
8.536109328269958496e-02,1.102489829063415527e-01,-2.051310539245605469e-01,2.421454191207885742e-01,-2.132373809814453125e+00,-6.531162261962890625e-01,2.739981889724731445e+00,-3.677985191345214844e+00,-2.403890718893485268e+00,-7.192443390752290000e-01,2.500313421543931547e+00,-3.819676733112808975e+00
8.293434977531433105e-02,1.108283996582031250e-01,-2.062789201736450195e-01,2.410830259323120117e-01,-2.136892080307006836e+00,-6.884833574295043945e-01,2.749632120132446289e+00,-3.675181627273559570e+00,-2.403832786092433782e+00,-7.532823347626508292e-01,2.533465088069242199e+00,-3.807690804236130599e+00
8.053693175315856934e-02,1.114662289619445801e-01,-2.073650360107421875e-01,2.399765253067016602e-01,-2.141525030136108398e+00,-7.236249446868896484e-01,2.759029626846313477e+00,-3.671856403350830078e+00,-2.403773589609058181e+00,-7.870146441983488783e-01,2.565831900706850632e+00,-3.795572801928964513e+00
7.816877961158752441e-02,1.121585965156555176e-01,-2.083911001682281494e-01,2.388293445110321045e-01,-2.146262645721435547e+00,-7.585185766220092773e-01,2.768174648284912109e+00,-3.668032646179199219e+00,-2.403713330329555475e+00,-8.204334160856889824e-01,2.597424246396759617e+00,-3.783325855262126503e+00
7.583031058311462402e-02,1.129044890403747559e-01,-2.093576788902282715e-01,2.376426756381988525e-01,-2.151103258132934570e+00,-7.931519746780395508e-01,2.777068138122558594e+00,-3.663720130920410156e+00,-2.403652204589659114e+00,-8.535305071176541025e-01,2.628252370451497733e+00,-3.770953068980506195e+00
7.352098822593688965e-02,1.137009859085083008e-01,-2.102660536766052246e-01,2.364190518856048584e-01,-2.156039953231811523e+00,-8.275115489959716797e-01,2.785709857940673828e+00,-3.658935070037841797e+00,-2.403590438108596405e+00,-8.862943020875665434e-01,2.658326293665679074e+00,-3.758457598032861835e+00
7.124158740043640137e-02,1.145455837249755859e-01,-2.111175656318664551e-01,2.351605296134948730e-01,-2.161063671112060547e+00,-8.615781068801879883e-01,2.794099807739257812e+00,-3.653694152832031250e+00,-2.403528168099129836e+00,-9.187206066710446040e-01,2.687656096599772226e+00,-3.745842391962062479e+00
6.899198889732360840e-02,1.154368519783020020e-01,-2.119130194187164307e-01,2.338691949844360352e-01,-2.166176080703735352e+00,-8.953403234481811523e-01,2.802243232727050781e+00,-3.648014545440673828e+00,-2.403465549704551840e+00,-9.508030043783408658e-01,2.716251667795815283e+00,-3.733110421293420078e+00
6.677249073982238770e-02,1.163722872734069824e-01,-2.126537114381790161e-01,2.325471639633178711e-01,-2.171369075775146484e+00,-9.287824630737304688e-01,2.810140609741210938e+00,-3.641912221908569336e+00,-2.403402726182932270e+00,-9.825355999146477837e-01,2.744122775418639915e+00,-3.720264613119437236e+00
6.458297371864318848e-02,1.173502206802368164e-01,-2.133405953645706177e-01,2.311960458755493164e-01,-2.176639318466186523e+00,-9.618954658508300781e-01,2.817793607711791992e+00,-3.635400533676147461e+00,-2.403339829426472729e+00,-1.013913019423109851e+00,2.771279067255903339e+00,-3.707307851099804097e+00
6.242325901985168457e-02,1.183670163154602051e-01,-2.139755040407180786e-01,2.298182845115661621e-01,-2.181972503662109375e+00,-9.946644306182861328e-01,2.825200796127319336e+00,-3.628496646881103516e+00,-2.403277004547873297e+00,-1.044927250146683972e+00,2.797730477490376622e+00,-3.694243069499219434e+00
6.029286980628967285e-02,1.194218397140502930e-01,-2.145590186119079590e-01,2.284150719642639160e-01,-2.187370777130126953e+00,-1.027086377143859863e+00,2.832366228103637695e+00,-3.621209621429443359e+00,-2.403214366457298912e+00,-1.075573189947517827e+00,2.823486511919325537e+00,-3.681073087944051636e+00
5.819228291511535645e-02,1.205124855041503906e-01,-2.150920927524566650e-01,2.269884347915649414e-01,-2.192827224731445312e+00,-1.059142589569091797e+00,2.839289426803588867e+00,-3.613554477691650391e+00,-2.403152013056684133e+00,-1.105847183976874204e+00,2.848556436855912199e+00,-3.667800655092661621e+00
5.612072348594665527e-02,1.216361522674560547e-01,-2.155763357877731323e-01,2.255403399467468262e-01,-2.198332548141479492e+00,-1.090828657150268555e+00,2.845972061157226562e+00,-3.605546236038208008e+00,-2.403090040756738599e+00,-1.135745029563810071e+00,2.872949535864723902e+00,-3.654428507987641961e+00
5.407890677452087402e-02,1.227923631668090820e-01,-2.160124480724334717e-01,2.240719795227050781e-01,-2.203889369964599609e+00,-1.122135281562805176e+00,2.852419614791870117e+00,-3.597198963165283203e+00,-2.403028537331799441e+00,-1.165262957978519864e+00,2.896674983369472933e+00,-3.640959342836396662e+00
5.206593871116638184e-02,1.239778399467468262e-01,-2.164018005132675171e-01,2.225854694843292236e-01,-2.209485054016113281e+00,-1.153052091598510742e+00,2.858629703521728516e+00,-3.588524341583251953e+00,-2.402967582920984224e+00,-1.194397166502588981e+00,2.919741902047925830e+00,-3.627395831319376818e+00
5.008158087730407715e-02,1.251910328865051270e-01,-2.167455255985260010e-01,2.210819721221923828e-01,-2.215115547180175781e+00,-1.183576822280883789e+00,2.864604711532592773e+00,-3.579533576965332031e+00,-2.402907251519416310e+00,-1.223142280118012515e+00,2.942159551424457398e+00,-3.613740674176972423e+00
4.812541604042053223e-02,1.264297962188720703e-01,-2.170447409152984619e-01,2.195635139942169189e-01,-2.220775842666625977e+00,-1.213700056076049805e+00,2.870346784591674805e+00,-3.570240497589111328e+00,-2.402847606111339740e+00,-1.251496341829489101e+00,2.963936715978461756e+00,-3.599996427346003447e+00
4.619762301445007324e-02,1.276931166648864746e-01,-2.173000723123550415e-01,2.180308103561401367e-01,-2.226462125778198242e+00,-1.243415355682373047e+00,2.875856637954711914e+00,-3.560652256011962891e+00,-2.402788704168786094e+00,-1.279456476536996679e+00,2.985082236887267371e+00,-3.586165653049710134e+00
4.429754614830017090e-02,1.289786100387573242e-01,-2.175132036209106445e-01,2.164857089519500732e-01,-2.232167720794677734e+00,-1.272721052169799805e+00,2.881138324737548828e+00,-3.550786018371582031e+00,-2.402730596542173469e+00,-1.307020091416136953e+00,3.005604864826270539e+00,-3.572250877972205529e+00
4.242482781410217285e-02,1.302847266197204590e-01,-2.176846414804458618e-01,2.149296700954437256e-01,-2.237889766693115234e+00,-1.301607847213745117e+00,2.886191606521606445e+00,-3.540649414062500000e+00,-2.402673327851684082e+00,-1.334184864449555308e+00,3.025513261381757246e+00,-3.558254593659947673e+00
4.057940840721130371e-02,1.316094994544982910e-01,-2.178159356117248535e-01,2.133637368679046631e-01,-2.243618249893188477e+00,-1.330073833465576172e+00,2.891018390655517578e+00,-3.530254364013671875e+00,-2.402616936869691688e+00,-1.360948732940534089e+00,3.044816000463882677e+00,-3.544179256923202459e+00
3.876087069511413574e-02,1.329516172409057617e-01,-2.179078906774520874e-01,2.117895483970642090e-01,-2.249354124069213867e+00,-1.358114004135131836e+00,2.895623207092285156e+00,-3.519613742828369141e+00,-2.402561456893669511e+00,-1.387309882008330275e+00,3.063521569719581450e+00,-3.530027290237514936e+00
3.696855902671813965e-02,1.343089938163757324e-01,-2.179615348577499390e-01,2.102079391479492188e-01,-2.255086183547973633e+00,-1.385726451873779297e+00,2.900002717971801758e+00,-3.508732080459594727e+00,-2.402506916109121260e+00,-1.413266733063445413e+00,3.081638371945442767e+00,-3.515801082145173062e+00
3.520241379737854004e-02,1.356802582740783691e-01,-2.179778516292572021e-01,2.086205482482910156e-01,-2.260813951492309570e+00,-1.412904024124145508e+00,2.904162645339965820e+00,-3.497624397277832031e+00,-2.402453337942036971e+00,-1.438817932262175914e+00,3.099174726500677046e+00,-3.501502987656678556e+00
3.346171975135803223e-02,1.370639801025390625e-01,-2.179578542709350586e-01,2.070279717445373535e-01,-2.266530752182006836e+00,-1.439650774002075195e+00,2.908102989196777344e+00,-3.486295223236083984e+00,-2.402400741400467776e+00,-1.463962338939517327e+00,3.116138870720016829e+00,-3.487135328652214206e+00
3.174629807472229004e-02,1.384584903717041016e-01,-2.179024368524551392e-01,2.054316699504852295e-01,-2.272232532501220703e+00,-1.465959787368774414e+00,2.911825656890869141e+00,-3.474756717681884766e+00,-2.402349142460136644e+00,-1.488698755790618833e+00,3.132538850389835705e+00,-3.472700400670567511e+00
3.005567193031311035e-02,1.398618221282958984e-01,-2.178129106760025024e-01,2.038328349590301514e-01,-2.277911186218261719e+00,-1.491829514503479004e+00,2.915332078933715820e+00,-3.463019132614135742e+00,-2.402298556068833690e+00,-1.513025426652119476e+00,3.148382310610812418e+00,-3.458200485433562399e+00
2.838912606239318848e-02,1.412737369537353516e-01,-2.176896482706069946e-01,2.022323608398437500e-01,-2.283572196960449219e+00,-1.517262697219848633e+00,2.918628215789794922e+00,-3.451088428497314453e+00,-2.402248987104265598e+00,-1.536942351642655025e+00,3.163677496674844658e+00,-3.443637793700892402e+00
2.674660086631774902e-02,1.426914334297180176e-01,-2.175340950489044189e-01,2.006311118602752686e-01,-2.289197921752929688e+00,-1.542252898216247559e+00,2.921708345413208008e+00,-3.438973188400268555e+00,-2.402200440294777195e+00,-1.560448961456163852e+00,3.178432261230828004e+00,-3.429014522917848140e+00
2.512732148170471191e-02,1.441143751144409180e-01,-2.173466682434082031e-01,1.990303099155426025e-01,-2.294793367385864258e+00,-1.566801309585571289e+00,2.924578666687011719e+00,-3.426680564880371094e+00,-2.402152917432673007e+00,-1.583544820223985905e+00,3.192654372760141968e+00,-3.414332839936883968e+00
2.353087067604064941e-02,1.455407142639160156e-01,-2.171286940574645996e-01,1.974307000637054443e-01,-2.300348758697509766e+00,-1.590909242630004883e+00,2.927239418029785156e+00,-3.414219379425048828e+00,-2.402106417626218793e+00,-1.606229612592700029e+00,3.206351516466498186e+00,-3.399594881449214068e+00
2.195695042610168457e-02,1.469693779945373535e-01,-2.168811410665512085e-01,1.958332061767578125e-01,-2.305861473083496094e+00,-1.614577412605285645e+00,2.929694175720214844e+00,-3.401598453521728516e+00,-2.402060937536886431e+00,-1.628503130785392772e+00,3.219531295165675377e+00,-3.384802754416393000e+00
2.040490508079528809e-02,1.483989357948303223e-01,-2.166045010089874268e-01,1.942387819290161133e-01,-2.311327695846557617e+00,-1.637802124023437500e+00,2.931942462921142578e+00,-3.388822555541992188e+00,-2.402016471601616576e+00,-1.650365261647840809e+00,3.232201230175277828e+00,-3.369958536501911350e+00
1.887407898902893066e-02,1.498280167579650879e-01,-2.162997722625732422e-01,1.926484107971191406e-01,-2.316743373870849609e+00,-1.660585999488830566e+00,2.933986425399780273e+00,-3.375899553298950195e+00,-2.401973012239846383e+00,-1.671815973681298972e+00,3.244368762204596912e+00,-3.355064276502778942e+00
1.736411452293395996e-02,1.512554883956909180e-01,-2.159676551818847656e-01,1.910622715950012207e-01,-2.322101116180419922e+00,-1.682930231094360352e+00,2.935824632644653320e+00,-3.362830638885498047e+00,-2.401930550045098478e+00,-1.692855304063805244e+00,3.256041252244298523e+00,-3.340121994781116488e+00
1.587465405464172363e-02,1.526799201965332031e-01,-2.156094610691070557e-01,1.894816756248474121e-01,-2.327398300170898438e+00,-1.704836130142211914e+00,2.937462806701660156e+00,-3.349631309509277344e+00,-2.401889073960961074e+00,-1.713483345662466961e+00,3.267225982456217093e+00,-3.325133683695742359e+00
1.440486311912536621e-02,1.541011929512023926e-01,-2.152253091335296631e-01,1.879074573516845703e-01,-2.332641363143920898e+00,-1.726306319236755371e+00,2.938905715942382812e+00,-3.336304187774658203e+00,-2.401848541103461354e+00,-1.733702682652900506e+00,3.277930026213209391e+00,-3.310101268603361735e+00
1.295652985572814941e-02,1.555188298225402832e-01,-2.148163020610809326e-01,1.863397955894470215e-01,-2.337823867797851562e+00,-1.747333765029907227e+00,2.940156698226928711e+00,-3.322865009307861328e+00,-2.401808838491072962e+00,-1.753521718756064329e+00,3.288160071096013937e+00,-3.295026554683849973e+00
1.152744889259338379e-02,1.569309830665588379e-01,-2.143831104040145874e-01,1.847794651985168457e-01,-2.342939853668212891e+00,-1.767927885055541992e+00,2.941213846206665039e+00,-3.309311389923095703e+00,-2.401770023152748124e+00,-1.772935139341250910e+00,3.297923462717394116e+00,-3.279911541650162743e+00
1.011779904365539551e-02,1.583363413810729980e-01,-2.139267027378082275e-01,1.832275986671447754e-01,-2.347985744476318359e+00,-1.788083791732788086e+00,2.942079782485961914e+00,-3.295653820037841797e+00,-2.401732069442676032e+00,-1.791944181179915718e+00,3.307227121400611480e+00,-3.264758097463159814e+00
8.726507425308227539e-03,1.597344279289245605e-01,-2.134475111961364746e-01,1.816843152046203613e-01,-2.352960586547851562e+00,-1.807810068130493164e+00,2.942755937576293945e+00,-3.281892061233520508e+00,-2.401694950155320196e+00,-1.810550188541953709e+00,3.316077887019155845e+00,-3.249568062409275093e+00
7.353812456130981445e-03,1.611244082450866699e-01,-2.129460573196411133e-01,1.801500320434570312e-01,-2.357859611511230469e+00,-1.827103614807128906e+00,2.943242549896240234e+00,-3.268032073974609375e+00,-2.401658636650474410e+00,-1.828754605977429337e+00,3.324482519596362096e+00,-3.234343249444629809e+00
5.998522043228149414e-03,1.625049114227294922e-01,-2.124232947826385498e-01,1.786259412765502930e-01,-2.362681865692138672e+00,-1.845969200134277344e+00,2.943543195724487305e+00,-3.254081249237060547e+00,-2.401623098968236114e+00,-1.846558971112244762e+00,3.332447699904857785e+00,-3.219085444539155016e+00
4.660934209823608398e-03,1.638755202293395996e-01,-2.118803113698959351e-01,1.771123409271240234e-01,-2.367425918579101562e+00,-1.864411354064941406e+00,2.943663835525512695e+00,-3.240049839019775391e+00,-2.401588305933800349e+00,-1.863964907458739884e+00,3.339980030066130201e+00,-3.203796407020710113e+00
3.340512514114379883e-03,1.652346253395080566e-01,-2.113175243139266968e-01,1.756099462509155273e-01,-2.372083187103271484e+00,-1.882425546646118164e+00,2.943600177764892578e+00,-3.225939273834228516e+00,-2.401554225252033437e+00,-1.880974117242851795e+00,3.347086034149946876e+00,-3.188477869919200902e+00
2.036482095718383789e-03,1.665826439857482910e-01,-2.107347995042800903e-01,1.741185188293457031e-01,-2.376657962799072266e+00,-1.900020599365234375e+00,2.943354606628417969e+00,-3.211745738983154297e+00,-2.401520823591768661e+00,-1.897588374249425280e+00,3.353772158773954182e+00,-3.173131540310703436e+00
7.488429546356201172e-04,1.679177880287170410e-01,-2.101340889930725098e-01,1.726390719413757324e-01,-2.381142616271972656e+00,-1.917199134826660156e+00,2.942932605743408203e+00,-3.197486877441406250e+00,-2.401488066659760445e+00,-1.913809516687208001e+00,3.360044773703148913e+00,-3.157759099661576307e+00
-5.227625370025634766e-04,1.692402958869934082e-01,-2.095147967338562012e-01,1.711719632148742676e-01,-2.385541439056396484e+00,-1.933959007263183594e+00,2.942333936691284180e+00,-3.183158874511718750e+00,-2.401455923056313058e+00,-1.929640232723190962e+00,3.365910281308873930e+00,-3.142362195699737626e+00
-1.778781414031982422e-03,1.705493927001953125e-01,-2.088780701160430908e-01,1.697175502777099609e-01,-2.389852285385131836e+00,-1.950309038162231445e+00,2.941563367843627930e+00,-3.168770790100097656e+00,-2.401424368973657408e+00,-1.945084841058980052e+00,3.371375225530631958e+00,-3.126942434324634146e+00
-3.019005060195922852e-03,1.718440651893615723e-01,-2.082242667675018311e-01,1.682764887809753418e-01,-2.394069671630859375e+00,-1.966241717338562012e+00,2.940619707107543945e+00,-3.154326677322387695e+00,-2.401393360568721658e+00,-1.960143630601252518e+00,3.376445515959163757e+00,-3.111501440389865092e+00
-4.244595766067504883e-03,1.731237173080444336e-01,-2.075545191764831543e-01,1.668488383293151855e-01,-2.398193359375000000e+00,-1.981773138046264648e+00,2.939507961273193359e+00,-3.139831066131591797e+00,-2.401362862500140860e+00,-1.974818897865546319e+00,3.381127258472726105e+00,-3.096040793443156858e+00
-5.455583333969116211e-03,1.743879914283752441e-01,-2.068687677383422852e-01,1.654348969459533691e-01,-2.402221202850341797e+00,-1.996900081634521484e+00,2.938226699829101562e+00,-3.125284194946289062e+00,-2.401332839030958066e+00,-1.989112995299316955e+00,3.385426488846445814e+00,-3.080562048851087198e+00
-6.652355194091796875e-03,1.756364107131958008e-01,-2.061674296855926514e-01,1.640351414680480957e-01,-2.406153678894042969e+00,-2.011625289916992188e+00,2.936779260635375977e+00,-3.110689640045166016e+00,-2.401303254072206350e+00,-2.003028325401508436e+00,3.389349173514151659e+00,-3.065066738130580948e+00
-7.834941148757934570e-03,1.768681406974792480e-01,-2.054517567157745361e-01,1.626501083374023438e-01,-2.409988403320312500e+00,-2.025953054428100586e+00,2.935170173645019531e+00,-3.096058845520019531e+00,-2.401274071217368355e+00,-2.016567334867006345e+00,3.392901210330085959e+00,-3.049556369280392865e+00
-9.003996849060058594e-03,1.780828237533569336e-01,-2.047216892242431641e-01,1.612796783447265625e-01,-2.413722515106201172e+00,-2.039886951446533203e+00,2.933397531509399414e+00,-3.081387519836425781e+00,-2.401245253767771093e+00,-2.029732508756180387e+00,3.396088429330724079e+00,-3.034032427112601571e+00
-1.015976071357727051e-02,1.792798042297363281e-01,-2.039778828620910645e-01,1.599246263504028320e-01,-2.417356491088867188e+00,-2.053428173065185547e+00,2.931464910507202148e+00,-3.066682815551757812e+00,-2.401216764748903998e+00,-2.042526364692307972e+00,3.398916593496518423e+00,-3.018496373584099945e+00
-1.130253076553344727e-02,1.804587244987487793e-01,-2.032207846641540527e-01,1.585848331451416016e-01,-2.420887231826782227e+00,-2.066582202911376953e+00,2.929372787475585938e+00,-3.051945686340332031e+00,-2.401188566917748179e+00,-2.054951447087212557e+00,3.401391399513683744e+00,-3.002949648128080185e+00
-1.243293285369873047e-02,1.816195249557495117e-01,-2.024505585432052612e-01,1.572604775428771973e-01,-2.424317359924316406e+00,-2.079353809356689453e+00,2.927124023437500000e+00,-3.037177085876464844e+00,-2.401160622761071561e+00,-2.067010321398057737e+00,3.403518478536000202e+00,-2.987393667985529078e+00
-1.355049014091491699e-02,1.827610135078430176e-01,-2.016685456037521362e-01,1.559521555900573730e-01,-2.427640199661254883e+00,-2.091743946075439453e+00,2.924721717834472656e+00,-3.022388935089111328e+00,-2.401132906004583401e+00,-2.078706746351732804e+00,3.405303437416329349e+00,-2.971829806016399900e+00
-1.465547084808349609e-02,1.838844418525695801e-01,-2.008741647005081177e-01,1.546597480773925781e-01,-2.430866003036499023e+00,-2.103755474090576172e+00,2.922170639038085938e+00,-3.007580280303955078e+00,-2.401105411018700675e+00,-2.090046500479303404e+00,3.406751888196189348e+00,-2.956259375044908211e+00
-1.574826240539550781e-02,1.849884986877441406e-01,-2.000680714845657349e-01,1.533834934234619141e-01,-2.433986425399780273e+00,-2.115390539169311523e+00,2.919467449188232422e+00,-2.992751836776733398e+00,-2.401078077910849817e+00,-2.101029818572618613e+00,3.407869189108246655e+00,-2.940683772739806745e+00
-1.682946085929870605e-02,1.860730051994323730e-01,-1.992509663105010986e-01,1.521235704421997070e-01,-2.437003135681152344e+00,-2.126658439636230469e+00,2.916617631912231445e+00,-2.977907896041870117e+00,-2.401050872776825162e+00,-2.111659653343958887e+00,3.408660729313677695e+00,-2.925104323921365879e+00
-1.789903640747070312e-02,1.871374249458312988e-01,-1.984232366085052490e-01,1.508805155754089355e-01,-2.439915180206298828e+00,-2.137557744979858398e+00,2.913623094558715820e+00,-2.963054180145263672e+00,-2.401023761937796763e+00,-2.121938984299069020e+00,3.409131837455804170e+00,-2.909522332204153461e+00
-1.895731687545776367e-02,1.881817579269409180e-01,-1.975850164890289307e-01,1.496539115905761719e-01,-2.442720651626586914e+00,-2.148094177246093750e+00,2.910483121871948242e+00,-2.948187828063964844e+00,-2.400996711932881666e+00,-2.131870813497671602e+00,3.409287782471558614e+00,-2.893939080300842459e+00
-2.000463008880615234e-02,1.892060637474060059e-01,-1.967365741729736328e-01,1.484440565109252930e-01,-2.445423126220703125e+00,-2.158271312713623047e+00,2.907201290130615234e+00,-2.933312654495239258e+00,-2.400969689504589777e+00,-2.141458161342901789e+00,3.409133774403044104e+00,-2.878355830326019493e+00
-2.104103565216064453e-02,1.902091503143310547e-01,-1.958787292242050171e-01,1.472513079643249512e-01,-2.448015451431274414e+00,-2.168090820312500000e+00,2.903778076171875000e+00,-2.918432950973510742e+00,-2.400942661577142534e+00,-2.150704062401134209e+00,3.408674965209021579e+00,-2.862773824099988040e+00
-2.206721901893615723e-02,1.911919116973876953e-01,-1.950112879276275635e-01,1.460756063461303711e-01,-2.450506210327148438e+00,-2.177560567855834961e+00,2.900217533111572266e+00,-2.903547763824462891e+00,-2.400915595227789190e+00,-2.159611561253636847e+00,3.407916449576473550e+00,-2.847194283452577857e+00
-2.308282256126403809e-02,1.921531558036804199e-01,-1.941351890563964844e-01,1.449170708656311035e-01,-2.452886581420898438e+00,-2.186680078506469727e+00,2.896519422531127930e+00,-2.888663291931152344e+00,-2.400888457651120689e+00,-2.168183708380906793e+00,3.406863265732078538e+00,-2.831618410526945961e+00
-2.408853173255920410e-02,1.930937767028808594e-01,-1.932501792907714844e-01,1.437757015228271484e-01,-2.455164670944213867e+00,-2.195457935333251953e+00,2.892688751220703125e+00,-2.873778343200683594e+00,-2.400861216116513486e+00,-2.176423556080421928e+00,3.405520396253773452e+00,-2.816047388083387393e+00
-2.508360147476196289e-02,1.940124630928039551e-01,-1.923572719097137451e-01,1.426519155502319336e-01,-2.457332134246826172e+00,-2.203888416290283203e+00,2.888723850250244141e+00,-2.858901739120483398e+00,-2.400833857820913853e+00,-2.184334942882470987e+00,3.403892631962277537e+00,-2.800482355649606347e+00
-2.606919407844543457e-02,1.949108242988586426e-01,-1.914558261632919312e-01,1.415451169013977051e-01,-2.459400415420532227e+00,-2.211986303329467773e+00,2.884631156921386719e+00,-2.844026803970336914e+00,-2.400806400009131814e+00,-2.191922854353605121e+00,3.401984508220611048e+00,-2.784924398444199589e+00
-2.704486250877380371e-02,1.957871913909912109e-01,-1.905468553304672241e-01,1.404560208320617676e-01,-2.461360216140747070e+00,-2.219745635986328125e+00,2.880408287048339844e+00,-2.829161643981933594e+00,-2.400778773994085125e+00,-2.199188856570971407e+00,3.399801098932376142e+00,-2.769374687603542995e+00
-2.801102399826049805e-02,1.966423392295837402e-01,-1.896303892135620117e-01,1.393844485282897949e-01,-2.463217735290527344e+00,-2.227175951004028320e+00,2.876060962677001953e+00,-2.814306735992431641e+00,-2.400750953436918689e+00,-2.206136192522697215e+00,3.397347132126526059e+00,-2.753834324326089433e+00
-2.896776795387268066e-02,1.974757313728332520e-01,-1.887068301439285278e-01,1.383303403854370117e-01,-2.464968442916870117e+00,-2.234278202056884766e+00,2.871588230133056641e+00,-2.799463748931884766e+00,-2.400722912502484263e+00,-2.212768107674802476e+00,3.394627280384960866e+00,-2.738304391266258797e+00
-2.991536259651184082e-02,1.982875466346740723e-01,-1.877760291099548340e-01,1.372936367988586426e-01,-2.466614723205566406e+00,-2.241055250167846680e+00,2.866990327835083008e+00,-2.784630298614501953e+00,-2.400694625820007921e+00,-2.219087846823100563e+00,3.391646161495113443e+00,-2.722785952810195642e+00
-3.085428476333618164e-02,1.990779638290405273e-01,-1.868388056755065918e-01,1.362743973731994629e-01,-2.468160152435302734e+00,-2.247519016265869141e+00,2.862275123596191406e+00,-2.769812822341918945e+00,-2.400666068438170875e+00,-2.225098650974073777e+00,3.388408339102441325e+00,-2.707280055351533044e+00
-3.178399801254272461e-02,1.998464465141296387e-01,-1.858950704336166382e-01,1.352728605270385742e-01,-2.469599723815917969e+00,-2.253661394119262695e+00,2.857438564300537109e+00,-2.755012035369873047e+00,-2.400637215774748867e+00,-2.230803754255933580e+00,3.384918323362924752e+00,-2.691787727567141353e+00
-3.270533680915832520e-02,2.005932927131652832e-01,-1.849449574947357178e-01,1.342888474464416504e-01,-2.470937728881835938e+00,-2.259492158889770508e+00,2.852484464645385742e+00,-2.740226507186889648e+00,-2.400608043560817695e+00,-2.236206380859957488e+00,3.381180571595660656e+00,-2.676309980692895163e+00
-3.361791372299194336e-02,2.013180255889892578e-01,-1.839891523122787476e-01,1.333222389221191406e-01,-2.472168922424316406e+00,-2.265012979507446289e+00,2.847413301467895508e+00,-2.725460529327392578e+00,-2.400578527779647420e+00,-2.241309742013548600e+00,3.377199488935325622e+00,-2.660847808799423397e+00
-3.452226519584655762e-02,2.020211219787597656e-01,-1.830277293920516968e-01,1.323733329772949219e-01,-2.473300933837890625e+00,-2.270230770111083984e+00,2.842230319976806641e+00,-2.710716724395751953e+00,-2.400548644600343451e+00,-2.246117032985428530e+00,3.372979428984688610e+00,-2.645402189067870946e+00
-3.541848063468933105e-02,2.027028799057006836e-01,-1.820606142282485962e-01,1.314417123794555664e-01,-2.474333286285400391e+00,-2.275148391723632812e+00,2.836935758590698242e+00,-2.695992946624755859e+00,-2.400518391099341287e+00,-2.250632200011198680e+00,3.368524599890141857e+00,-2.629974056290684814e+00
-3.630605340003967285e-02,2.033630609512329102e-01,-1.810880601406097412e-01,1.305276155471801758e-01,-2.475265264511108398e+00,-2.279763221740722656e+00,2.831530570983886719e+00,-2.681293010711669922e+00,-2.400487791254263481e+00,-2.254860128106952022e+00,3.363839040747814924e+00,-2.614564296539547694e+00
-3.718563914299011230e-02,2.040020227432250977e-01,-1.801103055477142334e-01,1.296306848526000977e-01,-2.476099252700805664e+00,-2.284085273742675781e+00,2.826017618179321289e+00,-2.666616916656494141e+00,-2.400456786518398555e+00,-2.258802616742223712e+00,3.358927116907932220e+00,-2.599173882247983514e+00
-3.805732727050781250e-02,2.046197652816772461e-01,-1.791273504495620728e-01,1.287510395050048828e-01,-2.476836204528808594e+00,-2.288115739822387695e+00,2.820397853851318359e+00,-2.651964187622070312e+00,-2.400425359567063044e+00,-2.262462974763436829e+00,3.353792956115227764e+00,-2.583803718641323410e+00
-3.892090916633605957e-02,2.052157521247863770e-01,-1.781401336193084717e-01,1.278890371322631836e-01,-2.477474212646484375e+00,-2.291857719421386719e+00,2.814675807952880859e+00,-2.637344360351562500e+00,-2.400393493573818482e+00,-2.265844499518530508e+00,3.348440635320537595e+00,-2.568454694746173494e+00
-3.977695107460021973e-02,2.057905197143554688e-01,-1.771481335163116455e-01,1.270439028739929199e-01,-2.478013753890991211e+00,-2.295315980911254883e+00,2.808847904205322266e+00,-2.622747421264648438e+00,-2.400361172155022427e+00,-2.268950474719550581e+00,3.342874181229324115e+00,-2.553127683637816503e+00
-4.062533378601074219e-02,2.063440084457397461e-01,-1.761516332626342773e-01,1.262158751487731934e-01,-2.478456497192382812e+00,-2.298491954803466797e+00,2.802917718887329102e+00,-2.608177900314331055e+00,-2.400328379310365357e+00,-2.271784168330294396e+00,3.337097570850086292e+00,-2.537823542687613010e+00
-4.146599769592285156e-02,2.068768143653869629e-01,-1.751508712768554688e-01,1.254050135612487793e-01,-2.478807449340820312e+00,-2.301391124725341797e+00,2.796890974044799805e+00,-2.593640804290771484e+00,-2.400295099359524009e+00,-2.274348830481113914e+00,3.331114732042907978e+00,-2.522543113810407966e+00
-4.229953885078430176e-02,2.073882818222045898e-01,-1.741459220647811890e-01,1.246111392974853516e-01,-2.479062080383300781e+00,-2.304015159606933594e+00,2.790763378143310547e+00,-2.579131126403808594e+00,-2.400261316874920947e+00,-2.276647691409256158e+00,3.324929544067917853e+00,-2.507287223711935464e+00
-4.312542080879211426e-02,2.078789472579956055e-01,-1.731372773647308350e-01,1.238341927528381348e-01,-2.479223251342773438e+00,-2.306368827819824219e+00,2.784541130065917969e+00,-2.564656257629394531e+00,-2.400227016610727127e+00,-2.278683959427249661e+00,3.318545838133753367e+00,-2.492056684136217282e+00
-4.394435882568359375e-02,2.083490490913391113e-01,-1.721246838569641113e-01,1.230739355087280273e-01,-2.479293346405029297e+00,-2.308457374572753906e+00,2.778224468231201172e+00,-2.550210952758789062e+00,-2.400192183428132786e+00,-2.280460818918025101e+00,3.311967397946079750e+00,-2.476852292112974308e+00
-4.475599527359008789e-02,2.087985277175903320e-01,-1.711084246635437012e-01,1.223301887512207031e-01,-2.479270458221435547e+00,-2.310281515121459961e+00,2.771813154220581055e+00,-2.535797595977783203e+00,-2.400156827058424369e+00,-2.281982111898106957e+00,3.305197971253849509e+00,-2.461674804777482795e+00
-4.556044936180114746e-02,2.092279195785522461e-01,-1.700883954763412476e-01,1.216031908988952637e-01,-2.479160547256469727e+00,-2.311843156814575195e+00,2.765312194824218750e+00,-2.521418333053588867e+00,-2.400120984181576045e+00,-2.283252370941292853e+00,3.298241271080121439e+00,-2.446524938040508967e+00
-4.635766148567199707e-02,2.096369266510009766e-01,-1.690651923418045044e-01,1.208925247192382812e-01,-2.478959083557128906e+00,-2.313147068023681641e+00,2.758721113204956055e+00,-2.507074594497680664e+00,-2.400084600556386061e+00,-2.284273596455232092e+00,3.291100924351233470e+00,-2.431403486875754361e+00
-4.714795947074890137e-02,2.100260853767395020e-01,-1.680385768413543701e-01,1.201983690261840820e-01,-2.478672504425048828e+00,-2.314197778701782227e+00,2.752043247222900391e+00,-2.492766380310058594e+00,-2.400047667834493303e+00,-2.285049030262366720e+00,3.283780533149224912e+00,-2.416311185216552637e+00
-4.793137311935424805e-02,2.103956341743469238e-01,-1.670088917016983032e-01,1.195203065872192383e-01,-2.478300333023071289e+00,-2.315000295639038086e+00,2.745280981063842773e+00,-2.478495121002197266e+00,-2.400010178112772508e+00,-2.285581896219829545e+00,3.276283655074582857e+00,-2.401248752873949233e+00
-4.870796203613281250e-02,2.107451558113098145e-01,-1.659760028123855591e-01,1.188582777976989746e-01,-2.477839231491088867e+00,-2.315552234649658203e+00,2.738430500030517578e+00,-2.464256763458251953e+00,-2.399972123878122865e+00,-2.285875398891384691e+00,3.268613803806114326e+00,-2.386216895757541145e+00
-4.947754740715026855e-02,2.110753655433654785e-01,-1.649401783943176270e-01,1.182123422622680664e-01,-2.477295637130737305e+00,-2.315859556198120117e+00,2.731498241424560547e+00,-2.450057744979858398e+00,-2.399933497949572114e+00,-2.285932722238615433e+00,3.260774449660976515e+00,-2.371216306096313176e+00
-5.024051666259765625e-02,2.113857865333557129e-01,-1.639018505811691284e-01,1.175824403762817383e-01,-2.476666212081909180e+00,-2.315926074981689453e+00,2.724484920501708984e+00,-2.435897827148437500e+00,-2.399894293417741853e+00,-2.285757028331078189e+00,3.252769020154636870e+00,-2.356247662659477271e+00
-5.099710822105407715e-02,2.116776704788208008e-01,-1.628603637218475342e-01,1.169680356979370117e-01,-2.475958108901977539e+00,-2.315757274627685547e+00,2.717391729354858398e+00,-2.421772241592407227e+00,-2.399854503581711374e+00,-2.285351456076305965e+00,3.244600900560846046e+00,-2.341311630977315428e+00
-5.174687504768371582e-02,2.119506001472473145e-01,-1.618160456418991089e-01,1.163691878318786621e-01,-2.475167989730834961e+00,-2.315350532531738281e+00,2.710218429565429688e+00,-2.407684087753295898e+00,-2.399814121883403928e+00,-2.284719119968341428e+00,3.236273434471577559e+00,-2.326408863562016816e+00
-5.249017477035522461e-02,2.122043371200561523e-01,-1.607695817947387695e-01,1.157858371734619141e-01,-2.474294662475585938e+00,-2.314713478088378906e+00,2.702967643737792969e+00,-2.393635988235473633e+00,-2.399773141839449675e+00,-2.283863108856995172e+00,3.227789924357056250e+00,-2.311540000128513572e+00
-5.322694778442382812e-02,2.124400138854980469e-01,-1.597206145524978638e-01,1.152176856994628906e-01,-2.473345756530761719e+00,-2.313849925994873047e+00,2.695643663406372070e+00,-2.379627943038940430e+00,-2.399731581710419892e+00,-2.282786937449343245e+00,3.219153596562524200e+00,-2.296705643892332560e+00
-5.395707488059997559e-02,2.126572132110595703e-01,-1.586689949035644531e-01,1.146648526191711426e-01,-2.472317934036254883e+00,-2.312756299972534180e+00,2.688243865966796875e+00,-2.365658283233642578e+00,-2.399689481977383299e+00,-2.281494486158939683e+00,3.210367605944181690e+00,-2.281906364532316989e+00
-5.468073487281799316e-02,2.128565311431884766e-01,-1.576153039932250977e-01,1.141271591186523438e-01,-2.471216440200805664e+00,-2.311442136764526367e+00,2.680774211883544922e+00,-2.351732254028320312e+00,-2.399646799600075209e+00,-2.279988078228962767e+00,3.201435187854033249e+00,-2.267142800273419301e+00
-5.539813637733459473e-02,2.130379080772399902e-01,-1.565594375133514404e-01,1.136041283607482910e-01,-2.470037937164306641e+00,-2.309910297393798828e+00,2.673233032226562500e+00,-2.337845325469970703e+00,-2.399603534271274707e+00,-2.278270794753869399e+00,3.192359476925349160e+00,-2.252415535829666471e+00
-5.610913038253784180e-02,2.132017612457275391e-01,-1.555011272430419922e-01,1.130957603454589844e-01,-2.468786001205444336e+00,-2.308159828186035156e+00,2.665620326995849609e+00,-2.323996067047119141e+00,-2.399559686061909058e+00,-2.276345694656556340e+00,3.183143568610252050e+00,-2.237725143644050618e+00
-5.681386590003967285e-02,2.133482694625854492e-01,-1.544409096240997314e-01,1.126021146774291992e-01,-2.467462778091430664e+00,-2.306197881698608398e+00,2.657942056655883789e+00,-2.310190916061401367e+00,-2.399515255372314915e+00,-2.274215813843650125e+00,3.173790519704385638e+00,-2.223072184085579384e+00
-5.751234292984008789e-02,2.134776711463928223e-01,-1.533786058425903320e-01,1.121228933334350586e-01,-2.466068744659423828e+00,-2.304024457931518555e+00,2.650197029113769531e+00,-2.296426534652709961e+00,-2.399470242881756477e+00,-2.271884164372981019e+00,3.164303348871474242e+00,-2.208457205646329413e+00
-5.820459127426147461e-02,2.135899066925048828e-01,-1.523145735263824463e-01,1.116578578948974609e-01,-2.464602231979370117e+00,-2.301645040512084961e+00,2.642386436462402344e+00,-2.282704353332519531e+00,-2.399424649496148199e+00,-2.269353733632811121e+00,3.154685037167938688e+00,-2.193880745138487853e+00
-5.889078974723815918e-02,2.136855125427246094e-01,-1.512483954429626465e-01,1.112070679664611816e-01,-2.463068485260009766e+00,-2.299059629440307617e+00,2.634511470794677734e+00,-2.269022703170776367e+00,-2.399378476294073081e+00,-2.266627483532548393e+00,3.144938528567531755e+00,-2.179343327891412496e+00
-5.957067012786865234e-02,2.137645483016967773e-01,-1.501807272434234619e-01,1.107701063156127930e-01,-2.461465358734130859e+00,-2.296274185180664062e+00,2.626575231552124023e+00,-2.255384922027587891e+00,-2.399331724471124083e+00,-2.263708349706085254e+00,3.135066730485886133e+00,-2.164845467948668389e+00
-6.024456024169921875e-02,2.138274312019348145e-01,-1.491109132766723633e-01,1.103469729423522949e-01,-2.459796190261840820e+00,-2.293287754058837891e+00,2.618575811386108398e+00,-2.241786479949951172e+00,-2.399284395282621052e+00,-2.260599240726401504e+00,3.125072514305199167e+00,-2.150387668265089314e+00
-6.091246008872985840e-02,2.138742804527282715e-01,-1.480396091938018799e-01,1.099374890327453613e-01,-2.458062648773193359e+00,-2.290107727050781250e+00,2.610518693923950195e+00,-2.228231430053710938e+00,-2.399236508705423265e+00,-2.257303350439962664e+00,3.114958626554681143e+00,-2.135970398919030622e+00
-6.157395243644714355e-02,2.139056324958801270e-01,-1.469667553901672363e-01,1.095414161682128906e-01,-2.456265926361083984e+00,-2.286734819412231445e+00,2.602404356002807617e+00,-2.214722156524658203e+00,-2.399188098460642848e+00,-2.253824065836192325e+00,3.104727714084868584e+00,-2.121594103374935258e+00
-6.222954392433166504e-02,2.139211893081665039e-01,-1.458922326564788818e-01,1.091588139533996582e-01,-2.454405307769775391e+00,-2.283169746398925781e+00,2.594232082366943359e+00,-2.201254606246948242e+00,-2.399139139937462861e+00,-2.250163769735732178e+00,3.094382667246790231e+00,-2.107259282996968075e+00
-6.287899613380432129e-02,2.139218449592590332e-01,-1.448159962892532349e-01,1.087892353534698486e-01,-2.452484846115112305e+00,-2.279417037963867188e+00,2.586004972457885742e+00,-2.187829494476318359e+00,-2.399089638767272881e+00,-2.246325325127917161e+00,3.083926197059250196e+00,-2.092966393071045150e+00
-6.352251768112182617e-02,2.139071822166442871e-01,-1.437385082244873047e-01,1.084325909614562988e-01,-2.450501918792724609e+00,-2.275481224060058594e+00,2.577722787857055664e+00,-2.174448013305664062e+00,-2.399039600814761197e+00,-2.242311570307092161e+00,3.073360979070418164e+00,-2.078715878272656692e+00
-6.416010856628417969e-02,2.138779163360595703e-01,-1.426593959331512451e-01,1.080888211727142334e-01,-2.448461532592773438e+00,-2.271362543106079102e+00,2.569388389587402344e+00,-2.161109447479248047e+00,-2.398989032134741350e+00,-2.238125318330994595e+00,3.062689653797790346e+00,-2.064508172843066980e+00
-6.479194760322570801e-02,2.138341069221496582e-01,-1.415788531303405762e-01,1.077575981616973877e-01,-2.446362972259521484e+00,-2.267066001892089844e+00,2.561001539230346680e+00,-2.147812843322753906e+00,-2.398937938927799607e+00,-2.233769356486400071e+00,3.051914827167989674e+00,-2.050343700765502764e+00
-6.541743874549865723e-02,2.137759923934936523e-01,-1.404970735311508179e-01,1.074389517307281494e-01,-2.444207191467285156e+00,-2.262590885162353516e+00,2.552564859390258789e+00,-2.134562492370605469e+00,-2.398886327494817117e+00,-2.229246445760568740e+00,3.041039070956625956e+00,-2.036222875941360755e+00
-6.603726744651794434e-02,2.137036919593811035e-01,-1.394140422344207764e-01,1.071326434612274170e-01,-2.441995382308959961e+00,-2.257943153381347656e+00,2.544079303741455078e+00,-2.121355056762695312e+00,-2.398834204190333885e+00,-2.224559320318975519e+00,3.030064923228206641e+00,-2.022146102366394249e+00
-6.665137410163879395e-02,2.136180400848388672e-01,-1.383294612169265747e-01,1.068383455276489258e-01,-2.439732551574707031e+00,-2.253125667572021484e+00,2.535546302795410156e+00,-2.108189582824707031e+00,-2.398781575374888231e+00,-2.219710686990205684e+00,3.018994888775948571e+00,-2.008113774306915733e+00
-6.725957989692687988e-02,2.135187387466430664e-01,-1.372436732053756714e-01,1.065562963485717773e-01,-2.437417268753051758e+00,-2.248138427734375000e+00,2.526967525482177734e+00,-2.095069408416748047e+00,-2.398728447366272221e+00,-2.214703224756258582e+00,3.007831439561663878e+00,-1.994126276475992388e+00
-6.786200404167175293e-02,2.134055495262145996e-01,-1.361570060253143311e-01,1.062857508659362793e-01,-2.435043334960937500e+00,-2.242985963821411133e+00,2.518340587615966797e+00,-2.081991195678710938e+00,-2.398674842251240058e+00,-2.209539828034525755e+00,2.996576967809227110e+00,-1.980183963853328510e+00
-6.845825910568237305e-02,2.132796049118041992e-01,-1.350691020488739014e-01,1.060271263122558594e-01,-2.432622194290161133e+00,-2.237668037414550781e+00,2.509671688079833984e+00,-2.068960666656494141e+00,-2.398620791292529919e+00,-2.204223498953669313e+00,2.985233806506731202e+00,-1.966287170487138747e+00
-6.904911994934082031e-02,2.131413817405700684e-01,-1.339797228574752808e-01,1.057799458503723145e-01,-2.430156707763671875e+00,-2.232192277908325195e+00,2.500961065292358398e+00,-2.055971384048461914e+00,-2.398566280030825837e+00,-2.198756509801127024e+00,2.973804393085701214e+00,-1.952436279854154799e+00
-6.963405013084411621e-02,2.129903435707092285e-01,-1.328893303871154785e-01,1.055438518524169922e-01,-2.427638530731201172e+00,-2.226557254791259766e+00,2.492207050323486328e+00,-2.043024778366088867e+00,-2.398511317925648978e+00,-2.193141475406599650e+00,2.962291061689941607e+00,-1.938631635533900832e+00
-7.021313905715942383e-02,2.128268480300903320e-01,-1.317980140447616577e-01,1.053190827369689941e-01,-2.425073623657226562e+00,-2.220765829086303711e+00,2.483412981033325195e+00,-2.030124425888061523e+00,-2.398455914521411714e+00,-2.187380984819861318e+00,2.950696114787231039e+00,-1.924873571984795806e+00
-7.078641653060913086e-02,2.126513719558715820e-01,-1.307058632373809814e-01,1.051052212715148926e-01,-2.422462701797485352e+00,-2.214823722839355469e+00,2.474580764770507812e+00,-2.017269611358642578e+00,-2.398400079411080910e+00,-2.181477600964205621e+00,2.939021823566207559e+00,-1.911162414701897516e+00
-7.135403156280517578e-02,2.124640941619873047e-01,-1.296123862266540527e-01,1.049023270606994629e-01,-2.419808149337768555e+00,-2.208727598190307617e+00,2.465709447860717773e+00,-2.004456996917724609e+00,-2.398343822199121789e+00,-2.175433860292121935e+00,2.927270428333368812e+00,-1.897498480374647967e+00
-7.191604375839233398e-02,2.122650742530822754e-01,-1.285179257392883301e-01,1.047099232673645020e-01,-2.417107582092285156e+00,-2.202484130859375000e+00,2.456799268722534180e+00,-1.991686105728149414e+00,-2.398287152463718375e+00,-2.169252272442467877e+00,2.915444138910018967e+00,-1.883882077044616743e+00
-7.247233390808105469e-02,2.120548486709594727e-01,-1.274228692054748535e-01,1.045280098915100098e-01,-2.414366006851196289e+00,-2.196098566055297852e+00,2.447856426239013672e+00,-1.978962898254394531e+00,-2.398230079718326024e+00,-2.162935319899859543e+00,2.903545135029174773e+00,-1.870313504263247495e+00
-7.302302122116088867e-02,2.118335962295532227e-01,-1.263265758752822876e-01,1.043565869331359863e-01,-2.411584377288818359e+00,-2.189566850662231445e+00,2.438878059387207031e+00,-1.966282367706298828e+00,-2.398172613372554718e+00,-2.156485457656048155e+00,2.891575566732531577e+00,-1.856793053249601311e+00
-7.356792688369750977e-02,2.116013169288635254e-01,-1.252295076847076416e-01,1.041951179504394531e-01,-2.408759832382202148e+00,-2.182894706726074219e+00,2.429864645004272461e+00,-1.953644752502441406e+00,-2.398114762692426627e+00,-2.149905112872494417e+00,2.879537554767399588e+00,-1.843321007048100757e+00
-7.410737872123718262e-02,2.113582491874694824e-01,-1.241316050291061401e-01,1.040437817573547363e-01,-2.405896186828613281e+00,-2.176084280014038086e+00,2.420818805694580078e+00,-1.941051244735717773e+00,-2.398056552482789705e+00,-2.143196875552974667e+00,2.867433172357296112e+00,-1.829897620981408402e+00
-7.464095950126647949e-02,2.111050486564636230e-01,-1.230330094695091248e-01,1.039023399353027344e-01,-2.402996063232421875e+00,-2.169137954711914062e+00,2.411743879318237305e+00,-1.928504824638366699e+00,-2.397998014374006726e+00,-2.136363387668796410e+00,2.855264456024863229e+00,-1.816523133837857129e+00
-7.516923546791076660e-02,2.108417749404907227e-01,-1.219333782792091370e-01,1.037704348564147949e-01,-2.400059700012207031e+00,-2.162060022354125977e+00,2.402637481689453125e+00,-1.915999054908752441e+00,-2.397939138058935438e+00,-2.129406755630205428e+00,2.843033463568700459e+00,-1.803197828942981307e+00
-7.569178938865661621e-02,2.105685472488403320e-01,-1.208328455686569214e-01,1.036480367183685303e-01,-2.397086381912231445e+00,-2.154848098754882812e+00,2.393501043319702148e+00,-1.903536319732666016e+00,-2.397879935407814411e+00,-2.122329330540359216e+00,2.830742198420656219e+00,-1.789921953874856309e+00
-7.620856165885925293e-02,2.102852463722229004e-01,-1.197319477796554565e-01,1.035351753234863281e-01,-2.394076108932495117e+00,-2.147506237030029297e+00,2.384336471557617188e+00,-1.891120910644531250e+00,-2.397820418297119005e+00,-2.115133437275284578e+00,2.818392636309538180e+00,-1.776695748409458098e+00
-7.672005891799926758e-02,2.099929451942443848e-01,-1.186300367116928101e-01,1.034312546253204346e-01,-2.391034603118896484e+00,-2.140040874481201172e+00,2.375145435333251953e+00,-1.878746509552001953e+00,-2.397760598582610925e+00,-2.107821374237694556e+00,2.805986725641868684e+00,-1.763519444661303393e+00
-7.722589373588562012e-02,2.096911668777465820e-01,-1.175276041030883789e-01,1.033365726470947266e-01,-2.387959957122802734e+00,-2.132449626922607422e+00,2.365928649902343750e+00,-1.866417884826660156e+00,-2.397700488071922376e+00,-2.100395413109002796e+00,2.793526387882659279e+00,-1.750393267224100491e+00
-7.772612571716308594e-02,2.093804478645324707e-01,-1.164242774248123169e-01,1.032506227493286133e-01,-2.384852409362792969e+00,-2.124734401702880859e+00,2.356684923171997070e+00,-1.854130983352661133e+00,-2.397640098496775618e+00,-2.092857798599258246e+00,2.781013517936230528e+00,-1.737317433311389436e+00
-7.822111248970031738e-02,2.090608477592468262e-01,-1.153203397989273071e-01,1.031734645366668701e-01,-2.381714344024658203e+00,-2.116901397705078125e+00,2.347417354583740234e+00,-1.841887474060058594e+00,-2.397579441484778862e+00,-2.085210748195281738e+00,2.768449984526972774e+00,-1.724292152897192842e+00
-7.871052622795104980e-02,2.087325453758239746e-01,-1.142159700393676758e-01,1.031048893928527832e-01,-2.378545522689819336e+00,-2.108950614929199219e+00,2.338126897811889648e+00,-1.829688549041748047e+00,-2.397518528530876214e+00,-2.077456451906606993e+00,2.755837630580106001e+00,-1.711317628856654727e+00
-7.919448614120483398e-02,2.083957791328430176e-01,-1.131110042333602905e-01,1.030447185039520264e-01,-2.375347137451171875e+00,-2.100884437561035156e+00,2.328813791275024414e+00,-1.817533254623413086e+00,-2.397457370968407719e+00,-2.069597072009516481e+00,2.743178273602525419e+00,-1.698394057106690003e+00
-7.967311143875122070e-02,2.080512046813964844e-01,-1.120051592588424683e-01,1.029928326606750488e-01,-2.372123718261718750e+00,-2.092704772949218750e+00,2.319480180740356445e+00,-1.805419683456420898e+00,-2.397395991674138749e+00,-2.061634950151941315e+00,2.730473659401469799e+00,-1.685521607481099693e+00
-8.014592528343200684e-02,2.076984047889709473e-01,-1.108989566564559937e-01,1.029489934444427490e-01,-2.368870019912719727e+00,-2.084411621093750000e+00,2.310124874114990234e+00,-1.793350934982299805e+00,-2.397334417125799977e+00,-2.053572462518385766e+00,2.717725494442457368e+00,-1.672700437073715962e+00
-8.061367273330688477e-02,2.073380947113037109e-01,-1.097921729087829590e-01,1.029131114482879639e-01,-2.365592479705810547e+00,-2.076012611389160156e+00,2.300751686096191406e+00,-1.781324863433837891e+00,-2.397272644839218536e+00,-2.045411449046556029e+00,2.704935575122825675e+00,-1.659930743595509739e+00
-8.107587695121765137e-02,2.069700956344604492e-01,-1.086849421262741089e-01,1.028850972652435303e-01,-2.362288951873779297e+00,-2.067505598068237305e+00,2.291359663009643555e+00,-1.769342422485351562e+00,-2.397210687810451990e+00,-2.037154000005360732e+00,2.692105611203710946e+00,-1.647212692457700189e+00
-8.153277635574340820e-02,2.065950036048889160e-01,-1.075770333409309387e-01,1.028646230697631836e-01,-2.358961820602416992e+00,-2.058893442153930664e+00,2.281949520111083984e+00,-1.757401704788208008e+00,-2.397148558987637568e+00,-2.028802180299007496e+00,2.679237287986233618e+00,-1.634546442426098700e+00
-8.198428153991699219e-02,2.062127590179443359e-01,-1.064687520265579224e-01,1.028517484664916992e-01,-2.355611801147460938e+00,-2.050179004669189453e+00,2.272523403167724609e+00,-1.745505332946777344e+00,-2.397086271252549139e+00,-2.020358029313430670e+00,2.666332266653404837e+00,-1.621932145745727860e+00
-8.243033289909362793e-02,2.058236002922058105e-01,-1.053601801395416260e-01,1.028462052345275879e-01,-2.352238655090332031e+00,-2.041364669799804688e+00,2.263082742691040039e+00,-1.733653068542480469e+00,-2.397023837401965896e+00,-2.011823560758073892e+00,2.653392184612148874e+00,-1.609369948265430894e+00
-8.287131786346435547e-02,2.054275274276733398e-01,-1.042511090636253357e-01,1.028479933738708496e-01,-2.348844051361083984e+00,-2.032451629638671875e+00,2.253625631332397461e+00,-1.721842050552368164e+00,-2.396961270128873611e+00,-2.003200762503411614e+00,2.640418655835198081e+00,-1.596859989562491533e+00
-8.330684900283813477e-02,2.050251364707946777e-01,-1.031415462493896484e-01,1.028566062450408936e-01,-2.345427751541137695e+00,-2.023441553115844727e+00,2.244154214859008789e+00,-1.710072994232177734e+00,-2.396898582003500699e+00,-1.994491596413271450e+00,2.627413271203088652e+00,-1.584402403067246778e+00
-8.373719453811645508e-02,2.046163082122802734e-01,-1.020316481590270996e-01,1.028723716735839844e-01,-2.341992378234863281e+00,-2.014337062835693359e+00,2.234669923782348633e+00,-1.698347330093383789e+00,-2.396835785454204171e+00,-1.985697998173553414e+00,2.614377598846120865e+00,-1.571997316187705662e+00
-8.416220545768737793e-02,2.042015194892883301e-01,-1.009213998913764954e-01,1.028948426246643066e-01,-2.338538646697998047e+00,-2.005140304565429688e+00,2.225173950195312500e+00,-1.686664581298828125e+00,-2.396772892748206818e+00,-1.976821877115860548e+00,2.601313184486280683e+00,-1.559644850434157570e+00
-8.458206057548522949e-02,2.037805318832397461e-01,-9.981094300746917725e-02,1.029240787029266357e-01,-2.335065364837646484e+00,-1.995852828025817871e+00,2.215666532516479492e+00,-1.675024628639221191e+00,-2.396709922139269366e+00,-1.967865344380703263e+00,2.588221495372717396e+00,-1.547345103534101929e+00
-8.499667048454284668e-02,2.033540010452270508e-01,-9.870000183582305908e-02,1.029599010944366455e-01,-2.331576824188232422e+00,-1.986476421356201172e+00,2.206148862838745117e+00,-1.663427233695983887e+00,-2.396646893035919490e+00,-1.958830528572131913e+00,2.575103965835729980e+00,-1.535098163992343334e+00
-8.540606498718261719e-02,2.029219269752502441e-01,-9.758874773979187012e-02,1.030018031597137451e-01,-2.328069686889648438e+00,-1.977013826370239258e+00,2.196619749069213867e+00,-1.651870131492614746e+00,-2.396583810701724104e+00,-1.949719015448930337e+00,2.561962136252589506e+00,-1.522904155475973909e+00
-8.581021428108215332e-02,2.024845480918884277e-01,-9.647718071937561035e-02,1.030500829219818115e-01,-2.324548006057739258e+00,-1.967465400695800781e+00,2.187082767486572266e+00,-1.640356063842773438e+00,-2.396520687941976480e+00,-1.940532652473668351e+00,2.548797454646727800e+00,-1.510763173483615995e+00
-8.620932698249816895e-02,2.020418643951416016e-01,-9.536555409431457520e-02,1.031045019626617432e-01,-2.321011066436767578e+00,-1.957836151123046875e+00,2.177537918090820312e+00,-1.628885030746459961e+00,-2.396457537448748898e+00,-1.931273264008447788e+00,2.535611347244733693e+00,-1.498675307888581498e+00
-8.660313487052917480e-02,2.015939950942993164e-01,-9.425372630357742310e-02,1.031649708747863770e-01,-2.317458391189575195e+00,-1.948123335838317871e+00,2.167984962463378906e+00,-1.617456436157226562e+00,-2.396394371788573174e+00,-1.921942651266579594e+00,2.522405218773296820e+00,-1.486640643049093713e+00
-8.699211478233337402e-02,2.011418342590332031e-01,-9.314131736755371094e-02,1.032311618328094482e-01,-2.313896417617797852e+00,-1.938333868980407715e+00,2.158426284790039062e+00,-1.606067180633544922e+00,-2.396331203390126952e+00,-1.912542592258399177e+00,2.509180452756007984e+00,-1.474659257918516042e+00
-8.737564086914062500e-02,2.006846666336059570e-01,-9.202922880649566650e-02,1.033031046390533447e-01,-2.310318946838378906e+00,-1.928466916084289551e+00,2.148862361907958984e+00,-1.594723939895629883e+00,-2.396268044531939978e+00,-1.903074841731134503e+00,2.495938411810312285e+00,-1.462731226155567832e+00
-8.775442838668823242e-02,2.002232074737548828e-01,-9.091642498970031738e-02,1.033805906772613525e-01,-2.306730747222900391e+00,-1.918523311614990234e+00,2.139291286468505859e+00,-1.583417415618896484e+00,-2.396204907330109712e+00,-1.893541131103843034e+00,2.482680437944355223e+00,-1.450856616234562191e+00
-8.812788128852844238e-02,1.997571587562561035e-01,-8.980397880077362061e-02,1.034636199474334717e-01,-2.303129673004150391e+00,-1.908506393432617188e+00,2.129717111587524414e+00,-1.572156667709350586e+00,-2.396141803726048902e+00,-1.883943168395688428e+00,2.469407852853925167e+00,-1.439035491555623381e+00
-8.849650621414184570e-02,1.992870569229125977e-01,-8.869129419326782227e-02,1.035519838333129883e-01,-2.299519062042236328e+00,-1.898418903350830078e+00,2.120139837265014648e+00,-1.560936331748962402e+00,-2.396078745474258476e+00,-1.874282638149451952e+00,2.456121958219265267e+00,-1.427267910554912422e+00
-8.885997533798217773e-02,1.988127827644348145e-01,-8.757877349853515625e-02,1.036456227302551270e-01,-2.295897483825683594e+00,-1.888261198997497559e+00,2.110559940338134766e+00,-1.549759745597839355e+00,-2.396015748109778798e+00,-1.864561365851264751e+00,2.442824001913328491e+00,-1.415553910431603946e+00
-8.921855688095092773e-02,1.983350515365600586e-01,-8.646588027477264404e-02,1.037442386150360107e-01,-2.292268991470336914e+00,-1.878035664558410645e+00,2.100978136062622070e+00,-1.538622379302978516e+00,-2.395952827401349960e+00,-1.854781167595503266e+00,2.429515209301883694e+00,-1.403893522158466078e+00
-8.957225084304809570e-02,1.978535652160644531e-01,-8.535279333591461182e-02,1.038479208946228027e-01,-2.288631916046142578e+00,-1.867741942405700684e+00,2.091393709182739258e+00,-1.527525186538696289e+00,-2.395889990603025321e+00,-1.844943492855921185e+00,2.416196857671665921e+00,-1.392286806220091488e+00
-8.992075920104980469e-02,1.973684430122375488e-01,-8.424007892608642578e-02,1.039563417434692383e-01,-2.284984827041625977e+00,-1.857384443283081055e+00,2.081809282302856445e+00,-1.516472101211547852e+00,-2.395827249458467367e+00,-1.835049963035118914e+00,2.402870164926149243e+00,-1.380733799086862668e+00
-9.026464819908142090e-02,1.968803405761718750e-01,-8.312695473432540894e-02,1.040694117546081543e-01,-2.281333923339843750e+00,-1.846964836120605469e+00,2.072224617004394531e+00,-1.505456686019897461e+00,-2.395764615555002752e+00,-1.825102178537590270e+00,2.389536329799111236e+00,-1.369234532509382873e+00
-9.060341119766235352e-02,1.963887214660644531e-01,-8.201426267623901367e-02,1.041872501373291016e-01,-2.277674198150634766e+00,-1.836483478546142578e+00,2.062641620635986328e+00,-1.494486093521118164e+00,-2.395702100316419170e+00,-1.815101718769885908e+00,2.376196532125246730e+00,-1.357789033616111141e+00
-9.093740582466125488e-02,1.958942413330078125e-01,-8.090137690305709839e-02,1.043095886707305908e-01,-2.274010419845581055e+00,-1.825941920280456543e+00,2.053059577941894531e+00,-1.483555078506469727e+00,-2.395639714995890124e+00,-1.805050142135256719e+00,2.362851933110917013e+00,-1.346397325011001733e+00
-9.126645326614379883e-02,1.953966021537780762e-01,-7.978878915309906006e-02,1.044363081455230713e-01,-2.270339250564575195e+00,-1.815342187881469727e+00,2.043479442596435547e+00,-1.472666263580322266e+00,-2.395577470669010278e+00,-1.794948986021679405e+00,2.349503675604845743e+00,-1.335059424871139377e+00
-9.159082174301147461e-02,1.948964595794677734e-01,-7.867617905139923096e-02,1.045672893524169922e-01,-2.266665458679199219e+00,-1.804687261581420898e+00,2.033902645111083984e+00,-1.461817264556884766e+00,-2.395515378226959147e+00,-1.784799766783925490e+00,2.336152884368774885e+00,-1.323775347044375827e+00
-9.191033244132995605e-02,1.943936944007873535e-01,-7.756368815898895264e-02,1.047022938728332520e-01,-2.262986660003662109e+00,-1.793977618217468262e+00,2.024328231811523438e+00,-1.451008439064025879e+00,-2.395453448369781135e+00,-1.774603979719451718e+00,2.322800666348195264e+00,-1.312545101146969317e+00
-9.222514927387237549e-02,1.938884854316711426e-01,-7.645133137702941895e-02,1.048415601253509521e-01,-2.259306192398071289e+00,-1.783214449882507324e+00,2.014759302139282227e+00,-1.440241575241088867e+00,-2.395391691599797479e+00,-1.764363099038166238e+00,2.309448110943038923e+00,-1.301368692661222237e+00
-9.253510832786560059e-02,1.933809518814086914e-01,-7.533926516771316528e-02,1.049846708774566650e-01,-2.255621910095214844e+00,-1.772400379180908203e+00,2.005194664001464844e+00,-1.429515838623046875e+00,-2.395330121378833610e+00,-1.754078677149125687e+00,2.296096262119761366e+00,-1.290246107749422499e+00
-9.284034371376037598e-02,1.928709745407104492e-01,-7.422742247581481934e-02,1.051315963268280029e-01,-2.251933336257934570e+00,-1.761535167694091797e+00,1.995634078979492188e+00,-1.418829798698425293e+00,-2.395268750970437566e+00,-1.743752243855906325e+00,2.282746147121990532e+00,-1.279177328787905799e+00
-9.314092993736267090e-02,1.923591196537017822e-01,-7.311582565307617188e-02,1.052823364734649658e-01,-2.248244762420654297e+00,-1.750622630119323730e+00,1.986080765724182129e+00,-1.408185482025146484e+00,-2.395207587343841649e+00,-1.733385116912666390e+00,2.269398830559027580e+00,-1.268162363675420456e+00
-9.343680739402770996e-02,1.918454468250274658e-01,-7.200425863265991211e-02,1.054366230964660645e-01,-2.244555473327636719e+00,-1.739661693572998047e+00,1.976532936096191406e+00,-1.397579669952392578e+00,-2.395146640784959313e+00,-1.722978704113486970e+00,2.256055329032305767e+00,-1.257201199445563189e+00
-9.372813999652862549e-02,1.913298666477203369e-01,-7.089306414127349854e-02,1.055943667888641357e-01,-2.240864276885986328e+00,-1.728656768798828125e+00,1.966991782188415527e+00,-1.387013912200927734e+00,-2.395085921416431507e+00,-1.712534393623734719e+00,2.242716642442940334e+00,-1.246293819210284148e+00
-9.401480853557586670e-02,1.908127367496490479e-01,-6.978242099285125732e-02,1.057556867599487305e-01,-2.237174987792968750e+00,-1.717610120773315430e+00,1.957461118698120117e+00,-1.376491904258728027e+00,-2.395025439195009653e+00,-1.702053553977542100e+00,2.229383754241514026e+00,-1.235440202246224084e+00
-9.429688751697540283e-02,1.902939975261688232e-01,-6.867185235023498535e-02,1.059202253818511963e-01,-2.233484745025634766e+00,-1.706518530845642090e+00,1.947936296463012695e+00,-1.366007208824157715e+00,-2.394965203909106499e+00,-1.691537534068078719e+00,2.216057631678006068e+00,-1.224640324081041065e+00
-9.457439184188842773e-02,1.897738277912139893e-01,-6.756180524826049805e-02,1.060880422592163086e-01,-2.229795932769775391e+00,-1.695387601852416992e+00,1.938421368598937988e+00,-1.355564355850219727e+00,-2.394905225176509944e+00,-1.680987663132407439e+00,2.202739226051611432e+00,-1.213894156579740757e+00
-9.484732151031494141e-02,1.892521083354949951e-01,-6.645213067531585693e-02,1.062590181827545166e-01,-2.226106405258178711e+00,-1.684215307235717773e+00,1.928914308547973633e+00,-1.345160722732543945e+00,-2.394845512442264734e+00,-1.670405250729723567e+00,2.189429472960631617e+00,-1.203201668031008698e+00
-9.511581063270568848e-02,1.887294948101043701e-01,-6.534290313720703125e-02,1.064330637454986572e-01,-2.222421407699584961e+00,-1.673007249832153320e+00,1.919419407844543457e+00,-1.334798574447631836e+00,-2.394786074976717583e+00,-1.659791586713310840e+00,2.176129292552287708e+00,-1.192562823233537683e+00
-9.537976980209350586e-02,1.882056891918182373e-01,-6.423402577638626099e-02,1.066099405288696289e-01,-2.218736648559570312e+00,-1.661761283874511719e+00,1.909933090209960938e+00,-1.324474692344665527e+00,-2.394726921873730596e+00,-1.649147941196755562e+00,2.162839589772675097e+00,-1.181977583582363600e+00
-9.563934803009033203e-02,1.876811683177947998e-01,-6.312561035156250000e-02,1.067897379398345947e-01,-2.215057849884033203e+00,-1.650481939315795898e+00,1.900459647178649902e+00,-1.314191818237304688e+00,-2.394668062833537281e+00,-1.638475679529243667e+00,2.149561215433662298e+00,-1.171445892597334115e+00
-9.589453041553497314e-02,1.871556937694549561e-01,-6.201775744557380676e-02,1.069723069667816162e-01,-2.211381196975708008e+00,-1.639168977737426758e+00,1.890997767448425293e+00,-1.303948640823364258e+00,-2.394609507342722488e+00,-1.627776135272830382e+00,2.136295009712974036e+00,-1.160967692078431979e+00
-9.614516794681549072e-02,1.866294443607330322e-01,-6.091042608022689819e-02,1.071575284004211426e-01,-2.207707405090332031e+00,-1.627822637557983398e+00,1.881547212600708008e+00,-1.293745756149291992e+00,-2.394551263319099732e+00,-1.617050418626065245e+00,2.123041867657444293e+00,-1.150542946436153402e+00
-9.639155864715576172e-02,1.861026585102081299e-01,-5.980361625552177429e-02,1.073452234268188477e-01,-2.204038143157958984e+00,-1.616446614265441895e+00,1.872109532356262207e+00,-1.283581495285034180e+00,-2.394493339321941860e+00,-1.606299741242101620e+00,2.109802628756697551e+00,-1.140171601657577805e+00
-9.663352370262145996e-02,1.855751872062683105e-01,-5.869741365313529968e-02,1.075355708599090576e-01,-2.200372934341430664e+00,-1.605039119720458984e+00,1.862684726715087891e+00,-1.273458003997802734e+00,-2.394435743750318757e+00,-1.595525296767780210e+00,2.096578117866268798e+00,-1.129853600504310496e+00
-9.687130153179168701e-02,1.850474774837493896e-01,-5.759172141551971436e-02,1.077281534671783447e-01,-2.196713447570800781e+00,-1.593605518341064453e+00,1.853273391723632812e+00,-1.263372421264648438e+00,-2.394378484843813659e+00,-1.584728260854071369e+00,2.083369145429572633e+00,-1.119588882588440137e+00
-9.710471332073211670e-02,1.845191419124603271e-01,-5.648681521415710449e-02,1.079232692718505859e-01,-2.193058013916015625e+00,-1.582143187522888184e+00,1.843876004219055176e+00,-1.253327965736389160e+00,-2.394321570683437539e+00,-1.573909791161159921e+00,2.070176507699773349e+00,-1.109377384448474446e+00
-9.733372926712036133e-02,1.839907467365264893e-01,-5.538276955485343933e-02,1.081205904483795166e-01,-2.189409017562866211e+00,-1.570657134056091309e+00,1.834495067596435547e+00,-1.243325471878051758e+00,-2.394265009192741100e+00,-1.563071027357078036e+00,2.057000986961734057e+00,-1.099219039625298544e+00
-9.755873680114746094e-02,1.834622919559478760e-01,-5.427905172109603882e-02,1.083199977874755859e-01,-2.185766220092773438e+00,-1.559145689010620117e+00,1.825127482414245605e+00,-1.233358621597290039e+00,-2.394208808139130618e+00,-1.552213091111199095e+00,2.043843351753920512e+00,-1.089113778738121763e+00
-9.777957201004028320e-02,1.829338967800140381e-01,-5.317605659365653992e-02,1.085214316844940186e-01,-2.182130813598632812e+00,-1.547612309455871582e+00,1.815775394439697266e+00,-1.223431110382080078e+00,-2.394152975135381389e+00,-1.541337086081281171e+00,2.030704357090339141e+00,-1.079061529560422006e+00
-9.799620509147644043e-02,1.824053525924682617e-01,-5.207394436001777649e-02,1.087250113487243652e-01,-2.178501367568969727e+00,-1.536056041717529297e+00,1.806439518928527832e+00,-1.213544368743896484e+00,-2.394097517641347483e+00,-1.530444097895207634e+00,2.017584744682440423e+00,-1.069062217095896328e+00
-9.820862114429473877e-02,1.818769872188568115e-01,-5.097258463501930237e-02,1.089304387569427490e-01,-2.174878835678100586e+00,-1.524479031562805176e+00,1.797119855880737305e+00,-1.203696370124816895e+00,-2.394042441441222913e+00,-1.519535330252541616e+00,2.004485205505850409e+00,-1.059115750032461722e+00
-9.841699898242950439e-02,1.813488304615020752e-01,-4.987208917737007141e-02,1.091376841068267822e-01,-2.171263456344604492e+00,-1.512883901596069336e+00,1.787817239761352539e+00,-1.193887829780578613e+00,-2.393987752514935341e+00,-1.508611943019262602e+00,1.991406424890849181e+00,-1.049222037049609479e+00
-9.862126410007476807e-02,1.808210909366607666e-01,-4.877233877778053284e-02,1.093468070030212402e-01,-2.167657375335693359e+00,-1.501269817352294922e+00,1.778532266616821289e+00,-1.184118509292602539e+00,-2.393933459175372036e+00,-1.497674856471390425e+00,1.978349136791857310e+00,-1.039381006446353339e+00
-9.882155060768127441e-02,1.802939474582672119e-01,-4.767355695366859436e-02,1.095575690269470215e-01,-2.164060592651367188e+00,-1.489641308784484863e+00,1.769266963005065918e+00,-1.174389600753784180e+00,-2.393879568070000463e+00,-1.486725108112128213e+00,1.965314025288584121e+00,-1.029592570504434645e+00
-9.901770949363708496e-02,1.797669827938079834e-01,-4.657558351755142212e-02,1.097699701786041260e-01,-2.160470008850097656e+00,-1.477993726730346680e+00,1.760016918182373047e+00,-1.164698123931884766e+00,-2.393826085689265248e+00,-1.475763719585446054e+00,1.952301761634721355e+00,-1.019856638886530886e+00
-9.921009838581085205e-02,1.792408823966979980e-01,-4.547839984297752380e-02,1.099838018417358398e-01,-2.156889915466308594e+00,-1.466334223747253418e+00,1.750786066055297852e+00,-1.155044436454772949e+00,-2.393773018369467653e+00,-1.464791696723861891e+00,1.939313004453869560e+00,-1.010173118702832884e+00
-9.939835965633392334e-02,1.787152588367462158e-01,-4.438235610723495483e-02,1.101993918418884277e-01,-2.153319358825683594e+00,-1.454659938812255859e+00,1.741575837135314941e+00,-1.145432710647583008e+00,-2.393720372295879084e+00,-1.453810029590484554e+00,1.926348399935653433e+00,-1.000541914577615099e+00
-9.958276152610778809e-02,1.781902909278869629e-01,-4.328727722167968750e-02,1.104162037372589111e-01,-2.149756669998168945e+00,-1.442974090576171875e+00,1.732383251190185547e+00,-1.135858297348022461e+00,-2.393668153506080643e+00,-1.442819692516244423e+00,1.913408582031635108e+00,-9.909629287158101540e-01
-9.976321458816528320e-02,1.776660978794097900e-01,-4.219321906566619873e-02,1.106344163417816162e-01,-2.146203279495239258e+00,-1.431276440620422363e+00,1.723210692405700684e+00,-1.126323103904724121e+00,-2.393616367893530494e+00,-1.431821644131874738e+00,1.900494172651353120e+00,-9.814360609695810256e-01
-9.993973374366760254e-02,1.771428585052490234e-01,-4.110025241971015930e-02,1.108539998531341553e-01,-2.142661094665527344e+00,-1.419568896293640137e+00,1.714059472084045410e+00,-1.116828203201293945e+00,-2.393565021211353727e+00,-1.420816827394918658e+00,1.887605781858335607e+00,-9.719612089048960124e-01
-1.001126170158386230e-01,1.766206324100494385e-01,-4.000823199748992920e-02,1.110747456550598145e-01,-2.139130115509033203e+00,-1.407853484153747559e+00,1.704928398132324219e+00,-1.107370376586914062e+00,-2.393514119076358249e+00,-1.409806169611544924e+00,1.874744008066056900e+00,-9.625382678680974857e-01
-1.002815961837768555e-01,1.760993897914886475e-01,-3.891726210713386536e-02,1.112966239452362061e-01,-2.135608911514282227e+00,-1.396128773689270020e+00,1.695817470550537109e+00,-1.097950935363769531e+00,-2.393463664691955373e+00,-1.398790680890170002e+00,1.861909410300660594e+00,-9.531671185534343893e-01
-1.004467755556106567e-01,1.755791604518890381e-01,-3.782756626605987549e-02,1.115195751190185547e-01,-2.132097721099853516e+00,-1.384398579597473145e+00,1.686728477478027344e+00,-1.088571310043334961e+00,-2.393413661791587099e+00,-1.387771329159795064e+00,1.849102543979624480e+00,-9.438476429914597343e-01
-1.006082892417907715e-01,1.750601232051849365e-01,-3.673901036381721497e-02,1.117436289787292480e-01,-2.128598690032958984e+00,-1.372662663459777832e+00,1.677661418914794922e+00,-1.079230308532714844e+00,-2.393364117391802548e+00,-1.376748919701456852e+00,1.836323995177052248e+00,-9.345797398602283534e-01
-1.007661223411560059e-01,1.745422184467315674e-01,-3.565154969692230225e-02,1.119686067104339600e-01,-2.125110149383544922e+00,-1.360921382904052734e+00,1.668615460395812988e+00,-1.069926738739013672e+00,-2.393315036248695904e+00,-1.365724334478339852e+00,1.823574312900689831e+00,-9.253632941608618268e-01
-1.009201854467391968e-01,1.740257441997528076e-01,-3.456536307930946350e-02,1.121945977210998535e-01,-2.121634721755981445e+00,-1.349176764488220215e+00,1.659593343734741211e+00,-1.060663461685180664e+00,-2.393266422974543062e+00,-1.354698441510106877e+00,1.810854035034293208e+00,-9.161981888045828137e-01
-1.010707318782806396e-01,1.735105514526367188e-01,-3.348033130168914795e-02,1.124213635921478271e-01,-2.118170499801635742e+00,-1.337429761886596680e+00,1.650592803955078125e+00,-1.051436901092529297e+00,-2.393218282042250067e+00,-1.343672094938068495e+00,1.798163688515053815e+00,-9.070843046709795576e-01
-1.012175232172012329e-01,1.729969084262847900e-01,-3.239658474922180176e-02,1.126489043235778809e-01,-2.114719152450561523e+00,-1.325680971145629883e+00,1.641616225242614746e+00,-1.042249917984008789e+00,-2.393170617790038257e+00,-1.332646135086193118e+00,1.785503789511044603e+00,-8.980215206662727212e-01
-1.013608276844024658e-01,1.724845468997955322e-01,-3.131415322422981262e-02,1.128771305084228516e-01,-2.111278295516967773e+00,-1.313931822776794434e+00,1.632661819458007812e+00,-1.033100128173828125e+00,-2.393123434426360774e+00,-1.321621388517256523e+00,1.772874843598631678e+00,-8.890097137815684558e-01
-1.015005111694335938e-01,1.719736754894256592e-01,-3.023315593600273132e-02,1.131061613559722900e-01,-2.107850551605224609e+00,-1.302182793617248535e+00,1.623731970787048340e+00,-1.023990511894226074e+00,-2.393076736035048224e+00,-1.310598668084995477e+00,1.760277345939952554e+00,-8.800487591511305663e-01
-1.016367971897125244e-01,1.714644730091094971e-01,-2.915330603718757629e-02,1.133357882499694824e-01,-2.104436159133911133e+00,-1.290434598922729492e+00,1.614825487136840820e+00,-1.014917135238647461e+00,-2.393030526580683937e+00,-1.299578772981836217e+00,1.747711781460261626e+00,-8.711385301106343571e-01
-1.017695069313049316e-01,1.709568798542022705e-01,-2.807486802339553833e-02,1.135660111904144287e-01,-2.101034402847290039e+00,-1.278688192367553711e+00,1.605943202972412109e+00,-1.005882501602172852e+00,-2.392984809914205258e+00,-1.288562488782246884e+00,1.735178625025443733e+00,-8.622788982554380199e-01
-1.018987149000167847e-01,1.704509556293487549e-01,-2.699802443385124207e-02,1.137968301773071289e-01,-2.097646236419677734e+00,-1.266945838928222656e+00,1.597087025642395020e+00,-9.968881607055664062e-01,-2.392939587039375482e+00,-1.277550644087287690e+00,1.722678314549442424e+00,-8.534697219897213749e-01
-1.020247042179107666e-01,1.699467599391937256e-01,-2.592253684997558594e-02,1.140279769897460938e-01,-2.094270467758178711e+00,-1.255208849906921387e+00,1.588254809379577637e+00,-9.879295825958251953e-01,-2.392894859834657773e+00,-1.266544034496541293e+00,1.710211287747051001e+00,-8.447108621352068525e-01
-1.021469831466674805e-01,1.694441139698028564e-01,-2.484871074557304382e-02,1.142597496509552002e-01,-2.090907573699951172e+00,-1.243474006652832031e+00,1.579448103904724121e+00,-9.790121316909790039e-01,-2.392850633830231555e+00,-1.255543364627252911e+00,1.697778009842896285e+00,-8.360021936947620302e-01
-1.022661924362182617e-01,1.689435541629791260e-01,-2.377610281109809875e-02,1.144918501377105713e-01,-2.087559938430786133e+00,-1.231746554374694824e+00,1.570666670799255371e+00,-9.701302051544189453e-01,-2.392806912043113687e+00,-1.244549375648780210e+00,1.685378912767227622e+00,-8.273435799836268423e-01
-1.023819744586944580e-01,1.684448421001434326e-01,-2.270509675145149231e-02,1.147241592407226562e-01,-2.084225416183471680e+00,-1.220025897026062012e+00,1.561910629272460938e+00,-9.612864255905151367e-01,-2.392763697367627174e+00,-1.233562796233492076e+00,1.673014418852341700e+00,-8.187348826870389784e-01
-1.024944186210632324e-01,1.679481267929077148e-01,-2.163556590676307678e-02,1.149568110704421997e-01,-2.080905437469482422e+00,-1.208312273025512695e+00,1.553181052207946777e+00,-9.524807929992675781e-01,-2.392720992580832373e+00,-1.222584342619636777e+00,1.660684940992636527e+00,-8.101759619110949773e-01
-1.026036739349365234e-01,1.674532592296600342e-01,-2.056776732206344604e-02,1.151897162199020386e-01,-2.077599048614501953e+00,-1.196607947349548340e+00,1.544477939605712891e+00,-9.437134861946105957e-01,-2.392678800348179813e+00,-1.211614718670441571e+00,1.648390882804567248e+00,-8.016666762336133178e-01
-1.027096509933471680e-01,1.669603288173675537e-01,-1.950141414999961853e-02,1.154228746891021729e-01,-2.074306964874267578e+00,-1.184910655021667480e+00,1.535800099372863770e+00,-9.349831938743591309e-01,-2.392637123229381046e+00,-1.200654615929549918e+00,1.636132638786720772e+00,-7.932068827549980661e-01
-1.028124392032623291e-01,1.664694249629974365e-01,-1.843693479895591736e-02,1.156561523675918579e-01,-2.071028709411621094e+00,-1.173225641250610352e+00,1.527150630950927734e+00,-9.262921810150146484e-01,-2.392595963684499338e+00,-1.189704713672792291e+00,1.623910594479857084e+00,-7.847964371490989688e-01
-1.029120087623596191e-01,1.659806370735168457e-01,-1.737410575151443481e-02,1.158895492553710938e-01,-2.067765235900878906e+00,-1.161551117897033691e+00,1.518527984619140625e+00,-9.176390767097473145e-01,-2.392555324080245516e+00,-1.178765678956517293e+00,1.611725126626876170e+00,-7.764351937140766546e-01
-1.030084490776062012e-01,1.654939949512481689e-01,-1.631278544664382935e-02,1.161229610443115234e-01,-2.064516544342041016e+00,-1.149886965751647949e+00,1.509931564331054688e+00,-9.090221524238586426e-01,-2.392515206696499863e+00,-1.167838166662091837e+00,1.599576603332872438e+00,-7.681230054232598414e-01
-1.031019091606140137e-01,1.650096774101257324e-01,-1.525324583053588867e-02,1.163564920425415039e-01,-2.061284542083740234e+00,-1.138237237930297852e+00,1.501364350318908691e+00,-9.004440307617187500e-01,-2.392475610172209777e+00,-1.156922872373864930e+00,1.587465354502130888e+00,-7.598597133057372055e-01
-1.031921803951263428e-01,1.645272076129913330e-01,-1.419559866189956665e-02,1.165899634361267090e-01,-2.058064460754394531e+00,-1.126599550247192383e+00,1.492823362350463867e+00,-8.919034600257873535e-01,-2.392436534594681419e+00,-1.146020457659527869e+00,1.575391714320792502e+00,-7.516451616906182354e-01
-1.032795011997222900e-01,1.640472710132598877e-01,-1.313938945531845093e-02,1.168233156204223633e-01,-2.054861307144165039e+00,-1.114975333213806152e+00,1.484310150146484375e+00,-8.833983540534973145e-01,-2.392397984436261282e+00,-1.135131505934096285e+00,1.563356045978061992e+00,-7.434792070751466975e-01
-1.033636480569839478e-01,1.635694205760955811e-01,-1.208540424704551697e-02,1.170566380023956299e-01,-2.051672458648681641e+00,-1.103366971015930176e+00,1.475826501846313477e+00,-8.749341368675231934e-01,-2.392359961139136182e+00,-1.124256632630101782e+00,1.551358679868422685e+00,-7.353616959332884839e-01
-1.034448295831680298e-01,1.630938649177551270e-01,-1.103316247463226318e-02,1.172899305820465088e-01,-2.048499345779418945e+00,-1.091773152351379395e+00,1.467371463775634766e+00,-8.665072917938232422e-01,-2.392322466042342999e+00,-1.113396442068108838e+00,1.539399938095946885e+00,-7.272924735059755896e-01
-1.035231947898864746e-01,1.626206934452056885e-01,-9.982705116271972656e-03,1.175229996442794800e-01,-2.045341968536376953e+00,-1.080196380615234375e+00,1.458944559097290039e+00,-8.581168055534362793e-01,-2.392285500387525854e+00,-1.102551527523361052e+00,1.527480134615874396e+00,-7.192713838453279607e-01
-1.035985350608825684e-01,1.621498167514801025e-01,-8.934088051319122314e-03,1.177558600902557373e-01,-2.042199134826660156e+00,-1.068634986877441406e+00,1.450545549392700195e+00,-8.497632741928100586e-01,-2.392249065324899782e+00,-1.091722471288486540e+00,1.515599575376086472e+00,-7.112982698588730113e-01
-1.036710143089294434e-01,1.616813242435455322e-01,-7.887460291385650635e-03,1.179884821176528931e-01,-2.039072275161743164e+00,-1.057092070579528809e+00,1.442176222801208496e+00,-8.414478302001953125e-01,-2.392213161919419129e+00,-1.080909844734182279e+00,1.503758558458663908e+00,-7.033729733537702478e-01
-1.037406474351882935e-01,1.612153053283691406e-01,-6.842732429504394531e-03,1.182208061218261719e-01,-2.035961151123046875e+00,-1.045567393302917480e+00,1.433836221694946289e+00,-8.331691026687622070e-01,-2.392177791157141353e+00,-1.070114208366237385e+00,1.491957374221428267e+00,-6.954953350810303414e-01
-1.038074791431427002e-01,1.607516109943389893e-01,-5.800105631351470947e-03,1.184528768062591553e-01,-2.032865524291992188e+00,-1.034062147140502930e+00,1.425525784492492676e+00,-8.249284625053405762e-01,-2.392142953951794659e+00,-1.059336111880146536e+00,1.480196305439419602e+00,-6.876651947797379760e-01
-1.038714945316314697e-01,1.602904498577117920e-01,-4.759445786476135254e-03,1.186846196651458740e-01,-2.029786109924316406e+00,-1.022576570510864258e+00,1.417245388031005859e+00,-8.167253136634826660e-01,-2.392108651151537924e+00,-1.048576094213103715e+00,1.468475627446473197e+00,-6.798823912212728082e-01
-1.039327681064605713e-01,1.598316729068756104e-01,-3.720641136169433594e-03,1.189160048961639404e-01,-2.026721715927124023e+00,-1.011109352111816406e+00,1.408992886543273926e+00,-8.085575699806213379e-01,-2.392074879622519301e+00,-1.037834735917024798e+00,1.456795581681489260e+00,-6.721467524092520351e-01
-1.039912402629852295e-01,1.593755483627319336e-01,-2.684190869331359863e-03,1.191469728946685791e-01,-2.023674488067626953e+00,-9.996657967567443848e-01,1.400773048400878906e+00,-8.004299998283386230e-01,-2.392041638122770930e+00,-1.027112581581935524e+00,1.445156415523449756e+00,-6.644581103163815783e-01
-1.040470302104949951e-01,1.589218080043792725e-01,-1.649647951126098633e-03,1.193775981664657593e-01,-2.020642518997192383e+00,-9.882416725158691406e-01,1.392581820487976074e+00,-7.923379540443420410e-01,-2.392008929834098296e+00,-1.016410105540386244e+00,1.433558399626985169e+00,-6.568163072930718327e-01
-1.041002124547958374e-01,1.584706902503967285e-01,-6.171166896820068359e-04,1.196077167987823486e-01,-2.017627000808715820e+00,-9.768396615982055664e-01,1.384420394897460938e+00,-7.842820882797241211e-01,-2.391976754813907924e+00,-1.005727812690063061e+00,1.422001776844802778e+00,-6.492211771528316744e-01
-1.041507422924041748e-01,1.580221354961395264e-01,4.132017493247985840e-04,1.198373138904571533e-01,-2.014627456665039062e+00,-9.654613137245178223e-01,1.376289844512939453e+00,-7.762634754180908203e-01,-2.391945113034813719e+00,-9.950661982451747267e-01,1.410486782903390690e+00,-6.416725528172291249e-01
-1.041986048221588135e-01,1.575761437416076660e-01,1.441314816474914551e-03,1.200664341449737549e-01,-2.011643886566162109e+00,-9.541057944297790527e-01,1.368190050125122070e+00,-7.682826519012451172e-01,-2.391914004390375048e+00,-9.844257478129921912e-01,1.399013646528495913e+00,-6.341702663541828322e-01
-1.042438596487045288e-01,1.571327745914459229e-01,2.467215061187744141e-03,1.202949881553649902e-01,-2.008676767349243164e+00,-9.427744746208190918e-01,1.360121250152587891e+00,-7.603388428688049316e-01,-2.391883428701025771e+00,-9.738069374670513811e-01,1.387582589570576230e+00,-6.267141490162486672e-01
-1.042866557836532593e-01,1.566920578479766846e-01,3.491044044494628906e-03,1.205229610204696655e-01,-2.005725860595703125e+00,-9.314674139022827148e-01,1.352082490921020508e+00,-7.524306774139404297e-01,-2.391853385720184022e+00,-9.632102338189908464e-01,1.376193827130330893e+00,-6.193040312788983259e-01
-1.043269038200378418e-01,1.562538743019104004e-01,4.512481391429901123e-03,1.207504570484161377e-01,-2.002791166305541992e+00,-9.201856255531311035e-01,1.344075679779052734e+00,-7.445605993270874023e-01,-2.391823875140550726e+00,-9.526360940876016370e-01,1.364847567684189356e+00,-6.119397428788143634e-01
-1.043647080659866333e-01,1.558184623718261719e-01,5.531847476959228516e-03,1.209773123264312744e-01,-1.999873638153076172e+00,-9.089284539222717285e-01,1.336099267005920410e+00,-7.367261052131652832e-01,-2.391794896600587084e+00,-9.420849661661802044e-01,1.353544013209796448e+00,-6.046211128521725708e-01
-1.043999344110488892e-01,1.553856432437896729e-01,6.548717617988586426e-03,1.212035119533538818e-01,-1.996971607208251953e+00,-8.976983428001403809e-01,1.328155040740966797e+00,-7.289298772811889648e-01,-2.391766449691172358e+00,-9.315572886873132452e-01,1.342283359311488455e+00,-5.973479695729250194e-01
-1.044328510761260986e-01,1.549555361270904541e-01,7.563441991806030273e-03,1.214290112257003784e-01,-1.994086503982543945e+00,-8.864946961402893066e-01,1.320241212844848633e+00,-7.211685776710510254e-01,-2.391738530224610138e+00,-9.210535237040404777e-01,1.331065772898131216e+00,-5.901201317665100143e-01
-1.044632866978645325e-01,1.545281410217285156e-01,8.575767278671264648e-03,1.216538846492767334e-01,-1.991217851638793945e+00,-8.753179907798767090e-01,1.312359690666198730e+00,-7.134449481964111328e-01,-2.391711136067192101e+00,-9.105741063623307152e-01,1.319891427266471906e+00,-5.829374226021459826e-01
-1.044913828372955322e-01,1.541034281253814697e-01,9.585626423358917236e-03,1.218779832124710083e-01,-1.988365650177001953e+00,-8.641701936721801758e-01,1.304510116577148438e+00,-7.057580947875976562e-01,-2.391684268922952494e+00,-9.001194289638887458e-01,1.308760512926218533e+00,-5.757996740326797314e-01
-1.045171022415161133e-01,1.536813080310821533e-01,1.059310883283615112e-02,1.221014559268951416e-01,-1.985528826713562012e+00,-8.530490994453430176e-01,1.296691656112670898e+00,-6.981079578399658203e-01,-2.391657927702734998e+00,-8.896898989730395169e-01,1.297673197857795335e+00,-5.687067108049190800e-01
-1.045406013727188110e-01,1.532621085643768311e-01,1.159844547510147095e-02,1.223241090774536133e-01,-1.982710361480712891e+00,-8.419566154479980469e-01,1.288904428482055664e+00,-6.904922723770141602e-01,-2.391632111253012116e+00,-8.792859154274541567e-01,1.286629643974267490e+00,-5.616583570656196178e-01
-1.045617312192916870e-01,1.528456211090087891e-01,1.260124891996383667e-02,1.225459575653076172e-01,-1.979907512664794922e+00,-8.308932781219482422e-01,1.281149625778198242e+00,-6.829137206077575684e-01,-2.391606818361466047e+00,-8.689078690178584363e-01,1.275630007233740315e+00,-5.546544363944999612e-01
-1.045806258916854858e-01,1.524317860603332520e-01,1.360142976045608521e-02,1.227671056985855103e-01,-1.977121114730834961e+00,-8.198605775833129883e-01,1.273427724838256836e+00,-6.753728985786437988e-01,-2.391582047762768060e+00,-8.585561421653926661e-01,1.264674437751647007e+00,-5.476947718372491281e-01
-1.045973002910614014e-01,1.520208120346069336e-01,1.459930092096328735e-02,1.229874193668365479e-01,-1.974352121353149414e+00,-8.088571429252624512e-01,1.265737652778625488e+00,-6.678673624992370605e-01,-2.391557798144483105e+00,-8.482311090979850476e-01,1.253763079913228884e+00,-5.407791859385389088e-01
-1.046118363738059998e-01,1.516125798225402832e-01,1.559464633464813232e-02,1.232068538665771484e-01,-1.971599221229553223e+00,-7.978848218917846680e-01,1.258079528808593750e+00,-6.603974103927612305e-01,-2.391534068153168935e+00,-8.379331359246513511e-01,1.242896072485810688e+00,-5.339075007750340163e-01
-1.046241819858551025e-01,1.512069702148437500e-01,1.658739894628524780e-02,1.234255433082580566e-01,-1.968862414360046387e+00,-7.869426608085632324e-01,1.250453591346740723e+00,-6.529644131660461426e-01,-2.391510856400616891e+00,-8.276625807086420705e-01,1.232073548731223323e+00,-5.270795379884026799e-01
-1.046343371272087097e-01,1.508043408393859863e-01,1.757772266864776611e-02,1.236433684825897217e-01,-1.966143608093261719e+00,-7.760316729545593262e-01,1.242860794067382812e+00,-6.455675363540649414e-01,-2.391488161470261886e+00,-8.174197935384064362e-01,1.221295636518149097e+00,-5.202951188183286835e-01
-1.046424061059951782e-01,1.504043340682983398e-01,1.856533437967300415e-02,1.238602399826049805e-01,-1.963439702987670898e+00,-7.651535272598266602e-01,1.235300064086914062e+00,-6.382067799568176270e-01,-2.391465976452596287e+00,-8.072051358975522728e-01,1.210562424258674996e+00,-5.135540515431372688e-01
-1.046484336256980896e-01,1.500072777271270752e-01,1.955055445432662964e-02,1.240761876106262207e-01,-1.960753679275512695e+00,-7.543069720268249512e-01,1.227771759033203125e+00,-6.308807134628295898e-01,-2.391444297806197827e+00,-7.970189500356923418e-01,1.199874016337827198e+00,-5.068561518949060707e-01
-1.046523973345756531e-01,1.496129035949707031e-01,2.053304016590118408e-02,1.242913156747817993e-01,-1.958083629608154297e+00,-7.434931397438049316e-01,1.220276355743408203e+00,-6.235914230346679688e-01,-2.391423127094731704e+00,-7.868615523336186524e-01,1.189230544023994529e+00,-5.002012470710961445e-01
-1.046542972326278687e-01,1.492213904857635498e-01,2.151286602020263672e-02,1.245054453611373901e-01,-1.955430388450622559e+00,-7.327128648757934570e-01,1.212814331054687500e+00,-6.163384914398193359e-01,-2.391402462052520050e+00,-7.767332649474167905e-01,1.178632109728582789e+00,-4.935891551881628203e-01
-1.046541929244995117e-01,1.488325595855712891e-01,2.249001711606979370e-02,1.247186660766601562e-01,-1.952792882919311523e+00,-7.219653725624084473e-01,1.205384373664855957e+00,-6.091210842132568359e-01,-2.391382300343581679e+00,-7.666344027566784902e-01,1.168078810556450575e+00,-4.870196939505180289e-01
-1.046522110700607300e-01,1.484466791152954102e-01,2.346461266279220581e-02,1.249309480190277100e-01,-1.950173497200012207e+00,-7.112522125244140625e-01,1.197987675666809082e+00,-6.019389629364013672e-01,-2.391362639565816295e+00,-7.565652734473812258e-01,1.157570738398896015e+00,-4.804926806763967218e-01
-1.046482026576995850e-01,1.480635404586791992e-01,2.443653345108032227e-02,1.251422315835952759e-01,-1.947569966316223145e+00,-7.005719542503356934e-01,1.190623402595520020e+00,-5.947923660278320312e-01,-2.391343477255353012e+00,-7.465261775943328182e-01,1.147107980026632390e+00,-4.740079323237242903e-01
-1.046423166990280151e-01,1.476831734180450439e-01,2.540563791990280151e-02,1.253525614738464355e-01,-1.944982767105102539e+00,-6.899272203445434570e-01,1.183292508125305176e+00,-5.876818895339965820e-01,-2.391324810891022778e+00,-7.365174087420833793e-01,1.136690617182763319e+00,-4.675652655159839854e-01
-1.046344935894012451e-01,1.473056375980377197e-01,2.637208253145217896e-02,1.255618482828140259e-01,-1.942411899566650391e+00,-6.793166995048522949e-01,1.175994277000427246e+00,-5.806062817573547363e-01,-2.391306637898978682e+00,-7.265392534849618444e-01,1.126318726675803017e+00,-4.611644965680879449e-01
-1.046311706304550171e-01,1.471676230430603027e-01,2.672635763883590698e-02,1.256384849548339844e-01,-1.941471576690673828e+00,-6.754280328750610352e-01,1.173321843147277832e+00,-5.780163407325744629e-01,-2.391300085342019877e+00,-7.228814664955659497e-01,1.122519989409352270e+00,-4.588236244881692683e-01
-1.046311706304550171e-01,1.471676230430603027e-01,2.672635763883590698e-02,1.256384849548339844e-01,-1.941471576690673828e+00,-6.754280328750610352e-01,1.173321843147277832e+00,-5.780163407325744629e-01,-2.391300085342019877e+00,-7.228814664955659497e-01,1.122519989409352270e+00,-4.588236244881692683e-01
-1.022140532732009888e-01,1.448796093463897705e-01,2.546270936727523804e-02,1.211432963609695435e-01,-1.892404556274414062e+00,-6.754705309867858887e-01,1.147666573524475098e+00,-5.631512403488159180e-01,-2.332298937360538726e+00,-7.128145517989451507e-01,1.103484185369038917e+00,-4.548218816251961560e-01
-9.881427884101867676e-02,1.411393582820892334e-01,2.324501425027847290e-02,1.143263280391693115e-01,-1.816963672637939453e+00,-6.784256696701049805e-01,1.109275102615356445e+00,-5.409929156303405762e-01,-2.241139224549409281e+00,-6.999796389323289514e-01,1.079275344138006076e+00,-4.485829494136225337e-01
-9.577290713787078857e-02,1.373496055603027344e-01,2.083029597997665405e-02,1.078209728002548218e-01,-1.744262218475341797e+00,-6.838948130607604980e-01,1.073428273200988770e+00,-5.206097960472106934e-01,-2.152481534484243397e+00,-6.904003984697841823e-01,1.060368692007966906e+00,-4.424303568614292304e-01
-9.296157211065292358e-02,1.335928142070770264e-01,1.828200370073318481e-02,1.015841364860534668e-01,-1.674346446990966797e+00,-6.910464167594909668e-01,1.039973139762878418e+00,-5.020267367362976074e-01,-2.066245763531735058e+00,-6.836065779707890533e-01,1.045073719160485748e+00,-4.363466903530454077e-01
-9.030495584011077881e-02,1.299155950546264648e-01,1.564224809408187866e-02,9.558440744876861572e-02,-1.607173085212707520e+00,-6.993711590766906738e-01,1.008745789527893066e+00,-4.851766228675842285e-01,-1.982362392460671918e+00,-6.792476183035534021e-01,1.032297840722111282e+00,-4.303207194931312207e-01
-8.774923533201217651e-02,1.263498663902282715e-01,1.294393092393875122e-02,8.979358524084091187e-02,-1.542657136917114258e+00,-7.085015773773193359e-01,9.795780181884765625e-01,-4.699527621269226074e-01,-1.900762215898668783e+00,-6.770338329697566104e-01,1.021178741017966241e+00,-4.243435989543492548e-01
-8.525837957859039307e-02,1.229154020547866821e-01,1.021158322691917419e-02,8.418726921081542969e-02,-1.480687499046325684e+00,-7.181863784790039062e-01,9.523067474365234375e-01,-4.562271833419799805e-01,-1.821375742099383466e+00,-6.767301362526249031e-01,1.011070753938347888e+00,-4.184087268797676007e-01
-8.281644433736801147e-02,1.196175962686538696e-01,7.460087537765502930e-03,7.874912023544311523e-02,-1.421135544776916504e+00,-7.282897233963012695e-01,9.267832040786743164e-01,-4.438673257827758789e-01,-1.744138745416427438e+00,-6.781549778125270933e-01,1.001609818041260258e+00,-4.125124091515297020e-01
-8.042012900114059448e-02,1.164531558752059937e-01,4.698321223258972168e-03,7.346893846988677979e-02,-1.363872885704040527e+00,-7.387440204620361328e-01,9.028742313385009766e-01,-4.327444732189178467e-01,-1.668992536165656571e+00,-6.811608607265309256e-01,9.926210153344302567e-01,-4.066528996013747954e-01
-7.806957513093948364e-02,1.134165376424789429e-01,1.933276653289794922e-03,6.833851337432861328e-02,-1.308776140213012695e+00,-7.495022416114807129e-01,8.804560899734497070e-01,-4.227365255355834961e-01,-1.595881581885616018e+00,-6.856150067795335756e-01,9.839903257864083264e-01,-4.008290738077145421e-01
-7.576488703489303589e-02,1.105019301176071167e-01,-8.292272686958312988e-04,6.335026025772094727e-02,-1.255727291107177734e+00,-7.605228424072265625e-01,8.594149351119995117e-01,-4.137338399887084961e-01,-1.524752199401915975e+00,-6.913930064463209568e-01,9.756176311302624526e-01,-3.950399429301378329e-01
-7.350521534681320190e-02,1.077047437429428101e-01,-3.582891076803207397e-03,5.849590897560119629e-02,-1.204614877700805664e+00,-7.717624902725219727e-01,8.396406769752502441e-01,-4.056289792060852051e-01,-1.455550419177127131e+00,-6.983776763261033693e-01,9.673932950438457468e-01,-3.892844169225777584e-01
-7.129135727882385254e-02,1.050193458795547485e-01,-6.322983652353286743e-03,5.376870930194854736e-02,-1.155334472656250000e+00,-7.831907868385314941e-01,8.210347890853881836e-01,-3.983258008956909180e-01,-1.388223743172644742e+00,-7.064631008333314144e-01,9.592451209719391469e-01,-3.835617869827674387e-01
-6.912630796432495117e-02,1.024384647607803345e-01,-9.046409279108047485e-03,4.916386306285858154e-02,-1.107787251472473145e+00,-7.947898507118225098e-01,8.035078048706054688e-01,-3.917379379272460938e-01,-1.322722388292019380e+00,-7.155536520025769232e-01,9.511508488882268741e-01,-3.778718526885664342e-01
-6.701336801052093506e-02,9.995478391647338867e-02,-1.175043731927871704e-02,4.467743635177612305e-02,-1.061881542205810547e+00,-8.065434098243713379e-01,7.869772315025329590e-01,-3.857860863208770752e-01,-1.258997748510477521e+00,-7.255606869061589359e-01,9.431040392998507604e-01,-3.722145714958471907e-01
-6.495292484760284424e-02,9.756316244602203369e-02,-1.443182304501533508e-02,4.030409455299377441e-02,-1.017531275749206543e+00,-8.184269666671752930e-01,7.713649868965148926e-01,-3.803980946540832520e-01,-1.197001099950866454e+00,-7.363969931585375717e-01,9.350585657063849032e-01,-3.665894859522838001e-01
-6.294772028923034668e-02,9.525705873966217041e-02,-1.708841323852539062e-02,3.604049980640411377e-02,-9.746566414833068848e-01,-8.304262161254882812e-01,7.566009163856506348e-01,-3.755079507827758789e-01,-1.136686234493848202e+00,-7.479847045646302872e-01,9.270202257365787180e-01,-3.609966680765829827e-01
-6.099995225667953491e-02,9.303028881549835205e-02,-1.971835456788539886e-02,3.188391029834747314e-02,-9.331845045089721680e-01,-8.425253033638000488e-01,7.426210045814514160e-01,-3.710585534572601318e-01,-1.078008987749322189e+00,-7.602485152698971183e-01,9.189941732422449716e-01,-3.554361756829557684e-01
-5.911158770322799683e-02,9.087698161602020264e-02,-2.232005819678306580e-02,2.783179283142089844e-02,-8.930465579032897949e-01,-8.547098040580749512e-01,7.293667793273925781e-01,-3.669981658458709717e-01,-1.020925883675011248e+00,-7.731185234175455001e-01,9.109926343276207872e-01,-3.499081346765077205e-01
-5.728259682655334473e-02,8.879292011260986328e-02,-2.489118278026580811e-02,2.388045191764831543e-02,-8.541778326034545898e-01,-8.669574260711669922e-01,7.167804837226867676e-01,-3.632764816284179688e-01,-9.653939284321428893e-01,-7.865253671986643935e-01,9.029952359826833863e-01,-3.444123293730183555e-01
-5.551397055387496948e-02,8.677317202091217041e-02,-2.743029408156871796e-02,2.002768218517303467e-02,-8.165193796157836914e-01,-8.792513608932495117e-01,7.048122882843017578e-01,-3.598518073558807373e-01,-9.113721745187748358e-01,-8.004055546716857261e-01,8.950109668016271725e-01,-3.389488402556433688e-01
-5.380567163228988647e-02,8.481366932392120361e-02,-2.993576414883136749e-02,1.627059280872344971e-02,-7.800140380859375000e-01,-8.915730714797973633e-01,6.934135556221008301e-01,-3.566842675209045410e-01,-8.588200129161466245e-01,-8.146981286700201164e-01,8.870329325549837218e-01,-3.335175804188866833e-01
-5.215758085250854492e-02,8.291064202785491943e-02,-3.240605071187019348e-02,1.260663568973541260e-02,-7.446098327636718750e-01,-9.039037823677062988e-01,6.825400590896606445e-01,-3.537378609180450439e-01,-8.076983232545020819e-01,-8.293453863417010741e-01,8.790588749801948598e-01,-3.281185041090843857e-01
-5.056950449943542480e-02,8.106034994125366211e-02,-3.483986854553222656e-02,9.033575654029846191e-03,-7.102574110031127930e-01,-9.162256717681884766e-01,6.721507906913757324e-01,-3.509806692600250244e-01,-7.579687906127801078e-01,-8.442932786683741142e-01,8.710889628434234089e-01,-3.227515869917761959e-01
-4.904089123010635376e-02,7.925939559936523438e-02,-3.723607212305068970e-02,5.549088120460510254e-03,-6.769096851348876953e-01,-9.285212755203247070e-01,6.622073650360107422e-01,-3.483836352825164795e-01,-7.095941828828404851e-01,-8.594905795134020199e-01,8.631225174239417486e-01,-3.174167906045867737e-01
-4.757118225097656250e-02,7.750469446182250977e-02,-3.959362208843231201e-02,2.151191234588623047e-03,-6.445245146751403809e-01,-9.407740831375122070e-01,6.526755094528198242e-01,-3.459214270114898682e-01,-6.625381694084807593e-01,-8.748891083335857966e-01,8.551600971768076320e-01,-3.121140853838745288e-01
-4.615960270166397095e-02,7.579322159290313721e-02,-4.191157966852188110e-02,-1.162141561508178711e-03,-6.130599975585937500e-01,-9.529672265052795410e-01,6.435220837593078613e-01,-3.435703516006469727e-01,-6.167653426215514711e-01,-8.904436034236589137e-01,8.472038536825095001e-01,-3.068434541027132978e-01
-4.480537027120590210e-02,7.412222027778625488e-02,-4.418917000293731689e-02,-4.392668604850769043e-03,-5.824787616729736328e-01,-9.650856256484985352e-01,6.347175240516662598e-01,-3.413101434707641602e-01,-5.722413719806203058e-01,-9.061112539646721808e-01,8.392559475022930426e-01,-3.016048743087517692e-01
-4.350755363702774048e-02,7.248906791210174561e-02,-4.642570018768310547e-02,-7.542088627815246582e-03,-5.527446866035461426e-01,-9.771138429641723633e-01,6.262339949607849121e-01,-3.391223847866058350e-01,-5.289328700119780846e-01,-9.218517934581984541e-01,8.313197642083516303e-01,-2.963983319515514081e-01
-4.226499050855636597e-02,7.089142501354217529e-02,-4.862052574753761292e-02,-1.061218976974487305e-02,-5.238235592842102051e-01,-9.890370965003967285e-01,6.180456280708312988e-01,-3.369903266429901123e-01,-4.868072238694718390e-01,-9.376271969321732236e-01,8.233953395507046524e-01,-2.912237746187597009e-01
-4.107629507780075073e-02,6.932719051837921143e-02,-5.077303200960159302e-02,-1.360487937927246094e-02,-4.956822991371154785e-01,-1.000840544700622559e+00,6.101274490356445312e-01,-3.348983526229858398e-01,-4.458325658317152107e-01,-9.534015783060068028e-01,8.154787438474894179e-01,-2.860811052890547823e-01
-3.994047641754150391e-02,6.779420375823974609e-02,-5.288272351026535034e-02,-1.652151346206665039e-02,-4.682914018630981445e-01,-1.012510895729064941e+00,6.024576425552368164e-01,-3.328331112861633301e-01,-4.059783785900080710e-01,-9.691412873744981171e-01,8.075747058196615091e-01,-2.809703104356415237e-01
-3.885617107152938843e-02,6.629046797752380371e-02,-5.494928359985351562e-02,-1.936359703540802002e-02,-4.416218400001525879e-01,-1.024034857749938965e+00,5.950154662132263184e-01,-3.307832777500152588e-01,-3.672149222584202288e-01,-9.848145162007598818e-01,7.996846595907168842e-01,-2.758913387302176501e-01
-3.782212734222412109e-02,6.481422483921051025e-02,-5.697237327694892883e-02,-2.213259041309356689e-02,-4.156467318534851074e-01,-1.035400509834289551e+00,5.877816677093505859e-01,-3.287382125854492188e-01,-3.295131327671473320e-01,-1.000391585883471546e+00,7.918099850813394847e-01,-2.708441355306786535e-01
-3.683691471815109253e-02,6.336374580860137939e-02,-5.895186960697174072e-02,-2.483006566762924194e-02,-3.903390765190124512e-01,-1.046597003936767578e+00,5.807385444641113281e-01,-3.266887366771697998e-01,-2.928431565913988122e-01,-1.015846793511558044e+00,7.839512799541473731e-01,-2.658286444289375550e-01
-3.589918464422225952e-02,6.193742156028747559e-02,-6.088756397366523743e-02,-2.745730429887771606e-02,-3.656748533248901367e-01,-1.057612776756286621e+00,5.738694071769714355e-01,-3.246267437934875488e-01,-2.571783014377841958e-01,-1.031153106252570062e+00,7.761103223348282398e-01,-2.608448030782595795e-01
-3.500759601593017578e-02,6.053385138511657715e-02,-6.277929246425628662e-02,-3.001557290554046631e-02,-3.416317105293273926e-01,-1.068437576293945312e+00,5.671593546867370605e-01,-3.225451707839965820e-01,-2.224918906934147123e-01,-1.046286127353733164e+00,7.682885081771396729e-01,-2.558925465153609746e-01
-3.416080027818679810e-02,5.915144085884094238e-02,-6.462705880403518677e-02,-3.250607848167419434e-02,-3.181865811347961426e-01,-1.079061031341552734e+00,5.605936646461486816e-01,-3.204376399517059326e-01,-1.887580947264764497e-01,-1.061222901349103243e+00,7.604872642523002879e-01,-2.509718062824076168e-01
-3.335723280906677246e-02,5.778910219669342041e-02,-6.643091142177581787e-02,-3.493046760559082031e-02,-2.953177094459533691e-01,-1.089475750923156738e+00,5.541589260101318359e-01,-3.182983398437500000e-01,-1.559497689208729776e-01,-1.075944866299984204e+00,7.527045293964982342e-01,-2.460824865117187954e-01
-3.259558230638504028e-02,5.644546449184417725e-02,-6.819090992212295532e-02,-3.728979825973510742e-02,-2.730049490928649902e-01,-1.099672317504882812e+00,5.478428602218627930e-01,-3.161225914955139160e-01,-1.240427961692488479e-01,-1.090431706796738176e+00,7.449418217917018747e-01,-2.412245119587359266e-01
-3.187450766563415527e-02,5.511949956417083740e-02,-6.990708410739898682e-02,-3.958532959222793579e-02,-2.512297034263610840e-01,-1.109643459320068359e+00,5.416340827941894531e-01,-3.139058649539947510e-01,-9.301337490430981736e-02,-1.104664971647963068e+00,7.371998257613706640e-01,-2.363977980075593066e-01
-3.119255602359771729e-02,5.381000041961669922e-02,-7.157964259386062622e-02,-4.181818664073944092e-02,-2.299729138612747192e-01,-1.119381070137023926e+00,5.355217456817626953e-01,-3.116451501846313477e-01,-6.283830243422393325e-02,-1.118627595442125200e+00,7.294788529138279687e-01,-2.316022538051174529e-01
-3.054846078157424927e-02,5.251602828502655029e-02,-7.320882380008697510e-02,-4.398959875106811523e-02,-2.092174142599105835e-01,-1.128880023956298828e+00,5.294965505599975586e-01,-3.093372583389282227e-01,-3.349378890387793434e-02,-1.132305912556051508e+00,7.217799364380880212e-01,-2.268378005650678042e-01
-2.994082868099212646e-02,5.123661458492279053e-02,-7.479490339756011963e-02,-4.610075056552886963e-02,-1.889459043741226196e-01,-1.138134241104125977e+00,5.235489606857299805e-01,-3.069799542427062988e-01,-4.957213779163999190e-03,-1.145686587863694594e+00,7.141037473129303592e-01,-2.221043500389328906e-01
-2.936840057373046875e-02,4.997085034847259521e-02,-7.633812725543975830e-02,-4.815266281366348267e-02,-1.691427677869796753e-01,-1.147137999534606934e+00,5.176711082458496094e-01,-3.045711517333984375e-01,2.279247183502757304e-02,-1.158755763147817364e+00,7.064503457485268312e-01,-2.174017995786305946e-01
-2.882985770702362061e-02,4.871788620948791504e-02,-7.783875614404678345e-02,-5.014648288488388062e-02,-1.497922688722610474e-01,-1.155885815620422363e+00,5.118542909622192383e-01,-3.021089434623718262e-01,4.977615080404534237e-02,-1.171501404556564818e+00,6.988200485812197105e-01,-2.127300493667641512e-01
-2.832397073507308960e-02,4.747693240642547607e-02,-7.929719984531402588e-02,-5.208324640989303589e-02,-1.308799982070922852e-01,-1.164374113082885742e+00,5.060919523239135742e-01,-2.995922863483428955e-01,7.601462486696167198e-02,-1.183913436432146638e+00,6.912136255718992484e-01,-2.080890049411530662e-01
-2.784947305917739868e-02,4.624730348587036133e-02,-8.071392774581909180e-02,-5.396410822868347168e-02,-1.123916208744049072e-01,-1.172600030899047852e+00,5.003778934478759766e-01,-2.970210015773773193e-01,1.015288486886775088e-01,-1.195984140449155353e+00,6.836325007174467450e-01,-2.034785806518598084e-01
-2.740520238876342773e-02,4.502825438976287842e-02,-8.208922296762466431e-02,-5.579000711441040039e-02,-9.431377053260803223e-02,-1.180558919906616211e+00,4.947054088115692139e-01,-2.943935990333557129e-01,1.263375429015004270e-01,-1.207703625510182066e+00,6.760767007824517449e-01,-1.988986644323491315e-01
-2.698997408151626587e-02,4.381908476352691650e-02,-8.342355489730834961e-02,-5.756193399429321289e-02,-7.663333415985107422e-02,-1.188247799873352051e+00,4.890688061714172363e-01,-2.917103469371795654e-01,1.504594766544453399e-01,-1.219063958136310299e+00,6.685468166236994136e-01,-1.943491514803332709e-01
-2.660261839628219604e-02,4.261927306652069092e-02,-8.471730351448059082e-02,-5.928087234497070312e-02,-5.933856964111328125e-02,-1.195664048194885254e+00,4.834631085395812988e-01,-2.889709174633026123e-01,1.739129132463742011e-01,-1.230058068607640553e+00,6.610434355297238884e-01,-1.898299351243760147e-01
-2.624205499887466431e-02,4.142823815345764160e-02,-8.597105741500854492e-02,-6.094788014888763428e-02,-4.241716861724853516e-02,-1.202806949615478516e+00,4.778839647769927979e-01,-2.861758768558502197e-01,1.967167427248013023e-01,-1.240681855727896687e+00,6.535670617534514726e-01,-1.853409125563014181e-01
-2.590712159872055054e-02,4.024544358253479004e-02,-8.718519657850265503e-02,-6.256390362977981567e-02,-2.585759758949279785e-02,-1.209673285484313965e+00,4.723264276981353760e-01,-2.833251059055328369e-01,2.188879273389865987e-01,-1.250929263900387944e+00,6.461182957495736900e-01,-1.808819719018366079e-01
-2.559677511453628540e-02,3.907038271427154541e-02,-8.836028724908828735e-02,-6.412984430789947510e-02,-9.649068117141723633e-03,-1.216262340545654297e+00,4.667868912220001221e-01,-2.804198563098907471e-01,2.404434544421192033e-01,-1.260795908150863953e+00,6.386976971712137185e-01,-1.764530021033992313e-01
-2.531000971794128418e-02,3.790260851383209229e-02,-8.949678391218185425e-02,-6.564664840698242188e-02,6.218641996383666992e-03,-1.222573041915893555e+00,4.612616598606109619e-01,-2.774600982666015625e-01,2.613998513706420890e-01,-1.270278095027780108e+00,6.313058189111240281e-01,-1.720538904645216860e-01
-2.504576742649078369e-02,3.674173355102539062e-02,-9.059524536132812500e-02,-6.711527705192565918e-02,2.175587415695190430e-02,-1.228604793548583984e+00,4.557474255561828613e-01,-2.744472920894622803e-01,2.817733995563885818e-01,-1.279373211308968639e+00,6.239428309235529602e-01,-1.676845199301148226e-01
-2.480307221412658691e-02,3.558732569217681885e-02,-9.165619313716888428e-02,-6.853662431240081787e-02,3.697237372398376465e-02,-1.234356999397277832e+00,4.502410888671875000e-01,-2.713821232318878174e-01,3.015798046343111105e-01,-1.288078974028675328e+00,6.166091620030113019e-01,-1.633447739304703661e-01
-2.458096295595169067e-02,3.443907201290130615e-02,-9.268017858266830444e-02,-6.991162151098251343e-02,5.187726020812988281e-02,-1.239830136299133301e+00,4.447401762008666992e-01,-2.682657539844512939e-01,3.208343800915237076e-01,-1.296393751829218122e+00,6.093051806870269926e-01,-1.590345340856553491e-01
-2.437848970293998718e-02,3.329661488533020020e-02,-9.366773068904876709e-02,-7.124114781618118286e-02,6.647968292236328125e-02,-1.245024085044860840e+00,4.392418861389160156e-01,-2.650992572307586670e-01,3.395520833752357359e-01,-1.304316586819503021e+00,6.020311521643474384e-01,-1.547536799607044933e-01
-2.419476583600044250e-02,3.215968608856201172e-02,-9.461940079927444458e-02,-7.252608239650726318e-02,8.078789710998535156e-02,-1.249939441680908203e+00,4.337443709373474121e-01,-2.618838846683502197e-01,3.577472974411244344e-01,-1.311846717273747576e+00,5.947874822310253995e-01,-1.505020903199325577e-01
-2.402885258197784424e-02,3.102795779705047607e-02,-9.553577750921249390e-02,-7.376727461814880371e-02,9.481057524681091309e-02,-1.254576683044433594e+00,4.282454252243041992e-01,-2.586214542388916016e-01,3.754340216318567958e-01,-1.318983882855916834e+00,5.875745419962266070e-01,-1.462796424262375328e-01
-2.387996762990951538e-02,2.990125119686126709e-02,-9.641738235950469971e-02,-7.496559619903564453e-02,1.085551679134368896e-01,-1.258937358856201172e+00,4.227434694766998291e-01,-2.553127110004425049e-01,3.926260889902979390e-01,-1.325728703021915589e+00,5.803924668051152480e-01,-1.420862112287883949e-01
-2.374717965722084045e-02,2.877928316593170166e-02,-9.726480394601821899e-02,-7.612190395593643188e-02,1.220298260450363159e-01,-1.263021945953369141e+00,4.172368049621582031e-01,-2.519596517086029053e-01,4.093368777681840598e-01,-1.332082074134456118e+00,5.732414465228314882e-01,-1.379216706779211321e-01
-2.362976223230361938e-02,2.766190469264984131e-02,-9.807855635881423950e-02,-7.723704725503921509e-02,1.352415233850479126e-01,-1.266832351684570312e+00,4.117240011692047119e-01,-2.485630810260772705e-01,4.255793758217553124e-01,-1.338045248406707799e+00,5.661217450726538924e-01,-1.337858942983645716e-01
-2.352688834071159363e-02,2.654892206192016602e-02,-9.885925054550170898e-02,-7.831179350614547729e-02,1.481971442699432373e-01,-1.270370244979858398e+00,4.062043428421020508e-01,-2.451252341270446777e-01,4.413661255195693300e-01,-1.343619680867614852e+00,5.590338747224066207e-01,-1.296787566634762801e-01
-2.343776449561119080e-02,2.544017136096954346e-02,-9.960740804672241211e-02,-7.934699207544326782e-02,1.609037369489669800e-01,-1.273636460304260254e+00,4.006762504577636719e-01,-2.416474819183349609e-01,4.567094868341967651e-01,-1.348807488186742676e+00,5.519779350523684736e-01,-1.256001281085277199e-01
-2.336163446307182312e-02,2.433547377586364746e-02,-1.003236621618270874e-01,-8.034344762563705444e-02,1.733680963516235352e-01,-1.276633739471435547e+00,3.951390385627746582e-01,-2.381315231323242188e-01,4.716214316261720940e-01,-1.353611018941414113e+00,5.449541825580163090e-01,-1.215498794045750536e-01
-2.329787239432334900e-02,2.323479950428009033e-02,-1.010084599256515503e-01,-8.130192756652832031e-02,1.855956614017486572e-01,-1.279363870620727539e+00,3.895922303199768066e-01,-2.345785200595855713e-01,4.861136098958401264e-01,-1.358032939100219272e+00,5.379628762819267385e-01,-1.175278805488557676e-01
-2.324566245079040527e-02,2.213796228170394897e-02,-1.016624346375465393e-01,-8.222319930791854858e-02,1.975930929183959961e-01,-1.281828641891479492e+00,3.840350508689880371e-01,-2.309907972812652588e-01,5.001972819306967910e-01,-1.362076050944879935e+00,5.310041627557231525e-01,-1.135339991351643624e-01
-2.320436388254165649e-02,2.104493975639343262e-02,-1.022861152887344360e-01,-8.310804516077041626e-02,2.093657702207565308e-01,-1.284031033515930176e+00,3.784672021865844727e-01,-2.273696959018707275e-01,5.138834923393063026e-01,-1.365743614859111554e+00,5.240783289865312833e-01,-1.095681040707078280e-01
-2.317332476377487183e-02,1.995559036731719971e-02,-1.028800383210182190e-01,-8.395721018314361572e-02,2.209196835756301880e-01,-1.285972833633422852e+00,3.728879690170288086e-01,-2.237168252468109131e-01,5.271829575745308194e-01,-1.369039081128987645e+00,5.171856195337716233e-01,-1.056300629606242852e-01
-2.315187454223632812e-02,1.886992901563644409e-02,-1.034447699785232544e-01,-8.477145433425903320e-02,2.322598546743392944e-01,-1.287656784057617188e+00,3.672976195812225342e-01,-2.200339138507843018e-01,5.401061060110878831e-01,-1.371966137383796802e+00,5.103262856859387409e-01,-1.017197428641549994e-01
-2.313940599560737610e-02,1.778789609670639038e-02,-1.039808392524719238e-01,-8.555150032043457031e-02,2.433913946151733398e-01,-1.289085626602172852e+00,3.616959154605865479e-01,-2.163228690624237061e-01,5.526630610898424223e-01,-1.374528647080619947e+00,5.035003344452827490e-01,-9.783700754512651698e-02
-2.313533425331115723e-02,1.670943200588226318e-02,-1.044887453317642212e-01,-8.629804849624633789e-02,2.543193697929382324e-01,-1.290261745452880859e+00,3.560824990272521973e-01,-2.125849723815917969e-01,5.648636912017258593e-01,-1.376730708689145599e+00,4.967079267451853797e-01,-9.398172196075602058e-02
-2.313900366425514221e-02,1.563457399606704712e-02,-1.049690172076225281e-01,-8.701185137033462524e-02,2.650485038757324219e-01,-1.291187882423400879e+00,3.504576086997985840e-01,-2.088218629360198975e-01,5.767176047051493226e-01,-1.378576618804044474e+00,4.899492420729381625e-01,-9.015375080139644004e-02
-2.314991503953933716e-02,1.456328481435775757e-02,-1.054222211241722107e-01,-8.769360929727554321e-02,2.755833864212036133e-01,-1.291867256164550781e+00,3.448214828968048096e-01,-2.050354182720184326e-01,5.882341502860864990e-01,-1.380070845584616457e+00,4.832243950097852014e-01,-8.635295760908905105e-02
-2.316746488213539124e-02,1.349559426307678223e-02,-1.058488711714744568e-01,-8.834401518106460571e-02,2.859285473823547363e-01,-1.292302966117858887e+00,3.391744494438171387e-01,-2.012273967266082764e-01,5.994224303763797668e-01,-1.381218027047049768e+00,4.765334788508975294e-01,-8.257920531296025768e-02
-2.319113910198211670e-02,1.243150979280471802e-02,-1.062494218349456787e-01,-8.896371722221374512e-02,2.960879206657409668e-01,-1.292497277259826660e+00,3.335164487361907959e-01,-1.973991692066192627e-01,6.102913099534904573e-01,-1.382022962393655963e+00,4.698765643289361527e-01,-7.883235626404563878e-02
-2.322041988372802734e-02,1.137106865644454956e-02,-1.066244393587112427e-01,-8.955346047878265381e-02,3.060660362243652344e-01,-1.292454123497009277e+00,3.278480768203735352e-01,-1.935522854328155518e-01,6.208494253367653481e-01,-1.382490604618457963e+00,4.632536983378333639e-01,-7.511227227012824692e-02
-2.325479686260223389e-02,1.031430810689926147e-02,-1.069743782281875610e-01,-9.011387825012207031e-02,3.158665895462036133e-01,-1.292176008224487305e+00,3.221696019172668457e-01,-1.896883845329284668e-01,6.311051929801173577e-01,-1.382626054367128043e+00,4.566649026563451286e-01,-7.141881463057586643e-02
-2.329374477267265320e-02,9.261280298233032227e-03,-1.072997599840164185e-01,-9.064565598964691162e-02,3.254935145378112793e-01,-1.291666269302368164e+00,3.164814114570617676e-01,-1.858091056346893311e-01,6.410667257531704744e-01,-1.382434324026089234e+00,4.501103642977777319e-01,-6.775184563356129175e-02
-2.333683520555496216e-02,8.211992681026458740e-03,-1.076010316610336304e-01,-9.114932268857955933e-02,3.349503278732299805e-01,-1.290927648544311523e+00,3.107841908931732178e-01,-1.819159686565399170e-01,6.507416885893798630e-01,-1.381919941893572590e+00,4.435907515751736918e-01,-6.411123101270288505e-02
-2.338363230228424072e-02,7.166579365730285645e-03,-1.078786849975585938e-01,-9.162557125091552734e-02,3.442402184009552002e-01,-1.289963960647583008e+00,3.050786256790161133e-01,-1.780107319355010986e-01,6.601380191321691848e-01,-1.381088730528526431e+00,4.371057381856350288e-01,-6.049682872816180418e-02
-2.343364059925079346e-02,6.125032901763916016e-03,-1.081332117319107056e-01,-9.207502752542495728e-02,3.533671200275421143e-01,-1.288778066635131836e+00,2.993650138378143311e-01,-1.740945577621459961e-01,6.692632515550855921e-01,-1.379946099451141217e+00,4.306554207377660815e-01,-5.690849982909970683e-02
-2.348645776510238647e-02,5.087494850158691406e-03,-1.083650812506675720e-01,-9.249833971261978149e-02,3.623340427875518799e-01,-1.287373900413513184e+00,2.936443984508514404e-01,-1.701693236827850342e-01,6.781247293237161466e-01,-1.378497550011831274e+00,4.242398949762111737e-01,-5.334610526420389964e-02
-2.354165911674499512e-02,4.054024815559387207e-03,-1.085747256875038147e-01,-9.289608895778656006e-02,3.711441159248352051e-01,-1.285754203796386719e+00,2.879170477390289307e-01,-1.662361323833465576e-01,6.867296129296264207e-01,-1.376748672608830271e+00,4.178592566639060535e-01,-4.980950593299245804e-02
-2.359882742166519165e-02,3.024697303771972656e-03,-1.087626293301582336e-01,-9.326889365911483765e-02,3.798006772994995117e-01,-1.283922433853149414e+00,2.821839153766632080e-01,-1.622967123985290527e-01,6.950848876205563132e-01,-1.374705144932716339e+00,4.115136024642948032e-01,-4.629856273712375236e-02
-2.365760505199432373e-02,1.999594271183013916e-03,-1.089292764663696289e-01,-9.361734241247177124e-02,3.883065879344940186e-01,-1.281882762908935547e+00,2.764458060264587402e-01,-1.583524346351623535e-01,7.031973711267102134e-01,-1.372372731220214082e+00,4.052030308235917144e-01,-4.281313663170351058e-02
-2.371761202812194824e-02,9.788274765014648438e-04,-1.090750545263290405e-01,-9.394203126430511475e-02,3.966646492481231689e-01,-1.279637932777404785e+00,2.707032263278961182e-01,-1.544043719768524170e-01,7.110737213830896630e-01,-1.369757282495729367e+00,3.989276428529877072e-01,-3.935308867658677406e-02
-2.377845346927642822e-02,-3.750622272491455078e-05,-1.092003658413887024e-01,-9.424345940351486206e-02,4.048773944377899170e-01,-1.277190804481506348e+00,2.649571895599365234e-01,-1.504541933536529541e-01,7.187196858964918222e-01,-1.366862921231480898e+00,3.926868278444081151e-01,-3.591826792534348611e-02
-2.383986860513687134e-02,-1.049347221851348877e-03,-1.093056499958038330e-01,-9.452221542596817017e-02,4.129477441310882568e-01,-1.274545431137084961e+00,2.592080235481262207e-01,-1.465026438236236572e-01,7.261415988131180166e-01,-1.363695579958920989e+00,3.864806688562421599e-01,-3.250853535871436190e-02
-2.390143275260925293e-02,-2.056553959846496582e-03,-1.093912944197654724e-01,-9.477888047695159912e-02,4.208782017230987549e-01,-1.271704554557800293e+00,2.534566223621368408e-01,-1.425513029098510742e-01,7.333457641373866132e-01,-1.360261541386626805e+00,3.803093547430914101e-01,-2.912375392451202819e-02
-2.396284416317939758e-02,-3.059066832065582275e-03,-1.094577759504318237e-01,-9.501398354768753052e-02,4.286715388298034668e-01,-1.268671989440917969e+00,2.477038502693176270e-01,-1.386015415191650391e-01,7.403381063797956907e-01,-1.356566579848874632e+00,3.741728441648021763e-01,-2.576378286155101352e-02
-2.402379363775253296e-02,-4.056721925735473633e-03,-1.095055267214775085e-01,-9.522813558578491211e-02,4.363300800323486328e-01,-1.265452027320861816e+00,2.419508397579193115e-01,-1.346545219421386719e-01,7.471244060351237559e-01,-1.352616507334762019e+00,3.680710813004917648e-01,-2.242848140343541019e-02
-2.408401481807231903e-02,-5.049455910921096802e-03,-1.095348745584487915e-01,-9.542179107666015625e-02,4.438560009002685547e-01,-1.262046933174133301e+00,2.361980378627777100e-01,-1.307111382484436035e-01,7.537103059651770742e-01,-1.348417174669912955e+00,3.620039954789270875e-01,-1.911770880857651192e-02
-2.414318732917308807e-02,-6.037086248397827148e-03,-1.095463261008262634e-01,-9.559551626443862915e-02,4.512514770030975342e-01,-1.258461833000183105e+00,2.304470837116241455e-01,-1.267733275890350342e-01,7.601013177780319152e-01,-1.343974473482649090e+00,3.559715008089470722e-01,-1.583132439022362503e-02
-2.420105412602424622e-02,-7.019605487585067749e-03,-1.095402240753173828e-01,-9.574984759092330933e-02,4.585193991661071777e-01,-1.254699110984802246e+00,2.246977984905242920e-01,-1.228413879871368408e-01,7.663028282036735694e-01,-1.339294338939109652e+00,3.499734958098522086e-01,-1.256918754648375658e-02
-2.425735816359519958e-02,-7.996834814548492432e-03,-1.095169484615325928e-01,-9.588526189327239990e-02,4.656613469123840332e-01,-1.250762581825256348e+00,2.189517617225646973e-01,-1.189168095588684082e-01,7.723198590271213027e-01,-1.334382092378194162e+00,3.440100407417215900e-01,-9.331158172623888261e-03
-2.431180700659751892e-02,-8.968725800514221191e-03,-1.094767227768898010e-01,-9.600205719470977783e-02,4.726789295673370361e-01,-1.246653437614440918e+00,2.132092118263244629e-01,-1.150005459785461426e-01,7.781563429375879526e-01,-1.329240460318327877e+00,3.380818841349144677e-01,-6.117097824598296055e-03
-2.436416596174240112e-02,-9.935133159160614014e-03,-1.094200462102890015e-01,-9.610082209110260010e-02,4.795743823051452637e-01,-1.242376565933227539e+00,2.074714303016662598e-01,-1.110940277576446533e-01,7.838179783953060920e-01,-1.323877229282840906e+00,3.321884083881500027e-01,-2.926865330302778033e-03
-2.441425807774066925e-02,-1.089596375823020935e-02,-1.093472391366958618e-01,-9.618207067251205444e-02,4.863498508930206299e-01,-1.237935423851013184e+00,2.017389833927154541e-01,-1.071975231170654297e-01,7.893095213203228377e-01,-1.318297988151053701e+00,3.263295867819368534e-01,2.396789695538478022e-04
-2.446176484227180481e-02,-1.185112074017524719e-02,-1.092587187886238098e-01,-9.624625742435455322e-02,4.930074214935302734e-01,-1.233333110809326172e+00,1.960128843784332275e-01,-1.033128499984741211e-01,7.946356099476217238e-01,-1.312508316921974894e+00,3.205053929821569114e-01,3.382674460943585829e-03
-2.450653165578842163e-02,-1.280045136809349060e-02,-1.091548502445220947e-01,-9.629386663436889648e-02,4.995486140251159668e-01,-1.228573799133300781e+00,1.902942955493927002e-01,-9.944066405296325684e-02,7.998007698495988027e-01,-1.306513788666260334e+00,3.147158016392850866e-01,6.502260224408013163e-03
-2.454836107790470123e-02,-1.374386623501777649e-02,-1.090359315276145935e-01,-9.632533788681030273e-02,5.059753060340881348e-01,-1.223660349845886230e+00,1.845836341381072998e-01,-9.558174014091491699e-02,8.048094189555083933e-01,-1.300319972074630792e+00,3.089607889876548885e-01,9.598575002957689464e-03
-2.458702959120273590e-02,-1.468129456043243408e-02,-1.089023202657699585e-01,-9.634111821651458740e-02,5.122894644737243652e-01,-1.218595981597900391e+00,1.788817048072814941e-01,-9.173676371574401855e-02,8.096658725678699264e-01,-1.293932434588638047e+00,3.032403334446892029e-01,1.267175716995735252e-02
-2.462241984903812408e-02,-1.561257243156433105e-02,-1.087544262409210205e-01,-9.634165465831756592e-02,5.184924602508544922e-01,-1.213385105133056641e+00,1.731900572776794434e-01,-8.790737390518188477e-02,8.143743483758099089e-01,-1.287356746103669902e+00,2.975544162101208534e-01,1.572194469702025213e-02
-2.465426363050937653e-02,-1.653767935931682587e-02,-1.085924357175827026e-01,-9.632726758718490601e-02,5.245861411094665527e-01,-1.208028793334960938e+00,1.675085425376892090e-01,-8.409377932548522949e-02,8.189381479779597184e-01,-1.280596080526508418e+00,2.919027585920128676e-01,1.874928281858053228e-02
-2.468240447342395782e-02,-1.745649985969066620e-02,-1.084166169166564941e-01,-9.629835188388824463e-02,5.305717587471008301e-01,-1.202529788017272949e+00,1.618378162384033203e-01,-8.029651641845703125e-02,8.233611858876089817e-01,-1.273655635182006529e+00,2.862853097462447760e-01,2.175390975844565186e-02
-2.470676042139530182e-02,-1.836895383894443512e-02,-1.082274243235588074e-01,-9.625539183616638184e-02,5.364512205123901367e-01,-1.196893215179443359e+00,1.561791002750396729e-01,-7.651686668395996094e-02,8.276476029709017856e-01,-1.266541527679182710e+00,2.807021221849257953e-01,2.473596035467576226e-02
-2.472713403403759003e-02,-1.927486620843410492e-02,-1.080251261591911316e-01,-9.619875252246856689e-02,5.422256588935852051e-01,-1.191121816635131836e+00,1.505335271358489990e-01,-7.275560498237609863e-02,8.318011087126861991e-01,-1.259258862643293453e+00,2.751531404802804448e-01,2.769557222213446523e-02
-2.474335767328739166e-02,-2.017423696815967560e-02,-1.078100427985191345e-01,-9.612885117530822754e-02,5.478971600532531738e-01,-1.185218214988708496e+00,1.449013948440551758e-01,-6.901326775550842285e-02,8.358253201874223937e-01,-1.251812707318290308e+00,2.696383086220056624e-01,3.063288259935417063e-02
-2.475534379482269287e-02,-2.106691524386405945e-02,-1.075825020670890808e-01,-9.604606777429580688e-02,5.534666776657104492e-01,-1.179186463356018066e+00,1.392837464809417725e-01,-6.529080867767333984e-02,8.397237660556103878e-01,-1.244208094432492917e+00,2.641575702938604997e-01,3.354802832586821493e-02
-2.476297318935394287e-02,-2.195284143090248108e-02,-1.073427423834800720e-01,-9.595078229904174805e-02,5.589359402656555176e-01,-1.173029184341430664e+00,1.336810588836669922e-01,-6.158840656280517578e-02,8.434998905576991390e-01,-1.236450025510585915e+00,2.587108691504042546e-01,3.644114581952061921e-02
-2.476608008146286011e-02,-2.283192425966262817e-02,-1.070911437273025513e-01,-9.584335237741470337e-02,5.643061995506286621e-01,-1.166749715805053711e+00,1.280944943428039551e-01,-5.790737271308898926e-02,8.471570575054264696e-01,-1.228543474621947240e+00,2.532981490935746760e-01,3.931237105379667418e-02
-2.476460114121437073e-02,-2.370408549904823303e-02,-1.068279445171356201e-01,-9.572418034076690674e-02,5.695790052413940430e-01,-1.160351157188415527e+00,1.225244402885437012e-01,-5.424791574478149414e-02,8.506984563184191162e-01,-1.220493093041370436e+00,2.479193098947154450e-01,4.216184059005892437e-02
-2.475840598344802856e-02,-2.456929348409175873e-02,-1.065533012151718140e-01,-9.559345245361328125e-02,5.747554302215576172e-01,-1.153834819793701172e+00,1.169710159301757812e-01,-5.061024427413940430e-02,8.541265124474396453e-01,-1.212301386260998148e+00,2.425739368231807358e-01,4.498969794858759252e-02
-2.474741823971271515e-02,-2.542743831872940063e-02,-1.062676012516021729e-01,-9.545161575078964233e-02,5.798367261886596680e-01,-1.147204875946044922e+00,1.114355325698852539e-01,-4.699552059173583984e-02,8.574447911994200755e-01,-1.203974532457779079e+00,2.372621670435218766e-01,4.779607312488026033e-02
-2.473151311278343201e-02,-2.627843059599399567e-02,-1.059710755944252014e-01,-9.529904276132583618e-02,5.848244428634643555e-01,-1.140464067459106445e+00,1.059184670448303223e-01,-4.340371489524841309e-02,8.606562657300330654e-01,-1.195517089427033719e+00,2.319838985276310439e-01,5.058110126198645667e-02
-2.471064962446689606e-02,-2.712224237620830536e-02,-1.056640371680259705e-01,-9.513602405786514282e-02,5.897197723388671875e-01,-1.133615612983703613e+00,1.004205048084259033e-01,-3.983578085899353027e-02,8.637638353790068058e-01,-1.186933566454248856e+00,2.267390247887448862e-01,5.334491708905718388e-02
-2.468473836779594421e-02,-2.795875817537307739e-02,-1.053467616438865662e-01,-9.496289491653442383e-02,5.945238471031188965e-01,-1.126662731170654297e+00,9.494256973266601562e-02,-3.629237413406372070e-02,8.667703289572883385e-01,-1.178228427682348700e+00,2.215274348407568206e-01,5.608765490617547561e-02
-2.465371415019035339e-02,-2.878797054290771484e-02,-1.050194650888442993e-01,-9.477998316287994385e-02,5.992381572723388672e-01,-1.119607686996459961e+00,8.948478102684020996e-02,-3.277343511581420898e-02,8.696785080320793559e-01,-1.169406095823776193e+00,2.163490131575184217e-01,5.880944856916103802e-02
-2.461748570203781128e-02,-2.960978075861930847e-02,-1.046824306249618530e-01,-9.458760917186737061e-02,6.038637161254882812e-01,-1.112453699111938477e+00,8.404800295829772949e-02,-2.927979826927185059e-02,8.724910702097291582e-01,-1.160470956209998850e+00,2.112036396321634868e-01,6.151043147440182768e-02
-2.457606792449951172e-02,-3.042412735521793365e-02,-1.043359413743019104e-01,-9.438608586788177490e-02,6.084017753601074219e-01,-1.105204105377197266e+00,7.863312959671020508e-02,-2.581176161766052246e-02,8.752106524165507162e-01,-1.151427361171608155e+00,2.060911895364319624e-01,6.419073654367037085e-02
-2.452933415770530701e-02,-3.123101964592933655e-02,-1.039801463484764099e-01,-9.417565166950225830e-02,6.128535270690917969e-01,-1.097860217094421387e+00,7.323992252349853516e-02,-2.236947417259216309e-02,8.778394174880903567e-01,-1.142278305438419794e+00,2.010116142377899318e-01,6.685049786184932286e-02
-2.447727322578430176e-02,-3.203036636114120483e-02,-1.036152467131614685e-01,-9.395655989646911621e-02,6.172196865081787109e-01,-1.090424537658691406e+00,6.786924600601196289e-02,-1.895335316658020020e-02,8.803797477725670007e-01,-1.133027618088447541e+00,1.959648073952021952e-01,6.948984792394849452e-02
-2.441984228789806366e-02,-3.282213583588600159e-02,-1.032416149973869324e-01,-9.372914582490921021e-02,6.215018033981323242e-01,-1.082901239395141602e+00,6.252181529998779297e-02,-1.556417346000671387e-02,8.828342534561326449e-01,-1.123679999371128835e+00,1.909506039122042531e-01,7.210891759933120426e-02
-2.435702830553054810e-02,-3.360625356435775757e-02,-1.028593927621841431e-01,-9.349372982978820801e-02,6.257008314132690430e-01,-1.075292348861694336e+00,5.719792842864990234e-02,-1.220163702964782715e-02,8.852052673877759403e-01,-1.114239402873512974e+00,1.859688784400763961e-01,7.470783813347524338e-02
-2.428874559700489044e-02,-3.438270092010498047e-02,-1.024688780307769775e-01,-9.325052797794342041e-02,6.298179626464843750e-01,-1.067600488662719727e+00,5.189844965934753418e-02,-8.866816759109497070e-03,8.874950669490651034e-01,-1.104709735855538444e+00,1.810195029761908492e-01,7.728674026577274370e-02
-2.421503141522407532e-02,-3.515148535370826721e-02,-1.020702570676803589e-01,-9.299985319375991821e-02,6.338545083999633789e-01,-1.059828400611877441e+00,4.662328958511352539e-02,-5.559206008911132812e-03,8.897058767581719207e-01,-1.095094863112021422e+00,1.761023469337279768e-01,7.984575421660716765e-02
-2.413587272167205811e-02,-3.591248393058776855e-02,-1.016637608408927917e-01,-9.274196624755859375e-02,6.378110647201538086e-01,-1.051978826522827148e+00,4.137337207794189453e-02,-2.279311418533325195e-03,8.918398713721426008e-01,-1.085398611094270827e+00,1.712172772114173291e-01,8.238500967443114498e-02
-2.405123040080070496e-02,-3.666572272777557373e-02,-1.012496650218963623e-01,-9.247711300849914551e-02,6.416890621185302734e-01,-1.044054865837097168e+00,3.614923357963562012e-02,9.722113609313964844e-04,8.938991779874094767e-01,-1.075624772286144726e+00,1.663641582633226534e-01,8.490463578285215029e-02
-2.396111004054546356e-02,-3.741115331649780273e-02,-1.008281335234642029e-01,-9.220559895038604736e-02,6.454895734786987305e-01,-1.036058664321899414e+00,3.095102310180664062e-02,4.195660352706909180e-03,8.958858364967710042e-01,-1.065776969131906116e+00,1.615428618746473921e-01,8.740476128044388782e-02
-2.386543899774551392e-02,-3.814880549907684326e-02,-1.003992930054664612e-01,-9.192743897438049316e-02,6.492129564285278320e-01,-1.027990698814392090e+00,2.577894926071166992e-02,7.390409708023071289e-03,8.978011768053494324e-01,-1.055856586759093441e+00,1.567534095992333398e-01,8.988551672817621241e-02
-2.376430295407772064e-02,-3.887858241796493530e-02,-9.996341168880462646e-02,-9.164307266473770142e-02,6.528606414794921875e-01,-1.019855380058288574e+00,2.063372731208801270e-02,1.055654883384704590e-02,8.996475702476826042e-01,-1.045868549781229229e+00,1.519955747822835102e-01,9.234702823269000382e-02
-2.365769073367118835e-02,-3.960053995251655579e-02,-9.952072799205780029e-02,-9.135267138481140137e-02,6.564339399337768555e-01,-1.011654853820800781e+00,1.551559567451477051e-02,1.369395852088928223e-02,9.014268920045396261e-01,-1.035816253679231913e+00,1.472692332096865453e-01,9.478942295021806907e-02
-2.354555204510688782e-02,-4.031460359692573547e-02,-9.907138347625732422e-02,-9.105646610260009766e-02,6.599333286285400391e-01,-1.003391146659851074e+00,1.042491197586059570e-02,1.680228114128112793e-02,9.031409723753218710e-01,-1.025703045270560665e+00,1.425742610833100610e-01,9.721282746707032851e-02
-2.342796325683593750e-02,-4.102077335119247437e-02,-9.861563146114349365e-02,-9.075468778610229492e-02,6.633599996566772461e-01,-9.950669407844543457e-01,5.362272262573242188e-03,1.988124847412109375e-02,9.047915988966966916e-01,-1.015532226092560997e+00,1.379105352220000857e-01,9.961736778877587628e-02
-2.330493181943893433e-02,-4.171906039118766785e-02,-9.815368801355361938e-02,-9.044758975505828857e-02,6.667151451110839844e-01,-9.866851568222045898e-01,3.279149532318115234e-04,2.293092012405395508e-02,9.063805184598153764e-01,-1.005307055981259134e+00,1.332779332627040680e-01,1.020031693292358516e-01
-2.317644469439983368e-02,-4.240942373871803284e-02,-9.768570959568023682e-02,-9.013534337282180786e-02,6.699994206428527832e-01,-9.782474040985107422e-01,-4.677802324295043945e-03,2.595117688179016113e-02,9.079094394261841838e-01,-9.950307568411174142e-01,1.286763338615036223e-01,1.043703568998623904e-01
-2.304259315133094788e-02,-4.309189692139625549e-02,-9.721186757087707520e-02,-8.981820195913314819e-02,6.732140183448791504e-01,-9.697562456130981445e-01,-9.654819965362548828e-03,2.894234657287597656e-02,9.093800337421651392e-01,-9.847065166006728765e-01,1.241056168946817612e-01,1.067190546987325656e-01
-2.290333248674869537e-02,-4.376647248864173889e-02,-9.673237800598144531e-02,-8.949626982212066650e-02,6.763596534729003906e-01,-9.612134695053100586e-01,-1.460254192352294922e-02,3.190332651138305664e-02,9.107936162526125701e-01,-9.743363902063175708e-01,1.195655895989519990e-01,1.090493889894653262e-01
-2.275870740413665771e-02,-4.443314671516418457e-02,-9.624732285737991333e-02,-8.916979283094406128e-02,6.794372797012329102e-01,-9.526207447052001953e-01,-1.952117681503295898e-02,3.483530879020690918e-02,9.121516050708733392e-01,-9.639228588326527181e-01,1.150560918862611193e-01,1.113614842728558318e-01
-2.260871231555938721e-02,-4.509191960096359253e-02,-9.575694054365158081e-02,-8.883893489837646484e-02,6.824477910995483398e-01,-9.439804553985595703e-01,-2.441021800041198730e-02,3.773716092109680176e-02,9.134557199391697413e-01,-9.534695155541238476e-01,1.105770415951107949e-01,1.136554616398796624e-01
-2.245347946882247925e-02,-4.574279859662055969e-02,-9.526146203279495239e-02,-8.850390464067459106e-02,6.853919029235839844e-01,-9.352958202362060547e-01,-2.926899492740631104e-02,4.060932993888854980e-02,9.147074266203384374e-01,-9.429791639200453268e-01,1.061283067326092566e-01,1.159314434080608580e-01
-2.229298837482929230e-02,-4.638580605387687683e-02,-9.476099163293838501e-02,-8.816491812467575073e-02,6.882711648941040039e-01,-9.265680313110351562e-01,-3.409789502620697021e-02,4.345190525054931641e-02,9.159081552955867789e-01,-9.324545594215308819e-01,1.017097552936972876e-01,1.181895513085759464e-01
-2.212728373706340790e-02,-4.702093452215194702e-02,-9.425572305917739868e-02,-8.782211691141128540e-02,6.910858154296875000e-01,-9.177993535995483398e-01,-3.889642655849456787e-02,4.626464843750000000e-02,9.170593021779833709e-01,-9.218984123735652902e-01,9.732125534804512978e-02,1.204299064795558288e-01
-2.195641398429870605e-02,-4.764819517731666565e-02,-9.374582767486572266e-02,-8.747570216655731201e-02,6.938370466232299805e-01,-9.089921712875366211e-01,-4.366424679756164551e-02,4.904758930206298828e-02,9.181622311249141299e-01,-9.113133909379594888e-01,9.296267512690421786e-02,1.226526294593725946e-01
-2.178042195737361908e-02,-4.826763272285461426e-02,-9.323146939277648926e-02,-8.712583780288696289e-02,6.965258121490478516e-01,-9.001479148864746094e-01,-4.840141534805297852e-02,5.180090665817260742e-02,9.192182752494639786e-01,-9.007021242853364695e-01,8.863388311005034048e-02,1.248578401799328025e-01
-2.159938216209411621e-02,-4.887922108173370361e-02,-9.271284937858581543e-02,-8.677268773317337036e-02,6.991527080535888672e-01,-8.912694454193115234e-01,-5.310732126235961914e-02,5.452421307563781738e-02,9.202287354283298360e-01,-8.900671948615892504e-01,8.433474721911195238e-02,1.270456579876044767e-01
-2.141328528523445129e-02,-4.948304593563079834e-02,-9.218998998403549194e-02,-8.641635626554489136e-02,7.017186880111694336e-01,-8.823570013046264648e-01,-5.778256058692932129e-02,5.721813440322875977e-02,9.211944316528822840e-01,-8.794095368052908812e-01,8.006500521814538529e-02,1.292162056471928555e-01
-2.122223004698753357e-02,-5.007907375693321228e-02,-9.166309982538223267e-02,-8.605704456567764282e-02,7.042245864868164062e-01,-8.734133243560791016e-01,-6.242662668228149414e-02,5.988249182701110840e-02,9.221168483781914116e-01,-8.687325060336050786e-01,7.582459419637219145e-02,1.313695991483257719e-01
-2.102624997496604919e-02,-5.066734552383422852e-02,-9.113239496946334839e-02,-8.569490164518356323e-02,7.066712379455566406e-01,-8.644406795501708984e-01,-6.703907251358032227e-02,6.251710653305053711e-02,9.229971587941364630e-01,-8.580384140465735499e-01,7.161336919847480220e-02,1.335059564030757207e-01
-2.082541026175022125e-02,-5.124792084097862244e-02,-9.059795737266540527e-02,-8.533006906509399414e-02,7.090595960617065430e-01,-8.554401397705078125e-01,-7.162022590637207031e-02,6.512239575386047363e-02,9.238365068469037711e-01,-8.473295258424007326e-01,6.743118406187310898e-02,1.356253947419791828e-01
-2.061977609992027283e-02,-5.182075500488281250e-02,-9.005996584892272949e-02,-8.496272563934326172e-02,7.113902568817138672e-01,-8.464143276214599609e-01,-7.616961002349853516e-02,6.769812107086181641e-02,9.246360085032131471e-01,-8.366080623636898972e-01,6.327789140455750139e-02,1.377280309103726119e-01
-2.040937915444374084e-02,-5.238594859838485718e-02,-8.951856940984725952e-02,-8.459297567605972290e-02,7.136641740798950195e-01,-8.373644351959228516e-01,-8.068725466728210449e-02,7.024446129798889160e-02,9.253967530137355846e-01,-8.258762030507255103e-01,5.915334261279581174e-02,1.398139810647686943e-01
-2.019434049725532532e-02,-5.294352769851684570e-02,-8.897390216588973999e-02,-8.422100543975830078e-02,7.158824205398559570e-01,-8.282927274703979492e-01,-8.517333865165710449e-02,7.276183366775512695e-02,9.261198041757350286e-01,-8.151360884985188182e-01,5.505738782894324668e-02,1.418833607692024934e-01
-1.997466385364532471e-02,-5.349347367882728577e-02,-8.842610567808151245e-02,-8.384692668914794922e-02,7.180454730987548828e-01,-8.192007541656494141e-01,-8.962722122669219971e-02,7.524994015693664551e-02,9.268062015949084520e-01,-8.043898232154321759e-01,5.098987593915007416e-02,1.439362849915958309e-01
-1.975045725703239441e-02,-5.403587222099304199e-02,-8.787530660629272461e-02,-8.347082138061523438e-02,7.201540470123291016e-01,-8.100900053977966309e-01,-9.404918551445007324e-02,7.770892977714538574e-02,9.274568305596082585e-01,-7.936389815159962113e-01,4.695068295846035328e-02,1.459728685668135184e-01
-1.952173002064228058e-02,-5.457072332501411438e-02,-8.732159435749053955e-02,-8.309286832809448242e-02,7.222090363502502441e-01,-8.009615540504455566e-01,-9.843923151493072510e-02,8.013916015625000000e-02,9.280725708786490280e-01,-7.828851643315649644e-01,4.293968013193792677e-02,1.479932256689802383e-01
-1.928857713937759399e-02,-5.509811267256736755e-02,-8.676514029502868652e-02,-8.271316438913345337e-02,7.242113351821899414e-01,-7.918175458908081055e-01,-1.027972400188446045e-01,8.254069089889526367e-02,9.286544758874504257e-01,-7.721306783798138618e-01,3.895669549652659713e-02,1.499974691763072132e-01
-1.905107498168945312e-02,-5.561806261539459229e-02,-8.620607107877731323e-02,-8.233182132244110107e-02,7.261615395545959473e-01,-7.826595306396484375e-01,-1.071231961250305176e-01,8.491349220275878906e-02,9.292034633496408791e-01,-7.613773657316414978e-01,3.500158094700663719e-02,1.519857117698703297e-01
-1.880927756428718567e-02,-5.613059550523757935e-02,-8.564451336860656738e-02,-8.194898068904876709e-02,7.280604839324951172e-01,-7.734891176223754883e-01,-1.114168763160705566e-01,8.725774288177490234e-02,9.297204286312727994e-01,-7.506270292340242456e-01,3.107418803736232069e-02,1.539580655324711556e-01
-1.856327056884765625e-02,-5.663577839732170105e-02,-8.508060127496719360e-02,-8.156476169824600220e-02,7.299090623855590820e-01,-7.643078565597534180e-01,-1.156784445047378540e-01,8.957380056381225586e-02,9.302062457288563513e-01,-7.398814347928431845e-01,2.717436801859992451e-02,1.559146419458185551e-01
-1.831312850117683411e-02,-5.713364109396934509e-02,-8.451445400714874268e-02,-8.117929846048355103e-02,7.317079305648803711e-01,-7.551175355911254883e-01,-1.199078410863876343e-01,9.186166524887084961e-02,9.306617682967326388e-01,-7.291423137358022943e-01,2.330197187645260612e-02,1.578555518876982311e-01
-1.805891469120979309e-02,-5.762424319982528687e-02,-8.394616842269897461e-02,-8.079264312982559204e-02,7.334578037261962891e-01,-7.459189891815185547e-01,-1.241050958633422852e-01,9.412151575088500977e-02,9.310878306738811228e-01,-7.184113652524867222e-01,1.945685036913121987e-02,1.597809056291653318e-01
-1.780070550739765167e-02,-5.810759589076042175e-02,-8.337589353322982788e-02,-8.040496706962585449e-02,7.351593375205993652e-01,-7.367144823074340820e-01,-1.282700151205062866e-01,9.635356068611145020e-02,9.314852489100756694e-01,-7.076902589108519104e-01,1.563885406507435974e-02,1.616908128317170734e-01
-1.753854006528854370e-02,-5.858380347490310669e-02,-8.280371129512786865e-02,-8.001630008220672607e-02,7.368135452270507812e-01,-7.275043725967407227e-01,-1.324029713869094849e-01,9.855788946151733398e-02,9.318545801938121764e-01,-6.969796917197428332e-01,1.184787741458626607e-02,1.635853834664612316e-01
-1.727253384888172150e-02,-5.905287340283393860e-02,-8.222971856594085693e-02,-7.962674647569656372e-02,7.384207248687744141e-01,-7.182904481887817383e-01,-1.365037113428115845e-01,1.007347404956817627e-01,9.321967137646818280e-01,-6.862816944754661641e-01,8.083751283855722045e-03,1.654647255603634015e-01
-1.700272411108016968e-02,-5.951488390564918518e-02,-8.165404200553894043e-02,-7.923643290996551514e-02,7.399818301200866699e-01,-7.090737819671630859e-01,-1.405724734067916870e-01,1.028843224048614502e-01,9.325123979029087407e-01,-6.755977856877446452e-01,4.346329378125733320e-03,1.673289470021842029e-01
-1.672921702265739441e-02,-5.996986106038093567e-02,-8.107680082321166992e-02,-7.884545624256134033e-02,7.414976358413696289e-01,-6.998564004898071289e-01,-1.446091234683990479e-01,1.050068438053131104e-01,9.328023526563452572e-01,-6.649294091987669741e-01,6.354679249262233046e-04,1.691781551134665107e-01
-1.645207032561302185e-02,-6.041786447167396545e-02,-8.049811422824859619e-02,-7.845387607812881470e-02,7.429685592651367188e-01,-6.906391382217407227e-01,-1.486136317253112793e-01,1.071020960807800293e-01,9.330672810676001738e-01,-6.542779767745998676e-01,-3.048976147444769618e-03,1.710124566067875163e-01
-1.617138460278511047e-02,-6.085896492004394531e-02,-7.991806417703628540e-02,-7.806183397769927979e-02,7.443956136703491211e-01,-6.814235448837280273e-01,-1.525862067937850952e-01,1.091710031032562256e-01,9.333078700058700106e-01,-6.436448701585611998e-01,-6.707145137107662324e-03,1.728319575836747557e-01
-1.588721200823783875e-02,-6.129321083426475525e-02,-7.933676987886428833e-02,-7.766937464475631714e-02,7.457793951034545898e-01,-6.722105741500854492e-01,-1.565269231796264648e-01,1.112132668495178223e-01,9.335247909983486192e-01,-6.330314431842399836e-01,-1.033918049581120449e-02,1.746367635325195844e-01
-1.559963636100292206e-02,-6.172063201665878296e-02,-7.875431329011917114e-02,-7.727660983800888062e-02,7.471204996109008789e-01,-6.630017757415771484e-01,-1.604357063770294189e-01,1.132292151451110840e-01,9.337187010611266436e-01,-6.224390239462461727e-01,-1.394522275608517208e-02,1.764269793264836017e-01
-1.530872471630573273e-02,-6.214128434658050537e-02,-7.817080616950988770e-02,-7.688361406326293945e-02,7.484196424484252930e-01,-6.537983417510986328e-01,-1.643126159906387329e-01,1.152189522981643677e-01,9.338901564724907400e-01,-6.118685800925203200e-01,-1.752543424790367968e-02,1.782027099533620706e-01
-1.501455530524253845e-02,-6.255528330802917480e-02,-7.758630067110061646e-02,-7.649041712284088135e-02,7.496776580810546875e-01,-6.446005105972290039e-01,-1.681580543518066406e-01,1.171829104423522949e-01,9.340396781875975885e-01,-6.013209682996121241e-01,-2.107998212730736315e-02,1.799640599707499899e-01
-1.471718773245811462e-02,-6.296264380216598511e-02,-7.700094580650329590e-02,-7.609713822603225708e-02,7.508949637413024902e-01,-6.354102492332458496e-01,-1.719717681407928467e-01,1.191210597753524780e-01,9.341679538635795366e-01,-5.907977174994313296e-01,-2.460898562883380089e-02,1.817111318121904240e-01
-1.441673748195171356e-02,-6.336340308189392090e-02,-7.641479372978210449e-02,-7.570385187864303589e-02,7.520720958709716797e-01,-6.262286305427551270e-01,-1.757539212703704834e-01,1.210337728261947632e-01,9.342755620069187472e-01,-5.802999609180078400e-01,-2.811258842010486148e-02,1.834440281112608151e-01
-1.411323621869087219e-02,-6.375766545534133911e-02,-7.582795619964599609e-02,-7.531063258647918701e-02,7.532101869583129883e-01,-6.170564293861389160e-01,-1.795047819614410400e-01,1.229213476181030273e-01,9.343630673083571647e-01,-5.698288034570206939e-01,-3.159093379184010897e-02,1.851628509049956239e-01
-1.380680687725543976e-02,-6.414543092250823975e-02,-7.524053007364273071e-02,-7.491752505302429199e-02,7.543092966079711914e-01,-6.078952550888061523e-01,-1.832239925861358643e-01,1.247836053371429443e-01,9.344310212947684047e-01,-5.593853233855240470e-01,-3.504416463165042905e-02,1.868677016332974672e-01
-1.349749043583869934e-02,-6.452684104442596436e-02,-7.465258985757827759e-02,-7.452463358640670776e-02,7.553707361221313477e-01,-5.987455844879150391e-01,-1.869122982025146484e-01,1.266212910413742065e-01,9.344799629806491703e-01,-5.489705740763424213e-01,-3.847242339771819730e-02,1.885586811383438977e-01
-1.318540051579475403e-02,-6.490185856819152832e-02,-7.406421005725860596e-02,-7.413201034069061279e-02,7.563943266868591309e-01,-5.896090269088745117e-01,-1.905692666769027710e-01,1.284343302249908447e-01,9.345104195192884822e-01,-5.385855857853237838e-01,-4.187585209252286944e-02,1.902358896639969876e-01
-1.287057437002658844e-02,-6.527062505483627319e-02,-7.347550988197326660e-02,-7.373972982168197632e-02,7.573814392089843750e-01,-5.804861783981323242e-01,-1.941953301429748535e-01,1.302230507135391235e-01,9.345229068536035077e-01,-5.282313674731297093e-01,-4.525459223654396124e-02,1.918994268552111360e-01
-1.255307719111442566e-02,-6.563317775726318359e-02,-7.288650423288345337e-02,-7.334782183170318604e-02,7.583323717117309570e-01,-5.713775753974914551e-01,-1.977905929088592529e-01,1.319876760244369507e-01,9.345177604231161839e-01,-5.179082450597533027e-01,-4.860881812678152780e-02,1.935493930526918094e-01
-1.223301142454147339e-02,-6.598953157663345337e-02,-7.229733467102050781e-02,-7.295633852481842041e-02,7.592472434043884277e-01,-5.622848868370056152e-01,-2.013547420501708984e-01,1.337280273437500000e-01,9.344955352205580601e-01,-5.076174198328549103e-01,-5.193865859046292027e-02,1.951858862484349699e-01
-1.191045157611370087e-02,-6.633980572223663330e-02,-7.170801609754562378e-02,-7.256537675857543945e-02,7.601274251937866211e-01,-5.532084703445434570e-01,-2.048885971307754517e-01,1.354451775550842285e-01,9.344567120762499179e-01,-4.973598248559644164e-01,-5.524425460387997339e-02,1.968090043283555191e-01
-1.158547028899192810e-02,-6.668407469987869263e-02,-7.111869007349014282e-02,-7.217498123645782471e-02,7.609733939170837402e-01,-5.441496372222900391e-01,-2.083919644355773926e-01,1.371388286352157593e-01,9.344017435615675771e-01,-4.871363023445449136e-01,-5.852575040570636572e-02,1.984188447268907529e-01
-1.125813275575637817e-02,-6.702232360839843750e-02,-7.052938640117645264e-02,-7.178519666194915771e-02,7.617851495742797852e-01,-5.351091623306274414e-01,-2.118648588657379150e-01,1.388091593980789185e-01,9.343310713720421878e-01,-4.769476708240263929e-01,-6.178329019371292530e-02,2.000155042988945586e-01
-1.092851907014846802e-02,-6.735467165708541870e-02,-6.994015723466873169e-02,-7.139609754085540771e-02,7.625638246536254883e-01,-5.260875225067138672e-01,-2.153077721595764160e-01,1.404569298028945923e-01,9.342451268308101797e-01,-4.667947265265853796e-01,-6.501701812712633310e-02,2.015990793201554443e-01
-1.059669628739356995e-02,-6.768117100000381470e-02,-6.935119628906250000e-02,-7.100769877433776855e-02,7.633098959922790527e-01,-5.170864462852478027e-01,-2.187201231718063354e-01,1.420813500881195068e-01,9.341443313917895397e-01,-4.566782448209452117e-01,-6.822707832911265036e-02,2.031696654879296127e-01
-1.026275940239429474e-02,-6.800189614295959473e-02,-6.876245886087417603e-02,-7.062008976936340332e-02,7.640239596366882324e-01,-5.081060528755187988e-01,-2.221029549837112427e-01,1.436837315559387207e-01,9.340290971426266076e-01,-4.465989816727922168e-01,-7.141361488914722833e-02,2.047273579214595185e-01
-9.926769882440567017e-03,-6.831686198711395264e-02,-6.817401200532913208e-02,-7.023329287767410278e-02,7.647062540054321289e-01,-4.991472959518432617e-01,-2.254558205604553223e-01,1.452638506889343262e-01,9.338997838530124218e-01,-4.365574960665411508e-01,-7.457676380649928827e-02,2.062722513101112043e-01
-9.588770568370819092e-03,-6.862618029117584229e-02,-6.758596003055572510e-02,-6.984736025333404541e-02,7.653576135635375977e-01,-4.902106821537017822e-01,-2.287791520357131958e-01,1.468219608068466187e-01,9.337567095911923909e-01,-4.265541918517506970e-01,-7.771665486547883750e-02,2.078044398796012326e-01
-9.248852729797363281e-03,-6.892988085746765137e-02,-6.699834764003753662e-02,-6.946231424808502197e-02,7.659783959388732910e-01,-4.812971949577331543e-01,-2.320729047060012817e-01,1.483582258224487305e-01,9.336003072322052176e-01,-4.165899631480530774e-01,-8.083344057241152736e-02,2.093240168625397357e-01
-8.907094597816467285e-03,-6.922805309295654297e-02,-6.641124933958053589e-02,-6.907822191715240479e-02,7.665693163871765137e-01,-4.724074602127075195e-01,-2.353374809026718140e-01,1.498730182647705078e-01,9.334309395299519307e-01,-4.066654321692662055e-01,-8.392726176948422934e-02,2.108310751288291207e-01
-8.563563227653503418e-03,-6.952074170112609863e-02,-6.582470238208770752e-02,-6.869512796401977539e-02,7.671308517456054688e-01,-4.635422229766845703e-01,-2.385728806257247925e-01,1.513666361570358276e-01,9.332489603472307049e-01,-3.967812006264181401e-01,-8.699825889868940954e-02,2.123257069799274199e-01
-8.218318223953247070e-03,-6.980800628662109375e-02,-6.523882597684860229e-02,-6.831305474042892456e-02,7.676634788513183594e-01,-4.547023773193359375e-01,-2.417791485786437988e-01,1.528389751911163330e-01,9.330547150528514244e-01,-3.869378508729854338e-01,-9.004657198472479362e-02,2.138080041497205930e-01
-7.871448993682861328e-03,-7.008991390466690063e-02,-6.465364247560501099e-02,-6.793206185102462769e-02,7.681677341461181641e-01,-4.458885788917541504e-01,-2.449566125869750977e-01,1.542906016111373901e-01,9.328485409186130228e-01,-3.771359470742429165e-01,-9.307234061792668545e-02,2.152780578054088456e-01
-7.523000240325927734e-03,-7.036656886339187622e-02,-6.406916677951812744e-02,-6.755217909812927246e-02,7.686444520950317383e-01,-4.371008276939392090e-01,-2.481058239936828613e-01,1.557219624519348145e-01,9.326307675160588895e-01,-3.673760364001771861e-01,-9.607570393720364643e-02,2.167359585483937812e-01
-7.173057645559310913e-03,-7.063794136047363281e-02,-6.348554044961929321e-02,-6.717345118522644043e-02,7.690935134887695312e-01,-4.283408522605895996e-01,-2.512260675430297852e-01,1.571327149868011475e-01,9.324017171130956072e-01,-3.576586502417973823e-01,-9.905680061292466976e-02,2.181817964151513134e-01
-6.821684539318084717e-03,-7.090416550636291504e-02,-6.290276348590850830e-02,-6.679587066173553467e-02,7.695157527923583984e-01,-4.196084737777709961e-01,-2.543181478977203369e-01,1.585233658552169800e-01,9.321616244614541191e-01,-3.479839560503183993e-01,-1.020157609478800492e-01,2.196156611977108097e-01
-6.468908861279487610e-03,-7.116531580686569214e-02,-6.232087314128875732e-02,-6.641949713230133057e-02,7.699118852615356445e-01,-4.109038114547729492e-01,-2.573823332786560059e-01,1.598943173885345459e-01,9.319108182185898981e-01,-3.383525419001680024e-01,-1.049527245593609576e-01,2.210376417268933025e-01
-6.114866584539413452e-03,-7.142136991024017334e-02,-6.173998117446899414e-02,-6.604436784982681274e-02,7.702817916870117188e-01,-4.022287726402282715e-01,-2.604181468486785889e-01,1.612454801797866821e-01,9.316496029119520905e-01,-3.287649060666171241e-01,-1.078678287836833810e-01,2.224478263426503122e-01
-5.759567022323608398e-03,-7.167245447635650635e-02,-6.116007268428802490e-02,-6.567053496837615967e-02,7.706265449523925781e-01,-3.935829997062683105e-01,-2.634264826774597168e-01,1.625774800777435303e-01,9.313782627322523266e-01,-3.192214725657374075e-01,-1.107612089907211717e-01,2.238463028815107503e-01
-5.403105169534683228e-03,-7.191863656044006348e-02,-6.058124452829360962e-02,-6.529797613620758057e-02,7.709463238716125488e-01,-3.849672675132751465e-01,-2.664071917533874512e-01,1.638903170824050903e-01,9.310970750477454150e-01,-3.097226492210945481e-01,-1.136329998494553933e-01,2.252331586254552043e-01
-5.045512691140174866e-03,-7.215996086597442627e-02,-6.000352278351783752e-02,-6.492674350738525391e-02,7.712417840957641602e-01,-3.763818442821502686e-01,-2.693605422973632812e-01,1.651841253042221069e-01,9.308063107247754875e-01,-3.002688286413141006e-01,-1.164833353034460672e-01,2.266084803030958272e-01
-4.686893895268440247e-03,-7.239647209644317627e-02,-5.942696332931518555e-02,-6.455687433481216431e-02,7.715131044387817383e-01,-3.678277432918548584e-01,-2.722865641117095947e-01,1.664593815803527832e-01,9.305062344481744852e-01,-2.908603892165625426e-01,-1.193123485463720157e-01,2.279723540908620005e-01
-4.327278584241867065e-03,-7.262822985649108887e-02,-5.885159224271774292e-02,-6.418841332197189331e-02,7.717609405517578125e-01,-3.593051433563232422e-01,-2.751856446266174316e-01,1.677163690328598022e-01,9.301971050415378528e-01,-2.814976961316488224e-01,-1.221201719976050953e-01,2.293248656141789188e-01
-3.966726362705230713e-03,-7.285532355308532715e-02,-5.827753245830535889e-02,-6.382132321596145630e-02,7.719856500625610352e-01,-3.508147597312927246e-01,-2.780574858188629150e-01,1.689545810222625732e-01,9.298791545664552016e-01,-2.721810118523561028e-01,-1.249069433235753396e-01,2.306661001120881571e-01
-3.605319187045097351e-03,-7.307778298854827881e-02,-5.770470201969146729e-02,-6.345569342374801636e-02,7.721877098083496094e-01,-3.423565626144409180e-01,-2.809030413627624512e-01,1.701753139495849609e-01,9.295525784255197488e-01,-2.629104529164169035e-01,-1.276728083264712377e-01,2.319961425171801761e-01
-3.243101760745048523e-03,-7.329567521810531616e-02,-5.713323503732681274e-02,-6.309150159358978271e-02,7.723675966262817383e-01,-3.339314758777618408e-01,-2.837218046188354492e-01,1.713781058788299561e-01,9.292176499402915457e-01,-2.536864789263154618e-01,-1.304178883659052601e-01,2.333150765767567636e-01
-2.880133688449859619e-03,-7.350909709930419922e-02,-5.656312778592109680e-02,-6.272878497838973999e-02,7.725256681442260742e-01,-3.255394697189331055e-01,-2.865145802497863770e-01,1.725634634494781494e-01,9.288745977014517541e-01,-2.445093692088527448e-01,-1.331423153679094640e-01,2.346229858010644431e-01
-2.516470849514007568e-03,-7.371805608272552490e-02,-5.599445104598999023e-02,-6.236755475401878357e-02,7.726624011993408203e-01,-3.171812891960144043e-01,-2.892810702323913574e-01,1.737313717603683472e-01,9.285236448292484290e-01,-2.353793898070747903e-01,-1.358462207070252892e-01,2.359199531645906067e-01
-2.152193337678909302e-03,-7.392263412475585938e-02,-5.542722344398498535e-02,-6.200785189867019653e-02,7.727781534194946289e-01,-3.088573813438415527e-01,-2.920215725898742676e-01,1.748823374509811401e-01,9.281650092308625366e-01,-2.262967942951370770e-01,-1.385297351996584714e-01,2.372060611077221604e-01
-1.787319779396057129e-03,-7.412289828062057495e-02,-5.486148595809936523e-02,-6.164968758821487427e-02,7.728735208511352539e-01,-3.005677461624145508e-01,-2.947364747524261475e-01,1.760165542364120483e-01,9.277989038576622827e-01,-2.172618246055807445e-01,-1.411929890974453206e-01,2.384813915384177696e-01
-1.421958208084106445e-03,-7.431887090206146240e-02,-5.429727584123611450e-02,-6.129308044910430908e-02,7.729486227035522461e-01,-2.923133969306945801e-01,-2.974257469177246094e-01,1.771341711282730103e-01,9.274255369623971568e-01,-2.082747118709315504e-01,-1.438361120805961013e-01,2.397460258338692252e-01
-1.056104898452758789e-03,-7.451063394546508789e-02,-5.373463779687881470e-02,-6.093806028366088867e-02,7.730039954185485840e-01,-2.840942144393920898e-01,-3.000896573066711426e-01,1.782352626323699951e-01,9.270451123562932771e-01,-1.993356772777651054e-01,-1.464592332512613948e-01,2.410000448421579233e-01
-6.898324936628341675e-04,-7.469823956489562988e-02,-5.317360907793045044e-02,-6.058461219072341919e-02,7.730400562286376953e-01,-2.759105563163757324e-01,-3.027282953262329102e-01,1.793200522661209106e-01,9.266577506920172791e-01,-1.904445998970956955e-01,-1.490624881272433477e-01,2.422435292992733413e-01
-3.232024610042572021e-04,-7.488177716732025146e-02,-5.261418223381042480e-02,-6.023275479674339294e-02,7.730572223663330078e-01,-2.677624225616455078e-01,-3.053421378135681152e-01,1.803890615701675415e-01,9.262636575393453642e-01,-1.816017240630355412e-01,-1.516460037609706768e-01,2.434765589482471571e-01
4.373304545879364014e-05,-7.506126910448074341e-02,-5.205641314387321472e-02,-5.988251045346260071e-02,7.730557918548583984e-01,-2.596505284309387207e-01,-3.079312741756439209e-01,1.814423501491546631e-01,9.258630315948391809e-01,-1.728072734894176565e-01,-1.542099068905883608e-01,2.446992130248342723e-01
4.109442234039306641e-04,-7.523676007986068726e-02,-5.150035396218299866e-02,-5.953389778733253479e-02,7.730361223220825195e-01,-2.515752315521240234e-01,-3.104956746101379395e-01,1.824799329042434692e-01,9.254560478267053192e-01,-1.640613796550151882e-01,-1.567543254504700501e-01,2.459115703491846772e-01
7.783584296703338623e-04,-7.540830969810485840e-02,-5.094599723815917969e-02,-5.918693169951438904e-02,7.729985117912292480e-01,-2.435365021228790283e-01,-3.130356967449188232e-01,1.835023313760757446e-01,9.250428764441056551e-01,-1.553641614939372251e-01,-1.592793869060414869e-01,2.471137092291138537e-01
1.145921647548675537e-03,-7.557599246501922607e-02,-5.039340257644653320e-02,-5.884162336587905884e-02,7.729436159133911133e-01,-2.355349659919738770e-01,-3.155515193939208984e-01,1.845095753669738770e-01,9.246236830732532663e-01,-1.467157259443036543e-01,-1.617852182543021711e-01,2.483057074621831950e-01
1.513607800006866455e-03,-7.573986053466796875e-02,-4.984257370233535767e-02,-5.849798023700714111e-02,7.728714942932128906e-01,-2.275704294443130493e-01,-3.180434107780456543e-01,1.855019778013229370e-01,9.241986289334931381e-01,-1.381161685065961930e-01,-1.642719460243585450e-01,2.494876423377915542e-01
1.881361007690429688e-03,-7.589995861053466797e-02,-4.929358139634132385e-02,-5.815599858760833740e-02,7.727826833724975586e-01,-2.196435779333114624e-01,-3.205112814903259277e-01,1.864794939756393433e-01,9.237678710132699589e-01,-1.295655738109198762e-01,-1.667396962779906511e-01,2.506595906392735107e-01
2.249125391244888306e-03,-7.605633884668350220e-02,-4.874639213085174561e-02,-5.781571567058563232e-02,7.726774215698242188e-01,-2.117543667554855347e-01,-3.229556679725646973e-01,1.874427050352096558e-01,9.233315622460973593e-01,-1.210640161936148151e-01,-1.691885946101513993e-01,2.518216286459791231e-01
2.616856247186660767e-03,-7.620905339717864990e-02,-4.820105433464050293e-02,-5.747713893651962280e-02,7.725560665130615234e-01,-2.039030492305755615e-01,-3.253766894340515137e-01,1.883917003870010376e-01,9.228898516864543211e-01,-1.126115602825045331e-01,-1.716187661495106320e-01,2.529738321353662278e-01
2.984523773193359375e-03,-7.635816931724548340e-02,-4.765762388706207275e-02,-5.714023858308792114e-02,7.724189758300781250e-01,-1.960899084806442261e-01,-3.277743458747863770e-01,1.893263012170791626e-01,9.224428846856409514e-01,-1.042082615910016885e-01,-1.740303355590223366e-01,2.541162763850939865e-01
3.352068364620208740e-03,-7.650372385978698730e-02,-4.711613431572914124e-02,-5.680507421493530273e-02,7.722665071487426758e-01,-1.883154511451721191e-01,-3.301487565040588379e-01,1.902469843626022339e-01,9.219908030675765254e-01,-9.585416712025045249e-02,-1.764234270364232748e-01,2.552490361751102443e-01
3.719456493854522705e-03,-7.664576172828674316e-02,-4.657651111483573914e-02,-5.647163838148117065e-02,7.720988988876342773e-01,-1.805790513753890991e-01,-3.325005769729614258e-01,1.911543011665344238e-01,9.215337453045575611e-01,-8.754931596990596365e-02,-1.787981643148004451e-01,2.563721857897419132e-01
4.086628556251525879e-03,-7.678435742855072021e-02,-4.603887349367141724e-02,-5.613989382982254028e-02,7.719165086746215820e-01,-1.728816181421279907e-01,-3.348295688629150391e-01,1.920478045940399170e-01,9.210718466929851411e-01,-7.929373995662380992e-02,-1.811546706630896009e-01,2.574857990197856328e-01
4.453551024198532104e-03,-7.691956311464309692e-02,-4.550319164991378784e-02,-5.580992996692657471e-02,7.717199325561523438e-01,-1.652229428291320801e-01,-3.371363282203674316e-01,1.929284036159515381e-01,9.206052395290348356e-01,-7.108746424058404179e-02,-1.834930688866537596e-01,2.585899491645968218e-01
4.820179194211959839e-03,-7.705138623714447021e-02,-4.496952891349792480e-02,-5.548169836401939392e-02,7.715090513229370117e-01,-1.576036512851715088e-01,-3.394204974174499512e-01,1.937956511974334717e-01,9.201340532842767761e-01,-6.293050795945275000e-02,-1.858134813278049802e-01,2.596847090341781739e-01
5.186479538679122925e-03,-7.717990875244140625e-02,-4.443787038326263428e-02,-5.515519529581069946e-02,7.712842226028442383e-01,-1.500233858823776245e-01,-3.416825532913208008e-01,1.946498900651931763e-01,9.196584147812832954e-01,-5.482288486999576521e-02,-1.881160298663142605e-01,2.607701509512722615e-01
5.552425980567932129e-03,-7.730519771575927734e-02,-4.390824958682060242e-02,-5.483048409223556519e-02,7.710462212562561035e-01,-1.424824297428131104e-01,-3.439228534698486328e-01,1.954916268587112427e-01,9.191784652266400402e-01,-4.676464855247277480e-02,-1.904008015416491506e-01,2.618463462242764384e-01
5.917925387620925903e-03,-7.742727547883987427e-02,-4.338068515062332153e-02,-5.450750514864921570e-02,7.707948088645935059e-01,-1.349810659885406494e-01,-3.461413979530334473e-01,1.963207572698593140e-01,9.186943230351782841e-01,-3.875579455582169736e-02,-1.926679247215692947e-01,2.629133663217621542e-01
6.282985210418701172e-03,-7.754617929458618164e-02,-4.285522922873497009e-02,-5.418632179498672485e-02,7.705305218696594238e-01,-1.275196969509124756e-01,-3.483381867408752441e-01,1.971374303102493286e-01,9.182061033041446496e-01,-3.079631177709732034e-02,-1.949175297518429273e-01,2.639712822688500826e-01
6.647527217864990234e-03,-7.766198366880416870e-02,-4.233185201883316040e-02,-5.386687442660331726e-02,7.702535390853881836e-01,-1.200979948043823242e-01,-3.505135774612426758e-01,1.979419738054275513e-01,9.177139252842750894e-01,-2.288620248704359428e-02,-1.971497340768888218e-01,2.650201644202612727e-01
7.011555135250091553e-03,-7.777471840381622314e-02,-4.181060940027236938e-02,-5.354923009872436523e-02,7.699643373489379883e-01,-1.127164214849472046e-01,-3.526678085327148438e-01,1.987344175577163696e-01,9.172179065621854921e-01,-1.502546719508114463e-02,-1.993646544615857163e-01,2.660600826505202243e-01
7.375016808509826660e-03,-7.788445055484771729e-02,-4.129149764776229858e-02,-5.323336645960807800e-02,7.696631550788879395e-01,-1.053748726844787598e-01,-3.548009991645812988e-01,1.995151489973068237e-01,9.167181632397742863e-01,-7.214105344608549332e-03,-2.015624069836065568e-01,2.670911063559245346e-01
7.737852632999420166e-03,-7.799118757247924805e-02,-4.077452048659324646e-02,-5.291932076215744019e-02,7.693501710891723633e-01,-9.807369112968444824e-02,-3.569134473800659180e-01,2.002844810485839844e-01,9.162148101135717537e-01,5.478839855739895933e-04,-2.037431070256393584e-01,2.681133044565031653e-01
8.100043982267379761e-03,-7.809504121541976929e-02,-4.025974124670028687e-02,-5.260704830288887024e-02,7.690259218215942383e-01,-9.081287682056427002e-02,-3.590052127838134766e-01,2.010421901941299438e-01,9.157079608541102145e-01,8.260501373662833269e-03,-2.059068692677102630e-01,2.691267453979813151e-01
8.461553603410720825e-03,-7.819600403308868408e-02,-3.974715620279312134e-02,-5.229657143354415894e-02,7.686903476715087891e-01,-8.359254896640777588e-02,-3.610763847827911377e-01,2.017885893583297729e-01,9.151977281852147206e-01,1.592374634107144790e-02,-2.080538076794042068e-01,2.701314971537405740e-01
8.822329342365264893e-03,-7.829412817955017090e-02,-3.923679888248443604e-02,-5.198788270354270935e-02,7.683437466621398926e-01,-7.641305029392242432e-02,-3.631270229816436768e-01,2.025236636400222778e-01,9.146842240632790944e-01,2.353761663340259158e-02,-2.101840355121993575e-01,2.711276272267835741e-01
9.182352572679519653e-03,-7.838946580886840820e-02,-3.872864693403244019e-02,-5.168102681636810303e-02,7.679866552352905273e-01,-6.927427649497985840e-02,-3.651577234268188477e-01,2.032480388879776001e-01,9.141675598565377481e-01,3.110210749513317788e-02,-2.122976652916765961e-01,2.721152026516991951e-01
9.541559964418411255e-03,-7.848209142684936523e-02,-3.822275251150131226e-02,-5.137597024440765381e-02,7.676192522048950195e-01,-6.217631697654724121e-02,-3.671684265136718750e-01,2.039617300033569336e-01,9.136478465242684477e-01,3.861721093894161794e-02,-2.143948088098536209e-01,2.730942899966195547e-01
9.899940341711044312e-03,-7.857199758291244507e-02,-3.771914914250373840e-02,-5.107275396585464478e-02,7.672418355941772461e-01,-5.511982738971710205e-02,-3.691591620445251465e-01,2.046646475791931152e-01,9.131251947960056237e-01,4.608291501011491792e-02,-2.164755771174515231e-01,2.740649553651879899e-01
1.025742664933204651e-02,-7.865923643112182617e-02,-3.721777722239494324e-02,-5.077138170599937439e-02,7.668544650077819824e-01,-4.810440540313720703e-02,-3.711304068565368652e-01,2.053575962781906128e-01,9.125997153507086068e-01,5.349920304494152484e-02,-2.185400805161153703e-01,2.750272643985184895e-01
1.061401888728141785e-02,-7.874390482902526855e-02,-3.671875596046447754e-02,-5.047180503606796265e-02,7.664577364921569824e-01,-4.113021492958068848e-02,-3.730820417404174805e-01,2.060399055480957031e-01,9.120715189959136548e-01,6.086605292473113576e-02,-2.205884285507825060e-01,2.759812822771589014e-01
1.096973940730094910e-02,-7.882598042488098145e-02,-3.622196614742279053e-02,-5.017402395606040955e-02,7.660514712333679199e-01,-3.419649600982666016e-02,-3.750145435333251953e-01,2.067121714353561401e-01,9.115404219639730021e-01,6.818474287246979737e-02,-2.226207505769128570e-01,2.769270750207795118e-01
1.132462546229362488e-02,-7.890547811985015869e-02,-3.572730720043182373e-02,-4.987791925668716431e-02,7.656351923942565918e-01,-2.730169892311096191e-02,-3.769280612468719482e-01,2.073743641376495361e-01,9.110061278358294601e-01,7.545705064892324621e-02,-2.246371830762858568e-01,2.778647086905929875e-01
1.167856529355049133e-02,-7.898250222206115723e-02,-3.523495793342590332e-02,-4.958359897136688232e-02,7.652100920677185059e-01,-2.044765651226043701e-02,-3.788226246833801270e-01,2.080266028642654419e-01,9.104691822514002775e-01,8.268101801011380758e-02,-2.266378030435030055e-01,2.787942451903089869e-01
1.203151792287826538e-02,-7.905709743499755859e-02,-3.474488854408264160e-02,-4.929107427597045898e-02,7.647763490676879883e-01,-1.363420486450195312e-02,-3.806987106800079346e-01,2.086694240570068359e-01,9.099296610276200736e-01,8.985676225817815221e-02,-2.286227195245598975e-01,2.797157480421685327e-01
1.238347217440605164e-02,-7.912924885749816895e-02,-3.425712138414382935e-02,-4.900030791759490967e-02,7.643337845802307129e-01,-6.861433386802673340e-03,-3.825559318065643311e-01,2.093023955821990967e-01,9.093876381789406382e-01,9.698440453892517854e-02,-2.305920409677292005e-01,2.806292803301311256e-01
1.273437589406967163e-02,-7.919903099536895752e-02,-3.377167880535125732e-02,-4.871135205030441284e-02,7.638829350471496582e-01,-1.296550035476684570e-04,-3.843947947025299072e-01,2.099261283874511719e-01,9.088431860024723807e-01,1.040640695284638512e-01,-2.325458752225284531e-01,2.815349047022558948e-01
1.308421045541763306e-02,-7.926645874977111816e-02,-3.328852355480194092e-02,-4.842421412467956543e-02,7.634240388870239258e-01,6.561309099197387695e-03,-3.862155675888061523e-01,2.105409204959869385e-01,9.082963751630697136e-01,1.110958851177534512e-01,-2.344843295385297122e-01,2.824326833730750330e-01
1.343295350670814514e-02,-7.933160662651062012e-02,-3.280769661068916321e-02,-4.813882708549499512e-02,7.629570960998535156e-01,1.321169734001159668e-02,-3.880182504653930664e-01,2.111465930938720703e-01,9.077472747784487428e-01,1.180799820929450683e-01,-2.364075105642252095e-01,2.833226781259796101e-01
1.378059014678001404e-02,-7.939453423023223877e-02,-3.232923522591590881e-02,-4.785519093275070190e-02,7.624827027320861816e-01,1.982142031192779541e-02,-3.898029923439025879e-01,2.117430865764617920e-01,9.071959525042789796e-01,1.250164938133164483e-01,-2.383155243459502415e-01,2.842049503155879564e-01
1.412707939743995667e-02,-7.945522665977478027e-02,-3.185310214757919312e-02,-4.757337272167205811e-02,7.620007395744323730e-01,2.639022469520568848e-02,-3.915700912475585938e-01,2.123310714960098267e-01,9.066424746192951467e-01,1.319055558857639143e-01,-2.402084763266812972e-01,2.850795608701365280e-01
1.447241753339767456e-02,-7.951371371746063232e-02,-3.137929365038871765e-02,-4.729329049587249756e-02,7.615112066268920898e-01,3.291861712932586670e-02,-3.933194875717163086e-01,2.129102349281311035e-01,9.060869061103825617e-01,1.387473058365043810e-01,-2.420864713449356331e-01,2.859465702938482345e-01
1.481657475233078003e-02,-7.957005500793457031e-02,-3.090787678956985474e-02,-4.701499640941619873e-02,7.610146999359130859e-01,3.940607607364654541e-02,-3.950512707233428955e-01,2.134807705879211426e-01,9.055293107576676270e-01,1.455418827796630676e-01,-2.439496136336832266e-01,2.868060386693156993e-01
1.515952125191688538e-02,-7.962429523468017578e-02,-3.043878823518753052e-02,-4.673847556114196777e-02,7.605113387107849121e-01,4.585307836532592773e-02,-3.967660367488861084e-01,2.140431702136993408e-01,9.049697512196185345e-01,1.522894270832900465e-01,-2.457980068190989131e-01,2.876580256598804120e-01
1.550121232867240906e-02,-7.967646420001983643e-02,-2.997205406427383423e-02,-4.646370559930801392e-02,7.600012421607971191e-01,5.225944519042968750e-02,-3.984636664390563965e-01,2.145974040031433105e-01,9.044082891181343120e-01,1.589900800327538888e-01,-2.476317539195760919e-01,2.885025905120085499e-01
1.584166660904884338e-02,-7.972656190395355225e-02,-2.950769662857055664e-02,-4.619073122739791870e-02,7.594845294952392578e-01,5.862501263618469238e-02,-4.001442790031433105e-01,2.151435315608978271e-01,9.038449851236237675e-01,1.656439834906897890e-01,-2.494509573444680661e-01,2.893397920576705196e-01
1.618085056543350220e-02,-7.977469265460968018e-02,-2.904570847749710083e-02,-4.591947793960571289e-02,7.589615583419799805e-01,6.495039165019989014e-02,-4.018082022666931152e-01,2.156816422939300537e-01,9.032798990400975336e-01,1.722512795553635678e-01,-2.512557188930443774e-01,2.901696887167230510e-01
1.651878282427787781e-02,-7.982084155082702637e-02,-2.858605980873107910e-02,-4.564993083477020264e-02,7.584322690963745117e-01,7.123591005802154541e-02,-4.034554362297058105e-01,2.162117362022399902e-01,9.027129280375215670e-01,1.788128926182343259e-01,-2.530461509849150636e-01,2.909923382688713311e-01
1.685538142919540405e-02,-7.986502349376678467e-02,-2.812878787517547607e-02,-4.538214951753616333e-02,7.578967809677124023e-01,7.748071849346160889e-02,-4.050861299037933350e-01,2.167342454195022583e-01,9.021442480085154481e-01,1.853283971875070435e-01,-2.548223460384542727e-01,2.918077984842122885e-01
1.719069108366966248e-02,-7.990732789039611816e-02,-2.767387032508850098e-02,-4.511609673500061035e-02,7.573556303977966309e-01,8.368583023548126221e-02,-4.067007005214691162e-01,2.172491848468780518e-01,9.015739107963629539e-01,1.917979628651380053e-01,-2.565844044236919586e-01,2.926161265521572408e-01
1.752464100718498230e-02,-7.994776964187622070e-02,-2.722132951021194458e-02,-4.485177993774414062e-02,7.568088173866271973e-01,8.985064923763275146e-02,-4.082990884780883789e-01,2.177566736936569214e-01,9.010019672134643720e-01,1.982217606141634947e-01,-2.583324259311240989e-01,2.934173792587883578e-01
1.785722374916076660e-02,-7.998634874820709229e-02,-2.677115425467491150e-02,-4.458916932344436646e-02,7.562564015388488770e-01,9.597542881965637207e-02,-4.098813533782958984e-01,2.182568609714508057e-01,9.004284671894294823e-01,2.045999621058224305e-01,-2.600665097661563618e-01,2.942116129893355136e-01
1.818843930959701538e-02,-8.002310991287231445e-02,-2.632335200905799866e-02,-4.432828724384307861e-02,7.556984424591064453e-01,1.020602732896804810e-01,-4.114477932453155518e-01,2.187497764825820923e-01,8.998534598428180598e-01,2.109327394337389139e-01,-2.617867545490243364e-01,2.949988837305385636e-01
1.851823925971984863e-02,-8.005808293819427490e-02,-2.587793022394180298e-02,-4.406913369894027710e-02,7.551354169845581055e-01,1.081048697233200073e-01,-4.129984080791473389e-01,2.192357182502746582e-01,8.992769935528955871e-01,2.172202648255351365e-01,-2.634932583144424245e-01,2.957792470729952994e-01
1.884664967656135559e-02,-8.009134232997894287e-02,-2.543489634990692139e-02,-4.381170123815536499e-02,7.545675039291381836e-01,1.141099631786346436e-01,-4.145336449146270752e-01,2.197146713733673096e-01,8.986991160314087290e-01,2.234627103528575853e-01,-2.651861185115353958e-01,2.965527582135306095e-01
1.917361095547676086e-02,-8.012288808822631836e-02,-2.499423921108245850e-02,-4.355593025684356689e-02,7.539945840835571289e-01,1.200752556324005127e-01,-4.160532951354980469e-01,2.201866358518600464e-01,8.981198743943299423e-01,2.296602476391632341e-01,-2.668654320035438454e-01,2.973194719575513734e-01
1.949912682175636292e-02,-8.015272021293640137e-02,-2.455595508217811584e-02,-4.330192506313323975e-02,7.534170150756835938e-01,1.260005831718444824e-01,-4.175578355789184570e-01,2.206521630287170410e-01,8.975393152336397229e-01,2.358130475655914049e-01,-2.685312950676880250e-01,2.980794427214114584e-01
1.982319355010986328e-02,-8.018092811107635498e-02,-2.412008494138717651e-02,-4.304955899715423584e-02,7.528347969055175781e-01,1.318865269422531128e-01,-4.190469980239868164e-01,2.211106866598129272e-01,8.969574846890804309e-01,2.419212799750867782e-01,-2.701838033949182094e-01,2.988327245347620620e-01
2.014577761292457581e-02,-8.020751178264617920e-02,-2.368658035993576050e-02,-4.279889911413192749e-02,7.522482872009277344e-01,1.377329528331756592e-01,-4.205212891101837158e-01,2.215628474950790405e-01,8.963744285199385375e-01,2.479851133747174585e-01,-2.718230520897224056e-01,2.995793710429205392e-01
2.046685665845870972e-02,-8.023248612880706787e-02,-2.325546368956565857e-02,-4.254992306232452393e-02,7.516574263572692871e-01,1.435397863388061523e-01,-4.219806194305419922e-01,2.220086008310317993e-01,8.957901921768181008e-01,2.540047146360256414e-01,-2.734491356699667586e-01,3.003194355092235202e-01
2.078645303845405579e-02,-8.025591075420379639e-02,-2.282673120498657227e-02,-4.230263829231262207e-02,7.510624527931213379e-01,1.493073999881744385e-01,-4.234253764152526855e-01,2.224480956792831421e-01,8.952048208734316725e-01,2.599802486937924928e-01,-2.750621480666470831e-01,3.010529708173879659e-01
2.110449597239494324e-02,-8.027777075767517090e-02,-2.240037173032760620e-02,-4.205702990293502808e-02,7.504635453224182129e-01,1.550356149673461914e-01,-4.248554110527038574e-01,2.228815406560897827e-01,8.946183596583653364e-01,2.659118782432173256e-01,-2.766621826236952408e-01,3.017800294738730016e-01
2.142108231782913208e-02,-8.029815554618835449e-02,-2.197635918855667114e-02,-4.181304574012756348e-02,7.498606443405151367e-01,1.607256084680557251e-01,-4.262712597846984863e-01,2.233087569475173950e-01,8.940306337899389666e-01,2.718007786546466353e-01,-2.782493406903138733e-01,3.025006635084378503e-01
2.173615247011184692e-02,-8.031700551509857178e-02,-2.155465632677078247e-02,-4.157065600156784058e-02,7.492535710334777832e-01,1.663772314786911011e-01,-4.276725947856903076e-01,2.237298935651779175e-01,8.934417101986554810e-01,2.776470075383843938e-01,-2.798237135763735339e-01,3.032149246902832163e-01
2.204969152808189392e-02,-8.033441007137298584e-02,-2.113534510135650635e-02,-4.132992029190063477e-02,7.486431002616882324e-01,1.719900667667388916e-01,-4.290598034858703613e-01,2.241449505090713501e-01,8.928517269562555869e-01,2.834502900972533102e-01,-2.813853892232786036e-01,3.039228644513689570e-01
2.236167713999748230e-02,-8.035038411617279053e-02,-2.071834355592727661e-02,-4.109081625938415527e-02,7.480289936065673828e-01,1.775646954774856567e-01,-4.304332435131072998e-01,2.245545834302902222e-01,8.922607157985732451e-01,2.892108398261110103e-01,-2.829344591481805504e-01,3.046245338065103891e-01
2.267210930585861206e-02,-8.036492764949798584e-02,-2.030371688306331635e-02,-4.085334390401840210e-02,7.474113702774047852e-01,1.831007003784179688e-01,-4.317925572395324707e-01,2.249583303928375244e-01,8.916687077359585212e-01,2.949288708448641327e-01,-2.844710143161506832e-01,3.053199834046316230e-01
2.298098430037498474e-02,-8.037810027599334717e-02,-1.989142969250679016e-02,-4.061746597290039062e-02,7.467905282974243164e-01,1.885986924171447754e-01,-4.331381916999816895e-01,2.253564000129699707e-01,8.910757330978906765e-01,3.006045977234678146e-01,-2.859951451411438250e-01,3.060092635311172926e-01
2.328824624419212341e-02,-8.038991689682006836e-02,-1.948145590722560883e-02,-4.038323462009429932e-02,7.461665272712707520e-01,1.940585076808929443e-01,-4.344704151153564453e-01,2.257494330406188965e-01,8.904818215775764934e-01,3.062382353044101335e-01,-2.875069414867924555e-01,3.066924241101537385e-01
2.359395101666450500e-02,-8.040040731430053711e-02,-1.907386630773544312e-02,-4.015058279037475586e-02,7.455394864082336426e-01,1.994803249835968018e-01,-4.357889890670776367e-01,2.261366248130798340e-01,8.898870022765877907e-01,3.118299985252515061e-01,-2.890064926673249213e-01,3.073695147070764633e-01
2.389806509017944336e-02,-8.040961623191833496e-02,-1.866861432790756226e-02,-3.991948068141937256e-02,7.449095249176025391e-01,2.048645615577697754e-01,-4.370941519737243652e-01,2.265183627605438232e-01,8.892913037494961648e-01,3.173801022391409266e-01,-2.904938874483933842e-01,3.080405845307254697e-01
2.420055493712425232e-02,-8.041746914386749268e-02,-1.826564781367778778e-02,-3.969003260135650635e-02,7.442765235900878906e-01,2.102108001708984375e-01,-4.383860826492309570e-01,2.268953323364257812e-01,8.886947540485068409e-01,3.228887610345667070e-01,-2.919692140479697717e-01,3.087056824357812812e-01
2.450143918395042419e-02,-8.042411506175994873e-02,-1.786507479846477509e-02,-3.946214914321899414e-02,7.436410188674926758e-01,2.155193388462066650e-01,-4.396649301052093506e-01,2.272668182849884033e-01,8.880973807681007415e-01,3.283561890541786266e-01,-2.934325601371959857e-01,3.093648569251196134e-01
2.480070292949676514e-02,-8.042953908443450928e-02,-1.746676862239837646e-02,-3.923580050468444824e-02,7.430028319358825684e-01,2.207910418510437012e-01,-4.409308731555938721e-01,2.276334762573242188e-01,8.874992110897097497e-01,3.337825998120783622e-01,-2.948840128412913986e-01,3.100181561521478391e-01
2.509833872318267822e-02,-8.043371140956878662e-02,-1.707080379128456116e-02,-3.901103138923645020e-02,7.423621416091918945e-01,2.260250747203826904e-01,-4.421837925910949707e-01,2.279950082302093506e-01,8.869002718263652163e-01,3.391682060105088437e-01,-2.963236587403351163e-01,3.106656279231674311e-01
2.539433166384696960e-02,-8.043670654296875000e-02,-1.667715981602668762e-02,-3.878783434629440308e-02,7.417189478874206543e-01,2.312218993902206421e-01,-4.434240758419036865e-01,2.283517718315124512e-01,8.863005894673756657e-01,3.445132193553959166e-01,-2.977515838702524675e-01,3.113073196997082626e-01
2.568868920207023621e-02,-8.043852448463439941e-02,-1.628578454256057739e-02,-3.856617957353591919e-02,7.410733699798583984e-01,2.363820672035217285e-01,-4.446518421173095703e-01,2.287038564682006836e-01,8.857001902230161594e-01,3.498178503707964349e-01,-2.991678737235750618e-01,3.119432786008780600e-01
2.598141133785247803e-02,-8.043920993804931641e-02,-1.589674130082130432e-02,-3.834602236747741699e-02,7.404256463050842285e-01,2.415054440498352051e-01,-4.458669424057006836e-01,2.290509343147277832e-01,8.850990727238026157e-01,3.550824373971007697e-01,-3.005726142884195817e-01,3.125735510381492666e-01
2.627249807119369507e-02,-8.043874800205230713e-02,-1.550995744764804840e-02,-3.812742233276367188e-02,7.397756576538085938e-01,2.465923577547073364e-01,-4.470697641372680664e-01,2.293935716152191162e-01,8.844972065519999260e-01,3.603074539177157920e-01,-3.019658921069333646e-01,3.131981826973094796e-01
2.656191214919090271e-02,-8.043719828128814697e-02,-1.512544415891170502e-02,-3.791031241416931152e-02,7.391235828399658203e-01,2.516429424285888672e-01,-4.482604861259460449e-01,2.297317981719970703e-01,8.838946718439152361e-01,3.654928487128396020e-01,-3.033477889783180448e-01,3.138172204167178347e-01
2.684969455003738403e-02,-8.043457567691802979e-02,-1.474322006106376648e-02,-3.769472241401672363e-02,7.384698390960693359e-01,2.566574215888977051e-01,-4.494390189647674561e-01,2.300654351711273193e-01,8.832914903313779931e-01,3.706388439498382037e-01,-3.047183883751390931e-01,3.144307099180279619e-01
2.713581174612045288e-02,-8.043089509010314941e-02,-1.436329819262027740e-02,-3.748062252998352051e-02,7.378141283988952637e-01,2.616356015205383301e-01,-4.506054222583770752e-01,2.303944528102874756e-01,8.826876834230980018e-01,3.757456609753074828e-01,-3.060777732411058549e-01,3.150386965885990653e-01
2.742026373744010925e-02,-8.042614161968231201e-02,-1.398563757538795471e-02,-3.726802766323089600e-02,7.371563911437988281e-01,2.665777206420898438e-01,-4.517598748207092285e-01,2.307191640138626099e-01,8.820832722412988991e-01,3.808135201651669521e-01,-3.074260259922621530e-01,3.156412254837429043e-01
2.770301699638366699e-02,-8.042034506797790527e-02,-1.361019536852836609e-02,-3.705694526433944702e-02,7.364969849586486816e-01,2.714839577674865723e-01,-4.529025852680206299e-01,2.310400605201721191e-01,8.814782776583830470e-01,3.858426407739870001e-01,-3.087632285181993730e-01,3.162383413289517886e-01
2.798410877585411072e-02,-8.041359484195709229e-02,-1.323703117668628693e-02,-3.684730827808380127e-02,7.358361482620239258e-01,2.763547897338867188e-01,-4.540338218212127686e-01,2.313565164804458618e-01,8.808727203335735556e-01,3.908332407837700195e-01,-3.100894621831684628e-01,3.168300885221450036e-01
2.826352789998054504e-02,-8.040584623813629150e-02,-1.286612078547477722e-02,-3.663913905620574951e-02,7.351737618446350098e-01,2.811900675296783447e-01,-4.551532864570617676e-01,2.316688448190689087e-01,8.802666207495962736e-01,3.957855367515294431e-01,-3.114048078273379261e-01,3.174165111358984714e-01
2.854125201702117920e-02,-8.039712905883789062e-02,-1.249745301902294159e-02,-3.643243014812469482e-02,7.345097661018371582e-01,2.859899401664733887e-01,-4.562612771987915039e-01,2.319771349430084229e-01,8.796599992493480125e-01,4.006997436565938320e-01,-3.127093457678941091e-01,3.179976529196895663e-01
2.881731837987899780e-02,-8.038748800754547119e-02,-1.213100180029869080e-02,-3.622717410326004028e-02,7.338446378707885742e-01,2.907550334930419922e-01,-4.573581218719482422e-01,2.322815358638763428e-01,8.790528760725759838e-01,4.055760747471470751e-01,-3.140031558002434053e-01,3.185735573021303835e-01
2.909164875745773315e-02,-8.037690818309783936e-02,-1.176676899194717407e-02,-3.602337837219238281e-02,7.331781387329101562e-01,2.954848110675811768e-01,-4.584437608718872070e-01,2.325823307037353516e-01,8.784452713925831047e-01,4.104147413860569360e-01,-3.152863171992364988e-01,3.191442673932059493e-01
2.936431951820850372e-02,-8.036540448665618896e-02,-1.140477880835533142e-02,-3.582102060317993164e-02,7.325103282928466797e-01,3.001797199249267578e-01,-4.595180749893188477e-01,2.328789830207824707e-01,8.778372053529299723e-01,4.152159528958838663e-01,-3.165589087202462792e-01,3.197098259865104319e-01
2.963527292013168335e-02,-8.035300672054290771e-02,-1.104498468339443207e-02,-3.562010824680328369e-02,7.318414449691772461e-01,3.048398792743682861e-01,-4.605814814567565918e-01,2.331721484661102295e-01,8.772286981041319542e-01,4.199799164035623034e-01,-3.178210086004484292e-01,3.202702755614920682e-01
2.990453690290451050e-02,-8.033978939056396484e-02,-1.068742759525775909e-02,-3.542058169841766357e-02,7.311717271804809570e-01,3.094656467437744141e-01,-4.616340100765228271e-01,2.334614247083663940e-01,8.766197698404045724e-01,4.247068366843699261e-01,-3.190726945599334785e-01,3.208256582856781614e-01
3.017208538949489594e-02,-8.032567799091339111e-02,-1.033203676342964172e-02,-3.522250056266784668e-02,7.305009365081787109e-01,3.140569031238555908e-01,-4.626757502555847168e-01,2.337474077939987183e-01,8.760104408363700301e-01,4.293969160052970024e-01,-3.203140438028857506e-01,3.213760160169241153e-01
3.043797612190246582e-02,-8.031070232391357422e-02,-9.978812187910079956e-03,-3.502576798200607300e-02,7.298287153244018555e-01,3.186145126819610596e-01,-4.637066423892974854e-01,2.340294718742370605e-01,8.754005823949911891e-01,4.340510444329694906e-01,-3.215451397315638449e-01,3.219213892122911869e-01
3.070216625928878784e-02,-8.029496669769287109e-02,-9.627757593989372253e-03,-3.483045846223831177e-02,7.291563153266906738e-01,3.231383860111236572e-01,-4.647273123264312744e-01,2.343084514141082764e-01,8.747903121836326790e-01,4.386689697576460767e-01,-3.227660541494160595e-01,3.224618198291740456e-01
3.096467256546020508e-02,-8.027835190296173096e-02,-9.278865531086921692e-03,-3.463650494813919067e-02,7.284824848175048828e-01,3.276284337043762207e-01,-4.657371342182159424e-01,2.345836758613586426e-01,8.741796539238541053e-01,4.432508722825631575e-01,-3.239768625857776252e-01,3.229973488316854047e-01
3.122547641396522522e-02,-8.026099205017089844e-02,-8.932165801525115967e-03,-3.444394469261169434e-02,7.278081774711608887e-01,3.320846557617187500e-01,-4.667366743087768555e-01,2.348555624485015869e-01,8.735686223853895704e-01,4.477969717113009507e-01,-3.251776404721432590e-01,3.235280168158966019e-01
3.148461133241653442e-02,-8.024287223815917969e-02,-8.587628602981567383e-03,-3.425270318984985352e-02,7.271331548690795898e-01,3.365079164505004883e-01,-4.677258133888244629e-01,2.351238280534744263e-01,8.729572321776566390e-01,4.523074864670539319e-01,-3.263684627491176271e-01,3.240538640762712363e-01
3.174201771616935730e-02,-8.022396266460418701e-02,-8.245179429650306702e-03,-3.406287729740142822e-02,7.264575362205505371e-01,3.408977687358856201e-01,-4.687049984931945801e-01,2.353894263505935669e-01,8.723454977739151239e-01,4.567826335948250716e-01,-3.275494038681949771e-01,3.245749306078121732e-01
3.199771791696548462e-02,-8.020430803298950195e-02,-7.904885336756706238e-03,-3.387438505887985229e-02,7.257812619209289551e-01,3.452543914318084717e-01,-4.696739017963409424e-01,2.356516867876052856e-01,8.717334335354899322e-01,4.612226286630736749e-01,-3.287205377934945827e-01,3.250912561082049956e-01
3.225172683596611023e-02,-8.018395304679870605e-02,-7.566709071397781372e-03,-3.368721902370452881e-02,7.251045703887939453e-01,3.495783805847167969e-01,-4.706330299377441406e-01,2.359108775854110718e-01,8.711210537359758144e-01,4.656276856650344298e-01,-3.298819380034958559e-01,3.256028799799649542e-01
3.250405192375183105e-02,-8.016288280487060547e-02,-7.230684161186218262e-03,-3.350137174129486084e-02,7.244275212287902832e-01,3.538696467876434326e-01,-4.715820550918579102e-01,2.361666858196258545e-01,8.705083725854486643e-01,4.699980169197642832e-01,-3.310336774927955528e-01,3.261098413325789758e-01
3.275464475154876709e-02,-8.014109730720520020e-02,-6.896737962961196899e-03,-3.331688791513442993e-02,7.237499356269836426e-01,3.581280708312988281e-01,-4.725213944911956787e-01,2.364198863506317139e-01,8.698954042546961363e-01,4.743338329726412561e-01,-3.321758287738658666e-01,3.266121789846559431e-01
3.300358727574348450e-02,-8.011865615844726562e-02,-6.564926356077194214e-03,-3.313367813825607300e-02,7.230721712112426758e-01,3.623545467853546143e-01,-4.734508693218231201e-01,2.366697043180465698e-01,8.692821628994633620e-01,4.786353424953178060e-01,-3.333084638787778831e-01,3.271099314660675383e-01
3.325079753994941711e-02,-8.009552955627441406e-02,-6.235156208276748657e-03,-3.295181691646575928e-02,7.223941087722778320e-01,3.665485978126525879e-01,-4.743709862232208252e-01,2.369171679019927979e-01,8.686686626846860104e-01,4.829027521857277017e-01,-3.344316543609364700e-01,3.276031370200923054e-01
3.349629417061805725e-02,-8.007171750068664551e-02,-5.907483398914337158e-03,-3.277127444744110107e-02,7.217155694961547852e-01,3.707102835178375244e-01,-4.752814173698425293e-01,2.371617406606674194e-01,8.680549178087484385e-01,4.871362666673832997e-01,-3.355454712968837794e-01,3.280918336055627660e-01
3.374013677239418030e-02,-8.004732429981231689e-02,-5.581973120570182800e-03,-3.259195387363433838e-02,7.210372090339660645e-01,3.748403787612915039e-01,-4.761822223663330078e-01,2.374027371406555176e-01,8.674409425277550545e-01,4.913360883887265551e-01,-3.366499852879542565e-01,3.285760588990098707e-01
3.398224338889122009e-02,-8.002226054668426514e-02,-5.258452147245407104e-03,-3.241398930549621582e-02,7.203586101531982422e-01,3.789384365081787109e-01,-4.770739078521728516e-01,2.376417815685272217e-01,8.668267511798005698e-01,4.955024175215514415e-01,-3.377452664621234391e-01,3.290558502968102261e-01
3.422271460294723511e-02,-7.999660074710845947e-02,-4.936991259455680847e-03,-3.223726153373718262e-02,7.196799516677856445e-01,3.830056488513946533e-01,-4.779562950134277344e-01,2.378778457641601562e-01,8.662122876714761777e-01,4.996357788132945177e-01,-3.388313864293481248e-01,3.295312442008707654e-01
3.446146845817565918e-02,-7.997030019760131836e-02,-4.617538303136825562e-03,-3.206180781126022339e-02,7.190009951591491699e-01,3.870414197444915771e-01,-4.788295924663543701e-01,2.381115108728408813e-01,8.655975601605753189e-01,5.037363977566070572e-01,-3.399084145538655011e-01,3.300022773884581095e-01
3.469855338335037231e-02,-7.994347810745239258e-02,-4.300173372030258179e-03,-3.188756108283996582e-02,7.183222770690917969e-01,3.910461962223052979e-01,-4.796937704086303711e-01,2.383421808481216431e-01,8.649826229724854043e-01,5.078042838464073006e-01,-3.409764184572851020e-01,3.304689868304824807e-01
3.493397310376167297e-02,-7.991604506969451904e-02,-3.984790295362472534e-03,-3.171461820602416992e-02,7.176436781883239746e-01,3.950201570987701416e-01,-4.805490970611572266e-01,2.385706752538681030e-01,8.643674861979607771e-01,5.118396497022763558e-01,-3.420354665248870329e-01,3.309314087751752953e-01
3.516771644353866577e-02,-7.988803088665008545e-02,-3.671435639262199402e-03,-3.154288232326507568e-02,7.169649600982666016e-01,3.989634513854980469e-01,-4.813953340053558350e-01,2.387963980436325073e-01,8.637521597964878950e-01,5.158427067445954251e-01,-3.430856266865657811e-01,3.313895791979289407e-01
3.539977222681045532e-02,-7.985948026180267334e-02,-3.360100090503692627e-03,-3.137241303920745850e-02,7.162865996360778809e-01,4.028757810592651367e-01,-4.822328686714172363e-01,2.390198111534118652e-01,8.631366536105512521e-01,5.198136651397662344e-01,-3.441269664188150168e-01,3.318435338033421944e-01
3.563012555241584778e-02,-7.983037829399108887e-02,-3.050742670893669128e-03,-3.120313584804534912e-02,7.156081199645996094e-01,4.067578613758087158e-01,-4.830616116523742676e-01,2.392408847808837891e-01,8.625209773799444868e-01,5.237527337463596666e-01,-3.451595527468027114e-01,3.322933080272650330e-01
3.585886210203170776e-02,-7.980078458786010742e-02,-2.743404358625411987e-03,-3.103505820035934448e-02,7.149301767349243164e-01,4.106099903583526611e-01,-4.838817119598388672e-01,2.394592612981796265e-01,8.619051407560673894e-01,5.276601200607192732e-01,-3.461834522463442254e-01,3.327389370388375567e-01
3.608590736985206604e-02,-7.977068424224853516e-02,-2.438057214021682739e-03,-3.086817264556884766e-02,7.142524719238281250e-01,4.144319295883178711e-01,-4.846932590007781982e-01,2.396752834320068359e-01,8.612891533162450042e-01,5.315360301619077577e-01,-3.471987310459776488e-01,3.331804557425331881e-01
3.631125018000602722e-02,-7.974001765251159668e-02,-2.134619280695915222e-03,-3.070257604122161865e-02,7.135748863220214844e-01,4.182237088680267334e-01,-4.854964911937713623e-01,2.398897707462310791e-01,8.606730245780467303e-01,5.353806686573094886e-01,-3.482054548289251761e-01,3.336178987802038143e-01
3.653497993946075439e-02,-7.970887422561645508e-02,-1.833189278841018677e-03,-3.053811937570571899e-02,7.128977179527282715e-01,4.219859242439270020e-01,-4.862910509109497070e-01,2.401013672351837158e-01,8.600567640136108638e-01,5.391942386270853760e-01,-3.492036888352030854e-01,3.340513005331187113e-01
3.675703704357147217e-02,-7.967731356620788574e-02,-1.533724367618560791e-03,-3.037481755018234253e-02,7.122211456298828125e-01,4.257188141345977783e-01,-4.870774447917938232e-01,2.403108179569244385e-01,8.594403810639973385e-01,5.429769415693384005e-01,-3.501934978635486417e-01,3.344806951240119619e-01
3.697744011878967285e-02,-7.964520156383514404e-02,-1.236161217093467712e-03,-3.021273016929626465e-02,7.115448117256164551e-01,4.294221997261047363e-01,-4.878555536270141602e-01,2.405183315277099609e-01,8.588238851535262564e-01,5.467289773442396417e-01,-3.511749462735184735e-01,3.349061164191218798e-01
3.719618543982505798e-02,-7.961267232894897461e-02,-9.405668824911117554e-04,-3.005178272724151611e-02,7.108689546585083008e-01,4.330964386463165283e-01,-4.886254668235778809e-01,2.407235354185104370e-01,8.582072857041369573e-01,5.504505441185931769e-01,-3.521480979874956896e-01,3.353275980302339310e-01
3.741328790783882141e-02,-7.957969605922698975e-02,-6.469078361988067627e-04,-2.989202737808227539e-02,7.101937532424926758e-01,4.367414414882659912e-01,-4.893873035907745361e-01,2.409267276525497437e-01,8.575905921497503082e-01,5.541418383100163991e-01,-3.531130164926743475e-01,3.357451733167232666e-01
3.762872517108917236e-02,-7.954625785350799561e-02,-3.550965338945388794e-04,-2.973341941833496094e-02,7.095188498497009277e-01,4.403579235076904297e-01,-4.901413917541503906e-01,2.411282360553741455e-01,8.569737960543212241e-01,5.578031377754913978e-01,-3.540697653335485584e-01,3.361588750692099947e-01
3.784257918596267700e-02,-7.951240241527557373e-02,-6.525777280330657959e-05,-2.957589924335479736e-02,7.088444232940673828e-01,4.439457654953002930e-01,-4.908870458602905273e-01,2.413269877433776855e-01,8.563568509816417151e-01,5.614348956448844685e-01,-3.550184086660000959e-01,3.365687351531768678e-01
3.805476427078247070e-02,-7.947812974452972412e-02,2.227462828159332275e-04,-2.941952645778656006e-02,7.081707119941711426e-01,4.475053548812866211e-01,-4.916252493858337402e-01,2.415243089199066162e-01,8.557398161057034880e-01,5.650370721586114309e-01,-3.559590073242894781e-01,3.369747870657198718e-01
3.826535493135452271e-02,-7.944341003894805908e-02,5.088616162538528442e-04,-2.926431596279144287e-02,7.074974775314331055e-01,4.510366618633270264e-01,-4.923554956912994385e-01,2.417196333408355713e-01,8.551226978653243549e-01,5.686098711323168686e-01,-3.568916231626282354e-01,3.373770631202816506e-01
3.847429901361465454e-02,-7.940831780433654785e-02,7.931031286716461182e-04,-2.911019325256347656e-02,7.068248987197875977e-01,4.545398056507110596e-01,-4.930781126022338867e-01,2.419130504131317139e-01,8.545055025587400266e-01,5.721534954152878161e-01,-3.578163176163111081e-01,3.377755953841060643e-01
3.868162631988525391e-02,-7.937280833721160889e-02,1.075495034456253052e-03,-2.895721793174743652e-02,7.061530351638793945e-01,4.580149054527282715e-01,-4.937931597232818604e-01,2.421047985553741455e-01,8.538882363512120266e-01,5.756681468669448964e-01,-3.587331517040073803e-01,3.381704156801645933e-01
3.888737410306930542e-02,-7.933695614337921143e-02,1.355987042188644409e-03,-2.880528569221496582e-02,7.054818868637084961e-01,4.614625573158264160e-01,-4.945004880428314209e-01,2.422941923141479492e-01,8.532709052826470408e-01,5.791540263326240279e-01,-3.596421860299035544e-01,3.385615555890774120e-01
3.909145295619964600e-02,-7.930071651935577393e-02,1.634713262319564819e-03,-2.865448594093322754e-02,7.048114538192749023e-01,4.648826718330383301e-01,-4.952006936073303223e-01,2.424825727939605713e-01,8.526535152752020563e-01,5.826113336199580939e-01,-3.605434807859601576e-01,3.389490464510341305e-01
3.929398581385612488e-02,-7.926411926746368408e-02,1.911530271172523499e-03,-2.850472182035446167e-02,7.041417360305786133e-01,4.682753086090087891e-01,-4.958930611610412598e-01,2.426684200763702393e-01,8.520360721409356852e-01,5.860402674747673402e-01,-3.614370957540778417e-01,3.393329193677141475e-01
3.949489444494247437e-02,-7.922717928886413574e-02,2.186568453907966614e-03,-2.835607528686523438e-02,7.034729719161987305e-01,4.716408848762512207e-01,-4.965783953666687012e-01,2.428530156612396240e-01,8.514185815894251830e-01,5.894410255567854584e-01,-3.623230903083538568e-01,3.397132052042070027e-01
3.969420120120048523e-02,-7.918983697891235352e-02,2.459775656461715698e-03,-2.820852398872375488e-02,7.028048038482666016e-01,4.749789535999298096e-01,-4.972562193870544434e-01,2.430358678102493286e-01,8.508010492354290966e-01,5.928138044152770902e-01,-3.632015234172932261e-01,3.400899345909391691e-01
3.989193961024284363e-02,-7.915218174457550049e-02,2.731204032897949219e-03,-2.806200087070465088e-02,7.021373510360717773e-01,4.782906174659729004e-01,-4.979270100593566895e-01,2.432170361280441284e-01,8.501834806065170502e-01,5.961587994649822919e-01,-3.640724536459748473e-01,3.404631379255872448e-01
4.008809104561805725e-02,-7.911418378353118896e-02,3.000851720571517944e-03,-2.791655063629150391e-02,7.014707922935485840e-01,4.815755188465118408e-01,-4.985906481742858887e-01,2.433967292308807373e-01,8.495658811507493802e-01,5.994762049612959443e-01,-3.649359391582965295e-01,3.408328453750069653e-01
4.028265178203582764e-02,-7.907587289810180664e-02,3.268683329224586487e-03,-2.777215838432312012e-02,7.008053064346313477e-01,4.848335683345794678e-01,-4.992471635341644287e-01,2.435747832059860229e-01,8.489482562443401159e-01,6.027662139757207216e-01,-3.657920377191752892e-01,3.411990868771488938e-01
4.047564417123794556e-02,-7.903729379177093506e-02,3.534743562340736389e-03,-2.762876451015472412e-02,7.001407146453857422e-01,4.880657494068145752e-01,-4.998968541622161865e-01,2.437511831521987915e-01,8.483306111993136334e-01,6.060290183714299728e-01,-3.666408066967810075e-01,3.415618921429810495e-01
4.066709056496620178e-02,-7.899834215641021729e-02,3.799038007855415344e-03,-2.748642861843109131e-02,6.994767785072326660e-01,4.912714064121246338e-01,-5.005393028259277344e-01,2.439259290695190430e-01,8.477129512712118231e-01,6.092648087782278621e-01,-3.674823030647136890e-01,3.419212906584145895e-01
4.085694998502731323e-02,-7.895912230014801025e-02,4.061615094542503357e-03,-2.734509110450744629e-02,6.988137960433959961e-01,4.944514036178588867e-01,-5.011751055717468262e-01,2.440994083881378174e-01,8.470952553528507956e-01,6.124738930539218584e-01,-3.683165843329365696e-01,3.422773101499497206e-01
4.104528576135635376e-02,-7.891960442066192627e-02,4.322428256273269653e-03,-2.720479667186737061e-02,6.981519460678100586e-01,4.976054430007934570e-01,-5.018040537834167480e-01,2.442713230848312378e-01,8.464775434531812692e-01,6.156563925356678402e-01,-3.691437061687340426e-01,3.426299805256822761e-01
4.123205691576004028e-02,-7.887978851795196533e-02,4.581538960337638855e-03,-2.706550061702728271e-02,6.974908113479614258e-01,5.007339715957641602e-01,-5.024263858795166016e-01,2.444419115781784058e-01,8.458598229067653129e-01,6.188124841253704878e-01,-3.699637242976090978e-01,3.429793307364235044e-01
4.141728952527046204e-02,-7.883970439434051514e-02,4.838880151510238647e-03,-2.692720293998718262e-02,6.968308687210083008e-01,5.038368105888366699e-01,-5.030418038368225098e-01,2.446108460426330566e-01,8.452420976437923228e-01,6.219423586060208731e-01,-3.707766941785897719e-01,3.433253893183589867e-01
4.160100966691970825e-02,-7.879935204982757568e-02,5.094544962048530579e-03,-2.678988873958587646e-02,6.961717605590820312e-01,5.069145560264587402e-01,-5.036507248878479004e-01,2.447784394025802612e-01,8.446243714956077620e-01,6.250462057721652975e-01,-3.715826708900710762e-01,3.436681845874906549e-01
4.178318381309509277e-02,-7.875873148441314697e-02,5.348494276404380798e-03,-2.665360271930694580e-02,6.955138444900512695e-01,5.099669694900512695e-01,-5.042532086372375488e-01,2.449448704719543457e-01,8.440066482000340153e-01,6.281242144155273488e-01,-3.723817091320828498e-01,3.440077446414298024e-01
4.196383059024810791e-02,-7.871785759925842285e-02,5.600772798061370850e-03,-2.651825547218322754e-02,6.948567628860473633e-01,5.129947066307067871e-01,-5.048491358757019043e-01,2.451099157333374023e-01,8.433889314067023468e-01,6.311765723109573623e-01,-3.731738632286256130e-01,3.443440973611666678e-01
4.214295744895935059e-02,-7.867674529552459717e-02,5.851354449987411499e-03,-2.638389170169830322e-02,6.942009329795837402e-01,5.159974098205566406e-01,-5.054386854171752930e-01,2.452735900878906250e-01,8.427712246823555464e-01,6.342034662024911285e-01,-3.739591871299388637e-01,3.446772704128574505e-01
4.232058674097061157e-02,-7.863533496856689453e-02,6.100295111536979675e-03,-2.625049650669097900e-02,6.935459375381469727e-01,5.189756155014038086e-01,-5.060217976570129395e-01,2.454360574483871460e-01,8.421535315162220758e-01,6.372050817887526808e-01,-3.747377344148028477e-01,3.450072912496023880e-01
4.249671101570129395e-02,-7.859376072883605957e-02,6.347529590129852295e-03,-2.611802518367767334e-02,6.928921341896057129e-01,5.219293832778930664e-01,-5.065986514091491699e-01,2.455970644950866699e-01,8.415358553253270424e-01,6.401816037089596012e-01,-3.755095582928518749e-01,3.453341871132298291e-01
4.267135635018348694e-02,-7.855191826820373535e-02,6.593151018023490906e-03,-2.598653733730316162e-02,6.922394633293151855e-01,5.248590707778930664e-01,-5.071693062782287598e-01,2.457570135593414307e-01,8.409181994598472487e-01,6.431332155283793206e-01,-3.762747116068311248e-01,3.456579850360748107e-01
4.284448176622390747e-02,-7.850988209247589111e-02,6.837114691734313965e-03,-2.585597336292266846e-02,6.915879845619201660e-01,5.277644395828247070e-01,-5.077338218688964844e-01,2.459157407283782959e-01,8.403005672084804534e-01,6.460600997238429288e-01,-3.770332468349323896e-01,3.459787118427523622e-01
4.301611334085464478e-02,-7.846757769584655762e-02,7.079457864165306091e-03,-2.572636306285858154e-02,6.909373998641967773e-01,5.306456089019775391e-01,-5.082921385765075684e-01,2.460733354091644287e-01,8.396829618037893184e-01,6.489624376695837249e-01,-3.777852160930850189e-01,3.462963941519554556e-01
4.318631067872047424e-02,-7.842506468296051025e-02,7.320169359445571899e-03,-2.559767663478851318e-02,6.902879476547241211e-01,5.335032343864440918e-01,-5.088443160057067871e-01,2.462295591831207275e-01,8.390653864275730012e-01,6.518404096223684441e-01,-3.785306711372122823e-01,3.466110583782177068e-01
4.335500299930572510e-02,-7.838235795497894287e-02,7.559273391962051392e-03,-2.546989917755126953e-02,6.896396279335021973e-01,5.363371372222900391e-01,-5.093905329704284668e-01,2.463847696781158447e-01,8.384478442162421885e-01,6.546941947071723833e-01,-3.792696633656014726e-01,3.469227307337036659e-01
4.352223873138427734e-02,-7.833947241306304932e-02,7.796784862875938416e-03,-2.534303069114685059e-02,6.889926195144653320e-01,5.391478538513183594e-01,-5.099309086799621582e-01,2.465389072895050049e-01,8.378303298737107552e-01,6.575240025967761248e-01,-3.800022426987546553e-01,3.472314358353447150e-01
4.368803650140762329e-02,-7.829636335372924805e-02,8.032685145735740662e-03,-2.521707117557525635e-02,6.883466243743896484e-01,5.419350266456604004e-01,-5.104652047157287598e-01,2.466916739940643311e-01,8.372128437230895726e-01,6.603300204730724321e-01,-3.807284594602141636e-01,3.475371990408110401e-01
4.385238885879516602e-02,-7.825309038162231445e-02,8.267028257250785828e-03,-2.509202063083648682e-02,6.877020001411437988e-01,5.446994304656982422e-01,-5.109939575195312500e-01,2.468436211347579956e-01,8.365953949464938200e-01,6.631124007694778610e-01,-3.814483648114121994e-01,3.478400469877661050e-01
4.401526972651481628e-02,-7.820957899093627930e-02,8.499840274453163147e-03,-2.496786415576934814e-02,6.870582103729248047e-01,5.474405884742736816e-01,-5.115167498588562012e-01,2.469947040081024170e-01,8.359779859076356123e-01,6.658713203848353190e-01,-3.821620086566005492e-01,3.481400049895232440e-01
4.417672753334045410e-02,-7.816593348979949951e-02,8.731044828891754150e-03,-2.484460175037384033e-02,6.864160299301147461e-01,5.501588582992553711e-01,-5.120338797569274902e-01,2.471445798873901367e-01,8.353606189068216725e-01,6.686069551838382807e-01,-3.828694405478383356e-01,3.484370981584548610e-01
4.433675482869148254e-02,-7.812209427356719971e-02,8.960712701082229614e-03,-2.472221851348876953e-02,6.857747435569763184e-01,5.528545379638671875e-01,-5.125453472137451172e-01,2.472934722900390625e-01,8.347432961850217437e-01,6.713194799879558250e-01,-3.835707096870782373e-01,3.487313514075542353e-01
4.449538141489028931e-02,-7.807812094688415527e-02,9.188828989863395691e-03,-2.460065484046936035e-02,6.851348280906677246e-01,5.555281043052673340e-01,-5.130511522293090820e-01,2.474411576986312866e-01,8.341260199279180165e-01,6.740090685652638802e-01,-3.842658649282872929e-01,3.490227894519832286e-01
4.465256258845329285e-02,-7.803395390510559082e-02,9.415416046977043152e-03,-2.448000013828277588e-02,6.844961643218994141e-01,5.581790208816528320e-01,-5.135514140129089355e-01,2.475880235433578491e-01,8.335087922699705443e-01,6.766758936209863462e-01,-3.849549547796013993e-01,3.493114368106398082e-01
4.480835422873497009e-02,-7.798960804939270020e-02,9.640490636229515076e-03,-2.436019480228424072e-02,6.838585138320922852e-01,5.608078241348266602e-01,-5.140460729598999023e-01,2.477338761091232300e-01,8.328916152984883192e-01,6.793201267877649885e-01,-3.856380274053664570e-01,3.495973178077030341e-01
4.496274143457412720e-02,-7.794517278671264648e-02,9.864054620265960693e-03,-2.424123883247375488e-02,6.832224130630493164e-01,5.634148120880126953e-01,-5.145356059074401855e-01,2.478789091110229492e-01,8.322744910577061228e-01,6.819419386157636875e-01,-3.863151306283383324e-01,3.498804565741970851e-01
4.511572793126106262e-02,-7.790049910545349121e-02,1.008611731231212616e-02,-2.412311732769012451e-02,6.825870871543884277e-01,5.659996867179870605e-01,-5.150192379951477051e-01,2.480228692293167114e-01,8.316574215528534930e-01,6.845414985632095606e-01,-3.869863119317238365e-01,3.501608770495415746e-01
4.526735842227935791e-02,-7.785573601722717285e-02,1.030667498707771301e-02,-2.400584518909454346e-02,6.819533109664916992e-01,5.685631036758422852e-01,-5.154977440834045410e-01,2.481658756732940674e-01,8.310404087542511142e-01,6.871189749860612261e-01,-3.876516184613356675e-01,3.504386029831114691e-01
4.541758447885513306e-02,-7.781082391738891602e-02,1.052578352391719818e-02,-2.388940751552581787e-02,6.813207864761352539e-01,5.711050033569335938e-01,-5.159710645675659180e-01,2.483082711696624756e-01,8.304234546013991025e-01,6.896745351286599490e-01,-3.883110970277240392e-01,3.507136579357868489e-01
4.556644335389137268e-02,-7.776576280593872070e-02,1.074341125786304474e-02,-2.377381920814514160e-02,6.806895732879638672e-01,5.736253857612609863e-01,-5.164390802383422852e-01,2.484497874975204468e-01,8.298065610070586295e-01,6.922083451135055965e-01,-3.889647941082290949e-01,3.509860652815159909e-01
4.571392759680747986e-02,-7.772059738636016846e-02,1.095955260097980499e-02,-2.365897595882415771e-02,6.800594925880432129e-01,5.761247277259826660e-01,-5.169017910957336426e-01,2.485901415348052979e-01,8.291897298613664091e-01,6.947205699314714655e-01,-3.896127558491699339e-01,3.512558482088675160e-01
4.586005955934524536e-02,-7.767526805400848389e-02,1.117427460849285126e-02,-2.354502677917480469e-02,6.794307231903076172e-01,5.786026716232299805e-01,-5.173594355583190918e-01,2.487300932407379150e-01,8.285729630359266462e-01,6.972113734320722900e-01,-3.902550280679192851e-01,3.515230297225885314e-01
4.600484296679496765e-02,-7.762981951236724854e-02,1.138753071427345276e-02,-2.343183755874633789e-02,6.788031458854675293e-01,5.810598731040954590e-01,-5.178118944168090820e-01,2.488689124584197998e-01,8.279562623879336281e-01,6.996809183130225929e-01,-3.908916562550016627e-01,3.517876326451540026e-01
4.614829644560813904e-02,-7.758428156375885010e-02,1.159936375916004181e-02,-2.331943809986114502e-02,6.781769394874572754e-01,5.834966897964477539e-01,-5.182594060897827148e-01,2.490069270133972168e-01,8.273396297642675590e-01,7.021293661108330975e-01,-3.915226855762706237e-01,3.520496796183313903e-01
4.629037529230117798e-02,-7.753862440586090088e-02,1.180975511670112610e-02,-2.320785820484161377e-02,6.775521636009216309e-01,5.859123468399047852e-01,-5.187018513679504395e-01,2.491443455219268799e-01,8.267230670056248121e-01,7.045568771904230365e-01,-3.921481608749498582e-01,3.523091931047291903e-01
4.643116146326065063e-02,-7.749281823635101318e-02,1.201874017715454102e-02,-2.309703826904296875e-02,6.769283413887023926e-01,5.883077383041381836e-01,-5.191391110420227051e-01,2.492807209491729736e-01,8.261065759506386330e-01,7.069636107351706666e-01,-3.927681266737990673e-01,3.525661953893595713e-01
4.657061770558357239e-02,-7.744693756103515625e-02,1.222632080316543579e-02,-2.298702299594879150e-02,6.763061285018920898e-01,5.906828045845031738e-01,-5.195717215538024902e-01,2.494165450334548950e-01,8.254901584399996217e-01,7.093497247371816083e-01,-3.933826271772347116e-01,3.528207085811881361e-01
4.670874774456024170e-02,-7.740093767642974854e-02,1.243252120912075043e-02,-2.287775278091430664e-02,6.756850481033325195e-01,5.930378437042236328e-01,-5.199993848800659180e-01,2.495515942573547363e-01,8.248738163205937557e-01,7.117153759866827745e-01,-3.939917062734049069e-01,3.530727546146901208e-01
4.684559255838394165e-02,-7.735481858253479004e-02,1.263732835650444031e-02,-2.276930212974548340e-02,6.750652790069580078e-01,5.953727364540100098e-01,-5.204222202301025391e-01,2.496860027313232422e-01,8.242575514496360833e-01,7.140607200624549122e-01,-3.945954075363101166e-01,3.533223552514147547e-01
4.698112607002258301e-02,-7.730862498283386230e-02,1.284074969589710236e-02,-2.266156673431396484e-02,6.744467616081237793e-01,5.976877808570861816e-01,-5.208402872085571289e-01,2.498195469379425049e-01,8.236413656988077481e-01,7.163859113215548247e-01,-3.951937742279805765e-01,3.535695320815285814e-01
4.711537808179855347e-02,-7.726237177848815918e-02,1.304277777671813965e-02,-2.255459129810333252e-02,6.738297939300537109e-01,5.999830961227416992e-01,-5.212535262107849121e-01,2.499523162841796875e-01,8.230252609583975643e-01,7.186911028892012387e-01,-3.957868493004944588e-01,3.538143065253801511e-01
4.724832251667976379e-02,-7.721599936485290527e-02,1.324349455535411835e-02,-2.244837582111358643e-02,6.732140183448791504e-01,6.022590398788452148e-01,-5.216622948646545410e-01,2.500847578048706055e-01,8.224092391414618008e-01,7.209764466486598966e-01,-3.963746753981893245e-01,3.540566998350533345e-01
4.737999662756919861e-02,-7.716950774192810059e-02,1.344286836683750153e-02,-2.234292030334472656e-02,6.725994944572448730e-01,6.045153737068176270e-01,-5.220662951469421387e-01,2.502164840698242188e-01,8.217933021879645361e-01,7.232420932311857120e-01,-3.969572948596921669e-01,3.542967330959222449e-01
4.751040413975715637e-02,-7.712297141551971436e-02,1.364085637032985687e-02,-2.223818004131317139e-02,6.719863414764404297e-01,6.067523956298828125e-01,-5.224656462669372559e-01,2.503472566604614258e-01,8.211774520689374413e-01,7.254881920058529055e-01,-3.975347497201073832e-01,3.545344272282057729e-01
4.763953015208244324e-02,-7.707634568214416504e-02,1.383752748370170593e-02,-2.213418483734130859e-02,6.713744401931762695e-01,6.089700460433959961e-01,-5.228604078292846680e-01,2.504776120185852051e-01,8.205616907906413404e-01,7.277148910694409834e-01,-3.981070817130699102e-01,3.547698029885291704e-01
4.776740446686744690e-02,-7.702964544296264648e-02,1.403289660811424255e-02,-2.203090488910675049e-02,6.707639694213867188e-01,6.111690402030944824e-01,-5.232507586479187012e-01,2.506074011325836182e-01,8.199460203987273266e-01,7.299223372361575146e-01,-3.986743322729335293e-01,3.550028809714736444e-01
4.789404198527336121e-02,-7.698290050029754639e-02,1.422690972685813904e-02,-2.192834019660949707e-02,6.701548695564270020e-01,6.133490204811096191e-01,-5.236365795135498047e-01,2.507363259792327881e-01,8.193304429824090906e-01,7.321106760277416026e-01,-3.992365425367894738e-01,3.552336816111372197e-01
4.801943153142929077e-02,-7.693600654602050781e-02,1.441967301070690155e-02,-2.182650566101074219e-02,6.695467233657836914e-01,6.155102849006652832e-01,-5.240178108215332031e-01,2.508648633956909180e-01,8.187149147117110948e-01,7.342802464969965248e-01,-3.997937520977072889e-01,3.554622238758242680e-01
4.814361408352851868e-02,-7.688909769058227539e-02,1.461112499237060547e-02,-2.172535657882690430e-02,6.689401865005493164e-01,6.176533102989196777e-01,-5.243949294090270996e-01,2.509926557540893555e-01,8.180994644536980775e-01,7.364310785724735853e-01,-4.003460022295821097e-01,3.556885286417686975e-01
4.826655238866806030e-02,-7.684212923049926758e-02,1.480129733681678772e-02,-2.162492275238037109e-02,6.683349013328552246e-01,6.197776794433593750e-01,-5.247676968574523926e-01,2.511200308799743652e-01,8.174841033826647507e-01,7.385632760234746019e-01,-4.008933334332036580e-01,3.559126161248030162e-01
4.838827997446060181e-02,-7.679507136344909668e-02,1.499019563198089600e-02,-2.152518928050994873e-02,6.677309870719909668e-01,6.218838691711425781e-01,-5.251359939575195312e-01,2.512467503547668457e-01,8.168688329100454171e-01,7.406769829156967244e-01,-4.014357856537212332e-01,3.561345061072179186e-01
4.850879311561584473e-02,-7.674795389175415039e-02,1.517780683934688568e-02,-2.142612636089324951e-02,6.671282052993774414e-01,6.239717602729797363e-01,-5.254999399185180664e-01,2.513727545738220215e-01,8.162536544681403550e-01,7.427723421587170138e-01,-4.019733985484444383e-01,3.563542182173606299e-01
4.862809181213378906e-02,-7.670080661773681641e-02,1.536417566239833832e-02,-2.132774889469146729e-02,6.665269136428833008e-01,6.260417699813842773e-01,-5.258598327636718750e-01,2.514984011650085449e-01,8.156385695133766545e-01,7.448494954999803630e-01,-4.025062114889872422e-01,3.565717719311590206e-01
4.874620586633682251e-02,-7.665359973907470703e-02,1.554929278790950775e-02,-2.123007178306579590e-02,6.659269928932189941e-01,6.280938982963562012e-01,-5.262154936790466309e-01,2.516235113143920898e-01,8.150235795295430741e-01,7.469085835187292410e-01,-4.030342635632974124e-01,3.567871865736554904e-01
4.886313527822494507e-02,-7.660634815692901611e-02,1.573316566646099091e-02,-2.113303542137145996e-02,6.653283238410949707e-01,6.301284432411193848e-01,-5.265669822692871094e-01,2.517479658126831055e-01,8.144086860310226772e-01,7.489497456199365466e-01,-4.035575935778109025e-01,3.570004813205289174e-01
4.897885769605636597e-02,-7.655903697013854980e-02,1.591578871011734009e-02,-2.103668451309204102e-02,6.647309064865112305e-01,6.321450471878051758e-01,-5.269143581390380859e-01,2.518719434738159180e-01,8.137938905660713207e-01,7.509731200284003316e-01,-4.040762400594708481e-01,3.572116751996282091e-01
4.909342899918556213e-02,-7.651165127754211426e-02,1.609721966087818146e-02,-2.094101905822753906e-02,6.641348600387573242e-01,6.341443061828613281e-01,-5.272575616836547852e-01,2.519955039024353027e-01,8.131791947200488480e-01,7.529788437824574965e-01,-4.045902412578590845e-01,3.574207870925028563e-01
4.920680820941925049e-02,-7.646426558494567871e-02,1.627743616700172424e-02,-2.084597945213317871e-02,6.635401248931884766e-01,6.361263394355773926e-01,-5.275969505310058594e-01,2.521187067031860352e-01,8.125646001186739298e-01,7.549670527280237797e-01,-4.050996351472827550e-01,3.576278357359225502e-01
4.931902140378952026e-02,-7.641682028770446777e-02,1.645644940435886383e-02,-2.075162529945373535e-02,6.629467606544494629e-01,6.380910277366638184e-01,-5.279324054718017578e-01,2.522414922714233398e-01,8.119501084312970018e-01,7.569378815128541271e-01,-4.056044594288609195e-01,3.578328397234156744e-01
4.943011328577995300e-02,-7.636933028697967529e-02,1.663422025740146637e-02,-2.065788209438323975e-02,6.623545885086059570e-01,6.400385499000549316e-01,-5.282634496688842773e-01,2.523632943630218506e-01,8.113357213741554386e-01,7.588914635799270947e-01,-4.061047515326110524e-01,3.580358175067978044e-01
4.954003915190696716e-02,-7.632182538509368896e-02,1.681083254516124725e-02,-2.056480944156646729e-02,6.617639064788818359e-01,6.419692635536193848e-01,-5.285909175872802734e-01,2.524850368499755859e-01,8.107214407136399403e-01,7.608279311618688645e-01,-4.066005486195354846e-01,3.582367873976940453e-01
4.964882135391235352e-02,-7.627429068088531494e-02,1.698624528944492340e-02,-2.047236263751983643e-02,6.611745953559875488e-01,6.438831090927124023e-01,-5.289144515991210938e-01,2.526062428951263428e-01,8.101072682695659166e-01,7.627474152747748537e-01,-4.070918875837193918e-01,3.584357675690669764e-01
4.975647106766700745e-02,-7.622671127319335938e-02,1.716046407818794250e-02,-2.038054168224334717e-02,6.605864763259887695e-01,6.457799077033996582e-01,-5.292339324951171875e-01,2.527267634868621826e-01,8.094932059184470896e-01,7.646500457121416794e-01,-4.075788050544059682e-01,3.586327760567549761e-01
4.986299946904182434e-02,-7.617910206317901611e-02,1.733355224132537842e-02,-2.028936147689819336e-02,6.599997282028198242e-01,6.476604342460632324e-01,-5.295498371124267578e-01,2.528471350669860840e-01,8.088792555967569964e-01,7.665359510387441677e-01,-4.080613373981055170e-01,3.588278307609957252e-01
4.996838793158531189e-02,-7.613141834735870361e-02,1.750550232827663422e-02,-2.019882202148437500e-02,6.594139933586120605e-01,6.495243310928344727e-01,-5.298618078231811523e-01,2.529672384262084961e-01,8.082654193042299040e-01,7.684052585848946126e-01,-4.085395207206822255e-01,3.590209494479520425e-01
5.007265508174896240e-02,-7.608377933502197266e-02,1.767627708613872528e-02,-2.010889351367950439e-02,6.588300466537475586e-01,6.513719558715820312e-01,-5.301702618598937988e-01,2.530869245529174805e-01,8.076516991071230889e-01,7.702580944402104279e-01,-4.090133908694176812e-01,3.592121497512431039e-01
5.017583444714546204e-02,-7.603612542152404785e-02,1.784587092697620392e-02,-2.001953125000000000e-02,6.582472920417785645e-01,6.532033681869506836e-01,-5.304747223854064941e-01,2.532057762145996094e-01,8.070380971415117566e-01,7.720945834476005132e-01,-4.094829834351430553e-01,3.594014491734766059e-01
5.027793347835540771e-02,-7.598841190338134766e-02,1.801437884569168091e-02,-1.993082463741302490e-02,6.576658487319946289e-01,6.550186872482299805e-01,-5.307756662368774414e-01,2.533245086669921875e-01,8.064246156165669754e-01,7.739148491973606436e-01,-4.099483337542801364e-01,3.595888650877711035e-01
5.037890374660491943e-02,-7.594068348407745361e-02,1.818175613880157471e-02,-1.984271407127380371e-02,6.570855379104614258e-01,6.568180918693542480e-01,-5.310730338096618652e-01,2.534430027008056641e-01,8.058112568178512625e-01,7.757190140209960783e-01,-4.104094769109619678e-01,3.597744147392885061e-01
5.047880485653877258e-02,-7.589296996593475342e-02,1.834798790514469147e-02,-1.975518465042114258e-02,6.565068364143371582e-01,6.586015224456787109e-01,-5.313666462898254395e-01,2.535608708858489990e-01,8.051980231106143915e-01,7.775071989856442434e-01,-4.108664477391419378e-01,3.599581152467651313e-01
5.057761818170547485e-02,-7.584521174430847168e-02,1.851313747465610504e-02,-1.966826617717742920e-02,6.559292078018188477e-01,6.603692173957824707e-01,-5.316567420959472656e-01,2.536785900592803955e-01,8.045849169430799863e-01,7.792795238874611341e-01,-4.113192808246236565e-01,3.601399836040349856e-01
5.067536979913711548e-02,-7.579742372035980225e-02,1.867714524269104004e-02,-1.958192884922027588e-02,6.553528904914855957e-01,6.621211171150207520e-01,-5.319430828094482422e-01,2.537955343723297119e-01,8.039719408497445485e-01,7.810361072462617127e-01,-4.117680105072041297e-01,3.603200366815610955e-01
5.077202245593070984e-02,-7.574965059757232666e-02,1.884008757770061493e-02,-1.949618756771087646e-02,6.547780036926269531e-01,6.638575792312622070e-01,-5.322260856628417969e-01,2.539125680923461914e-01,8.033590974546890306e-01,7.827770662991251349e-01,-4.122126708827266728e-01,3.604982912279670604e-01
5.086763203144073486e-02,-7.570189237594604492e-02,1.900193840265274048e-02,-1.941101253032684326e-02,6.542044878005981445e-01,6.655787825584411621e-01,-5.325056314468383789e-01,2.540292143821716309e-01,8.027463894748646522e-01,7.845025169947076327e-01,-4.126532958052006594e-01,3.606747638715628312e-01
5.096219480037689209e-02,-7.565408945083618164e-02,1.916270330548286438e-02,-1.932641863822937012e-02,6.536321043968200684e-01,6.672846078872680664e-01,-5.327817201614379883e-01,2.541453540325164795e-01,8.021338197234109124e-01,7.862125739871208552e-01,-4.130899188888889628e-01,3.608494711218713791e-01
5.105569213628768921e-02,-7.560627162456512451e-02,1.932240463793277740e-02,-1.924242079257965088e-02,6.530610322952270508e-01,6.689750552177429199e-01,-5.330543518066406250e-01,2.542614042758941650e-01,8.015213911129676072e-01,7.879073506301897956e-01,-4.135225735103710276e-01,3.610224293711615795e-01
5.114815011620521545e-02,-7.555851340293884277e-02,1.948100328445434570e-02,-1.915898919105529785e-02,6.524917483329772949e-01,6.706504821777343750e-01,-5.333237051963806152e-01,2.543770670890808105e-01,8.009091066589641983e-01,7.895869589712216641e-01,-4.139512928106299783e-01,3.611936548959762683e-01
5.123959481716156006e-02,-7.551071047782897949e-02,1.963853836059570312e-02,-1.907606422901153564e-02,6.519231796264648438e-01,6.723110079765319824e-01,-5.335893630981445312e-01,2.544919848442077637e-01,8.002969454020951723e-01,7.912516021711806236e-01,-4.143761073621745616e-01,3.613631604356479232e-01
5.133005231618881226e-02,-7.546287775039672852e-02,1.979514583945274353e-02,-1.899370551109313965e-02,6.513558030128479004e-01,6.739575862884521484e-01,-5.338521599769592285e-01,2.546071112155914307e-01,7.996847080615904213e-01,7.929021669975941933e-01,-4.147970302044396429e-01,3.615309332534950015e-01
5.141950026154518127e-02,-7.541505992412567139e-02,1.995070464909076691e-02,-1.891188323497772217e-02,6.507898569107055664e-01,6.755897998809814453e-01,-5.341116189956665039e-01,2.547218203544616699e-01,7.990725882590100637e-01,7.945380313161352070e-01,-4.152141122346162949e-01,3.616970163353766532e-01
5.150794982910156250e-02,-7.536722719669342041e-02,2.010521851480007172e-02,-1.883059740066528320e-02,6.502249240875244141e-01,6.772072315216064453e-01,-5.343676805496215820e-01,2.548360526561737061e-01,7.984605867425680348e-01,7.961593123253938309e-01,-4.156273854093657794e-01,3.618614251247674329e-01
5.159541219472885132e-02,-7.531942427158355713e-02,2.025866881012916565e-02,-1.874984800815582275e-02,6.496614813804626465e-01,6.788101792335510254e-01,-5.346204638481140137e-01,2.549497485160827637e-01,7.978487042675541652e-01,7.977661263212401099e-01,-4.160368814493105583e-01,3.620241749410956222e-01
5.168183892965316772e-02,-7.527163624763488770e-02,2.041114680469036102e-02,-1.866962015628814697e-02,6.490992307662963867e-01,6.803990602493286133e-01,-5.348701477050781250e-01,2.550635337829589844e-01,7.972369415975716356e-01,7.993585886986264155e-01,-4.164426318409394367e-01,3.621852809809712470e-01
5.176731199026107788e-02,-7.522380352020263672e-02,2.056260593235492706e-02,-1.858995854854583740e-02,6.485382318496704102e-01,6.819735169410705566e-01,-5.351166129112243652e-01,2.551769316196441650e-01,7.966252995058201725e-01,8.009368139536661158e-01,-4.168446678385011595e-01,3.623447583194258081e-01
5.185178294777870178e-02,-7.517597079277038574e-02,2.071308344602584839e-02,-1.851083338260650635e-02,6.479783058166503906e-01,6.835337877273559570e-01,-5.353599190711975098e-01,2.552901804447174072e-01,7.960137787763402750e-01,8.025009156859833626e-01,-4.172430204658869601e-01,3.625026219111442405e-01
5.193530395627021790e-02,-7.512818276882171631e-02,2.086254954338073730e-02,-1.843218505382537842e-02,6.474197506904602051e-01,6.850804686546325684e-01,-5.356001257896423340e-01,2.554028630256652832e-01,7.954023802052847536e-01,8.040510066004090683e-01,-4.176377205185241581e-01,3.626588865917021454e-01
5.201783776283264160e-02,-7.508040964603424072e-02,2.101102285087108612e-02,-1.835408806800842285e-02,6.468626260757446289e-01,6.866130828857421875e-01,-5.358372926712036133e-01,2.555154860019683838e-01,7.947911046021794990e-01,8.055871985094396059e-01,-4.180287985652590410e-01,3.628135670787993039e-01
5.209941789507865906e-02,-7.503263652324676514e-02,2.115854248404502869e-02,-1.827646791934967041e-02,6.463064551353454590e-01,6.881321072578430176e-01,-5.360714197158813477e-01,2.556278109550476074e-01,7.941799527911861389e-01,8.071096023352615223e-01,-4.184162849502384707e-01,3.629666779734968540e-01
5.218003690242767334e-02,-7.498484849929809570e-02,2.130509540438652039e-02,-1.819938421249389648e-02,6.457515954971313477e-01,6.896373629570007324e-01,-5.363023877143859863e-01,2.557398974895477295e-01,7.935689256123937829e-01,8.086183281119362354e-01,-4.188002097948384517e-01,3.631182337614437539e-01
5.225973948836326599e-02,-7.493709027767181396e-02,2.145068533718585968e-02,-1.812280714511871338e-02,6.451980471611022949e-01,6.911293268203735352e-01,-5.365306138992309570e-01,2.558517456054687500e-01,7.929580239230560323e-01,8.101134849874245258e-01,-4.191806029995007177e-01,3.632682488141245614e-01
5.233846977353096008e-02,-7.488937675952911377e-02,2.159529365599155426e-02,-1.804672181606292725e-02,6.446458101272583008e-01,6.926077008247375488e-01,-5.367557406425476074e-01,2.559633553028106689e-01,7.923472485988927172e-01,8.115951812257727882e-01,-4.195574942456492540e-01,3.634167373900804021e-01
5.241627246141433716e-02,-7.484161853790283203e-02,2.173898927867412567e-02,-1.797114312648773193e-02,6.440945863723754883e-01,6.940727829933166504e-01,-5.369778275489807129e-01,2.560747861862182617e-01,7.917366005353544400e-01,8.130635242094634840e-01,-4.199309129975729027e-01,3.635637136361567490e-01
5.249316245317459106e-02,-7.479391992092132568e-02,2.188169583678245544e-02,-1.789604127407073975e-02,6.435447931289672852e-01,6.955245733261108398e-01,-5.371969938278198242e-01,2.561856806278228760e-01,7.911260806488989994e-01,8.145186204412743214e-01,-4.203008885043187370e-01,3.637091915887281091e-01
5.256910249590873718e-02,-7.474622130393981934e-02,2.202353999018669128e-02,-1.782144606113433838e-02,6.429960727691650391e-01,6.969634890556335449e-01,-5.374135375022888184e-01,2.562969326972961426e-01,7.905156898782734753e-01,8.159605755469026001e-01,-4.206674498015862684e-01,3.638531851749397528e-01
5.264414101839065552e-02,-7.469856739044189453e-02,2.216438576579093933e-02,-1.774732768535614014e-02,6.424487233161926270e-01,6.983892321586608887e-01,-5.376271009445190430e-01,2.564075291156768799e-01,7.899054291857914301e-01,8.173894942766598559e-01,-4.210306257135867924e-01,3.639957082139356759e-01
5.271827429533004761e-02,-7.465088367462158203e-02,2.230434492230415344e-02,-1.767367124557495117e-02,6.419022083282470703e-01,6.998021602630615234e-01,-5.378376245498657227e-01,2.565179169178009033e-01,7.892952995586245413e-01,8.188054805080955401e-01,-4.213904448549827819e-01,3.641367744180997734e-01
5.279150605201721191e-02,-7.460327446460723877e-02,2.244338206946849823e-02,-1.760049164295196533e-02,6.413573026657104492e-01,7.012023925781250000e-01,-5.380455255508422852e-01,2.566281557083129883e-01,7.886853020100739187e-01,8.202086372480208443e-01,-4.217469356327360752e-01,3.642763973942879097e-01
5.286384373903274536e-02,-7.455565035343170166e-02,2.258150465786457062e-02,-1.752783358097076416e-02,6.408134698867797852e-01,7.025896310806274414e-01,-5.382506251335144043e-01,2.567383050918579102e-01,7.880754375808768364e-01,8.215990666348585991e-01,-4.221001262480018057e-01,3.644145906450614869e-01
5.293527990579605103e-02,-7.450804114341735840e-02,2.271875739097595215e-02,-1.745557785034179688e-02,6.402705311775207520e-01,7.039645910263061523e-01,-5.384528636932373047e-01,2.568480968475341797e-01,7.874657073404662810e-01,8.229768699407760124e-01,-4.224500446980333779e-01,3.645513675699251777e-01
5.300582572817802429e-02,-7.446049153804779053e-02,2.285507880151271820e-02,-1.738384366035461426e-02,6.397292613983154297e-01,7.053267955780029297e-01,-5.386525392532348633e-01,2.569578289985656738e-01,7.868561123882905628e-01,8.243421475739807214e-01,-4.227967187780534153e-01,3.646867414665568297e-01
5.307550728321075439e-02,-7.441295683383941650e-02,2.299049869179725647e-02,-1.731251180171966553e-02,6.391888856887817383e-01,7.066767215728759766e-01,-5.388492345809936523e-01,2.570670247077941895e-01,7.862466538550907380e-01,8.256949990810709128e-01,-4.231401760831819403e-01,3.648207255320513043e-01
5.314431339502334595e-02,-7.436542212963104248e-02,2.312511950731277466e-02,-1.724171638488769531e-02,6.386498212814331055e-01,7.080144286155700684e-01,-5.390437245368957520e-01,2.571767568588256836e-01,7.856373329041907994e-01,8.270355231492785286e-01,-4.234804440102503675e-01,3.649533328641437757e-01
5.321225896477699280e-02,-7.431791722774505615e-02,2.325879409909248352e-02,-1.717130839824676514e-02,6.381117701530456543e-01,7.093397974967956543e-01,-5.392351150512695312e-01,2.572856247425079346e-01,7.850281507327966368e-01,8.283638176086539628e-01,-4.238175497597634900e-01,3.650845764624527368e-01
5.327934026718139648e-02,-7.427045702934265137e-02,2.339162304997444153e-02,-1.710139214992523193e-02,6.375751495361328125e-01,7.106530666351318359e-01,-5.394240617752075195e-01,2.573946714401245117e-01,7.844191085733015489e-01,8.296799794345824930e-01,-4.241515203377589915e-01,3.652144692297100703e-01
5.334557592868804932e-02,-7.422302663326263428e-02,2.352354489266872406e-02,-1.703187823295593262e-02,6.370395421981811523e-01,7.119542360305786133e-01,-5.396101474761962891e-01,2.575030326843261719e-01,7.838102076945653307e-01,8.309841047499704203e-01,-4.244823825576902188e-01,3.653430239730012241e-01
5.341095849871635437e-02,-7.417562603950500488e-02,2.365468814969062805e-02,-1.696282625198364258e-02,6.365050673484802246e-01,7.132439017295837402e-01,-5.397940278053283691e-01,2.576118111610412598e-01,7.832014494032425445e-01,8.322762888275963000e-01,-4.248101630423309905e-01,3.654702534049943941e-01
5.347549170255661011e-02,-7.412824034690856934e-02,2.378496527671813965e-02,-1.689423620700836182e-02,6.359719038009643555e-01,7.145214080810546875e-01,-5.399752855300903320e-01,2.577203810214996338e-01,7.825928350450465087e-01,8.335566260925703075e-01,-4.251348882256580364e-01,3.655961701451778678e-01
5.353920906782150269e-02,-7.408085465431213379e-02,2.391437627375125885e-02,-1.682606339454650879e-02,6.354395151138305664e-01,7.157872319221496582e-01,-5.401536822319030762e-01,2.578284442424774170e-01,7.819843660060902257e-01,8.348252101245769996e-01,-4.254565843547222226e-01,3.657207867210943708e-01
5.360207706689834595e-02,-7.403354346752166748e-02,2.404298260807991028e-02,-1.675830781459808350e-02,6.349086165428161621e-01,7.170416116714477539e-01,-5.403298735618591309e-01,2.579366862773895264e-01,7.813759894557785746e-01,8.360823108984628549e-01,-4.257752666520481233e-01,3.658441051125886356e-01
5.366416648030281067e-02,-7.398623228073120117e-02,2.417075820267200470e-02,-1.669095456600189209e-02,6.343784928321838379e-01,7.182846665382385254e-01,-5.405033230781555176e-01,2.580443620681762695e-01,7.807676648557004828e-01,8.373281575353677120e-01,-4.260909526042048756e-01,3.659661295708474538e-01
5.372543632984161377e-02,-7.393893599510192871e-02,2.429775148630142212e-02,-1.662404835224151611e-02,6.338495612144470215e-01,7.195163369178771973e-01,-5.406745076179504395e-01,2.581522166728973389e-01,7.801594697111592369e-01,8.385625928643382077e-01,-4.264036830899281538e-01,3.660868870003147757e-01
5.378588661551475525e-02,-7.389171421527862549e-02,2.442389354109764099e-02,-1.655754446983337402e-02,6.333219408988952637e-01,7.207366228103637695e-01,-5.408432483673095703e-01,2.582597136497497559e-01,7.795514041923753412e-01,8.397857116463265381e-01,-4.267134833497784885e-01,3.662063893051427654e-01
5.384555831551551819e-02,-7.384450733661651611e-02,2.454927004873752594e-02,-1.649145781993865967e-02,6.327952742576599121e-01,7.219461798667907715e-01,-5.410096049308776855e-01,2.583672702312469482e-01,7.789434684643848916e-01,8.409976079785289604e-01,-4.270203784364490218e-01,3.663246482936746151e-01
5.390444397926330566e-02,-7.379730045795440674e-02,2.467381581664085388e-02,-1.642578840255737305e-02,6.322696208953857422e-01,7.231440544128417969e-01,-5.411733388900756836e-01,2.584743499755859375e-01,7.783356626875050921e-01,8.421983752994701700e-01,-4.273243932164670356e-01,3.664416756795130237e-01
5.396250635385513306e-02,-7.375015318393707275e-02,2.479758486151695251e-02,-1.636050641536712646e-02,6.317451000213623047e-01,7.243313193321228027e-01,-5.413348674774169922e-01,2.585815489292144775e-01,7.777279870177747911e-01,8.433881063941423006e-01,-4.276255523719170726e-01,3.665574830825874542e-01
5.401979386806488037e-02,-7.370305061340332031e-02,2.492053993046283722e-02,-1.629565656185150146e-02,6.312218904495239258e-01,7.255071997642517090e-01,-5.414939522743225098e-01,2.586885094642639160e-01,7.771204416074333210e-01,8.445668933993628613e-01,-4.279238804021875398e-01,3.666720820302270534e-01
5.407631397247314453e-02,-7.365594804286956787e-02,2.504277043044567108e-02,-1.623119413852691650e-02,6.306994557380676270e-01,7.266726493835449219e-01,-5.416508316993713379e-01,2.587954998016357422e-01,7.765130266053528185e-01,8.457348278088588911e-01,-4.282194016256603009e-01,3.667854839582291304e-01
5.413205176591873169e-02,-7.360890507698059082e-02,2.516418322920799255e-02,-1.616711914539337158e-02,6.301783323287963867e-01,7.278273105621337891e-01,-5.418053269386291504e-01,2.589021623134613037e-01,7.759057421575155100e-01,8.468920004784606936e-01,-4.285121401814229181e-01,3.668977002119254704e-01
5.418703332543373108e-02,-7.356190681457519531e-02,2.528481371700763702e-02,-1.610344648361206055e-02,6.296582221984863281e-01,7.289710640907287598e-01,-5.419575572013854980e-01,2.590086460113525391e-01,7.752985884074670153e-01,8.480385016315691304e-01,-4.288021200310038195e-01,3.670087420472603612e-01
5.424125492572784424e-02,-7.351492345333099365e-02,2.540471218526363373e-02,-1.604013144969940186e-02,6.291390657424926758e-01,7.301045656204223633e-01,-5.421074032783508301e-01,2.591149806976318359e-01,7.746915654967756470e-01,8.491744208642942882e-01,-4.290893649600843740e-01,3.671186206318472478e-01
5.429472029209136963e-02,-7.346794009208679199e-02,2.552384138107299805e-02,-1.597726345062255859e-02,6.286209225654602051e-01,7.312271595001220703e-01,-5.422549843788146973e-01,2.592213153839111328e-01,7.740846735655014799e-01,8.502998471505400779e-01,-4.293738985802341701e-01,3.672273470460492573e-01
5.434744060039520264e-02,-7.342104613780975342e-02,2.564224973320960999e-02,-1.591475307941436768e-02,6.281040906906127930e-01,7.323397994041442871e-01,-5.424006581306457520e-01,2.593277096748352051e-01,7.734779127526614229e-01,8.514148688476355087e-01,-4.296557443305776269e-01,3.673349322840473441e-01
5.439940840005874634e-02,-7.337415218353271484e-02,2.575989067554473877e-02,-1.585261523723602295e-02,6.275880932807922363e-01,7.334418892860412598e-01,-5.425437688827514648e-01,2.594337463378906250e-01,7.728712831966858543e-01,8.525195737013636643e-01,-4.299349254795747366e-01,3.674413872549011084e-01
5.445063486695289612e-02,-7.332733273506164551e-02,2.587678283452987671e-02,-1.579084992408752441e-02,6.270732879638671875e-01,7.345337867736816406e-01,-5.426848530769348145e-01,2.595396935939788818e-01,7.722647850358873578e-01,8.536140488514294411e-01,-4.302114651266876200e-01,3.675467227836288209e-01
5.450115725398063660e-02,-7.328055799007415771e-02,2.599295973777770996e-02,-1.572947204113006592e-02,6.265596747398376465e-01,7.356157302856445312e-01,-5.428239107131958008e-01,2.596456408500671387e-01,7.716584184089355647e-01,8.546983808365440360e-01,-4.304853862041273516e-01,3.676509496122697951e-01
5.455092340707778931e-02,-7.323372364044189453e-02,2.610843442380428314e-02,-1.566846668720245361e-02,6.260465383529663086e-01,7.366873025894165039e-01,-5.429605245590209961e-01,2.597514390945434570e-01,7.710521834553195619e-01,8.557726556001100660e-01,-4.307567114785769702e-01,3.677540784009592501e-01
5.459999665617942810e-02,-7.318705320358276367e-02,2.622313238680362701e-02,-1.560780405998229980e-02,6.255350112915039062e-01,7.377492785453796387e-01,-5.430952310562133789e-01,2.598569393157958984e-01,7.704460803158224014e-01,8.568369584952515439e-01,-4.310254635528705247e-01,3.678561197289947349e-01
5.464833229780197144e-02,-7.314036786556243896e-02,2.633714862167835236e-02,-1.554748415946960449e-02,6.250241398811340332e-01,7.388011217117309570e-01,-5.432277321815490723e-01,2.599623799324035645e-01,7.698401091329818424e-01,8.578913742903354622e-01,-4.312916648677613818e-01,3.679570840959019429e-01
5.469597876071929932e-02,-7.309371232986450195e-02,2.645044215023517609e-02,-1.548756659030914307e-02,6.245144605636596680e-01,7.398432493209838867e-01,-5.433580875396728516e-01,2.600677609443664551e-01,7.692342700515779619e-01,8.589359871743847963e-01,-4.315553377035896143e-01,3.680569819225162909e-01
5.474290251731872559e-02,-7.304713129997253418e-02,2.656306326389312744e-02,-1.542799174785614014e-02,6.240058541297912598e-01,7.408758997917175293e-01,-5.434867143630981445e-01,2.601732611656188965e-01,7.686285632190896777e-01,8.599708807622170603e-01,-4.318165041820509753e-01,3.681558235520381306e-01
5.478914454579353333e-02,-7.300053536891937256e-02,2.667496725916862488e-02,-1.536880433559417725e-02,6.234980821609497070e-01,7.418984770774841309e-01,-5.436130166053771973e-01,2.602784931659698486e-01,7.680229887861830251e-01,8.609961381001842717e-01,-4.320751862678637312e-01,3.682536192511081663e-01
5.483470484614372253e-02,-7.295399904251098633e-02,2.678615227341651917e-02,-1.530990004539489746e-02,6.229912042617797852e-01,7.429117560386657715e-01,-5.437370538711547852e-01,2.603832483291625977e-01,7.674175469071824462e-01,8.620118416713128395e-01,-4.323314057705263669e-01,3.683503792108839270e-01
5.487956851720809937e-02,-7.290750741958618164e-02,2.689668536186218262e-02,-1.525138318538665771e-02,6.224855780601501465e-01,7.439155578613281250e-01,-5.438593626022338867e-01,2.604883015155792236e-01,7.668122377405323098e-01,8.630180734008796595e-01,-4.325851843460073454e-01,3.684461135480962546e-01
5.492374300956726074e-02,-7.286104559898376465e-02,2.700653485953807831e-02,-1.519325375556945801e-02,6.219809651374816895e-01,7.449097633361816406e-01,-5.439797639846801758e-01,2.605934143066406250e-01,7.662070614493008414e-01,8.640149146616603604e-01,-4.328365434985024796e-01,3.685408323061263314e-01
5.496724694967269897e-02,-7.281465828418731689e-02,2.711568959057331085e-02,-1.513536274433135986e-02,6.214770674705505371e-01,7.458950877189636230e-01,-5.440979599952697754e-01,2.606979608535766602e-01,7.656020182016348707e-01,8.650024462797242242e-01,-4.330855045820910521e-01,3.686345454560785995e-01
5.501008406281471252e-02,-7.276830077171325684e-02,2.722419053316116333e-02,-1.507787406444549561e-02,6.209744215011596680e-01,7.468709945678710938e-01,-5.442144870758056641e-01,2.608027458190917969e-01,7.649971081712518828e-01,8.659807485394644955e-01,-4.333320888025042339e-01,3.687272628978395250e-01
5.505226552486419678e-02,-7.272195816040039062e-02,2.733202092349529266e-02,-1.502072811126708984e-02,6.204725503921508789e-01,7.478375434875488281e-01,-5.443288683891296387e-01,2.609073221683502197e-01,7.643923315379140826e-01,8.669499011896115714e-01,-4.335763172188265013e-01,3.688189944611602877e-01
5.509375035762786865e-02,-7.267569005489349365e-02,2.743920125067234039e-02,-1.496388018131256104e-02,6.199716925621032715e-01,7.487952113151550293e-01,-5.444414019584655762e-01,2.610119283199310303e-01,7.637876884879136741e-01,8.679099834479894193e-01,-4.338182107452192016e-01,3.689097499067117703e-01
5.513461679220199585e-02,-7.262943685054779053e-02,2.754572778940200806e-02,-1.490738987922668457e-02,6.194718480110168457e-01,7.497438788414001465e-01,-5.445521473884582520e-01,2.611163854598999023e-01,7.631831792145513660e-01,8.688610740078579475e-01,-4.340577901525987659e-01,3.689995389271678028e-01
5.517482012510299683e-02,-7.258321344852447510e-02,2.765160240232944489e-02,-1.485118269920349121e-02,6.189726591110229492e-01,7.506836652755737305e-01,-5.446606874465942383e-01,2.612205743789672852e-01,7.625787729455643094e-01,8.698032079731612409e-01,-4.342950452323516841e-01,3.690883472746716576e-01
5.521437153220176697e-02,-7.253704965114593506e-02,2.775685675442218781e-02,-1.479534804821014404e-02,6.184747219085693359e-01,7.516145706176757812e-01,-5.447676181793212891e-01,2.613250613212585449e-01,7.619744815802390603e-01,8.707364791323709552e-01,-4.345300081154213623e-01,3.691761935213135337e-01
5.525331944227218628e-02,-7.249090075492858887e-02,2.786142565310001373e-02,-1.473981142044067383e-02,6.179774999618530273e-01,7.525365948677062988e-01,-5.448724031448364258e-01,2.614289224147796631e-01,7.613703180825945882e-01,8.716609823106221677e-01,-4.347627118453475936e-01,3.692630969877338520e-01
5.529159680008888245e-02,-7.244482636451721191e-02,2.796539478003978729e-02,-1.468458771705627441e-02,6.174812912940979004e-01,7.534500956535339355e-01,-5.449755787849426270e-01,2.615330517292022705e-01,7.607662822461247476e-01,8.725767935210573256e-01,-4.349931762069794150e-01,3.693490667720868981e-01
5.532926321029663086e-02,-7.239878177642822266e-02,2.806872874498367310e-02,-1.462970674037933350e-02,6.169861555099487305e-01,7.543548345565795898e-01,-5.450769662857055664e-01,2.616370916366577148e-01,7.601623738582091727e-01,8.734839882551516110e-01,-4.352214208351398717e-01,3.694341118979248551e-01
5.536629259586334229e-02,-7.235276699066162109e-02,2.817147038877010345e-02,-1.457510888576507568e-02,6.164916753768920898e-01,7.552511692047119141e-01,-5.451765060424804688e-01,2.617411017417907715e-01,7.595585927003762894e-01,8.743826414875245367e-01,-4.354474652160545967e-01,3.695182413150709388e-01
5.540271848440170288e-02,-7.230679690837860107e-02,2.827356569468975067e-02,-1.452083885669708252e-02,6.159982681274414062e-01,7.561389803886413574e-01,-5.452743172645568848e-01,2.618449628353118896e-01,7.589549385485353517e-01,8.752728276812969943e-01,-4.356713286888376224e-01,3.696014639005093527e-01
5.543851107358932495e-02,-7.226088643074035645e-02,2.837503328919410706e-02,-1.446685194969177246e-02,6.155056953430175781e-01,7.570182085037231445e-01,-5.453702211380004883e-01,2.619486153125762939e-01,7.583514111732317931e-01,8.761546207931218966e-01,-4.358930304469765815e-01,3.696837884592639178e-01
5.547371879220008850e-02,-7.221499085426330566e-02,2.847593277692794800e-02,-1.441320776939392090e-02,6.150140762329101562e-01,7.578893303871154785e-01,-5.454644560813903809e-01,2.620524764060974121e-01,7.577480103398899214e-01,8.770280942782125999e-01,-4.361125895397843788e-01,3.697652237252874174e-01
5.550830811262130737e-02,-7.216919958591461182e-02,2.857620827853679657e-02,-1.435978710651397705e-02,6.145234704017639160e-01,7.587524056434631348e-01,-5.455569624900817871e-01,2.621559500694274902e-01,7.571447358090540591e-01,8.778933210958115296e-01,-4.363300248739300780e-01,3.698457783623371742e-01
5.554231256246566772e-02,-7.212336361408233643e-02,2.867589332163333893e-02,-1.430673897266387939e-02,6.140334010124206543e-01,7.596069574356079102e-01,-5.456476807594299316e-01,2.622594237327575684e-01,7.565415873366512223e-01,8.787503737139995552e-01,-4.365453552148678140e-01,3.699254609648590653e-01
5.557572096586227417e-02,-7.207760214805603027e-02,2.877500280737876892e-02,-1.425397396087646484e-02,6.135444641113281250e-01,7.604535818099975586e-01,-5.457368493080139160e-01,2.623630166053771973e-01,7.559385646742262654e-01,8.795993241151096598e-01,-4.367585991883105034e-01,3.700042800588803638e-01
5.560854822397232056e-02,-7.203193008899688721e-02,2.887350134551525116e-02,-1.420146226882934570e-02,6.130564808845520020e-01,7.612923383712768555e-01,-5.458242893218994141e-01,2.624663114547729492e-01,7.553356675691950128e-01,8.804402438008651632e-01,-4.369697752817388037e-01,3.700822441028782106e-01
5.564076453447341919e-02,-7.198627293109893799e-02,2.897143177688121796e-02,-1.414926350116729736e-02,6.125692129135131836e-01,7.621229290962219238e-01,-5.459100604057312012e-01,2.625697255134582520e-01,7.547328957651007197e-01,8.812732037975741228e-01,-4.371789018458745457e-01,3.701593614886721229e-01
5.567241832613945007e-02,-7.194061577320098877e-02,2.906879037618637085e-02,-1.409736275672912598e-02,6.120827794075012207e-01,7.629455327987670898e-01,-5.459939837455749512e-01,2.626729607582092285e-01,7.541302490018594318e-01,8.820982746611584213e-01,-4.373859970961100907e-01,3.702356405423055663e-01
5.570350587368011475e-02,-7.189501821994781494e-02,2.916559204459190369e-02,-1.404573023319244385e-02,6.115970611572265625e-01,7.637605667114257812e-01,-5.460764765739440918e-01,2.627762258052825928e-01,7.535277270160134488e-01,8.829155264828943972e-01,-4.375910791140616429e-01,3.703110895249279721e-01
5.573402345180511475e-02,-7.184949517250061035e-02,2.926178090274333954e-02,-1.399436593055725098e-02,6.111124753952026367e-01,7.645677328109741211e-01,-5.461571812629699707e-01,2.628791332244873047e-01,7.529253295409837898e-01,8.837250288939506593e-01,-4.377941658489866716e-01,3.703857166336784190e-01
5.576396733522415161e-02,-7.180397212505340576e-02,2.935745567083358765e-02,-1.394332945346832275e-02,6.106286048889160156e-01,7.653670907020568848e-01,-5.462364554405212402e-01,2.629823684692382812e-01,7.523230563073232124e-01,8.845268510712922527e-01,-4.379952751192582872e-01,3.704595300025662064e-01
5.579337105154991150e-02,-7.175850868225097656e-02,2.945256978273391724e-02,-1.389251649379730225e-02,6.101454496383666992e-01,7.661591768264770508e-01,-5.463140606880187988e-01,2.630852758884429932e-01,7.517209070429650142e-01,8.853210617423826756e-01,-4.381944246139073962e-01,3.705325377033577006e-01
5.582220852375030518e-02,-7.171311974525451660e-02,2.954711951315402985e-02,-1.384197175502777100e-02,6.096633076667785645e-01,7.669436931610107422e-01,-5.463901758193969727e-01,2.631881535053253174e-01,7.511188814734902630e-01,8.861077291909784659e-01,-4.383916318940173640e-01,3.706047477464565754e-01
5.585048720240592957e-02,-7.166776061058044434e-02,2.964110672473907471e-02,-1.379173994064331055e-02,6.091820597648620605e-01,7.677204608917236328e-01,-5.464646816253662109e-01,2.632910907268524170e-01,7.505169793223709362e-01,8.868869212619406861e-01,-4.385869143942662807e-01,3.706761680817898252e-01
5.587824434041976929e-02,-7.162240147590637207e-02,2.973457053303718567e-02,-1.374176144599914551e-02,6.087014079093933105e-01,7.684900164604187012e-01,-5.465373992919921875e-01,2.633938193321228027e-01,7.499152003112296017e-01,8.876587053668657523e-01,-4.387802894243448271e-01,3.707468065996870621e-01
5.590544641017913818e-02,-7.157710194587707520e-02,2.982752770185470581e-02,-1.369206607341766357e-02,6.082215905189514160e-01,7.692521810531616211e-01,-5.466089844703674316e-01,2.634967565536499023e-01,7.493135441600946578e-01,8.884231484891699226e-01,-4.389717741704977638e-01,3.708166711317684161e-01
5.593211948871612549e-02,-7.153186202049255371e-02,2.991991490125656128e-02,-1.364260911941528320e-02,6.077427268028259277e-01,7.700070738792419434e-01,-5.466789007186889648e-01,2.635993659496307373e-01,7.487120105876613474e-01,8.891803171895561464e-01,-4.391613856969306950e-01,3.708857694518190029e-01
5.595827847719192505e-02,-7.148663699626922607e-02,3.001178242266178131e-02,-1.359343528747558594e-02,6.072645187377929688e-01,7.707548141479492188e-01,-5.467472076416015625e-01,2.637019753456115723e-01,7.481105993115468866e-01,8.899302776113722224e-01,-4.393491409473746501e-01,3.709541092766839854e-01
5.598388612270355225e-02,-7.144151628017425537e-02,3.010310046374797821e-02,-1.354447007179260254e-02,6.067873239517211914e-01,7.714955210685729980e-01,-5.468140840530395508e-01,2.638044059276580811e-01,7.475093100485395992e-01,8.906730954857490223e-01,-4.395350567464583746e-01,3.710216982671398767e-01
5.600897595286369324e-02,-7.139638066291809082e-02,3.019393980503082275e-02,-1.349578797817230225e-02,6.063106060028076172e-01,7.722290158271789551e-01,-5.468794107437133789e-01,2.639069259166717529e-01,7.469081425148740294e-01,8.914088361371781399e-01,-4.397191498012618660e-01,3.710885440287876591e-01
5.603356659412384033e-02,-7.135128974914550781e-02,3.028424642980098724e-02,-1.344737410545349121e-02,6.058348417282104492e-01,7.729555368423461914e-01,-5.469433069229125977e-01,2.640093266963958740e-01,7.463070964264842955e-01,8.921375644886494483e-01,-4.399014367027903050e-01,3.711546541129301935e-01
5.605763942003250122e-02,-7.130622863769531250e-02,3.037406131625175476e-02,-1.339922845363616943e-02,6.053597927093505859e-01,7.736750245094299316e-01,-5.470059514045715332e-01,2.641118168830871582e-01,7.457061714992518908e-01,8.928593450673381060e-01,-4.400819339273804864e-01,3.712200360174535141e-01
5.608120560646057129e-02,-7.126125693321228027e-02,3.046337515115737915e-02,-1.335127651691436768e-02,6.048855781555175781e-01,7.743880152702331543e-01,-5.470670461654663086e-01,2.642141282558441162e-01,7.451053674492823520e-01,8.935742420097430028e-01,-4.402606578382883828e-01,3.712846971877145075e-01
5.610428005456924438e-02,-7.121630012989044189e-02,3.055217489600181580e-02,-1.330360770225524902e-02,6.044121384620666504e-01,7.750940322875976562e-01,-5.471267104148864746e-01,2.643163800239562988e-01,7.445046839931596105e-01,8.942823190671537192e-01,-4.404376246870497780e-01,3.713486450174207087e-01
5.612679198384284973e-02,-7.117140293121337891e-02,3.064046055078506470e-02,-1.325619220733642578e-02,6.039395332336425781e-01,7.757927179336547852e-01,-5.471849441528320312e-01,2.644187808036804199e-01,7.439041374484499647e-01,8.949833174331640606e-01,-4.406128062331716166e-01,3.714118570380548490e-01
5.614883080124855042e-02,-7.112653553485870361e-02,3.072822652757167816e-02,-1.320900022983551025e-02,6.034675240516662598e-01,7.764847874641418457e-01,-5.472416877746582031e-01,2.645207941532135010e-01,7.433037135637632353e-01,8.956775710281550396e-01,-4.407862558537664066e-01,3.714743656270829142e-01
5.617037788033485413e-02,-7.108168303966522217e-02,3.081551007926464081e-02,-1.316204667091369629e-02,6.029961705207824707e-01,7.771700620651245117e-01,-5.472968816757202148e-01,2.646226882934570312e-01,7.427034118831173926e-01,8.963651458463874899e-01,-4.409579899428323069e-01,3.715361783432982179e-01
5.619144067168235779e-02,-7.103693485260009766e-02,3.090230934321880341e-02,-1.311536133289337158e-02,6.025260090827941895e-01,7.778489589691162109e-01,-5.473511219024658203e-01,2.647248506546020508e-01,7.421032322884710819e-01,8.970461009875568825e-01,-4.411280238890793459e-01,3.715973020931846449e-01
5.621203407645225525e-02,-7.099218666553497314e-02,3.098865039646625519e-02,-1.306892931461334229e-02,6.020565032958984375e-01,7.785212993621826172e-01,-5.474038124084472656e-01,2.648270130157470703e-01,7.415031746693114822e-01,8.977204950788405524e-01,-4.412963729615819175e-01,3.716577437256691208e-01
5.623211711645126343e-02,-7.094746828079223633e-02,3.107451274991035461e-02,-1.302269101142883301e-02,6.015872955322265625e-01,7.791870832443237305e-01,-5.474551320075988770e-01,2.649289965629577637e-01,7.409032389229888160e-01,8.983883862782875429e-01,-4.414630523110267268e-01,3.717175100328463655e-01
5.625174194574356079e-02,-7.090280950069427490e-02,3.115989081561565399e-02,-1.297669112682342529e-02,6.011190414428710938e-01,7.798464894294738770e-01,-5.475050210952758789e-01,2.650308609008789062e-01,7.403034249550703993e-01,8.990498322785356322e-01,-4.416280769708916809e-01,3.717766077506988176e-01
5.627087131142616272e-02,-7.085819542407989502e-02,3.124479576945304871e-02,-1.293092966079711914e-02,6.006516218185424805e-01,7.804993391036987305e-01,-5.475537776947021484e-01,2.651328444480895996e-01,7.397037326797004653e-01,8.997048903103109785e-01,-4.417914618587503450e-01,3.718350435598265502e-01
5.628957226872444153e-02,-7.081364095211029053e-02,3.132921457290649414e-02,-1.288539171218872070e-02,6.001850366592407227e-01,7.811461687088012695e-01,-5.476011633872985840e-01,2.652345001697540283e-01,7.391041620199538809e-01,9.003536171464183724e-01,-4.419532217774622684e-01,3.718928240861597567e-01
5.630776658654212952e-02,-7.076908648014068604e-02,3.141322731971740723e-02,-1.284007728099822998e-02,5.997188091278076172e-01,7.817865610122680664e-01,-5.476472377777099609e-01,2.653364837169647217e-01,7.385047129081768746e-01,9.009960691049673231e-01,-4.421133714164206530e-01,3.719499559016885004e-01
5.632553249597549438e-02,-7.072459161281585693e-02,3.149674460291862488e-02,-1.279498636722564697e-02,5.992534160614013672e-01,7.824206948280334473e-01,-5.476919412612915039e-01,2.654381096363067627e-01,7.379053852863656227e-01,9.016323020532533983e-01,-4.422719253528222261e-01,3.720064455251868574e-01
5.634283274412155151e-02,-7.068012654781341553e-02,3.157981857657432556e-02,-1.275010406970977783e-02,5.987886190414428711e-01,7.830488085746765137e-01,-5.477353930473327637e-01,2.655397057533264160e-01,7.373061791064986492e-01,9.022623714114761384e-01,-4.424288980528695014e-01,3.720622994229270120e-01
5.635968595743179321e-02,-7.063573598861694336e-02,3.166243433952331543e-02,-1.270548999309539795e-02,5.983249545097351074e-01,7.836706638336181641e-01,-5.477777719497680664e-01,2.656415104866027832e-01,7.367070943309118602e-01,9.028863321563468380e-01,-4.425843038730290502e-01,3.721175240094108938e-01
5.637608096003532410e-02,-7.059136033058166504e-02,3.174459934234619141e-02,-1.266103982925415039e-02,5.978615283966064453e-01,7.842865586280822754e-01,-5.478186607360839844e-01,2.657429575920104980e-01,7.361081309326287236e-01,9.035042388245876355e-01,-4.427381570612341499e-01,3.721721256480906015e-01
5.639204010367393494e-02,-7.054704427719116211e-02,3.182633221149444580e-02,-1.261682808399200439e-02,5.973990559577941895e-01,7.848966121673583984e-01,-5.478585362434387207e-01,2.658445239067077637e-01,7.355092888957488473e-01,9.041161455170869665e-01,-4.428904717581882977e-01,3.722261106520882157e-01
5.640755221247673035e-02,-7.050275802612304688e-02,3.190764784812927246e-02,-1.257282495498657227e-02,5.969371199607849121e-01,7.855007052421569824e-01,-5.478970408439636230e-01,2.659461498260498047e-01,7.349105682157837105e-01,9.047221059020695844e-01,-4.430412619985562017e-01,3.722794852849210523e-01
5.642263218760490417e-02,-7.045850157737731934e-02,3.198848664760589600e-02,-1.252904534339904785e-02,5.964759588241577148e-01,7.860985994338989258e-01,-5.479342937469482422e-01,2.660474777221679688e-01,7.343119689000147110e-01,9.053221732193618143e-01,-4.431905417121770330e-01,3.723322557612225303e-01
5.643729120492935181e-02,-7.041430473327636719e-02,3.206892311573028564e-02,-1.248545944690704346e-02,5.960155129432678223e-01,7.866910696029663086e-01,-5.479704737663269043e-01,2.661488950252532959e-01,7.337134909678594274e-01,9.059164002836708196e-01,-4.433383247253799841e-01,3.723844282474676470e-01
5.645151808857917786e-02,-7.037013769149780273e-02,3.214891254901885986e-02,-1.244209706783294678e-02,5.955556631088256836e-01,7.872775197029113770e-01,-5.480053424835205078e-01,2.662502229213714600e-01,7.331151344512267798e-01,9.065048394885765193e-01,-4.434846247621748172e-01,3.724360088626950116e-01
5.646530538797378540e-02,-7.032601535320281982e-02,3.222849965095520020e-02,-1.239892840385437012e-02,5.950965285301208496e-01,7.878583669662475586e-01,-5.480391383171081543e-01,2.663516402244567871e-01,7.325168993948671936e-01,9.070875428100841908e-01,-4.436294554454539574e-01,3.724870036792293226e-01
5.647867918014526367e-02,-7.028193771839141846e-02,3.230766206979751587e-02,-1.235598325729370117e-02,5.946379303932189941e-01,7.884334325790405273e-01,-5.480717420578002930e-01,2.664529979228973389e-01,7.319187858567438587e-01,9.076645618107257452e-01,-4.437728302983303119e-01,3.725374187233992940e-01
5.649164319038391113e-02,-7.023787498474121094e-02,3.238642960786819458e-02,-1.231321692466735840e-02,5.941800475120544434e-01,7.890030145645141602e-01,-5.481030941009521484e-01,2.665542662143707275e-01,7.313207939083870013e-01,9.082359476430033052e-01,-4.439147627452604272e-01,3.725872599762708459e-01
5.650417879223823547e-02,-7.019388675689697266e-02,3.246473893523216248e-02,-1.227061450481414795e-02,5.937225818634033203e-01,7.895670533180236816e-01,-5.481332540512084961e-01,2.666552066802978516e-01,7.307229236352493773e-01,9.088017510532712118e-01,-4.440552661133936874e-01,3.726365333743598129e-01
5.651630833745002747e-02,-7.014994323253631592e-02,3.254268318414688110e-02,-1.222828030586242676e-02,5.932663679122924805e-01,7.901256084442138672e-01,-5.481626987457275391e-01,2.667566835880279541e-01,7.301251751370734233e-01,9.093620223855624074e-01,-4.441943536336947496e-01,3.726852448103592508e-01
5.652804672718048096e-02,-7.010598480701446533e-02,3.262021020054817200e-02,-1.218611001968383789e-02,5.928101539611816406e-01,7.906785607337951660e-01,-5.481905341148376465e-01,2.668577134609222412e-01,7.295275485282414207e-01,9.099168115853613070e-01,-4.443320384422934088e-01,3.727334001338640790e-01
5.653936415910720825e-02,-7.006213068962097168e-02,3.269731998443603516e-02,-1.214410364627838135e-02,5.923548936843872070e-01,7.912262082099914551e-01,-5.482174158096313477e-01,2.669586837291717529e-01,7.289300439381437569e-01,9.104661682035400938e-01,-4.444683335816519976e-01,3.727810051520888956e-01
5.655027180910110474e-02,-7.001827657222747803e-02,3.277405723929405212e-02,-1.210232079029083252e-02,5.919000506401062012e-01,7.917684316635131836e-01,-5.482431650161743164e-01,2.670598030090332031e-01,7.283326615115471858e-01,9.110101413998570319e-01,-4.446032520018248224e-01,3.728280656305927865e-01
5.656081438064575195e-02,-6.997449696063995361e-02,3.285035490989685059e-02,-1.206073164939880371e-02,5.914462208747863770e-01,7.923052906990051270e-01,-5.482678413391113281e-01,2.671607136726379395e-01,7.277354014089343348e-01,9.115487799472213881e-01,-4.447368065616823518e-01,3.728745872940053552e-01
5.657096579670906067e-02,-6.993071734905242920e-02,3.292630985379219055e-02,-1.201936602592468262e-02,5.909928083419799805e-01,7.928368449211120605e-01,-5.482916235923767090e-01,2.672618031501770020e-01,7.271382638068822901e-01,9.120821322351916338e-01,-4.448690100301815886e-01,3.729205758267451487e-01
5.658072233200073242e-02,-6.988699734210968018e-02,3.300183266401290894e-02,-1.197811961174011230e-02,5.905398726463317871e-01,7.933632731437683105e-01,-5.483139753341674805e-01,2.673624455928802490e-01,7.265412488984240857e-01,9.126102462739676957e-01,-4.449998750875747144e-01,3.729660368737449661e-01
5.659005790948867798e-02,-6.984330713748931885e-02,3.307703137397766113e-02,-1.193711161613464355e-02,5.900877118110656738e-01,7.938844561576843262e-01,-5.483355522155761719e-01,2.674636840820312500e-01,7.259443507757147307e-01,9.131331434779181855e-01,-4.451294046832743878e-01,3.730109694696086553e-01
5.659905076026916504e-02,-6.979964673519134521e-02,3.315181285142898560e-02,-1.189628243446350098e-02,5.896361470222473145e-01,7.944005131721496582e-01,-5.483559370040893555e-01,2.675645053386688232e-01,7.253475573345695704e-01,9.136508181854640087e-01,-4.452575918868072469e-01,3.730553659369356678e-01
5.660765618085861206e-02,-6.975606083869934082e-02,3.322617709636688232e-02,-1.185560226440429688e-02,5.891851186752319336e-01,7.949115037918090820e-01,-5.483751893043518066e-01,2.676650583744049072e-01,7.247508839901936062e-01,9.141633822531666231e-01,-4.453844730340794644e-01,3.730992481031253916e-01
5.661587417125701904e-02,-6.971246004104614258e-02,3.330022096633911133e-02,-1.181514561176300049e-02,5.887346863746643066e-01,7.954172492027282715e-01,-5.483934879302978516e-01,2.677659690380096436e-01,7.241543307853514078e-01,9.146708812455902615e-01,-4.455100601168793251e-01,3.731426212265604447e-01
5.662371590733528137e-02,-6.966896355152130127e-02,3.337385505437850952e-02,-1.177482306957244873e-02,5.882849693298339844e-01,7.959181666374206543e-01,-5.484107732772827148e-01,2.678665816783905029e-01,7.235578977731238481e-01,9.151733603309922804e-01,-4.456343650319730121e-01,3.731854905212211304e-01
5.663120001554489136e-02,-6.962545216083526611e-02,3.344715386629104614e-02,-1.173470914363861084e-02,5.878356695175170898e-01,7.964141368865966797e-01,-5.484270453453063965e-01,2.679673433303833008e-01,7.229615850171445812e-01,9.156708642847117829e-01,-4.457573995821459967e-01,3.732278611572708571e-01
5.663831904530525208e-02,-6.958203017711639404e-02,3.352007269859313965e-02,-1.169474422931671143e-02,5.873871445655822754e-01,7.969053387641906738e-01,-5.484423637390136719e-01,2.680679857730865479e-01,7.223653925918277485e-01,9.161634374923964819e-01,-4.458791754772451488e-01,3.732697382616477211e-01
5.664506182074546814e-02,-6.953862309455871582e-02,3.359262645244598389e-02,-1.165497303009033203e-02,5.869390964508056641e-01,7.973914742469787598e-01,-5.484567284584045410e-01,2.681686282157897949e-01,7.217693205826291036e-01,9.166511239531721644e-01,-4.459997043352201818e-01,3.733111269186546455e-01
5.665144696831703186e-02,-6.949521601200103760e-02,3.366484865546226501e-02,-1.161538064479827881e-02,5.864914655685424805e-01,7.978727817535400391e-01,-5.484699606895446777e-01,2.682693302631378174e-01,7.211733690862685009e-01,9.171339672832521384e-01,-4.461189976831648196e-01,3.733520321705435241e-01
5.665748566389083862e-02,-6.945185363292694092e-02,3.373669087886810303e-02,-1.157595217227935791e-02,5.860443711280822754e-01,7.983493208885192871e-01,-5.484821200370788574e-01,2.683697938919067383e-01,7.205775382109753657e-01,9.176120107189436048e-01,-4.462370669583590743e-01,3.733924590181101899e-01
5.666317418217658997e-02,-6.940858066082000732e-02,3.380816057324409485e-02,-1.153667271137237549e-02,5.855982303619384766e-01,7.988211512565612793e-01,-5.484933853149414062e-01,2.684701383113861084e-01,7.199818280767268375e-01,9.180852971200915702e-01,-4.463539235093105240e-01,3.734324124212783924e-01
5.666850507259368896e-02,-6.936530768871307373e-02,3.387931361794471741e-02,-1.149760186672210693e-02,5.851524472236633301e-01,7.992883324623107910e-01,-5.485038161277770996e-01,2.685708403587341309e-01,7.193862388154915743e-01,9.185538689735237572e-01,-4.464695785967959241e-01,3.734718972996908803e-01
5.667349696159362793e-02,-6.932207942008972168e-02,3.395011276006698608e-02,-1.145866513252258301e-02,5.847072005271911621e-01,7.997508645057678223e-01,-5.485132336616516113e-01,2.686711549758911133e-01,7.187907705714705608e-01,9.190177683961120447e-01,-4.465840433949027632e-01,3.735109185332943227e-01
5.667811259627342224e-02,-6.927892565727233887e-02,3.402055799961090088e-02,-1.141987740993499756e-02,5.842626690864562988e-01,8.002088665962219238e-01,-5.485218167304992676e-01,2.687716484069824219e-01,7.181954235013264798e-01,9.194770371384893837e-01,-4.466973289920711521e-01,3.735494809629372748e-01
5.668242275714874268e-02,-6.923575699329376221e-02,3.409067913889884949e-02,-1.138129830360412598e-02,5.838184356689453125e-01,8.006621003150939941e-01,-5.485293269157409668e-01,2.688720822334289551e-01,7.176001977744421723e-01,9.199317165880029901e-01,-4.468094463921349346e-01,3.735875893909483270e-01
5.668639391660690308e-02,-6.919266283512115479e-02,3.416042029857635498e-02,-1.134286820888519287e-02,5.833749771118164062e-01,8.011107444763183594e-01,-5.485358834266662598e-01,2.689722776412963867e-01,7.170050935731452357e-01,9.203818477723219038e-01,-4.469204065153641325e-01,3.736252485817314617e-01
5.669001117348670959e-02,-6.914955377578735352e-02,3.422989323735237122e-02,-1.130460202693939209e-02,5.829318761825561523e-01,8.015552163124084473e-01,-5.485416054725646973e-01,2.690728008747100830e-01,7.164101110929704808e-01,9.208274713628815666e-01,-4.470302201995054459e-01,3.736624632623516407e-01
5.669332295656204224e-02,-6.910656392574310303e-02,3.429897874593734741e-02,-1.126645505428314209e-02,5.824896097183227539e-01,8.019952774047851562e-01,-5.485464930534362793e-01,2.691729366779327393e-01,7.158152505428683199e-01,9.212686276779996630e-01,-4.471388982008246971e-01,3.736992381231292737e-01
5.669627711176872253e-02,-6.906354427337646484e-02,3.436774387955665588e-02,-1.122850179672241211e-02,5.820475816726684570e-01,8.024305105209350586e-01,-5.485501885414123535e-01,2.692731320858001709e-01,7.152205121454872083e-01,9.217053566864304992e-01,-4.472464511951482202e-01,3.737355778182181454e-01
5.669892579317092896e-02,-6.902059912681579590e-02,3.443620726466178894e-02,-1.119069755077362061e-02,5.816063284873962402e-01,8.028618097305297852e-01,-5.485534071922302246e-01,2.693734169006347656e-01,7.146258961373769258e-01,9.221376980108629828e-01,-4.473528897789045278e-01,3.737714869662051020e-01
5.670123919844627380e-02,-6.897765398025512695e-02,3.450434654951095581e-02,-1.115304231643676758e-02,5.811653137207031250e-01,8.032886981964111328e-01,-5.485554933547973633e-01,2.694736421108245850e-01,7.140314027692655774e-01,9.225656909310921971e-01,-4.474582244701657552e-01,3.738069701506964715e-01
5.670325458049774170e-02,-6.893472373485565186e-02,3.457213938236236572e-02,-1.111555099487304688e-02,5.807247161865234375e-01,8.037109375000000000e-01,-5.485564470291137695e-01,2.695735692977905273e-01,7.134370323062739772e-01,9.229893743874630907e-01,-4.475624657096890502e-01,3.738420319208993203e-01
5.670493841171264648e-02,-6.889191269874572754e-02,3.463962674140930176e-02,-1.107819378376007080e-02,5.802851319313049316e-01,8.041294217109680176e-01,-5.485570430755615234e-01,2.696737349033355713e-01,7.128427850281708889e-01,9.234087869845889474e-01,-4.476656238619591277e-01,3.738766767922204193e-01
5.670629069209098816e-02,-6.884908676147460938e-02,3.470680117607116699e-02,-1.104098558425903320e-02,5.798457264900207520e-01,8.045434355735778809e-01,-5.485564470291137695e-01,2.697738111019134521e-01,7.122486612296229369e-01,9.238239669944118271e-01,-4.477677092162285488e-01,3.739109092468513862e-01
5.670734867453575134e-02,-6.880627572536468506e-02,3.477367758750915527e-02,-1.100398600101470947e-02,5.794069170951843262e-01,8.049532175064086914e-01,-5.485551953315734863e-01,2.698740661144256592e-01,7.116546612204238675e-01,9.242349523598116789e-01,-4.478687319875605533e-01,3.739447337343517752e-01
5.670809000730514526e-02,-6.876355409622192383e-02,3.484024107456207275e-02,-1.096704602241516113e-02,5.789685845375061035e-01,8.053591847419738770e-01,-5.485530495643615723e-01,2.699740529060363770e-01,7.110607853257406852e-01,9.246417806981594989e-01,-4.479687023178697269e-01,3.739781546722475980e-01
5.670854449272155762e-02,-6.872083246707916260e-02,3.490648791193962097e-02,-1.093029975891113281e-02,5.785309076309204102e-01,8.057609200477600098e-01,-5.485500693321228027e-01,2.700740098953247070e-01,7.104670338863692258e-01,9.250444893044885708e-01,-4.480676302769644459e-01,3.740111764466144129e-01
5.670868232846260071e-02,-6.867817044258117676e-02,3.497238457202911377e-02,-1.089367270469665527e-02,5.780936479568481445e-01,8.061584234237670898e-01,-5.485460758209228516e-01,2.701736986637115479e-01,7.098734072589609756e-01,9.254431151552114931e-01,-4.481655258635875438e-01,3.740438034126641331e-01
5.670850723981857300e-02,-6.863553822040557861e-02,3.503806143999099731e-02,-1.085723936557769775e-02,5.776569843292236328e-01,8.065520524978637695e-01,-5.485416650772094727e-01,2.702740132808685303e-01,7.092799058162817527e-01,9.258376949116745580e-01,-4.482623990064589781e-01,3.740760398953407728e-01
5.670804902911186218e-02,-6.859295070171356201e-02,3.510340303182601929e-02,-1.082088053226470947e-02,5.772206187248229980e-01,8.069419264793395996e-01,-5.485361814498901367e-01,2.703738212585449219e-01,7.086865299474414126e-01,9.262282649231092790e-01,-4.483582595653165526e-01,3.741078901899016484e-01
5.670731514692306519e-02,-6.855034828186035156e-02,3.516845777630805969e-02,-1.078471541404724121e-02,5.767847299575805664e-01,8.073275089263916016e-01,-5.485298633575439453e-01,2.704736590385437012e-01,7.080932800581530850e-01,9.266148612308423571e-01,-4.484531173319580288e-01,3.741393585625156226e-01
5.670626461505889893e-02,-6.850783526897430420e-02,3.523320704698562622e-02,-1.074868440628051758e-02,5.763496160507202148e-01,8.077093362808227539e-01,-5.485230088233947754e-01,2.705736160278320312e-01,7.075001294714223787e-01,9.269975446805299724e-01,-4.485469640773276923e-01,3.741704369103909245e-01
5.670492351055145264e-02,-6.846533715724945068e-02,3.529766201972961426e-02,-1.071275770664215088e-02,5.759146213531494141e-01,8.080872297286987305e-01,-5.485150814056396484e-01,2.706733345985412598e-01,7.069070794978035144e-01,9.273763498201709199e-01,-4.486398100376729481e-01,3.742011298400084174e-01
5.670331791043281555e-02,-6.842286884784698486e-02,3.536184132099151611e-02,-1.067698001861572266e-02,5.754802823066711426e-01,8.084614872932434082e-01,-5.485064387321472168e-01,2.707730233669281006e-01,7.063141498362858206e-01,9.277512939180789786e-01,-4.487316775555246773e-01,3.742314502961849310e-01
5.670141428709030151e-02,-6.838044524192810059e-02,3.542573004961013794e-02,-1.064135134220123291e-02,5.750464797019958496e-01,8.088317513465881348e-01,-5.484970211982727051e-01,2.708728313446044922e-01,7.057213404973867732e-01,9.281224122249346342e-01,-4.488225758539638455e-01,3.742614022233273774e-01
5.669922381639480591e-02,-6.833805143833160400e-02,3.548932075500488281e-02,-1.060584187507629395e-02,5.746130943298339844e-01,8.091982603073120117e-01,-5.484868288040161133e-01,2.709724009037017822e-01,7.051286514927495030e-01,9.284897397141287367e-01,-4.489125140822863846e-01,3.742909895320979952e-01
5.669676885008811951e-02,-6.829567253589630127e-02,3.555267304182052612e-02,-1.057048141956329346e-02,5.741800665855407715e-01,8.095612525939941406e-01,-5.484759807586669922e-01,2.710721790790557861e-01,7.045360828351404647e-01,9.288533110855898833e-01,-4.490015013168717206e-01,3.743202160998789774e-01
5.669402331113815308e-02,-6.825335323810577393e-02,3.561573475599288940e-02,-1.053524017333984375e-02,5.737475752830505371e-01,8.099204897880554199e-01,-5.484644174575805664e-01,2.711719870567321777e-01,7.039436345384156857e-01,9.292131607695018891e-01,-4.490895465620519111e-01,3.743490857712464814e-01
5.669102072715759277e-02,-6.821106374263763428e-02,3.567846864461898804e-02,-1.050010323524475098e-02,5.733155012130737305e-01,8.102759122848510742e-01,-5.484517812728881836e-01,2.712711989879608154e-01,7.033513066175255402e-01,9.295693229299668570e-01,-4.491766587509802289e-01,3.743776023584399204e-01
5.668772011995315552e-02,-6.816880404949188232e-02,3.574100136756896973e-02,-1.046511530876159668e-02,5.728839039802551270e-01,8.106278777122497559e-01,-5.484387278556823730e-01,2.713709771633148193e-01,7.027590990884833300e-01,9.299218314686675813e-01,-4.492628467464999664e-01,3.744057696418281456e-01
5.668418109416961670e-02,-6.812657415866851807e-02,3.580322116613388062e-02,-1.043024659156799316e-02,5.724526643753051758e-01,8.109762668609619141e-01,-5.484247803688049316e-01,2.714703977108001709e-01,7.021670119683517397e-01,9.302707200286405298e-01,-4.493481193420137965e-01,3.744335913703889518e-01
5.668034777045249939e-02,-6.808438897132873535e-02,3.586518764495849609e-02,-1.039554178714752197e-02,5.720222592353820801e-01,8.113209605216979980e-01,-5.484103560447692871e-01,2.715700864791870117e-01,7.015750452752431698e-01,9.306160219980477155e-01,-4.494324852623520217e-01,3.744610712621673776e-01
5.667628720402717590e-02,-6.804221868515014648e-02,3.592687100172042847e-02,-1.036094129085540771e-02,5.715919137001037598e-01,8.116621971130371094e-01,-5.483949184417724609e-01,2.716694176197052002e-01,7.009831990282863190e-01,9.309577705137846992e-01,-4.495159531646415463e-01,3.744882130047564317e-01
5.667192861437797546e-02,-6.800006330013275146e-02,3.598835319280624390e-02,-1.032647490501403809e-02,5.711619853973388672e-01,8.119999170303344727e-01,-5.483790040016174316e-01,2.717691659927368164e-01,7.003914732476267391e-01,9.312959984654725076e-01,-4.495985316391750697e-01,3.745150202557582242e-01
5.666733160614967346e-02,-6.795799732208251953e-02,3.604947030544281006e-02,-1.029211282730102539e-02,5.707328915596008301e-01,8.123340010643005371e-01,-5.483621954917907715e-01,2.718683183193206787e-01,6.997998679543917522e-01,9.316307384989006568e-01,-4.496802292102796139e-01,3.745414966432619175e-01
5.666246265172958374e-02,-6.791594624519348145e-02,3.611041605472564697e-02,-1.025786995887756348e-02,5.703039169311523438e-01,8.126651048660278320e-01,-5.483449101448059082e-01,2.719679176807403564e-01,6.992083831707017749e-01,9.319620230199097133e-01,-4.497610543371853842e-01,3.745676457663057457e-01
5.665737390518188477e-02,-6.787388026714324951e-02,3.617107123136520386e-02,-1.022374629974365234e-02,5.698751807212829590e-01,8.129926919937133789e-01,-5.483266115188598633e-01,2.720670998096466064e-01,6.986170189196442282e-01,9.322898841982176776e-01,-4.498410154148948514e-01,3.745934711953544660e-01
5.665200203657150269e-02,-6.783190369606018066e-02,3.623145446181297302e-02,-1.018977165222167969e-02,5.694473981857299805e-01,8.133164644241333008e-01,-5.483078956604003906e-01,2.721664607524871826e-01,6.980257752252460035e-01,9.326143539710831654e-01,-4.499201207750513354e-01,3.746189764727664850e-01
5.664639919996261597e-02,-6.778994202613830566e-02,3.629161790013313293e-02,-1.015588641166687012e-02,5.690197944641113281e-01,8.136375546455383301e-01,-5.482884645462036133e-01,2.722657620906829834e-01,6.974346521124843434e-01,9.329354640473510596e-01,-4.499983786868080315e-01,3.746441651132613182e-01
5.664054676890373230e-02,-6.774799525737762451e-02,3.635153174400329590e-02,-1.012212038040161133e-02,5.685924887657165527e-01,8.139551281929016113e-01,-5.482683181762695312e-01,2.723650038242340088e-01,6.968436496072610842e-01,9.332532459106230860e-01,-4.500757973576968163e-01,3.746690406043924892e-01
5.663443356752395630e-02,-6.770610809326171875e-02,3.641116619110107422e-02,-1.008847355842590332e-02,5.681657195091247559e-01,8.142692446708679199e-01,-5.482475161552429199e-01,2.724642157554626465e-01,6.962527677363807843e-01,9.335677308237962935e-01,-4.501523849344970518e-01,3.746936064070211514e-01
5.662810057401657104e-02,-6.766425073146820068e-02,3.647058829665184021e-02,-1.005493104457855225e-02,5.677393674850463867e-01,8.145804405212402344e-01,-5.482261776924133301e-01,2.725634276866912842e-01,6.956620065275519460e-01,9.338789498323418758e-01,-4.502281495041042247e-01,3.747178659557760527e-01
5.662151426076889038e-02,-6.762239336967468262e-02,3.652976080775260925e-02,-1.002153754234313965e-02,5.673134326934814453e-01,8.148881793022155762e-01,-5.482040643692016602e-01,2.726626992225646973e-01,6.950713660093633672e-01,9.341869337682429109e-01,-4.503030990943994172e-01,3.747418226595338187e-01
5.661469697952270508e-02,-6.758059561252593994e-02,3.658867627382278442e-02,-9.988233447074890137e-03,5.668879151344299316e-01,8.151926994323730469e-01,-5.481812953948974609e-01,2.727617621421813965e-01,6.944808462112773695e-01,9.344917132539845017e-01,-4.503772416751176677e-01,3.747654799018846350e-01
5.660763382911682129e-02,-6.753884255886077881e-02,3.664737939834594727e-02,-9.955033659934997559e-03,5.664628744125366211e-01,8.154944181442260742e-01,-5.481581091880798340e-01,2.728610336780548096e-01,6.938904471636100357e-01,9.347933187059983551e-01,-4.504505851587167209e-01,3.747888410416019278e-01
5.660035833716392517e-02,-6.749705970287322998e-02,3.670582547783851624e-02,-9.921967983245849609e-03,5.660379528999328613e-01,8.157926201820373535e-01,-5.481339097023010254e-01,2.729600071907043457e-01,6.933001688975245491e-01,9.350917803389265925e-01,-4.505231374012462764e-01,3.748119094131112661e-01
5.659282952547073364e-02,-6.745536625385284424e-02,3.676404803991317749e-02,-9.888976812362670898e-03,5.656135678291320801e-01,8.160881400108337402e-01,-5.481093525886535645e-01,2.730590701103210449e-01,6.927100114450150947e-01,9.353871281690667727e-01,-4.505949062032165164e-01,3.748346883269663143e-01
5.658509954810142517e-02,-6.741367280483245850e-02,3.682203963398933411e-02,-9.856104850769042969e-03,5.651896595954895020e-01,8.163804411888122559e-01,-5.480840206146240234e-01,2.731580138206481934e-01,6.921199748388895401e-01,9.356793920184715008e-01,-4.506658993104672439e-01,3.748571810703105189e-01
5.657710880041122437e-02,-6.737202405929565430e-02,3.687979653477668762e-02,-9.823352098464965820e-03,5.647661089897155762e-01,8.166696429252624512e-01,-5.480581521987915039e-01,2.732570767402648926e-01,6.915300591127666596e-01,9.359686015186119423e-01,-4.507361244150364099e-01,3.748793909073547814e-01
5.656892806291580200e-02,-6.733040511608123779e-02,3.693734854459762573e-02,-9.790688753128051758e-03,5.643429160118103027e-01,8.169562220573425293e-01,-5.480318069458007812e-01,2.733561098575592041e-01,6.909402643010529310e-01,9.362547861143679651e-01,-4.508055891560292516e-01,3.749013210798431972e-01
5.656049400568008423e-02,-6.728881597518920898e-02,3.699463605880737305e-02,-9.758159518241882324e-03,5.639201998710632324e-01,8.172392845153808594e-01,-5.480047464370727539e-01,2.734550535678863525e-01,6.903505904389410919e-01,9.365379750678013426e-01,-4.508743011204867646e-01,3.749229748075253998e-01
5.655188485980033875e-02,-6.724725663661956787e-02,3.705171123147010803e-02,-9.725704789161682129e-03,5.634978413581848145e-01,8.175197243690490723e-01,-5.479769706726074219e-01,2.735537588596343994e-01,6.897610375623824952e-01,9.368181974620917174e-01,-4.509422678442551735e-01,3.749443552886216335e-01
5.654301494359970093e-02,-6.720572710037231445e-02,3.710857406258583069e-02,-9.693384170532226562e-03,5.630757808685302734e-01,8.177970647811889648e-01,-5.479488372802734375e-01,2.736527919769287109e-01,6.891715925347632332e-01,9.370954084239293547e-01,-4.510094709759674969e-01,3.749654493381008313e-01
5.653394758701324463e-02,-6.716422736644744873e-02,3.716522455215454102e-02,-9.661152958869934082e-03,5.626542568206787109e-01,8.180716633796691895e-01,-5.479201078414916992e-01,2.737517058849334717e-01,6.885822643731929205e-01,9.373696868954350947e-01,-4.510759355640778234e-01,3.749862712662652697e-01
5.652464926242828369e-02,-6.712274253368377686e-02,3.722163289785385132e-02,-9.629026055335998535e-03,5.622329711914062500e-01,8.183432817459106445e-01,-5.478905439376831055e-01,2.738505005836486816e-01,6.879930550739998818e-01,9.376410723883161769e-01,-4.511416728367166340e-01,3.750068266418283280e-01
5.651515349745750427e-02,-6.708130240440368652e-02,3.727782145142555237e-02,-9.596958756446838379e-03,5.618119239807128906e-01,8.186121582984924316e-01,-5.478604435920715332e-01,2.739490270614624023e-01,6.874039645288558820e-01,9.379095924633399362e-01,-4.512066898449941243e-01,3.750271183988141965e-01
5.650544166564941406e-02,-6.703990697860717773e-02,3.733382746577262878e-02,-9.565040469169616699e-03,5.613915920257568359e-01,8.188783526420593262e-01,-5.478300452232360840e-01,2.740480601787567139e-01,6.868149926248775516e-01,9.381752744906364239e-01,-4.512709935828507768e-01,3.750471494455399069e-01
5.649553239345550537e-02,-6.699854135513305664e-02,3.738958016037940979e-02,-9.533196687698364258e-03,5.609714984893798828e-01,8.191415667533874512e-01,-5.477989315986633301e-01,2.741465866565704346e-01,6.862261392445244690e-01,9.384381456529256038e-01,-4.513345909877648499e-01,3.750669226649803178e-01
5.648540705442428589e-02,-6.695717573165893555e-02,3.744516149163246155e-02,-9.501472115516662598e-03,5.605517029762268066e-01,8.194020390510559082e-01,-5.477672815322875977e-01,2.742453813552856445e-01,6.856374042655114520e-01,9.386982329488512411e-01,-4.513974889414612557e-01,3.750864409151336565e-01
5.647508427500724792e-02,-6.691583991050720215e-02,3.750051185488700867e-02,-9.469807147979736328e-03,5.601321458816528320e-01,8.196598291397094727e-01,-5.477349162101745605e-01,2.743438780307769775e-01,6.850487875607089716e-01,9.389555631962609450e-01,-4.514596942706192717e-01,3.751057070293964402e-01
5.646455287933349609e-02,-6.687457859516143799e-02,3.755564987659454346e-02,-9.438246488571166992e-03,5.597133040428161621e-01,8.199150562286376953e-01,-5.477022528648376465e-01,2.744424939155578613e-01,6.844602889980609950e-01,9.392101630359795950e-01,-4.515212137475815846e-01,3.751247238169285181e-01
5.645382404327392578e-02,-6.683328747749328613e-02,3.761062771081924438e-02,-9.406790137290954590e-03,5.592944025993347168e-01,8.201674222946166992e-01,-5.476688742637634277e-01,2.745411694049835205e-01,6.838719084404735193e-01,9.394620589347055795e-01,-4.515820540910617242e-01,3.751434940630185011e-01
5.644290521740913391e-02,-6.679205596446990967e-02,3.766535595059394836e-02,-9.375452995300292969e-03,5.588762164115905762e-01,8.204171657562255859e-01,-5.476350784301757812e-01,2.746397554874420166e-01,6.832836457457364121e-01,9.397112771888388449e-01,-4.516422219668529969e-01,3.751620205294571297e-01
5.643178895115852356e-02,-6.675080955028533936e-02,3.771992027759552002e-02,-9.344190359115600586e-03,5.584579706192016602e-01,8.206644058227539062e-01,-5.476006865501403809e-01,2.747382819652557373e-01,6.826955007664257113e-01,9.399578439274868247e-01,-4.517017239885364743e-01,3.751803059549044805e-01
5.642046779394149780e-02,-6.670965254306793213e-02,3.777424246072769165e-02,-9.312987327575683594e-03,5.580403208732604980e-01,8.209090232849121094e-01,-5.475657582283020020e-01,2.748366296291351318e-01,6.821074733498015963e-01,9.402017851161280637e-01,-4.517605667181893714e-01,3.751983530552526758e-01
5.640896409749984741e-02,-6.666851043701171875e-02,3.782841563224792480e-02,-9.281933307647705078e-03,5.576232671737670898e-01,8.211511969566345215e-01,-5.475305318832397461e-01,2.749354243278503418e-01,6.815195633377337803e-01,9.404431265600562417e-01,-4.518187566670934796e-01,3.752161645240066901e-01
5.639726296067237854e-02,-6.662736833095550537e-02,3.788236528635025024e-02,-9.250938892364501953e-03,5.572062134742736816e-01,8.213904500007629395e-01,-5.474944710731506348e-01,2.750338017940521240e-01,6.809317705665897114e-01,9.406818939076055930e-01,-4.518763002964431563e-01,3.752337430326369572e-01
5.638540908694267273e-02,-6.658625602722167969e-02,3.793613985180854797e-02,-9.220033884048461914e-03,5.567895174026489258e-01,8.216275572776794434e-01,-5.474580526351928711e-01,2.751321196556091309e-01,6.803440948671494182e-01,9.409181126536498851e-01,-4.519332040180537025e-01,3.752510912309610647e-01
5.637333542108535767e-02,-6.654518842697143555e-02,3.798972815275192261e-02,-9.189218282699584961e-03,5.563731789588928223e-01,8.218622207641601562e-01,-5.474212169647216797e-01,2.752306461334228516e-01,6.797565360645100307e-01,9.411518081429923743e-01,-4.519894741950699069e-01,3.752682117475042434e-01
5.636107921600341797e-02,-6.650415062904357910e-02,3.804311156272888184e-02,-9.158462285995483398e-03,5.559571981430053711e-01,8.220944404602050781e-01,-5.473837256431579590e-01,2.753289341926574707e-01,6.791690939780018477e-01,9.413830055739733638e-01,-4.520451171426739800e-01,3.752851071898716806e-01
5.634863674640655518e-02,-6.646314263343811035e-02,3.809629008173942566e-02,-9.127825498580932617e-03,5.555416345596313477e-01,8.223237991333007812e-01,-5.473458170890808105e-01,2.754272222518920898e-01,6.785817684210797562e-01,9.416117300016964009e-01,-4.521001391287939875e-01,3.753017801451177249e-01
5.633604526519775391e-02,-6.642216444015502930e-02,3.814930096268653870e-02,-9.097248315811157227e-03,5.551263689994812012e-01,8.225512504577636719e-01,-5.473074316978454590e-01,2.755254209041595459e-01,6.779945592012439626e-01,9.418380063415270342e-01,-4.521545463748124494e-01,3.753182331801066529e-01
5.632325634360313416e-02,-6.638121604919433594e-02,3.820212930440902710e-02,-9.066760540008544922e-03,5.547114610671997070e-01,8.227761983871459961e-01,-5.472686290740966797e-01,2.756236493587493896e-01,6.774074661199440683e-01,9.420618593725365031e-01,-4.522083450562740525e-01,3.753344688418916997e-01
5.631027743220329285e-02,-6.634025275707244873e-02,3.825477510690689087e-02,-9.036377072334289551e-03,5.542966127395629883e-01,8.229985833168029785e-01,-5.472291111946105957e-01,2.757218480110168457e-01,6.768204889724724893e-01,9.422833137410018267e-01,-4.522615413035941390e-01,3.753504896580751593e-01
5.629713088274002075e-02,-6.629934906959533691e-02,3.830722719430923462e-02,-9.006068110466003418e-03,5.538823604583740234e-01,8.232184648513793945e-01,-5.471892356872558594e-01,2.758200168609619141e-01,6.762336275479007286e-01,9.425023939639214365e-01,-4.523141412027674724e-01,3.753662981371821417e-01
5.628382414579391479e-02,-6.625847518444061279e-02,3.835951164364814758e-02,-8.975848555564880371e-03,5.534683465957641602e-01,8.234363198280334473e-01,-5.471490025520324707e-01,2.759182453155517578e-01,6.756468816289550317e-01,9.427191244322957742e-01,-4.523661507960759498e-01,3.753818967690277786e-01
5.627035349607467651e-02,-6.621758639812469482e-02,3.841163963079452515e-02,-8.945703506469726562e-03,5.530545115470886230e-01,8.236519098281860352e-01,-5.471081733703613281e-01,2.760163545608520508e-01,6.750602509919453320e-01,9.429335294146385937e-01,-4.524175760827968684e-01,3.753972880250780464e-01
5.625670403242111206e-02,-6.617677211761474609e-02,3.846357017755508423e-02,-8.915618062019348145e-03,5.526411533355712891e-01,8.238652944564819336e-01,-5.470669269561767578e-01,2.761143445968627930e-01,6.744737354066664414e-01,9.431456330606358129e-01,-4.524684230199118584e-01,3.754124743588342361e-01
5.624289438128471375e-02,-6.613597273826599121e-02,3.851532191038131714e-02,-8.885622024536132812e-03,5.522280335426330566e-01,8.240764141082763672e-01,-5.470252037048339844e-01,2.762123048305511475e-01,6.738873346363055683e-01,9.433554594044110120e-01,-4.525186975228143171e-01,3.754274582061850052e-01
5.622889474034309387e-02,-6.609515845775604248e-02,3.856695443391799927e-02,-8.855745196342468262e-03,5.518151521682739258e-01,8.242851495742797852e-01,-5.469831228256225586e-01,2.763106524944305420e-01,6.733010484373400661e-01,9.435630323680872511e-01,-4.525684054660185085e-01,3.754422419857823545e-01
5.621476471424102783e-02,-6.605440378189086914e-02,3.861835971474647522e-02,-8.825883269309997559e-03,5.514025688171386719e-01,8.244918584823608398e-01,-5.469404458999633789e-01,2.764084339141845703e-01,6.727148765594698210e-01,9.437683757653153593e-01,-4.526175526838671637e-01,3.754568280994140528e-01
5.620043724775314331e-02,-6.601370871067047119e-02,3.866960853338241577e-02,-8.796110749244689941e-03,5.509904623031616211e-01,8.246964216232299805e-01,-5.468975305557250977e-01,2.765064239501953125e-01,6.721288187454985685e-01,9.439715133046463480e-01,-4.526661449712404139e-01,3.754712189323600735e-01
5.618597939610481262e-02,-6.597298383712768555e-02,3.872069343924522400e-02,-8.766427636146545410e-03,5.505784749984741211e-01,8.248987197875976562e-01,-5.468540191650390625e-01,2.766042649745941162e-01,6.715428772489366871e-01,9.441724386170182726e-01,-4.527141843668708865e-01,3.754854147420900734e-01
5.617133527994155884e-02,-6.593231856822967529e-02,3.877158463001251221e-02,-8.736833930015563965e-03,5.501670241355895996e-01,8.250985145568847656e-01,-5.468100905418395996e-01,2.767021059989929199e-01,6.709570653694649778e-01,9.443710135875970080e-01,-4.527616565510185764e-01,3.754994064994177094e-01
5.615653842687606812e-02,-6.589166820049285889e-02,3.882236033678054810e-02,-8.707299828529357910e-03,5.497556328773498535e-01,8.252967596054077148e-01,-5.467658042907714844e-01,2.768000960350036621e-01,6.703713692419115411e-01,9.445674233535328312e-01,-4.528085872652973798e-01,3.755132079380029686e-01
5.614159256219863892e-02,-6.585103273391723633e-02,3.887293115258216858e-02,-8.677840232849121094e-03,5.493446588516235352e-01,8.254925608634948730e-01,-5.467209815979003906e-01,2.768977880477905273e-01,6.697857887488199990e-01,9.447616892189123483e-01,-4.528549819054155101e-01,3.755268212397071537e-01
5.612646788358688354e-02,-6.581044197082519531e-02,3.892333060503005981e-02,-8.648455142974853516e-03,5.489339828491210938e-01,8.256860971450805664e-01,-5.466757416725158691e-01,2.769955098628997803e-01,6.692003237714816422e-01,9.449538323261834627e-01,-4.529008458221517319e-01,3.755402485666128887e-01
5.611120909452438354e-02,-6.576983630657196045e-02,3.897359967231750488e-02,-8.619159460067749023e-03,5.485233664512634277e-01,8.258777260780334473e-01,-5.466300249099731445e-01,2.770932912826538086e-01,6.686149741899504173e-01,9.451438736587006728e-01,-4.529461843219223516e-01,3.755534920613132210e-01
5.609579011797904968e-02,-6.572929024696350098e-02,3.902370482683181763e-02,-8.589923381805419922e-03,5.481132864952087402e-01,8.260674476623535156e-01,-5.465841293334960938e-01,2.771910429000854492e-01,6.680297398830330469e-01,9.453318340428457089e-01,-4.529910026673471535e-01,3.755665538472064968e-01
5.608022958040237427e-02,-6.568877398967742920e-02,3.907363861799240112e-02,-8.560761809349060059e-03,5.477035641670227051e-01,8.262549638748168945e-01,-5.465376377105712891e-01,2.772887349128723145e-01,6.674446207283063481e-01,9.455177341504709121e-01,-4.530353060778165020e-01,3.755794360287733058e-01
5.606452003121376038e-02,-6.564828753471374512e-02,3.912341594696044922e-02,-8.531674742698669434e-03,5.472940802574157715e-01,8.264406323432922363e-01,-5.464908480644226074e-01,2.773863673210144043e-01,6.668596166021131255e-01,9.457015945012203773e-01,-4.530790997300577216e-01,3.755921406918730221e-01
5.604864284396171570e-02,-6.560778617858886719e-02,3.917307779192924500e-02,-8.502662181854248047e-03,5.468846559524536133e-01,8.266241550445556641e-01,-5.464437603950500488e-01,2.774842083454132080e-01,6.662747273795670555e-01,9.458834354648669729e-01,-4.531223887587015331e-01,3.756046699040284653e-01
5.603263527154922485e-02,-6.556731462478637695e-02,3.922257572412490845e-02,-8.473724126815795898e-03,5.464755892753601074e-01,8.268058896064758301e-01,-5.463960766792297363e-01,2.775819301605224609e-01,6.656899529345657873e-01,9.460632772635543253e-01,-4.531651782568489883e-01,3.756170257147126712e-01
5.601648613810539246e-02,-6.552690267562866211e-02,3.927189111709594727e-02,-8.444815874099731445e-03,5.460669994354248047e-01,8.269856572151184082e-01,-5.463480949401855469e-01,2.776793241500854492e-01,6.651052931397801737e-01,9.462411399743424489e-01,-4.532074732766376290e-01,3.756292101556418794e-01
5.600016936659812927e-02,-6.548650562763214111e-02,3.932105749845504761e-02,-8.415997028350830078e-03,5.456584692001342773e-01,8.271632790565490723e-01,-5.462996363639831543e-01,2.777768969535827637e-01,6.645207478666760315e-01,9.464170435313848939e-01,-4.532492788298085329e-01,3.756412252410564756e-01
5.598373711109161377e-02,-6.544612348079681396e-02,3.937008231878280640e-02,-8.387237787246704102e-03,5.452502965927124023e-01,8.273392319679260254e-01,-5.462508201599121094e-01,2.778743207454681396e-01,6.639363169854940461e-01,9.465910077283341550e-01,-4.532905998882723053e-01,3.756530729680119807e-01
5.596717819571495056e-02,-6.540577113628387451e-02,3.941896185278892517e-02,-8.358538150787353516e-03,5.448424816131591797e-01,8.275133967399597168e-01,-5.462015867233276367e-01,2.779716551303863525e-01,6.633520003652837449e-01,9.467630522207048926e-01,-4.533314413846761814e-01,3.756647553166693188e-01
5.595046281814575195e-02,-6.536538898944854736e-02,3.946770727634429932e-02,-8.329942822456359863e-03,5.444344878196716309e-01,8.276853561401367188e-01,-5.461519360542297363e-01,2.780691385269165039e-01,6.627677978738898412e-01,9.469331965282865582e-01,-4.533718082129704063e-01,3.756762742505785901e-01
5.593359842896461487e-02,-6.532512605190277100e-02,3.951630741357803345e-02,-8.301362395286560059e-03,5.440273284912109375e-01,8.278559446334838867e-01,-5.461022853851318359e-01,2.781666219234466553e-01,6.621837093779494587e-01,9.471014600373741654e-01,-4.534117052289745597e-01,3.756876317169702273e-01
5.591663718223571777e-02,-6.528483331203460693e-02,3.956474363803863525e-02,-8.272871375083923340e-03,5.436202287673950195e-01,8.280245065689086914e-01,-5.460519194602966309e-01,2.782638072967529297e-01,6.615997347429254383e-01,9.472678620033060382e-01,-4.534511372509445470e-01,3.756988296470404887e-01
5.589950457215309143e-02,-6.524457037448883057e-02,3.961306065320968628e-02,-8.244454860687255859e-03,5.432133674621582031e-01,8.281911611557006836e-01,-5.460013151168823242e-01,2.783612906932830811e-01,6.610158738330742523e-01,9.474324215527553106e-01,-4.534901090601389795e-01,3.757098699562415600e-01
5.588225275278091431e-02,-6.520430743694305420e-02,3.966122120618820190e-02,-8.216068148612976074e-03,5.428065657615661621e-01,8.283560872077941895e-01,-5.459501743316650391e-01,2.784583866596221924e-01,6.604321265114813100e-01,9.475951576860436321e-01,-4.535286254013856100e-01,3.757207545445653274e-01
5.586487799882888794e-02,-6.516408920288085938e-02,3.970926254987716675e-02,-8.187770843505859375e-03,5.424003005027770996e-01,8.285192847251892090e-01,-5.458988547325134277e-01,2.785556912422180176e-01,6.598484926400512984e-01,9.477560892796260683e-01,-4.535666909836482130e-01,3.757314852968378083e-01
5.584735050797462463e-02,-6.512387096881866455e-02,3.975716233253479004e-02,-8.159562945365905762e-03,5.419941544532775879e-01,8.286805152893066406e-01,-5.458471775054931641e-01,2.786530852317810059e-01,6.592649720795120682e-01,9.479152350885003964e-01,-4.536043104805929649e-01,3.757420640830014258e-01
5.582972243428230286e-02,-6.508374214172363281e-02,3.980491310358047485e-02,-8.131355047225952148e-03,5.415884852409362793e-01,8.288404345512390137e-01,-5.457952022552490234e-01,2.787502110004425049e-01,6.586815646894196297e-01,9.480726137484559723e-01,-4.536414885311549905e-01,3.757524927584059982e-01
5.582972243428230286e-02,-6.508374214172363281e-02,3.980491310358047485e-02,-8.131355047225952148e-03,5.415884852409362793e-01,8.288404345512390137e-01,-5.457952022552490234e-01,2.787502110004425049e-01,6.586815645727436275e-01,9.480726137797601538e-01,-4.536414885385470219e-01,3.757524927604777853e-01
5.582972243428230286e-02,-6.508374214172363281e-02,3.980491310358047485e-02,-8.131355047225952148e-03,5.415884852409362793e-01,8.288404345512390137e-01,-5.457952022552490234e-01,2.787502110004425049e-01,6.586815645727436275e-01,9.480726137797601538e-01,-4.536414885385470219e-01,3.757524927604777853e-01
5.444827675819396973e-02,-6.513419747352600098e-02,3.881946951150894165e-02,-8.531346917152404785e-03,5.419819355010986328e-01,8.134778738021850586e-01,-5.426231622695922852e-01,2.794671058654785156e-01,6.571616484415890858e-01,9.307552698794161472e-01,-4.503489457304633015e-01,3.757696913677794348e-01
5.295637249946594238e-02,-6.519980728626251221e-02,3.780296817421913147e-02,-9.038627147674560547e-03,5.427899360656738281e-01,7.969205975532531738e-01,-5.396553277969360352e-01,2.808791399002075195e-01,6.556038597552787950e-01,9.126205927645509863e-01,-4.478844874203061210e-01,3.757978016438744406e-01
5.138592794537544250e-02,-6.527434289455413818e-02,3.676626086235046387e-02,-9.627282619476318359e-03,5.439031720161437988e-01,7.794920802116394043e-01,-5.368453860282897949e-01,2.828143239021301270e-01,6.540187324964440441e-01,8.938984063716387540e-01,-4.460663123288723386e-01,3.758343841161668752e-01
4.976343363523483276e-02,-6.535273790359497070e-02,3.571847453713417053e-02,-1.027563214302062988e-02,5.452305078506469727e-01,7.614632248878479004e-01,-5.341551303863525391e-01,2.851297259330749512e-01,6.524151225590412162e-01,8.747816630849114539e-01,-4.447413154831387772e-01,3.758773826964065257e-01
4.811042547225952148e-02,-6.543105840682983398e-02,3.466697037220001221e-02,-1.096580922603607178e-02,5.466980934143066406e-01,7.430558204650878906e-01,-5.315534472465515137e-01,2.877084016799926758e-01,6.508003221095911561e-01,8.554289681780463672e-01,-4.437831395766525522e-01,3.759250986876667144e-01
4.643996432423591614e-02,-6.550689041614532471e-02,3.361612185835838318e-02,-1.168686151504516602e-02,5.482602715492248535e-01,7.244041562080383301e-01,-5.290207862854003906e-01,2.904780805110931396e-01,6.491787808754057032e-01,8.359368176967643116e-01,-4.431142812135999698e-01,3.759764878644487607e-01
4.476501792669296265e-02,-6.557807326316833496e-02,3.257038071751594543e-02,-1.242782175540924072e-02,5.498728752136230469e-01,7.056444883346557617e-01,-5.265388488769531250e-01,2.933679819107055664e-01,6.475549929997037601e-01,8.164025284850920938e-01,-4.426563701721891730e-01,3.760304936687003940e-01
4.309531673789024353e-02,-6.564296782016754150e-02,3.153302520513534546e-02,-1.318027079105377197e-02,5.515015721321105957e-01,6.868791580200195312e-01,-5.240930318832397461e-01,2.963235974311828613e-01,6.459324048489766268e-01,7.969004378389272780e-01,-4.423489446362530719e-01,3.760862989335586049e-01
4.144146293401718140e-02,-6.570005416870117188e-02,3.050759620964527130e-02,-1.393488049507141113e-02,5.531101822853088379e-01,6.682213544845581055e-01,-5.216680765151977539e-01,2.992854416370391846e-01,6.443148068863796540e-01,7.775123587017093163e-01,-4.421256748081667243e-01,3.761430080013439814e-01
3.980594873428344727e-02,-6.574892997741699219e-02,2.949495613574981689e-02,-1.468929648399353027e-02,5.546891093254089355e-01,6.496991515159606934e-01,-5.192599296569824219e-01,3.022387325763702393e-01,6.427031810817186441e-01,7.582587054432229356e-01,-4.419682914535796869e-01,3.762003682671737348e-01
3.819346055388450623e-02,-6.578901410102844238e-02,2.849662676453590393e-02,-1.543916761875152588e-02,5.562217235565185547e-01,6.313639283180236816e-01,-5.168614983558654785e-01,3.051561117172241211e-01,6.410993021761094424e-01,7.391771878869622947e-01,-4.418449616807188507e-01,3.762579455986883592e-01
3.660378977656364441e-02,-6.582060456275939941e-02,2.751234918832778931e-02,-1.618432998657226562e-02,5.577089786529541016e-01,6.132155060768127441e-01,-5.144724845886230469e-01,3.080368041992187500e-01,6.395031797061510037e-01,7.202670521902099221e-01,-4.417541474889060682e-01,3.763157120500189023e-01
3.503651171922683716e-02,-6.584386527538299561e-02,2.654190920293331146e-02,-1.692485809326171875e-02,5.591515302658081055e-01,5.952510237693786621e-01,-5.120930075645446777e-01,3.108817338943481445e-01,6.379147624689882612e-01,7.015262000400412923e-01,-4.416953342408340144e-01,3.763736532368439081e-01
3.349179029464721680e-02,-6.585894525051116943e-02,2.558529749512672424e-02,-1.766030490398406982e-02,5.605486035346984863e-01,5.774744749069213867e-01,-5.097226500511169434e-01,3.136886358261108398e-01,6.363342042757986761e-01,6.829571073636619971e-01,-4.416645596571184273e-01,3.764317094180261725e-01
3.196830302476882935e-02,-6.586627662181854248e-02,2.464199066162109375e-02,-1.839153468608856201e-02,5.619047880172729492e-01,5.598739981651306152e-01,-5.073632597923278809e-01,3.164638578891754150e-01,6.347611368684368260e-01,6.645508760665208570e-01,-4.416668101835792282e-01,3.764899407813760424e-01
3.046786040067672729e-02,-6.586560606956481934e-02,2.371229417622089386e-02,-1.911650598049163818e-02,5.632119774818420410e-01,5.424692630767822266e-01,-5.050097703933715820e-01,3.191934227943420410e-01,6.331962858492105051e-01,6.463209837698395965e-01,-4.416857230879198681e-01,3.765481105597199285e-01
2.899087965488433838e-02,-6.585711240768432617e-02,2.279636822640895844e-02,-1.983453333377838135e-02,5.644689798355102539e-01,5.252678990364074707e-01,-5.026620030403137207e-01,3.218743205070495605e-01,6.316399129722681804e-01,6.282724104118306840e-01,-4.417155180313954710e-01,3.766061360352456755e-01
2.753659337759017944e-02,-6.584103405475616455e-02,2.189394645392894745e-02,-2.054615318775177002e-02,5.656782984733581543e-01,5.082630515098571777e-01,-5.003212690353393555e-01,3.245105147361755371e-01,6.300918394024590530e-01,6.104018245661242403e-01,-4.417603063655128892e-01,3.766640766573637888e-01
2.610476315021514893e-02,-6.581766903400421143e-02,2.100487798452377319e-02,-2.125130593776702881e-02,5.668413043022155762e-01,4.914546608924865723e-01,-4.979881048202514648e-01,3.271023929119110107e-01,6.285520655547628399e-01,5.927092187719312788e-01,-4.418200880902606875e-01,3.767219324260722146e-01
2.469605952501296997e-02,-6.578700244426727295e-02,2.012924291193485260e-02,-2.194896340370178223e-02,5.679543018341064453e-01,4.748514592647552490e-01,-4.956602156162261963e-01,3.296436369419097900e-01,6.270209377662276928e-01,5.751998740981086877e-01,-4.418848580368401890e-01,3.767795526741821166e-01
2.331064641475677490e-02,-6.574919819831848145e-02,1.926695369184017181e-02,-2.263866364955902100e-02,5.690163969993591309e-01,4.584568440914154053e-01,-4.933367967605590820e-01,3.321315050125122070e-01,6.254986107336397705e-01,5.578761366176816505e-01,-4.419501571318239508e-01,3.768368702527952196e-01
2.194761484861373901e-02,-6.570452451705932617e-02,1.841784082353115082e-02,-2.332112938165664673e-02,5.700312852859497070e-01,4.422634840011596680e-01,-4.910201430320739746e-01,3.345718979835510254e-01,6.239848583994406228e-01,5.407345321224126256e-01,-4.420225384033845129e-01,3.768939838435411138e-01
2.060671523213386536e-02,-6.565330922603607178e-02,1.758175902068614960e-02,-2.399632334709167480e-02,5.710003376007080078e-01,4.262708723545074463e-01,-4.887112081050872803e-01,3.369655609130859375e-01,6.224796812488714304e-01,5.237750508960768991e-01,-4.421020018515218752e-01,3.769508934464151917e-01
1.928775385022163391e-02,-6.559556722640991211e-02,1.675840467214584351e-02,-2.466399222612380981e-02,5.719224810600280762e-01,4.104776382446289062e-01,-4.864079952239990234e-01,3.393101692199707031e-01,6.209830736939079276e-01,5.069949324647169409e-01,-4.421836207912702155e-01,3.770075139550228549e-01
1.799051091074943542e-02,-6.553149223327636719e-02,1.594743691384792328e-02,-2.532381564378738403e-02,5.727971792221069336e-01,3.948827385902404785e-01,-4.841089844703674316e-01,3.416036367416381836e-01,6.194950305807868096e-01,4.903915871617641753e-01,-4.422627779711296725e-01,3.770637656082983513e-01
1.671469211578369141e-02,-6.546130776405334473e-02,1.514900662004947662e-02,-2.597616612911224365e-02,5.736269354820251465e-01,3.794854879379272461e-01,-4.818169772624969482e-01,3.438499867916107178e-01,6.180155582511015488e-01,4.739676363621945221e-01,-4.423441889653235704e-01,3.771197298657894548e-01
1.546001806855201721e-02,-6.538525223731994629e-02,1.436300948262214661e-02,-2.662096917629241943e-02,5.744126439094543457e-01,3.642853498458862305e-01,-4.795324802398681641e-01,3.460497558116912842e-01,6.165446572186519258e-01,4.577230690641491129e-01,-4.424278537738520201e-01,3.771754067274971645e-01
1.422595605254173279e-02,-6.530351936817169189e-02,1.358896307647228241e-02,-2.725842595100402832e-02,5.751556754112243652e-01,3.492766022682189941e-01,-4.772547483444213867e-01,3.482034206390380859e-01,6.150821673447822713e-01,4.416525332765014467e-01,-4.425126135956469198e-01,3.772307676346041139e-01
1.301166042685508728e-02,-6.521621346473693848e-02,1.282639242708683014e-02,-2.788873016834259033e-02,5.758563876152038574e-01,3.344513773918151855e-01,-4.749825596809387207e-01,3.503119945526123047e-01,6.136278169535225313e-01,4.257469680601951856e-01,-4.425965050524177657e-01,3.772857641993702660e-01
1.181742176413536072e-02,-6.512357294559478760e-02,1.207551173865795135e-02,-2.851172536611557007e-02,5.765159726142883301e-01,3.198147416114807129e-01,-4.727177321910858154e-01,3.523757457733154297e-01,6.121818348151543132e-01,4.100139507767875391e-01,-4.426811746347324439e-01,3.773404369997926944e-01
1.064295694231987000e-02,-6.502577662467956543e-02,1.133629493415355682e-02,-2.912741154432296753e-02,5.771352052688598633e-01,3.053662180900573730e-01,-4.704609811305999756e-01,3.543959856033325195e-01,6.107442214346251452e-01,3.944534701749575767e-01,-4.427666223426023895e-01,3.773947860358703998e-01
9.487912058830261230e-03,-6.492301821708679199e-02,1.060845702886581421e-02,-2.973586320877075195e-02,5.777150988578796387e-01,2.911026477813720703e-01,-4.682121872901916504e-01,3.563730120658874512e-01,6.093148920137132496e-01,3.790629956356216246e-01,-4.428527579473316433e-01,3.774488055931910502e-01
8.351355791091918945e-03,-6.481541693210601807e-02,9.891463443636894226e-03,-3.033749014139175415e-02,5.782569646835327148e-01,2.770145237445831299e-01,-4.659705460071563721e-01,3.583088815212249756e-01,6.078935291859675072e-01,3.638331275198185000e-01,-4.429392452205188624e-01,3.775024743775594605e-01
7.233329117298126221e-03,-6.470318138599395752e-02,9.185384958982467651e-03,-3.093216568231582642e-02,5.787617564201354980e-01,2.631043195724487305e-01,-4.637370705604553223e-01,3.602038621902465820e-01,6.064802467578204181e-01,3.487672016843701983e-01,-4.430262040311544469e-01,3.775557999805800313e-01
6.133515387773513794e-03,-6.458641588687896729e-02,8.490070700645446777e-03,-3.151997923851013184e-02,5.792299509048461914e-01,2.493696361780166626e-01,-4.615118801593780518e-01,3.620588183403015137e-01,6.050749910661475939e-01,3.338636077241067257e-01,-4.431135771052459038e-01,3.776087787749473068e-01
5.051571875810623169e-03,-6.446535885334014893e-02,7.805330678820610046e-03,-3.210102766752243042e-02,5.796631574630737305e-01,2.358082830905914307e-01,-4.592954218387603760e-01,3.638748526573181152e-01,6.036776896517621616e-01,3.191202849703174693e-01,-4.432013549482610171e-01,3.776614077576336825e-01
3.986943513154983521e-03,-6.434008479118347168e-02,7.130812853574752808e-03,-3.267545998096466064e-02,5.800616145133972168e-01,2.224147021770477295e-01,-4.570869505405426025e-01,3.656525313854217529e-01,6.022881578502351507e-01,3.045324842098553475e-01,-4.432898133505659422e-01,3.777136876531063669e-01
2.939403057098388672e-03,-6.421081721782684326e-02,6.466394290328025818e-03,-3.324335813522338867e-02,5.804269909858703613e-01,2.091877758502960205e-01,-4.548871219158172607e-01,3.673928678035736084e-01,6.009063882286547198e-01,2.900997036963573472e-01,-4.433787774268156956e-01,3.777656132973625236e-01
1.908607780933380127e-03,-6.407760083675384521e-02,5.811966955661773682e-03,-3.380481153726577759e-02,5.807593464851379395e-01,1.961249709129333496e-01,-4.526960253715515137e-01,3.690969347953796387e-01,5.995323074022234078e-01,2.758198613909728092e-01,-4.434682399757342020e-01,3.778171817173392455e-01
8.942410349845886230e-04,-6.394062936305999756e-02,5.167286843061447144e-03,-3.435991704463958740e-02,5.810599923133850098e-01,1.832235902547836304e-01,-4.505136609077453613e-01,3.707651793956756592e-01,5.981658419792061920e-01,2.616908753173936009e-01,-4.435581937960116350e-01,3.778683899399706836e-01
-1.040287315845489502e-04,-6.380008161067962646e-02,4.532180726528167725e-03,-3.490873426198959351e-02,5.813299417495727539e-01,1.704813987016677856e-01,-4.483403563499450684e-01,3.723985254764556885e-01,5.968069185609650162e-01,2.477106635618005759e-01,-4.436486316863380019e-01,3.779192349921925431e-01
-1.086514443159103394e-03,-6.365601718425750732e-02,3.906508907675743103e-03,-3.545138984918594360e-02,5.815696120262145996e-01,1.578957438468933105e-01,-4.461759924888610840e-01,3.739978671073913574e-01,5.954554637420040875e-01,2.338771442724802974e-01,-4.437395464454259586e-01,3.779697139009409179e-01
-2.053525298833847046e-03,-6.350858509540557861e-02,3.290055319666862488e-03,-3.598794341087341309e-02,5.817799568176269531e-01,1.454639881849288940e-01,-4.440206289291381836e-01,3.755636215209960938e-01,5.941114041099939680e-01,2.201882356597704427e-01,-4.438309308719656787e-01,3.780198236931499589e-01
-3.005377948284149170e-03,-6.335788965225219727e-02,2.682676538825035095e-03,-3.651855140924453735e-02,5.819617509841918945e-01,1.331834793090820312e-01,-4.418744444847106934e-01,3.770970106124877930e-01,5.927746662458351912e-01,2.066418559959504186e-01,-4.439227777646698181e-01,3.780695613957558709e-01
-3.942023962736129761e-03,-6.320412456989288330e-02,2.084413543343544006e-03,-3.704296052455902100e-02,5.821152329444885254e-01,1.210568994283676147e-01,-4.397378563880920410e-01,3.785974383354187012e-01,5.914453256721586838e-01,1.932410432904419217e-01,-4.440147904942168267e-01,3.781189367925653633e-01
-4.863969981670379639e-03,-6.304733455181121826e-02,1.495001837611198425e-03,-3.756149113178253174e-02,5.822414755821228027e-01,1.090786755084991455e-01,-4.376109242439270020e-01,3.800666630268096924e-01,5.901232231345283630e-01,1.799807660633297168e-01,-4.441071286283539976e-01,3.781679395599755189e-01
-5.771510303020477295e-03,-6.288769841194152832e-02,9.142626076936721802e-04,-3.807421773672103882e-02,5.823415517807006836e-01,9.724669158458709717e-02,-4.354937076568603516e-01,3.815053105354309082e-01,5.888082888654966318e-01,1.668590689793857662e-01,-4.441997778337365421e-01,3.782165670392780288e-01
-6.664916872978210449e-03,-6.272523105144500732e-02,3.420114517211914062e-04,-3.858117759227752686e-02,5.824154615402221680e-01,8.555823564529418945e-02,-4.333856403827667236e-01,3.829135298728942871e-01,5.875004570148147920e-01,1.538741316346043109e-01,-4.442927161528243407e-01,3.782648169078020595e-01
-7.544428110122680664e-03,-6.256012618541717529e-02,-2.218559384346008301e-04,-3.908247500658035278e-02,5.824644565582275391e-01,7.401198148727416992e-02,-4.312874972820281982e-01,3.842924237251281738e-01,5.861996617258831144e-01,1.410241336926616462e-01,-4.443859216280884872e-01,3.783126868428856593e-01
-8.410356938838958740e-03,-6.239244341850280762e-02,-7.775258272886276245e-04,-3.957820683717727661e-02,5.824888944625854492e-01,6.260481476783752441e-02,-4.291989505290985107e-01,3.856424689292907715e-01,5.849058371357838126e-01,1.283072548851897365e-01,-4.444793723019889176e-01,3.783601745218579948e-01
-9.262941777706146240e-03,-6.222230195999145508e-02,-1.325143501162528992e-03,-4.006841778755187988e-02,5.824896097183227539e-01,5.133506655693054199e-02,-4.271200299263000488e-01,3.869642019271850586e-01,5.836189173753346671e-01,1.157216750107919329e-01,-4.445730462169967812e-01,3.784072776220557266e-01
-1.010244712233543396e-02,-6.204977631568908691e-02,-1.864824444055557251e-03,-4.055322706699371338e-02,5.824671387672424316e-01,4.020035266876220703e-02,-4.250509738922119141e-01,3.882585465908050537e-01,5.823388365691342106e-01,1.032655739350977347e-01,-4.446669214155832828e-01,3.784539938208088539e-01
-1.092882826924324036e-02,-6.187500059604644775e-02,-2.396484836935997009e-03,-4.103249311447143555e-02,5.824218392372131348e-01,2.920298278331756592e-02,-4.229924082756042480e-01,3.895255327224731445e-01,5.810656466808090670e-01,9.094199086776756646e-02,-4.447609367950398074e-01,3.785003426946961791e-01
-1.174240559339523315e-02,-6.169810891151428223e-02,-2.920366823673248291e-03,-4.150629788637161255e-02,5.823544859886169434e-01,1.833979785442352295e-02,-4.209440946578979492e-01,3.907656073570251465e-01,5.797992453010263336e-01,7.874760014214378379e-02,-4.448550825290642496e-01,3.785463151344025667e-01
-1.254350319504737854e-02,-6.151911616325378418e-02,-3.436641767621040344e-03,-4.197484254837036133e-02,5.822656154632568359e-01,7.607340812683105469e-03,-4.189058542251586914e-01,3.919796347618103027e-01,5.785395441496490321e-01,6.667965890739520340e-02,-4.449493440960879398e-01,3.785919046572924218e-01
-1.333236694335937500e-02,-6.133812665939331055e-02,-3.945456817746162415e-03,-4.243814945220947266e-02,5.821557044982910156e-01,-2.996370196342468262e-03,-4.168776869773864746e-01,3.931681513786315918e-01,5.772864832385351530e-01,5.473659122385288178e-02,-4.450436975747191215e-01,3.786371100393708389e-01
-1.410917565226554871e-02,-6.115530431270599365e-02,-4.446923732757568359e-03,-4.289630055427551270e-02,5.820260643959045410e-01,-1.347252726554870605e-02,-4.148600697517395020e-01,3.943316936492919922e-01,5.760400025735347151e-01,4.291682123347115990e-02,-4.451381190435327873e-01,3.786819300566388047e-01
-1.487421244382858276e-02,-6.097060441970825195e-02,-4.941156134009361267e-03,-4.334936290979385376e-02,5.818761587142944336e-01,-2.382375299930572510e-02,-4.128523766994476318e-01,3.954708278179168701e-01,5.748000421545258476e-01,3.121877315895297059e-02,-4.452325845811131444e-01,3.787263634850945859e-01
-1.562765613198280334e-02,-6.078417599201202393e-02,-5.428282544016838074e-03,-4.379740357398986816e-02,5.817070603370666504e-01,-3.405147790908813477e-02,-4.108550548553466797e-01,3.965860903263092041e-01,5.735665419754789607e-01,1.964087130342183699e-02,-4.453270702660444558e-01,3.787704091007422780e-01
-1.636974141001701355e-02,-6.059604883193969727e-02,-5.908424034714698792e-03,-4.424050450325012207e-02,5.815190076828002930e-01,-4.415788501501083374e-02,-4.088678359985351562e-01,3.976779580116271973e-01,5.723394420245064840e-01,8.181540049491977523e-03,-4.454215521769108177e-01,3.788140656795823125e-01
-1.710035651922225952e-02,-6.040646135807037354e-02,-6.381517276167869568e-03,-4.467850178480148315e-02,5.813131332397460938e-01,-5.414012074470520020e-02,-4.068917632102966309e-01,3.987463712692260742e-01,5.711188047705657578e-01,-3.155757774396338641e-03,-4.455160273047849562e-01,3.788573585395421106e-01
-1.781967282295227051e-02,-6.021541357040405273e-02,-6.847562268376350403e-03,-4.511141777038574219e-02,5.810890197753906250e-01,-6.399905681610107422e-02,-4.049269556999206543e-01,3.997920155525207520e-01,5.699045941843917662e-01,-1.437161019915290938e-02,-4.456104758252791287e-01,3.789002916565343271e-01
-1.852803677320480347e-02,-6.002293527126312256e-02,-7.306827232241630554e-03,-4.553945362567901611e-02,5.808475613594055176e-01,-7.373902201652526855e-02,-4.029729068279266357e-01,4.008154273033142090e-01,5.686966862181765947e-01,-2.547022559841293984e-02,-4.457048628872215534e-01,3.789428499346180756e-01
-1.922569051384925842e-02,-5.982911586761474609e-02,-7.759418338537216187e-03,-4.596263170242309570e-02,5.805889368057250977e-01,-8.336174488067626953e-02,-4.010295867919921875e-01,4.018171131610870361e-01,5.674950292702640731e-01,-3.645283208517396262e-02,-4.457991660092850417e-01,3.789850339775395205e-01
-1.991275697946548462e-02,-5.963408946990966797e-02,-8.205454796552658081e-03,-4.638104140758514404e-02,5.803143978118896484e-01,-9.286832064390182495e-02,-3.990973532199859619e-01,4.027975797653198242e-01,5.662995717332575119e-01,-4.732065766834102349e-02,-4.458933627101422936e-01,3.790268443890488226e-01
-2.058941498398780823e-02,-5.943786352872848511e-02,-8.645039051771163940e-03,-4.679468274116516113e-02,5.800237655639648438e-01,-1.022603809833526611e-01,-3.971757888793945312e-01,4.037567973136901855e-01,5.651102619940721050e-01,-5.807493025376493645e-02,-4.459874305084662871e-01,3.790682817728915910e-01
-2.125588804483413696e-02,-5.924049019813537598e-02,-9.078219532966613770e-03,-4.720368981361389160e-02,5.797175168991088867e-01,-1.115396767854690552e-01,-3.952652812004089355e-01,4.046959877014160156e-01,5.639270484340044298e-01,-6.871687764478937033e-02,-4.460813469229294448e-01,3.791093467328174871e-01
-2.191232144832611084e-02,-5.904211103916168213e-02,-9.505163878202438354e-03,-4.760802537202835083e-02,5.793964266777038574e-01,-1.207073032855987549e-01,-3.933657407760620117e-01,4.056148529052734375e-01,5.627498794287921768e-01,-7.924772754350756232e-02,-4.461750894722047445e-01,3.791500398725726195e-01
-2.255889400839805603e-02,-5.884270370006561279e-02,-9.925896301865577698e-03,-4.800780862569808960e-02,5.790604948997497559e-01,-1.297649443149566650e-01,-3.914771676063537598e-01,4.065143465995788574e-01,5.615787033486728808e-01,-8.966870755152876737e-02,-4.462686356749649974e-01,3.791903617959056505e-01
-2.319577336311340332e-02,-5.864237248897552490e-02,-1.034059189260005951e-02,-4.840303957462310791e-02,5.787103176116943359e-01,-1.387141942977905273e-01,-3.895993828773498535e-01,4.073942601680755615e-01,5.604134685584526432e-01,-9.998104517107042621e-02,-4.463619630498826263e-01,3.792303131065631883e-01
-2.382313460111618042e-02,-5.844120681285858154e-02,-1.074927859008312225e-02,-4.879381507635116577e-02,5.783464908599853516e-01,-1.475560963153839111e-01,-3.877328932285308838e-01,4.082556962966918945e-01,5.592541234175560927e-01,-1.101859678055606973e-01,-4.464550491156307199e-01,3.792698944082938395e-01
-2.444114536046981812e-02,-5.823914706707000732e-02,-1.115207001566886902e-02,-4.918016493320465088e-02,5.779688358306884766e-01,-1.562926769256591797e-01,-3.858770132064819336e-01,4.090985059738159180e-01,5.581006162800959958e-01,-1.202847027608947988e-01,-4.465478713908820341e-01,3.793091063048442679e-01
-2.504993230104446411e-02,-5.803640186786651611e-02,-1.154909282922744751e-02,-4.956213757395744324e-02,5.775784254074096680e-01,-1.649246960878372192e-01,-3.840322792530059814e-01,4.099231362342834473e-01,5.569528954949251043e-01,-1.302784772461471618e-01,-4.466404073943090469e-01,3.793479493999621366e-01
-2.564970403909683228e-02,-5.783292651176452637e-02,-1.194041036069393158e-02,-4.993979632854461670e-02,5.771752595901489258e-01,-1.734541803598403931e-01,-3.821983933448791504e-01,4.107300639152526855e-01,5.558109094057107624e-01,-1.401685183747181096e-01,-4.467326346445847363e-01,3.793864242973965517e-01
-2.624060213565826416e-02,-5.762881785631179810e-02,-1.232609525322914124e-02,-5.031317472457885742e-02,5.767598152160644531e-01,-1.818820238113403320e-01,-3.803756237030029297e-01,4.115198254585266113e-01,5.546746063509822022e-01,-1.499560531648807538e-01,-4.468245306603817468e-01,3.794245316008946767e-01
-2.682277560234069824e-02,-5.742405354976654053e-02,-1.270627416670322418e-02,-5.068235844373703003e-02,5.763322114944458008e-01,-1.902103126049041748e-01,-3.785635232925415039e-01,4.122923910617828369e-01,5.535439346641937153e-01,-1.596423085409849896e-01,-4.469160729603729454e-01,3.794622719142026201e-01
-2.739635109901428223e-02,-5.721881240606307983e-02,-1.308100111782550812e-02,-5.104736238718032837e-02,5.758933424949645996e-01,-1.984393298625946045e-01,-3.767626881599426270e-01,4.130484759807586670e-01,5.524188609004742068e-01,-1.692280637399180276e-01,-4.470072701557243344e-01,3.794996480095568780e-01
-2.796141803264617920e-02,-5.701304972171783447e-02,-1.345029100775718689e-02,-5.140815675258636475e-02,5.754428505897521973e-01,-2.065696269273757935e-01,-3.749728202819824219e-01,4.137880504131317139e-01,5.512993988292738123e-01,-1.787129382867046201e-01,-4.470982114082904801e-01,3.795366682770580091e-01
-2.851816266775131226e-02,-5.680685490369796753e-02,-1.381428912281990051e-02,-5.176489800214767456e-02,5.749817490577697754e-01,-2.146035432815551758e-01,-3.731941580772399902e-01,4.145117402076721191e-01,5.501854327622058838e-01,-1.880997306008611036e-01,-4.471887650490841137e-01,3.795733257053575671e-01
-2.906677871942520142e-02,-5.660024285316467285e-02,-1.417311280965805054e-02,-5.211761221289634705e-02,5.745100378990173340e-01,-2.225428223609924316e-01,-3.714262545108795166e-01,4.152198135852813721e-01,5.490769123368485216e-01,-1.973896347038856525e-01,-4.472789108552425175e-01,3.796096210557152184e-01
-2.960739284753799438e-02,-5.639325827360153198e-02,-1.452681422233581543e-02,-5.246633663773536682e-02,5.740278959274291992e-01,-2.303884923458099365e-01,-3.696691989898681641e-01,4.159125089645385742e-01,5.479737871859893250e-01,-2.065838445259768619e-01,-4.473686286039033067e-01,3.796455550893915176e-01
-3.014016151428222656e-02,-5.618593096733093262e-02,-1.487548276782035828e-02,-5.281113833189010620e-02,5.735356211662292480e-01,-2.381421327590942383e-01,-3.679229319095611572e-01,4.165902733802795410e-01,5.468760069377091027e-01,-2.156835539068535090e-01,-4.474578980722037080e-01,3.796811285676467418e-01
-3.066519647836685181e-02,-5.597834289073944092e-02,-1.521923393011093140e-02,-5.315206944942474365e-02,5.730339884757995605e-01,-2.458049356937408447e-01,-3.661874532699584961e-01,4.172532558441162109e-01,5.457835212154038551e-01,-2.246899565965741474e-01,-4.475466990372812259e-01,3.797163422517414455e-01
-3.118264675140380859e-02,-5.577049404382705688e-02,-1.555811800062656403e-02,-5.348916351795196533e-02,5.725228190422058105e-01,-2.533782124519348145e-01,-3.644626736640930176e-01,4.179017841815948486e-01,5.446962796378700400e-01,-2.336042462565223188e-01,-4.476350112762733091e-01,3.797511969029363499e-01
-3.169265389442443848e-02,-5.556240677833557129e-02,-1.589221507310867310e-02,-5.382248759269714355e-02,5.720024704933166504e-01,-2.608633637428283691e-01,-3.627485036849975586e-01,4.185362756252288818e-01,5.436142318193531997e-01,-2.424276164602252870e-01,-4.477228145663174064e-01,3.797856932824905662e-01
-3.219535946846008301e-02,-5.535416305065155029e-02,-1.622161269187927246e-02,-5.415207892656326294e-02,5.714733600616455078e-01,-2.682615220546722412e-01,-3.610450029373168945e-01,4.191569685935974121e-01,5.425373273696115772e-01,-2.511612606943389170e-01,-4.478100886845508000e-01,3.798198321516637055e-01
-3.269085288047790527e-02,-5.514574050903320312e-02,-1.654640212655067444e-02,-5.447799712419509888e-02,5.709356069564819336e-01,-2.755741477012634277e-01,-3.593518733978271484e-01,4.197639226913452148e-01,5.414655158939685187e-01,-2.598063723595221974e-01,-4.478968134081109942e-01,3.798536142717164332e-01
-3.317932784557342529e-02,-5.493722856044769287e-02,-1.686663366854190826e-02,-5.480028688907623291e-02,5.703897476196289062e-01,-2.828024327754974365e-01,-3.576694130897521973e-01,4.203579723834991455e-01,5.403987469933700938e-01,-2.683641447713121519e-01,-4.479829685141354934e-01,3.798870404039094706e-01
-3.366085886955261230e-02,-5.472860485315322876e-02,-1.718240417540073395e-02,-5.511900410056114197e-02,5.698357820510864258e-01,-2.899476885795593262e-01,-3.559972047805786133e-01,4.209388494491577148e-01,5.393369702644490449e-01,-2.768357711608336880e-01,-4.480685337797616352e-01,3.799201113095008187e-01
-3.413560241460800171e-02,-5.451994389295578003e-02,-1.749381981790065765e-02,-5.543417856097221375e-02,5.692739486694335938e-01,-2.970113456249237061e-01,-3.543352484703063965e-01,4.215068519115447998e-01,5.382801352995697508e-01,-2.852224446761134069e-01,-4.481534889821268686e-01,3.799528277497548068e-01
-3.460368514060974121e-02,-5.431123822927474976e-02,-1.780089735984802246e-02,-5.574586987495422363e-02,5.687046051025390625e-01,-3.039944469928741455e-01,-3.526836633682250977e-01,4.220625758171081543e-01,5.372281916869037222e-01,-2.935253583825153667e-01,-4.482378138983685312e-01,3.799851904859274376e-01
-3.506519645452499390e-02,-5.410249531269073486e-02,-1.810375787317752838e-02,-5.605415999889373779e-02,5.681278705596923828e-01,-3.108984827995300293e-01,-3.510420322418212891e-01,4.226059615612030029e-01,5.361810890104690142e-01,-3.017457052636708936e-01,-4.483214883056241273e-01,3.800172002792808756e-01
-3.552029281854629517e-02,-5.389380455017089844e-02,-1.840244233608245850e-02,-5.635904893279075623e-02,5.675441026687622070e-01,-3.177243471145629883e-01,-3.494106531143188477e-01,4.231375455856323242e-01,5.351387768501929543e-01,-3.098846782227914765e-01,-4.484044919810311058e-01,3.800488578910738435e-01
-3.596823662519454956e-02,-5.368545651435852051e-02,-1.869629323482513428e-02,-5.665995180606842041e-02,5.669536590576171875e-01,-3.244594633579254150e-01,-3.477925658226013184e-01,4.236569404602050781e-01,5.341016864488657978e-01,-3.179265524812751043e-01,-4.484872918597483937e-01,3.800802480379111281e-01
-3.640961647033691406e-02,-5.347730219364166260e-02,-1.898583956062793732e-02,-5.695727095007896423e-02,5.663565397262573242e-01,-3.311131000518798828e-01,-3.461855053901672363e-01,4.241643846035003662e-01,5.330694896093048918e-01,-3.258822760616323366e-01,-4.485695867864361031e-01,3.801113230659974307e-01
-3.684473782777786255e-02,-5.326932668685913086e-02,-1.927128620445728302e-02,-5.725120380520820618e-02,5.657532215118408203e-01,-3.376892805099487305e-01,-3.445891141891479492e-01,4.246605634689331055e-01,5.320420434427528544e-01,-3.337562886982188282e-01,-4.486512630286119685e-01,3.801420676214244398e-01
-3.727372735738754272e-02,-5.306154489517211914e-02,-1.955267786979675293e-02,-5.754180997610092163e-02,5.651437640190124512e-01,-3.441891670227050781e-01,-3.430033028125762939e-01,4.251458048820495605e-01,5.310193036354327045e-01,-3.415495677134857133e-01,-4.487323065562506819e-01,3.801724835327107699e-01
-3.769665956497192383e-02,-5.285395681858062744e-02,-1.983008906245231628e-02,-5.782908946275711060e-02,5.645281672477722168e-01,-3.506136238574981689e-01,-3.414278626441955566e-01,4.256200492382049561e-01,5.300012258697035517e-01,-3.492630903400055220e-01,-4.488127033393269905e-01,3.802025726283689844e-01
-3.811364620923995972e-02,-5.264660716056823730e-02,-2.010361291468143463e-02,-5.811311304569244385e-02,5.639069080352783203e-01,-3.569639623165130615e-01,-3.398627042770385742e-01,4.260835051536560059e-01,5.289877658240894620e-01,-3.568978337214015473e-01,-4.488924393478154196e-01,3.802323367369152551e-01
-3.852478414773941040e-02,-5.243951082229614258e-02,-2.037325687706470490e-02,-5.839391052722930908e-02,5.632801055908203125e-01,-3.632408678531646729e-01,-3.383080065250396729e-01,4.265366792678833008e-01,5.279788791733617259e-01,-3.644547749134416370e-01,-4.489715005516905499e-01,3.802617776868646438e-01
-3.893018513917922974e-02,-5.223270505666732788e-02,-2.063911035656929016e-02,-5.867152661085128784e-02,5.626480579376220703e-01,-3.694455623626708984e-01,-3.367635607719421387e-01,4.269796609878540039e-01,5.269745215885663914e-01,-3.719348908845848678e-01,-4.490498729209273510e-01,3.802908973067328224e-01
-3.932996094226837158e-02,-5.202620476484298706e-02,-2.090124785900115967e-02,-5.894597619771957397e-02,5.620106458663940430e-01,-3.755791187286376953e-01,-3.352292180061340332e-01,4.274125099182128906e-01,5.259746487371033119e-01,-3.793391585172929958e-01,-4.491275424255002924e-01,3.803196974250332985e-01
-3.972416371107101440e-02,-5.181999504566192627e-02,-2.115971036255359650e-02,-5.921735242009162903e-02,5.613683462142944336e-01,-3.816425204277038574e-01,-3.337050080299377441e-01,4.278355240821838379e-01,5.249792162827516817e-01,-3.866685546087419434e-01,-4.492044950353840660e-01,3.803481798702817995e-01
-4.011293500661849976e-02,-5.161412060260772705e-02,-2.141455747187137604e-02,-5.948563665151596069e-02,5.607210993766784668e-01,-3.876367211341857910e-01,-3.321906924247741699e-01,4.282488822937011719e-01,5.239881798857478623e-01,-3.939240558718052343e-01,-4.492807167205532526e-01,3.803763464709928321e-01
-4.049635678529739380e-02,-5.140858888626098633e-02,-2.166585251688957214e-02,-5.975094065070152283e-02,5.600693821907043457e-01,-3.935629725456237793e-01,-3.306865096092224121e-01,4.286530017852783203e-01,5.230014952028110287e-01,-4.011066389357652584e-01,-4.493561934509827105e-01,3.804041990556815134e-01
-4.087451100349426270e-02,-5.120342969894409180e-02,-2.191365696489810944e-02,-6.001322716474533081e-02,5.594130158424377441e-01,-3.994219005107879639e-01,-3.291921317577362061e-01,4.290477633476257324e-01,5.220191178872201077e-01,-4.082172803474067857e-01,-4.494309111966469650e-01,3.804317394528635154e-01
-4.124752432107925415e-02,-5.099867284297943115e-02,-2.215804159641265869e-02,-6.027255952358245850e-02,5.587524175643920898e-01,-4.052147269248962402e-01,-3.277074694633483887e-01,4.294334053993225098e-01,5.210410035888460856e-01,-4.152569565718905453e-01,-4.495048559275208744e-01,3.804589694910533448e-01
-4.161544144153594971e-02,-5.079426616430282593e-02,-2.239904180169105530e-02,-6.052901968359947205e-02,5.580875873565673828e-01,-4.109426438808441162e-01,-3.262324929237365723e-01,4.298101365566253662e-01,5.200671079542042996e-01,-4.222266439934655446e-01,-4.495780136135787974e-01,3.804858909987652305e-01
-4.197838157415390015e-02,-5.059027671813964844e-02,-2.263673394918441772e-02,-6.078261882066726685e-02,5.574187636375427246e-01,-4.166064262390136719e-01,-3.247671127319335938e-01,4.301782250404357910e-01,5.190973866265151671e-01,-4.291273189164516721e-01,-4.496503702247955370e-01,3.805125058045161768e-01
-4.233606159687042236e-02,-5.038687586784362793e-02,-2.287082374095916748e-02,-6.103307753801345825e-02,5.567462444305419922e-01,-4.222005605697631836e-01,-3.233128190040588379e-01,4.305376410484313965e-01,5.181320385390580929e-01,-4.359524368584001830e-01,-4.497221665070678109e-01,3.805388473093557766e-01
-4.268839210271835327e-02,-5.018416047096252441e-02,-2.310122922062873840e-02,-6.128029897809028625e-02,5.560703277587890625e-01,-4.277231097221374512e-01,-3.218703269958496094e-01,4.308883845806121826e-01,5.171711681610856592e-01,-4.426983728812479701e-01,-4.497935442875864442e-01,3.805649366560592273e-01
-4.303585737943649292e-02,-4.998198151588439941e-02,-2.332831919193267822e-02,-6.152464449405670166e-02,5.553910136222839355e-01,-4.331814050674438477e-01,-3.204379677772521973e-01,4.312311410903930664e-01,5.162144465736172583e-01,-4.493748989258941617e-01,-4.498641915540769198e-01,3.805907387463542402e-01
-4.337854683399200439e-02,-4.978030920028686523e-02,-2.355218306183815002e-02,-6.176616623997688293e-02,5.547083616256713867e-01,-4.385770559310913086e-01,-3.190155625343322754e-01,4.315657317638397217e-01,5.152618354447024984e-01,-4.559828042141576554e-01,-4.499341005991704390e-01,3.806162561922784571e-01
-4.371651262044906616e-02,-4.957921057939529419e-02,-2.377286553382873535e-02,-6.200485303997993469e-02,5.540224909782409668e-01,-4.439102411270141602e-01,-3.176029920578002930e-01,4.318923354148864746e-01,5.143132964393125617e-01,-4.625228778832266019e-01,-4.500032637154982584e-01,3.806414916058674103e-01
-4.404985159635543823e-02,-4.937864840030670166e-02,-2.399037964642047882e-02,-6.224079057574272156e-02,5.533335208892822266e-01,-4.491820633411407471e-01,-3.162003159523010254e-01,4.322114288806915283e-01,5.133687912193986014e-01,-4.689959089863706687e-01,-4.500716731956915240e-01,3.806664475991567431e-01
-4.437863081693649292e-02,-4.917866736650466919e-02,-2.420483343303203583e-02,-6.247396767139434814e-02,5.526417493820190430e-01,-4.543933868408203125e-01,-3.148072063922882080e-01,4.325225949287414551e-01,5.124282814439167222e-01,-4.754026864940329444e-01,-4.501393213323816589e-01,3.806911267841835422e-01
-4.470293223857879639e-02,-4.897922277450561523e-02,-2.441620081663131714e-02,-6.270446628332138062e-02,5.519469380378723145e-01,-4.595450162887573242e-01,-3.134238719940185547e-01,4.328266382217407227e-01,5.114917287688907077e-01,-4.817439992943224891e-01,-4.502062004181998645e-01,3.807155317729824517e-01
-4.502283781766891479e-02,-4.878042638301849365e-02,-2.462457679212093353e-02,-6.293224543333053589e-02,5.512496232986450195e-01,-4.646373987197875977e-01,-3.120502829551696777e-01,4.331232905387878418e-01,5.105590948474495461e-01,-4.880206361943272841e-01,-4.502723027457773419e-01,3.807396651775921126e-01
-4.533839970827102661e-02,-4.858218878507614136e-02,-2.483002282679080963e-02,-6.315741688013076782e-02,5.505496263504028320e-01,-4.696720838546752930e-01,-3.106859922409057617e-01,4.334127008914947510e-01,5.096303413298719498e-01,-4.942333859206047286e-01,-4.503376206077453481e-01,3.807635296100455036e-01
-4.564969986677169800e-02,-4.838456213474273682e-02,-2.503253519535064697e-02,-6.337995827198028564e-02,5.498471260070800781e-01,-4.746491909027099609e-01,-3.093312680721282959e-01,4.336951375007629395e-01,5.087054298636359828e-01,-5.003830371200028715e-01,-4.504021462967351397e-01,3.807871276823813211e-01
-4.595682024955749512e-02,-4.818756133317947388e-02,-2.523217350244522095e-02,-6.359994411468505859e-02,5.491424798965454102e-01,-4.795697927474975586e-01,-3.079860508441925049e-01,4.339708685874938965e-01,5.077843220934472601e-01,-5.064703783607529264e-01,-4.504658721053779735e-01,3.808104620066347090e-01
-4.625982791185379028e-02,-4.799120873212814331e-02,-2.542899921536445618e-02,-6.381735205650329590e-02,5.484355688095092773e-01,-4.844345450401306152e-01,-3.066501617431640625e-01,4.342398643493652344e-01,5.068669796613008982e-01,-5.124961981330720118e-01,-4.505287903263051619e-01,3.808335351948406444e-01
-4.655877500772476196e-02,-4.779543727636337280e-02,-2.562304772436618805e-02,-6.403227150440216064e-02,5.477263331413269043e-01,-4.892445206642150879e-01,-3.053232431411743164e-01,4.345021247863769531e-01,5.059533642065161541e-01,-5.184612848499267068e-01,-4.505908932521477950e-01,3.808563498590363250e-01
-4.685372859239578247e-02,-4.760033637285232544e-02,-2.581437118351459503e-02,-6.424470245838165283e-02,5.470153093338012695e-01,-4.940001368522644043e-01,-3.040056228637695312e-01,4.347579479217529297e-01,5.050434373657732845e-01,-5.243664268480188184e-01,-4.506521731755373517e-01,3.808789086112578381e-01
-4.714478552341461182e-02,-4.740585386753082275e-02,-2.600300312042236328e-02,-6.445467472076416016e-02,5.463020801544189453e-01,-4.987024664878845215e-01,-3.026969432830810547e-01,4.350073635578155518e-01,5.041371607731558457e-01,-5.302124123884404128e-01,-4.507126223891048666e-01,3.809012140635407717e-01
-4.743197560310363770e-02,-4.721203446388244629e-02,-2.618895098567008972e-02,-6.466223299503326416e-02,5.455872416496276855e-01,-5.033518075942993164e-01,-3.013975024223327637e-01,4.352508187294006348e-01,5.032345193482243850e-01,-5.359993967205272103e-01,-4.507722526173410516e-01,3.809232706723640893e-01
-4.771476984024047852e-02,-4.701923578977584839e-02,-2.637176774442195892e-02,-6.486684083938598633e-02,5.448712706565856934e-01,-5.079380273818969727e-01,-3.001097440719604492e-01,4.354877471923828125e-01,5.023359496007656633e-01,-5.417152612561493275e-01,-4.508314523993886547e-01,3.809451186608582285e-01
-4.799376428127288818e-02,-4.682713374495506287e-02,-2.655190229415893555e-02,-6.506903469562530518e-02,5.441537499427795410e-01,-5.124715566635131836e-01,-2.988314628601074219e-01,4.357190132141113281e-01,5.014410071253588841e-01,-5.473718293354602471e-01,-4.508898752278849287e-01,3.809667284826965816e-01
-4.826898127794265747e-02,-4.663576930761337280e-02,-2.672943100333213806e-02,-6.526878476142883301e-02,5.434347987174987793e-01,-5.169524550437927246e-01,-2.975622415542602539e-01,4.359442591667175293e-01,5.005496588316828976e-01,-5.529697452265118773e-01,-4.509475178053894973e-01,3.809881031685004582e-01
-4.854051023721694946e-02,-4.644513502717018127e-02,-2.690436132252216339e-02,-6.546613574028015137e-02,5.427144169807434082e-01,-5.213816165924072266e-01,-2.963023781776428223e-01,4.361637532711029053e-01,4.996618716270436744e-01,-5.585096531213650239e-01,-4.510043768344619286e-01,3.810092457488855056e-01
-4.880839586257934570e-02,-4.625523090362548828e-02,-2.707672677934169769e-02,-6.566113233566284180e-02,5.419928431510925293e-01,-5.257596969604492188e-01,-2.950516939163208008e-01,4.363778233528137207e-01,4.987776124164202685e-01,-5.639921971370710496e-01,-4.510604490176618464e-01,3.810301592544770855e-01
-4.907268285751342773e-02,-4.606608673930168152e-02,-2.724660374224185944e-02,-6.585376709699630737e-02,5.412700772285461426e-01,-5.300872325897216797e-01,-2.938099503517150879e-01,4.365861117839813232e-01,4.978968481024916848e-01,-5.694180213161668114e-01,-4.511157310575489299e-01,3.810508467158893464e-01
-4.933345317840576172e-02,-4.587767273187637329e-02,-2.741399407386779785e-02,-6.604412198066711426e-02,5.405462384223937988e-01,-5.343652963638305664e-01,-2.925773262977600098e-01,4.367891848087310791e-01,4.970195455856871170e-01,-5.747877696277653436e-01,-4.511702196566827472e-01,3.810713111637447081e-01
-4.959075152873992920e-02,-4.569003731012344360e-02,-2.757892571389675140e-02,-6.623214483261108398e-02,5.398213863372802734e-01,-5.385937094688415527e-01,-2.913536727428436279e-01,4.369869828224182129e-01,4.961456717642128700e-01,-5.801020859678310826e-01,-4.512239115176229776e-01,3.810915556286617600e-01
-4.984461516141891479e-02,-4.550317302346229553e-02,-2.774148248136043549e-02,-6.641792505979537964e-02,5.390956997871398926e-01,-5.427738428115844727e-01,-2.901389002799987793e-01,4.371794760227203369e-01,4.952751935340853895e-01,-5.853616141603815715e-01,-4.512768033429291337e-01,3.811115831412608679e-01
-5.009513348340988159e-02,-4.531703516840934753e-02,-2.790162153542041779e-02,-6.660147756338119507e-02,5.383689999580383301e-01,-5.469059944152832031e-01,-2.889329195022583008e-01,4.373671412467956543e-01,4.944080777891741163e-01,-5.905669979577066186e-01,-4.513288918351608947e-01,3.811313967321607876e-01
-5.034231394529342651e-02,-4.513169452548027039e-02,-2.805947326123714447e-02,-6.678280234336853027e-02,5.376417040824890137e-01,-5.509909391403198242e-01,-2.877355813980102539e-01,4.375494420528411865e-01,4.935442914212368470e-01,-5.957188810414617564e-01,-4.513801736968777178e-01,3.811509994319811634e-01
-5.058626830577850342e-02,-4.494710266590118408e-02,-2.821499668061733246e-02,-6.696192920207977295e-02,5.369134545326232910e-01,-5.550292134284973145e-01,-2.865468859672546387e-01,4.377270638942718506e-01,4.926838013199483224e-01,-6.008179070231599583e-01,-4.514306456306394488e-01,3.811703942713424165e-01
-5.082699656486511230e-02,-4.476332291960716248e-02,-2.836824953556060791e-02,-6.713891774415969849e-02,5.361849069595336914e-01,-5.590212345123291016e-01,-2.853670716285705566e-01,4.378999471664428711e-01,4.918265743729347550e-01,-6.058647194448825157e-01,-4.514803043390056003e-01,3.811895842808636359e-01
-5.106458812952041626e-02,-4.458026587963104248e-02,-2.851926535367965698e-02,-6.731377542018890381e-02,5.354554057121276855e-01,-5.629681348800659180e-01,-2.841955125331878662e-01,4.380680918693542480e-01,4.909725774658156849e-01,-6.108599617799900239e-01,-4.515291465245357405e-01,3.812085724911632445e-01
-5.129907280206680298e-02,-4.439800977706909180e-02,-2.866809815168380737e-02,-6.748651713132858276e-02,5.347256064414978027e-01,-5.668702721595764160e-01,-2.830324172973632812e-01,4.382315874099731445e-01,4.901217774822212991e-01,-6.158042774338868819e-01,-4.515771688897896041e-01,3.812273619328618302e-01
-5.153050273656845093e-02,-4.421651735901832581e-02,-2.881473116576671600e-02,-6.765718758106231689e-02,5.339952707290649414e-01,-5.707280039787292480e-01,-2.818777561187744141e-01,4.383907318115234375e-01,4.892741413038380616e-01,-6.206983097444052078e-01,-4.516243681373265373e-01,3.812459556365793145e-01
-5.175874382257461548e-02,-4.403593763709068298e-02,-2.895908989012241364e-02,-6.782560795545578003e-02,5.332648158073425293e-01,-5.745387077331542969e-01,-2.807322144508361816e-01,4.385451376438140869e-01,4.884298277333579130e-01,-6.255380292761857364e-01,-4.516708652368222610e-01,3.812643629769510989e-01
-5.198388546705245972e-02,-4.385621100664138794e-02,-2.910114638507366180e-02,-6.799188256263732910e-02,5.325341820716857910e-01,-5.783033967018127441e-01,-2.795959115028381348e-01,4.386956691741943359e-01,4.875887623150351180e-01,-6.303250855998768776e-01,-4.517166301267591111e-01,3.812825856182512907e-01
-5.220606178045272827e-02,-4.367731884121894836e-02,-2.924110181629657745e-02,-6.815608590841293335e-02,5.318033695220947266e-01,-5.820246934890747070e-01,-2.784679532051086426e-01,4.388417601585388184e-01,4.867508316979896610e-01,-6.350620751350705140e-01,-4.517616075633781869e-01,3.813006239391661389e-01
-5.242528766393661499e-02,-4.349925369024276733e-02,-2.937895990908145905e-02,-6.831823289394378662e-02,5.310725569725036621e-01,-5.857025980949401855e-01,-2.773483991622924805e-01,4.389835000038146973e-01,4.859160092798122110e-01,-6.397494821418987510e-01,-4.518057984725442067e-01,3.813184811859192114e-01
-5.264165252447128296e-02,-4.332203418016433716e-02,-2.951471693813800812e-02,-6.847833842039108276e-02,5.303415656089782715e-01,-5.893377661705017090e-01,-2.762373387813568115e-01,4.391213655471801758e-01,4.850842687003049658e-01,-6.443877848766218497e-01,-4.518492039380557213e-01,3.813361606127996239e-01
-5.285516381263732910e-02,-4.314563423395156860e-02,-2.964842878282070160e-02,-6.863646954298019409e-02,5.296107530593872070e-01,-5.929309129714965820e-01,-2.751346230506896973e-01,4.392551779747009277e-01,4.842555838414992486e-01,-6.489774555919013421e-01,-4.518918252016446147e-01,3.813536654821580996e-01
-5.306587368249893188e-02,-4.297006130218505859e-02,-2.978009171783924103e-02,-6.879257410764694214e-02,5.288797020912170410e-01,-5.964819788932800293e-01,-2.740401029586791992e-01,4.393850564956665039e-01,4.834299288277091322e-01,-6.535189605374570609e-01,-4.519336636629764925e-01,3.813709990644073566e-01
-5.327381193637847900e-02,-4.279531911015510559e-02,-2.990975230932235718e-02,-6.894673407077789307e-02,5.281488299369812012e-01,-5.999919176101684570e-01,-2.729538381099700928e-01,4.395112097263336182e-01,4.826072780255299954e-01,-6.580127599605576361e-01,-4.519747208796501825e-01,3.813881646380259949e-01
-5.347902327775955200e-02,-4.262142628431320190e-02,-3.003743849694728851e-02,-6.909896433353424072e-02,5.274182558059692383e-01,-6.034610271453857422e-01,-2.718758583068847656e-01,4.396336078643798828e-01,4.817876060439104102e-01,-6.624593081066234568e-01,-4.520149985671986781e-01,3.814051654895516674e-01
-5.368155986070632935e-02,-4.244838654994964600e-02,-3.016316331923007965e-02,-6.924921274185180664e-02,5.266877412796020508e-01,-6.068896055221557617e-01,-2.708059549331665039e-01,4.397522211074829102e-01,4.809708877341407063e-01,-6.668590532196627674e-01,-4.520544985990880282e-01,3.814220049135866875e-01
-5.388143658638000488e-02,-4.227621108293533325e-02,-3.028695844113826752e-02,-6.939757615327835083e-02,5.259577631950378418e-01,-6.102781295776367188e-01,-2.697443068027496338e-01,4.398673772811889648e-01,4.801570981899209167e-01,-6.712124375428738521e-01,-4.520932230067180035e-01,3.814386862127949751e-01
-5.407871305942535400e-02,-4.210482910275459290e-02,-3.040882013738155365e-02,-6.954403221607208252e-02,5.252276659011840820e-01,-6.136271953582763672e-01,-2.686904966831207275e-01,4.399788975715637207e-01,4.793462127473564482e-01,-6.755198973190824629e-01,-4.521311739794219853e-01,3.814552126979033897e-01
-5.427338927984237671e-02,-4.193433746695518494e-02,-3.052883036434650421e-02,-6.968862563371658325e-02,5.244982838630676270e-01,-6.169371604919433594e-01,-2.676447629928588867e-01,4.400869011878967285e-01,4.785382069850146469e-01,-6.797818627910685585e-01,-4.521683538644669098e-01,3.814715876877041167e-01
-5.446556210517883301e-02,-4.176466912031173706e-02,-3.064694255590438843e-02,-6.983134150505065918e-02,5.237690806388854980e-01,-6.202085018157958984e-01,-2.666069865226745605e-01,4.401916861534118652e-01,4.777330567239364556e-01,-6.839987582024975588e-01,-4.522047651670532686e-01,3.814878145090460082e-01
-5.465520173311233521e-02,-4.159587249159812927e-02,-3.076321445405483246e-02,-6.997222453355789185e-02,5.230404138565063477e-01,-6.234412789344787598e-01,-2.655771970748901367e-01,4.402931034564971924e-01,4.769307380276776032e-01,-6.881710017980283700e-01,-4.522404105503152194e-01,3.815038964968490709e-01
-5.484237521886825562e-02,-4.142794013023376465e-02,-3.087768703699111938e-02,-7.011128216981887817e-02,5.223124027252197266e-01,-6.266363859176635742e-01,-2.645552754402160645e-01,4.403912127017974854e-01,4.761312272023187075e-01,-6.922990058237511457e-01,-4.522752928353202528e-01,3.815198369940898671e-01
-5.502710491418838501e-02,-4.126084968447685242e-02,-3.099034726619720459e-02,-7.024850696325302124e-02,5.215847492218017578e-01,-6.297937631607055664e-01,-2.635410726070404053e-01,4.404859840869903564e-01,4.753345108580495082e-01,-6.963830754049273875e-01,-4.523094123292635826e-01,3.815356365763834523e-01
-5.520944297313690186e-02,-4.109463468194007874e-02,-3.110121376812458038e-02,-7.038396596908569336e-02,5.208578705787658691e-01,-6.329140663146972656e-01,-2.625349164009094238e-01,4.405779838562011719e-01,4.745405867022793878e-01,-7.004234006311055305e-01,-4.523427666150613979e-01,3.815512928334152121e-01
-5.538938194513320923e-02,-4.092926532030105591e-02,-3.121029771864414215e-02,-7.051759213209152222e-02,5.201313495635986328e-01,-6.359971761703491211e-01,-2.615363001823425293e-01,4.406666755676269531e-01,4.737494095805618866e-01,-7.044205988113312333e-01,-4.523753648797879112e-01,3.815668152530739543e-01
-5.556698143482208252e-02,-4.076477140188217163e-02,-3.131766617298126221e-02,-7.064950466156005859e-02,5.194057822227478027e-01,-6.390441656112670898e-01,-2.605455815792083740e-01,4.407525062561035156e-01,4.729609576016217676e-01,-7.083750498691171460e-01,-4.524072103553551383e-01,3.815822069811323769e-01
-5.574227869510650635e-02,-4.060111939907073975e-02,-3.142330050468444824e-02,-7.077965140342712402e-02,5.186806917190551758e-01,-6.420551538467407227e-01,-2.595623731613159180e-01,4.408353865146636963e-01,4.721752091484459068e-01,-7.122871274178944612e-01,-4.524383064232281315e-01,3.815974711627180271e-01
-5.591528117656707764e-02,-4.043836891651153564e-02,-3.152725100517272949e-02,-7.090806216001510620e-02,5.179566144943237305e-01,-6.450303196907043457e-01,-2.585869431495666504e-01,4.409152567386627197e-01,4.713921428783248158e-01,-7.161571987610677592e-01,-4.524686566144247024e-01,3.816126109423191304e-01
-5.608604848384857178e-02,-4.027646407485008240e-02,-3.162949159741401672e-02,-7.103475183248519897e-02,5.172331333160400391e-01,-6.479701399803161621e-01,-2.576190829277038574e-01,4.409924149513244629e-01,4.706117377228670740e-01,-7.199856248932161584e-01,-4.524982646095158101e-01,3.816276294637811484e-01
-5.625459551811218262e-02,-4.011544212698936462e-02,-3.173010051250457764e-02,-7.115973532199859619e-02,5.165106058120727539e-01,-6.508751511573791504e-01,-2.566586732864379883e-01,4.410667121410369873e-01,4.698339728880351895e-01,-7.237727604998763775e-01,-4.525271342386249507e-01,3.816425298703036151e-01
-5.642092972993850708e-02,-3.995526582002639771e-02,-3.182900696992874146e-02,-7.128304988145828247e-02,5.157889127731323242e-01,-6.537451744079589844e-01,-2.557060122489929199e-01,4.411385655403137207e-01,4.690588278541574230e-01,-7.275189539587990639e-01,-4.525552694814287125e-01,3.816573153044439115e-01
-5.658511817455291748e-02,-3.979597613215446472e-02,-3.192632645368576050e-02,-7.140467315912246704e-02,5.150681138038635254e-01,-6.565811634063720703e-01,-2.547606825828552246e-01,4.412075877189636230e-01,4.682862823759741389e-01,-7.312245473398399920e-01,-4.525826744671565538e-01,3.816719889081174877e-01
-5.674716085195541382e-02,-3.963755071163177490e-02,-3.202200680971145630e-02,-7.152462750673294067e-02,5.143482685089111328e-01,-6.593829393386840820e-01,-2.538228332996368408e-01,4.412741661071777344e-01,4.675163164826383055e-01,-7.348898764060530775e-01,-4.526093534745906921e-01,3.816865538225960308e-01
-5.690709501504898071e-02,-3.948000445961952209e-02,-3.211611509323120117e-02,-7.164294272661209106e-02,5.136293768882751465e-01,-6.621512174606323242e-01,-2.528923153877258301e-01,4.413380622863769531e-01,4.667489104777626241e-01,-7.385152706136908218e-01,-4.526353109320663815e-01,3.817010131885079094e-01
-5.706496536731719971e-02,-3.932333737611770630e-02,-3.220863640308380127e-02,-7.175962626934051514e-02,5.129115581512451172e-01,-6.648862361907958984e-01,-2.519693076610565186e-01,4.413995742797851562e-01,4.659840449394221928e-01,-7.421010531130241006e-01,-4.526605514174718570e-01,3.817153701458397830e-01
-5.722075700759887695e-02,-3.916752338409423828e-02,-3.229958564043045044e-02,-7.187468558549880981e-02,5.121946930885314941e-01,-6.675879955291748047e-01,-2.510535717010498047e-01,4.414586126804351807e-01,4.652217007201928101e-01,-7.456475407488342144e-01,-4.526850796582479464e-01,3.817296278339368243e-01
-5.737452954053878784e-02,-3.901258856058120728e-02,-3.238898888230323792e-02,-7.198812812566757202e-02,5.114789009094238281e-01,-6.702570915222167969e-01,-2.501450777053833008e-01,4.415152668952941895e-01,4.644618589471752323e-01,-7.491550440606862260e-01,-4.527089005313885139e-01,3.817437893914966129e-01
-5.752630531787872314e-02,-3.885852918028831482e-02,-3.247687220573425293e-02,-7.210000604391098022e-02,5.107643008232116699e-01,-6.728940010070800781e-01,-2.492439597845077515e-01,4.415697455406188965e-01,4.637045010220060548e-01,-7.526238672835303678e-01,-4.527320190634404051e-01,3.817578579565776842e-01
-5.767608433961868286e-02,-3.870533779263496399e-02,-3.256323188543319702e-02,-7.221026718616485596e-02,5.100506544113159180e-01,-6.754984855651855469e-01,-2.483499646186828613e-01,4.416217207908630371e-01,4.629496086208928496e-01,-7.560543083483581839e-01,-4.527544404305032799e-01,3.817718366665914798e-01
-5.782403796911239624e-02,-3.855295479297637939e-02,-3.264820948243141174e-02,-7.231907546520233154e-02,5.093381404876708984e-01,-6.780735254287719727e-01,-2.474626004695892334e-01,4.416715502738952637e-01,4.621970559948165858e-01,-7.594495887461583106e-01,-4.527760713702713713e-01,3.817857153403360626e-01
-5.797007679939270020e-02,-3.840138018131256104e-02,-3.273172676563262939e-02,-7.242640107870101929e-02,5.086265802383422852e-01,-6.806178092956542969e-01,-2.465820908546447754e-01,4.417193233966827393e-01,4.614468954128246869e-01,-7.628080884173140674e-01,-4.527969814755535283e-01,3.817995057754072774e-01
-5.811423063278198242e-02,-3.825069963932037354e-02,-3.281382471323013306e-02,-7.253218442201614380e-02,5.079164505004882812e-01,-6.831312775611877441e-01,-2.457086592912673950e-01,4.417647123336791992e-01,4.606991178796738251e-01,-7.661298550511080885e-01,-4.528171841562915745e-01,3.818132121589720707e-01
-5.825655907392501831e-02,-3.810085356235504150e-02,-3.289446979761123657e-02,-7.263646274805068970e-02,5.072072744369506836e-01,-6.856144070625305176e-01,-2.448421269655227661e-01,4.418083131313323975e-01,4.599537035007287833e-01,-7.694152340130501200e-01,-4.528366827433023545e-01,3.818268372957878132e-01
-5.839703232049942017e-02,-3.795185312628746033e-02,-3.297371417284011841e-02,-7.273925095796585083e-02,5.064993500709533691e-01,-6.880674362182617188e-01,-2.439823746681213379e-01,4.418495893478393555e-01,4.592106325570595726e-01,-7.726645670621387074e-01,-4.528554806263661026e-01,3.818403839777309017e-01
-5.853570997714996338e-02,-3.780372068285942078e-02,-3.305158391594886780e-02,-7.284057140350341797e-02,5.057927370071411133e-01,-6.904908418655395508e-01,-2.431295365095138550e-01,4.418889284133911133e-01,4.584698855054651356e-01,-7.758781923516815393e-01,-4.528735812542248329e-01,3.818538549837949270e-01
-5.867262929677963257e-02,-3.765640035271644592e-02,-3.312807530164718628e-02,-7.294042408466339111e-02,5.050871372222900391e-01,-6.928850412368774414e-01,-2.422832399606704712e-01,4.419262707233428955e-01,4.577314429784899441e-01,-7.790564444299519220e-01,-4.528909881345838384e-01,3.818672530801004994e-01
-5.880773812532424927e-02,-3.750995174050331116e-02,-3.320316970348358154e-02,-7.303883880376815796e-02,5.043830871582031250e-01,-6.952494382858276367e-01,-2.414440810680389404e-01,4.419618844985961914e-01,4.569952857844473693e-01,-7.821996542404613395e-01,-4.529077048341106360e-01,3.818805810198797612e-01
-5.894114822149276733e-02,-3.736431524157524109e-02,-3.327695280313491821e-02,-7.313583046197891235e-02,5.036801099777221680e-01,-6.975857019424438477e-01,-2.406112700700759888e-01,4.419954121112823486e-01,4.562613949074363906e-01,-7.853081491227802413e-01,-4.529237349784356881e-01,3.818938415434879330e-01
-5.907283723354339600e-02,-3.721953183412551880e-02,-3.334940224885940552e-02,-7.323139160871505737e-02,5.029784440994262695e-01,-6.998932361602783203e-01,-2.397852092981338501e-01,4.420271515846252441e-01,4.555297515073635783e-01,-7.883822528129206253e-01,-4.529390822521518478e-01,3.819070373783978178e-01
-5.920284241437911987e-02,-3.707561641931533813e-02,-3.342052549123764038e-02,-7.332552969455718994e-02,5.022783279418945312e-01,-7.021722793579101562e-01,-2.389658540487289429e-01,4.420571327209472656e-01,4.548003369199532520e-01,-7.914222854440458033e-01,-4.529537503988146363e-01,3.819201712392047421e-01
-5.933120101690292358e-02,-3.693251311779022217e-02,-3.349035605788230896e-02,-7.341828942298889160e-02,5.015793442726135254e-01,-7.044237852096557617e-01,-2.381529659032821655e-01,4.420853853225708008e-01,4.540731326567754023e-01,-7.944285635466910023e-01,-4.529677432209421317e-01,3.819332458276216702e-01
-5.945787578821182251e-02,-3.679023310542106628e-02,-3.355889022350311279e-02,-7.350967824459075928e-02,5.008817911148071289e-01,-7.066472768783569336e-01,-2.373466193675994873e-01,4.421117901802062988e-01,4.533481204052567382e-01,-7.974014000495811549e-01,-4.529810645800151914e-01,3.819462638324805370e-01
-5.958294868469238281e-02,-3.664881363511085510e-02,-3.362616524100303650e-02,-7.359967380762100220e-02,5.001856088638305664e-01,-7.088435888290405273e-01,-2.365467548370361328e-01,4.421366453170776367e-01,4.526252820287018919e-01,-8.003411042800702146e-01,-4.529937183964771741e-01,3.819592279297323589e-01
-5.970641970634460449e-02,-3.650819882750511169e-02,-3.369216993451118469e-02,-7.368834316730499268e-02,4.994908571243286133e-01,-7.110128402709960938e-01,-2.357533574104309082e-01,4.421598315238952637e-01,4.519045995663067972e-01,-8.032479819646319852e-01,-4.530057086497341068e-01,3.819721407824503978e-01
-5.982831865549087524e-02,-3.636843338608741760e-02,-3.375695645809173584e-02,-7.377565652132034302e-02,4.987974762916564941e-01,-7.131553888320922852e-01,-2.349662780761718750e-01,4.421814084053039551e-01,4.511860552331863339e-01,-8.061223352294074607e-01,-4.530170393781545179e-01,3.819850050408231668e-01
-5.994863808155059814e-02,-3.622946143150329590e-02,-3.382050991058349609e-02,-7.386163622140884399e-02,4.981054067611694336e-01,-7.152712941169738770e-01,-2.341853976249694824e-01,4.422011971473693848e-01,4.504696314203691099e-01,-8.089644626005321193e-01,-4.530277146790698817e-01,3.819978233421619240e-01
-6.006743013858795166e-02,-3.609132766723632812e-02,-3.388282656669616699e-02,-7.394630461931228638e-02,4.974148869514465332e-01,-7.173609733581542969e-01,-2.334110587835311890e-01,4.422197341918945312e-01,4.497553106948393720e-01,-8.117746590048474653e-01,-4.530377387087738406e-01,3.820105983108965653e-01
-6.018470227718353271e-02,-3.595400601625442505e-02,-3.394395485520362854e-02,-7.402963936328887939e-02,4.967256188392639160e-01,-7.194246053695678711e-01,-2.326427400112152100e-01,4.422364830970764160e-01,4.490430757995325650e-01,-8.145532157703927467e-01,-4.530471156825230383e-01,3.820233325585749018e-01
-6.030047684907913208e-02,-3.581750392913818359e-02,-3.400389105081558228e-02,-7.411170005798339844e-02,4.960379302501678467e-01,-7.214624881744384766e-01,-2.318807542324066162e-01,4.422519505023956299e-01,4.483329096533661962e-01,-8.173004206266234473e-01,-4.530558498745364537e-01,3.820360286838658248e-01
-6.041477620601654053e-02,-3.568181023001670837e-02,-3.406265750527381897e-02,-7.419248670339584351e-02,4.953516721725463867e-01,-7.234750986099243164e-01,-2.311249077320098877e-01,4.422659277915954590e-01,4.476247953512415001e-01,-8.200165577052863641e-01,-4.530639456179959557e-01,3.820486892725589168e-01
-6.052759289741516113e-02,-3.554693982005119324e-02,-3.412025421857833862e-02,-7.427199184894561768e-02,4.946669638156890869e-01,-7.254623174667358398e-01,-2.303752303123474121e-01,4.422785043716430664e-01,4.469187161640723049e-01,-8.227019075404193860e-01,-4.530714073050457480e-01,3.820613168975591778e-01
-6.063897907733917236e-02,-3.541285917162895203e-02,-3.417668491601943970e-02,-7.435024529695510864e-02,4.939836263656616211e-01,-7.274245023727416992e-01,-2.296316921710968018e-01,4.422898292541503906e-01,4.462146555387894176e-01,-8.253567470692807495e-01,-4.530782393867929247e-01,3.820739141188957411e-01
-6.074894964694976807e-02,-3.527959436178207397e-02,-3.423200547695159912e-02,-7.442723959684371948e-02,4.933018386363983154e-01,-7.293621301651000977e-01,-2.288940846920013428e-01,4.422996044158935547e-01,4.455125970983630501e-01,-8.279813496325677535e-01,-4.530844463733070815e-01,3.820864834837122692e-01
-6.085749715566635132e-02,-3.514714539051055908e-02,-3.428618609905242920e-02,-7.450299710035324097e-02,4.926216304302215576e-01,-7.312752008438110352e-01,-2.281625866889953613e-01,4.423081576824188232e-01,4.448125246418098699e-01,-8.305759849748550749e-01,-4.530900328336203153e-01,3.820990275262775571e-01
-6.096465140581130981e-02,-3.501546755433082581e-02,-3.433926403522491455e-02,-7.457753270864486694e-02,4.919427633285522461e-01,-7.331640720367431641e-01,-2.274368852376937866e-01,4.423152208328247070e-01,4.441144221442109297e-01,-8.331409192450303092e-01,-4.530950033957274470e-01,3.821115487679734302e-01
-6.107046455144882202e-02,-3.488463163375854492e-02,-3.439123183488845825e-02,-7.465085387229919434e-02,4.912656843662261963e-01,-7.350289821624755859e-01,-2.267173975706100464e-01,4.423213005065917969e-01,4.434182737567316512e-01,-8.356764149970064004e-01,-4.530993627465860762e-01,3.821240497173071793e-01
-6.117489933967590332e-02,-3.475454822182655334e-02,-3.444209694862365723e-02,-7.472296059131622314e-02,4.905898869037628174e-01,-7.368699312210083008e-01,-2.260036170482635498e-01,4.423261284828186035e-01,4.427240638066238798e-01,-8.381827311898302213e-01,-4.531031156321160824e-01,3.821365328699008468e-01
-6.127800047397613525e-02,-3.462526947259902954e-02,-3.449188917875289917e-02,-7.479388266801834106e-02,4.899157285690307617e-01,-7.386875152587890625e-01,-2.252957373857498169e-01,4.423297047615051270e-01,4.420317767972458123e-01,-8.406601231881741798e-01,-4.531062668572003460e-01,3.821490007084998863e-01
-6.137978285551071167e-02,-3.449679166078567505e-02,-3.454060852527618408e-02,-7.486362755298614502e-02,4.892432093620300293e-01,-7.404817342758178711e-01,-2.245937883853912354e-01,4.423322081565856934e-01,4.413413974080810376e-01,-8.431088427629933602e-01,-4.531088212856839714e-01,3.821614557029653914e-01
-6.148026138544082642e-02,-3.436907380819320679e-02,-3.458829969167709351e-02,-7.493219524621963501e-02,4.885720610618591309e-01,-7.422531247138977051e-01,-2.238973528146743774e-01,4.423333406448364258e-01,4.406529104947378150e-01,-8.455291380917433486e-01,-4.531107838403751198e-01,3.821739003102815335e-01
-6.157943606376647949e-02,-3.424217924475669861e-02,-3.463492542505264282e-02,-7.499957829713821411e-02,4.879027009010314941e-01,-7.440012097358703613e-01,-2.232068777084350586e-01,4.423334002494812012e-01,4.399663010889747206e-01,-8.479212537588723952e-01,-4.531121595030441207e-01,3.821863369745484018e-01
-6.167735904455184937e-02,-3.411604464054107666e-02,-3.468051552772521973e-02,-7.506582140922546387e-02,4.872347712516784668e-01,-7.457268834114074707e-01,-2.225220650434494019e-01,4.423324763774871826e-01,4.392815566571686148e-01,-8.502853390470751505e-01,-4.531129543568188089e-01,3.821987683590453155e-01
-6.177400052547454834e-02,-3.399071097373962402e-02,-3.472503274679183960e-02,-7.513087987899780273e-02,4.865684509277343750e-01,-7.474294304847717285e-01,-2.218431234359741211e-01,4.423305690288543701e-01,4.385986768986229745e-01,-8.526210500588576879e-01,-4.531131801085457322e-01,3.822111983529928314e-01
-6.186939030885696411e-02,-3.386614844202995300e-02,-3.476856648921966553e-02,-7.519482076168060303e-02,4.859037399291992188e-01,-7.491098642349243164e-01,-2.211697250604629517e-01,4.423274099826812744e-01,4.379176332619971745e-01,-8.549291936272461756e-01,-4.531128354036420003e-01,3.822236279118767510e-01
-6.196354329586029053e-02,-3.374236449599266052e-02,-3.481106460094451904e-02,-7.525762170553207397e-02,4.852406382560729980e-01,-7.507680654525756836e-01,-2.205020785331726074e-01,4.423234164714813232e-01,4.372384116356681227e-01,-8.572099937994557273e-01,-4.531119255298299842e-01,3.822360594438839465e-01
-6.205648928880691528e-02,-3.361937031149864197e-02,-3.485259041190147400e-02,-7.531930506229400635e-02,4.845792651176452637e-01,-7.524045109748840332e-01,-2.198399454355239868e-01,4.423183500766754150e-01,4.365609980881626773e-01,-8.594636708714770146e-01,-4.531104558356157663e-01,3.822484953447239930e-01
-6.214822828769683838e-02,-3.349712863564491272e-02,-3.489311039447784424e-02,-7.537987828254699707e-02,4.839193224906921387e-01,-7.540192008018493652e-01,-2.191833555698394775e-01,4.423123002052307129e-01,4.358853788681820163e-01,-8.616904413882412461e-01,-4.531084317302891407e-01,3.822609379976299460e-01
-6.223879009485244751e-02,-3.337567299604415894e-02,-3.493263572454452515e-02,-7.543934881687164307e-02,4.832611382007598877e-01,-7.556122541427612305e-01,-2.185324728488922119e-01,4.423055350780487061e-01,4.352115404045995284e-01,-8.638905181441113301e-01,-4.531058586839236124e-01,3.822733897733658903e-01
-6.232816725969314575e-02,-3.325498849153518677e-02,-3.497123345732688904e-02,-7.549771666526794434e-02,4.826046526432037354e-01,-7.571840882301330566e-01,-2.178868800401687622e-01,4.422975182533264160e-01,4.345394693064822955e-01,-8.660641101834836153e-01,-4.531027422273766758e-01,3.822858530302136737e-01
-6.241638213396072388e-02,-3.313504159450531006e-02,-3.500883281230926514e-02,-7.555501908063888550e-02,4.819495975971221924e-01,-7.587347030639648438e-01,-2.172468751668930054e-01,4.422888755798339844e-01,4.338691523630990310e-01,-8.682114228006790890e-01,-4.530990879522892589e-01,3.822983301139846191e-01
-6.250344216823577881e-02,-3.301588073372840881e-02,-3.504549711942672729e-02,-7.561121135950088501e-02,4.812963008880615234e-01,-7.602642774581909180e-01,-2.166122347116470337e-01,4.422790706157684326e-01,4.332005765439308487e-01,-8.703326575408172339e-01,-4.530949015110862232e-01,3.823108233580126414e-01
-6.258938461542129517e-02,-3.289746120572090149e-02,-3.508121147751808167e-02,-7.566637545824050903e-02,4.806446135044097900e-01,-7.617732882499694824e-01,-2.159830480813980103e-01,4.422687292098999023e-01,4.325337289986854739e-01,-8.724280121998710946e-01,-4.530901886169763082e-01,3.823233350831577448e-01
-6.267420202493667603e-02,-3.277980536222457886e-02,-3.511597588658332825e-02,-7.572045177221298218e-02,4.799945354461669922e-01,-7.632614374160766602e-01,-2.153593003749847412e-01,4.422574639320373535e-01,4.318685970573012955e-01,-8.744976808252136191e-01,-4.530849550439517981e-01,3.823358675978040799e-01
-6.275792419910430908e-02,-3.266290575265884399e-02,-3.514984622597694397e-02,-7.577348500490188599e-02,4.793461263179779053e-01,-7.647295594215393066e-01,-2.147407382726669312e-01,4.422453045845031738e-01,4.312051682299704036e-01,-8.765418537158924384e-01,-4.530792066267888552e-01,3.823484231978608872e-01
-6.284052133560180664e-02,-3.254676982760429382e-02,-3.518278151750564575e-02,-7.582548260688781738e-02,4.786995649337768555e-01,-7.661770582199096680e-01,-2.141276597976684570e-01,4.422324299812316895e-01,4.305434302071330377e-01,-8.785607174229553840e-01,-4.530729492610474085e-01,3.823610041667628856e-01
-6.292205303907394409e-02,-3.243138268589973450e-02,-3.521478176116943359e-02,-7.587642967700958252e-02,4.780545532703399658e-01,-7.676043510437011719e-01,-2.135200053453445435e-01,4.422189891338348389e-01,4.298833708595063419e-01,-8.805544547499996044e-01,-4.530661889030710432e-01,3.823736127754664427e-01
-6.300250440835952759e-02,-3.231673687696456909e-02,-3.524590283632278442e-02,-7.592634856700897217e-02,4.774111807346343994e-01,-7.690118551254272461e-01,-2.129174023866653442e-01,4.422045350074768066e-01,4.292249782380726519e-01,-8.825232447532249669e-01,-4.530589315699873332e-01,3.823862512824606763e-01
-6.308189034461975098e-02,-3.220283612608909607e-02,-3.527612239122390747e-02,-7.597524672746658325e-02,4.767695069313049316e-01,-7.703995704650878906e-01,-2.123201042413711548e-01,4.421895146369934082e-01,4.285682405741129131e-01,-8.844672627421447109e-01,-4.530511833397072308e-01,3.823989219337484702e-01
-6.316024810075759888e-02,-3.208968788385391235e-02,-3.530546277761459351e-02,-7.602313160896301270e-02,4.761295020580291748e-01,-7.717677354812622070e-01,-2.117280215024948120e-01,4.421736896038055420e-01,4.279131462792028495e-01,-8.863866802795320465e-01,-4.530429503509258993e-01,3.824116269628670683e-01
-6.323755532503128052e-02,-3.197728469967842102e-02,-3.533391654491424561e-02,-7.607001811265945435e-02,4.754913449287414551e-01,-7.731163501739501953e-01,-2.111411988735198975e-01,4.421573877334594727e-01,4.272596839452270645e-01,-8.882816651822381671e-01,-4.530342388031219913e-01,3.824243685908737533e-01
-6.331383436918258667e-02,-3.186560794711112976e-02,-3.536149486899375916e-02,-7.611590623855590820e-02,4.748547077178955078e-01,-7.744457721710205078e-01,-2.105595320463180542e-01,4.421403408050537109e-01,4.266078423443838696e-01,-8.901523815210845569e-01,-4.530250549565578155e-01,3.824371490263517859e-01
-6.338910758495330811e-02,-3.175467997789382935e-02,-3.538821265101432800e-02,-7.616080343723297119e-02,4.742199480533599854e-01,-7.757560014724731445e-01,-2.099830061197280884e-01,4.421227276325225830e-01,4.259576104292039922e-01,-8.919989896214641778e-01,-4.530154051322798359e-01,3.824499704654100718e-01
-6.346333771944046021e-02,-3.164448961615562439e-02,-3.541405498981475830e-02,-7.620469480752944946e-02,4.735867977142333984e-01,-7.770467996597290039e-01,-2.094116359949111938e-01,4.421043395996093750e-01,4.253089773325547385e-01,-8.938216460636683180e-01,-4.530052957121179502e-01,3.824628350916807196e-01
-6.353660672903060913e-02,-3.153501823544502258e-02,-3.543905913829803467e-02,-7.624761760234832764e-02,4.729552865028381348e-01,-7.783191204071044922e-01,-2.088452726602554321e-01,4.420853853225708008e-01,4.246619323676475433e-01,-8.956205036831615951e-01,-4.529947331386858234e-01,3.824757450763212052e-01
-6.360889226198196411e-02,-3.142630308866500854e-02,-3.546320647001266479e-02,-7.628954946994781494e-02,4.723255038261413574e-01,-7.795724868774414062e-01,-2.082840949296951294e-01,4.420659542083740234e-01,4.240164650280553449e-01,-8.973957115708539600e-01,-4.529837239153811645e-01,3.824887025780163152e-01
-6.368018686771392822e-02,-3.131833299994468689e-02,-3.548650443553924561e-02,-7.633052766323089600e-02,4.716976583003997803e-01,-7.808070182800292969e-01,-2.077281475067138672e-01,4.420459866523742676e-01,4.233725649877173591e-01,-8.991474150735389026e-01,-4.529722746063850058e-01,3.825017097429723179e-01
-6.375050544738769531e-02,-3.121106326580047607e-02,-3.550898283720016479e-02,-7.637052983045578003e-02,4.710713028907775879e-01,-7.820231914520263672e-01,-2.071769684553146362e-01,4.420253336429595947e-01,4.227302221009366368e-01,-9.008757557942207450e-01,-4.529603918366625348e-01,3.825147687049210155e-01
-6.381987780332565308e-02,-3.110453113913536072e-02,-3.553062677383422852e-02,-7.640960812568664551e-02,4.704468548297882080e-01,-7.832211256027221680e-01,-2.066309750080108643e-01,4.420043230056762695e-01,4.220894264024145359e-01,-9.025808715923890890e-01,-4.529480822919624838e-01,3.825278815851209102e-01
-6.388830393552780151e-02,-3.099873289465904236e-02,-3.555145114660263062e-02,-7.644772529602050781e-02,4.698241055011749268e-01,-7.844006419181823730e-01,-2.060899883508682251e-01,4.419828057289123535e-01,4.214501681072405637e-01,-9.042628965843455546e-01,-4.529353527188175743e-01,3.825410504923530408e-01
-6.395579129457473755e-02,-3.089365363121032715e-02,-3.557144105434417725e-02,-7.648486644029617310e-02,4.692029356956481934e-01,-7.855619192123413086e-01,-2.055539786815643311e-01,4.419607520103454590e-01,4.208124376109087517e-01,-9.059219611434783381e-01,-4.529222099245439614e-01,3.825542775229266446e-01
-6.402235478162765503e-02,-3.078930452466011047e-02,-3.559064120054244995e-02,-7.652108371257781982e-02,4.685836136341094971e-01,-7.867053151130676270e-01,-2.050228714942932129e-01,4.419381320476531982e-01,4.201762254893193216e-01,-9.075581919008074427e-01,-4.529086607772417339e-01,3.825675647606707752e-01
-6.408831477165222168e-02,-3.068534284830093384e-02,-3.560937941074371338e-02,-7.655675709247589111e-02,4.679652154445648193e-01,-7.878382205963134766e-01,-2.044944465160369873e-01,4.419150054454803467e-01,4.195411394184003773e-01,-9.091814290511387453e-01,-4.528943732452712090e-01,3.825808775992074473e-01
-6.415342539548873901e-02,-3.058204054832458496e-02,-3.562736883759498596e-02,-7.659155130386352539e-02,4.673482477664947510e-01,-7.889544367790222168e-01,-2.039705216884613037e-01,4.418913722038269043e-01,4.189074761901522281e-01,-9.107840334564371032e-01,-4.528796249495592452e-01,3.825942473814832878e-01
-6.421765685081481934e-02,-3.047941625118255615e-02,-3.564463183283805847e-02,-7.662546634674072266e-02,4.667328894138336182e-01,-7.900540232658386230e-01,-2.034510821104049683e-01,4.418669939041137695e-01,4.182752497388739221e-01,-9.123655417592770878e-01,-4.528644431302425999e-01,3.826076783385590208e-01
-6.428105384111404419e-02,-3.037744760513305664e-02,-3.566114604473114014e-02,-7.665853947401046753e-02,4.661191701889038086e-01,-7.911372184753417969e-01,-2.029362469911575317e-01,4.418423771858215332e-01,4.176444484238193144e-01,-9.139261401785281347e-01,-4.528488322990121273e-01,3.826211722230816736e-01
-6.434360146522521973e-02,-3.027614206075668335e-02,-3.567694127559661865e-02,-7.669076323509216309e-02,4.655071198940277100e-01,-7.922041416168212891e-01,-2.024258822202682495e-01,4.418172240257263184e-01,4.170150607190799552e-01,-9.154660128573267608e-01,-4.528327969703306310e-01,3.826347307689374477e-01
-6.440530717372894287e-02,-3.017551824450492859e-02,-3.569200634956359863e-02,-7.672213017940521240e-02,4.648967683315277100e-01,-7.932546734809875488e-01,-2.019200921058654785e-01,4.417917132377624512e-01,4.163870752136010767e-01,-9.169853418630753428e-01,-4.528163416614315318e-01,3.826483556912709250e-01
-6.446623057126998901e-02,-3.007555380463600159e-02,-3.570634871721267700e-02,-7.675264030694961548e-02,4.642879366874694824e-01,-7.942892909049987793e-01,-2.014187425374984741e-01,4.417658448219299316e-01,4.157604806111898643e-01,-9.184843071879891241e-01,-4.527994708923202549e-01,3.826620486864639736e-01
-6.452631205320358276e-02,-2.997624129056930542e-02,-3.571998327970504761e-02,-7.678233087062835693e-02,4.636808037757873535e-01,-7.953078746795654297e-01,-2.009218782186508179e-01,4.417395591735839844e-01,4.151352657305094618e-01,-9.199630867496433329e-01,-4.527821891857730652e-01,3.826758114321522908e-01
-6.458557397127151489e-02,-2.987755462527275085e-02,-3.573290258646011353e-02,-7.681117951869964600e-02,4.630750417709350586e-01,-7.963106632232666016e-01,-2.004292905330657959e-01,4.417127966880798340e-01,4.145114195051102790e-01,-9.214218563906991788e-01,-4.527645010673377879e-01,3.826896455872192404e-01
-6.464409828186035156e-02,-2.977954968810081482e-02,-3.574512898921966553e-02,-7.683922350406646729e-02,4.624711275100708008e-01,-7.972979545593261719e-01,-1.999412626028060913e-01,4.416859149932861328e-01,4.138889309833989061e-01,-9.228607898799978670e-01,-4.527464110653335871e-01,3.827035527917906355e-01
-6.470179557800292969e-02,-2.968217432498931885e-02,-3.575665503740310669e-02,-7.686644047498703003e-02,4.618687033653259277e-01,-7.982695102691650391e-01,-1.994574666023254395e-01,4.416585564613342285e-01,4.132677893286783588e-01,-9.242800589121771271e-01,-4.527279237108507992e-01,3.827175346672444523e-01
-6.475871801376342773e-02,-2.958544343709945679e-02,-3.576752543449401855e-02,-7.689285278320312500e-02,4.612678885459899902e-01,-7.992260456085205078e-01,-1.989779025316238403e-01,4.416306614875793457e-01,4.126479838191336458e-01,-9.256798331085472897e-01,-4.527090435377512656e-01,3.827315928162050573e-01
-6.481491029262542725e-02,-2.948935329914093018e-02,-3.577770292758941650e-02,-7.691848278045654297e-02,4.606687724590301514e-01,-8.001673817634582520e-01,-1.985027492046356201e-01,4.416027367115020752e-01,4.120295038478404837e-01,-9.270602800170352209e-01,-4.526897750826681666e-01,3.827457288225440957e-01
-6.487032771110534668e-02,-2.939388155937194824e-02,-3.578718751668930054e-02,-7.694332301616668701e-02,4.600711166858673096e-01,-8.010935783386230469e-01,-1.980318874120712280e-01,4.415745735168457031e-01,4.114123389227773431e-01,-9.284215651127313285e-01,-4.526701228850056880e-01,3.827599442513809347e-01
-6.492497026920318604e-02,-2.929905056953430176e-02,-3.579604625701904297e-02,-7.696735858917236328e-02,4.594751298427581787e-01,-8.020048141479492188e-01,-1.975650638341903687e-01,4.415456652641296387e-01,4.107964786668258927e-01,-9.297638517980546524e-01,-4.526500914869398540e-01,3.827742406490828309e-01
-6.497889012098312378e-02,-2.920485287904739380e-02,-3.580423444509506226e-02,-7.699062675237655640e-02,4.588807225227355957e-01,-8.029012680053710938e-01,-1.971025317907333374e-01,4.415166974067687988e-01,4.101819128177756069e-01,-9.310873014033528294e-01,-4.526296854334175834e-01,3.827886195432612104e-01
-6.503208726644515991e-02,-2.911126241087913513e-02,-3.581174463033676147e-02,-7.701311260461807251e-02,4.582878053188323975e-01,-8.037830591201782227e-01,-1.966442167758941650e-01,4.414875507354736328e-01,4.095686312283245423e-01,-9.323920731867930689e-01,-4.526089092721573004e-01,3.828030824427829382e-01
-6.508457660675048828e-02,-2.901828289031982422e-02,-3.581863641738891602e-02,-7.703484594821929932e-02,4.576963782310485840e-01,-8.046505451202392578e-01,-1.961898505687713623e-01,4.414579868316650391e-01,4.089566238660945485e-01,-9.336783243350192940e-01,-4.525877675536489342e-01,3.828176308377521098e-01
-6.513632833957672119e-02,-2.892594411969184875e-02,-3.582488745450973511e-02,-7.705581933259963989e-02,4.571067690849304199e-01,-8.055036067962646484e-01,-1.957397609949111938e-01,4.414281845092773438e-01,4.083458808136326557e-01,-9.349462099632057654e-01,-4.525662648311533642e-01,3.828322661995280374e-01
-6.518737971782684326e-02,-2.883419767022132874e-02,-3.583050519227981567e-02,-7.707604765892028809e-02,4.565185904502868652e-01,-8.063424229621887207e-01,-1.952936351299285889e-01,4.413982033729553223e-01,4.077363922684099640e-01,-9.361958831157671801e-01,-4.525444056607030863e-01,3.828469899807154797e-01
-6.523770838975906372e-02,-2.874307706952095032e-02,-3.583547472953796387e-02,-7.709551602602005005e-02,4.559320807456970215e-01,-8.071666955947875977e-01,-1.948517411947250366e-01,4.413679242134094238e-01,4.071281485428359659e-01,-9.374274947660872215e-01,-4.525221946011017682e-01,3.828618036151658632e-01
-6.528738886117935181e-02,-2.865257486701011658e-02,-3.583983704447746277e-02,-7.711423933506011963e-02,4.553471505641937256e-01,-8.079774379730224609e-01,-1.944138258695602417e-01,4.413374960422515869e-01,4.065211400642446127e-01,-9.386411938172823932e-01,-4.524996362139245831e-01,3.828767085179810015e-01
-6.533636152744293213e-02,-2.856266126036643982e-02,-3.584357351064682007e-02,-7.713223248720169067e-02,4.547636508941650391e-01,-8.087739944458007812e-01,-1.939799040555953979e-01,4.413068890571594238e-01,4.059153573749297861e-01,-9.398371271024212881e-01,-4.524767350635178209e-01,3.828917060855038801e-01
-6.538466364145278931e-02,-2.847335487604141235e-02,-3.584671020507812500e-02,-7.714949548244476318e-02,4.541817903518676758e-01,-8.095568418502807617e-01,-1.935499161481857300e-01,4.412759244441986084e-01,4.053107911321230938e-01,-9.410154393846338339e-01,-4.524534957169993876e-01,3.829067976953318686e-01
-6.543233245611190796e-02,-2.838464081287384033e-02,-3.584924712777137756e-02,-7.716603577136993408e-02,4.536014497280120850e-01,-8.103264570236206055e-01,-1.931238174438476562e-01,4.412448406219482422e-01,4.047074321080029735e-01,-9.421762733575486104e-01,-4.524299227442581395e-01,3.829219847063056181e-01
-6.547927856445312500e-02,-2.829649671912193298e-02,-3.585116565227508545e-02,-7.718188315629959106e-02,4.530226290225982666e-01,-8.110821247100830078e-01,-1.927017271518707275e-01,4.412135481834411621e-01,4.041052711897117344e-01,-9.433197696456210313e-01,-4.524060207179544935e-01,3.829372684585166109e-01
-6.552562117576599121e-02,-2.820895612239837646e-02,-3.585249930620193481e-02,-7.719698548316955566e-02,4.524452388286590576e-01,-8.118245601654052734e-01,-1.922833919525146484e-01,4.411820769309997559e-01,4.035042993793422905e-01,-9.444460668043519469e-01,-4.523817942135203718e-01,3.829526502733005544e-01
-6.557127088308334351e-02,-2.812202274799346924e-02,-3.585323318839073181e-02,-7.721140980720520020e-02,4.518696963787078857e-01,-8.125534057617187500e-01,-1.918691843748092651e-01,4.411504864692687988e-01,4.029045077939624742e-01,-9.455553013206700053e-01,-4.523572478091585913e-01,3.829681314532424330e-01
-6.561630219221115112e-02,-2.803566306829452515e-02,-3.585339337587356567e-02,-7.722511142492294312e-02,4.512954652309417725e-01,-8.132691979408264160e-01,-1.914586722850799561e-01,4.411185979843139648e-01,4.023058876655999372e-01,-9.466476076131513651e-01,-4.523323860858436407e-01,3.829837132821766188e-01
-6.566078215837478638e-02,-2.794980257749557495e-02,-3.585303947329521179e-02,-7.723821699619293213e-02,4.507226049900054932e-01,-8.139736652374267578e-01,-1.910514980554580688e-01,4.410866498947143555e-01,4.017083366235724706e-01,-9.477250441048012952e-01,-4.523071532114179560e-01,3.829993985679098767e-01
-6.570465117692947388e-02,-2.786449715495109558e-02,-3.585215285420417786e-02,-7.725066691637039185e-02,4.501512348651885986e-01,-8.146657943725585938e-01,-1.906478852033615112e-01,4.410545229911804199e-01,4.011118927665261458e-01,-9.487867825645716069e-01,-4.522815838377268194e-01,3.830151877890494161e-01
-6.574789434671401978e-02,-2.777973562479019165e-02,-3.585068881511688232e-02,-7.726243883371353149e-02,4.495812058448791504e-01,-8.153450489044189453e-01,-1.902479678392410278e-01,4.410221874713897705e-01,4.005165781301290862e-01,-9.498323252093903157e-01,-4.522557021897402607e-01,3.830310816717673594e-01
-6.579057127237319946e-02,-2.769554778933525085e-02,-3.584868460893630981e-02,-7.727354019880294800e-02,4.490126371383666992e-01,-8.160121440887451172e-01,-1.898516714572906494e-01,4.409896731376647949e-01,3.999223835264886784e-01,-9.508618162593440726e-01,-4.522295122924677724e-01,3.830470814393674983e-01
-6.583262234926223755e-02,-2.761191874742507935e-02,-3.584613278508186340e-02,-7.728396356105804443e-02,4.484455883502960205e-01,-8.166663646697998047e-01,-1.894590109586715698e-01,4.409569203853607178e-01,3.993292998639392244e-01,-9.518753982524693624e-01,-4.522030181616058520e-01,3.830631882967083790e-01
-6.587408483028411865e-02,-2.752882614731788635e-02,-3.584302961826324463e-02,-7.729378342628479004e-02,4.478801488876342773e-01,-8.173087835311889648e-01,-1.890700310468673706e-01,4.409243464469909668e-01,3.987373181470400541e-01,-9.528732120450795762e-01,-4.521762238035378911e-01,3.830794034302039686e-01
-6.591498106718063354e-02,-2.744628489017486572e-02,-3.583940118551254272e-02,-7.730292528867721558e-02,4.473159313201904297e-01,-8.179390430450439453e-01,-1.886845976114273071e-01,4.408914148807525635e-01,3.981464294765816314e-01,-9.538553968118743676e-01,-4.521491332153342313e-01,3.830957280078240434e-01
-6.595529615879058838e-02,-2.736430987715721130e-02,-3.583522886037826538e-02,-7.731142640113830566e-02,4.467533826828002930e-01,-8.185569047927856445e-01,-1.883028000593185425e-01,4.408585429191589355e-01,3.975566250495932707e-01,-9.548220900463237903e-01,-4.521217503847521080e-01,3.831121631790954107e-01
-6.599505245685577393e-02,-2.728283777832984924e-02,-3.583052009344100952e-02,-7.731930166482925415e-02,4.461920261383056641e-01,-8.191630840301513672e-01,-1.879244297742843628e-01,4.408255815505981445e-01,3.969678961593350319e-01,-9.557734275609395258e-01,-4.520940792902359839e-01,3.831287100751025743e-01
-6.603422015905380249e-02,-2.720193192362785339e-02,-3.582532331347465515e-02,-7.732655107975006104e-02,4.456323981285095215e-01,-8.197574615478515625e-01,-1.875496059656143188e-01,4.407922625541687012e-01,3.963802341953131525e-01,-9.567095434874955950e-01,-4.520661239009169940e-01,3.831453698084820725e-01
-6.607285887002944946e-02,-2.712156251072883606e-02,-3.581958264112472534e-02,-7.733318209648132324e-02,4.450742006301879883e-01,-8.203400969505310059e-01,-1.871783882379531860e-01,4.407592713832855225e-01,3.957936306432748852e-01,-9.576305702771911177e-01,-4.520378881766133339e-01,3.831621434734302500e-01
-6.611093878746032715e-02,-2.704171091318130493e-02,-3.581333160400390625e-02,-7.733917236328125000e-02,4.445172548294067383e-01,-8.209111690521240234e-01,-1.868104636669158936e-01,4.407259821891784668e-01,3.952080770852114955e-01,-9.585366387011422518e-01,-4.520093760678303152e-01,3.831790321456978177e-01
-6.614846736192703247e-02,-2.696239203214645386e-02,-3.580658510327339172e-02,-7.734455168247222900e-02,4.439617693424224854e-01,-8.214705586433410645e-01,-1.864459961652755737e-01,4.406925141811370850e-01,3.946235651993676985e-01,-9.594278778503834149e-01,-4.519805915157599774e-01,3.831960368825934049e-01
-6.618545949459075928e-02,-2.688359096646308899e-02,-3.579933196306228638e-02,-7.734933495521545410e-02,4.434077739715576172e-01,-8.220188021659851074e-01,-1.860849112272262573e-01,4.406590759754180908e-01,3.940400867602333324e-01,-9.603044151364126257e-01,-4.519515384522815871e-01,3.832131587229780090e-01
-6.622193753719329834e-02,-2.680531144142150879e-02,-3.579156845808029175e-02,-7.735349982976913452e-02,4.428550601005554199e-01,-8.225556612014770508e-01,-1.857272684574127197e-01,4.406257271766662598e-01,3.934576336385617878e-01,-9.611663762911374365e-01,-4.519222207999609164e-01,3.832303986872735435e-01
-6.625787168741226196e-02,-2.672754228115081787e-02,-3.578332439064979553e-02,-7.735708355903625488e-02,4.423038065433502197e-01,-8.230813145637512207e-01,-1.853729039430618286e-01,4.405921101570129395e-01,3.928761978013489697e-01,-9.620138853673672052e-01,-4.518926424720514090e-01,3.832477577774551780e-01
-6.629328429698944092e-02,-2.665030211210250854e-02,-3.577459231019020081e-02,-7.736005634069442749e-02,4.417540132999420166e-01,-8.235958814620971680e-01,-1.850218921899795532e-01,4.405584335327148438e-01,3.922957713118648271e-01,-9.628470647389218984e-01,-4.518628073724926808e-01,3.832652369770531697e-01
-6.632818281650543213e-02,-2.657356485724449158e-02,-3.576537221670150757e-02,-7.736246287822723389e-02,4.412056505680084229e-01,-8.240994215011596680e-01,-1.846742033958435059e-01,4.405248761177062988e-01,3.917163463296344239e-01,-9.636660351010699621e-01,-4.518327193959119081e-01,3.832828372511558612e-01
-6.636258214712142944e-02,-2.649733424186706543e-02,-3.575566783547401428e-02,-7.736425101757049561e-02,4.406584501266479492e-01,-8.245920538902282715e-01,-1.843297928571701050e-01,4.404910802841186523e-01,3.911379151104426022e-01,-9.644709154705277676e-01,-4.518023824276231615e-01,3.833005595464083481e-01
-6.639648973941802979e-02,-2.642161771655082703e-02,-3.574549406766891479e-02,-7.736549526453018188e-02,4.401128888130187988e-01,-8.250740766525268555e-01,-1.839887052774429321e-01,4.404574632644653320e-01,3.905604700063486923e-01,-9.652618231858979270e-01,-4.517718003436271279e-01,3.833184047910087044e-01
-6.642988324165344238e-02,-2.634638547897338867e-02,-3.573483973741531372e-02,-7.736616581678390503e-02,4.395685791969299316e-01,-8.255453109741210938e-01,-1.836508363485336304e-01,4.404238164424896240e-01,3.899840034656756327e-01,-9.660388739078317188e-01,-4.517409770106116662e-01,3.833363738947152544e-01
-6.646277010440826416e-02,-2.627166360616683960e-02,-3.572373464703559875e-02,-7.736624777317047119e-02,4.390257000923156738e-01,-8.260058760643005371e-01,-1.833160370588302612e-01,4.403899610042572021e-01,3.894085080330241255e-01,-9.668021816193590467e-01,-4.517099162859517514e-01,3.833544677488404662e-01
-6.649520993232727051e-02,-2.619744837284088135e-02,-3.571213781833648682e-02,-7.736577093601226807e-02,4.384841620922088623e-01,-8.264559507369995117e-01,-1.829847544431686401e-01,4.403564333915710449e-01,3.888339763492600354e-01,-9.675518586261053766e-01,-4.516786220177090860e-01,3.833726872262511742e-01
-6.652712076902389526e-02,-2.612371370196342468e-02,-3.570008650422096252e-02,-7.736474275588989258e-02,4.379440844058990479e-01,-8.268952965736389160e-01,-1.826565116643905640e-01,4.403226673603057861e-01,3.882604011515283227e-01,-9.682880155563474700e-01,-4.516470980446323780e-01,3.833910331813737971e-01
-6.655859202146530151e-02,-2.605044841766357422e-02,-3.568761050701141357e-02,-7.736316323280334473e-02,4.374051392078399658e-01,-8.273248672485351562e-01,-1.823311895132064819e-01,4.402888119220733643e-01,3.876877752732590388e-01,-9.690107613616146809e-01,-4.516153481961574512e-01,3.834095064501854555e-01
-6.658956408500671387e-02,-2.597768232226371765e-02,-3.567464649677276611e-02,-7.736102491617202759e-02,4.368676543235778809e-01,-8.277437090873718262e-01,-1.820092350244522095e-01,4.402551651000976562e-01,3.871160916441497846e-01,-9.697202033167429125e-01,-4.515833762924070793e-01,3.834281078502266848e-01
-6.662008911371231079e-02,-2.590540423989295959e-02,-3.566124290227890015e-02,-7.735834270715713501e-02,4.363315105438232422e-01,-8.281525969505310059e-01,-1.816903352737426758e-01,4.402214884757995605e-01,3.865453432901921338e-01,-9.704164470200943304e-01,-4.515511861441907637e-01,3.834468381805899440e-01
-6.665013730525970459e-02,-2.583361044526100159e-02,-3.564740717411041260e-02,-7.735512405633926392e-02,4.357968270778656006e-01,-8.285514116287231445e-01,-1.813745796680450439e-01,4.401877820491790771e-01,3.859755233336561453e-01,-9.710995963937204545e-01,-4.515187815530051219e-01,3.834656982219215027e-01
-6.667973846197128296e-02,-2.576228603720664978e-02,-3.563312813639640808e-02,-7.735134661197662354e-02,4.352632164955139160e-01,-8.289400339126586914e-01,-1.810617744922637939e-01,4.401540160179138184e-01,3.854066249931046295e-01,-9.717697536839091654e-01,-4.514861663110337764e-01,3.834846887364291024e-01
-6.670891493558883667e-02,-2.569140121340751648e-02,-3.561846539378166199e-02,-7.734710723161697388e-02,4.347310364246368408e-01,-8.293198943138122559e-01,-1.807517409324645996e-01,4.401202797889709473e-01,3.848385678627059825e-01,-9.724284234530365945e-01,-4.514533143906306334e-01,3.835038177544005666e-01
-6.673769652843475342e-02,-2.562090754508972168e-02,-3.560340404510498047e-02,-7.734239101409912109e-02,4.341997802257537842e-01,-8.296910524368286133e-01,-1.804443597793579102e-01,4.400865435600280762e-01,3.842713435532150168e-01,-9.730757387956102678e-01,-4.514202288377643923e-01,3.835230861789964418e-01
-6.676605343818664551e-02,-2.555089071393013000e-02,-3.558793663978576660e-02,-7.733715325593948364e-02,4.336699247360229492e-01,-8.300524950027465820e-01,-1.801398694515228271e-01,4.400528371334075928e-01,3.837050031239979120e-01,-9.737107008248492290e-01,-4.513869366892417356e-01,3.835424890286233679e-01
-6.679398566484451294e-02,-2.548132464289665222e-02,-3.557202965021133423e-02,-7.733142375946044922e-02,4.331413507461547852e-01,-8.304045796394348145e-01,-1.798384636640548706e-01,4.400193095207214355e-01,3.831395392097963759e-01,-9.743334235168943369e-01,-4.513534413082788688e-01,3.835620270874550153e-01
-6.682146340608596802e-02,-2.541220188140869141e-02,-3.555574268102645874e-02,-7.732518762350082397e-02,4.326140284538269043e-01,-8.307474255561828613e-01,-1.795397251844406128e-01,4.399856328964233398e-01,3.825749445204968402e-01,-9.749440195743892534e-01,-4.513197460402326167e-01,3.835817011233156326e-01
-6.684856861829757690e-02,-2.534353733062744141e-02,-3.553902357816696167e-02,-7.731844484806060791e-02,4.320879280567169189e-01,-8.310810327529907227e-01,-1.792440712451934814e-01,4.399521946907043457e-01,3.820112118411260749e-01,-9.755426004266447571e-01,-4.512858542126005901e-01,3.836015118876672791e-01
-6.687520444393157959e-02,-2.527529373764991760e-02,-3.552190214395523071e-02,-7.731123268604278564e-02,4.315631389617919922e-01,-8.314052224159240723e-01,-1.789511442184448242e-01,4.399186372756958008e-01,3.814483340318554072e-01,-9.761292762300206594e-01,-4.512517691350214633e-01,3.836214601156234250e-01
-6.690147519111633301e-02,-2.520752325654029846e-02,-3.550439327955245972e-02,-7.730349153280258179e-02,4.310395717620849609e-01,-8.317204117774963379e-01,-1.786610335111618042e-01,4.398851394653320312e-01,3.808863040280027201e-01,-9.767041558678717372e-01,-4.512174940992746408e-01,3.836415465259400137e-01
-6.692730635404586792e-02,-2.514016628265380859e-02,-3.548648580908775330e-02,-7.729528099298477173e-02,4.305171370506286621e-01,-8.320266008377075195e-01,-1.783736646175384521e-01,4.398516416549682617e-01,3.803251148400324522e-01,-9.772673469510402278e-01,-4.511830323792803132e-01,3.836617718210169059e-01
-6.695277988910675049e-02,-2.507325634360313416e-02,-3.546818345785140991e-02,-7.728660106658935547e-02,4.299960434436798096e-01,-8.323240280151367188e-01,-1.780891716480255127e-01,4.398184418678283691e-01,3.797647595535572629e-01,-9.778189558177995400e-01,-4.511483872310996790e-01,3.836821366869008765e-01
-6.697780638933181763e-02,-2.500675246119499207e-02,-3.544951230287551880e-02,-7.727745175361633301e-02,4.294761419296264648e-01,-8.326125741004943848e-01,-1.778072714805603027e-01,4.397849440574645996e-01,3.792052313293409194e-01,-9.783590875341842130e-01,-4.511135618929347224e-01,3.837026417932831723e-01
-6.700248271226882935e-02,-2.494071051478385925e-02,-3.543043881654739380e-02,-7.726780325174331665e-02,4.289574623107910156e-01,-8.328922986984252930e-01,-1.775282621383666992e-01,4.397517442703247070e-01,3.786465234032896365e-01,-9.788878458940976079e-01,-4.510785595851283802e-01,3.837232877934989017e-01
-6.702675670385360718e-02,-2.487505972385406494e-02,-3.541097790002822876e-02,-7.725770771503448486e-02,4.284398555755615234e-01,-8.331634998321533203e-01,-1.772518455982208252e-01,4.397185444831848145e-01,3.780886290864733934e-01,-9.794053334198054017e-01,-4.510433835101641531e-01,3.837440753245306979e-01
-6.705062836408615112e-02,-2.480987459421157837e-02,-3.539114817976951599e-02,-7.724715769290924072e-02,4.279238581657409668e-01,-8.334257602691650391e-01,-1.769783496856689453e-01,4.396855533123016357e-01,3.775315417651037286e-01,-9.799116513616611401e-01,-4.510080368526667716e-01,3.837650050070028906e-01
-6.707414239645004272e-02,-2.474503591656684875e-02,-3.537096083164215088e-02,-7.723611593246459961e-02,4.274083673954010010e-01,-8.336800336837768555e-01,-1.767069995403289795e-01,4.396522641181945801e-01,3.769752549005532249e-01,-9.804068996985985107e-01,-4.509725227794015856e-01,3.837860774451875567e-01
-6.709729880094528198e-02,-2.468067407608032227e-02,-3.535040467977523804e-02,-7.722464948892593384e-02,4.268946051597595215e-01,-8.339258432388305664e-01,-1.764386743307113647e-01,4.396193623542785645e-01,3.764197620293449620e-01,-9.808911771384597467e-01,-4.509368444392748421e-01,3.838072932270019666e-01
-6.712004542350769043e-02,-2.461670711636543274e-02,-3.532946109771728516e-02,-7.721272110939025879e-02,4.263818860054016113e-01,-8.341629505157470703e-01,-1.761729717254638672e-01,4.395864605903625488e-01,3.758650567631544037e-01,-9.813645811178857148e-01,-4.509010049633337402e-01,3.838286529240058642e-01
-6.714246422052383423e-02,-2.455314248800277710e-02,-3.530816733837127686e-02,-7.720033824443817139e-02,4.258702397346496582e-01,-8.343920707702636719e-01,-1.759097278118133545e-01,4.395535886287689209e-01,3.753111327888190574e-01,-9.818272078025356286e-01,-4.508650074647662653e-01,3.838501570914055194e-01
-6.716448813676834106e-02,-2.448999136686325073e-02,-3.528649359941482544e-02,-7.718753069639205933e-02,4.253599047660827637e-01,-8.346127271652221680e-01,-1.756492406129837036e-01,4.395209848880767822e-01,3.747579838683374187e-01,-9.822791520876869020e-01,-4.508288550389011884e-01,3.838718062680529508e-01
-6.718617677688598633e-02,-2.442722022533416748e-02,-3.526446223258972168e-02,-7.717426121234893799e-02,4.248504340648651123e-01,-8.348253965377807617e-01,-1.753911674022674561e-01,4.394883215427398682e-01,3.742056038388555383e-01,-9.827205075978535653e-01,-4.507925507632081774e-01,3.838936009764427615e-01
-6.720748543739318848e-02,-2.436489239335060120e-02,-3.524209558963775635e-02,-7.716057449579238892e-02,4.243425130844116211e-01,-8.350299000740051270e-01,-1.751358211040496826e-01,4.394557476043701172e-01,3.736539866126867282e-01,-9.831513666874425184e-01,-4.507560976972979638e-01,3.839155417227199663e-01
-6.722846627235412598e-02,-2.430295199155807495e-02,-3.521938249468803406e-02,-7.714645564556121826e-02,4.238356351852416992e-01,-8.352265357971191406e-01,-1.748828887939453125e-01,4.394233226776123047e-01,3.731031261773057883e-01,-9.835718204406431742e-01,-4.507194988829218985e-01,3.839376289966668909e-01
-6.724908947944641113e-02,-2.424137294292449951e-02,-3.519631177186965942e-02,-7.713191211223602295e-02,4.233297407627105713e-01,-8.354154229164123535e-01,-1.746324151754379272e-01,4.393908977508544922e-01,3.725530165953440109e-01,-9.839819586719743549e-01,-4.506827573439720624e-01,3.839598632717173832e-01
-6.726936995983123779e-02,-2.418022602796554565e-02,-3.517289459705352783e-02,-7.711692899465560913e-02,4.228250980377197266e-01,-8.355961441993713379e-01,-1.743845641613006592e-01,4.393586814403533936e-01,3.720036520045959527e-01,-9.843818699259574423e-01,-4.506458760864818780e-01,3.839822450049466540e-01
-6.728930771350860596e-02,-2.411943674087524414e-02,-3.514912724494934082e-02,-7.710152864456176758e-02,4.223214685916900635e-01,-8.357691764831542969e-01,-1.741390824317932129e-01,4.393265843391418457e-01,3.714550266180248195e-01,-9.847716414779351668e-01,-4.506088580986251091e-01,3.840047746370759407e-01
-6.730891019105911255e-02,-2.405906468629837036e-02,-3.512503951787948608e-02,-7.708572596311569214e-02,4.218191802501678467e-01,-8.359345793724060059e-01,-1.738961189985275269e-01,4.392945468425750732e-01,3.709071347237464789e-01,-9.851513593336341801e-01,-4.505717063507166942e-01,3.840274525924728399e-01
-6.732819229364395142e-02,-2.399904653429985046e-02,-3.510061651468276978e-02,-7.706949859857559204e-02,4.213177263736724854e-01,-8.360925316810607910e-01,-1.736554652452468872e-01,4.392625987529754639e-01,3.703599706850581597e-01,-9.855211082299321079e-01,-4.505344237952122466e-01,3.840502792791488651e-01
-6.734713912010192871e-02,-2.393942326307296753e-02,-3.507585078477859497e-02,-7.705286890268325806e-02,4.208175539970397949e-01,-8.362427949905395508e-01,-1.734173297882080078e-01,4.392307996749877930e-01,3.698135289404080872e-01,-9.858809716346368379e-01,-4.504970133667084986e-01,3.840732550887593910e-01
-6.736574321985244751e-02,-2.388018369674682617e-02,-3.505077213048934937e-02,-7.703581452369689941e-02,4.203184247016906738e-01,-8.363853693008422852e-01,-1.731815338134765625e-01,4.391989111900329590e-01,3.692678040034176323e-01,-9.862310317468697685e-01,-4.504594779819425798e-01,3.840963803966048751e-01
-6.738405674695968628e-02,-2.382130175828933716e-02,-3.502536192536354065e-02,-7.701838761568069458e-02,4.198203980922698975e-01,-8.365209102630615234e-01,-1.729480922222137451e-01,4.391674399375915527e-01,3.687227626796966695e-01,-9.865718589355446655e-01,-4.504218184520356050e-01,3.841196614720018832e-01
-6.740207225084304810e-02,-2.376275882124900818e-02,-3.499967232346534729e-02,-7.700061053037643433e-02,4.193233847618103027e-01,-8.366498947143554688e-01,-1.727167665958404541e-01,4.391359090805053711e-01,3.681783681366698202e-01,-9.869040876423277320e-01,-4.503840352912538703e-01,3.841431053577323840e-01
-6.741978973150253296e-02,-2.370455116033554077e-02,-3.497366607189178467e-02,-7.698243856430053711e-02,4.188271760940551758e-01,-8.367717266082763672e-01,-1.724875867366790771e-01,4.391044378280639648e-01,3.676346637775212978e-01,-9.872269389255520222e-01,-4.503461350196317770e-01,3.841667020275514322e-01
-6.743719428777694702e-02,-2.364672347903251648e-02,-3.494734317064285278e-02,-7.696387171745300293e-02,4.183321595191955566e-01,-8.368865251541137695e-01,-1.722607910633087158e-01,4.390731751918792725e-01,3.670916438405419924e-01,-9.875405000367244446e-01,-4.503081204391993220e-01,3.841904519138393259e-01
-6.745429337024688721e-02,-2.358926087617874146e-02,-3.492072224617004395e-02,-7.694493234157562256e-02,4.178382754325866699e-01,-8.369941711425781250e-01,-1.720362603664398193e-01,4.390419721603393555e-01,3.665493026265727039e-01,-9.878448571802449507e-01,-4.502699943331794907e-01,3.842143554353059653e-01
-6.747110933065414429e-02,-2.353215590119361877e-02,-3.489378094673156738e-02,-7.692559808492660522e-02,4.173453748226165771e-01,-8.370947837829589844e-01,-1.718140393495559692e-01,4.390110075473785400e-01,3.660076344989853792e-01,-9.881400955141180775e-01,-4.502317594659878131e-01,3.842384129969872442e-01
-6.748759746551513672e-02,-2.347539365291595459e-02,-3.486654534935951233e-02,-7.690592110157012939e-02,4.168535470962524414e-01,-8.371885418891906738e-01,-1.715940237045288086e-01,4.389801025390625000e-01,3.654666338837050943e-01,-9.884262991496796102e-01,-4.501934185832326407e-01,3.842626249902497682e-01
-6.750380247831344604e-02,-2.341900393366813660e-02,-3.483900427818298340e-02,-7.688583433628082275e-02,4.163627624511718750e-01,-8.372752666473388672e-01,-1.713762283325195312e-01,4.389492273330688477e-01,3.649262952691930129e-01,-9.887035511519793873e-01,-4.501549744117149809e-01,3.842869917927930756e-01
-6.751974672079086304e-02,-2.336294576525688171e-02,-3.481115400791168213e-02,-7.686539739370346069e-02,4.158729016780853271e-01,-8.373553752899169922e-01,-1.711606383323669434e-01,4.389187097549438477e-01,3.643866132064553232e-01,-9.889719335398354794e-01,-4.501164296594288849e-01,3.843115137686373139e-01
-6.753536313772201538e-02,-2.330722287297248840e-02,-3.478300571441650391e-02,-7.684459537267684937e-02,4.153840839862823486e-01,-8.374285697937011719e-01,-1.709472239017486572e-01,4.388881921768188477e-01,3.638475823090492889e-01,-9.892315272859989461e-01,-4.500777870155608928e-01,3.843361912681387271e-01
-6.755072623491287231e-02,-2.325185388326644897e-02,-3.475460410118103027e-02,-7.682342827320098877e-02,4.148962795734405518e-01,-8.374955654144287109e-01,-1.707358360290527344e-01,4.388576745986938477e-01,3.633091972530683167e-01,-9.894824123174258412e-01,-4.500390491504904777e-01,3.843610246279796083e-01
-6.756577640771865845e-02,-2.319682389497756958e-02,-3.472587466239929199e-02,-7.680189609527587891e-02,4.144094884395599365e-01,-8.375554084777832031e-01,-1.705267280340194702e-01,4.388273656368255615e-01,3.627714527771536135e-01,-9.897246675152792106e-01,-4.500002187157897127e-01,3.843860141711732958e-01
-6.758058071136474609e-02,-2.314214408397674561e-02,-3.469687327742576599e-02,-7.678002864122390747e-02,4.139237999916076660e-01,-8.376089334487915039e-01,-1.703197956085205078e-01,4.387974143028259277e-01,3.622343436824963514e-01,-9.899583707151459189e-01,-4.499612983442237146e-01,3.844111602070587885e-01
-6.759510189294815063e-02,-2.308776602149009705e-02,-3.466757386922836304e-02,-7.675780355930328369e-02,4.134388864040374756e-01,-8.376560211181640625e-01,-1.701148599386215210e-01,4.387674331665039062e-01,3.616978648328220691e-01,-9.901835987072563627e-01,-4.499222906497499785e-01,3.844364630313064080e-01
-6.760933250188827515e-02,-2.303374931216239929e-02,-3.463800996541976929e-02,-7.673522084951400757e-02,4.129551649093627930e-01,-8.376966118812561035e-01,-1.699120700359344482e-01,4.387375116348266602e-01,3.611620111544217027e-01,-9.904004272364294037e-01,-4.498831982275190988e-01,3.844619229259178539e-01
-6.762331724166870117e-02,-2.298004925251007080e-02,-3.460815921425819397e-02,-7.671229541301727295e-02,4.124722480773925781e-01,-8.377310037612915039e-01,-1.697113066911697388e-01,4.387078285217285156e-01,3.606267776361154476e-01,-9.906089310025097960e-01,-4.498440236538743253e-01,3.844875401592182107e-01
-6.763702630996704102e-02,-2.292666584253311157e-02,-3.457801416516304016e-02,-7.668903470039367676e-02,4.119902849197387695e-01,-8.377588987350463867e-01,-1.695126891136169434e-01,4.386783242225646973e-01,3.600921593292814027e-01,-9.908091836603686309e-01,-4.498047694863515633e-01,3.845133149858651622e-01
-6.765045225620269775e-02,-2.287362888455390930e-02,-3.454762324690818787e-02,-7.666543871164321899e-02,4.115095436573028564e-01,-8.377805352210998535e-01,-1.693160831928253174e-01,4.386488795280456543e-01,3.595581513478358082e-01,-9.910012578200663169e-01,-4.497654382636796511e-01,3.845392476468479370e-01
-6.766364723443984985e-02,-2.282090485095977783e-02,-3.451693803071975708e-02,-7.664149999618530273e-02,4.110295176506042480e-01,-8.377960920333862305e-01,-1.691215634346008301e-01,4.386197328567504883e-01,3.590247488682546395e-01,-9.911852250469634917e-01,-4.497260325057800823e-01,3.845653383694769278e-01
-6.767657399177551270e-02,-2.276849374175071716e-02,-3.448599576950073242e-02,-7.661721855401992798e-02,4.105504751205444336e-01,-8.378055095672607422e-01,-1.689289212226867676e-01,4.385905265808105469e-01,3.584919471295540672e-01,-9.913611558620469832e-01,-4.496865547137672281e-01,3.845915873673994567e-01
-6.768923997879028320e-02,-2.271641045808792114e-02,-3.445476666092872620e-02,-7.659260183572769165e-02,4.100724160671234131e-01,-8.378086090087890625e-01,-1.687384247779846191e-01,4.385616183280944824e-01,3.579597414333057226e-01,-9.915291197417680502e-01,-4.496470073699480041e-01,3.846179948405885618e-01
-6.770166009664535522e-02,-2.266465872526168823e-02,-3.442329913377761841e-02,-7.656765729188919067e-02,4.095953702926635742e-01,-8.378057479858398438e-01,-1.685498505830764771e-01,4.385327100753784180e-01,3.574281271436231533e-01,-9.916891851186415696e-01,-4.496073929378224254e-01,3.846445609753481598e-01
-6.771381944417953491e-02,-2.261319383978843689e-02,-3.439155966043472290e-02,-7.654240727424621582e-02,4.091191887855529785e-01,-8.377970457077026367e-01,-1.683632433414459229e-01,4.385040700435638428e-01,3.568970996871778656e-01,-9.918414193810293211e-01,-4.495677138620829405e-01,3.846712859443049415e-01
-6.772575527429580688e-02,-2.256203442811965942e-02,-3.435955196619033813e-02,-7.651683688163757324e-02,4.086438417434692383e-01,-8.377825617790222168e-01,-1.681785583496093750e-01,4.384756088256835938e-01,3.563666545531877783e-01,-9.919858888733572577e-01,-4.495279725686148753e-01,3.846981699064249693e-01
-6.773743033409118652e-02,-2.251120284199714661e-02,-3.432727605104446411e-02,-7.649093121290206909e-02,4.081695675849914551e-01,-8.377618789672851562e-01,-1.679959446191787720e-01,4.384473264217376709e-01,3.558367872934164455e-01,-9.921226588964990878e-01,-4.494881714644964332e-01,3.847252130069940823e-01
-6.774886697530746460e-02,-2.246066555380821228e-02,-3.429476171731948853e-02,-7.646472007036209106e-02,4.076961278915405273e-01,-8.377356529235839844e-01,-1.678151339292526245e-01,4.384191632270812988e-01,3.553074935221966490e-01,-9.922517937076660299e-01,-4.494483129379985287e-01,3.847524153776308853e-01
-6.776004284620285034e-02,-2.241044119000434875e-02,-3.426199406385421753e-02,-7.643818855285644531e-02,4.072236716747283936e-01,-8.377032876014709473e-01,-1.676362603902816772e-01,4.383910298347473145e-01,3.547787689163899305e-01,-9.923733565206265261e-01,-4.494083993585846759e-01,3.847797771362860275e-01
-6.777101010084152222e-02,-2.236052230000495911e-02,-3.422895073890686035e-02,-7.641133666038513184e-02,4.067520797252655029e-01,-8.376653194427490234e-01,-1.674593985080718994e-01,4.383633136749267578e-01,3.542506092154243391e-01,-9.924874095059788015e-01,-4.493684330769114887e-01,3.848072983872321551e-01
-6.778173148632049561e-02,-2.231090143322944641e-02,-3.419569507241249084e-02,-7.638417929410934448e-02,4.062814116477966309e-01,-8.376218080520629883e-01,-1.672842502593994141e-01,4.383354485034942627e-01,3.537230102212811644e-01,-9.925940137912060424e-01,-4.493284164248279033e-01,3.848349792210774001e-01
-6.779222190380096436e-02,-2.226156368851661682e-02,-3.416216373443603516e-02,-7.635674625635147095e-02,4.058116376399993896e-01,-8.375726342201232910e-01,-1.671111136674880981e-01,4.383080005645751953e-01,3.531959560519372099e-01,-9.926934503799667020e-01,-4.492883508614172183e-01,3.848628221203846955e-01
-6.780250370502471924e-02,-2.221246063709259033e-02,-3.412843868136405945e-02,-7.632903009653091431e-02,4.053424894809722900e-01,-8.375188112258911133e-01,-1.669392883777618408e-01,4.382804036140441895e-01,3.526693824600896643e-01,-9.927869099601640546e-01,-4.492482343063533556e-01,3.848908394716960557e-01
-6.781261414289474487e-02,-2.216367423534393311e-02,-3.409447893500328064e-02,-7.630105316638946533e-02,4.048743844032287598e-01,-8.374599218368530273e-01,-1.667695343494415283e-01,4.382534027099609375e-01,3.521433470227759432e-01,-9.928732921869692918e-01,-4.492080735124260871e-01,3.849190187117301765e-01
-6.782246381044387817e-02,-2.211513742804527283e-02,-3.406027704477310181e-02,-7.627274841070175171e-02,4.044068753719329834e-01,-8.373953104019165039e-01,-1.666013151407241821e-01,4.382262229919433594e-01,3.516178452279701272e-01,-9.929526646068514983e-01,-4.491678706952514366e-01,3.849473599919191469e-01
-6.783211231231689453e-02,-2.206690609455108643e-02,-3.402586281299591064e-02,-7.624416798353195190e-02,4.039403796195983887e-01,-8.373255729675292969e-01,-1.664349138736724854e-01,4.381991624832153320e-01,3.510928726137717004e-01,-9.930250939560608670e-01,-4.491276280507358054e-01,3.849758634525672352e-01
-6.784154474735260010e-02,-2.201895788311958313e-02,-3.399118781089782715e-02,-7.621530443429946899e-02,4.034747481346130371e-01,-8.372504711151123047e-01,-1.662704497575759888e-01,4.381725192070007324e-01,3.505684247684162091e-01,-9.930906461609027014e-01,-4.490873477550762494e-01,3.850045292228482241e-01
-6.785076111555099487e-02,-2.197127044200897217e-02,-3.395630419254302979e-02,-7.618615031242370605e-02,4.030098319053649902e-01,-8.371702432632446289e-01,-1.661075055599212646e-01,4.381458163261413574e-01,3.500444973302689888e-01,-9.931493863376279485e-01,-4.490470319647602016e-01,3.850333574208051335e-01
-6.785976141691207886e-02,-2.192387357354164124e-02,-3.392117470502853394e-02,-7.615674287080764771e-02,4.025459885597229004e-01,-8.370847702026367188e-01,-1.659465432167053223e-01,4.381195902824401855e-01,3.495210859878231102e-01,-9.932013787928155590e-01,-4.490066828165654167e-01,3.850623481533543835e-01
-6.786856055259704590e-02,-2.187675237655639648e-02,-3.388583660125732422e-02,-7.612702995538711548e-02,4.020828604698181152e-01,-8.369940519332885742e-01,-1.657871603965759277e-01,4.380931854248046875e-01,3.489981864796966593e-01,-9.932466870232639078e-01,-4.489663024275602488e-01,3.850915015162821309e-01
-6.787716597318649292e-02,-2.182986959815025330e-02,-3.385025262832641602e-02,-7.609706372022628784e-02,4.016203880310058594e-01,-8.368986845016479492e-01,-1.656294763088226318e-01,4.380672872066497803e-01,3.484757945946483360e-01,-9.932853737162081753e-01,-4.489258928951035399e-01,3.851208175942450462e-01
-6.788554042577743530e-02,-2.178328856825828552e-02,-3.381448611617088318e-02,-7.606679946184158325e-02,4.011589586734771729e-01,-8.367980718612670898e-01,-1.654733866453170776e-01,4.380410909652709961e-01,3.479539061715531956e-01,-9.933175007495402831e-01,-4.488854562968446205e-01,3.851502964607730339e-01
-6.789372116327285767e-02,-2.173694968223571777e-02,-3.377847000956535339e-02,-7.603628188371658325e-02,4.006981253623962402e-01,-8.366923928260803223e-01,-1.653190404176712036e-01,4.380153715610504150e-01,3.474325170994324585e-01,-9.933431291915899575e-01,-4.488449946907230870e-01,3.851799381782613496e-01
-6.790172308683395386e-02,-2.169090136885643005e-02,-3.374224901199340820e-02,-7.600549608469009399e-02,4.002383053302764893e-01,-8.365820646286010742e-01,-1.651664674282073975e-01,4.379898905754089355e-01,3.469116233174212027e-01,-9.933623193017254716e-01,-4.488045101149693017e-01,3.852097427979825905e-01
-6.790950894355773926e-02,-2.164509892463684082e-02,-3.370580822229385376e-02,-7.597444951534271240e-02,3.997792601585388184e-01,-8.364666700363159180e-01,-1.650154292583465576e-01,4.379644691944122314e-01,3.463912208148004490e-01,-9.933751305301357082e-01,-4.487640045881038930e-01,3.852397103600768147e-01
-6.791711598634719849e-02,-2.159956470131874084e-02,-3.366916626691818237e-02,-7.594312727451324463e-02,3.993209302425384521e-01,-8.363465666770935059e-01,-1.648660004138946533e-01,4.379392266273498535e-01,3.458713056309699607e-01,-9.933816215179938069e-01,-4.487234801089378111e-01,3.852698408935531504e-01
-6.792450696229934692e-02,-2.155425772070884705e-02,-3.363228589296340942e-02,-7.591154426336288452e-02,3.988631963729858398e-01,-8.362214565277099609e-01,-1.647181808948516846e-01,4.379140734672546387e-01,3.453518738554676726e-01,-9.933818500977303900e-01,-4.486829386565729383e-01,3.853001344162959585e-01
-6.793172657489776611e-02,-2.150924131274223328e-02,-3.359520807862281799e-02,-7.587972283363342285e-02,3.984065651893615723e-01,-8.360918164253234863e-01,-1.645721346139907837e-01,4.378893375396728516e-01,3.448329216279536480e-01,-9.933758732929789392e-01,-4.486423821904012010e-01,3.853305909350580039e-01
-6.793874502182006836e-02,-2.146448567509651184e-02,-3.355793654918670654e-02,-7.584762573242187500e-02,3.979507088661193848e-01,-8.359572887420654297e-01,-1.644276082515716553e-01,4.378644824028015137e-01,3.443144451382276761e-01,-9.933637473187404421e-01,-4.486018126501051806e-01,3.853612104454627874e-01
-6.794558465480804443e-02,-2.141995728015899658e-02,-3.352044522762298584e-02,-7.581529021263122559e-02,3.974954783916473389e-01,-8.358181715011596680e-01,-1.642846167087554932e-01,4.378399848937988281e-01,3.437964406262190575e-01,-9.933455275817105745e-01,-4.485612319556578353e-01,3.853919929320043791e-01
-6.795223802328109741e-02,-2.137570083141326904e-02,-3.348276391625404358e-02,-7.578268647193908691e-02,3.970411121845245361e-01,-8.356745243072509766e-01,-1.641432046890258789e-01,4.378155469894409180e-01,3.432789043819783892e-01,-9.933212686800613200e-01,-4.485206420073226119e-01,3.854229383680489174e-01
-6.795869767665863037e-02,-2.133167907595634460e-02,-3.344486281275749207e-02,-7.574983686208724976e-02,3.965874314308166504e-01,-8.355261087417602539e-01,-1.640033870935440063e-01,4.377912878990173340e-01,3.427618327457025438e-01,-9.932910244037691516e-01,-4.484800446856536116e-01,3.854540467158331651e-01
-6.796500831842422485e-02,-2.128789946436882019e-02,-3.340676799416542053e-02,-7.571676373481750488e-02,3.961344957351684570e-01,-8.353735208511352539e-01,-1.638651192188262939e-01,4.377673566341400146e-01,3.422452221077052492e-01,-9.932548477347241667e-01,-4.484394418514950353e-01,3.854853179264634000e-01
-6.797110289335250854e-02,-2.124437689781188965e-02,-3.336846828460693359e-02,-7.568342983722686768e-02,3.956824243068695068e-01,-8.352161645889282227e-01,-1.637284308671951294e-01,4.377436041831970215e-01,3.417290689084464539e-01,-9.932127908467850430e-01,-4.483988353459819609e-01,3.855167519399196330e-01
-6.797702610492706299e-02,-2.120107784867286682e-02,-3.332999348640441895e-02,-7.564986497163772583e-02,3.952310085296630859e-01,-8.350543975830078125e-01,-1.635930985212326050e-01,4.377197623252868652e-01,3.412133696385050707e-01,-9.931649051059969757e-01,-4.483582269905395101e-01,3.855483486850483366e-01
-6.798278540372848511e-02,-2.115803584456443787e-02,-3.329128772020339966e-02,-7.561604678630828857e-02,3.947803676128387451e-01,-8.348879814147949219e-01,-1.634594798088073730e-01,4.376963675022125244e-01,3.406981208385975735e-01,-9.931112410706477434e-01,-4.483176185868836261e-01,3.855801080795686064e-01
-6.798837333917617798e-02,-2.111521363258361816e-02,-3.325240686535835266e-02,-7.558198273181915283e-02,3.943303227424621582e-01,-8.347175121307373047e-01,-1.633271723985671997e-01,4.376730322837829590e-01,3.401833190995744993e-01,-9.930518484913752886e-01,-4.482770119170204626e-01,3.856120300300747150e-01
-6.799378246068954468e-02,-2.107264474034309387e-02,-3.321335464715957642e-02,-7.554770261049270630e-02,3.938811719417572021e-01,-8.345427513122558594e-01,-1.631963998079299927e-01,4.376498460769653320e-01,3.396689610624150091e-01,-9.929867763113877643e-01,-4.482364087432469391e-01,3.856441144320248982e-01
-6.799901276826858521e-02,-2.103030681610107422e-02,-3.317407518625259399e-02,-7.551317662000656128e-02,3.934327065944671631e-01,-8.343633413314819336e-01,-1.630671918392181396e-01,4.376268982887268066e-01,3.391550434182319385e-01,-9.929160726664634229e-01,-4.481958108081500192e-01,3.856763611697536231e-01
-6.800410151481628418e-02,-2.098820358514785767e-02,-3.313463926315307617e-02,-7.547844201326370239e-02,3.929850161075592041e-01,-8.341801762580871582e-01,-1.629393994808197021e-01,4.376042187213897705e-01,3.386415629082700773e-01,-9.928397848851132634e-01,-4.481552198346075988e-01,3.857087701164623739e-01
-6.800898909568786621e-02,-2.094632759690284729e-02,-3.309500217437744141e-02,-7.544345408678054810e-02,3.925379812717437744e-01,-8.339923620223999023e-01,-1.628130376338958740e-01,4.375815093517303467e-01,3.381285163239052816e-01,-9.927579594887473435e-01,-4.481146375257876180e-01,3.857413411342262566e-01
-6.801376491785049438e-02,-2.090466395020484924e-02,-3.305518627166748047e-02,-7.540827244520187378e-02,3.920916020870208740e-01,-8.338009715080261230e-01,-1.626880615949630737e-01,4.375591874122619629e-01,3.376158541897638643e-01,-9.926714894292871794e-01,-4.480740681649975632e-01,3.857740844365188382e-01
-6.801836937665939331e-02,-2.086320891976356506e-02,-3.301522880792617798e-02,-7.537286728620529175e-02,3.916458189487457275e-01,-8.336057662963867188e-01,-1.625642478466033936e-01,4.375367760658264160e-01,3.371036107564623907e-01,-9.925797361653722062e-01,-4.480335113189275464e-01,3.858069915046551945e-01
-6.802280992269515991e-02,-2.082198485732078552e-02,-3.297506272792816162e-02,-7.533725351095199585e-02,3.912008702754974365e-01,-8.334062695503234863e-01,-1.624420285224914551e-01,4.375147819519042969e-01,3.365917845060121261e-01,-9.924827156068606326e-01,-4.479929685451537469e-01,3.858400618226972001e-01
-6.802711635828018188e-02,-2.078095078468322754e-02,-3.293473273515701294e-02,-7.530143111944198608e-02,3.907563388347625732e-01,-8.332031965255737305e-01,-1.623210310935974121e-01,4.374928772449493408e-01,3.360803719190741390e-01,-9.923804803829082699e-01,-4.479524414966950530e-01,3.858732953225477158e-01
-6.803125143051147461e-02,-2.074018120765686035e-02,-3.289422392845153809e-02,-7.526537775993347168e-02,3.903128206729888916e-01,-8.329956531524658203e-01,-1.622015833854675293e-01,4.374712109565734863e-01,3.355693695072939908e-01,-9.922730826650224545e-01,-4.479119318079355927e-01,3.859066919292701292e-01
-6.803523004055023193e-02,-2.069960534572601318e-02,-3.285355120897293091e-02,-7.522911578416824341e-02,3.898698389530181885e-01,-8.327844738960266113e-01,-1.620833724737167358e-01,4.374495148658752441e-01,3.350587738129911508e-01,-9.921605741728583006e-01,-4.478714410946418312e-01,3.859402515611468076e-01
-6.803907454013824463e-02,-2.065924927592277527e-02,-3.281268477439880371e-02,-7.519265264272689819e-02,3.894276022911071777e-01,-8.325693607330322266e-01,-1.619666218757629395e-01,4.374283552169799805e-01,3.345485814088351995e-01,-9.920430061799041521e-01,-4.478309709539797234e-01,3.859739741297530946e-01
-6.804276257753372192e-02,-2.061910182237625122e-02,-3.277166187763214111e-02,-7.515598088502883911e-02,3.889859318733215332e-01,-8.323504924774169922e-01,-1.618511527776718140e-01,4.374071955680847168e-01,3.340387888975427377e-01,-9.919204295192765031e-01,-4.477905229645329777e-01,3.860078595400266432e-01
-6.804628670215606689e-02,-2.057915553450584412e-02,-3.273048996925354004e-02,-7.511908560991287231e-02,3.885448873043060303e-01,-8.321277499198913574e-01,-1.617368012666702271e-01,4.373859167098999023e-01,3.335293929115576428e-01,-9.917928945895145842e-01,-4.477500986863198751e-01,3.860419076903384705e-01
-6.804968416690826416e-02,-2.053942531347274780e-02,-3.268912434577941895e-02,-7.508200407028198242e-02,3.881045579910278320e-01,-8.319013118743896484e-01,-1.616239845752716064e-01,4.373652338981628418e-01,3.330203901127486432e-01,-9.916604513603772819e-01,-4.477096996608113666e-01,3.860761184725625683e-01
-6.805294007062911987e-02,-2.049990370869636536e-02,-3.264758363366127014e-02,-7.504470646381378174e-02,3.876647949218750000e-01,-8.316709995269775391e-01,-1.615124940872192383e-01,4.373446106910705566e-01,3.325117771920911292e-01,-9.915231493785814365e-01,-4.476693274109480591e-01,3.861104917721409069e-01
-6.805603951215744019e-02,-2.046058699488639832e-02,-3.260591626167297363e-02,-7.500721514225006104e-02,3.872257471084594727e-01,-8.314372301101684570e-01,-1.614021062850952148e-01,4.373240470886230469e-01,3.320035508693477411e-01,-9.913810377735428059e-01,-4.476289834411582014e-01,3.861450274681603179e-01
-6.805901229381561279e-02,-2.042146027088165283e-02,-3.256405144929885864e-02,-7.496953755617141724e-02,3.867872953414916992e-01,-8.311997056007385254e-01,-1.612931340932846069e-01,4.373038411140441895e-01,3.314957078927704415e-01,-9.912341652631723177e-01,-4.475886692373746700e-01,3.861797254334188856e-01
-6.806185096502304077e-02,-2.038256078958511353e-02,-3.252204135060310364e-02,-7.493164390325546265e-02,3.863495588302612305e-01,-8.309584856033325195e-01,-1.611854434013366699e-01,4.372837543487548828e-01,3.309882450387792163e-01,-9.910825801596150342e-01,-4.475483862670530111e-01,3.862145855344940037e-01
-6.806451827287673950e-02,-2.034385129809379578e-02,-3.247986733913421631e-02,-7.489359378814697266e-02,3.859125971794128418e-01,-8.307137489318847656e-01,-1.610790789127349854e-01,4.372639656066894531e-01,3.304811591116488256e-01,-9.909263303751009166e-01,-4.475081359791886482e-01,3.862496076318174820e-01
-6.806708127260208130e-02,-2.030532807111740112e-02,-3.243754804134368896e-02,-7.485532015562057495e-02,3.854759931564331055e-01,-8.304656147956848145e-01,-1.609737575054168701e-01,4.372441768646240234e-01,3.299744469432008831e-01,-9.907654634275205874e-01,-4.474679198043346462e-01,3.862847915797384957e-01
-6.806950271129608154e-02,-2.026700973510742188e-02,-3.239506855607032776e-02,-7.481686770915985107e-02,3.850401043891906738e-01,-8.302139043807983398e-01,-1.608697772026062012e-01,4.372245669364929199e-01,3.294681053924828906e-01,-9.906000264464389637e-01,-4.474277391546186422e-01,3.863201372265986366e-01
-6.807179749011993408e-02,-2.022889256477355957e-02,-3.235242515802383423e-02,-7.477821409702301025e-02,3.846048116683959961e-01,-8.299584984779357910e-01,-1.607670187950134277e-01,4.372052550315856934e-01,3.289621313454768603e-01,-9.904300661786725746e-01,-4.473875954237611641e-01,3.863556444148000257e-01
-6.807394325733184814e-02,-2.019095048308372498e-02,-3.230963647365570068e-02,-7.473938912153244019e-02,3.841701149940490723e-01,-8.296999335289001465e-01,-1.606654375791549683e-01,4.371860027313232422e-01,3.284565217147581984e-01,-9.902556289941384371e-01,-4.473474899870924504e-01,3.863913129808737024e-01
-6.807597726583480835e-02,-2.015320211648941040e-02,-3.226669132709503174e-02,-7.470037043094635010e-02,3.837359845638275146e-01,-8.294378519058227539e-01,-1.605650335550308228e-01,4.371669888496398926e-01,3.279512734391998863e-01,-9.900767608914312623e-01,-4.473074242015706026e-01,3.864271427555529548e-01
-6.807788461446762085e-02,-2.011564373970031738e-02,-3.222360089421272278e-02,-7.466118037700653076e-02,3.833025097846984863e-01,-8.291726112365722656e-01,-1.604658514261245728e-01,4.371482133865356445e-01,3.274463834836631726e-01,-9.898935075038909348e-01,-4.472673994057983493e-01,3.864631335638403220e-01
-6.807964295148849487e-02,-2.007828652858734131e-02,-3.218036890029907227e-02,-7.462181150913238525e-02,3.828697502613067627e-01,-8.289038538932800293e-01,-1.603679060935974121e-01,4.371294975280761719e-01,3.269418488386746091e-01,-9.897059141051794962e-01,-4.472274169200413652e-01,3.864992852250763167e-01
-6.808130443096160889e-02,-2.004110068082809448e-02,-3.213699162006378174e-02,-7.458224892616271973e-02,3.824373483657836914e-01,-8.286319375038146973e-01,-1.602709591388702393e-01,4.371109306812286377e-01,3.264376665201179084e-01,-9.895140256150211089e-01,-4.471874780462449794e-01,3.865355975530128663e-01
-6.808283179998397827e-02,-2.000411599874496460e-02,-3.209343925118446350e-02,-7.454250752925872803e-02,3.820056617259979248e-01,-8.283563852310180664e-01,-1.601754575967788696e-01,4.370928108692169189e-01,3.259338335689246358e-01,-9.893178866049980869e-01,-4.471475840680522729e-01,3.865720703558803151e-01
-6.808421760797500610e-02,-1.996728032827377319e-02,-3.204975277185440063e-02,-7.450260221958160400e-02,3.815744221210479736e-01,-8.280778527259826660e-01,-1.600808501243591309e-01,4.370746314525604248e-01,3.254303470507594054e-01,-9.891175413042362363e-01,-4.471077362508216191e-01,3.866087034364589781e-01
-6.808550655841827393e-02,-1.993066072463989258e-02,-3.200595825910568237e-02,-7.446253299713134766e-02,3.811439871788024902e-01,-8.277963399887084961e-01,-1.599874645471572876e-01,4.370566606521606445e-01,3.249272040557052987e-01,-9.889130336053079118e-01,-4.470679358416436155e-01,3.866454965921482523e-01
-6.808666884899139404e-02,-1.989419758319854736e-02,-3.196199238300323486e-02,-7.442227751016616821e-02,3.807139694690704346e-01,-8.275113105773925781e-01,-1.598951518535614014e-01,4.370388984680175781e-01,3.244244016979487277e-01,-9.887044070699202436e-01,-4.470281840693592912e-01,3.866824496150325086e-01
-6.808770447969436646e-02,-1.985792070627212524e-02,-3.191787376999855042e-02,-7.438187301158905029e-02,3.802846372127532959e-01,-8.272231817245483398e-01,-1.598041653633117676e-01,4.370214343070983887e-01,3.239219371154818394e-01,-9.884917049345987028e-01,-4.469884821445769263e-01,3.867195622919598064e-01
-6.808863580226898193e-02,-1.982181519269943237e-02,-3.187365084886550903e-02,-7.434128969907760620e-02,3.798557221889495850e-01,-8.269323110580444336e-01,-1.597140282392501831e-01,4.370039701461791992e-01,3.234198074697703373e-01,-9.882749701164833533e-01,-4.469488312596903157e-01,3.867568344046037332e-01
-6.808945536613464355e-02,-1.978588104248046875e-02,-3.182926774024963379e-02,-7.430053502321243286e-02,3.794273734092712402e-01,-8.266380429267883301e-01,-1.596250832080841064e-01,4.369868040084838867e-01,3.229180099454502240e-01,-9.880542452190145264e-01,-4.469092325888957551e-01,3.867942657295361797e-01
-6.809014827013015747e-02,-1.975013688206672668e-02,-3.178475797176361084e-02,-7.425962388515472412e-02,3.789997696876525879e-01,-8.263407945632934570e-01,-1.595372855663299561e-01,4.369697570800781250e-01,3.224165417500219344e-01,-9.878295725379455661e-01,-4.468696872882095827e-01,3.868318560382981719e-01
-6.809075176715850830e-02,-1.971453800797462463e-02,-3.174010291695594788e-02,-7.421853393316268921e-02,3.785723447799682617e-01,-8.260406255722045898e-01,-1.594504714012145996e-01,4.369528889656066895e-01,3.219154001135237086e-01,-9.876009940667026532e-01,-4.468301964954860539e-01,3.868696050974680389e-01
-6.809121370315551758e-02,-1.967912912368774414e-02,-3.169532120227813721e-02,-7.417732477188110352e-02,3.781459331512451172e-01,-8.257374763488769531e-01,-1.593648791313171387e-01,4.369363784790039062e-01,3.214145822882366055e-01,-9.873685515023413739e-01,-4.467907613304342163e-01,3.869075126687298027e-01
-6.809158623218536377e-02,-1.964388042688369751e-02,-3.165041655302047729e-02,-7.413591444492340088e-02,3.777197301387786865e-01,-8.254313468933105469e-01,-1.592801809310913086e-01,4.369197487831115723e-01,3.209140855483467725e-01,-9.871322862513980390e-01,-4.467513828946362842e-01,3.869455785089468414e-01
-6.809184700250625610e-02,-1.960879564285278320e-02,-3.160538896918296814e-02,-7.409435510635375977e-02,3.772941231727600098e-01,-8.251223564147949219e-01,-1.591964662075042725e-01,4.369032979011535645e-01,3.204139071896598412e-01,-9.868922394354660010e-01,-4.467120622715644584e-01,3.869838023702295016e-01
-6.809199601411819458e-02,-1.957388222217559814e-02,-3.156019374728202820e-02,-7.405265420675277710e-02,3.768691122531890869e-01,-8.248102664947509766e-01,-1.591140627861022949e-01,4.368873238563537598e-01,3.199140445292735224e-01,-9.866484518968264839e-01,-4.466728005265986345e-01,3.870221840000028224e-01
-6.809207051992416382e-02,-1.953911408782005310e-02,-3.151491284370422363e-02,-7.401080429553985596e-02,3.764445185661315918e-01,-8.244959115982055664e-01,-1.590324193239212036e-01,4.368714094161987305e-01,3.194144949052648008e-01,-9.864009642045713511e-01,-4.466335987070439439e-01,3.870607231410840843e-01
-6.809200346469879150e-02,-1.950452849268913269e-02,-3.146949410438537598e-02,-7.396878302097320557e-02,3.760205209255218506e-01,-8.241782188415527344e-01,-1.589518785476684570e-01,4.368555545806884766e-01,3.189152556763862889e-01,-9.861498166600157766e-01,-4.465944578421483513e-01,3.870994195317401521e-01
-6.809184700250625610e-02,-1.947009190917015076e-02,-3.142394870519638062e-02,-7.392663508653640747e-02,3.755970597267150879e-01,-8.238580226898193359e-01,-1.588724255561828613e-01,4.368399679660797119e-01,3.184163242217435408e-01,-9.858950493024390971e-01,-4.465553789431200293e-01,3.871382729057681882e-01
-6.809157878160476685e-02,-1.943582668900489807e-02,-3.137827664613723755e-02,-7.388430088758468628e-02,3.751741051673889160e-01,-8.235347270965576172e-01,-1.587938964366912842e-01,4.368244409561157227e-01,3.179176979404882419e-01,-9.856367019152618703e-01,-4.465163630031449005e-01,3.871772829925618775e-01
-6.809122115373611450e-02,-1.940169557929039001e-02,-3.133247047662734985e-02,-7.384184747934341431e-02,3.747515976428985596e-01,-8.232089281082153320e-01,-1.587163507938385010e-01,4.368093013763427734e-01,3.174193742515001304e-01,-9.853748140310759629e-01,-4.464774109974041783e-01,3.872164495171793730e-01
-6.809075921773910522e-02,-1.936773210763931274e-02,-3.128657490015029907e-02,-7.379927486181259155e-02,3.743297457695007324e-01,-8.228807449340820312e-01,-1.586398184299468994e-01,4.367941915988922119e-01,3.169213505930885133e-01,-9.851094249379864776e-01,-4.464385238830921865e-01,3.872557722004144609e-01
-6.809020787477493286e-02,-1.933390647172927856e-02,-3.124052099883556366e-02,-7.375650852918624878e-02,3.739080727100372314e-01,-8.225493431091308594e-01,-1.585642099380493164e-01,4.367792606353759766e-01,3.164236244226628636e-01,-9.848405736850781578e-01,-4.463997025994330126e-01,3.872952507588697801e-01
-6.808955222368240356e-02,-1.930026710033416748e-02,-3.119437769055366516e-02,-7.371361553668975830e-02,3.734872341156005859e-01,-8.222154974937438965e-01,-1.584896147251129150e-01,4.367645084857940674e-01,3.159261932164232900e-01,-9.845682990881565733e-01,-4.463609480676988817e-01,3.873348849050163856e-01
-6.808879971504211426e-02,-1.926676928997039795e-02,-3.114810772240161896e-02,-7.367059588432312012e-02,3.730668127536773682e-01,-8.218790292739868164e-01,-1.584160029888153076e-01,4.367500245571136475e-01,3.154290544690610543e-01,-9.842926397355977741e-01,-4.463222611912274207e-01,3.873746743472782916e-01
-6.808795779943466187e-02,-1.923340559005737305e-02,-3.110172227025032043e-02,-7.362743467092514038e-02,3.726468086242675781e-01,-8.215401172637939453e-01,-1.583433002233505249e-01,4.367356598377227783e-01,3.149322056934329428e-01,-9.840136339939785648e-01,-4.462836428554389778e-01,3.874146187900897043e-01
-6.808701902627944946e-02,-1.920019090175628662e-02,-3.105521947145462036e-02,-7.358412444591522217e-02,3.722272515296936035e-01,-8.211985826492309570e-01,-1.582714766263961792e-01,4.367214441299438477e-01,3.144356444202487944e-01,-9.837313200137632885e-01,-4.462450939278543305e-01,3.874547179339716263e-01
-6.808598339557647705e-02,-1.916711777448654175e-02,-3.100859187543392181e-02,-7.354069501161575317e-02,3.718082010746002197e-01,-8.208544254302978516e-01,-1.582006514072418213e-01,4.367074072360992432e-01,3.139393681977668549e-01,-9.834457357352623941e-01,-4.462066152581120604e-01,3.874949714755968611e-01
-6.808488816022872925e-02,-1.913420110940933228e-02,-3.096187114715576172e-02,-7.349713146686553955e-02,3.713896870613098145e-01,-8.205080032348632812e-01,-1.581307053565979004e-01,4.366936385631561279e-01,3.134433745914752545e-01,-9.831569188940993964e-01,-4.461682076779863726e-01,3.875353791078677279e-01
-6.808366626501083374e-02,-1.910144463181495667e-02,-3.091502562165260315e-02,-7.345340400934219360e-02,3.709717094898223877e-01,-8.201586604118347168e-01,-1.580617725849151611e-01,4.366799592971801758e-01,3.129476611837790356e-01,-9.828649070271151533e-01,-4.461298720014039709e-01,3.875759405199754037e-01
-6.808236986398696899e-02,-1.906879991292953491e-02,-3.086808323860168457e-02,-7.340958714485168457e-02,3.705540597438812256e-01,-8.198073506355285645e-01,-1.579935848712921143e-01,4.366664588451385498e-01,3.124522255736967846e-01,-9.825697374780004711e-01,-4.460916090244623766e-01,3.876166553974769169e-01
-6.808098405599594116e-02,-1.903630793094635010e-02,-3.082101233303546906e-02,-7.336560636758804321e-02,3.701368272304534912e-01,-8.194532394409179688e-01,-1.579263806343078613e-01,4.366531372070312500e-01,3.119570653765277313e-01,-9.822714474030883602e-01,-4.460534195254468592e-01,3.876575234223655353e-01
-6.807951629161834717e-02,-1.900395750999450684e-02,-3.077385574579238892e-02,-7.332152873277664185e-02,3.697202205657958984e-01,-8.190971016883850098e-01,-1.578600406646728516e-01,4.366400241851806641e-01,3.114621782235658110e-01,-9.819700737770425958e-01,-4.460153042648480892e-01,3.876985442731348264e-01
-6.807797402143478394e-02,-1.897173374891281128e-02,-3.072661906480789185e-02,-7.327732443809509277e-02,3.693040013313293457e-01,-8.187388181686401367e-01,-1.577943861484527588e-01,4.366269111633300781e-01,3.109675617617627674e-01,-9.816656533986509725e-01,-4.459772639853797349e-01,3.877397176248540966e-01
-6.807634234428405762e-02,-1.893963664770126343e-02,-3.067921660840511322e-02,-7.323297113180160522e-02,3.688880205154418945e-01,-8.183777928352355957e-01,-1.577297747135162354e-01,4.366141855716705322e-01,3.104732136534293363e-01,-9.813582228964028431e-01,-4.459392994119961151e-01,3.877810431492346166e-01
-6.807461380958557129e-02,-1.890771090984344482e-02,-3.063175641000270844e-02,-7.318849861621856689e-02,3.684728145599365234e-01,-8.180145025253295898e-01,-1.576659679412841797e-01,4.366014003753662109e-01,3.099791315759211630e-01,-9.810478187343926182e-01,-4.459014112519092965e-01,3.878225205146999532e-01
-6.807282567024230957e-02,-1.887590438127517700e-02,-3.058417141437530518e-02,-7.314392924308776855e-02,3.680579960346221924e-01,-8.176491260528564453e-01,-1.576031595468521118e-01,4.365890622138977051e-01,3.094853132213230551e-01,-9.807344772179511505e-01,-4.458636001946068017e-01,3.878641493864572465e-01
-6.807093322277069092e-02,-1.884420216083526611e-02,-3.053650073707103729e-02,-7.309921085834503174e-02,3.676433563232421875e-01,-8.172813653945922852e-01,-1.575408279895782471e-01,4.365765452384948730e-01,3.089917562961328468e-01,-9.804182344992773412e-01,-4.458258669118695394e-01,3.879059294265679303e-01
-6.806897372007369995e-02,-1.881267502903938293e-02,-3.048869408667087555e-02,-7.305439561605453491e-02,3.672295510768890381e-01,-8.169112205505371094e-01,-1.574798375368118286e-01,4.365646541118621826e-01,3.084984592207669629e-01,-9.800989835798952221e-01,-4.457882247051313529e-01,3.879478634115730018e-01
-6.806694716215133667e-02,-1.878124475479125977e-02,-3.044081665575504303e-02,-7.300943136215209961e-02,3.668157458305358887e-01,-8.165390491485595703e-01,-1.574192345142364502e-01,4.365525543689727783e-01,3.080054196578659864e-01,-9.797767750270028886e-01,-4.457506729088377417e-01,3.879899506765125961e-01
-6.806481629610061646e-02,-1.874997839331626892e-02,-3.039281629025936127e-02,-7.296435534954071045e-02,3.664026856422424316e-01,-8.161642551422119141e-01,-1.573597788810729980e-01,4.365408122539520264e-01,3.075126348422206890e-01,-9.794517494353697229e-01,-4.457132028665670154e-01,3.880321885880947397e-01
-6.806261837482452393e-02,-1.871880888938903809e-02,-3.034470602869987488e-02,-7.291919738054275513e-02,3.659899830818176270e-01,-8.157875537872314453e-01,-1.573011279106140137e-01,4.365294575691223145e-01,3.070201025402507500e-01,-9.791239413101877620e-01,-4.456758152757635538e-01,3.880745768202329415e-01
-6.806033849716186523e-02,-1.868779212236404419e-02,-3.029654920101165771e-02,-7.287389785051345825e-02,3.655777871608734131e-01,-8.154088258743286133e-01,-1.572431027889251709e-01,4.365178346633911133e-01,3.065278205313848869e-01,-9.787933850032974892e-01,-4.456385108187924660e-01,3.881171150446639517e-01
-6.805801391601562500e-02,-1.865688338875770569e-02,-3.024827875196933746e-02,-7.282846421003341675e-02,3.651657402515411377e-01,-8.150280714035034180e-01,-1.571857631206512451e-01,4.365064501762390137e-01,3.060357866077352829e-01,-9.784601147187108605e-01,-4.456012901629873291e-01,3.881598029310298070e-01
-6.805559992790222168e-02,-1.862609758973121643e-02,-3.019988164305686951e-02,-7.278294861316680908e-02,3.647542297840118408e-01,-8.146449327468872070e-01,-1.571294814348220825e-01,4.364954829216003418e-01,3.055439985737870012e-01,-9.781241645175847710e-01,-4.455641539606974288e-01,3.882026401469598209e-01
-6.805310398340225220e-02,-1.859544217586517334e-02,-3.015142492949962616e-02,-7.273732125759124756e-02,3.643431961536407471e-01,-8.142599463462829590e-01,-1.570738255977630615e-01,4.364845156669616699e-01,3.050524542460937294e-01,-9.777855683241265528e-01,-4.455271028493358876e-01,3.882456263581340883e-01
-6.805054098367691040e-02,-1.856490597128868103e-02,-3.010286390781402588e-02,-7.269158959388732910e-02,3.639326095581054688e-01,-8.138728141784667969e-01,-1.570190191268920898e-01,4.364737570285797119e-01,3.045611514529680264e-01,-9.774443599304046826e-01,-4.454901374514270151e-01,3.882887612283772438e-01
-6.804790347814559937e-02,-1.853448897600173950e-02,-3.005421906709671021e-02,-7.264574617147445679e-02,3.635223805904388428e-01,-8.134837150573730469e-01,-1.569649577140808105e-01,4.364631474018096924e-01,3.040700880341510315e-01,-9.771005730021985469e-01,-4.454532583746541041e-01,3.883320444197243537e-01
-6.804521381855010986e-02,-1.850418373942375183e-02,-3.000548668205738068e-02,-7.259979099035263062e-02,3.631124496459960938e-01,-8.130928277969360352e-01,-1.569114923477172852e-01,4.364526271820068359e-01,3.035792618405282473e-01,-9.767542410840280853e-01,-4.454164662119068918e-01,3.883754755925025171e-01
-6.804244220256805420e-02,-1.847399771213531494e-02,-2.995664440095424652e-02,-7.255373895168304443e-02,3.627029359340667725e-01,-8.126997351646423340e-01,-1.568589508533477783e-01,4.364424347877502441e-01,3.030886707338046326e-01,-9.764053976046751515e-01,-4.453797615413292998e-01,3.884190544054051952e-01
-6.803961098194122314e-02,-1.844391971826553345e-02,-2.990774065256118774e-02,-7.250758260488510132e-02,3.622937798500061035e-01,-8.123048543930053711e-01,-1.568069756031036377e-01,4.364322423934936523e-01,3.025983125861904655e-01,-9.760540758825423380e-01,-4.453431449263671182e-01,3.884627805155740909e-01
-6.803671270608901978e-02,-1.841397583484649658e-02,-2.985874563455581665e-02,-7.246132194995880127e-02,3.618851602077484131e-01,-8.119080662727355957e-01,-1.567558348178863525e-01,4.364222884178161621e-01,3.021081852800986955e-01,-9.757003091308458220e-01,-4.453066169158156340e-01,3.885066535786730890e-01
-6.803374737501144409e-02,-1.838413253426551819e-02,-2.980965003371238708e-02,-7.241497188806533813e-02,3.614768981933593750e-01,-8.115092515945434570e-01,-1.567054688930511475e-01,4.364125728607177734e-01,3.016182867078335827e-01,-9.753441304633008180e-01,-4.452701780438670931e-01,3.885506732489631965e-01
-6.803072988986968994e-02,-1.835440099239349365e-02,-2.976048178970813751e-02,-7.236852496862411499e-02,3.610689640045166016e-01,-8.111088275909423828e-01,-1.566557288169860840e-01,4.364029765129089355e-01,3.011286147712643468e-01,-9.749855728991521087e-01,-4.452338288301588287e-01,3.885948391793903611e-01
-6.802763044834136963e-02,-1.832478120923042297e-02,-2.971122227609157562e-02,-7.232196629047393799e-02,3.606613576412200928e-01,-8.107063174247741699e-01,-1.566067636013031006e-01,4.363934993743896484e-01,3.006391673815395071e-01,-9.746246693687498075e-01,-4.451975697798201681e-01,3.886391510216438694e-01
-6.802447140216827393e-02,-1.829527318477630615e-02,-2.966189198195934296e-02,-7.227531820535659790e-02,3.602541983127593994e-01,-8.103020787239074707e-01,-1.565583646297454834e-01,4.363841414451599121e-01,3.001499424587547038e-01,-9.742614527186888029e-01,-4.451614013835206163e-01,3.886836084262577096e-01
-6.802129000425338745e-02,-1.826586574316024780e-02,-2.961246296763420105e-02,-7.222858071327209473e-02,3.598473668098449707e-01,-8.098962903022766113e-01,-1.565107703208923340e-01,4.363752305507659912e-01,2.996609379316547139e-01,-9.738959557174949877e-01,-4.451253241175174846e-01,3.887282110426627524e-01
-6.801800429821014404e-02,-1.823657006025314331e-02,-2.956296876072883606e-02,-7.218173891305923462e-02,3.594408929347991943e-01,-8.094884157180786133e-01,-1.564637720584869385e-01,4.363660812377929688e-01,2.991721517373132633e-01,-9.735282110605981698e-01,-4.450893384437031308e-01,3.887729585192830628e-01
-6.801468133926391602e-02,-1.820738241076469421e-02,-2.951340749859809875e-02,-7.213482260704040527e-02,3.590348660945892334e-01,-8.090791702270507812e-01,-1.564174592494964600e-01,4.363573193550109863e-01,2.986835818208261606e-01,-9.731582513760207442e-01,-4.450534448096531981e-01,3.888178505036061217e-01
-6.801128387451171875e-02,-1.817828044295310974e-02,-2.946373634040355682e-02,-7.208779454231262207e-02,3.586289882659912109e-01,-8.086678385734558105e-01,-1.563718020915985107e-01,4.363486170768737793e-01,2.981952261350008238e-01,-9.727861092295141399e-01,-4.450176436486735776e-01,3.888628866422558228e-01
-6.800784170627593994e-02,-1.814928650856018066e-02,-2.941399626433849335e-02,-7.204069197177886963e-02,3.582235276699066162e-01,-8.082550764083862305e-01,-1.563268005847930908e-01,4.363402128219604492e-01,2.977070826400423642e-01,-9.724118171299187541e-01,-4.449819353798485921e-01,3.889080665810780713e-01
-6.800435483455657959e-02,-1.812040433287620544e-02,-2.936422266066074371e-02,-7.199350744485855103e-02,3.578185141086578369e-01,-8.078408241271972656e-01,-1.562823206186294556e-01,4.363317489624023438e-01,2.972191493032499965e-01,-9.720354075346290257e-01,-4.449463204080884582e-01,3.889533899652128368e-01
-6.800080835819244385e-02,-1.809161528944969177e-02,-2.931433916091918945e-02,-7.194623351097106934e-02,3.574137687683105469e-01,-8.074248433113098145e-01,-1.562386006116867065e-01,4.363236427307128906e-01,2.967314240986964058e-01,-9.716569128549529255e-01,-4.449107991241768034e-01,3.889988564391717585e-01
-6.799720227718353271e-02,-1.806293800473213196e-02,-2.926435880362987518e-02,-7.189886271953582764e-02,3.570094406604766846e-01,-8.070068359375000000e-01,-1.561956852674484253e-01,4.363157153129577637e-01,2.962439050069171076e-01,-9.712763654613038034e-01,-4.448753719048185173e-01,3.890444656469161933e-01
-6.799353659152984619e-02,-1.803433150053024292e-02,-2.921434305608272552e-02,-7.185142487287521362e-02,3.566053211688995361e-01,-8.065876960754394531e-01,-1.561530828475952148e-01,4.363077878952026367e-01,2.957565900146059690e-01,-9.708937976886145016e-01,-4.448400391126983155e-01,3.890902172319350427e-01
-6.798982620239257812e-02,-1.800585910677909851e-02,-2.916426211595535278e-02,-7.180389016866683960e-02,3.562017679214477539e-01,-8.061668276786804199e-01,-1.561112552881240845e-01,4.362999796867370605e-01,2.952694771143090091e-01,-9.705092418417490263e-01,-4.448048010964746890e-01,3.891361108373207478e-01
-6.798604130744934082e-02,-1.797745749354362488e-02,-2.911408245563507080e-02,-7.175627350807189941e-02,3.557983636856079102e-01,-8.057441711425781250e-01,-1.560700386762619019e-01,4.362923800945281982e-01,2.947825643040935528e-01,-9.701227302008053055e-01,-4.447696581909303393e-01,3.891821461058466713e-01
-6.798224151134490967e-02,-1.794915273785591125e-02,-2.906384505331516266e-02,-7.170858234167098999e-02,3.553953170776367188e-01,-8.053202629089355469e-01,-1.560293585062026978e-01,4.362850189208984375e-01,2.942958495872480262e-01,-9.697342950264182804e-01,-4.447346107169262708e-01,3.892283226800464790e-01
-6.797838956117630005e-02,-1.792094483971595764e-02,-2.901354432106018066e-02,-7.166083157062530518e-02,3.549927175045013428e-01,-8.048950433731079102e-01,-1.559893190860748291e-01,4.362778663635253906e-01,2.938093309719849722e-01,-9.693439685651734639e-01,-4.446996589814884993e-01,3.892746402022868590e-01
-6.797447800636291504e-02,-1.789281144738197327e-02,-2.896317653357982635e-02,-7.161297649145126343e-02,3.545901775360107422e-01,-8.044682741165161133e-01,-1.559497117996215820e-01,4.362706243991851807e-01,2.933230064711018770e-01,-9.689517830549080335e-01,-4.446648032778314219e-01,3.893210983148502891e-01
-6.797052919864654541e-02,-1.786476746201515198e-02,-2.891274541616439819e-02,-7.156506925821304321e-02,3.541880249977111816e-01,-8.040401339530944824e-01,-1.559107303619384766e-01,4.362636804580688477e-01,2.928368741016952881e-01,-9.685577707300158101e-01,-4.446300438854708381e-01,3.893676966600064793e-01
-6.796653568744659424e-02,-1.783683523535728455e-02,-2.886223793029785156e-02,-7.151707261800765991e-02,3.537863194942474365e-01,-8.036103844642639160e-01,-1.558724492788314819e-01,4.362569749355316162e-01,2.923509318848296346e-01,-9.681619638268033068e-01,-4.445953810701671616e-01,3.894144348800948618e-01
-6.796247512102127075e-02,-1.780898496508598328e-02,-2.881166711449623108e-02,-7.146898657083511353e-02,3.533847928047180176e-01,-8.031790256500244141e-01,-1.558346450328826904e-01,4.362501502037048340e-01,2.918651778452422407e-01,-9.677643945889577992e-01,-4.445608150840845707e-01,3.894613126175997531e-01
-6.795839220285415649e-02,-1.778120547533035278e-02,-2.876104228198528290e-02,-7.142086327075958252e-02,3.529836535453796387e-01,-8.027467131614685059e-01,-1.557973325252532959e-01,4.362437129020690918e-01,2.913796100110225273e-01,-9.673650952726321472e-01,-4.445263461657452675e-01,3.895083295152255154e-01
-6.795425713062286377e-02,-1.775350421667098999e-02,-2.871034666895866394e-02,-7.137266546487808228e-02,3.525827229022979736e-01,-8.023130297660827637e-01,-1.557606160640716553e-01,4.362373948097229004e-01,2.908942264133053679e-01,-9.669640981520196688e-01,-4.444919745401317845e-01,3.895554852159772707e-01
-6.795009225606918335e-02,-1.772591099143028259e-02,-2.865961566567420959e-02,-7.132437825202941895e-02,3.521821498870849609e-01,-8.018779754638671875e-01,-1.557243317365646362e-01,4.362310767173767090e-01,2.904090250859573397e-01,-9.665614355244943612e-01,-4.444577004187206248e-01,3.896027793632343417e-01
-6.794590502977371216e-02,-1.769838482141494751e-02,-2.860879153013229370e-02,-7.127602398395538330e-02,3.517817556858062744e-01,-8.014416694641113281e-01,-1.556886732578277588e-01,4.362251162528991699e-01,2.899240040652607542e-01,-9.661571397161867747e-01,-4.444235239995170117e-01,3.896502116008332406e-01
-6.794163584709167480e-02,-1.767094433307647705e-02,-2.855792455375194550e-02,-7.122761756181716919e-02,3.513817489147186279e-01,-8.010039329528808594e-01,-1.556535363197326660e-01,4.362192153930664062e-01,2.894391613896147852e-01,-9.657512430870685005e-01,-4.443894454671561411e-01,3.896977815731393902e-01
-6.793733686208724976e-02,-1.764359325170516968e-02,-2.850700356066226959e-02,-7.117913663387298584e-02,3.509820997714996338e-01,-8.005648851394653320e-01,-1.556188911199569702e-01,4.362133741378784180e-01,2.889544950992190553e-01,-9.653437780363107734e-01,-4.443554649928355693e-01,3.897454889251226740e-01
-6.793300807476043701e-02,-1.761629804968833923e-02,-2.845601737499237061e-02,-7.113060355186462402e-02,3.505825698375701904e-01,-8.001247644424438477e-01,-1.555847078561782837e-01,4.362077116966247559e-01,2.884700032357507271e-01,-9.649347770077496556e-01,-4.443215827345080582e-01,3.897933333024463654e-01
-6.792864948511123657e-02,-1.758909225463867188e-02,-2.840498834848403931e-02,-7.108198851346969604e-02,3.501833677291870117e-01,-7.996835708618164062e-01,-1.555509418249130249e-01,4.362021982669830322e-01,2.879856838420697951e-01,-9.645242724951906821e-01,-4.442877988368132414e-01,3.898413143515288559e-01
-6.792423129081726074e-02,-1.756197586655616760e-02,-2.835390344262123108e-02,-7.103333622217178345e-02,3.497846424579620361e-01,-7.992409467697143555e-01,-1.555178612470626831e-01,4.361967444419860840e-01,2.875015349619018390e-01,-9.641122970476567744e-01,-4.442541134311911999e-01,3.898894317196316406e-01
-6.791980564594268799e-02,-1.753491535782814026e-02,-2.830276079475879669e-02,-7.098460197448730469e-02,3.493858873844146729e-01,-7.987974286079406738e-01,-1.554850637912750244e-01,4.361916184425354004e-01,2.870175546395253297e-01,-9.636988832746907763e-01,-4.442205266358937865e-01,3.899376850549332585e-01
-6.791532784700393677e-02,-1.750793680548667908e-02,-2.825156413018703461e-02,-7.093583792448043823e-02,3.489876389503479004e-01,-7.983525991439819336e-01,-1.554529070854187012e-01,4.361865818500518799e-01,2.865337409194552154e-01,-9.632840638518234133e-01,-4.441870385560640622e-01,3.899860740066045106e-01
-6.791082769632339478e-02,-1.748101413249969482e-02,-2.820030786097049713e-02,-7.088697701692581177e-02,3.485893011093139648e-01,-7.979067564010620117e-01,-1.554210335016250610e-01,4.361816048622131348e-01,2.860500918461463815e-01,-9.628678715258210952e-01,-4.441536492837362959e-01,3.900345982248893395e-01
-6.790629029273986816e-02,-1.745418086647987366e-02,-2.814900875091552734e-02,-7.083809375762939453e-02,3.481915593147277832e-01,-7.974597811698913574e-01,-1.553897410631179810e-01,4.361769258975982666e-01,2.855666054636658013e-01,-9.624503391197701818e-01,-4.441203588979489303e-01,3.900832573611814902e-01
-6.790172308683395386e-02,-1.742739975452423096e-02,-2.809766493737697601e-02,-7.078914344310760498e-02,3.477938771247863770e-01,-7.970118522644042969e-01,-1.553587913513183594e-01,4.361722171306610107e-01,2.850832798153946634e-01,-9.620314995389819268e-01,-4.440871674647454692e-01,3.901320510680955089e-01
-6.789711862802505493e-02,-1.740069314837455750e-02,-2.804628200829029083e-02,-7.074013352394104004e-02,3.473964929580688477e-01,-7.965627908706665039e-01,-1.553282588720321655e-01,4.361675381660461426e-01,2.846001129437077393e-01,-9.616113857757485617e-01,-4.440540750372075074e-01,3.901809789995548949e-01
-6.789249926805496216e-02,-1.737406104803085327e-02,-2.799485437572002411e-02,-7.069109380245208740e-02,3.469994962215423584e-01,-7.961129546165466309e-01,-1.552982181310653687e-01,4.361632168292999268e-01,2.841171028896635753e-01,-9.611900309147550781e-01,-4.440210816555802409e-01,3.902300408108630991e-01
-6.788784265518188477e-02,-1.734748855233192444e-02,-2.794337086379528046e-02,-7.064197212457656860e-02,3.466024994850158691e-01,-7.956619262695312500e-01,-1.552685201168060303e-01,4.361588656902313232e-01,2.836342476927003475e-01,-9.607674681387664561e-01,-4.439881873472379947e-01,3.902792361587757441e-01
-6.788317114114761353e-02,-1.732097938656806946e-02,-2.789184264838695526e-02,-7.059284299612045288e-02,3.462059497833251953e-01,-7.952101230621337891e-01,-1.552393436431884766e-01,4.361549019813537598e-01,2.831515453903130086e-01,-9.603437307335461748e-01,-4.439553921267412884e-01,3.903285647015887760e-01
-6.787846237421035767e-02,-1.729455590248107910e-02,-2.784027531743049622e-02,-7.054362446069717407e-02,3.458096086978912354e-01,-7.947571277618408203e-01,-1.552105545997619629e-01,4.361509084701538086e-01,2.826689940177510296e-01,-9.599188520932701030e-01,-4.439226959959495789e-01,3.903780260992080198e-01
-6.787373870611190796e-02,-1.726815849542617798e-02,-2.778865955770015717e-02,-7.049437612295150757e-02,3.454132974147796631e-01,-7.943034172058105469e-01,-1.551820635795593262e-01,4.361470043659210205e-01,2.821865916077066494e-01,-9.594928657259931271e-01,-4.438900989439995559e-01,3.904276200132290042e-01
-6.786899268627166748e-02,-1.724184304475784302e-02,-2.773700281977653503e-02,-7.044507563114166260e-02,3.450174033641815186e-01,-7.938488125801086426e-01,-1.551540493965148926e-01,4.361433386802673340e-01,2.817043361899935761e-01,-9.590658052587326399e-01,-4.438576009473835793e-01,3.904773461070115137e-01
-6.786419451236724854e-02,-1.721557229757308960e-02,-2.768532186746597290e-02,-7.039575278759002686e-02,3.446216881275177002e-01,-7.933933734893798828e-01,-1.551263332366943359e-01,4.361396431922912598e-01,2.812222257912476153e-01,-9.586377044429917893e-01,-4.438252019699956419e-01,3.905272040457646865e-01
-6.785940378904342651e-02,-1.718937978148460388e-02,-2.763358876109123230e-02,-7.034637778997421265e-02,3.442262709140777588e-01,-7.929370999336242676e-01,-1.550990939140319824e-01,4.361362755298614502e-01,2.807402584346103680e-01,-9.582085971598974794e-01,-4.437929019631652316e-01,3.905771934966111858e-01
-6.785455346107482910e-02,-1.716324687004089355e-02,-2.758180722594261169e-02,-7.029693573713302612e-02,3.438310027122497559e-01,-7.924795150756835938e-01,-1.550721973180770874e-01,4.361328482627868652e-01,2.802584639384777532e-01,-9.577778575854024590e-01,-4.437607149200756829e-01,3.906273106008292251e-01
-6.784960627555847168e-02,-1.713730767369270325e-02,-2.752986736595630646e-02,-7.024732232093811035e-02,3.434363901615142822e-01,-7.920187115669250488e-01,-1.550466120243072510e-01,4.361298382282257080e-01,2.797769696004871465e-01,-9.573428373710900496e-01,-4.437286979054088643e-01,3.906775406870480194e-01
-6.784461438655853271e-02,-1.711141690611839294e-02,-2.747788466513156891e-02,-7.019767910242080688e-02,3.430420458316802979e-01,-7.915570735931396484e-01,-1.550213992595672607e-01,4.361269772052764893e-01,2.792956270412987885e-01,-9.569066085825093104e-01,-4.436967861316423734e-01,3.907278996696626483e-01
-6.783961504697799683e-02,-1.708561554551124573e-02,-2.742587216198444366e-02,-7.014794647693634033e-02,3.426478505134582520e-01,-7.910944223403930664e-01,-1.549965441226959229e-01,4.361240565776824951e-01,2.788144348477276657e-01,-9.564691936518864290e-01,-4.436649797567969733e-01,3.907783871598776715e-01
-6.783456355333328247e-02,-1.705985516309738159e-02,-2.737379260361194611e-02,-7.009820640087127686e-02,3.422540128231048584e-01,-7.906306982040405273e-01,-1.549722552299499512e-01,4.361214637756347656e-01,2.783333916143665987e-01,-9.560306149030908252e-01,-4.436332789322822712e-01,3.908290027697934321e-01
-6.782948225736618042e-02,-1.703416928648948669e-02,-2.732167765498161316e-02,-7.004839926958084106e-02,3.418603837490081787e-01,-7.901660203933715820e-01,-1.549482643604278564e-01,4.361189007759094238e-01,2.778524959433874009e-01,-9.555908945545862343e-01,-4.436016838029079312e-01,3.908797461124569050e-01
-6.782438606023788452e-02,-1.700852811336517334e-02,-2.726953104138374329e-02,-6.999855488538742065e-02,3.414668738842010498e-01,-7.897006273269653320e-01,-1.549245715141296387e-01,4.361164569854736328e-01,2.773717464443712921e-01,-9.551500547218925163e-01,-4.435701945070769092e-01,3.909306168019291428e-01
-6.781926006078720093e-02,-1.698295772075653076e-02,-2.721733972430229187e-02,-6.994868069887161255e-02,3.410737812519073486e-01,-7.892343997955322266e-01,-1.549013853073120117e-01,4.361142516136169434e-01,2.768911417341226588e-01,-9.547081174204816723e-01,-4.435388111767846753e-01,3.909816144533496685e-01
-6.781411916017532349e-02,-1.695744693279266357e-02,-2.716508880257606506e-02,-6.989871710538864136e-02,3.406806290149688721e-01,-7.887669205665588379e-01,-1.548785567283630371e-01,4.361120462417602539e-01,2.764106804364698800e-01,-9.542651045685124345e-01,-4.435075339378244386e-01,3.910327386829959284e-01
-6.780896335840225220e-02,-1.693198457360267639e-02,-2.711279876530170441e-02,-6.984876096248626709e-02,3.402879238128662109e-01,-7.882990837097167969e-01,-1.548561751842498779e-01,4.361102581024169922e-01,2.759303611820964619e-01,-9.538210379892895219e-01,-4.434763629098312787e-01,3.910839891083507935e-01
-6.780376285314559937e-02,-1.690659672021865845e-02,-2.706050872802734375e-02,-6.979872286319732666e-02,3.398953676223754883e-01,-7.878301739692687988e-01,-1.548339426517486572e-01,4.361081421375274658e-01,2.754501826083541327e-01,-9.533759394142166110e-01,-4.434452982063963877e-01,3.911353653481676185e-01
-6.779856234788894653e-02,-1.688124984502792358e-02,-2.700814232230186462e-02,-6.974866241216659546e-02,3.395029902458190918e-01,-7.873604297637939453e-01,-1.548122316598892212e-01,4.361065030097961426e-01,2.749701433590732158e-01,-9.529298304854753043e-01,-4.434143399351690995e-01,3.911868670225247535e-01
-6.779332458972930908e-02,-1.685596629977226257e-02,-2.695575729012489319e-02,-6.969855725765228271e-02,3.391108810901641846e-01,-7.868899703025817871e-01,-1.547908335924148560e-01,4.361048340797424316e-01,2.744902420843776114e-01,-9.524827327587029879e-01,-4.433834881979809572e-01,3.912384937528949336e-01
-6.778805702924728394e-02,-1.683073118329048157e-02,-2.690330892801284790e-02,-6.964840739965438843e-02,3.387188911437988281e-01,-7.864184379577636719e-01,-1.547698080539703369e-01,4.361033439636230469e-01,2.740104774405053289e-01,-9.520346677055633311e-01,-4.433527430909147138e-01,3.912902451622095046e-01
-6.778279691934585571e-02,-1.680557057261466980e-02,-2.685086242854595184e-02,-6.959821283817291260e-02,3.383271694183349609e-01,-7.859464883804321289e-01,-1.547490805387496948e-01,4.361019730567932129e-01,2.735308480896263550e-01,-9.515856567166984803e-01,-4.433221047044506591e-01,3.913421208749199298e-01
-6.777749955654144287e-02,-1.678044721484184265e-02,-2.679835632443428040e-02,-6.954800337553024292e-02,3.379357159137725830e-01,-7.854735851287841797e-01,-1.547287851572036743e-01,4.361007809638977051e-01,2.730513526996506402e-01,-9.511357211042975601e-01,-4.432915731235244072e-01,3.913941205170570758e-01
-6.777218729257583618e-02,-1.675537601113319397e-02,-2.674582414329051971e-02,-6.949775665998458862e-02,3.375444412231445312e-01,-7.850000858306884766e-01,-1.547087877988815308e-01,4.360996484756469727e-01,2.725719899440406380e-01,-9.506848821047220177e-01,-4.432611484276508529e-01,3.914462437163029884e-01
-6.776684522628784180e-02,-1.673036441206932068e-02,-2.669324725866317749e-02,-6.944748014211654663e-02,3.371534943580627441e-01,-7.845257520675659180e-01,-1.546892374753952026e-01,4.360988140106201172e-01,2.720927585016362782e-01,-9.502331608814570396e-01,-4.432308306910379692e-01,3.914984901020459596e-01
-6.776151061058044434e-02,-1.670540496706962585e-02,-2.664063125848770142e-02,-6.939712166786193848e-02,3.367624878883361816e-01,-7.840505838394165039e-01,-1.546698957681655884e-01,4.360979199409484863e-01,2.716136570564745556e-01,-9.497805785276273172e-01,-4.432006199826773463e-01,3.915508593054481401e-01
-6.775613874197006226e-02,-1.668048650026321411e-02,-2.658801712095737457e-02,-6.934677809476852417e-02,3.363718688488006592e-01,-7.835750579833984375e-01,-1.546508222818374634e-01,4.360971748828887939e-01,2.711346842975835281e-01,-9.493271560685654364e-01,-4.431705163664576008e-01,3.916033509595075457e-01
-6.775072962045669556e-02,-1.665561646223068237e-02,-2.653534151613712311e-02,-6.929636746644973755e-02,3.359813094139099121e-01,-7.830983400344848633e-01,-1.546321064233779907e-01,4.360964298248291016e-01,2.706558389188248315e-01,-9.488729144649835634e-01,-4.431405199012439788e-01,3.916559646991238930e-01
-6.774535030126571655e-02,-1.663079112768173218e-02,-2.648266404867172241e-02,-6.924594938755035400e-02,3.355909287929534912e-01,-7.826217412948608398e-01,-1.546135991811752319e-01,4.360958635807037354e-01,2.701771196186848467e-01,-9.484178746151051831e-01,-4.431106306410027007e-01,3.917087001611545549e-01
-6.773994863033294678e-02,-1.660605892539024353e-02,-2.642991207540035248e-02,-6.919547915458679199e-02,3.352010250091552734e-01,-7.821437716484069824e-01,-1.545957922935485840e-01,4.360957741737365723e-01,2.696985251001102757e-01,-9.479620573577816067e-01,-4.430808486349258613e-01,3.917615569844879464e-01
-6.773450225591659546e-02,-1.658130809664726257e-02,-2.637716010212898254e-02,-6.914499402046203613e-02,3.348109722137451172e-01,-7.816655635833740234e-01,-1.545778512954711914e-01,4.360954165458679199e-01,2.692200540703057476e-01,-9.475054834750618049e-01,-4.430511739274772265e-01,3.918145348100992575e-01
-6.772907078266143799e-02,-1.655663922429084778e-02,-2.632437646389007568e-02,-6.909446418285369873e-02,3.344212174415588379e-01,-7.811865806579589844e-01,-1.545603275299072266e-01,4.360952973365783691e-01,2.687417052405685625e-01,-9.470481736947604645e-01,-4.430216065585388940e-01,3.918676332811143470e-01
-6.772361695766448975e-02,-1.653200760483741760e-02,-2.627157047390937805e-02,-6.904391944408416748e-02,3.340317010879516602e-01,-7.807072401046752930e-01,-1.545431017875671387e-01,4.360952377319335938e-01,2.682634773260852423e-01,-9.465901486933576692e-01,-4.429921465635138778e-01,3.919208520428766884e-01
-6.771814823150634766e-02,-1.650741696357727051e-02,-2.621870115399360657e-02,-6.899333745241165161e-02,3.336423039436340332e-01,-7.802269458770751953e-01,-1.545262932777404785e-01,4.360955357551574707e-01,2.677853690457563385e-01,-9.461314290986758690e-01,-4.429627939733939979e-01,3.919741907430081551e-01
-6.771267205476760864e-02,-1.648287102580070496e-02,-2.616584487259387970e-02,-6.894274055957794189e-02,3.332531154155731201e-01,-7.797463536262512207e-01,-1.545095890760421753e-01,4.360957741737365723e-01,2.673073791220154094e-01,-9.456720354922867333e-01,-4.429335488149072075e-01,3.920276490314718587e-01
-6.770718097686767578e-02,-1.645838469266891479e-02,-2.611294947564601898e-02,-6.889209896326065063e-02,3.328641355037689209e-01,-7.792651057243347168e-01,-1.544932574033737183e-01,4.360961318016052246e-01,2.668295062806348428e-01,-9.452119884126265470e-01,-4.429044111105971404e-01,3.920812265606365976e-01
-6.770168989896774292e-02,-1.643390581011772156e-02,-2.606001310050487518e-02,-6.884144246578216553e-02,3.324751555919647217e-01,-7.787833213806152344e-01,-1.544771343469619751e-01,4.360967278480529785e-01,2.663517492505539375e-01,-9.447513083574565762e-01,-4.428753808789477331e-01,3.921349229853395291e-01
-6.769616156816482544e-02,-1.640947908163070679e-02,-2.600707300007343292e-02,-6.879075616598129272e-02,3.320863842964172363e-01,-7.783010005950927734e-01,-1.544612199068069458e-01,4.360971450805664062e-01,2.658741067636768429e-01,-9.442900157864875244e-01,-4.428464581344285778e-01,3.921887379629502290e-01
-6.769064813852310181e-02,-1.638511940836906433e-02,-2.595410123467445374e-02,-6.874004006385803223e-02,3.316979408264160156e-01,-7.778182029724121094e-01,-1.544457376003265381e-01,4.360979199409484863e-01,2.653965775547081352e-01,-9.438281311243315042e-01,-4.428176428876878234e-01,3.922426711534320876e-01
-6.768511235713958740e-02,-1.636077091097831726e-02,-2.590110339224338531e-02,-6.868930906057357788e-02,3.313094973564147949e-01,-7.773349285125732422e-01,-1.544303297996520996e-01,4.360987544059753418e-01,2.649191603609477030e-01,-9.433656747628529349e-01,-4.427889351455861489e-01,3.922967222194082004e-01
-6.767956912517547607e-02,-1.633646711707115173e-02,-2.584809996187686920e-02,-6.863854825496673584e-02,3.309212625026702881e-01,-7.768512964248657227e-01,-1.544151604175567627e-01,4.360996186733245850e-01,2.644418539221318754e-01,-9.429026670642298713e-01,-4.427603349112985698e-01,3.923508908262203776e-01
-6.767402589321136475e-02,-1.631220430135726929e-02,-2.579505555331707001e-02,-6.858777254819869995e-02,3.305332362651824951e-01,-7.763670682907104492e-01,-1.544003337621688843e-01,4.361007213592529297e-01,2.639646569802161502e-01,-9.424391283633603011e-01,-4.427318421844963492e-01,3.924051766419967002e-01
-6.766846776008605957e-02,-1.628798991441726685e-02,-2.574198879301548004e-02,-6.853697448968887329e-02,3.301454484462738037e-01,-7.758822441101074219e-01,-1.543858051300048828e-01,4.361020028591156006e-01,2.634875682792254814e-01,-9.419750789705946259e-01,-4.427034569613352288e-01,3.924595793377134711e-01
-6.766290962696075439e-02,-1.626379415392875671e-02,-2.568891644477844238e-02,-6.848615407943725586e-02,3.297576308250427246e-01,-7.753973007202148438e-01,-1.543713212013244629e-01,4.361032247543334961e-01,2.630105865650381736e-01,-9.415105391745790531e-01,-4.426751792346597103e-01,3.925140985872590527e-01
-6.765732914209365845e-02,-1.623963192105293274e-02,-2.563579194247722626e-02,-6.843532621860504150e-02,3.293700516223907471e-01,-7.749116420745849609e-01,-1.543572843074798584e-01,4.361046552658081055e-01,2.625337105852222352e-01,-9.410455292448250963e-01,-4.426470089940486297e-01,3.925687340674927084e-01
-6.765177100896835327e-02,-1.621552556753158569e-02,-2.558267675340175629e-02,-6.838446110486984253e-02,3.289826810359954834e-01,-7.744257450103759766e-01,-1.543433666229248047e-01,4.361062347888946533e-01,2.620569390888438099e-01,-9.405800694343338098e-01,-4.426189462259393914e-01,3.926234854583129374e-01
-6.764619052410125732e-02,-1.619144529104232788e-02,-2.552955038845539093e-02,-6.833359599113464355e-02,3.285954296588897705e-01,-7.739394903182983398e-01,-1.543296277523040771e-01,4.361078143119812012e-01,2.615802708262873755e-01,-9.401141799823843348e-01,-4.425909909137192288e-01,3.926783524427209793e-01
-6.764061003923416138e-02,-1.616738736629486084e-02,-2.547637000679969788e-02,-6.828270107507705688e-02,3.282082378864288330e-01,-7.734527587890625000e-01,-1.543162018060684204e-01,4.361097216606140137e-01,2.611037045490577357e-01,-9.396478811172115364e-01,-4.425631430378608178e-01,3.927333347068819314e-01
-6.763503700494766235e-02,-1.614335924386978149e-02,-2.542321570217609406e-02,-6.823178380727767944e-02,3.278211355209350586e-01,-7.729659080505371094e-01,-1.543027162551879883e-01,4.361113905906677246e-01,2.606272390096122105e-01,-9.391811930586861923e-01,-4.425354025759794530e-01,3.927884319401823143e-01
-6.762944906949996948e-02,-1.611938327550888062e-02,-2.537002414464950562e-02,-6.818088144063949585e-02,3.274344503879547119e-01,-7.724785804748535156e-01,-1.542897224426269531e-01,4.361134767532348633e-01,2.601508729611627935e-01,-9.387141360209385610e-01,-4.425077695029572822e-01,3.928436438353082316e-01
-6.762386113405227661e-02,-1.609541475772857666e-02,-2.531680837273597717e-02,-6.812993437051773071e-02,3.270476460456848145e-01,-7.719908952713012695e-01,-1.542767882347106934e-01,4.361155629158020020e-01,2.596746051575023473e-01,-9.382467302150920840e-01,-4.424802437910457242e-01,3.928989700882909997e-01
-6.761825084686279297e-02,-1.607148349285125732e-02,-2.526359073817729950e-02,-6.807899475097656250e-02,3.266610801219940186e-01,-7.715029120445251465e-01,-1.542640626430511475e-01,4.361176788806915283e-01,2.591984343528116463e-01,-9.377789958519419100e-01,-4.424528254100014713e-01,3.929544103985863068e-01
-6.761267781257629395e-02,-1.604759693145751953e-02,-2.521037124097347260e-02,-6.802802532911300659e-02,3.262746334075927734e-01,-7.710148096084594727e-01,-1.542514860630035400e-01,4.361199140548706055e-01,2.587223593014831291e-01,-9.373109531446345288e-01,-4.424255143271203505e-01,3.930099644691249505e-01
-6.760708987712860107e-02,-1.602372527122497559e-02,-2.515711449086666107e-02,-6.797704845666885376e-02,3.258883059024810791e-01,-7.705261707305908203e-01,-1.542391777038574219e-01,4.361224174499511719e-01,2.582463787579218351e-01,-9.368426223112907847e-01,-4.423983105073963640e-01,3.930656320063830589e-01
-6.760148704051971436e-02,-1.599987223744392395e-02,-2.510382980108261108e-02,-6.792607158422470093e-02,3.255020976066589355e-01,-7.700372934341430664e-01,-1.542270481586456299e-01,4.361249804496765137e-01,2.577704914763787603e-01,-9.363740235777407994e-01,-4.423712139136233290e-01,3.931214127204421538e-01
-6.759589910507202148e-02,-1.597606390714645386e-02,-2.505057118833065033e-02,-6.787507981061935425e-02,3.251160979270935059e-01,-7.695482969284057617e-01,-1.542150229215621948e-01,4.361276030540466309e-01,2.572946962107554580e-01,-9.359051771802561204e-01,-4.423442245064635459e-01,3.931773063250564304e-01
-6.759031116962432861e-02,-1.595226675271987915e-02,-2.499728836119174957e-02,-6.782406568527221680e-02,3.247300684452056885e-01,-7.690591216087341309e-01,-1.542030870914459229e-01,4.361302256584167480e-01,2.568189917144178547e-01,-9.354361033680110848e-01,-4.423173422445718095e-01,3.932333125377101557e-01
-6.758471578359603882e-02,-1.592849195003509521e-02,-2.494396269321441650e-02,-6.777305155992507935e-02,3.243442177772521973e-01,-7.685694694519042969e-01,-1.541914939880371094e-01,4.361331462860107422e-01,2.563433767400250529e-01,-9.349668224060888599e-01,-4.422905670847093185e-01,3.932894310796867798e-01
-6.757914274930953979e-02,-1.590476185083389282e-02,-2.489067800343036652e-02,-6.772203743457794189e-02,3.239585757255554199e-01,-7.680799365043640137e-01,-1.541799306869506836e-01,4.361360669136047363e-01,2.558678500393216093e-01,-9.344973545778327839e-01,-4.422638989818228894e-01,3.933456616761263347e-01
-6.757353991270065308e-02,-1.588102057576179504e-02,-2.483734674751758575e-02,-6.767100095748901367e-02,3.235728144645690918e-01,-7.675899267196655273e-01,-1.541684418916702271e-01,4.361389875411987305e-01,2.553924103629823805e-01,-9.340277201877432711e-01,-4.422373378891696905e-01,3.934020040560950449e-01
-6.756797432899475098e-02,-1.585732772946357727e-02,-2.478402853012084961e-02,-6.761997938156127930e-02,3.231874406337738037e-01,-7.671000361442565918e-01,-1.541572213172912598e-01,4.361422061920166016e-01,2.549170564603945865e-01,-9.335579395639940214e-01,-4.422108837584193264e-01,3.934584579526413939e-01
-6.756240129470825195e-02,-1.583366468548774719e-02,-2.473069168627262115e-02,-6.756893545389175415e-02,3.228021264076232910e-01,-7.666098475456237793e-01,-1.541461795568466187e-01,4.361454844474792480e-01,2.544417870795055436e-01,-9.330880330612182361e-01,-4.421845365397332195e-01,3.935150231028675671e-01
-6.755683571100234985e-02,-1.580999791622161865e-02,-2.467735297977924347e-02,-6.751786917448043823e-02,3.224166631698608398e-01,-7.661194801330566406e-01,-1.541350483894348145e-01,4.361486732959747314e-01,2.539666009666184388e-01,-9.326180210631349610e-01,-4.421582961818892876e-01,3.935716992479843523e-01
-6.755127012729644775e-02,-1.578637585043907166e-02,-2.462399005889892578e-02,-6.746683269739151001e-02,3.220316469669342041e-01,-7.656289339065551758e-01,-1.541243493556976318e-01,4.361522793769836426e-01,2.534914968662070889e-01,-9.321479239851709897e-01,-4.421321626323953535e-01,3.936284861333821938e-01
-6.754571199417114258e-02,-1.576276868581771851e-02,-2.457064576447010040e-02,-6.741578131914138794e-02,3.216466009616851807e-01,-7.651383876800537109e-01,-1.541135758161544800e-01,4.361557066440582275e-01,2.530164735207459659e-01,-9.316777622773062539e-01,-4.421061358375573125e-01,3.936853835086863151e-01
-6.754016131162643433e-02,-1.573916152119636536e-02,-2.451728843152523041e-02,-6.736472994089126587e-02,3.212615847587585449e-01,-7.646478414535522461e-01,-1.541029214859008789e-01,4.361593127250671387e-01,2.525415296705065260e-01,-9.312075564264220562e-01,-4.420802157426150791e-01,3.937423911278286615e-01
-6.753450632095336914e-02,-1.571572199463844299e-02,-2.446378767490386963e-02,-6.731354445219039917e-02,3.208772242069244385e-01,-7.641543149948120117e-01,-1.540933996438980103e-01,4.361633062362670898e-01,2.520668879451161137e-01,-9.307333887230581082e-01,-4.420544143455182873e-01,3.937994475388003068e-01
-6.752879172563552856e-02,-1.569237187504768372e-02,-2.441024594008922577e-02,-6.726227700710296631e-02,3.204931318759918213e-01,-7.636594176292419434e-01,-1.540843546390533447e-01,4.361672103404998779e-01,2.515924045604523984e-01,-9.302577871152557520e-01,-4.420287239165771598e-01,3.938565914692740977e-01
-6.752308458089828491e-02,-1.566902920603752136e-02,-2.435668744146823883e-02,-6.721099466085433960e-02,3.201090395450592041e-01,-7.631644010543823242e-01,-1.540753543376922607e-01,4.361711144447326660e-01,2.511180184669201121e-01,-9.297818238929088652e-01,-4.420031411798586718e-01,3.939138390307556081e-01
-6.751736253499984741e-02,-1.564570888876914978e-02,-2.430311217904090881e-02,-6.715972721576690674e-02,3.197251856327056885e-01,-7.626692056655883789e-01,-1.540665924549102783e-01,4.361753463745117188e-01,2.506437291771323461e-01,-9.293055060066751638e-01,-4.419776661194757539e-01,3.939711897811172259e-01
-6.751164793968200684e-02,-1.562244445085525513e-02,-2.424951270222663879e-02,-6.710842996835708618e-02,3.193415403366088867e-01,-7.621734142303466797e-01,-1.540581881999969482e-01,4.361796975135803223e-01,2.501695362161963643e-01,-9.288288401858508792e-01,-4.419522987197567199e-01,3.940286432785922721e-01
-6.750594079494476318e-02,-1.559920236468315125e-02,-2.419590577483177185e-02,-6.705711781978607178e-02,3.189579546451568604e-01,-7.616774439811706543e-01,-1.540498733520507812e-01,4.361841380596160889e-01,2.496954391216664459e-01,-9.283518329390264556e-01,-4.419270389654721964e-01,3.940861990818007587e-01
-6.750021129846572876e-02,-1.557599008083343506e-02,-2.414228953421115875e-02,-6.700579822063446045e-02,3.185745775699615479e-01,-7.611811161041259766e-01,-1.540417373180389404e-01,4.361885786056518555e-01,2.492214374434976176e-01,-9.278744905540877719e-01,-4.419018868418690404e-01,3.941438567497698164e-01
-6.749448180198669434e-02,-1.555278524756431580e-02,-2.408866956830024719e-02,-6.695446372032165527e-02,3.181911706924438477e-01,-7.606846690177917480e-01,-1.540336012840270996e-01,4.361929893493652344e-01,2.487475307439923622e-01,-9.273968190986526805e-01,-4.418768423347950725e-01,3.942016158419690552e-01
-6.748875975608825684e-02,-1.552963256835937500e-02,-2.403499744832515717e-02,-6.690311431884765625e-02,3.178080022335052490e-01,-7.601876258850097656e-01,-1.540259569883346558e-01,4.361978769302368164e-01,2.482737185977565431e-01,-9.269188244206172378e-01,-4.418519054308466254e-01,3.942594759183213893e-01
-6.748303025960922241e-02,-1.550649106502532959e-02,-2.398133464157581329e-02,-6.685175746679306030e-02,3.174248933792114258e-01,-7.596905231475830078e-01,-1.540183126926422119e-01,4.362026154994964600e-01,2.478000005916606852e-01,-9.264405121479932781e-01,-4.418270761174252215e-01,3.943174365392461134e-01
-6.747730821371078491e-02,-1.548339426517486572e-02,-2.392767742276191711e-02,-6.680040806531906128e-02,3.170421123504638672e-01,-7.591933012008666992e-01,-1.540108770132064819e-01,4.362075328826904297e-01,2.473263763247814384e-01,-9.259618876895626682e-01,-4.418023543828847322e-01,3.943754972656710600e-01
-6.747157871723175049e-02,-1.546032354235649109e-02,-2.387397177517414093e-02,-6.674902886152267456e-02,3.166593909263610840e-01,-7.586954832077026367e-01,-1.540037393569946289e-01,4.362126588821411133e-01,2.468528454083613044e-01,-9.254829562351520877e-01,-4.417777402166337963e-01,3.944336576590681265e-01
-6.746584922075271606e-02,-1.543726027011871338e-02,-2.382027357816696167e-02,-6.669763475656509399e-02,3.162766098976135254e-01,-7.581976056098937988e-01,-1.539965569972991943e-01,4.362176656723022461e-01,2.463794074657561783e-01,-9.250037227558506325e-01,-4.417532336092603318e-01,3.944919172814691510e-01
-6.746008992195129395e-02,-1.541423052549362183e-02,-2.376655861735343933e-02,-6.664623320102691650e-02,3.158940970897674561e-01,-7.576992511749267578e-01,-1.539896130561828613e-01,4.362227916717529297e-01,2.459060621324032636e-01,-9.245241920043931749e-01,-4.417288345525996474e-01,3.945502756955041046e-01
-6.745436042547225952e-02,-1.539122685790061951e-02,-2.371281944215297699e-02,-6.659481674432754517e-02,3.155116140842437744e-01,-7.572007179260253906e-01,-1.539828926324844360e-01,4.362280964851379395e-01,2.454328090557498232e-01,-9.240443685153788556e-01,-4.417045430398818806e-01,3.946087324644118599e-01
-6.744862347841262817e-02,-1.536826416850090027e-02,-2.365908212959766388e-02,-6.654340773820877075e-02,3.151294589042663574e-01,-7.567019462585449219e-01,-1.539763957262039185e-01,4.362335801124572754e-01,2.449596478952276168e-01,-9.235642566057631342e-01,-4.416803590658453516e-01,3.946672871520811032e-01
-6.744288653135299683e-02,-1.534532755613327026e-02,-2.360531501471996307e-02,-6.649195402860641479e-02,3.147472739219665527e-01,-7.562028169631958008e-01,-1.539700180292129517e-01,4.362391233444213867e-01,2.444865783221985001e-01,-9.230838603749669247e-01,-4.416562826268158881e-01,3.947259393230636015e-01
-6.743713468313217163e-02,-1.532240211963653564e-02,-2.355155162513256073e-02,-6.644053012132644653e-02,3.143653273582458496e-01,-7.557035684585571289e-01,-1.539638042449951172e-01,4.362446963787078857e-01,2.440136000199094324e-01,-9.226031837052599549e-01,-4.416323137208657545e-01,3.947846885426079533e-01
-6.743139028549194336e-02,-1.529950648546218872e-02,-2.349777892231941223e-02,-6.638908386230468750e-02,3.139834105968475342e-01,-7.552040219306945801e-01,-1.539576947689056396e-01,4.362503886222839355e-01,2.435407126834374936e-01,-9.221222302621422395e-01,-4.416084523478703283e-01,3.948435343766858452e-01
-6.742564588785171509e-02,-1.527665555477142334e-02,-2.344399504363536835e-02,-6.633761525154113770e-02,3.136017024517059326e-01,-7.547042369842529297e-01,-1.539518386125564575e-01,4.362561702728271484e-01,2.430679160196550503e-01,-9.216410034945643481e-01,-4.415846985096437138e-01,3.949024763920087056e-01
-6.741990894079208374e-02,-1.525380462408065796e-02,-2.339018695056438446e-02,-6.628614664077758789e-02,3.132200241088867188e-01,-7.542042732238769531e-01,-1.539460718631744385e-01,4.362620413303375244e-01,2.425952097471754942e-01,-9.211595066353085448e-01,-4.415610522100757440e-01,3.949615141560642306e-01
-6.741415709257125854e-02,-1.523099094629287720e-02,-2.333635836839675903e-02,-6.623467803001403809e-02,3.128385543823242188e-01,-7.537038922309875488e-01,-1.539406180381774902e-01,4.362682104110717773e-01,2.421225935963090548e-01,-9.206777427011536563e-01,-4.415375134551990377e-01,3.950206472371347033e-01
-6.740839034318923950e-02,-1.520819962024688721e-02,-2.328254468739032745e-02,-6.618318706750869751e-02,3.124572038650512695e-01,-7.532033324241638184e-01,-1.539351046085357666e-01,4.362741708755493164e-01,2.416500673090155316e-01,-9.201957144934769239e-01,-4.415140822533031306e-01,3.950798752043284123e-01
-6.740265339612960815e-02,-1.518543064594268799e-02,-2.322870679199695587e-02,-6.613169610500335693e-02,3.120759427547454834e-01,-7.527027130126953125e-01,-1.539298892021179199e-01,4.362804293632507324e-01,2.411776306388555835e-01,-9.197134245981432032e-01,-4.414907586151041174e-01,3.951391976275994145e-01
-6.739690899848937988e-02,-1.516269892454147339e-02,-2.317484095692634583e-02,-6.608017534017562866e-02,3.116947710514068604e-01,-7.522014379501342773e-01,-1.539248824119567871e-01,4.362867772579193115e-01,2.407052833509475409e-01,-9.192308753862716841e-01,-4.414675425537675779e-01,3.951986140777807299e-01
-6.739117950201034546e-02,-1.513998210430145264e-02,-2.312099188566207886e-02,-6.602866202592849731e-02,3.113137483596801758e-01,-7.517004609107971191e-01,-1.539198756217956543e-01,4.362931549549102783e-01,2.402330252219191387e-01,-9.187480690141258677e-01,-4.414444340850785520e-01,3.952581241265992196e-01
-6.738542765378952026e-02,-1.511729881167411804e-02,-2.306710183620452881e-02,-6.597713381052017212e-02,3.109328746795654297e-01,-7.511988282203674316e-01,-1.539152264595031738e-01,4.362996816635131836e-01,2.397608560398593325e-01,-9.182650074237150850e-01,-4.414214332275437358e-01,3.953177273467181618e-01
-6.737966090440750122e-02,-1.509462669491767883e-02,-2.301321923732757568e-02,-6.592561304569244385e-02,3.105521500110626221e-01,-7.506970763206481934e-01,-1.539106369018554688e-01,4.363062977790832520e-01,2.392887756042746117e-01,-9.177816923430135443e-01,-4.413985400024932337e-01,3.953774233117417491e-01
-6.737390160560607910e-02,-1.507198065519332886e-02,-2.295930497348308563e-02,-6.587406247854232788e-02,3.101713955402374268e-01,-7.501949667930603027e-01,-1.539062261581420898e-01,4.363129734992980957e-01,2.388167837260354587e-01,-9.172981252861784895e-01,-4.413757544341944117e-01,3.954372115962593859e-01
-6.736817210912704468e-02,-1.504936814308166504e-02,-2.290541306138038635e-02,-6.582253426313400269e-02,3.097909986972808838e-01,-7.496930360794067383e-01,-1.539019346237182617e-01,4.363198876380920410e-01,2.383448802273421263e-01,-9.168143075539872955e-01,-4.413530765499535380e-01,3.954970917758638405e-01
-6.736239790916442871e-02,-1.502677425742149353e-02,-2.285149320960044861e-02,-6.577097624540328979e-02,3.094105720520019531e-01,-7.491905093193054199e-01,-1.538978219032287598e-01,4.363266825675964355e-01,2.378730649416649356e-01,-9.163302402340575137e-01,-4.413305063802295258e-01,3.955570634271737274e-01
-6.735665351152420044e-02,-1.500421017408370972e-02,-2.279756031930446625e-02,-6.571941077709197998e-02,3.090303242206573486e-01,-7.486878633499145508e-01,-1.538938879966735840e-01,4.363337457180023193e-01,2.374013377137005887e-01,-9.158459242012828572e-01,-4.413080439587809822e-01,3.956171261278667028e-01
-6.735090911388397217e-02,-1.498166099190711975e-02,-2.274361439049243927e-02,-6.566783785820007324e-02,3.086501061916351318e-01,-7.481850385665893555e-01,-1.538900434970855713e-01,4.363408684730529785e-01,2.369296983993382510e-01,-9.153613601178887116e-01,-4.412856893227119492e-01,3.956772794566966178e-01
-6.734514236450195312e-02,-1.495915651321411133e-02,-2.268965914845466614e-02,-6.561625748872756958e-02,3.082702159881591797e-01,-7.476818561553955078e-01,-1.538864970207214355e-01,4.363480806350708008e-01,2.364581468655898022e-01,-9.148765484340869447e-01,-4.412634425126303328e-01,3.957375229935313210e-01
-6.733939051628112793e-02,-1.493665203452110291e-02,-2.263569273054599762e-02,-6.556466966867446899e-02,3.078902363777160645e-01,-7.471785545349121094e-01,-1.538829803466796875e-01,4.363553524017333984e-01,2.359866829905635233e-01,-9.143914893879137029e-01,-4.412413035727502653e-01,3.957978563193653709e-01
-6.733362376689910889e-02,-1.491419598460197449e-02,-2.258172258734703064e-02,-6.551307439804077148e-02,3.075105547904968262e-01,-7.466749548912048340e-01,-1.538797169923782349e-01,4.363626837730407715e-01,2.355153066634083359e-01,-9.139061830060483116e-01,-4.412192725509938018e-01,3.958582790163520104e-01
-6.732787191867828369e-02,-1.489175483584403992e-02,-2.252773568034172058e-02,-6.546146422624588013e-02,3.071308732032775879e-01,-7.461711168289184570e-01,-1.538765430450439453e-01,4.363701939582824707e-01,2.350440177842646472e-01,-9.134206291038134973e-01,-4.411973494990934497e-01,3.959187906678317548e-01
-6.732209771871566772e-02,-1.486933231353759766e-02,-2.247372455894947052e-02,-6.540986150503158569e-02,3.067514002323150635e-01,-7.456669211387634277e-01,-1.538736224174499512e-01,4.363778233528137207e-01,2.345728162642269077e-01,-9.129348272855031254e-01,-4.411755344727390504e-01,3.959793908583544852e-01
-6.731636077165603638e-02,-1.484690979123115540e-02,-2.241971902549266815e-02,-6.535826623439788818e-02,3.063718974590301514e-01,-7.451630830764770508e-01,-1.538707017898559570e-01,4.363856017589569092e-01,2.341017020252850189e-01,-9.124487769447655605e-01,-4.411538275316462254e-01,3.960400791737029302e-01
-6.731059402227401733e-02,-1.482455059885978699e-02,-2.236569300293922424e-02,-6.530661135911941528e-02,3.059926331043243408e-01,-7.446583509445190430e-01,-1.538680195808410645e-01,4.363933205604553223e-01,2.336306750002906107e-01,-9.119624772648220468e-01,-4.411322287396923780e-01,3.961008552009231964e-01
-6.730482727289199829e-02,-1.480219885706901550e-02,-2.231167443096637726e-02,-6.525497138500213623e-02,3.056133985519409180e-01,-7.441536784172058105e-01,-1.538654118776321411e-01,4.364010691642761230e-01,2.331597351328973666e-01,-9.114759272189036921e-01,-4.411107381650185011e-01,3.961617185283513587e-01
-6.729906797409057617e-02,-1.477989181876182556e-02,-2.225762233138084412e-02,-6.520334631204605103e-02,3.052345812320709229e-01,-7.436486482620239258e-01,-1.538632065057754517e-01,4.364092350006103516e-01,2.326888823775262183e-01,-9.109891255703612689e-01,-4.410893558801430303e-01,3.962226687456326113e-01
-6.729906797409057617e-02,-1.477989181876182556e-02,-2.225762233138084412e-02,-6.520334631204605103e-02,3.052345812320709229e-01,-7.436486482620239258e-01,-1.538632065057754517e-01,4.364092350006103516e-01,2.326888822268675383e-01,-9.109891254145501271e-01,-4.410893558733164355e-01,3.962226687651501655e-01
-6.729906797409057617e-02,-1.477989181876182556e-02,-2.225762233138084412e-02,-6.520334631204605103e-02,3.052345812320709229e-01,-7.436486482620239258e-01,-1.538632065057754517e-01,4.364092350006103516e-01,2.326888822268675383e-01,-9.109891254145501271e-01,-4.410893558733164355e-01,3.962226687651501655e-01
-6.602785736322402954e-02,-1.692262291908264160e-02,-2.029329910874366760e-02,-6.385094672441482544e-02,3.151499629020690918e-01,-7.072279453277587891e-01,-1.707830876111984253e-01,4.438744485378265381e-01,2.351053576927980837e-01,-8.566822251753379858e-01,-4.513121176984510319e-01,3.962622003468792009e-01
-6.456981599330902100e-02,-1.885516196489334106e-02,-1.837163977324962616e-02,-6.230227649211883545e-02,3.230062127113342285e-01,-6.702895164489746094e-01,-1.857999563217163086e-01,4.489507377147674561e-01,2.374134342262192443e-01,-8.041251590425025908e-01,-4.580841510700073838e-01,3.962684090818122673e-01
-6.297681480646133423e-02,-2.061272412538528442e-02,-1.648853346705436707e-02,-6.063092499971389771e-02,3.293085992336273193e-01,-6.332122087478637695e-01,-1.993399560451507568e-01,4.522779583930969238e-01,2.396248177695601000e-01,-7.532158581605546965e-01,-4.624428731327744901e-01,3.962520153202035988e-01
-6.128823012113571167e-02,-2.222232148051261902e-02,-1.464105583727359772e-02,-5.888981372117996216e-02,3.344280123710632324e-01,-5.962737798690795898e-01,-2.117171883583068848e-01,4.543267488479614258e-01,2.417484062369786024e-01,-7.038702966253054250e-01,-4.651307646506751547e-01,3.962206822179203392e-01
-5.953951925039291382e-02,-2.370817959308624268e-02,-1.282572932541370392e-02,-5.712628364562988281e-02,3.386945724487304688e-01,-5.597193837165832520e-01,-2.232153266668319702e-01,4.555225968360900879e-01,2.437926710632841720e-01,-6.560020120644745045e-01,-4.668071578297285362e-01,3.961812043738250910e-01
-5.775063484907150269e-02,-2.508521825075149536e-02,-1.104124076664447784e-02,-5.536359548568725586e-02,3.422878384590148926e-01,-5.236731767654418945e-01,-2.339881360530853271e-01,4.560896158218383789e-01,2.457626906534461919e-01,-6.095499543431157630e-01,-4.678043998263113346e-01,3.961369915323597057e-01
-5.593366175889968872e-02,-2.636354044079780579e-02,-9.287480264902114868e-03,-5.361320823431015015e-02,3.453120589256286621e-01,-4.882006347179412842e-01,-2.441237568855285645e-01,4.561504721641540527e-01,2.476617572873588413e-01,-5.644681072927336674e-01,-4.682938371539704936e-01,3.960897885773531635e-01
-5.410017818212509155e-02,-2.755325287580490112e-02,-7.563395425677299500e-03,-5.188680067658424377e-02,3.478727638721466064e-01,-4.533585906028747559e-01,-2.537149488925933838e-01,4.558325409889221191e-01,2.494937487993994785e-01,-5.206988927980454873e-01,-4.684530662243979737e-01,3.960413947152465197e-01
-5.225814133882522583e-02,-2.866110578179359436e-02,-5.869496613740921021e-03,-5.019008368253707886e-02,3.500308394432067871e-01,-4.191871285438537598e-01,-2.628120183944702148e-01,4.552051424980163574e-01,2.512605969120781935e-01,-4.782135170765567378e-01,-4.683692649167513489e-01,3.959926926317918205e-01
-5.041420459747314453e-02,-2.969387546181678772e-02,-4.205491393804550171e-03,-4.852783679962158203e-02,3.518447875976562500e-01,-3.857094049453735352e-01,-2.714663743972778320e-01,4.543336331844329834e-01,2.529648761685331371e-01,-4.369685164888138518e-01,-4.681236867225873066e-01,3.959444893973071977e-01
-4.857344180345535278e-02,-3.065675497055053711e-02,-2.571720629930496216e-03,-4.690238460898399353e-02,3.533535599708557129e-01,-3.529419302940368652e-01,-2.797108590602874756e-01,4.532585144042968750e-01,2.546082605306543845e-01,-3.969342994341518160e-01,-4.677595884486938638e-01,3.958972085278322783e-01
-4.674057662487030029e-02,-3.155469894409179688e-02,-9.683612734079360962e-04,-4.531594738364219666e-02,3.545943498611450195e-01,-3.208986520767211914e-01,-2.875774800777435303e-01,4.520190954208374023e-01,2.561924746569670952e-01,-3.580800727662000749e-01,-4.673192649108342533e-01,3.958512622581617513e-01
-4.491915553808212280e-02,-3.239286690950393677e-02,6.054267287254333496e-04,-4.377006739377975464e-02,3.556040525436401367e-01,-2.895759940147399902e-01,-2.951021194458007812e-01,4.506540894508361816e-01,2.577201585441443732e-01,-3.203554438254526127e-01,-4.668452809285508764e-01,3.958070465219494793e-01
-4.311279207468032837e-02,-3.317560255527496338e-02,2.149783074855804443e-03,-4.226621240377426147e-02,3.564136028289794922e-01,-2.589792013168334961e-01,-3.023126125335693359e-01,4.491955339908599854e-01,2.591931263014701781e-01,-2.837265849629634906e-01,-4.663719312316812471e-01,3.957648868174045154e-01
-4.132235050201416016e-02,-3.390561044216156006e-02,3.664232790470123291e-03,-4.080160707235336304e-02,3.570280075073242188e-01,-2.290930747985839844e-01,-3.092134892940521240e-01,4.476389884948730469e-01,2.606124228586209624e-01,-2.481678944796323616e-01,-4.658758534141378971e-01,3.957245130888271123e-01
-3.955060243606567383e-02,-3.458684682846069336e-02,5.149284377694129944e-03,-3.937731683254241943e-02,3.574748337268829346e-01,-1.999155580997467041e-01,-3.158311843872070312e-01,4.460129141807556152e-01,2.619799781982768416e-01,-2.136424587326968827e-01,-4.653872291439681286e-01,3.956862047731095622e-01
-3.779895603656768799e-02,-3.522212058305740356e-02,6.604820489883422852e-03,-3.799209743738174438e-02,3.577656149864196777e-01,-1.714373677968978882e-01,-3.221765756607055664e-01,4.443239271640777588e-01,2.632970406130377139e-01,-1.801233773987480635e-01,-4.649029183389267184e-01,3.956499004753135651e-01
-3.606873750686645508e-02,-3.581421077251434326e-02,8.030926808714866638e-03,-3.664495795965194702e-02,3.579127788543701172e-01,-1.436483561992645264e-01,-3.282620608806610107e-01,4.425804615020751953e-01,2.645649397056906160e-01,-1.475824633174893374e-01,-4.644232573935367925e-01,3.956155742693444610e-01
-3.436132520437240601e-02,-3.636597841978073120e-02,9.427925571799278259e-03,-3.533541411161422729e-02,3.579316139221191406e-01,-1.165387406945228577e-01,-3.341030478477478027e-01,4.407952427864074707e-01,2.657852028202520867e-01,-1.159883832617017579e-01,-4.639567749264531527e-01,3.955832836939202068e-01
-3.267724066972732544e-02,-3.687961399555206299e-02,1.079577766358852386e-02,-3.406159579753875732e-02,3.578278422355651855e-01,-9.009376168251037598e-02,-3.397057354450225830e-01,4.389676749706268311e-01,2.669589206369588075e-01,-8.531642340213631270e-02,-4.634916479463390138e-01,3.955528777998384982e-01
-3.101744502782821655e-02,-3.735758364200592041e-02,1.213494502007961273e-02,-3.282287716865539551e-02,3.576138019561767578e-01,-6.430143862962722778e-02,-3.450836837291717529e-01,4.371079802513122559e-01,2.680875540683899105e-01,-5.553631189801643692e-02,-4.630338268863782858e-01,3.955243879349139013e-01
-2.938275784254074097e-02,-3.780203312635421753e-02,1.344550214707851410e-02,-3.161828219890594482e-02,3.572984337806701660e-01,-3.915160149335861206e-02,-3.502458930015563965e-01,4.352211952209472656e-01,2.691721981838576250e-01,-2.662482871410762342e-02,-4.625818147344548104e-01,3.954977714595367955e-01
-2.777383476495742798e-02,-3.821496665477752686e-02,1.472762599587440491e-02,-3.044678270816802979e-02,3.568897843360900879e-01,-1.463296264410018921e-02,-3.552008569240570068e-01,4.333117008209228516e-01,2.702139625585113780e-01,1.441561068625762899e-03,-4.621342350787034370e-01,3.954729868320497332e-01
-2.619108557701110840e-02,-3.859836608171463013e-02,1.598174124956130981e-02,-2.930743992328643799e-02,3.563962578773498535e-01,9.268559515476226807e-03,-3.599585890769958496e-01,4.313848614692687988e-01,2.712141135602146313e-01,2.868965790782701183e-02,-4.616913835730292459e-01,3.954500082278473716e-01
-2.463542670011520386e-02,-3.895394504070281982e-02,1.720787584781646729e-02,-2.819970995187759399e-02,3.558256030082702637e-01,3.255848586559295654e-02,-3.645266294479370117e-01,4.294464588165283203e-01,2.721735056716426682e-01,5.513683509514304831e-02,-4.612544559294036728e-01,3.954288235102241256e-01
-2.310704067349433899e-02,-3.928347676992416382e-02,1.840648986399173737e-02,-2.712254971265792847e-02,3.551847934722900391e-01,5.525197088718414307e-02,-3.689137697219848633e-01,4.275001585483551025e-01,2.730933567538096907e-01,8.080894158079116041e-02,-4.608229624164987825e-01,3.954093992030613958e-01
-2.160617336630821228e-02,-3.958861529827117920e-02,1.957797072827816010e-02,-2.607511729001998901e-02,3.544807136058807373e-01,7.736176252365112305e-02,-3.731280863285064697e-01,4.255500733852386475e-01,2.739747763868374264e-01,1.057293085733485155e-01,-4.603969146191321804e-01,3.953917081774105391e-01
-2.013294398784637451e-02,-3.987087309360504150e-02,2.072277106344699860e-02,-2.505649626255035400e-02,3.537191450595855713e-01,9.890144318342208862e-02,-3.771772384643554688e-01,4.235994815826416016e-01,2.748188740074348768e-01,1.299212696294950453e-01,-4.599763241221214161e-01,3.953757233043189157e-01
-1.868746429681777954e-02,-4.013168811798095703e-02,2.184135094285011292e-02,-2.406585216522216797e-02,3.529057502746582031e-01,1.198841705918312073e-01,-3.810686171054840088e-01,4.216518998146057129e-01,2.756267228464437391e-01,1.534073505444676633e-01,-4.595612319300602655e-01,3.953614181801214378e-01
-1.727046445012092590e-02,-4.037231206893920898e-02,2.293358184397220612e-02,-2.310287952423095703e-02,3.520464301109313965e-01,1.403124332427978516e-01,-3.848072886466979980e-01,4.197112023830413818e-01,2.763988421374887761e-01,1.761976411454765912e-01,-4.591521308100029453e-01,3.953487775383929814e-01
-1.588147133588790894e-02,-4.059408605098724365e-02,2.400032058358192444e-02,-2.216645330190658569e-02,3.511457443237304688e-01,1.602060198783874512e-01,-3.884012997150421143e-01,4.177796244621276855e-01,2.771365781973617048e-01,1.983208091302643694e-01,-4.587488388296925290e-01,3.953377694794321662e-01
-1.452034339308738708e-02,-4.079820215702056885e-02,2.504209987819194794e-02,-2.125572413206100464e-02,3.502079248428344727e-01,1.795788109302520752e-01,-3.918570876121520996e-01,4.158594608306884766e-01,2.778409663528426665e-01,2.197985430483277158e-01,-4.583514276170743695e-01,3.953283683545257277e-01
-1.318682730197906494e-02,-4.098585993051528931e-02,2.605943009257316589e-02,-2.036987990140914917e-02,3.492375612258911133e-01,1.984450817108154297e-01,-3.951810002326965332e-01,4.139526188373565674e-01,2.785130418217686143e-01,2.406525332220214031e-01,-4.579599688000940416e-01,3.953205485149584586e-01
-1.188065111637115479e-02,-4.115809500217437744e-02,2.705290541052818298e-02,-1.950811594724655151e-02,3.482382297515869141e-01,2.168188691139221191e-01,-3.983790278434753418e-01,4.120610356330871582e-01,2.791538106725674484e-01,2.609038241542604997e-01,-4.575745326949771652e-01,3.953142846365610419e-01
-1.060333847999572754e-02,-4.131564497947692871e-02,2.802175842225551605e-02,-1.867081224918365479e-02,3.472144603729248047e-01,2.346887886524200439e-01,-4.014526307582855225e-01,4.101891517639160156e-01,2.797629928245259356e-01,2.805447935685739802e-01,-4.571951315403015581e-01,3.953095657647593963e-01
-9.353548288345336914e-03,-4.145961999893188477e-02,2.896725386381149292e-02,-1.785650849342346191e-02,3.461688756942749023e-01,2.520824968814849854e-01,-4.044093787670135498e-01,4.083365499973297119e-01,2.803422315121122388e-01,2.996106963720399086e-01,-4.568218644344754775e-01,3.953063594540845993e-01
-8.130945265293121338e-03,-4.159089922904968262e-02,2.988997101783752441e-02,-1.706457883119583130e-02,3.451048731803894043e-01,2.690128982067108154e-01,-4.072549641132354736e-01,4.065051078796386719e-01,2.808924404548510667e-01,3.181205288340207549e-01,-4.564547975354453224e-01,3.953046414092136751e-01
-6.935134530067443848e-03,-4.171033203601837158e-02,3.079048916697502136e-02,-1.629423350095748901e-02,3.440249562263488770e-01,2.854936718940734863e-01,-4.099942743778228760e-01,4.046958684921264648e-01,2.814145332909567254e-01,3.360932885324749431e-01,-4.560939970011568811e-01,3.953043873348233705e-01
-5.765631794929504395e-03,-4.181869328022003174e-02,3.166938945651054382e-02,-1.554473489522933960e-02,3.429315686225891113e-01,3.015385568141937256e-01,-4.126321375370025635e-01,4.029096066951751709e-01,2.819094235821693051e-01,3.535479742709665141e-01,-4.557395289895567747e-01,3.953055729355856029e-01
-4.623934626579284668e-03,-4.191647469997406006e-02,3.252575919032096863e-02,-1.481656730175018311e-02,3.418281078338623047e-01,3.171336948871612549e-01,-4.151680469512939453e-01,4.011493921279907227e-01,2.823766139391218344e-01,3.704725053536750967e-01,-4.553904105266064484e-01,3.953081805384154324e-01
-3.508631139993667603e-03,-4.200454056262969971e-02,3.336093947291374207e-02,-1.410843431949615479e-02,3.407163023948669434e-01,3.323055803775787354e-01,-4.176093339920043945e-01,3.994150459766387939e-01,2.828176286713445231e-01,3.868993402228012024e-01,-4.550471620268897732e-01,3.953121829806686138e-01
-2.419240772724151611e-03,-4.208348691463470459e-02,3.417543321847915649e-02,-1.341973990201950073e-02,3.395980298519134521e-01,3.470661640167236328e-01,-4.199597835540771484e-01,3.977069854736328125e-01,2.832332726654676058e-01,4.028450914132464256e-01,-4.547097689894555872e-01,3.953175564761476912e-01
-1.355286687612533569e-03,-4.215396940708160400e-02,3.496978431940078735e-02,-1.274980604648590088e-02,3.384751677513122559e-01,3.614277839660644531e-01,-4.222234785556793213e-01,3.960257172584533691e-01,2.836243299550904040e-01,4.183259143642948930e-01,-4.543782014519569534e-01,3.953242773362515283e-01
-3.162547945976257324e-04,-4.221653938293457031e-02,3.574458509683609009e-02,-1.209802180528640747e-02,3.373492360115051270e-01,3.754027485847473145e-01,-4.244044423103332520e-01,3.943716585636138916e-01,2.839915845172559239e-01,4.333579653982704283e-01,-4.540524294520472681e-01,3.953323218723747146e-01
6.968043744564056396e-04,-4.227158427238464355e-02,3.649919480085372925e-02,-1.146467030048370361e-02,3.362226486206054688e-01,3.889819383621215820e-01,-4.265023767948150635e-01,3.927470147609710693e-01,2.843347334373726998e-01,4.479336562145731504e-01,-4.537319050602897086e-01,3.953416759880337139e-01
1.685068011283874512e-03,-4.231967031955718994e-02,3.723467141389846802e-02,-1.084881275892257690e-02,3.350963890552520752e-01,4.021857082843780518e-01,-4.285226464271545410e-01,3.911514878273010254e-01,2.846549559833919663e-01,4.620777834847193399e-01,-4.534167867528865470e-01,3.953523125049747677e-01
2.649109810590744019e-03,-4.236128926277160645e-02,3.795152157545089722e-02,-1.024980843067169189e-02,3.339716792106628418e-01,4.150260388851165771e-01,-4.304684400558471680e-01,3.895846009254455566e-01,2.849529883805735353e-01,4.758054659264154274e-01,-4.531070218823787243e-01,3.953642081546936971e-01
3.589443862438201904e-03,-4.239690303802490234e-02,3.865027427673339844e-02,-9.667083621025085449e-03,3.328495025634765625e-01,4.275140464305877686e-01,-4.323430359363555908e-01,3.880465328693389893e-01,2.852295085441598488e-01,4.891305499214228525e-01,-4.528025300328629155e-01,3.953773401829271950e-01
4.506610333919525146e-03,-4.242686927318572998e-02,3.933144360780715942e-02,-9.100191295146942139e-03,3.317309617996215820e-01,4.396601021289825439e-01,-4.341494441032409668e-01,3.865374624729156494e-01,2.854851943483270871e-01,5.020668824663832019e-01,-4.525032307884360172e-01,3.953916858354099562e-01
5.400300025939941406e-03,-4.245160520076751709e-02,3.999495506286621094e-02,-8.549019694328308105e-03,3.306177854537963867e-01,4.514645040035247803e-01,-4.358891844749450684e-01,3.850586414337158203e-01,2.857201507562305842e-01,5.146159502374710870e-01,-4.522091214276618421e-01,3.954072325254318621e-01
6.271224468946456909e-03,-4.247140884399414062e-02,4.064138233661651611e-02,-8.012957870960235596e-03,3.295102119445800781e-01,4.629394114017486572e-01,-4.375648498535156250e-01,3.836092650890350342e-01,2.859351232701645706e-01,5.267930622383737438e-01,-4.519201123524499986e-01,3.954239562970934263e-01
7.119886577129364014e-03,-4.248669743537902832e-02,4.127120971679687500e-02,-7.491499185562133789e-03,3.284092843532562256e-01,4.740949571132659912e-01,-4.391794204711914062e-01,3.821893036365509033e-01,2.861307084889999630e-01,5.386103157858157520e-01,-4.516361341548255082e-01,3.954418358366920683e-01
7.946688681840896606e-03,-4.249769449234008789e-02,4.188487306237220764e-02,-6.984323263168334961e-03,3.273155391216278076e-01,4.849390685558319092e-01,-4.407352209091186523e-01,3.807992339134216309e-01,2.863074363307979153e-01,5.500783705674837654e-01,-4.513571264659390625e-01,3.954608510134380306e-01
8.752100169658660889e-03,-4.250480234622955322e-02,4.248273372650146484e-02,-6.490916013717651367e-03,3.262299001216888428e-01,4.954808652400970459e-01,-4.422346055507659912e-01,3.794383704662322998e-01,2.864658218392673317e-01,5.612075663926660019e-01,-4.510830309302195085e-01,3.954809819600109133e-01
9.536515921354293823e-03,-4.250819981098175049e-02,4.306514561176300049e-02,-6.010904908180236816e-03,3.251524269580841064e-01,5.057276487350463867e-01,-4.436791539192199707e-01,3.781064152717590332e-01,2.866063651857367334e-01,5.720079231588472979e-01,-4.508137912053740148e-01,3.955022090725621720e-01
1.030034199357032776e-02,-4.250821471214294434e-02,4.363256692886352539e-02,-5.543917417526245117e-03,3.240840733051300049e-01,5.156878232955932617e-01,-4.450716972351074219e-01,3.768038451671600342e-01,2.867295516710123282e-01,5.824891408200567611e-01,-4.505493529623880722e-01,3.955245130107104545e-01
1.104404404759407043e-02,-4.250508546829223633e-02,4.418530315160751343e-02,-5.089595913887023926e-03,3.230253458023071289e-01,5.253689289093017578e-01,-4.464139044284820557e-01,3.755300641059875488e-01,2.868358517270787056e-01,5.926605993573986764e-01,-4.502896638855258260e-01,3.955478746975427118e-01
1.176800578832626343e-02,-4.249897599220275879e-02,4.472374543547630310e-02,-4.647552967071533203e-03,3.219762146472930908e-01,5.347782969474792480e-01,-4.477073848247528076e-01,3.742847740650177002e-01,2.869257209187215940e-01,6.025313587516626379e-01,-4.500346736723295216e-01,3.955722753196171393e-01
1.247264072299003601e-02,-4.249016940593719482e-02,4.524826258420944214e-02,-4.217475652694702148e-03,3.209374547004699707e-01,5.439232587814331055e-01,-4.489544332027435303e-01,3.730681240558624268e-01,2.869995999450117297e-01,6.121101589574655666e-01,-4.497843340336199480e-01,3.955976963269607904e-01
1.315826922655105591e-02,-4.247881472110748291e-02,4.575910791754722595e-02,-3.799021244049072266e-03,3.199090361595153809e-01,5.528098940849304199e-01,-4.501561224460601807e-01,3.718794584274291992e-01,2.870578543078664002e-01,6.214041047420117980e-01,-4.495383451141027331e-01,3.956241177278782550e-01
1.382528990507125854e-02,-4.246512055397033691e-02,4.625662788748741150e-02,-3.391891717910766602e-03,3.188914954662322998e-01,5.614448189735412598e-01,-4.513143301010131836e-01,3.707186877727508545e-01,2.871009101043390799e-01,6.304216256986333589e-01,-4.492967262302884901e-01,3.956515219268718075e-01
1.447410136461257935e-02,-4.244928061962127686e-02,4.674116149544715881e-02,-2.995759248733520508e-03,3.178851008415222168e-01,5.698351263999938965e-01,-4.524306654930114746e-01,3.695856034755706787e-01,2.871291698834805839e-01,6.391706419761860047e-01,-4.490594622026140015e-01,3.956798913464062983e-01
1.510506868362426758e-02,-4.243141412734985352e-02,4.721298441290855408e-02,-2.610340714454650879e-03,3.168898522853851318e-01,5.779863595962524414e-01,-4.535063505172729492e-01,3.684796392917633057e-01,2.871430080427376796e-01,6.476584639067594074e-01,-4.488264840042641701e-01,3.957092082967879620e-01
1.571852713823318481e-02,-4.241169989109039307e-02,4.767242074012756348e-02,-2.235323190689086914e-03,3.159059882164001465e-01,5.859048962593078613e-01,-4.545429050922393799e-01,3.674006760120391846e-01,2.871427836174658688e-01,6.558920707595857769e-01,-4.485977225122725898e-01,3.957394553375985224e-01
1.631482690572738647e-02,-4.239028692245483398e-02,4.811972379684448242e-02,-1.870498061180114746e-03,3.149339258670806885e-01,5.935961008071899414e-01,-4.555417299270629883e-01,3.663485348224639893e-01,2.871288402817683827e-01,6.638781107267706094e-01,-4.483731085075208234e-01,3.957706152777111797e-01
1.689426973462104797e-02,-4.236727952957153320e-02,4.855518788099288940e-02,-1.515537500381469727e-03,3.139732480049133301e-01,6.010655164718627930e-01,-4.565038681030273438e-01,3.653227388858795166e-01,2.871015063492383668e-01,6.716229009100075364e-01,-4.481525726747390137e-01,3.958026711752821170e-01
1.745717972517013550e-02,-4.234282672405242920e-02,4.897901043295860291e-02,-1.170277595520019531e-03,3.130246698856353760e-01,6.083176732063293457e-01,-4.574304521083831787e-01,3.643230795860290527e-01,2.870610947736211838e-01,6.791324273090981745e-01,-4.479360456025057724e-01,3.958356063377494460e-01
1.800386607646942139e-02,-4.231706261634826660e-02,4.939149320125579834e-02,-8.344352245330810547e-04,3.120881617069244385e-01,6.153584122657775879e-01,-4.583229124546051025e-01,3.633493483066558838e-01,2.870079031493727451e-01,6.864123448118371051e-01,-4.477234577832478468e-01,3.958694043218387026e-01
1.853457465767860413e-02,-4.229004681110382080e-02,4.979282245039939880e-02,-5.078166723251342773e-04,3.111636340618133545e-01,6.221914291381835938e-01,-4.591818749904632568e-01,3.624011576175689697e-01,2.869422137121599437e-01,6.934679771854295183e-01,-4.475147396132406752e-01,3.959040489335600155e-01
1.905082911252975464e-02,-4.226195812225341797e-02,5.018408969044685364e-02,-1.895576715469360352e-04,3.102502822875976562e-01,6.288368105888366699e-01,-4.600110352039337158e-01,3.614764809608459473e-01,2.868650318506902330e-01,7.003210216238887620e-01,-4.473102034721616604e-01,3.959395227044192889e-01
1.955272629857063293e-02,-4.223278164863586426e-02,5.056542903184890747e-02,1.204460859298706055e-04,3.093477189540863037e-01,6.352966427803039551e-01,-4.608106315135955811e-01,3.605752289295196533e-01,2.867765288281443614e-01,7.069743235288498129e-01,-4.471097380318782011e-01,3.959758101046322309e-01
2.004016935825347900e-02,-4.220271110534667969e-02,5.093679949641227722e-02,4.221946001052856445e-04,3.084570765495300293e-01,6.415708661079406738e-01,-4.615813791751861572e-01,3.596980571746826172e-01,2.866767415965024712e-01,7.134277067009255902e-01,-4.469131703281612467e-01,3.960128960991272651e-01
2.051348611712455750e-02,-4.217176139354705811e-02,5.129840224981307983e-02,7.158964872360229492e-04,3.075779378414154053e-01,6.476638913154602051e-01,-4.623238444328308105e-01,3.588441908359527588e-01,2.865659607529358333e-01,7.196867484046642893e-01,-4.467204664727292829e-01,3.960507653470794476e-01
2.097296342253684998e-02,-4.214006662368774414e-02,5.165050178766250610e-02,1.001805067062377930e-03,3.067103624343872070e-01,6.535806655883789062e-01,-4.630392193794250488e-01,3.580133616924285889e-01,2.864444658805229693e-01,7.257567928704259375e-01,-4.465315947264564267e-01,3.960894027479948676e-01
2.141897007822990417e-02,-4.210764169692993164e-02,5.199334770441055298e-02,1.280084252357482910e-03,3.058543205261230469e-01,6.593257784843444824e-01,-4.637282788753509521e-01,3.572052419185638428e-01,2.863125255486477228e-01,7.316429512882043351e-01,-4.463465254993721487e-01,3.961287934417078715e-01
2.185173332691192627e-02,-4.207459092140197754e-02,5.232712626457214355e-02,1.550972461700439453e-03,3.050095438957214355e-01,6.649032235145568848e-01,-4.643917977809906006e-01,3.564192950725555420e-01,2.861703973133283840e-01,7.373501018017768471e-01,-4.461652313506615508e-01,3.961689228083868364e-01
2.227157726883888245e-02,-4.204098880290985107e-02,5.265206098556518555e-02,1.814618706703186035e-03,3.041763901710510254e-01,6.703173518180847168e-01,-4.650308489799499512e-01,3.556553125381469727e-01,2.860183277174980221e-01,7.428828895046594161e-01,-4.459876869886648110e-01,3.962097764685253987e-01
2.267873659729957581e-02,-4.200679063796997070e-02,5.296838656067848206e-02,2.071186900138854980e-03,3.033540844917297363e-01,6.755716204643249512e-01,-4.656457304954528809e-01,3.549130856990814209e-01,2.858565522912179802e-01,7.482457264363341354e-01,-4.458138692708780715e-01,3.962513402829490605e-01
2.307349070906639099e-02,-4.197221994400024414e-02,5.327625572681427002e-02,2.320855855941772461e-03,3.025436997413635254e-01,6.806703209877014160e-01,-4.662379026412963867e-01,3.541923463344573975e-01,2.856852955518526804e-01,7.534427915797340392e-01,-4.456437572039526618e-01,3.962936003528127471e-01
2.345677465200424194e-02,-4.193714261054992676e-02,5.357638746500015259e-02,2.564221620559692383e-03,3.017429411411285400e-01,6.856253147125244141e-01,-4.668083786964416504e-01,3.534911870956420898e-01,2.855051780639613068e-01,7.584871721509540698e-01,-4.454770326177883710e-01,3.963365365929316098e-01
2.382898330688476562e-02,-4.190173745155334473e-02,5.386896058917045593e-02,2.801477909088134766e-03,3.009525537490844727e-01,6.904416680335998535e-01,-4.673584401607513428e-01,3.528089225292205811e-01,2.853164595436105677e-01,7.633838655390662309e-01,-4.453136367485157621e-01,3.963801346818798810e-01
2.418993040919303894e-02,-4.186598956584930420e-02,5.415397882461547852e-02,3.032535314559936523e-03,3.001726269721984863e-01,6.951180100440979004e-01,-4.678881764411926270e-01,3.521466553211212158e-01,2.851191472843224717e-01,7.681322148472711220e-01,-4.451536904974426334e-01,3.964243843499218323e-01
2.453994378447532654e-02,-4.182998836040496826e-02,5.443158373236656189e-02,3.257617354393005371e-03,2.994031906127929688e-01,6.996583938598632812e-01,-4.683982133865356445e-01,3.515032529830932617e-01,2.849134623309785841e-01,7.727363776265289141e-01,-4.449971516377552172e-01,3.964692720190670094e-01
2.487923577427864075e-02,-4.179364442825317383e-02,5.470203235745429993e-02,3.476813435554504395e-03,2.986434996128082275e-01,7.040659189224243164e-01,-4.688889384269714355e-01,3.508789539337158203e-01,2.846996170704008677e-01,7.772003311570383488e-01,-4.448439783620881660e-01,3.965147843145158668e-01
2.520812302827835083e-02,-4.175713658332824707e-02,5.496542900800704956e-02,3.690347075462341309e-03,2.978941500186920166e-01,7.083445191383361816e-01,-4.693611860275268555e-01,3.502727448940277100e-01,2.844778152314282327e-01,7.815278724465405391e-01,-4.446941292824855840e-01,3.965609080646623208e-01
2.552675455808639526e-02,-4.172043502330780029e-02,5.522200837731361389e-02,3.898352384567260742e-03,2.971545755863189697e-01,7.124972939491271973e-01,-4.698155820369720459e-01,3.496848344802856445e-01,2.842482518849881457e-01,7.857226182302106121e-01,-4.445475634304507095e-01,3.966076303010897530e-01
2.583545073866844177e-02,-4.168358445167541504e-02,5.547188967466354370e-02,4.100963473320007324e-03,2.964248657226562500e-01,7.165274620056152344e-01,-4.702525138854980469e-01,3.491144776344299316e-01,2.840111134441039020e-01,7.897880049705483518e-01,-4.444042402569310379e-01,3.966549382585768391e-01
2.613439410924911499e-02,-4.164659976959228516e-02,5.571524053812026978e-02,4.298269748687744141e-03,2.957049012184143066e-01,7.204375863075256348e-01,-4.706725478172302246e-01,3.485615849494934082e-01,2.837665776638864101e-01,7.937272888580334529e-01,-4.442641196323123820e-01,3.967028193750948839e-01
2.642377093434333801e-02,-4.160951077938079834e-02,5.595223605632781982e-02,4.490435123443603516e-03,2.949944734573364258e-01,7.242307662963867188e-01,-4.710763096809387207e-01,3.480259776115417480e-01,2.835148136415091003e-01,7.975435458127667632e-01,-4.441271618463958348e-01,3.967512612918033255e-01
2.670434489846229553e-02,-4.157233238220214844e-02,5.618336051702499390e-02,4.677876830101013184e-03,2.942928075790405273e-01,7.279164195060729980e-01,-4.714649617671966553e-01,3.475060462951660156e-01,2.832562788523681485e-01,8.012461969260740169e-01,-4.439932727764745457e-01,3.968002483345716702e-01
2.697649970650672913e-02,-4.153506457805633545e-02,5.640891939401626587e-02,4.860803484916687012e-03,2.935994267463684082e-01,7.314992547035217285e-01,-4.718392491340637207e-01,3.470014035701751709e-01,2.829912751719951824e-01,8.048412544319960560e-01,-4.438623858465970407e-01,3.968497667731795131e-01
2.724006399512290955e-02,-4.149773716926574707e-02,5.662881582975387573e-02,5.039095878601074219e-03,2.929148972034454346e-01,7.349776029586791992e-01,-4.721994102001190186e-01,3.465127348899841309e-01,2.827197414414026055e-01,8.083267652285993643e-01,-4.437345003168271518e-01,3.968998072782838893e-01
2.749529853463172913e-02,-4.146039485931396484e-02,5.684316903352737427e-02,5.212962627410888672e-03,2.922388613224029541e-01,7.383547425270080566e-01,-4.725454449653625488e-01,3.460389971733093262e-01,2.824418475830908770e-01,8.117058627173204810e-01,-4.436095716112442022e-01,3.969503578839297386e-01
2.774241566658020020e-02,-4.142303764820098877e-02,5.705211311578750610e-02,5.382493138313293457e-03,2.915712594985961914e-01,7.416329383850097656e-01,-4.728779494762420654e-01,3.455798625946044922e-01,2.821577569297391563e-01,8.149815454099237355e-01,-4.434875551918701642e-01,3.970014068028697163e-01
2.798156440258026123e-02,-4.138565063476562500e-02,5.725584924221038818e-02,5.547776818275451660e-03,2.909117639064788818e-01,7.448149323463439941e-01,-4.731974303722381592e-01,3.451356589794158936e-01,2.818676262241788244e-01,8.181566769301412689e-01,-4.433684065586250833e-01,3.970529424265744067e-01
2.821299433708190918e-02,-4.134830832481384277e-02,5.745445564389228821e-02,5.708977580070495605e-03,2.902604341506958008e-01,7.479035258293151855e-01,-4.735040962696075439e-01,3.447054028511047363e-01,2.815716056193119377e-01,8.212339860154771465e-01,-4.432520812493833118e-01,3.971049533252197228e-01
2.843688428401947021e-02,-4.131096601486206055e-02,5.764810740947723389e-02,5.866155028343200684e-03,2.896169722080230713e-01,7.509011030197143555e-01,-4.737985432147979736e-01,3.442891538143157959e-01,2.812698386780344562e-01,8.242160665193393188e-01,-4.431385348399283775e-01,3.971574282476942330e-01
2.865339070558547974e-02,-4.127368330955505371e-02,5.783690512180328369e-02,6.019428372383117676e-03,2.889814078807830811e-01,7.538096308708190918e-01,-4.740811586380004883e-01,3.438866138458251953e-01,2.809624623731241111e-01,8.271053774139923709e-01,-4.430277229439981146e-01,3.972103561215981071e-01
2.886267378926277161e-02,-4.123643040657043457e-02,5.802097171545028687e-02,6.168901920318603516e-03,2.883533239364624023e-01,7.566314339637756348e-01,-4.743521213531494141e-01,3.434974253177642822e-01,2.806496070871021264e-01,8.299042427931265786e-01,-4.429196012132169402e-01,3.972637260532441150e-01
2.906521409749984741e-02,-4.119920730590820312e-02,5.820063501596450806e-02,6.314784288406372070e-03,2.877324521541595459e-01,7.593720555305480957e-01,-4.746122956275939941e-01,3.431209027767181396e-01,2.803315692870880782e-01,8.326185522626344815e-01,-4.428141775086127385e-01,3.973175257381019732e-01
2.926142141222953796e-02,-4.116205871105194092e-02,5.837617814540863037e-02,6.457343697547912598e-03,2.871183454990386963e-01,7.620369791984558105e-01,-4.748625457286834717e-01,3.427564501762390137e-01,2.800086448042618525e-01,8.352541878028977296e-01,-4.427114615254102437e-01,3.973717429956240554e-01
2.945119887590408325e-02,-4.112498462200164795e-02,5.854749679565429688e-02,6.596505641937255859e-03,2.865113019943237305e-01,7.646247148513793945e-01,-4.751026630401611328e-01,3.424040079116821289e-01,2.796807665898234374e-01,8.378092613206963302e-01,-4.426113553487346364e-01,3.974263691037812074e-01
2.963467687368392944e-02,-4.108797013759613037e-02,5.871471017599105835e-02,6.732344627380371094e-03,2.859110534191131592e-01,7.671371102333068848e-01,-4.753328263759613037e-01,3.420633673667907715e-01,2.793480642184787421e-01,8.402861047483929369e-01,-4.425138225004914272e-01,3.974813936485587784e-01
2.981205657124519348e-02,-4.105104506015777588e-02,5.887793377041816711e-02,6.864994764328002930e-03,2.853174209594726562e-01,7.695765495300292969e-01,-4.755534231662750244e-01,3.417342603206634521e-01,2.790106621730288894e-01,8.426869472279251427e-01,-4.424188269930457995e-01,3.975368063808697450e-01
2.998343855142593384e-02,-4.101417958736419678e-02,5.903731286525726318e-02,6.994456052780151367e-03,2.847303152084350586e-01,7.719445824623107910e-01,-4.757649600505828857e-01,3.414168655872344971e-01,2.786686798442444823e-01,8.450139151134847815e-01,-4.423263333291883592e-01,3.975925972165508804e-01
3.014897555112838745e-02,-4.097738862037658691e-02,5.919289588928222656e-02,7.120907306671142578e-03,2.841493189334869385e-01,7.742431163787841797e-01,-4.759672284126281738e-01,3.411103487014770508e-01,2.783222315307379846e-01,8.472690319748531484e-01,-4.422363065021464590e-01,3.976487562363634765e-01
3.030891716480255127e-02,-4.094073176383972168e-02,5.934478342533111572e-02,7.244378328323364258e-03,2.835749387741088867e-01,7.764745950698852539e-01,-4.761610031127929688e-01,3.408145010471343994e-01,2.779714264388403744e-01,8.494542186005709095e-01,-4.421487119955729850e-01,3.977052736859901794e-01
3.046327456831932068e-02,-4.090416431427001953e-02,5.949311703443527222e-02,7.365003228187561035e-03,2.830063700675964355e-01,7.786403894424438477e-01,-4.763462841510772705e-01,3.405292630195617676e-01,2.776163686824320020e-01,8.515712930016019477e-01,-4.420635157835576812e-01,3.977621399760410958e-01
3.061225265264511108e-02,-4.086768627166748047e-02,5.963794887065887451e-02,7.482707500457763672e-03,2.824441492557525635e-01,7.807418107986450195e-01,-4.765235483646392822e-01,3.402547240257263184e-01,2.772571572827828290e-01,8.536219704150510568e-01,-4.419806843306383626e-01,3.978193456820501295e-01
3.075605630874633789e-02,-4.083129763603210449e-02,5.977946147322654724e-02,7.597789168357849121e-03,2.818872630596160889e-01,7.827822566032409668e-01,-4.766927659511566162e-01,3.399899005889892578e-01,2.768939621253971306e-01,8.556094725246206067e-01,-4.419001911437465124e-01,3.978768805155683541e-01
3.089512139558792114e-02,-4.079504311084747314e-02,5.991785228252410889e-02,7.710352540016174316e-03,2.813361585140228271e-01,7.847660779953002930e-01,-4.768549203872680664e-01,3.397341966629028320e-01,2.765270233502201691e-01,8.575385143406492050e-01,-4.418220167192495884e-01,3.979347333324942393e-01
3.102928400039672852e-02,-4.075884819030761719e-02,6.005315110087394714e-02,7.820382714271545410e-03,2.807901501655578613e-01,7.866922616958618164e-01,-4.770097732543945312e-01,3.394881188869476318e-01,2.761563157734351903e-01,8.594081948495412293e-01,-4.417461195965080578e-01,3.979928966787255051e-01
3.115874901413917542e-02,-4.072277247905731201e-02,6.018541380763053894e-02,7.927939295768737793e-03,2.802495658397674561e-01,7.885627746582031250e-01,-4.771576225757598877e-01,3.392512500286102295e-01,2.757819411138801025e-01,8.612203067526108535e-01,-4.416724701912351225e-01,3.980513614770749276e-01
3.128363937139511108e-02,-4.068680107593536377e-02,6.031471863389015198e-02,8.033126592636108398e-03,2.797141075134277344e-01,7.903792262077331543e-01,-4.772986173629760742e-01,3.390231132507324219e-01,2.754039983921308665e-01,8.629765906882402859e-01,-4.416010396160903739e-01,3.981101187828474663e-01
3.140405192971229553e-02,-4.065090417861938477e-02,6.044120714068412781e-02,8.135959506034851074e-03,2.791836559772491455e-01,7.921429276466369629e-01,-4.774332046508789062e-01,3.388040959835052490e-01,2.750225840368036301e-01,8.646787374860039899e-01,-4.415317996897975550e-01,3.981691597824109086e-01
3.152013570070266724e-02,-4.061515629291534424e-02,6.056491658091545105e-02,8.236572146415710449e-03,2.786582112312316895e-01,7.938560843467712402e-01,-4.775615334510803223e-01,3.385935425758361816e-01,2.746377919908629117e-01,8.663283904215030029e-01,-4.414647229463861122e-01,3.982284757917459728e-01
3.163205087184906006e-02,-4.057949781417846680e-02,6.068590655922889709e-02,8.334979414939880371e-03,2.781375646591186523e-01,7.955194115638732910e-01,-4.776835143566131592e-01,3.383910059928894043e-01,2.742497138179493255e-01,8.679271474707623835e-01,-4.413997826443202266e-01,3.982880582550114013e-01
3.173987567424774170e-02,-4.054394364356994629e-02,6.080431491136550903e-02,8.431240916252136230e-03,2.776216268539428711e-01,7.971348166465759277e-01,-4.777997732162475586e-01,3.381967544555664062e-01,2.738584388086775512e-01,8.694765635647382362e-01,-4.413369527756494937e-01,3.983478987431010032e-01
3.184372186660766602e-02,-4.050846397876739502e-02,6.092020496726036072e-02,8.525460958480834961e-03,2.771099805831909180e-01,7.987036108970642090e-01,-4.779101014137268066e-01,3.380103707313537598e-01,2.734640540869660019e-01,8.709781528435502906e-01,-4.412762080752513638e-01,3.984079889522007534e-01
3.194374591112136841e-02,-4.047314822673797607e-02,6.103360652923583984e-02,8.617699146270751953e-03,2.766030728816986084e-01,8.002274036407470703e-01,-4.780150651931762695e-01,3.378313779830932617e-01,2.730666479008340142e-01,8.724334513881654152e-01,-4.412175099703018466e-01,3.984683204155426983e-01
3.204006701707839966e-02,-4.043790698051452637e-02,6.114470586180686951e-02,8.707970380783081055e-03,2.761003971099853516e-01,8.017078638076782227e-01,-4.781148135662078857e-01,3.376602232456207275e-01,2.726663146915461744e-01,8.738441137118926338e-01,-4.411607846793891285e-01,3.985288840549940370e-01
3.213277459144592285e-02,-4.040275514125823975e-02,6.125348061323165894e-02,8.796378970146179199e-03,2.756018042564392090e-01,8.031458258628845215e-01,-4.782092869281768799e-01,3.374959826469421387e-01,2.722631282249814988e-01,8.752114027355782921e-01,-4.411060423169718692e-01,3.985896726091419096e-01
3.222198784351348877e-02,-4.036772251129150391e-02,6.136004626750946045e-02,8.882969617843627930e-03,2.751073539257049561e-01,8.045429587364196777e-01,-4.782988727092742920e-01,3.373388648033142090e-01,2.718571694009922490e-01,8.765367181617812475e-01,-4.410532545916298064e-01,3.986506781367296082e-01
3.230783715844154358e-02,-4.033276438713073730e-02,6.146446615457534790e-02,8.967816829681396484e-03,2.746165990829467773e-01,8.059005141258239746e-01,-4.783835113048553467e-01,3.371883630752563477e-01,2.714485176283785717e-01,8.778214329046254427e-01,-4.410023933652006400e-01,3.987118928016352148e-01
3.239036351442337036e-02,-4.029795527458190918e-02,6.156682223081588745e-02,9.050950407981872559e-03,2.741299867630004883e-01,8.072196841239929199e-01,-4.784638881683349609e-01,3.370448946952819824e-01,2.710372509376662853e-01,8.790668954649094591e-01,-4.409534306335704534e-01,3.987733088708441120e-01
3.246973082423210144e-02,-4.026319086551666260e-02,6.166717410087585449e-02,9.132415056228637695e-03,2.736468613147735596e-01,8.085016608238220215e-01,-4.785395860671997070e-01,3.369078040122985840e-01,2.706234460938689579e-01,8.802744323059820131e-01,-4.409063385075092656e-01,3.988349187124367035e-01
3.254602104425430298e-02,-4.022856056690216064e-02,6.176558881998062134e-02,9.212300181388854980e-03,2.731674611568450928e-01,8.097479343414306641e-01,-4.786111712455749512e-01,3.367769420146942139e-01,2.702071787092992228e-01,8.814453502288522868e-01,-4.408610891935291765e-01,3.988967147935668089e-01
3.261937201023101807e-02,-4.019398987293243408e-02,6.186213716864585876e-02,9.290620684623718262e-03,2.726914584636688232e-01,8.109595179557800293e-01,-4.786785244941711426e-01,3.366521000862121582e-01,2.697885233563456775e-01,8.825809387477370205e-01,-4.408176549746524175e-01,3.989586896784413916e-01
3.268984705209732056e-02,-4.015949368476867676e-02,6.195691227912902832e-02,9.367436170578002930e-03,2.722188234329223633e-01,8.121377825736999512e-01,-4.787421524524688721e-01,3.365333974361419678e-01,2.693675536802811465e-01,8.836824724652251328e-01,-4.407760081912920347e-01,3.990208360263036158e-01
3.275752812623977661e-02,-4.012511670589447021e-02,6.204990297555923462e-02,9.442836046218872070e-03,2.717494666576385498e-01,8.132833838462829590e-01,-4.788017272949218750e-01,3.364200890064239502e-01,2.689443249796674706e-01,8.847508353983108975e-01,-4.407361237344750715e-01,3.990831468065291765e-01
3.282228857278823853e-02,-4.009085893630981445e-02,6.214105710387229919e-02,9.516701102256774902e-03,2.712837755680084229e-01,8.143950700759887695e-01,-4.788574874401092529e-01,3.363129496574401855e-01,2.685187809401613501e-01,8.857845099434915603e-01,-4.406979924077030764e-01,3.991456164529109119e-01
3.288439661264419556e-02,-4.005664587020874023e-02,6.223053485155105591e-02,9.589120745658874512e-03,2.708212435245513916e-01,8.154755234718322754e-01,-4.789095222949981689e-01,3.362113833427429199e-01,2.680910731449252515e-01,8.867864663329553254e-01,-4.406615751375660972e-01,3.992082369064375302e-01
3.294390439987182617e-02,-4.002255201339721680e-02,6.231836974620819092e-02,9.660273790359497070e-03,2.703616321086883545e-01,8.165259957313537598e-01,-4.789578616619110107e-01,3.361148238182067871e-01,2.676612595985760623e-01,8.877576618001090658e-01,-4.406268461732787411e-01,3.992710013479973674e-01
3.300087153911590576e-02,-3.998853266239166260e-02,6.240465864539146423e-02,9.730085730552673340e-03,2.699050605297088623e-01,8.175470232963562012e-01,-4.790029823780059814e-01,3.360239267349243164e-01,2.672293965719109154e-01,8.886990210181846539e-01,-4.405937799218268558e-01,3.993339030603804685e-01
3.305540978908538818e-02,-3.995460271835327148e-02,6.248939037322998047e-02,9.798601269721984863e-03,2.694515585899353027e-01,8.185395598411560059e-01,-4.790447950363159180e-01,3.359378576278686523e-01,2.667955386532544493e-01,8.896114371531939069e-01,-4.405623509376483948e-01,3.993969354270260341e-01
3.310755640268325806e-02,-3.992074728012084961e-02,6.257264316082000732e-02,9.865865111351013184e-03,2.690008282661437988e-01,8.195043802261352539e-01,-4.790833592414855957e-01,3.358570039272308350e-01,2.663597387998249966e-01,8.904957729172678915e-01,-4.405325339122231898e-01,3.994600919307607079e-01
3.315737843513488770e-02,-3.988696634769439697e-02,6.265451014041900635e-02,9.931907057762145996e-03,2.685529589653015137e-01,8.204424381256103516e-01,-4.791191816329956055e-01,3.357813954353332520e-01,2.659220483890989417e-01,8.913528616215031786e-01,-4.405043036637311116e-01,3.995233661525416369e-01
3.320497274398803711e-02,-3.985328972339630127e-02,6.273490190505981445e-02,9.996816515922546387e-03,2.681078016757965088e-01,8.213545083999633789e-01,-4.791516661643981934e-01,3.357098698616027832e-01,2.654825172701738567e-01,8.921835082290821006e-01,-4.404776351266081469e-01,3.995867517701973126e-01
3.325036913156509399e-02,-3.981965780258178711e-02,6.281398236751556396e-02,1.006054878234863281e-02,2.676651775836944580e-01,8.222410678863525391e-01,-4.791813790798187256e-01,3.356433212757110596e-01,2.650411938151354119e-01,8.929884904082833197e-01,-4.404525033412496904e-01,3.996502425571675787e-01
3.329364955425262451e-02,-3.978611528873443604e-02,6.289174407720565796e-02,1.012317836284637451e-02,2.672252058982849121e-01,8.231031298637390137e-01,-4.792084097862243652e-01,3.355812430381774902e-01,2.645981249704182359e-01,8.937685595855470178e-01,-4.404288834435667321e-01,3.997138323812451932e-01
3.333488106727600098e-02,-3.975266218185424805e-02,6.296820193529129028e-02,1.018476486206054688e-02,2.667877078056335449e-01,8.239413499832153320e-01,-4.792326092720031738e-01,3.355233073234558105e-01,2.641533563081973068e-01,8.945244419979387906e-01,-4.404067506546210375e-01,3.997775152033170021e-01
3.337412327527999878e-02,-3.971925377845764160e-02,6.304341554641723633e-02,1.024524867534637451e-02,2.663526535034179688e-01,8.247562646865844727e-01,-4.792541265487670898e-01,3.354697227478027344e-01,2.637069320777418735e-01,8.952568397465427985e-01,-4.403860802702833643e-01,3.998412850761062232e-01
3.341138362884521484e-02,-3.968593478202819824e-02,6.311744451522827148e-02,1.030473411083221436e-02,2.659199833869934082e-01,8.255487084388732910e-01,-4.792732596397399902e-01,3.354204893112182617e-01,2.632588952568091223e-01,8.959664318488175239e-01,-4.403668476508121321e-01,3.999051361429122875e-01
3.344676643610000610e-02,-3.965267539024353027e-02,6.319028139114379883e-02,1.036325097084045410e-02,2.654895186424255371e-01,8.263190984725952148e-01,-4.792896807193756104e-01,3.353749811649322510e-01,2.628092876030154179e-01,8.966538752914952060e-01,-4.403490282104659537e-01,3.999690626363525681e-01
3.348031267523765564e-02,-3.961946070194244385e-02,6.326197832822799683e-02,1.042073965072631836e-02,2.650614082813262939e-01,8.270679712295532227e-01,-4.793038964271545410e-01,3.353336453437805176e-01,2.623581497052261402e-01,8.973198060833749157e-01,-4.403325974071846671e-01,4.000330588771047191e-01
3.351205214858055115e-02,-3.958635032176971436e-02,6.333258002996444702e-02,1.047734916210174561e-02,2.646353840827941895e-01,8.277964591979980469e-01,-4.793157875537872314e-01,3.352960944175720215e-01,2.619055210349393037e-01,8.979648403076226915e-01,-4.403175307321450793e-01,4.000971192726430203e-01
3.354206308722496033e-02,-3.955331444740295410e-02,6.340211629867553711e-02,1.053300499916076660e-02,2.642118632793426514e-01,8.285048007965087891e-01,-4.793255925178527832e-01,3.352625370025634766e-01,2.614514399976684000e-01,8.985895751745082149e-01,-4.403038036994418314e-01,4.001612383159870445e-01
3.357036039233207703e-02,-3.952033817768096924e-02,6.347060203552246094e-02,1.058778166770935059e-02,2.637902498245239258e-01,8.291935324668884277e-01,-4.793332219123840332e-01,3.352325558662414551e-01,2.609959439843591578e-01,8.991945900739779507e-01,-4.402913918356321510e-01,4.002254105844389453e-01
3.359702974557876587e-02,-3.948737680912017822e-02,6.353805214166641235e-02,1.064167916774749756e-02,2.633704543113708496e-01,8.298628330230712891e-01,-4.793384373188018799e-01,3.352059423923492432e-01,2.605390694227551207e-01,8.997804476279009922e-01,-4.402802706694390333e-01,4.002896307383229657e-01
3.362212330102920532e-02,-3.945451974868774414e-02,6.360453367233276367e-02,1.069475710391998291e-02,2.629528939723968506e-01,8.305143117904663086e-01,-4.793418645858764648e-01,3.351827859878540039e-01,2.600808518288278415e-01,9.003476947423687538e-01,-4.402704157213188640e-01,4.003538935197253901e-01
3.364665806293487549e-02,-3.942167758941650391e-02,6.367072463035583496e-02,1.074752211570739746e-02,2.625359892845153809e-01,8.311594128608703613e-01,-4.793448448181152344e-01,3.351612985134124756e-01,2.596219285902594542e-01,9.009092769964116565e-01,-4.402619186246110039e-01,4.004181829363316902e-01
3.366987034678459167e-02,-3.938885033130645752e-02,6.373618543148040771e-02,1.079955697059631348e-02,2.621207237243652344e-01,8.317896127700805664e-01,-4.793464243412017822e-01,3.351432085037231445e-01,2.591618730358464240e-01,9.014562320769734516e-01,-4.402546760496320877e-01,4.004825023178492094e-01
3.369184955954551697e-02,-3.935608267784118652e-02,6.380086392164230347e-02,1.085092127323150635e-02,2.617070972919464111e-01,8.324053287506103516e-01,-4.793464541435241699e-01,3.351277410984039307e-01,2.587006920551209732e-01,9.019885277065801121e-01,-4.402486617580403938e-01,4.005468471702043343e-01
3.371258825063705444e-02,-3.932334482669830322e-02,6.386479735374450684e-02,1.090162992477416992e-02,2.612949311733245850e-01,8.330067992210388184e-01,-4.793449044227600098e-01,3.351150751113891602e-01,2.582384231329429847e-01,9.025067648417502975e-01,-4.402438556714321494e-01,4.006112125173587057e-01
3.373217955231666565e-02,-3.929069638252258301e-02,6.392797827720642090e-02,1.095172762870788574e-02,2.608844935894012451e-01,8.335947990417480469e-01,-4.793419539928436279e-01,3.351047933101654053e-01,2.577751025841676924e-01,9.030115235448246125e-01,-4.402402379764840390e-01,4.006755934750235726e-01
3.375061601400375366e-02,-3.925806283950805664e-02,6.399054825305938721e-02,1.100119948387145996e-02,2.604753375053405762e-01,8.341699242591857910e-01,-4.793378114700317383e-01,3.350975811481475830e-01,2.573107655536113758e-01,9.035033629862070370e-01,-4.402377891250434661e-01,4.007399852506538518e-01
3.376795724034309387e-02,-3.922547399997711182e-02,6.405244767665863037e-02,1.105009019374847412e-02,2.600676715373992920e-01,8.347324728965759277e-01,-4.793324470520019531e-01,3.350928425788879395e-01,2.568454460159750319e-01,9.039828214462241052e-01,-4.402364898340265786e-01,4.008043831434563997e-01
3.378425166010856628e-02,-3.919291496276855469e-02,6.411369889974594116e-02,1.109841465950012207e-02,2.596612572669982910e-01,8.352828025817871094e-01,-4.793257117271423340e-01,3.350903391838073730e-01,2.563791767757777618e-01,9.044504163177485845e-01,-4.402363210855318454e-01,4.008687825443832953e-01
3.379956632852554321e-02,-3.916038572788238525e-02,6.417436897754669189e-02,1.114620268344879150e-02,2.592560648918151855e-01,8.358218669891357422e-01,-4.793177843093872070e-01,3.350902199745178223e-01,2.559119894672967632e-01,9.049066441078400524e-01,-4.402372641267265352e-01,4.009331789361376686e-01
3.381389752030372620e-02,-3.912793099880218506e-02,6.423451006412506104e-02,1.119345426559448242e-02,2.588524520397186279e-01,8.363500833511352539e-01,-4.793091714382171631e-01,3.350928723812103271e-01,2.554439145545019385e-01,9.053519804405872895e-01,-4.402393004699146628e-01,4.009975678931672616e-01
3.382733464241027832e-02,-3.909546136856079102e-02,6.429404020309448242e-02,1.124019920825958252e-02,2.584497034549713135e-01,8.368672132492065430e-01,-4.792990386486053467e-01,3.350970745086669922e-01,2.549749813309819535e-01,9.057868800586946767e-01,-4.402424118925486463e-01,4.010619450816673703e-01
3.383985534310340881e-02,-3.906302154064178467e-02,6.435308605432510376e-02,1.128645241260528564e-02,2.580481767654418945e-01,8.373742699623107910e-01,-4.792881309986114502e-01,3.351038098335266113e-01,2.545052179198721287e-01,9.062117768261596096e-01,-4.402465804371720193e-01,4.011263062595838980e-01
3.385154157876968384e-02,-3.903065621852874756e-02,6.441161036491394043e-02,1.133224368095397949e-02,2.576479911804199219e-01,8.378716707229614258e-01,-4.792763590812683105e-01,3.351125121116638184e-01,2.540346512738019258e-01,9.066270837304061248e-01,-4.402517884114655611e-01,4.011906472766088028e-01
3.386239707469940186e-02,-3.899827599525451660e-02,6.446968019008636475e-02,1.137760281562805176e-02,2.572485506534576416e-01,8.383596539497375488e-01,-4.792636036872863770e-01,3.351232409477233887e-01,2.535633071748153999e-01,9.070331928845798419e-01,-4.402580183882125464e-01,4.012549640741817636e-01
3.387247398495674133e-02,-3.896592557430267334e-02,6.452726572751998901e-02,1.142250001430511475e-02,2.568503022193908691e-01,8.388385176658630371e-01,-4.792498946189880371e-01,3.351358473300933838e-01,2.530912102343066405e-01,9.074304755297354363e-01,-4.402652532053560330e-01,4.013192526854909015e-01
3.388179838657379150e-02,-3.893364965915679932e-02,6.458439677953720093e-02,1.146699488162994385e-02,2.564532756805419922e-01,8.393089175224304199e-01,-4.792355597019195557e-01,3.351502716541290283e-01,2.526183838929370040e-01,9.078192820372423810e-01,-4.402734759659191477e-01,4.013835092354719469e-01
3.389036655426025391e-02,-3.890138864517211914e-02,6.464113295078277588e-02,1.151107251644134521e-02,2.560572326183319092e-01,8.397707939147949219e-01,-4.792205691337585449e-01,3.351668119430541992e-01,2.521448504205882624e-01,9.081999419109711980e-01,-4.402826700380843561e-01,4.014477299408073518e-01
3.389823436737060547e-02,-3.886911273002624512e-02,6.469746679067611694e-02,1.155476272106170654e-02,2.556618154048919678e-01,8.402245640754699707e-01,-4.792046546936035156e-01,3.351850211620330811e-01,2.516706309162715649e-01,9.085727637898083353e-01,-4.402928190551259058e-01,4.015119111099300642e-01
3.390544652938842773e-02,-3.883691132068634033e-02,6.475333124399185181e-02,1.159808039665222168e-02,2.552676200866699219e-01,8.406704664230346680e-01,-4.791878759860992432e-01,3.352044820785522461e-01,2.511957453080655434e-01,9.089380354496249259e-01,-4.403039069154546792e-01,4.015760491430185875e-01
3.391198068857192993e-02,-3.880468010902404785e-02,6.480889022350311279e-02,1.164101064205169678e-02,2.548740506172180176e-01,8.411088585853576660e-01,-4.791706800460815430e-01,3.352261185646057129e-01,2.507202123530414273e-01,9.092960238060642242e-01,-4.403159177825958226e-01,4.016401405319980911e-01
3.391768038272857666e-02,-3.877252340316772461e-02,6.486390531063079834e-02,1.168346405029296875e-02,2.544819712638854980e-01,8.415374755859375000e-01,-4.791525006294250488e-01,3.352496623992919922e-01,2.502439646333895484e-01,9.096443747786607803e-01,-4.403288466761360875e-01,4.017041741296983881e-01
3.392262756824493408e-02,-3.874033689498901367e-02,6.491851806640625000e-02,1.172551512718200684e-02,2.540904581546783447e-01,8.419575691223144531e-01,-4.791333377361297607e-01,3.352750837802886963e-01,2.497670577583996077e-01,9.099845126457797306e-01,-4.403426734058270009e-01,4.017681501766346974e-01
3.392693772912025452e-02,-3.870826959609985352e-02,6.497269123792648315e-02,1.176722347736358643e-02,2.537003755569458008e-01,8.423703312873840332e-01,-4.791136980056762695e-01,3.353018760681152344e-01,2.492895300056164887e-01,9.103173464027618511e-01,-4.403573800604109190e-01,4.018320675350455784e-01
3.393058478832244873e-02,-3.867614269256591797e-02,6.502655148506164551e-02,1.180848479270935059e-02,2.533109784126281738e-01,8.427752852439880371e-01,-4.790934920310974121e-01,3.353308439254760742e-01,2.488113936137421323e-01,9.106430035185093530e-01,-4.403729520921404461e-01,4.018959228972398545e-01
3.393360972404479980e-02,-3.864410519599914551e-02,6.507997214794158936e-02,1.184950768947601318e-02,2.529224157333374023e-01,8.431733846664428711e-01,-4.790723025798797607e-01,3.353607058525085449e-01,2.483326595889139843e-01,9.109615887467777950e-01,-4.403893752260031325e-01,4.019597130417336128e-01
3.393599763512611389e-02,-3.861203789710998535e-02,6.513305753469467163e-02,1.189011335372924805e-02,2.525345981121063232e-01,8.435638546943664551e-01,-4.790505170822143555e-01,3.353924155235290527e-01,2.478533377046163444e-01,9.112731841288551626e-01,-4.404066354597207522e-01,4.020234348332348273e-01
3.393777832388877869e-02,-3.858003020286560059e-02,6.518575549125671387e-02,1.193037629127502441e-02,2.521478533744812012e-01,8.439474105834960938e-01,-4.790281653404235840e-01,3.354255855083465576e-01,2.473734365016128645e-01,9.115778489957481190e-01,-4.404247190637270437e-01,4.020870852226492986e-01
3.393890336155891418e-02,-3.854800760746002197e-02,6.523810327053070068e-02,1.197026669979095459e-02,2.517618238925933838e-01,8.443233966827392578e-01,-4.790050685405731201e-01,3.354605138301849365e-01,2.468929632878633651e-01,9.118756199704241006e-01,-4.404436125811676539e-01,4.021506612470806541e-01
3.393945470452308655e-02,-3.851602971553802490e-02,6.529007852077484131e-02,1.200984418392181396e-02,2.513767182826995850e-01,8.446926474571228027e-01,-4.789813160896301270e-01,3.354966640472412109e-01,2.464119241384588321e-01,9.121665109704898411e-01,-4.404633028279453244e-01,4.022141600298308473e-01
3.393937647342681885e-02,-3.848408162593841553e-02,6.534170359373092651e-02,1.204901933670043945e-02,2.509927153587341309e-01,8.450546264648437500e-01,-4.789571166038513184e-01,3.355347812175750732e-01,2.459303238955192761e-01,9.124505132103779559e-01,-4.404837768926748165e-01,4.022775787803973269e-01
3.393865749239921570e-02,-3.845216333866119385e-02,6.539292633533477783e-02,1.208791136741638184e-02,2.506092488765716553e-01,8.454094529151916504e-01,-4.789319634437561035e-01,3.355740308761596680e-01,2.454481661681427729e-01,9.127275952037532392e-01,-4.405050221366939578e-01,4.023409147944761455e-01
3.393734619021415710e-02,-3.842025995254516602e-02,6.544380635023117065e-02,1.212638616561889648e-02,2.502269744873046875e-01,8.457571268081665039e-01,-4.789063632488250732e-01,3.356151282787322998e-01,2.449654533323044892e-01,9.129977027657533162e-01,-4.405270261940638088e-01,4.024041654539605162e-01
3.393540531396865845e-02,-3.838835656642913818e-02,6.549428403377532959e-02,1.216456294059753418e-02,2.498451173305511475e-01,8.460974097251892090e-01,-4.788797497749328613e-01,3.356572985649108887e-01,2.444821865308028364e-01,9.132607590155589206e-01,-4.405497769715800427e-01,4.024673282269416452e-01
3.393280506134033203e-02,-3.835652768611907959e-02,6.554435193538665771e-02,1.220236718654632568e-02,2.494645416736602783e-01,8.464301824569702148e-01,-4.788525700569152832e-01,3.357011377811431885e-01,2.439983656731671002e-01,9.135166643786344354e-01,-4.405732626487614545e-01,4.025304006677044577e-01
3.392959013581275940e-02,-3.832472860813140869e-02,6.559404730796813965e-02,1.223981380462646484e-02,2.490848898887634277e-01,8.467558026313781738e-01,-4.788247048854827881e-01,3.357464671134948730e-01,2.435139894355905221e-01,9.137652965890795675e-01,-4.405974716778499611e-01,4.025933804167374230e-01
3.392569720745086670e-02,-3.829289972782135010e-02,6.564337760210037231e-02,1.227685809135437012e-02,2.487059384584426880e-01,8.470735549926757812e-01,-4.787961542606353760e-01,3.357937037944793701e-01,2.430290552608416754e-01,9.140065106919799121e-01,-4.406223927838222587e-01,4.026562652007210086e-01
3.392113000154495239e-02,-3.826114535331726074e-02,6.569225341081619263e-02,1.231358945369720459e-02,2.483279407024383545e-01,8.473835587501525879e-01,-4.787666201591491699e-01,3.358420133590698242e-01,2.425435593582088434e-01,9.142401390458125832e-01,-4.406480149643553501e-01,4.027190528325344521e-01
3.391589224338531494e-02,-3.822937607765197754e-02,6.574073433876037598e-02,1.234987378120422363e-02,2.479509115219116211e-01,8.476855158805847168e-01,-4.787364602088928223e-01,3.358923196792602539e-01,2.420574967034053449e-01,9.144659913247965566e-01,-4.406743274898949347e-01,4.027817412112580375e-01
3.391090780496597290e-02,-3.819760680198669434e-02,6.578938663005828857e-02,1.238627731800079346e-02,2.475737035274505615e-01,8.479903936386108398e-01,-4.787066578865051270e-01,3.359421789646148682e-01,2.415714512692225535e-01,9.146954285068832347e-01,-4.407012444133631135e-01,4.028443076942854750e-01
3.390610963106155396e-02,-3.816583752632141113e-02,6.583824753761291504e-02,1.242272555828094482e-02,2.471964955329895020e-01,8.482978940010070801e-01,-4.786777794361114502e-01,3.359924554824829102e-01,2.410853962219338953e-01,9.149278345749490837e-01,-4.407287580276250671e-01,4.029067510299347288e-01
3.390095010399818420e-02,-3.813409805297851562e-02,6.588684022426605225e-02,1.245896518230438232e-02,2.468199580907821655e-01,8.486008048057556152e-01,-4.786482751369476318e-01,3.360433876514434814e-01,2.405989644195091759e-01,9.151559222886220812e-01,-4.407569042643648682e-01,4.029690819026061077e-01
3.389535844326019287e-02,-3.810235857963562012e-02,6.593522429466247559e-02,1.249496638774871826e-02,2.464438974857330322e-01,8.488991260528564453e-01,-4.786185026168823242e-01,3.360956013202667236e-01,2.401121631215997199e-01,9.153797478514766883e-01,-4.407856712838348900e-01,4.030312979547162611e-01
3.388939797878265381e-02,-3.807063400745391846e-02,6.598336249589920044e-02,1.253071427345275879e-02,2.460684776306152344e-01,8.491927981376647949e-01,-4.785883128643035889e-01,3.361487388610839844e-01,2.396249989126252311e-01,9.155993557088606405e-01,-4.408150474476946190e-01,4.030933968953892554e-01
3.388304635882377625e-02,-3.803892433643341064e-02,6.603127717971801758e-02,1.256626844406127930e-02,2.456935644149780273e-01,8.494821190834045410e-01,-4.785576760768890381e-01,3.362028300762176514e-01,2.391374777017085951e-01,9.158147785493708781e-01,-4.408450213189761824e-01,4.031553765004526335e-01
3.387631848454475403e-02,-3.800721466541290283e-02,6.607896834611892700e-02,1.260155439376831055e-02,2.453192770481109619e-01,8.497667312622070312e-01,-4.785267114639282227e-01,3.362580239772796631e-01,2.386496047226582262e-01,9.160260373061651640e-01,-4.408755816620962276e-01,4.032172346124493489e-01
3.386919200420379639e-02,-3.797553479671478271e-02,6.612642109394073486e-02,1.263663172721862793e-02,2.449455857276916504e-01,8.500469326972961426e-01,-4.784953594207763672e-01,3.363141417503356934e-01,2.381613845339187741e-01,9.162331411587674168e-01,-4.409067174429121549e-01,4.032789691406075683e-01
3.386169672012329102e-02,-3.794386982917785645e-02,6.617366522550582886e-02,1.267147064208984375e-02,2.445725798606872559e-01,8.503228425979614258e-01,-4.784637093544006348e-01,3.363714218139648438e-01,2.376728210185374557e-01,9.164360875342146828e-01,-4.409384178286089861e-01,4.033405780608841917e-01
3.385385870933532715e-02,-3.791221976280212402e-02,6.622067093849182129e-02,1.270608603954315186e-02,2.442001700401306152e-01,8.505944609642028809e-01,-4.784316122531890869e-01,3.364294767379760742e-01,2.371839173841208959e-01,9.166348621088066251e-01,-4.409706721878240976e-01,4.034020594159272721e-01
3.384558856487274170e-02,-3.788056969642639160e-02,6.626742333173751831e-02,1.274046301841735840e-02,2.438281923532485962e-01,8.508610129356384277e-01,-4.783990085124969482e-01,3.364884853363037109e-01,2.366946761628028473e-01,9.168294388094733183e-01,-4.410034700905450800e-01,4.034634113150841195e-01
3.383695334196090698e-02,-3.784896433353424072e-02,6.631398200988769531e-02,1.277463138103485107e-02,2.434569597244262695e-01,8.511236310005187988e-01,-4.783662259578704834e-01,3.365487158298492432e-01,2.362050992112044445e-01,9.170197798152501800e-01,-4.410368013081663596e-01,4.035246319344319987e-01
3.382792323827743530e-02,-3.781735897064208984e-02,6.636026501655578613e-02,1.280854642391204834e-02,2.430863082408905029e-01,8.513811826705932617e-01,-4.783328771591186523e-01,3.366097211837768555e-01,2.357151877104013415e-01,9.172058355588096346e-01,-4.410706558134893651e-01,4.035857195167239508e-01
3.381850570440292358e-02,-3.778575360774993896e-02,6.640633195638656616e-02,1.284222304821014404e-02,2.427161782979965210e-01,8.516343235969543457e-01,-4.782991707324981689e-01,3.366718590259552002e-01,2.352249421658802742e-01,9.173875447278267981e-01,-4.411050237806884433e-01,4.036466723714408067e-01
3.380870819091796875e-02,-3.775417804718017578e-02,6.645212322473526001e-02,1.287570595741271973e-02,2.423465847969055176e-01,8.518828153610229492e-01,-4.782648086547851562e-01,3.367345929145812988e-01,2.347343624074989532e-01,9.175648342665665425e-01,-4.411398955853448878e-01,4.037074888747637647e-01
3.379848971962928772e-02,-3.772263228893280029e-02,6.649769842624664307e-02,1.290892064571380615e-02,2.419778406620025635e-01,8.521267175674438477e-01,-4.782303571701049805e-01,3.367986381053924561e-01,2.342434475894651091e-01,9.177376193773579827e-01,-4.411752618044129104e-01,4.037681674695631218e-01
3.378785029053688049e-02,-3.769108653068542480e-02,6.654298305511474609e-02,1.294191181659698486e-02,2.416094988584518433e-01,8.523653149604797363e-01,-4.781950712203979492e-01,3.368634879589080811e-01,2.337521961902814527e-01,9.179058035218528033e-01,-4.412111132162535032e-01,4.038287066654410173e-01
3.377679362893104553e-02,-3.765955567359924316e-02,6.658804416656494141e-02,1.297461986541748047e-02,2.412419319152832031e-01,8.525991439819335938e-01,-4.781596064567565918e-01,3.369297087192535400e-01,2.332606060127258296e-01,9.180692784227200143e-01,-4.412474408006348825e-01,4.038891050386815840e-01
3.376577049493789673e-02,-3.762803971767425537e-02,6.663306057453155518e-02,1.300734281539916992e-02,2.408744096755981445e-01,8.528329730033874512e-01,-4.781239628791809082e-01,3.369955122470855713e-01,2.327689448950842344e-01,9.182331702392582118e-01,-4.412842017794432192e-01,4.039493500153055194e-01
3.375503793358802795e-02,-3.759650886058807373e-02,6.667833030223846436e-02,1.304014027118682861e-02,2.405068874359130859e-01,8.530703783035278320e-01,-4.780892431735992432e-01,3.370614945888519287e-01,2.322774077906253620e-01,9.184011934460496462e-01,-4.413213626358932218e-01,4.040094320805759365e-01
3.374407812952995300e-02,-3.756497800350189209e-02,6.672348082065582275e-02,1.307281851768493652e-02,2.401395440101623535e-01,8.533051609992980957e-01,-4.780542850494384766e-01,3.371280133724212646e-01,2.317856618260522583e-01,9.185668351658345943e-01,-4.413589561823505480e-01,4.040693636289675039e-01
3.373289108276367188e-02,-3.753344714641571045e-02,6.676849722862243652e-02,1.310533285140991211e-02,2.397725880146026611e-01,8.535372018814086914e-01,-4.780191183090209961e-01,3.371952772140502930e-01,2.312937139474558201e-01,9.187301694940193109e-01,-4.413969727188051251e-01,4.041291430129742013e-01
3.372148796916007996e-02,-3.750191628932952881e-02,6.681337952613830566e-02,1.313771307468414307e-02,2.394060343503952026e-01,8.537666797637939453e-01,-4.779836833477020264e-01,3.372630476951599121e-01,2.308015708246125841e-01,9.188912665105638533e-01,-4.414354026965770506e-01,4.041887686352660380e-01
3.370990604162216187e-02,-3.747041523456573486e-02,6.685812026262283325e-02,1.316994428634643555e-02,2.390400022268295288e-01,8.539937138557434082e-01,-4.779481291770935059e-01,3.373313546180725098e-01,2.303092388509704325e-01,9.190501922809097834e-01,-4.414742367183392413e-01,4.042482389486905525e-01
3.369808197021484375e-02,-3.743894398212432861e-02,6.690274924039840698e-02,1.320204138755798340e-02,2.386744767427444458e-01,8.542183041572570801e-01,-4.779125452041625977e-01,3.374005258083343506e-01,2.298167241436432084e-01,9.192070088567471098e-01,-4.415134655381174889e-01,4.043075524562649292e-01
3.368608653545379639e-02,-3.740742802619934082e-02,6.694727391004562378e-02,1.323400437831878662e-02,2.383089810609817505e-01,8.544404506683349609e-01,-4.778766036033630371e-01,3.374700546264648438e-01,2.293240325434078575e-01,9.193617742772161039e-01,-4.415530800612451623e-01,4.043667077111721686e-01
3.367390483617782593e-02,-3.737595677375793457e-02,6.699164211750030518e-02,1.326584815979003906e-02,2.379440665245056152e-01,8.546603322029113770e-01,-4.778405129909515381e-01,3.375399708747863770e-01,2.288311696146653751e-01,9.195145425691809704e-01,-4.415930713444424782e-01,4.044257033167930060e-01
3.366153314709663391e-02,-3.734448552131652832e-02,6.703591346740722656e-02,1.329755783081054688e-02,2.375794649124145508e-01,8.548778891563415527e-01,-4.778043031692504883e-01,3.376106023788452148e-01,2.283381406454585150e-01,9.196653637485964206e-01,-4.416334305957486106e-01,4.044845379266597818e-01
3.364897519350051880e-02,-3.731299936771392822e-02,6.708008795976638794e-02,1.332914829254150391e-02,2.372150421142578125e-01,8.550933599472045898e-01,-4.777678847312927246e-01,3.376817107200622559e-01,2.278449506474381492e-01,9.198142838211641470e-01,-4.416741491745439507e-01,4.045432102444815325e-01
3.363622725009918213e-02,-3.728152811527252197e-02,6.712414324283599854e-02,1.336058974266052246e-02,2.368511259555816650e-01,8.553063869476318359e-01,-4.777314066886901855e-01,3.377534747123718262e-01,2.273516043558631294e-01,9.199613447830428115e-01,-4.417152185915621532e-01,4.046017190241500971e-01
3.362333029508590698e-02,-3.725008666515350342e-02,6.716806441545486450e-02,1.339197158813476562e-02,2.364874631166458130e-01,8.555175662040710449e-01,-4.776946008205413818e-01,3.378252983093261719e-01,2.268581062295892126e-01,9.201065846218878796e-01,-4.417566305088894696e-01,4.046600630697269052e-01
3.361023962497711182e-02,-3.721861541271209717e-02,6.721191108226776123e-02,1.342315971851348877e-02,2.361242175102233887e-01,8.557264208793640137e-01,-4.776577651500701904e-01,3.378981649875640869e-01,2.263644604510451352e-01,9.202500373176705217e-01,-4.417983767399197848e-01,4.047182412354421999e-01
3.359696269035339355e-02,-3.718720376491546631e-02,6.725563853979110718e-02,1.345428824424743652e-02,2.357613146305084229e-01,8.559333682060241699e-01,-4.776208996772766113e-01,3.379713296890258789e-01,2.258706709262320589e-01,9.203917328434435552e-01,-4.418404492494338864e-01,4.047762524257016992e-01
3.358355164527893066e-02,-3.715576231479644775e-02,6.729924678802490234e-02,1.348525285720825195e-02,2.353987991809844971e-01,8.561379313468933105e-01,-4.775837063789367676e-01,3.380449116230010986e-01,2.253767412847133556e-01,9.205316971661617886e-01,-4.418828401535199735e-01,4.048340955950890940e-01
3.357000276446342468e-02,-3.712435066699981689e-02,6.734274327754974365e-02,1.351611316204071045e-02,2.350367307662963867e-01,8.563408255577087402e-01,-4.775464534759521484e-01,3.381188511848449707e-01,2.248826748795943464e-01,9.206699522476653463e-01,-4.419255417196305546e-01,4.048917697483616629e-01
3.355624526739120483e-02,-3.709293901920318604e-02,6.738612055778503418e-02,1.354686915874481201e-02,2.346748262643814087e-01,8.565413951873779297e-01,-4.775089025497436523e-01,3.381932675838470459e-01,2.243884747875167784e-01,9.208065160453912101e-01,-4.419685463665596337e-01,4.049492739404443875e-01
3.354240953922271729e-02,-3.706148266792297363e-02,6.742949783802032471e-02,1.357755064964294434e-02,2.343128770589828491e-01,8.567410111427307129e-01,-4.774713814258575439e-01,3.382681310176849365e-01,2.238941881226863273e-01,9.209421465240017479e-01,-4.420118394546279084e-01,4.050066032167572438e-01
3.352861851453781128e-02,-3.703007102012634277e-02,6.747288256883621216e-02,1.360821723937988281e-02,2.339513301849365234e-01,8.569409847259521484e-01,-4.774341285228729248e-01,3.383430838584899902e-01,2.233999295287135700e-01,9.210787359284575704e-01,-4.420553954640653038e-01,4.050637464613223160e-01
3.351472318172454834e-02,-3.699864447116851807e-02,6.751622259616851807e-02,1.363879442214965820e-02,2.335899472236633301e-01,8.571397066116333008e-01,-4.773967862129211426e-01,3.384185135364532471e-01,2.229055838734410599e-01,9.212143193293853560e-01,-4.420992263654471288e-01,4.051207136331249070e-01
3.350075334310531616e-02,-3.696723282337188721e-02,6.755945086479187012e-02,1.366928219795227051e-02,2.332289218902587891e-01,8.573370575904846191e-01,-4.773592352867126465e-01,3.384939134120941162e-01,2.224111564843520017e-01,9.213489549603885997e-01,-4.421433246370222170e-01,4.051775036803830221e-01
3.348667919635772705e-02,-3.693585097789764404e-02,6.760262697935104370e-02,1.369971036911010742e-02,2.328682094812393188e-01,8.575333356857299805e-01,-4.773218333721160889e-01,3.385697603225708008e-01,2.219166525282486035e-01,9.214826989916382605e-01,-4.421876828895113798e-01,4.052341155908949499e-01
3.347250074148178101e-02,-3.690442442893981934e-02,6.764574348926544189e-02,1.373004913330078125e-02,2.325075119733810425e-01,8.577281236648559570e-01,-4.772840440273284912e-01,3.386458456516265869e-01,2.214220770112307612e-01,9.216156055308015738e-01,-4.422322938662094916e-01,4.052905483920269392e-01
3.345827385783195496e-02,-3.687304258346557617e-02,6.768882274627685547e-02,1.376032829284667969e-02,2.321472615003585815e-01,8.579223155975341797e-01,-4.772465825080871582e-01,3.387222886085510254e-01,2.209274347787002490e-01,9.217477266232064759e-01,-4.422771504428836264e-01,4.053468011507236901e-01
3.344395011663436890e-02,-3.684166073799133301e-02,6.773182004690170288e-02,1.379054784774780273e-02,2.317871302366256714e-01,8.581151962280273438e-01,-4.772088229656219482e-01,3.387988209724426270e-01,2.204327305153503669e-01,9.218791122528255944e-01,-4.423222456278406711e-01,4.054028729735028036e-01
3.342951834201812744e-02,-3.681026399135589600e-02,6.777478754520416260e-02,1.382066309452056885e-02,2.314272373914718628e-01,8.583068251609802246e-01,-4.771711230278015137e-01,3.388759493827819824e-01,2.199379687451583076e-01,9.220098103427133429e-01,-4.423675725619278243e-01,4.054587630064602211e-01
3.341506049036979675e-02,-3.677885234355926514e-02,6.781771779060363770e-02,1.385070383548736572e-02,2.310675233602523804e-01,8.584976792335510254e-01,-4.771334230899810791e-01,3.389533162117004395e-01,2.194431538313846852e-01,9.221398667555529283e-01,-4.424131245184755312e-01,4.055144704352539597e-01
3.340052068233489990e-02,-3.674748539924621582e-02,6.786056607961654663e-02,1.388072967529296875e-02,2.307080328464508057e-01,8.586876988410949707e-01,-4.770955443382263184e-01,3.390305936336517334e-01,2.189482899765715085e-01,9.222693252944763609e-01,-4.424588949033543273e-01,4.055699944851383631e-01
3.338589891791343689e-02,-3.671610355377197266e-02,6.790339201688766479e-02,1.391065120697021484e-02,2.303487956523895264e-01,8.588765859603881836e-01,-4.770578145980834961e-01,3.391084671020507812e-01,2.184533812225180616e-01,9.223982277033377919e-01,-4.425048772549634579e-01,4.056253344209238554e-01
3.337122872471809387e-02,-3.668470680713653564e-02,6.794618815183639526e-02,1.394051313400268555e-02,2.299896478652954102e-01,8.590648174285888672e-01,-4.770199954509735107e-01,3.391865491867065430e-01,2.179584314502960307e-01,9.225266136676973927e-01,-4.425510652441970172e-01,4.056804895469988681e-01
3.335652872920036316e-02,-3.665331006050109863e-02,6.798891723155975342e-02,1.397033035755157471e-02,2.296306788921356201e-01,8.592522144317626953e-01,-4.769819974899291992e-01,3.392645418643951416e-01,2.174634443802274941e-01,9.226545208151496480e-01,-4.425974526744890225e-01,4.057354592073373345e-01
3.334173932671546936e-02,-3.662194311618804932e-02,6.803160905838012695e-02,1.400008797645568848e-02,2.292720675468444824e-01,8.594387173652648926e-01,-4.769441485404968262e-01,3.393429815769195557e-01,2.169684235718979115e-01,9.227819847159245414e-01,-4.426440334817908773e-01,4.057902427854761518e-01
3.332690894603729248e-02,-3.659057617187500000e-02,6.807424128055572510e-02,1.402978599071502686e-02,2.289136201143264771e-01,8.596244454383850098e-01,-4.769061207771301270e-01,3.394214808940887451e-01,2.164733724241259261e-01,9.229090388836531655e-01,-4.426908017345602131e-01,4.058448397045324452e-01
3.331206738948822021e-02,-3.655919432640075684e-02,6.811685860157012939e-02,1.405942440032958984e-02,2.285553216934204102e-01,8.598096370697021484e-01,-4.768681824207305908e-01,3.395001292228698730e-01,2.159782941749838758e-01,9.230357147758048164e-01,-4.427377516337944741e-01,4.058992494271944640e-01
3.329713642597198486e-02,-3.652782738208770752e-02,6.815946102142333984e-02,1.408901810646057129e-02,2.281971871852874756e-01,8.599942326545715332e-01,-4.768302738666534424e-01,3.395791947841644287e-01,2.154831919017727027e-01,9.231620417943980916e-01,-4.427848775129974435e-01,4.059534714557358481e-01
3.328219801187515259e-02,-3.649646043777465820e-02,6.820200383663177490e-02,1.411855220794677734e-02,2.278392910957336426e-01,8.601780533790588379e-01,-4.767923951148986816e-01,3.396582603454589844e-01,2.149880709563521397e-01,9.232880558175129426e-01,-4.428321712258306841e-01,4.060075043848128118e-01
3.326721489429473877e-02,-3.646512329578399658e-02,6.824450194835662842e-02,1.414807140827178955e-02,2.274816334247589111e-01,8.603615164756774902e-01,-4.767543673515319824e-01,3.397373557090759277e-01,2.144929631984924256e-01,9.234138840533825388e-01,-4.428795961511136636e-01,4.060613364764011912e-01
3.325218334794044495e-02,-3.643372654914855957e-02,6.828701496124267578e-02,1.417750120162963867e-02,2.271239161491394043e-01,8.605440855026245117e-01,-4.767163395881652832e-01,3.398168981075286865e-01,2.139978464091256416e-01,9.235394627731319250e-01,-4.429271736377431989e-01,4.061149770024117811e-01
3.323715925216674805e-02,-3.640237450599670410e-02,6.832946836948394775e-02,1.420693099498748779e-02,2.267664521932601929e-01,8.607265949249267578e-01,-4.766783118247985840e-01,3.398962616920471191e-01,2.135027236052622901e-01,9.236648151826311048e-01,-4.429748979240930029e-01,4.061684253967125513e-01
3.322207555174827576e-02,-3.637099266052246094e-02,6.837189942598342896e-02,1.423627138137817383e-02,2.264091223478317261e-01,8.609080910682678223e-01,-4.766402542591094971e-01,3.399759531021118164e-01,2.130075976633389601e-01,9.237899625038085150e-01,-4.430227633593723513e-01,4.062216811248989257e-01
3.320696577429771423e-02,-3.633965551853179932e-02,6.841429322957992554e-02,1.426556706428527832e-02,2.260522544384002686e-01,8.610892295837402344e-01,-4.766024351119995117e-01,3.400558829307556152e-01,2.125124713192090287e-01,9.239149239749240294e-01,-4.430707644036149806e-01,4.062747436842796822e-01
3.319186717271804810e-02,-3.630830347537994385e-02,6.845664978027343750e-02,1.429484784603118896e-02,2.256953418254852295e-01,8.612700700759887695e-01,-4.765642583370208740e-01,3.401355147361755371e-01,2.120173471681304211e-01,9.240397168511157444e-01,-4.431188956277239965e-01,4.063276126038638525e-01
3.317670151591300964e-02,-3.627693653106689453e-02,6.849899888038635254e-02,1.432409882545471191e-02,2.253383547067642212e-01,8.614501953125000000e-01,-4.765261411666870117e-01,3.402154743671417236e-01,2.115222276647720501e-01,9.241643564048920290e-01,-4.431671517134041505e-01,4.063802874443828150e-01
3.316152095794677734e-02,-3.624559938907623291e-02,6.854131817817687988e-02,1.435326039791107178e-02,2.249819934368133545e-01,8.616300821304321289e-01,-4.764882922172546387e-01,3.402957916259765625e-01,2.110271151231959130e-01,9.242888559264595960e-01,-4.432155274532301736e-01,4.064327677982813025e-01
3.314632177352905273e-02,-3.621424734592437744e-02,6.858360767364501953e-02,1.438242197036743164e-02,2.246254682540893555e-01,8.618094921112060547e-01,-4.764502048492431641e-01,3.403759300708770752e-01,2.105320117168627547e-01,9.244132267245984691e-01,-4.432640177505665080e-01,4.064850532897082425e-01
3.313111513853073120e-02,-3.618289530277252197e-02,6.862585991621017456e-02,1.441152393817901611e-02,2.242691516876220703e-01,8.619882464408874512e-01,-4.764120578765869141e-01,3.404561579227447510e-01,2.100369194786236016e-01,9.245374781266065822e-01,-4.433126176196590662e-01,4.065371435745412376e-01
3.311586007475852966e-02,-3.615155816078186035e-02,6.866811960935592651e-02,1.444061100482940674e-02,2.239129841327667236e-01,8.621668219566345215e-01,-4.763740897178649902e-01,3.405366837978363037e-01,2.095418403007134889e-01,9.246616174792847698e-01,-4.433613221855776110e-01,4.065890383403619746e-01
3.310061246156692505e-02,-3.612020611763000488e-02,6.871031969785690308e-02,1.446963846683502197e-02,2.235569655895233154e-01,8.623448610305786133e-01,-4.763359725475311279e-01,3.406170904636383057e-01,2.090467759347434396e-01,9.247856501490456793e-01,-4.434101266842165878e-01,4.066407373064532815e-01
3.308533877134323120e-02,-3.608885407447814941e-02,6.875251233577728271e-02,1.449863612651824951e-02,2.232010960578918457e-01,8.625225424766540527e-01,-4.762978553771972656e-01,3.406976461410522461e-01,2.085517279917080968e-01,9.249095795226239813e-01,-4.434590264623170519e-01,4.066922402238306589e-01
3.307005017995834351e-02,-3.605753183364868164e-02,6.879467517137527466e-02,1.452760398387908936e-02,2.228454649448394775e-01,8.627000451087951660e-01,-4.762598574161529541e-01,3.407783508300781250e-01,2.080566979419604390e-01,9.250334070074052173e-01,-4.435080169774559544e-01,4.067435468752148564e-01
3.305473551154136658e-02,-3.602619469165802002e-02,6.883680820465087891e-02,1.455654203891754150e-02,2.224898189306259155e-01,8.628768920898437500e-01,-4.762216806411743164e-01,3.408589959144592285e-01,2.075616871152310694e-01,9.251571320319723624e-01,-4.435570937980455875e-01,4.067946570750308188e-01
3.303941339254379272e-02,-3.599482774734497070e-02,6.887892633676528931e-02,1.458539068698883057e-02,2.221343815326690674e-01,8.630532026290893555e-01,-4.761835336685180664e-01,3.409399390220642090e-01,2.070666967006007109e-01,9.252807520465974322e-01,-4.436062526033340836e-01,4.068455706694298901e-01
3.302405029535293579e-02,-3.596350550651550293e-02,6.892101466655731201e-02,1.461425423622131348e-02,2.217791229486465454e-01,8.632293939590454102e-01,-4.761454463005065918e-01,3.410209119319915771e-01,2.065717277465153878e-01,9.254042625235696651e-01,-4.436554891834164072e-01,4.068962875362687748e-01
3.300870209932327271e-02,-3.593216836452484131e-02,6.896305084228515625e-02,1.464305818080902100e-02,2.214240431785583496e-01,8.634049296379089355e-01,-4.761071801185607910e-01,3.411017060279846191e-01,2.060767811607623345e-01,9.255276569579067303e-01,-4.437047994391891681e-01,4.069468075851225275e-01
3.299340605735778809e-02,-3.590084612369537354e-02,6.900511682033538818e-02,1.467189192771911621e-02,2.210689932107925415e-01,8.635811805725097656e-01,-4.760690927505493164e-01,3.411824405193328857e-01,2.055819323652495201e-01,9.256519642046862062e-01,-4.437541306672059815e-01,4.069971154142677516e-01
3.297810256481170654e-02,-3.586950898170471191e-02,6.904721260070800781e-02,1.470068097114562988e-02,2.207140028476715088e-01,8.637572526931762695e-01,-4.760311245918273926e-01,3.412635922431945801e-01,2.050871303835247184e-01,9.257764566552116881e-01,-4.438035126637859817e-01,4.070472216023391931e-01
3.296282514929771423e-02,-3.583817183971405029e-02,6.908927112817764282e-02,1.472942531108856201e-02,2.203592360019683838e-01,8.639332652091979980e-01,-4.759931862354278564e-01,3.413445353507995605e-01,2.045923704714932012e-01,9.259010491636701090e-01,-4.438529450753416761e-01,4.070971272289799492e-01
3.294754028320312500e-02,-3.580683469772338867e-02,6.913129985332489014e-02,1.475816965103149414e-02,2.200045138597488403e-01,8.641088604927062988e-01,-4.759549498558044434e-01,3.414253890514373779e-01,2.040976544571496964e-01,9.260257478840586698e-01,-4.439024232787667779e-01,4.071468320259331031e-01
3.293225169181823730e-02,-3.577551245689392090e-02,6.917332112789154053e-02,1.478688418865203857e-02,2.196499407291412354e-01,8.642844557762145996e-01,-4.759169518947601318e-01,3.415063917636871338e-01,2.036029840778372513e-01,9.261505576860527000e-01,-4.439519427291775955e-01,4.071963357463884714e-01
3.291699290275573730e-02,-3.574420511722564697e-02,6.921532005071640015e-02,1.481559872627258301e-02,2.192955613136291504e-01,8.644600510597229004e-01,-4.758789241313934326e-01,3.415871560573577881e-01,2.031083609802317447e-01,9.262754821552241502e-01,-4.440014989599235795e-01,4.072456381649784962e-01
3.290168941020965576e-02,-3.571285307407379150e-02,6.925733387470245361e-02,1.484423875808715820e-02,2.189411520957946777e-01,8.646349906921386719e-01,-4.758408665657043457e-01,3.416684269905090332e-01,2.026137867203428033e-01,9.264005235935884874e-01,-4.440510875825992576e-01,4.072947390777713617e-01
3.288644552230834961e-02,-3.568151593208312988e-02,6.929929554462432861e-02,1.487287878990173340e-02,2.185868918895721436e-01,8.648101091384887695e-01,-4.758027791976928711e-01,3.417491912841796875e-01,2.021192627635210182e-01,9.265256830196045845e-01,-4.441007042869875576e-01,4.073436383022848717e-01
3.287117183208465576e-02,-3.565022349357604980e-02,6.934123486280441284e-02,1.490150392055511475e-02,2.182329595088958740e-01,8.649849295616149902e-01,-4.757646918296813965e-01,3.418301343917846680e-01,2.016247904844363781e-01,9.266509601688305287e-01,-4.441503448411160404e-01,4.073923356774775129e-01
3.285589814186096191e-02,-3.561890125274658203e-02,6.938318908214569092e-02,1.493011415004730225e-02,2.178788483142852783e-01,8.651596903800964355e-01,-4.757266640663146973e-01,3.419111371040344238e-01,2.011303711670930083e-01,9.267763534939787995e-01,-4.442000050912459641e-01,4.074408310637425146e-01
3.284065425395965576e-02,-3.558757901191711426e-02,6.942510604858398438e-02,1.495867967605590820e-02,2.175250202417373657e-01,8.653343319892883301e-01,-4.756886065006256104e-01,3.419920802116394043e-01,2.006360060048163751e-01,9.269018601652437850e-01,-4.442496809618607378e-01,4.074891243429298315e-01
3.282540291547775269e-02,-3.555627167224884033e-02,6.946700066328048706e-02,1.498720049858093262e-02,2.171714752912521362e-01,8.655085563659667969e-01,-4.756505787372589111e-01,3.420731425285339355e-01,2.001416961002534245e-01,9.270274760708490103e-01,-4.442993684556548195e-01,4.075372154183179441e-01
3.281015530228614807e-02,-3.552494943141937256e-02,6.950889527797698975e-02,1.501573622226715088e-02,2.168177366256713867e-01,8.656828403472900391e-01,-4.756124615669250488e-01,3.421540856361389160e-01,1.996474424653716662e-01,9.271531958170466936e-01,-4.443490636535561422e-01,4.075851042146331205e-01
3.279491141438484192e-02,-3.549364209175109863e-02,6.955077499151229858e-02,1.504424214363098145e-02,2.164642214775085449e-01,8.658568859100341797e-01,-4.755743741989135742e-01,3.422349989414215088e-01,1.991532460214486544e-01,9.272790127286647532e-01,-4.443987627147488184e-01,4.076327906780392030e-01
3.277965635061264038e-02,-3.546230494976043701e-02,6.959264725446701050e-02,1.507267355918884277e-02,2.161108404397964478e-01,8.660305738449096680e-01,-4.755364060401916504e-01,3.423163294792175293e-01,1.986591075990771782e-01,9.274049188492702323e-01,-4.444484618765826567e-01,4.076802747761518741e-01
3.276440501213073730e-02,-3.543099761009216309e-02,6.963448226451873779e-02,1.510113477706909180e-02,2.157575488090515137e-01,8.662042021751403809e-01,-4.754981994628906250e-01,3.423972129821777344e-01,1.981650279381690083e-01,9.275309049416075036e-01,-4.444981574546975067e-01,4.077275564980235023e-01
3.274919092655181885e-02,-3.539967536926269531e-02,6.967628002166748047e-02,1.512958109378814697e-02,2.154042273759841919e-01,8.663776516914367676e-01,-4.754599034786224365e-01,3.424779176712036133e-01,1.976710076879296119e-01,9.276569604877072939e-01,-4.445478458429102386e-01,4.077746358541449179e-01
3.273393586277961731e-02,-3.536838293075561523e-02,6.971807777881622314e-02,1.515796780586242676e-02,2.150513380765914917e-01,8.665509223937988281e-01,-4.754218459129333496e-01,3.425590395927429199e-01,1.971770474068813561e-01,9.277830736894876473e-01,-4.445975235132827441e-01,4.078215128764477448e-01
3.271868824958801270e-02,-3.533706068992614746e-02,6.975984573364257812e-02,1.518633961677551270e-02,2.146982848644256592e-01,8.667235970497131348e-01,-4.753834903240203857e-01,3.426400125026702881e-01,1.966831475628426917e-01,9.279092314686452347e-01,-4.446471870161216033e-01,4.078681876183194444e-01
3.270346671342849731e-02,-3.530578315258026123e-02,6.980161368846893311e-02,1.521471142768859863e-02,2.143455743789672852e-01,8.668968677520751953e-01,-4.753454923629760742e-01,3.427209258079528809e-01,1.961893085329343145e-01,9.280354194673654522e-01,-4.446968329799217412e-01,4.079146601545779460e-01
3.268824517726898193e-02,-3.527447581291198730e-02,6.984330713748931885e-02,1.524302363395690918e-02,2.139929682016372681e-01,8.670691251754760742e-01,-4.753070473670959473e-01,3.428016901016235352e-01,1.956955306035795816e-01,9.281616220483775992e-01,-4.447464581114341509e-01,4.079609305814809184e-01
3.267300873994827271e-02,-3.524318337440490723e-02,6.988501548767089844e-02,1.527132093906402588e-02,2.136404812335968018e-01,8.672414422035217285e-01,-4.752688407897949219e-01,3.428826332092285156e-01,1.952018139704913280e-01,9.282878222954469294e-01,-4.447960591956323650e-01,4.080069990167368155e-01
3.265774995088577271e-02,-3.521187603473663330e-02,6.992670893669128418e-02,1.529960334300994873e-02,2.132878899574279785e-01,8.674135208129882812e-01,-4.752305448055267334e-01,3.429635763168334961e-01,1.947081587386736978e-01,9.284140020133737625e-01,-4.448456330956891414e-01,4.080528655994946630e-01
3.264251723885536194e-02,-3.518059849739074707e-02,6.996834278106689453e-02,1.532784104347229004e-02,2.129357755184173584e-01,8.675851225852966309e-01,-4.751921296119689941e-01,3.430444300174713135e-01,1.942145649224297499e-01,9.285401417285414905e-01,-4.448951767530298085e-01,4.080985304903381738e-01
3.262724727392196655e-02,-3.514927625656127930e-02,7.000997662544250488e-02,1.535607874393463135e-02,2.125833034515380859e-01,8.677565455436706543e-01,-4.751536250114440918e-01,3.431252837181091309e-01,1.937210324453443044e-01,9.286662206892437599e-01,-4.449446871873101728e-01,4.081439938713017357e-01
3.261201083660125732e-02,-3.511801362037658691e-02,7.005155086517333984e-02,1.538425683975219727e-02,2.122314572334289551e-01,8.679276108741760254e-01,-4.751151800155639648e-01,3.432060480117797852e-01,1.932275611402946569e-01,9.287922168657392064e-01,-4.449941614963945913e-01,4.081892559458575320e-01
3.259671851992607117e-02,-3.508675098419189453e-02,7.009310275316238403e-02,1.541244983673095703e-02,2.118795216083526611e-01,8.680983781814575195e-01,-4.750766754150390625e-01,3.432868421077728271e-01,1.927341507494382822e-01,9.289181069507438382e-01,-4.450435968563803968e-01,4.082343169389182069e-01
3.258143365383148193e-02,-3.505544364452362061e-02,7.013464719057083130e-02,1.544053852558135986e-02,2.115278095006942749e-01,8.682684898376464844e-01,-4.750382006168365479e-01,3.433679044246673584e-01,1.922408009242127791e-01,9.290438663597041513e-01,-4.450929905215907922e-01,4.082791770968463574e-01
3.256613761186599731e-02,-3.502419590950012207e-02,7.017613202333450317e-02,1.546865701675415039e-02,2.111762464046478271e-01,8.684385418891906738e-01,-4.749996066093444824e-01,3.434487283229827881e-01,1.917475112253383962e-01,9.291694692310158432e-01,-4.451423398245749619e-01,4.083238366874370473e-01
3.255083411931991577e-02,-3.499291837215423584e-02,7.021760195493698120e-02,1.549671590328216553e-02,2.108247876167297363e-01,8.686081171035766602e-01,-4.749609827995300293e-01,3.435296118259429932e-01,1.912542811228135353e-01,9.292948884262970388e-01,-4.451916421761084042e-01,4.083682959999321294e-01
3.253548592329025269e-02,-3.496165573596954346e-02,7.025902718305587769e-02,1.552474498748779297e-02,2.104734778404235840e-01,8.687770366668701172e-01,-4.749223291873931885e-01,3.436106443405151367e-01,1.907611099959118095e-01,9.294200955308259404e-01,-4.452408950651927100e-01,4.084125553450191348e-01
3.252014517784118652e-02,-3.493039309978485107e-02,7.030039280652999878e-02,1.555277407169342041e-02,2.101221680641174316e-01,8.689457774162292480e-01,-4.748833775520324707e-01,3.436912298202514648e-01,1.902679971331809605e-01,9.295450608536499626e-01,-4.452900960590554513e-01,4.084566150548201713e-01
3.250477835536003113e-02,-3.489913046360015869e-02,7.034172862768173218e-02,1.558075845241546631e-02,2.097710222005844116e-01,8.691138625144958496e-01,-4.748443663120269775e-01,3.437719345092773438e-01,1.897749417324369747e-01,9.296697534280777830e-01,-4.453392428031504591e-01,4.085004754829020812e-01
3.248936310410499573e-02,-3.486786782741546631e-02,7.038302719593048096e-02,1.560868322849273682e-02,2.094200551509857178e-01,8.692811131477355957e-01,-4.748053550720214844e-01,3.438529074192047119e-01,1.892819429007727983e-01,9.297941410116794536e-01,-4.453883330211573233e-01,4.085441370042795506e-01
3.247394040226936340e-02,-3.483662009239196777e-02,7.042429596185684204e-02,1.563659310340881348e-02,2.090692818164825439e-01,8.694483041763305664e-01,-4.747663140296936035e-01,3.439337909221649170e-01,1.887889996545419058e-01,9.299181900868330741e-01,-4.454373645149821148e-01,4.085876000154006760e-01
3.245846182107925415e-02,-3.480534255504608154e-02,7.046552002429962158e-02,1.566442847251892090e-02,2.087185382843017578e-01,8.696144819259643555e-01,-4.747272133827209473e-01,3.440148532390594482e-01,1.882961109193640736e-01,9.300418658608886613e-01,-4.454863351647568304e-01,4.086308649341675037e-01
3.244315087795257568e-02,-3.477409482002258301e-02,7.050679624080657959e-02,1.569233834743499756e-02,2.083679139614105225e-01,8.697822690010070801e-01,-4.746882319450378418e-01,3.440954089164733887e-01,1.878033829208123062e-01,9.301671906045987370e-01,-4.455352208919097778e-01,4.086739235319631347e-01
3.242796286940574646e-02,-3.474284708499908447e-02,7.054811716079711914e-02,1.572029292583465576e-02,2.080172300338745117e-01,8.699512481689453125e-01,-4.746493101119995117e-01,3.441756367683410645e-01,1.873108052767703258e-01,9.302939518954698173e-01,-4.455840216063507997e-01,4.087167770064212280e-01
3.241275250911712646e-02,-3.471162915229797363e-02,7.058940827846527100e-02,1.574823260307312012e-02,2.076667249202728271e-01,8.701200485229492188e-01,-4.746104776859283447e-01,3.442559540271759033e-01,1.868183020299201413e-01,9.304206809939892242e-01,-4.456327507335310356e-01,4.087594318620016431e-01
3.239754959940910339e-02,-3.468035161495208740e-02,7.063069194555282593e-02,1.577611267566680908e-02,2.073161602020263672e-01,8.702882528305053711e-01,-4.745714664459228516e-01,3.443362414836883545e-01,1.863258730445032652e-01,9.305473629204642494e-01,-4.456814061995330589e-01,4.088018884973644296e-01
3.238233178853988647e-02,-3.464908897876739502e-02,7.067193090915679932e-02,1.580399274826049805e-02,2.069656550884246826e-01,8.704562187194824219e-01,-4.745322763919830322e-01,3.444164097309112549e-01,1.858335181243473411e-01,9.306739820005575092e-01,-4.457299860024504512e-01,4.088441473301719919e-01
3.236713260412216187e-02,-3.461787104606628418e-02,7.071313261985778809e-02,1.583184301853179932e-02,2.066155970096588135e-01,8.706240653991699219e-01,-4.744932949542999268e-01,3.444964885711669922e-01,1.853412370128652842e-01,9.308005218655055479e-01,-4.457784882123878023e-01,4.088862087970811521e-01
3.235190361738204956e-02,-3.458662331104278564e-02,7.075431942939758301e-02,1.585969328880310059e-02,2.062652707099914551e-01,8.707915544509887695e-01,-4.744540750980377197e-01,3.445765674114227295e-01,1.848490293930561967e-01,9.309269654521186155e-01,-4.458269109714605993e-01,4.089280733537328238e-01
3.233666718006134033e-02,-3.455540537834167480e-02,7.079547643661499023e-02,1.588749885559082031e-02,2.059153467416763306e-01,8.709588050842285156e-01,-4.744149148464202881e-01,3.446567058563232422e-01,1.843568948875057845e-01,9.310532950032185395e-01,-4.458752524937954487e-01,4.089697414747865412e-01
3.232142329216003418e-02,-3.452415764331817627e-02,7.083659619092941284e-02,1.591522991657257080e-02,2.055655419826507568e-01,8.711252808570861816e-01,-4.743757247924804688e-01,3.447369933128356934e-01,1.838648330583718682e-01,9.311794920679115073e-01,-4.459235110655299095e-01,4.090112136538901488e-01
3.230617940425872803e-02,-3.449292480945587158e-02,7.087767869234085083e-02,1.594299077987670898e-02,2.052157223224639893e-01,8.712917566299438477e-01,-4.743362665176391602e-01,3.448169827461242676e-01,1.833728434074059221e-01,9.313055375017523785e-01,-4.459716850448128267e-01,4.090524904036785259e-01
3.229092061519622803e-02,-3.446169197559356689e-02,7.091873139142990112e-02,1.597070693969726562e-02,2.048660218715667725e-01,8.714575767517089844e-01,-4.742968082427978516e-01,3.448969721794128418e-01,1.828809253759385023e-01,9.314314114668541533e-01,-4.460197728618037205e-01,4.090935722558044496e-01
3.227563947439193726e-02,-3.443047404289245605e-02,7.095976173877716064e-02,1.599837839603424072e-02,2.045166045427322388e-01,8.716233372688293457e-01,-4.742574989795684814e-01,3.449771404266357422e-01,1.823890783448736952e-01,9.315570934323250674e-01,-4.460677730186732859e-01,4.091344597609056222e-01
3.226034715771675110e-02,-3.439927101135253906e-02,7.100068777799606323e-02,1.602609455585479736e-02,2.041670978069305420e-01,8.717884421348571777e-01,-4.742175638675689697e-01,3.450567126274108887e-01,1.818973016347049942e-01,9.316825621744325714e-01,-4.461156840896031706e-01,4.091751534886151620e-01
3.224503993988037109e-02,-3.436805307865142822e-02,7.104165107011795044e-02,1.605369150638580322e-02,2.038179934024810791e-01,8.719532489776611328e-01,-4.741781651973724365e-01,3.451369106769561768e-01,1.814055945054998120e-01,9.318077957767677555e-01,-4.461635047207862526e-01,4.092156540275726506e-01
3.222971037030220032e-02,-3.433685004711151123e-02,7.108251750469207764e-02,1.608133316040039062e-02,2.034686952829360962e-01,8.721174001693725586e-01,-4.741381406784057617e-01,3.452164828777313232e-01,1.809139561569026444e-01,9.319327716304633968e-01,-4.462112336304260851e-01,4.092559619854110320e-01
3.221438080072402954e-02,-3.430566191673278809e-02,7.112336903810501099e-02,1.610891520977020264e-02,2.031197845935821533e-01,8.722813725471496582e-01,-4.740984141826629639e-01,3.452963232994079590e-01,1.804223857281405385e-01,9.320574664346867877e-01,-4.462588696087375073e-01,4.092960779887553358e-01
3.219899162650108337e-02,-3.427442908287048340e-02,7.116420567035675049e-02,1.613642275333404541e-02,2.027708590030670166e-01,8.724444508552551270e-01,-4.740584790706634521e-01,3.453764319419860840e-01,1.799308822980151823e-01,9.321818561965296013e-01,-4.463064115179463665e-01,4.093360026832363330e-01
3.218360990285873413e-02,-3.424325585365295410e-02,7.120496034622192383e-02,1.616396009922027588e-02,2.024221420288085938e-01,8.726073503494262695e-01,-4.740184545516967773e-01,3.454561233520507812e-01,1.794394448849038204e-01,9.323059162312817838e-01,-4.463538582922894626e-01,4.093757367334777686e-01
3.216819465160369873e-02,-3.421208262443542480e-02,7.124567776918411255e-02,1.619145274162292480e-02,2.020736485719680786e-01,8.727697134017944336e-01,-4.739783406257629395e-01,3.455359339714050293e-01,1.789480724467596429e-01,9.324296211629781173e-01,-4.464012089380144377e-01,4.094152808231000251e-01
3.215273469686508179e-02,-3.418086469173431396e-02,7.128636538982391357e-02,1.621887087821960449e-02,2.017250657081604004e-01,8.729311227798461914e-01,-4.739380478858947754e-01,3.456158339977264404e-01,1.784567638811145884e-01,9.325529449241793944e-01,-4.464484625333802748e-01,4.094546356547307253e-01
3.213725239038467407e-02,-3.414970636367797852e-02,7.132698595523834229e-02,1.624628901481628418e-02,2.013768702745437622e-01,8.730922341346740723e-01,-4.738977849483489990e-01,3.456956446170806885e-01,1.779655180250655500e-01,9.326758607566285608e-01,-4.464956182286569097e-01,4.094938019499797521e-01
3.212172910571098328e-02,-3.411850333213806152e-02,7.136755436658859253e-02,1.627364754676818848e-02,2.010285854339599609e-01,8.732523322105407715e-01,-4.738571941852569580e-01,3.457753956317901611e-01,1.774743336552930817e-01,9.327983412110866235e-01,-4.465426752461250093e-01,4.095327804494623969e-01
3.210618719458580017e-02,-3.408734500408172607e-02,7.140812277793884277e-02,1.630096137523651123e-02,2.006807178258895874e-01,8.734123706817626953e-01,-4.738169610500335693e-01,3.458555936813354492e-01,1.769832094880487705e-01,9.329203581478250351e-01,-4.465896328800765813e-01,4.095715719127974164e-01
3.209060430526733398e-02,-3.405617177486419678e-02,7.144857943058013916e-02,1.632829010486602783e-02,2.003326714038848877e-01,8.735714554786682129e-01,-4.737759828567504883e-01,3.459351360797882080e-01,1.764921441791519885e-01,9.330418827367893408e-01,-4.466364904968145866e-01,4.096101771185877705e-01
3.207498043775558472e-02,-3.402499854564666748e-02,7.148897647857666016e-02,1.635552942752838135e-02,1.999849975109100342e-01,8.737295866012573242e-01,-4.737351536750793457e-01,3.460148572921752930e-01,1.760011363239988025e-01,9.331628854577086463e-01,-4.466832475346529385e-01,4.096485968644417719e-01
3.205934911966323853e-02,-3.399385511875152588e-02,7.152932137250900269e-02,1.638278365135192871e-02,1.996373534202575684e-01,8.738875389099121094e-01,-4.736940860748291016e-01,3.460943698883056641e-01,1.755101844575539527e-01,9.332833361004235773e-01,-4.467299035039166144e-01,4.096868319669682013e-01
3.204364329576492310e-02,-3.396271169185638428e-02,7.156962901353836060e-02,1.640996336936950684e-02,1.992899477481842041e-01,8.740444779396057129e-01,-4.736530184745788574e-01,3.461741805076599121e-01,1.750192870543535451e-01,9.334032037652140179e-01,-4.467764579869415442e-01,4.097248832617700898e-01
3.202786296606063843e-02,-3.393155336380004883e-02,7.160989940166473389e-02,1.643706858158111572e-02,1.989427208900451660e-01,8.742003440856933594e-01,-4.736118912696838379e-01,3.462542891502380371e-01,1.745284425285034968e-01,9.335224568628003317e-01,-4.468229106380747218e-01,4.097627516034377249e-01
3.201206773519515991e-02,-3.390042483806610107e-02,7.165005803108215332e-02,1.646420359611511230e-02,1.985954940319061279e-01,8.743556737899780273e-01,-4.735704064369201660e-01,3.463338017463684082e-01,1.740376492336824232e-01,9.336410631146148109e-01,-4.468692611836740936e-01,4.098004378655820124e-01
3.199622780084609985e-02,-3.386928141117095947e-02,7.169017195701599121e-02,1.649123430252075195e-02,1.982485949993133545e-01,8.745100498199462891e-01,-4.735288918018341064e-01,3.464136421680450439e-01,1.735469054631362806e-01,9.337589895531859252e-01,-4.469155094221088920e-01,4.098379429407849051e-01
3.198031336069107056e-02,-3.383818268775939941e-02,7.173024117946624756e-02,1.651825010776519775e-02,1.979019045829772949e-01,8.746638298034667969e-01,-4.734873473644256592e-01,3.464936316013336182e-01,1.730562094496730652e-01,9.338762025221379881e-01,-4.469616552237590801e-01,4.098752677406500289e-01
3.196433931589126587e-02,-3.380706906318664551e-02,7.177021354436874390e-02,1.654520630836486816e-02,1.975553333759307861e-01,8.748162984848022461e-01,-4.734454452991485596e-01,3.465734720230102539e-01,1.725655593656750808e-01,9.339926676766276969e-01,-4.470076985310157403e-01,4.099124131957610495e-01
3.194831311702728271e-02,-3.377594053745269775e-02,7.181016355752944946e-02,1.657213270664215088e-02,1.972087174654006958e-01,8.749683499336242676e-01,-4.734035730361938477e-01,3.466534912586212158e-01,1.720749533230956640e-01,9.341083499833451320e-01,-4.470536393582809076e-01,4.099493802557050981e-01
3.193221241235733032e-02,-3.374484181404113770e-02,7.185000181198120117e-02,1.659896969795227051e-02,1.968625932931900024e-01,8.751188516616821289e-01,-4.733614921569824219e-01,3.467335700988769531e-01,1.715843893734509962e-01,9.342232137209507403e-01,-4.470994777919677921e-01,4.099861698890727157e-01
3.191605955362319946e-02,-3.371372818946838379e-02,7.188978791236877441e-02,1.662579178810119629e-02,1.965163350105285645e-01,8.752685785293579102e-01,-4.733191132545471191e-01,3.468135595321655273e-01,1.710938655078180770e-01,9.343372224801299586e-01,-4.471452139905004453e-01,4.100227830834377030e-01
3.189983591437339783e-02,-3.368262946605682373e-02,7.192948460578918457e-02,1.665253937244415283e-02,1.961704045534133911e-01,8.754171729087829590e-01,-4.732766151428222656e-01,3.468936085700988770e-01,1.706033796568470207e-01,9.344503391637571932e-01,-4.471908481843141492e-01,4.100592208453882614e-01
3.188364952802658081e-02,-3.365154564380645752e-02,7.196919620037078857e-02,1.667930185794830322e-02,1.958245784044265747e-01,8.755661845207214355e-01,-4.732342660427093506e-01,3.469736576080322266e-01,1.701130304466840770e-01,9.345639811802340935e-01,-4.472363174333070512e-01,4.100954629386307504e-01
3.186785429716110229e-02,-3.362041711807250977e-02,7.200910151004791260e-02,1.670619845390319824e-02,1.954783797264099121e-01,8.757190704345703125e-01,-4.731920957565307617e-01,3.470527231693267822e-01,1.696230755610901586e-01,9.346818629969809722e-01,-4.472814589958034603e-01,4.101314555688275743e-01
3.185201436281204224e-02,-3.358934819698333740e-02,7.204893231391906738e-02,1.673312485218048096e-02,1.951323598623275757e-01,8.758714795112609863e-01,-4.731499254703521729e-01,3.471316099166870117e-01,1.691331995463137838e-01,9.347994216534523115e-01,-4.473264699111766385e-01,4.101672658932027371e-01
3.183615207672119141e-02,-3.355824947357177734e-02,7.208874076604843140e-02,1.675999164581298828e-02,1.947863847017288208e-01,8.760233521461486816e-01,-4.731076061725616455e-01,3.472105860710144043e-01,1.686434023049438458e-01,9.349166491831559789e-01,-4.473713493088497528e-01,4.102028945273433203e-01
3.182025253772735596e-02,-3.352715075016021729e-02,7.212853431701660156e-02,1.678679883480072021e-02,1.944406330585479736e-01,8.761746287345886230e-01,-4.730653464794158936e-01,3.472898900508880615e-01,1.681536837219911040e-01,9.350335375465054222e-01,-4.474160963633886379e-01,4.102383420967812833e-01
3.180436044931411743e-02,-3.349605202674865723e-02,7.216826826333999634e-02,1.681362092494964600e-02,1.940948367118835449e-01,8.763256072998046875e-01,-4.730228781700134277e-01,3.473687469959259033e-01,1.676640436648578203e-01,9.351500786306007340e-01,-4.474607102945017401e-01,4.102736092370227183e-01
3.178843483328819275e-02,-3.346498310565948486e-02,7.220792770385742188e-02,1.684041321277618408e-02,1.937492787837982178e-01,8.764759302139282227e-01,-4.729802310466766357e-01,3.474474847316741943e-01,1.671744819833652085e-01,9.352662642496659684e-01,-4.475051903670401177e-01,4.103086965935399122e-01
3.177248686552047729e-02,-3.343392908573150635e-02,7.224755734205245972e-02,1.686714589595794678e-02,1.934040635824203491e-01,8.766257762908935547e-01,-4.729376435279846191e-01,3.475264906883239746e-01,1.666849985097289266e-01,9.353820861449401169e-01,-4.475495358909974408e-01,4.103436048217661836e-01
3.175652027130126953e-02,-3.340286016464233398e-02,7.228712737560272217e-02,1.689386367797851562e-02,1.930587589740753174e-01,8.767750859260559082e-01,-4.728947877883911133e-01,3.476051688194274902e-01,1.661955930585835295e-01,9.354975359848406447e-01,-4.475937462215102136e-01,4.103783345870928301e-01
3.174052760004997253e-02,-3.337182104587554932e-02,7.232666760683059692e-02,1.692056655883789062e-02,1.927137374877929688e-01,8.769239783287048340e-01,-4.728519916534423828e-01,3.476839363574981689e-01,1.657062654269604307e-01,9.356126053650735130e-01,-4.476378207588573299e-01,4.104128865648883906e-01
3.172448650002479553e-02,-3.334075212478637695e-02,7.236617058515548706e-02,1.694722473621368408e-02,1.923685967922210693e-01,8.770722150802612305e-01,-4.728089570999145508e-01,3.477627933025360107e-01,1.652170153943051112e-01,9.357272858087961609e-01,-4.476817589484602400e-01,4.104472614404724440e-01
3.170843422412872314e-02,-3.330969810485839844e-02,7.240558415651321411e-02,1.697386801242828369e-02,1.920236051082611084e-01,8.772196769714355469e-01,-4.727655947208404541e-01,3.478412032127380371e-01,1.647278427224684316e-01,9.358415687666188365e-01,-4.477255602808832835e-01,4.104814599091457517e-01
3.169235214591026306e-02,-3.327865898609161377e-02,7.244499027729034424e-02,1.700046658515930176e-02,1.916788667440414429e-01,8.773669004440307617e-01,-4.727224409580230713e-01,3.479199707508087158e-01,1.642387471557080203e-01,9.359554456168220904e-01,-4.477692242918332455e-01,4.105154826761590048e-01
3.167626261711120605e-02,-3.324763476848602295e-02,7.248432189226150513e-02,1.702706515789031982e-02,1.913342475891113281e-01,8.775135874748229980e-01,-4.726789593696594238e-01,3.479984104633331299e-01,1.637497284206893000e-01,9.360689076653574414e-01,-4.478127505621595783e-01,4.105493304567321977e-01
3.166013956069946289e-02,-3.321658074855804443e-02,7.252360135316848755e-02,1.705357432365417480e-02,1.909897327423095703e-01,8.776593208312988281e-01,-4.726353883743286133e-01,3.480768799781799316e-01,1.632607862264824350e-01,9.361819461460657577e-01,-4.478561387178543463e-01,4.105830039760471895e-01
3.164393454790115356e-02,-3.318554162979125977e-02,7.256288826465606689e-02,1.708008348941802979e-02,1.906452327966690063e-01,8.778047561645507812e-01,-4.725919365882873535e-01,3.481557667255401611e-01,1.627719202645723229e-01,9.362945522206773674e-01,-4.478993884300522255e-01,4.106165039692550311e-01
3.162775933742523193e-02,-3.315451741218566895e-02,7.260207831859588623e-02,1.710654795169830322e-02,1.903010457754135132e-01,8.779495358467102051e-01,-4.725481867790222168e-01,3.482341766357421875e-01,1.622831302088461325e-01,9.364067169789764833e-01,-4.479424994150306150e-01,4.106498311814761326e-01
3.161155432462692261e-02,-3.312350809574127197e-02,7.264122366905212402e-02,1.713299751281738281e-02,1.899569928646087646e-01,8.780939579010009766e-01,-4.725043177604675293e-01,3.483126461505889893e-01,1.617944157155976337e-01,9.365184314389094489e-01,-4.479854714342094146e-01,4.106829863677795012e-01
3.159527108073234558e-02,-3.309246897697448730e-02,7.268033176660537720e-02,1.715941727161407471e-02,1.896127462387084961e-01,8.782373666763305664e-01,-4.724602699279785156e-01,3.483911454677581787e-01,1.613057764235342473e-01,9.366296865467500510e-01,-4.480283042941512472e-01,4.107159702932065559e-01
3.157900273799896240e-02,-3.306150436401367188e-02,7.271933555603027344e-02,1.718582212924957275e-02,1.892690807580947876e-01,8.783804178237915039e-01,-4.724161028861999512e-01,3.484692573547363281e-01,1.608172119537631672e-01,9.367404731769344295e-01,-4.480709978465611809e-01,4.107487837327718494e-01
3.156267851591110229e-02,-3.303049504756927490e-02,7.275833189487457275e-02,1.721215248107910156e-02,1.889253407716751099e-01,8.785226941108703613e-01,-4.723718762397766113e-01,3.485476970672607422e-01,1.603287219098100125e-01,9.368507821324992824e-01,-4.481135519882871732e-01,4.107814274714418623e-01
3.154633194208145142e-02,-3.299951553344726562e-02,7.279723882675170898e-02,1.723848283290863037e-02,1.885818243026733398e-01,8.786644339561462402e-01,-4.723274409770965576e-01,3.486258387565612793e-01,1.598403058775993701e-01,9.369606041451358225e-01,-4.481559666613195714e-01,4.108139023041532112e-01
3.152993321418762207e-02,-3.296852111816406250e-02,7.283613830804824829e-02,1.726478338241577148e-02,1.882382333278656006e-01,8.788055777549743652e-01,-4.722829163074493408e-01,3.487041294574737549e-01,1.593519634254670081e-01,9.370699298751357098e-01,-4.481982418527913903e-01,4.108462090358077079e-01
3.151352703571319580e-02,-3.293754160404205322e-02,7.287496328353881836e-02,1.729099452495574951e-02,1.878951489925384521e-01,8.789458870887756348e-01,-4.722383320331573486e-01,3.487824797630310059e-01,1.588636941041618456e-01,9.371787499114453412e-01,-4.482403775949785341e-01,4.108783484812650877e-01
3.149706870317459106e-02,-3.290656208992004395e-02,7.291373610496520996e-02,1.731723546981811523e-02,1.875518113374710083e-01,8.790857195854187012e-01,-4.721934795379638672e-01,3.488605618476867676e-01,1.583754974468334076e-01,9.372870547721033896e-01,-4.482823739652990747e-01,4.109103214653604397e-01
3.148055076599121094e-02,-3.287558257579803467e-02,7.295247912406921387e-02,1.734341681003570557e-02,1.872086673974990845e-01,8.792247772216796875e-01,-4.721486866474151611e-01,3.489390015602111816e-01,1.578873729690444261e-01,9.373948349040220895e-01,-4.483242310863140290e-01,4.109421288228887748e-01
3.146403282880783081e-02,-3.284463286399841309e-02,7.299112528562545776e-02,1.736958324909210205e-02,1.868657767772674561e-01,8.793633580207824707e-01,-4.721035063266754150e-01,3.490170240402221680e-01,1.573993201687662602e-01,9.375020806832056186e-01,-4.483659491257270813e-01,4.109737713985980312e-01
3.144746273756027222e-02,-3.281366825103759766e-02,7.302975654602050781e-02,1.739569008350372314e-02,1.865229904651641846e-01,8.795012235641479492e-01,-4.720584154129028320e-01,3.490953445434570312e-01,1.569113385263746219e-01,9.376087824149694772e-01,-4.484075282963841946e-01,4.110052500472216042e-01
3.143087774515151978e-02,-3.278271853923797607e-02,7.306829094886779785e-02,1.742178201675415039e-02,1.861803233623504639e-01,8.796383142471313477e-01,-4.720129966735839844e-01,3.491731584072113037e-01,1.564234275046607892e-01,9.377149303338303543e-01,-4.484489688562743326e-01,4.110365656334397655e-01
3.141421079635620117e-02,-3.275178372859954834e-02,7.310680299997329712e-02,1.744781434535980225e-02,1.858379542827606201e-01,8.797746896743774414e-01,-4.719676971435546875e-01,3.492515087127685547e-01,1.559355865488186443e-01,9.378205146037253970e-01,-4.484902711085289040e-01,4.110677190319059204e-01
3.139755129814147949e-02,-3.272083401679992676e-02,7.314524054527282715e-02,1.747384667396545410e-02,1.854954063892364502e-01,8.799105286598205566e-01,-4.719220101833343506e-01,3.493292927742004395e-01,1.554478150864536667e-01,9.379255253181760787e-01,-4.485314354014219296e-01,4.110987111272385586e-01
3.138078749179840088e-02,-3.268991410732269287e-02,7.318362593650817871e-02,1.749981939792633057e-02,1.851532012224197388e-01,8.800452947616577148e-01,-4.718762934207916260e-01,3.494075536727905273e-01,1.549601125275788249e-01,9.380299525001783989e-01,-4.485724621283700975e-01,4.111295428140143704e-01
3.136403858661651611e-02,-3.265896439552307129e-02,7.322195917367935181e-02,1.752576231956481934e-02,1.848109960556030273e-01,8.801795840263366699e-01,-4.718303382396697998e-01,3.494855165481567383e-01,1.544724782646182404e-01,9.381337861025863534e-01,-4.486133517279325966e-01,4.111602149967830133e-01
3.134721145033836365e-02,-3.262804448604583740e-02,7.326024025678634644e-02,1.755166053771972656e-02,1.844690591096878052e-01,8.803130984306335449e-01,-4.717843532562255859e-01,3.495637178421020508e-01,1.539849116724047451e-01,9.382370160080567567e-01,-4.486541046838115609e-01,4.111907285900482378e-01
3.133037686347961426e-02,-3.259713947772979736e-02,7.329843938350677490e-02,1.757752895355224609e-02,1.841272860765457153e-01,8.804459571838378906e-01,-4.717382192611694336e-01,3.496415913105010986e-01,1.534974121081782716e-01,9.383396320291587100e-01,-4.486947215248514031e-01,4.112210845182869279e-01
3.131346404552459717e-02,-3.256624937057495117e-02,7.333658635616302490e-02,1.760335266590118408e-02,1.837857365608215332e-01,8.805780410766601562e-01,-4.716919660568237305e-01,3.497196435928344727e-01,1.530099789115854092e-01,9.384416239083736011e-01,-4.487352028250393698e-01,4.112512837159371659e-01
3.129651397466659546e-02,-3.253532946109771729e-02,7.337469607591629028e-02,1.762917637825012207e-02,1.834439635276794434e-01,8.807093501091003418e-01,-4.716453850269317627e-01,3.497976064682006836e-01,1.525226114046851489e-01,9.385429813185323100e-01,-4.487755492035051530e-01,4.112813271273999538e-01
3.127973526716232300e-02,-3.250443935394287109e-02,7.341283559799194336e-02,1.765501499176025391e-02,1.831024885177612305e-01,8.808420896530151367e-01,-4.715991020202636719e-01,3.498751819133758545e-01,1.520354931640885976e-01,9.386460220947427935e-01,-4.488155740738615229e-01,4.113111554655650148e-01
3.126295655965805054e-02,-3.247354924678802490e-02,7.345095276832580566e-02,1.768086850643157959e-02,1.827609837055206299e-01,8.809747695922851562e-01,-4.715526401996612549e-01,3.499524593353271484e-01,1.515484807405769185e-01,9.387489320083729494e-01,-4.488554231899468117e-01,4.113408163578365362e-01
3.124614059925079346e-02,-3.244265913963317871e-02,7.348903268575668335e-02,1.770669221878051758e-02,1.824195533990859985e-01,8.811068534851074219e-01,-4.715060889720916748e-01,3.500299453735351562e-01,1.510615534903534396e-01,9.388514488592287766e-01,-4.488951175415036854e-01,4.113703172884825565e-01
3.122927993535995483e-02,-3.241178393363952637e-02,7.352706044912338257e-02,1.773245632648468018e-02,1.820783913135528564e-01,8.812381625175476074e-01,-4.714595377445220947e-01,3.501074016094207764e-01,1.505747116004875763e-01,9.389535738064910264e-01,-4.489346569779245066e-01,4.113996589360368050e-01
3.121241554617881775e-02,-3.238090872764587402e-02,7.356503605842590332e-02,1.775825023651123047e-02,1.817371249198913574e-01,8.813692331314086914e-01,-4.714126586914062500e-01,3.501845896244049072e-01,1.500879552568990249e-01,9.390553081448148598e-01,-4.489740413770438865e-01,4.114288419836241162e-01
3.119555860757827759e-02,-3.235001862049102783e-02,7.360295951366424561e-02,1.778396964073181152e-02,1.813960373401641846e-01,8.814997076988220215e-01,-4.713656902313232422e-01,3.502616286277770996e-01,1.496012846443618149e-01,9.391566533043830267e-01,-4.490132706451381850e-01,4.114578671189605963e-01
3.117862343788146973e-02,-3.231914341449737549e-02,7.364086061716079712e-02,1.780967414379119873e-02,1.810550689697265625e-01,8.816295862197875977e-01,-4.713186919689178467e-01,3.503389954566955566e-01,1.491146999465022827e-01,9.392576108510714006e-01,-4.490523447169256221e-01,4.114867350343454633e-01
3.116170316934585571e-02,-3.228828310966491699e-02,7.367870211601257324e-02,1.783537864685058594e-02,1.807141602039337158e-01,8.817591667175292969e-01,-4.712715446949005127e-01,3.504159748554229736e-01,1.486282013457987383e-01,9.393581824861746421e-01,-4.490912635555661669e-01,4.115154464266854162e-01
3.114473074674606323e-02,-3.225743770599365234e-02,7.371648401021957397e-02,1.786100864410400391e-02,1.803736686706542969e-01,8.818879127502441406e-01,-4.712243378162384033e-01,3.504931032657623291e-01,1.481417890235911805e-01,9.394583700467893372e-01,-4.491300271526618704e-01,4.115440019974601626e-01
3.112774342298507690e-02,-3.222659230232238770e-02,7.375423610210418701e-02,1.788666844367980957e-02,1.800329536199569702e-01,8.820165395736694336e-01,-4.711769223213195801e-01,3.505700528621673584e-01,1.476554631600629219e-01,9.395581755057590412e-01,-4.491686355282563103e-01,4.115724024527578351e-01
3.111075609922409058e-02,-3.219574689865112305e-02,7.379192858934402466e-02,1.791226863861083984e-02,1.796925216913223267e-01,8.821444511413574219e-01,-4.711293578147888184e-01,3.506468534469604492e-01,1.471692239342578257e-01,9.396576009716198774e-01,-4.492070887308352578e-01,4.116006485032516760e-01
3.109370172023773193e-02,-3.216491639614105225e-02,7.382960617542266846e-02,1.793786883354187012e-02,1.793521344661712646e-01,8.822720050811767578e-01,-4.710818827152252197e-01,3.507239222526550293e-01,1.466830715240696192e-01,9.397566486887100057e-01,-4.492453868373261772e-01,4.116287408642032575e-01
3.107669204473495483e-02,-3.213410079479217529e-02,7.386717200279235840e-02,1.796342432498931885e-02,1.790120303630828857e-01,8.823989629745483398e-01,-4.710339903831481934e-01,3.508003652095794678e-01,1.461970061062520532e-01,9.398553210372233568e-01,-4.492835299530982818e-01,4.116566802554683657e-01
3.105961158871650696e-02,-3.210325539112091064e-02,7.390475273132324219e-02,1.798896491527557373e-02,1.786717474460601807e-01,8.825253248214721680e-01,-4.709860980510711670e-01,3.508771359920501709e-01,1.457110278564067718e-01,9.399536205333203220e-01,-4.493215182119628670e-01,4.116844674015000538e-01
3.104251250624656677e-02,-3.207245469093322754e-02,7.394226640462875366e-02,1.801446080207824707e-02,1.783318817615509033e-01,8.826513290405273438e-01,-4.709382355213165283e-01,3.509538769721984863e-01,1.452251369489954980e-01,9.400515498290724636e-01,-4.493593517761728662e-01,4.117121030313234398e-01
3.102540224790573120e-02,-3.204162418842315674e-02,7.397976517677307129e-02,1.803994178771972656e-02,1.779919117689132690e-01,8.827769756317138672e-01,-4.708902239799499512e-01,3.510306775569915771e-01,1.447393335573293749e-01,9.401491117124618491e-01,-4.493970308364232946e-01,4.117395878785831687e-01
3.100825846195220947e-02,-3.201082348823547363e-02,7.401718199253082275e-02,1.806542277336120605e-02,1.776520609855651855e-01,8.829019069671630859e-01,-4.708419442176818848e-01,3.511070609092712402e-01,1.442536178535743785e-01,9.402463091075462520e-01,-4.494345556118508056e-01,4.117669226814929528e-01
3.099109604954719543e-02,-3.198000788688659668e-02,7.405456900596618652e-02,1.809084415435791016e-02,1.773123741149902344e-01,8.830264210700988770e-01,-4.707936048507690430e-01,3.511836230754852295e-01,1.437679900087582008e-01,9.403431450745132203e-01,-4.494719263500339679e-01,4.117941081828737637e-01
3.097394853830337524e-02,-3.194925189018249512e-02,7.409188151359558105e-02,1.811629533767700195e-02,1.769729107618331909e-01,8.831507563591003418e-01,-4.707451760768890381e-01,3.512596487998962402e-01,1.432824501927514038e-01,9.404396228096252308e-01,-4.495091433269933212e-01,4.118211451301228010e-01
3.095673769712448120e-02,-3.191845118999481201e-02,7.412920892238616943e-02,1.814168691635131836e-02,1.766333431005477905e-01,8.832744359970092773e-01,-4.706966578960418701e-01,3.513362407684326172e-01,1.427969985742920389e-01,9.405357456452745346e-01,-4.495462068471910988e-01,4.118480342752395829e-01
3.093952313065528870e-02,-3.188765048980712891e-02,7.416645437479019165e-02,1.816704869270324707e-02,1.762939095497131348e-01,8.833974003791809082e-01,-4.706479012966156006e-01,3.514123857021331787e-01,1.423116353209610829e-01,9.406315170500929579e-01,-4.495831172435315048e-01,4.118747763748158430e-01
3.092227131128311157e-02,-3.185687959194183350e-02,7.420367747545242310e-02,1.819238066673278809e-02,1.759547591209411621e-01,8.835201263427734375e-01,-4.705992639064788818e-01,3.514888584613800049e-01,1.418263605992032828e-01,9.407269406290057479e-01,-4.496198748773604925e-01,4.119013721900305347e-01
3.090499341487884521e-02,-3.182609379291534424e-02,7.424084097146987915e-02,1.821771264076232910e-02,1.756154447793960571e-01,8.836423158645629883e-01,-4.705502688884735107e-01,3.515649437904357910e-01,1.413411745743168857e-01,9.408220201232321278e-01,-4.496564801384660970e-01,4.119278224866507743e-01
3.088770806789398193e-02,-3.179535269737243652e-02,7.427796721458435059e-02,1.824301481246948242e-02,1.752765327692031860e-01,8.837641477584838867e-01,-4.705014228820800781e-01,3.516411185264587402e-01,1.408560774104472280e-01,9.409167594101757182e-01,-4.496929334450778804e-01,4.119541280350359491e-01
3.087042272090911865e-02,-3.176459670066833496e-02,7.431504130363464355e-02,1.826830208301544189e-02,1.749376058578491211e-01,8.838856220245361328e-01,-4.704523086547851562e-01,3.517170548439025879e-01,1.403710692706090502e-01,9.410111625039171424e-01,-4.497292352438673757e-01,4.119802896101539269e-01
3.085310757160186768e-02,-3.173385560512542725e-02,7.435209304094314575e-02,1.829358935356140137e-02,1.745987385511398315e-01,8.840066194534301758e-01,-4.704030752182006836e-01,3.517929613590240479e-01,1.398861503166588527e-01,9.411052335546660208e-01,-4.497653860099480871e-01,4.120063079915445292e-01
3.083578497171401978e-02,-3.170308470726013184e-02,7.438908517360687256e-02,1.831878721714019775e-02,1.742600649595260620e-01,8.841270208358764648e-01,-4.703538119792938232e-01,3.518688678741455078e-01,1.394013207093172668e-01,9.411989768493091990e-01,-4.498013862468753232e-01,4.120321839633419025e-01
3.081843256950378418e-02,-3.167235851287841797e-02,7.442602515220642090e-02,1.834399998188018799e-02,1.739215850830078125e-01,8.842469453811645508e-01,-4.703043699264526367e-01,3.519446253776550293e-01,1.389165806081519849e-01,9.412923968111910344e-01,-4.498372364866461415e-01,4.120579183142795143e-01
3.080107271671295166e-02,-3.164161741733551025e-02,7.446295022964477539e-02,1.836919784545898438e-02,1.735830307006835938e-01,8.843668103218078613e-01,-4.702548384666442871e-01,3.520203828811645508e-01,1.384319301715968842e-01,9.413854980002231976e-01,-4.498729372896996814e-01,4.120835118376738881e-01
3.078366070985794067e-02,-3.161089122295379639e-02,7.449986040592193604e-02,1.839436590671539307e-02,1.732445955276489258e-01,8.844860792160034180e-01,-4.702053666114807129e-01,3.520963490009307861e-01,1.379473695569299885e-01,9.414782851128297159e-01,-4.499084892449165540e-01,4.121089653314440882e-01
3.076625242829322815e-02,-3.158017992973327637e-02,7.453666627407073975e-02,1.841951906681060791e-02,1.729063689708709717e-01,8.846047520637512207e-01,-4.701555669307708740e-01,3.521718084812164307e-01,1.374628989202927032e-01,9.415707629823301117e-01,-4.499438929696196188e-01,4.121342795980870721e-01
3.074883297085762024e-02,-3.154945373535156250e-02,7.457346469163894653e-02,1.844465732574462891e-02,1.725680828094482422e-01,8.847231864929199219e-01,-4.701057374477386475e-01,3.522473275661468506e-01,1.369785184166762426e-01,9.416629365785013084e-01,-4.499791491095734286e-01,4.121594554447043368e-01
3.073140233755111694e-02,-3.151875734329223633e-02,7.461023330688476562e-02,1.846975088119506836e-02,1.722301542758941650e-01,8.848413228988647461e-01,-4.700559079647064209e-01,3.523229956626892090e-01,1.364942281999348694e-01,9.417548110079065893e-01,-4.500142583389844519e-01,4.121844936829743289e-01
3.071394562721252441e-02,-3.148803114891052246e-02,7.464694231748580933e-02,1.849482953548431396e-02,1.718921065330505371e-01,8.849586844444274902e-01,-4.700058400630950928e-01,3.523983657360076904e-01,1.360100284227701850e-01,9.418463915140588005e-01,-4.500492213605007397e-01,4.122093951291860847e-01
3.069647029042243958e-02,-3.145733475685119629e-02,7.468363642692565918e-02,1.851989328861236572e-02,1.715542078018188477e-01,8.850759863853454590e-01,-4.699558019638061523e-01,3.524739146232604980e-01,1.355259192367414267e-01,9.419376834770381013e-01,-4.500840389052125357e-01,4.122341606042066453e-01
3.067899495363235474e-02,-3.142666816711425781e-02,7.472025603055953979e-02,1.854497194290161133e-02,1.712164878845214844e-01,8.851929903030395508e-01,-4.699055254459381104e-01,3.525489568710327148e-01,1.350419007922692427e-01,9.420286924140384155e-01,-4.501187117326518883e-01,4.122587909334933243e-01
3.066147491335868835e-02,-3.139595687389373779e-02,7.475683093070983887e-02,1.856997609138488770e-02,1.708787232637405396e-01,8.853089809417724609e-01,-4.698550701141357422e-01,3.526241481304168701e-01,1.345579780389294655e-01,9.421190166149804313e-01,-4.501531574591097762e-01,4.122832632030948852e-01
3.064390271902084351e-02,-3.136529028415679932e-02,7.479335367679595947e-02,1.859496533870697021e-02,1.705412268638610840e-01,8.854243755340576172e-01,-4.698045849800109863e-01,3.526993989944458008e-01,1.340741508548284333e-01,9.422086845944142031e-01,-4.501873815686136537e-01,4.123075795801817711e-01
3.062628954648971558e-02,-3.133465349674224854e-02,7.482982426881790161e-02,1.861993968486785889e-02,1.702039837837219238e-01,8.855393528938293457e-01,-4.697540104389190674e-01,3.527746498584747314e-01,1.335904157649696333e-01,9.422980095643685994e-01,-4.502214476569550428e-01,4.123317588182304760e-01
3.060870617628097534e-02,-3.130397200584411621e-02,7.486623525619506836e-02,1.864486932754516602e-02,1.698666512966156006e-01,8.856537342071533203e-01,-4.697031676769256592e-01,3.528495132923126221e-01,1.331067729547393275e-01,9.423869941961043883e-01,-4.502553559101707958e-01,4.123558015648783881e-01
3.059108182787895203e-02,-3.127329051494598389e-02,7.490262389183044434e-02,1.866981387138366699e-02,1.695291846990585327e-01,8.857677578926086426e-01,-4.696520864963531494e-01,3.529242873191833496e-01,1.326232226090736932e-01,9.424756412367109037e-01,-4.502891065305895668e-01,4.123797084688735071e-01
3.057343512773513794e-02,-3.124265372753143311e-02,7.493898272514343262e-02,1.869469881057739258e-02,1.691922545433044434e-01,8.858815431594848633e-01,-4.696013033390045166e-01,3.529993891716003418e-01,1.321397649124616824e-01,9.425639535095777788e-01,-4.503226997368313111e-01,4.124034801800874894e-01
3.055576980113983154e-02,-3.121198713779449463e-02,7.497528195381164551e-02,1.871956884860992432e-02,1.688551306724548340e-01,8.859945535659790039e-01,-4.695500731468200684e-01,3.530742526054382324e-01,1.316564000489442443e-01,9.426519339139788345e-01,-4.503561357638077300e-01,4.124271173495125953e-01
3.053810074925422668e-02,-3.118136525154113770e-02,7.501153647899627686e-02,1.874442398548126221e-02,1.685183942317962646e-01,8.861073255538940430e-01,-4.694989919662475586e-01,3.531489372253417969e-01,1.311731282021097178e-01,9.427395854252181850e-01,-4.503894148627217708e-01,4.124506206292760657e-01
3.052040189504623413e-02,-3.115072846412658691e-02,7.504774630069732666e-02,1.876927912235260010e-02,1.681815087795257568e-01,8.862196803092956543e-01,-4.694475233554840088e-01,3.532234728336334229e-01,1.306899495551050172e-01,9.428269110947362641e-01,-4.504225373010680156e-01,4.124739906726093697e-01
3.050267323851585388e-02,-3.112010657787322998e-02,7.508394122123718262e-02,1.879408955574035645e-02,1.678448319435119629e-01,8.863316178321838379e-01,-4.693962037563323975e-01,3.532983064651489258e-01,1.302068642906175078e-01,9.429139140499618321e-01,-4.504555033626325700e-01,4.124972281338841196e-01
3.048495948314666748e-02,-3.108948469161987305e-02,7.512008398771286011e-02,1.881889998912811279e-02,1.675082296133041382e-01,8.864433169364929199e-01,-4.693446755409240723e-01,3.533727228641510010e-01,1.297238725908963775e-01,9.430005974944979386e-01,-4.504883133474930079e-01,4.125203336685813182e-01
3.046721592545509338e-02,-3.105886280536651611e-02,7.515615969896316528e-02,1.884369552135467529e-02,1.671716272830963135e-01,8.865544199943542480e-01,-4.692928791046142578e-01,3.534469604492187500e-01,1.292409746377316815e-01,9.430869647079508367e-01,-4.505209675720183715e-01,4.125433079333168940e-01
3.044945001602172852e-02,-3.102827072143554688e-02,7.519222050905227661e-02,1.886841654777526855e-02,1.668355166912078857e-01,8.866651058197021484e-01,-4.692412912845611572e-01,3.535215556621551514e-01,1.287581706124658887e-01,9.431730190460595464e-01,-4.505534663688694486e-01,4.125661515858201622e-01
3.043166175484657288e-02,-3.099766373634338379e-02,7.522825151681900024e-02,1.889318227767944336e-02,1.664990484714508057e-01,8.867754340171813965e-01,-4.691894054412841797e-01,3.535958528518676758e-01,1.282754606959974897e-01,9.432587639406990743e-01,-4.505858100869981064e-01,4.125888652849494243e-01
3.041386604309082031e-02,-3.096707165241241455e-02,7.526423037052154541e-02,1.891790330410003662e-02,1.661628782749176025e-01,8.868854045867919922e-01,-4.691374897956848145e-01,3.536701500415802002e-01,1.277928450687744744e-01,9.433442028998278994e-01,-4.506179990916481248e-01,4.126114496906774232e-01
3.039605915546417236e-02,-3.093649446964263916e-02,7.530016452074050903e-02,1.894260942935943604e-02,1.658268719911575317e-01,8.869950771331787109e-01,-4.690854847431182861e-01,3.537442386150360107e-01,1.273103239107915008e-01,9.434293395075518118e-01,-4.506500337643546961e-01,4.126339054641148252e-01
3.037823364138603210e-02,-3.090590238571166992e-02,7.533606141805648804e-02,1.896731555461883545e-02,1.654907166957855225e-01,8.871042728424072266e-01,-4.690332114696502686e-01,3.538182079792022705e-01,1.268278974015927263e-01,9.435141774241017076e-01,-4.506819145029442586e-01,4.126562332674757472e-01
3.036038950085639954e-02,-3.087532520294189453e-02,7.537193596363067627e-02,1.899196207523345947e-02,1.651548743247985840e-01,8.872130513191223145e-01,-4.689810574054718018e-01,3.538923859596252441e-01,1.263455657202754712e-01,9.435987203858635652e-01,-4.507136417215350521e-01,4.126784337641162814e-01
3.034253790974617004e-02,-3.084476292133331299e-02,7.540776580572128296e-02,1.901660859584808350e-02,1.648191809654235840e-01,8.873215317726135254e-01,-4.689287543296813965e-01,3.539663851261138916e-01,1.258633290454898856e-01,9.436829722054205227e-01,-4.507452158505366735e-01,4.127005076185039090e-01
3.032466024160385132e-02,-3.081417083740234375e-02,7.544355839490890503e-02,1.904121041297912598e-02,1.644833683967590332e-01,8.874294161796569824e-01,-4.688763022422790527e-01,3.540403842926025391e-01,1.253811875554261268e-01,9.437669367714387469e-01,-4.507766373366503543e-01,4.127224554962249381e-01
3.030679374933242798e-02,-3.078362345695495605e-02,7.547926157712936401e-02,1.906584203243255615e-02,1.641477644443511963e-01,8.875370025634765625e-01,-4.688236117362976074e-01,3.541137576103210449e-01,1.248991414278399353e-01,9.438506180488646091e-01,-4.508079066428686832e-01,4.127442780640054321e-01
3.028886765241622925e-02,-3.075309097766876221e-02,7.551499456167221069e-02,1.909044384956359863e-02,1.638122797012329102e-01,8.876444101333618164e-01,-4.687711000442504883e-01,3.541878163814544678e-01,1.244171908400233534e-01,9.439340200787660340e-01,-4.508390242484759391e-01,4.127659759896750158e-01
3.027097880840301514e-02,-3.072254359722137451e-02,7.555065304040908813e-02,1.911501586437225342e-02,1.634769141674041748e-01,8.877514004707336426e-01,-4.687182903289794922e-01,3.542612493038177490e-01,1.239353359688261796e-01,9.440171469784339742e-01,-4.508699906490477027e-01,4.127875499422031247e-01
3.025304898619651794e-02,-3.069199621677398682e-02,7.558628916740417480e-02,1.913958787918090820e-02,1.631414741277694702e-01,8.878579139709472656e-01,-4.686653912067413330e-01,3.543347418308258057e-01,1.234535769906431879e-01,9.441000029413643135e-01,-4.509008063564512447e-01,4.128090005916656424e-01
3.023511543869972229e-02,-3.066147863864898682e-02,7.562187314033508301e-02,1.916413009166717529e-02,1.628063172101974487e-01,8.879641294479370117e-01,-4.686124324798583984e-01,3.544082045555114746e-01,1.229719140814199141e-01,9.441825922372838464e-01,-4.509314718988451376e-01,4.128303286092774860e-01
3.021715581417083740e-02,-3.063093125820159912e-02,7.565744966268539429e-02,1.918864250183105469e-02,1.624710857868194580e-01,8.880699872970581055e-01,-4.685594439506530762e-01,3.544817268848419189e-01,1.224903474166566808e-01,9.442649192121466140e-01,-4.509619878206797550e-01,4.128515346673600206e-01
3.019918501377105713e-02,-3.060042858123779297e-02,7.569298893213272095e-02,1.921315491199493408e-02,1.621361225843429565e-01,8.881757259368896484e-01,-4.685064554214477539e-01,3.545552194118499756e-01,1.220088771713951636e-01,9.443469882881302402e-01,-4.509923546826966056e-01,4.128726194393753657e-01
3.018121421337127686e-02,-3.056991100311279297e-02,7.572846114635467529e-02,1.923765242099761963e-02,1.618011593818664551e-01,8.882808685302734375e-01,-4.684531688690185547e-01,3.546283543109893799e-01,1.215275035202330878e-01,9.444288039636398180e-01,-4.510225730619291107e-01,4.128935835998964188e-01
3.016325831413269043e-02,-3.053940832614898682e-02,7.576390355825424194e-02,1.926214993000030518e-02,1.614662706851959229e-01,8.883858919143676758e-01,-4.683997333049774170e-01,3.547012507915496826e-01,1.210462266373144025e-01,9.445103708134250375e-01,-4.510526435517019372e-01,4.129144278246195121e-01
3.014525026082992554e-02,-3.050890564918518066e-02,7.579933106899261475e-02,1.928661763668060303e-02,1.611314117908477783e-01,8.884904384613037109e-01,-4.683464169502258301e-01,3.547744452953338623e-01,1.205650466963354289e-01,9.445916934884289740e-01,-4.510825667616311652e-01,4.129351527903619146e-01
3.012724220752716064e-02,-3.047840297222137451e-02,7.583472132682800293e-02,1.931105554103851318e-02,1.607967317104339600e-01,8.885947465896606445e-01,-4.682928919792175293e-01,3.548474907875061035e-01,1.200839638705338414e-01,9.446727767158712430e-01,-4.511123433176247310e-01,4.129557591750795398e-01
3.010923042893409729e-02,-3.044791519641876221e-02,7.587008178234100342e-02,1.933546364307403564e-02,1.604622453451156616e-01,8.886986970901489258e-01,-4.682394266128540039e-01,3.549205958843231201e-01,1.196029783327061807e-01,9.447536252992975170e-01,-4.511419738618817621e-01,4.129762476578329733e-01
3.009120374917984009e-02,-3.041742742061614990e-02,7.590540498495101929e-02,1.935990154743194580e-02,1.601276099681854248e-01,8.888024687767028809e-01,-4.681856930255889893e-01,3.549933731555938721e-01,1.191220902551977101e-01,9.448342441185488827e-01,-4.511714590528931312e-01,4.129966189188093439e-01
3.007318079471588135e-02,-3.038696944713592529e-02,7.594063878059387207e-02,1.938429474830627441e-02,1.597933471202850342e-01,8.889055252075195312e-01,-4.681317806243896484e-01,3.550659120082855225e-01,1.186412998098901189e-01,9.449146381297316433e-01,-4.512007995654410131e-01,4.130168736393287077e-01
3.005513176321983337e-02,-3.035649657249450684e-02,7.597590237855911255e-02,1.940868794918060303e-02,1.594589650630950928e-01,8.890087008476257324e-01,-4.680780172348022461e-01,3.551386594772338867e-01,1.181606071682305276e-01,9.449948123653086896e-01,-4.512299960905992169e-01,4.130370125018216210e-01
3.003707155585289001e-02,-3.032603859901428223e-02,7.601113617420196533e-02,1.943306624889373779e-02,1.591247618198394775e-01,8.891115188598632812e-01,-4.680242538452148438e-01,3.552114367485046387e-01,1.176800125012061604e-01,9.450747719340685249e-01,-4.512590493357330201e-01,4.130570361898474041e-01
3.001899272203445435e-02,-3.029558062553405762e-02,7.604630291461944580e-02,1.945741474628448486e-02,1.587905883789062500e-01,8.892137408256530762e-01,-4.679701030254364014e-01,3.552840352058410645e-01,1.171995077166280430e-01,9.451542797315229949e-01,-4.512879426786132742e-01,4.130769413289769876e-01
3.000084683299064636e-02,-3.026512265205383301e-02,7.608139514923095703e-02,1.948168873786926270e-02,1.584566831588745117e-01,8.893148899078369141e-01,-4.679159224033355713e-01,3.553566634654998779e-01,1.167190689032770040e-01,9.452326348474520135e-01,-4.513166263063149164e-01,4.130967167751317115e-01
2.998267486691474915e-02,-3.023469448089599609e-02,7.611643522977828979e-02,1.950597763061523438e-02,1.581228673458099365e-01,8.894156217575073242e-01,-4.678615331649780273e-01,3.554291129112243652e-01,1.162387245461695001e-01,9.453106728921738533e-01,-4.513451604180903076e-01,4.131163771255047523e-01
2.996448054909706116e-02,-3.020425140857696533e-02,7.615142315626144409e-02,1.953025162220001221e-02,1.577889770269393921e-01,8.895158171653747559e-01,-4.678069353103637695e-01,3.555014133453369141e-01,1.157584746371243811e-01,9.453883940709605360e-01,-4.513735454143460446e-01,4.131359229810629419e-01
2.994626387953758240e-02,-3.017383813858032227e-02,7.618639618158340454e-02,1.955449581146240234e-02,1.574553847312927246e-01,8.896157741546630859e-01,-4.677524864673614502e-01,3.555738925933837891e-01,1.152783191643544647e-01,9.454657985723888824e-01,-4.514017817051613202e-01,4.131553549423507832e-01
2.992803603410720825e-02,-3.014342486858367920e-02,7.622133195400238037e-02,1.957872509956359863e-02,1.571218371391296387e-01,8.897153735160827637e-01,-4.676978290081024170e-01,3.556462526321411133e-01,1.147982581124617346e-01,9.455428865682564687e-01,-4.514298697102885338e-01,4.131746736094814576e-01
2.990980073809623718e-02,-3.011298179626464844e-02,7.625622302293777466e-02,1.960292458534240723e-02,1.567882001399993896e-01,8.898144960403442383e-01,-4.676429629325866699e-01,3.557183742523193359e-01,1.143182914624376600e-01,9.456196582136812134e-01,-4.514578098591526256e-01,4.131938795821528121e-01
2.989155054092407227e-02,-3.008259832859039307e-02,7.629105448722839355e-02,1.962713897228240967e-02,1.564548760652542114e-01,8.899132609367370605e-01,-4.675880670547485352e-01,3.557903766632080078e-01,1.138384191916709948e-01,9.456961136470587448e-01,-4.514856025908519088e-01,4.132129734596263759e-01
2.987327426671981812e-02,-3.005219995975494385e-02,7.632583379745483398e-02,1.965129375457763672e-02,1.561216711997985840e-01,8.900113701820373535e-01,-4.675330221652984619e-01,3.558623790740966797e-01,1.133586412739306520e-01,9.457722529900326469e-01,-4.515132483541574038e-01,4.132319558407422933e-01
2.985497564077377319e-02,-3.002181649208068848e-02,7.636062800884246826e-02,1.967547833919525146e-02,1.557883918285369873e-01,8.901096582412719727e-01,-4.674780368804931641e-01,3.559344708919525146e-01,1.128789576793803179e-01,9.458480763475548558e-01,-4.515407476075130044e-01,4.132508273239104413e-01
2.983666211366653442e-02,-2.999140322208404541e-02,7.639537006616592407e-02,1.969960331916809082e-02,1.554551720619201660e-01,8.902070522308349609e-01,-4.674227833747863770e-01,3.560064435005187988e-01,1.123993683745781597e-01,9.459235838077756364e-01,-4.515681008190358114e-01,4.132695885071264175e-01
2.981835976243019104e-02,-2.996101975440979004e-02,7.643005251884460449e-02,1.972371339797973633e-02,1.551221907138824463e-01,8.903043866157531738e-01,-4.673675000667572021e-01,3.560782074928283691e-01,1.119198733224636422e-01,9.459987754421653738e-01,-4.515953084665154660e-01,4.132882399879453383e-01
2.979999780654907227e-02,-2.993065118789672852e-02,7.646472752094268799e-02,1.974783837795257568e-02,1.547892093658447266e-01,8.904012441635131836e-01,-4.673121869564056396e-01,3.561500906944274902e-01,1.114404724823690601e-01,9.460736513054078811e-01,-4.516223710374149825e-01,4.133067823635019900e-01
2.978165075182914734e-02,-2.990028262138366699e-02,7.649934291839599609e-02,1.977190375328063965e-02,1.544564515352249146e-01,8.904976844787597656e-01,-4.672567248344421387e-01,3.562218546867370605e-01,1.109611658100207177e-01,9.461482114354308193e-01,-4.516492890288699713e-01,4.133252162305069977e-01
2.976328134536743164e-02,-2.986992895603179932e-02,7.653392851352691650e-02,1.979596912860870361e-02,1.541237831115722656e-01,8.905938267707824707e-01,-4.672012329101562500e-01,3.562936186790466309e-01,1.104819532575295055e-01,9.462224558534249041e-01,-4.516760629476891942e-01,4.133435421852486580e-01
2.974488213658332825e-02,-2.983956038951873779e-02,7.656848430633544922e-02,1.982003450393676758e-02,1.537909507751464844e-01,8.906896114349365234e-01,-4.671455323696136475e-01,3.563651442527770996e-01,1.100028347733954526e-01,9.462963845638248106e-01,-4.517026933103541753e-01,4.133617608235827245e-01
2.972650527954101562e-02,-2.980923652648925781e-02,7.660296559333801270e-02,1.984408497810363770e-02,1.534585356712341309e-01,8.907851576805114746e-01,-4.670897126197814941e-01,3.564364314079284668e-01,1.095238103025081150e-01,9.463699975542712028e-01,-4.517291806430193679e-01,4.133798727409387364e-01
2.970805391669273376e-02,-2.977891266345977783e-02,7.663743197917938232e-02,1.986807584762573242e-02,1.531262695789337158e-01,8.908798098564147949e-01,-4.670339822769165039e-01,3.565081357955932617e-01,1.090448797861477692e-01,9.464432947956259445e-01,-4.517555254815124877e-01,4.133978785323208505e-01
2.968962863087654114e-02,-2.974857389926910400e-02,7.667188346385955811e-02,1.989205181598663330e-02,1.527939736843109131e-01,8.909745812416076660e-01,-4.669781923294067383e-01,3.565797507762908936e-01,1.085660431619850513e-01,9.465162762419948583e-01,-4.517817283713337906e-01,4.134157787923100624e-01
2.967118099331855774e-02,-2.971825003623962402e-02,7.670626044273376465e-02,1.991605758666992188e-02,1.524616181850433350e-01,8.910688161849975586e-01,-4.669219255447387695e-01,3.566508591175079346e-01,1.080873003640723529e-01,9.465889418307086300e-01,-4.518077898676567394e-01,4.134335741150638732e-01
2.965269237756729126e-02,-2.968791127204895020e-02,7.674061506986618042e-02,1.994000375270843506e-02,1.521293818950653076e-01,8.911623954772949219e-01,-4.668657481670379639e-01,3.567221462726593018e-01,1.076086513228581287e-01,9.466612914823003821e-01,-4.518337105353275041e-01,4.134512650943075185e-01
2.963422238826751709e-02,-2.965761721134185791e-02,7.677491754293441772e-02,1.996396481990814209e-02,1.517973840236663818e-01,8.912559747695922852e-01,-4.668095111846923828e-01,3.567931950092315674e-01,1.071300959651750040e-01,9.467333251004711459e-01,-4.518594909488652944e-01,4.134688523233459034e-01
2.961571887135505676e-02,-2.962727844715118408e-02,7.680922746658325195e-02,1.998786628246307373e-02,1.514652967453002930e-01,8.913490772247314453e-01,-4.667532444000244141e-01,3.568645119667053223e-01,1.066516342142435625e-01,9.468050425721887819e-01,-4.518851316924623607e-01,4.134863363950474491e-01
2.959720417857170105e-02,-2.959701418876647949e-02,7.684347033500671387e-02,2.001181244850158691e-02,1.511335074901580811e-01,8.914420604705810547e-01,-4.666968882083892822e-01,3.569355309009552002e-01,1.061732659896783143e-01,9.468764437675967205e-01,-4.519106333599837155e-01,4.135037179018715703e-01
2.957865223288536072e-02,-2.956673502922058105e-02,7.687763869762420654e-02,2.003569900989532471e-02,1.508018076419830322e-01,8.915340304374694824e-01,-4.666403234004974365e-01,3.570064306259155273e-01,1.056949912074731657e-01,9.469475285399875375e-01,-4.519359965549674674e-01,4.135209974358319829e-01
2.956010401248931885e-02,-2.953642606735229492e-02,7.691183686256408691e-02,2.005957067012786865e-02,1.504699587821960449e-01,8.916261792182922363e-01,-4.665836691856384277e-01,3.570775091648101807e-01,1.052168097800184332e-01,9.470182967259281881e-01,-4.519612218906244316e-01,4.135381755885373933e-01
2.954154461622238159e-02,-2.950614690780639648e-02,7.694593816995620728e-02,2.008344233036041260e-02,1.501383185386657715e-01,8.917176723480224609e-01,-4.665268361568450928e-01,3.571481108665466309e-01,1.047387216160857865e-01,9.470887481450588341e-01,-4.519863099898387415e-01,4.135552529511529185e-01
2.952295541763305664e-02,-2.947589755058288574e-02,7.698002457618713379e-02,2.010731399059295654e-02,1.498068422079086304e-01,8.918090462684631348e-01,-4.664700031280517578e-01,3.572188615798950195e-01,1.042607266208368522e-01,9.471588826002598216e-01,-4.520112614851670152e-01,4.135722301144265645e-01
2.950434014201164246e-02,-2.944563329219818115e-02,7.701411098241806030e-02,2.013112604618072510e-02,1.494754254817962646e-01,8.918999433517456055e-01,-4.664132893085479736e-01,3.572898805141448975e-01,1.037828246958223399e-01,9.472286998776097144e-01,-4.520360770188392441e-01,4.135891076686818435e-01
2.948571369051933289e-02,-2.941536903381347656e-02,7.704814523458480835e-02,2.015490829944610596e-02,1.491442024707794189e-01,8.919904232025146484e-01,-4.663563966751098633e-01,3.573607206344604492e-01,1.033050157389776152e-01,9.472981997463099102e-01,-4.520607572427579601e-01,4.136058862038080042e-01
2.946710586547851562e-02,-2.938513457775115967e-02,7.708209753036499023e-02,2.017872035503387451e-02,1.488130092620849609e-01,8.920806050300598145e-01,-4.662992060184478760e-01,3.574310243129730225e-01,1.028272996446287502e-01,9.473673819587145051e-01,-4.520853028184988465e-01,4.136225663092830684e-01
2.944843098521232605e-02,-2.935487031936645508e-02,7.711605727672576904e-02,2.020248770713806152e-02,1.484816968441009521e-01,8.921702504158020020e-01,-4.662420153617858887e-01,3.575017452239990234e-01,1.023496763034897200e-01,9.474362462503572724e-01,-4.521097144173104598e-01,4.136391485741354179e-01
2.942977100610733032e-02,-2.932463586330413818e-02,7.714997231960296631e-02,2.022625505924224854e-02,1.481506526470184326e-01,8.922597765922546387e-01,-4.661847651004791260e-01,3.575722277164459229e-01,1.018721456026513567e-01,9.475047923399058103e-01,-4.521339927201143971e-01,4.136556335869894241e-01
2.941109240055084229e-02,-2.929441630840301514e-02,7.718382030725479126e-02,2.024999260902404785e-02,1.478197872638702393e-01,8.923486471176147461e-01,-4.661273360252380371e-01,3.576425313949584961e-01,1.013947074256054681e-01,9.475730199292261569e-01,-4.521581384175050733e-01,4.136720219360379702e-01
2.939238026738166809e-02,-2.926418185234069824e-02,7.721766829490661621e-02,2.027371525764465332e-02,1.474888324737548828e-01,8.924373388290405273e-01,-4.660699069499969482e-01,3.577129542827606201e-01,1.009173616522219263e-01,9.476409287032081519e-01,-4.521821522097498325e-01,4.136883142090386767e-01
2.937366813421249390e-02,-2.923397719860076904e-02,7.725145667791366577e-02,2.029740810394287109e-02,1.471582055091857910e-01,8.925255537033081055e-01,-4.660123884677886963e-01,3.577833175659179688e-01,1.004401081587613515e-01,9.477085183300314464e-01,-4.522060348067890034e-01,4.137045109933357168e-01
2.935492992401123047e-02,-2.920377254486083984e-02,7.728522270917892456e-02,2.032111585140228271e-02,1.468274295330047607e-01,8.926135897636413574e-01,-4.659546911716461182e-01,3.578535020351409912e-01,9.996294681787019909e-02,9.477757884608839500e-01,-4.522297869282359550e-01,4.137206128758411650e-01
2.933616191148757935e-02,-2.917356789112091064e-02,7.731896638870239258e-02,2.034474909305572510e-02,1.464970111846923828e-01,8.927009701728820801e-01,-4.658971428871154785e-01,3.579240441322326660e-01,9.948588524565821212e-02,9.478426953189370563e-01,-4.522533634563215554e-01,4.137366117735501447e-01
2.931738644838333130e-02,-2.914334833621978760e-02,7.735265046358108521e-02,2.036842703819274902e-02,1.461662650108337402e-01,8.927879929542541504e-01,-4.658391177654266357e-01,3.579939901828765869e-01,9.900891747817958111e-02,9.479092711478479538e-01,-4.522767996276359503e-01,4.137525147958887595e-01
2.929859235882759094e-02,-2.911317348480224609e-02,7.738628983497619629e-02,2.039206027984619141e-02,1.458359211683273315e-01,8.928746581077575684e-01,-4.657813012599945068e-01,3.580640852451324463e-01,9.853204238565324569e-02,9.479755210962220735e-01,-4.523001020589335619e-01,4.137683236381226592e-01
2.927980944514274597e-02,-2.908298373222351074e-02,7.741988450288772583e-02,2.041569352149963379e-02,1.455055326223373413e-01,8.929611444473266602e-01,-4.657230377197265625e-01,3.581338226795196533e-01,9.805525986633555069e-02,9.480414445167534288e-01,-4.523232712713394221e-01,4.137840388406180403e-01
2.926098555326461792e-02,-2.905283868312835693e-02,7.745344936847686768e-02,2.043931186199188232e-02,1.451754271984100342e-01,8.930472731590270996e-01,-4.656649827957153320e-01,3.582037091255187988e-01,9.757856981557654075e-02,9.481070407409829537e-01,-4.523463077914817165e-01,4.137996609425097505e-01
2.924213930964469910e-02,-2.902264893054962158e-02,7.748699188232421875e-02,2.046287059783935547e-02,1.448452770709991455e-01,8.931326866149902344e-01,-4.656067490577697754e-01,3.582737445831298828e-01,9.710197212581127280e-02,9.481723090791587261e-01,-4.523692121514921727e-01,4.138151904817327642e-01
2.922327443957328796e-02,-2.899250388145446777e-02,7.752047479152679443e-02,2.048647403717041016e-02,1.445151865482330322e-01,8.932179808616638184e-01,-4.655483961105346680e-01,3.583433330059051514e-01,9.662546668656847582e-02,9.482372488203947292e-01,-4.523919848890061157e-01,4.138306279950130784e-01
2.920437976717948914e-02,-2.896234393119812012e-02,7.755394279956817627e-02,2.051003277301788330e-02,1.441851258277893066e-01,8.933027982711791992e-01,-4.654899835586547852e-01,3.584131598472595215e-01,9.614905338446806671e-02,9.483018592325388463e-01,-4.524146265471623574e-01,4.138459740178332957e-01
2.918552234768867493e-02,-2.893218398094177246e-02,7.758737355470657349e-02,2.053354680538177490e-02,1.438553333282470703e-01,8.933874368667602539e-01,-4.654314517974853516e-01,3.584828376770019531e-01,9.567273210321750043e-02,9.483661395621187928e-01,-4.524371376746029738e-01,4.138612290844974617e-01
2.916657552123069763e-02,-2.890206873416900635e-02,7.762075960636138916e-02,2.055706083774566650e-02,1.435257047414779663e-01,8.934713602066040039e-01,-4.653729796409606934e-01,3.585526347160339355e-01,9.519650272360886956e-02,9.484300890344756763e-01,-4.524595188254740274e-01,4.138763937280670602e-01
2.914766967296600342e-02,-2.887190878391265869e-02,7.765410095453262329e-02,2.058055996894836426e-02,1.431958824396133423e-01,8.935550451278686523e-01,-4.653141498565673828e-01,3.586220443248748779e-01,9.472036512353158855e-02,9.484937068536386517e-01,-4.524817705594246231e-01,4.138914684804120836e-01
2.912872657179832458e-02,-2.884180843830108643e-02,7.768742740154266357e-02,2.060405910015106201e-02,1.428663879632949829e-01,8.936386704444885254e-01,-4.652554988861083984e-01,3.586915731430053711e-01,9.424431917796302627e-02,9.485569922023470157e-01,-4.525038934416075187e-01,4.139064538721617947e-01
2.910974994301795959e-02,-2.881167829036712646e-02,7.772069424390792847e-02,2.062752842903137207e-02,1.425368189811706543e-01,8.937214612960815430e-01,-4.651965498924255371e-01,3.587610125541687012e-01,9.376836475896477285e-02,9.486199442420286676e-01,-4.525258880426791808e-01,4.139213504327601267e-01
2.909076213836669922e-02,-2.878156304359436035e-02,7.775395363569259644e-02,2.065098285675048828e-02,1.422073394060134888e-01,8.938041925430297852e-01,-4.651376307010650635e-01,3.588305115699768066e-01,9.329250173569331173e-02,9.486825621127874530e-01,-4.525477549387992848e-01,4.139361586904113932e-01
2.907177805900573730e-02,-2.875147759914398193e-02,7.778713852167129517e-02,2.067442238330841064e-02,1.418781727552413940e-01,8.938865065574645996e-01,-4.650785923004150391e-01,3.588997423648834229e-01,9.281672997439138761e-02,9.487448449334193734e-01,-4.525694947116312150e-01,4.139508791721253078e-01
2.905275300145149231e-02,-2.872139215469360352e-02,7.782030105590820312e-02,2.069783210754394531e-02,1.415490508079528809e-01,8.939683437347412109e-01,-4.650194644927978516e-01,3.589690923690795898e-01,9.234104933838808982e-02,9.488067918013777247e-01,-4.525911079483416755e-01,4.139655124036820677e-01
2.903370559215545654e-02,-2.869129180908203125e-02,7.785345613956451416e-02,2.072119712829589844e-02,1.412200033664703369e-01,8.940497636795043945e-01,-4.649603962898254395e-01,3.590385913848876953e-01,9.186545968810284901e-02,9.488684017927050407e-01,-4.526125952416011344e-01,4.139800589096542249e-01
2.901465073227882385e-02,-2.866120636463165283e-02,7.788652181625366211e-02,2.074462175369262695e-02,1.408907473087310791e-01,8.941308259963989258e-01,-4.649008512496948242e-01,3.591074347496032715e-01,9.138996088104915649e-02,9.489296739621434496e-01,-4.526339571895833247e-01,4.139945192134091845e-01
2.899555861949920654e-02,-2.863112092018127441e-02,7.791958749294281006e-02,2.076795697212219238e-02,1.405618637800216675e-01,8.942114114761352539e-01,-4.648414552211761475e-01,3.591767549514770508e-01,9.091455277182149131e-02,9.489906073430014466e-01,-4.526551943959655766e-01,4.140088938370780625e-01
2.897650748491287231e-02,-2.860106527805328369e-02,7.795260101556777954e-02,2.079130709171295166e-02,1.402331590652465820e-01,8.942918777465820312e-01,-4.647819995880126953e-01,3.592457175254821777e-01,9.043923521210389671e-02,9.490512009472297228e-01,-4.526763074699286515e-01,4.140231833015952101e-01
2.895737066864967346e-02,-2.857100963592529297e-02,7.798557728528976440e-02,2.081467211246490479e-02,1.399042159318923950e-01,8.943718671798706055e-01,-4.647222757339477539e-01,3.593146204948425293e-01,8.996400805067569784e-02,9.491114537653496663e-01,-4.526972970261570195e-01,4.140373881266748990e-01
2.893824875354766846e-02,-2.854096889495849609e-02,7.801852375268936157e-02,2.083799242973327637e-02,1.395756304264068604e-01,8.944516181945800781e-01,-4.646626710891723633e-01,3.593835830688476562e-01,8.948887113339595856e-02,9.491713647664260511e-01,-4.527181636848384150e-01,4.140515088308191483e-01
2.891909703612327576e-02,-2.851092815399169922e-02,7.805142551660537720e-02,2.086128294467926025e-02,1.392471194267272949e-01,8.945306539535522461e-01,-4.646028280258178711e-01,3.594524860382080078e-01,8.901382430321702621e-02,9.492309328981511918e-01,-4.527389080716642811e-01,4.140655459313081210e-01
2.889991924166679382e-02,-2.848085761070251465e-02,7.808431982994079590e-02,2.088455855846405029e-02,1.389184594154357910e-01,8.946094512939453125e-01,-4.645429849624633789e-01,3.595213890075683594e-01,8.853886740017420653e-02,9.492901570867495753e-01,-4.527595308178293809e-01,4.140794999442229951e-01
2.888073772192001343e-02,-2.845084667205810547e-02,7.811713963747024536e-02,2.090783417224884033e-02,1.385901570320129395e-01,8.946879506111145020e-01,-4.644830226898193359e-01,3.595901727676391602e-01,8.806400026139814263e-02,9.493490362369402247e-01,-4.527800325600321307e-01,4.140933713844126007e-01
2.886154502630233765e-02,-2.842083573341369629e-02,7.814993709325790405e-02,2.093109488487243652e-02,1.382618844509124756e-01,8.947661519050598145e-01,-4.644230008125305176e-01,3.596587777137756348e-01,8.758922272110003515e-02,9.494075692320276261e-01,-4.528004139404744333e-01,4.141071607655239517e-01
2.884229272603988647e-02,-2.839080989360809326e-02,7.818271219730377197e-02,2.095431089401245117e-02,1.379336416721343994e-01,8.948436975479125977e-01,-4.643628895282745361e-01,3.597277104854583740e-01,8.711453461058636660e-02,9.494657549337993663e-01,-4.528206756068614558e-01,4.141208685999840378e-01
2.882304787635803223e-02,-2.836081385612487793e-02,7.821543514728546143e-02,2.097752690315246582e-02,1.376056075096130371e-01,8.949210643768310547e-01,-4.643026888370513916e-01,3.597963452339172363e-01,8.663993575824091575e-02,9.495235921825525560e-01,-4.528408182124021852e-01,4.141344953990076516e-01
2.880380302667617798e-02,-2.833077311515808105e-02,7.824811339378356934e-02,2.100069820880889893e-02,1.372774392366409302e-01,8.949977755546569824e-01,-4.642421603202819824e-01,3.598648309707641602e-01,8.616542598954601839e-02,9.495810797970485329e-01,-4.528608424158090950e-01,4.141480416725936142e-01
2.878451719880104065e-02,-2.830080687999725342e-02,7.828075438737869263e-02,2.102389931678771973e-02,1.369496136903762817e-01,8.950744271278381348e-01,-4.641818106174468994e-01,3.599333167076110840e-01,8.569100512706132045e-02,9.496382165745543835e-01,-4.528807488812979787e-01,4.141615079295317692e-01
2.876521646976470947e-02,-2.827081084251403809e-02,7.831336557865142822e-02,2.104704082012176514e-02,1.366217732429504395e-01,8.951504826545715332e-01,-4.641212821006774902e-01,3.600018024444580078e-01,8.521667299044541344e-02,9.496950012907747762e-01,-4.529005382785881717e-01,4.141748946773856632e-01
2.874587848782539368e-02,-2.824082970619201660e-02,7.834597676992416382e-02,2.107018232345581055e-02,1.362940073013305664e-01,8.952262401580810547e-01,-4.640608429908752441e-01,3.600705265998840332e-01,8.474242939643014672e-02,9.497514326998783840e-01,-4.529202112829026627e-01,4.141882024225151393e-01
2.872654050588607788e-02,-2.821083366870880127e-02,7.837849855422973633e-02,2.109330892562866211e-02,1.359662115573883057e-01,8.953014016151428223e-01,-4.639999866485595703e-01,3.601387143135070801e-01,8.426827415884953487e-02,9.498075095344183927e-01,-4.529397685749676494e-01,4.142014316700637355e-01
2.870717272162437439e-02,-2.818088233470916748e-02,7.841102033853530884e-02,2.111642062664031982e-02,1.356386989355087280e-01,8.953765034675598145e-01,-4.639393389225006104e-01,3.602072596549987793e-01,8.379420708860922662e-02,9.498632305054615088e-01,-4.529592108410133156e-01,4.142145829239600729e-01
2.868777513504028320e-02,-2.815093100070953369e-02,7.844348251819610596e-02,2.113950252532958984e-02,1.353113353252410889e-01,8.954510092735290527e-01,-4.638784825801849365e-01,3.602755963802337646e-01,8.332022799371545385e-02,9.499185943023904510e-01,-4.529785387727727763e-01,4.142276566869166898e-01
2.866839244961738586e-02,-2.812097966670989990e-02,7.847589254379272461e-02,2.116256952285766602e-02,1.349840015172958374e-01,8.955251574516296387e-01,-4.638174772262573242e-01,3.603436946868896484e-01,8.284633667925582479e-02,9.499735995930443933e-01,-4.529977530674832442e-01,4.142406534604330393e-01
2.864899486303329468e-02,-2.809104323387145996e-02,7.850830256938934326e-02,2.118565142154693604e-02,1.346566677093505859e-01,8.955993056297302246e-01,-4.637564420700073242e-01,3.604117929935455322e-01,8.237255423191475190e-02,9.500285120979090614e-01,-4.530168258965006078e-01,4.142535696461600025e-01
2.862959355115890503e-02,-2.806109189987182617e-02,7.854068279266357422e-02,2.120871841907501221e-02,1.343293040990829468e-01,8.956732153892517090e-01,-4.636952579021453857e-01,3.604798018932342529e-01,8.189888049315256768e-02,9.500833309430297691e-01,-4.530357579116275346e-01,4.142664057350625706e-01
2.861016243696212769e-02,-2.803117036819458008e-02,7.857304811477661133e-02,2.123175561428070068e-02,1.340022385120391846e-01,8.957467675209045410e-01,-4.636342227458953857e-01,3.605480492115020752e-01,8.142529808820153647e-02,9.501378392582583432e-01,-4.530545728441434106e-01,4.142791655315482546e-01
2.859073877334594727e-02,-2.800123393535614014e-02,7.860536128282546997e-02,2.125479280948638916e-02,1.336750537157058716e-01,8.958200812339782715e-01,-4.635728895664215088e-01,3.606159090995788574e-01,8.095180699187896900e-02,9.501920378952207757e-01,-4.530732711701813686e-01,4.142918494973282795e-01
2.857129648327827454e-02,-2.797134220600128174e-02,7.863762974739074707e-02,2.127781510353088379e-02,1.333481967449188232e-01,8.958930373191833496e-01,-4.635116457939147949e-01,3.606837391853332520e-01,8.047840717930114518e-02,9.502459277238164415e-01,-4.530918533670785231e-01,4.143044580922865538e-01
2.855182066559791565e-02,-2.794140577316284180e-02,7.866989821195602417e-02,2.130079269409179688e-02,1.330212056636810303e-01,8.959653973579406738e-01,-4.634502232074737549e-01,3.607517778873443604e-01,8.000509862587391885e-02,9.502995096321612545e-01,-4.531103199133761361e-01,4.143169917744789488e-01
2.853236719965934753e-02,-2.791151404380798340e-02,7.870209962129592896e-02,2.132378518581390381e-02,1.326944530010223389e-01,8.960378170013427734e-01,-4.633887112140655518e-01,3.608193695545196533e-01,7.953188130730171057e-02,9.503527845266904750e-01,-4.531286712888193957e-01,4.143294510001259146e-01
2.851285785436630249e-02,-2.788162231445312500e-02,7.873429358005523682e-02,2.134673297405242920e-02,1.323678344488143921e-01,8.961095809936523438e-01,-4.633272588253021240e-01,3.608873784542083740e-01,7.905875519957647479e-02,9.504057533319606454e-01,-4.531469079743579154e-01,4.143418362236117591e-01
2.849334850907325745e-02,-2.785173058509826660e-02,7.876642793416976929e-02,2.136971056461334229e-02,1.320410668849945068e-01,8.961811065673828125e-01,-4.632655084133148193e-01,3.609548807144165039e-01,7.858572027899768386e-02,9.504584169907982494e-01,-4.531650304521449013e-01,4.143541478975016346e-01
2.847381681203842163e-02,-2.782183885574340820e-02,7.879854738712310791e-02,2.139262855052947998e-02,1.317145228385925293e-01,8.962522149085998535e-01,-4.632037580013275146e-01,3.610226511955261230e-01,7.811277652214745904e-02,9.505107764641474999e-01,-4.531830392055380408e-01,4.143663864725173895e-01
2.845430001616477966e-02,-2.779197692871093750e-02,7.883062213659286499e-02,2.141557633876800537e-02,1.313880681991577148e-01,8.963233232498168945e-01,-4.631419479846954346e-01,3.610900044441223145e-01,7.763992390590322701e-02,9.505628327311769210e-01,-4.532009347190990023e-01,4.143785523975485052e-01
2.843474224209785461e-02,-2.776211500167846680e-02,7.886266708374023438e-02,2.143847942352294922e-02,1.310617327690124512e-01,8.963938951492309570e-01,-4.630800187587738037e-01,3.611575961112976074e-01,7.716716240744095345e-02,9.506145867891387935e-01,-4.532187174785933803e-01,4.143906461196585345e-01
2.841515094041824341e-02,-2.773225307464599609e-02,7.889465987682342529e-02,2.146138250827789307e-02,1.307353675365447998e-01,8.964639306068420410e-01,-4.630179405212402344e-01,3.612249493598937988e-01,7.669449200422985558e-02,9.506660396534487578e-01,-4.532363879709911947e-01,4.144026680840806609e-01
2.839557453989982605e-02,-2.770239114761352539e-02,7.892665266990661621e-02,2.148427069187164307e-02,1.304090619087219238e-01,8.965339064598083496e-01,-4.629558622837066650e-01,3.612923324108123779e-01,7.622191267403240211e-02,9.507171923576137607e-01,-4.532539466844661691e-01,4.144146187342046539e-01
2.837597951292991638e-02,-2.767255902290344238e-02,7.895859330892562866e-02,2.150714397430419922e-02,1.300829946994781494e-01,8.966035246849060059e-01,-4.628937244415283203e-01,3.613596558570861816e-01,7.574942439490187085e-02,9.507680459532020789e-01,-4.532713941083963416e-01,4.144264985115983513e-01
2.835632860660552979e-02,-2.764268219470977783e-02,7.899054139852523804e-02,2.152998745441436768e-02,1.297566741704940796e-01,8.966726064682006836e-01,-4.628314971923828125e-01,3.614271283149719238e-01,7.527702714519293736e-02,9.508186015098769595e-01,-4.532887307333637872e-01,4.144383078559921718e-01
2.833670750260353088e-02,-2.761287987232208252e-02,7.902239263057708740e-02,2.155283093452453613e-02,1.294308900833129883e-01,8.967415690422058105e-01,-4.627691805362701416e-01,3.614942431449890137e-01,7.480472090354495229e-02,9.508688601153245656e-01,-4.533059570511546732e-01,4.144500472052924378e-01
2.831704542040824890e-02,-2.758307754993438721e-02,7.905424386262893677e-02,2.157562971115112305e-02,1.291052401065826416e-01,8.968100547790527344e-01,-4.627069532871246338e-01,3.615616858005523682e-01,7.433250564889790080e-02,9.509188228752659677e-01,-4.533230735547593149e-01,4.144617169955651659e-01
2.829740196466445923e-02,-2.755323052406311035e-02,7.908608019351959229e-02,2.159845829010009766e-02,1.287792026996612549e-01,8.968784809112548828e-01,-4.626443982124328613e-01,3.616286814212799072e-01,7.386038136048578284e-02,9.509684909134296094e-01,-4.533400807383718978e-01,4.144733176610481129e-01
2.827772498130798340e-02,-2.752342820167541504e-02,7.911784201860427856e-02,2.162125706672668457e-02,1.284535080194473267e-01,8.969463109970092773e-01,-4.625817239284515381e-01,3.616955876350402832e-01,7.338834801782813388e-02,9.510178653715257724e-01,-4.533569790973909219e-01,4.144848496341398403e-01
2.825802937150001526e-02,-2.749361097812652588e-02,7.914959639310836792e-02,2.164402604103088379e-02,1.281278282403945923e-01,8.970139026641845703e-01,-4.625191092491149902e-01,3.617627024650573730e-01,7.291640560074791333e-02,9.510669474092419140e-01,-4.533737691284189242e-01,4.144963133454268034e-01
2.823830395936965942e-02,-2.746382355690002441e-02,7.918135821819305420e-02,2.166678011417388916e-02,1.278023570775985718e-01,8.970814943313598633e-01,-4.624567031860351562e-01,3.618300855159759521e-01,7.244455408935278340e-02,9.511157382042131347e-01,-4.533904513292623117e-01,4.145077092236349459e-01
2.821857854723930359e-02,-2.743405103683471680e-02,7.921303063631057739e-02,2.168954908847808838e-02,1.274769157171249390e-01,8.971483707427978516e-01,-4.623938202857971191e-01,3.618969023227691650e-01,7.197279346405138778e-02,9.511642389519985308e-01,-4.534070261989320283e-01,4.145190376956802147e-01
2.819885686039924622e-02,-2.740426361560821533e-02,7.924469560384750366e-02,2.171227335929870605e-02,1.271515935659408569e-01,8.972151875495910645e-01,-4.623309969902038574e-01,3.619637489318847656e-01,7.150112370554359553e-02,9.512124508660783073e-01,-4.534234942376425548e-01,4.145302991866464670e-01
2.817907556891441345e-02,-2.737450599670410156e-02,7.927631586790084839e-02,2.173499763011932373e-02,1.268263459205627441e-01,8.972814083099365234e-01,-4.622681438922882080e-01,3.620306849479675293e-01,7.102954479481721206e-02,9.512603751778188066e-01,-4.534398559468129086e-01,4.145414941197668734e-01
2.815931290388107300e-02,-2.734470367431640625e-02,7.930792123079299927e-02,2.175767719745635986e-02,1.265010535717010498e-01,8.973473310470581055e-01,-4.622050821781158447e-01,3.620975911617279053e-01,7.055805671315779071e-02,9.513080131364540781e-01,-4.534561118290659776e-01,4.145526229164607224e-01
2.813952788710594177e-02,-2.731494605541229248e-02,7.933947443962097168e-02,2.178038656711578369e-02,1.261758506298065186e-01,8.974130153656005859e-01,-4.621419608592987061e-01,3.621642589569091797e-01,7.008665944214818866e-02,9.513553660090934283e-01,-4.534722623882288528e-01,4.145636859963050536e-01
2.811973169445991516e-02,-2.728520333766937256e-02,7.937099784612655640e-02,2.180306613445281982e-02,1.258508861064910889e-01,8.974784612655639648e-01,-4.620788693428039551e-01,3.622308969497680664e-01,6.961535296365312098e-02,9.514024350806642438e-01,-4.534883081293324403e-01,4.145746837770545312e-01
2.809992805123329163e-02,-2.725546061992645264e-02,7.940251380205154419e-02,2.182574570178985596e-02,1.255258917808532715e-01,8.975438475608825684e-01,-4.620156884193420410e-01,3.622975945472717285e-01,6.914413725984114301e-02,9.514492216539007785e-01,-4.535042495586120159e-01,4.145856166746207383e-01
2.808010578155517578e-02,-2.722573280334472656e-02,7.943398505449295044e-02,2.184841036796569824e-02,1.252010315656661987e-01,8.976087570190429688e-01,-4.619523882865905762e-01,3.623641431331634521e-01,6.867301231317160526e-02,9.514957270493632491e-01,-4.535200871835069480e-01,4.145964851030888854e-01
2.806027606129646301e-02,-2.719599008560180664e-02,7.946542650461196899e-02,2.187104523181915283e-02,1.248762011528015137e-01,8.976732492446899414e-01,-4.618889689445495605e-01,3.624306619167327881e-01,6.820197810638690961e-02,9.515419526053691124e-01,-4.535358215126605308e-01,4.146072894747161452e-01
2.804041281342506409e-02,-2.716627717018127441e-02,7.949682325124740601e-02,2.189366519451141357e-02,1.245515495538711548e-01,8.977373242378234863e-01,-4.618255496025085449e-01,3.624971508979797363e-01,6.773103462253823870e-02,9.515878996780089416e-01,-4.535514530559200952e-01,4.146180301999172202e-01
2.802054211497306824e-02,-2.713654935359954834e-02,7.952819764614105225e-02,2.191627025604248047e-02,1.242268830537796021e-01,8.978011608123779297e-01,-4.617620110511779785e-01,3.625636398792266846e-01,6.726018184495324848e-02,9.516335696411153400e-01,-4.535669823243373422e-01,4.146287076872889332e-01
2.800067886710166931e-02,-2.710685133934020996e-02,7.955953478813171387e-02,2.193889021873474121e-02,1.239023283123970032e-01,8.978650569915771484e-01,-4.616984128952026367e-01,3.626298606395721436e-01,6.678941975726880587e-02,9.516789638862179768e-01,-4.535824098301677321e-01,4.146393223435834718e-01
2.798076719045639038e-02,-2.707715332508087158e-02,7.959086447954177856e-02,2.196149528026580811e-02,1.235777810215950012e-01,8.979284763336181641e-01,-4.616347849369049072e-01,3.626962006092071533e-01,6.631874834339865354e-02,9.517240838225697885e-01,-4.535977360868711505e-01,4.146498745737250413e-01
2.796087041497230530e-02,-2.704745531082153320e-02,7.962214201688766479e-02,2.198404073715209961e-02,1.232534945011138916e-01,8.979913592338562012e-01,-4.615710973739624023e-01,3.627625107765197754e-01,6.584816758755920874e-02,9.517689308771205559e-01,-4.536129616091111871e-01,4.146603647808044801e-01
2.794095873832702637e-02,-2.701774239540100098e-02,7.965338230133056641e-02,2.200660109519958496e-02,1.229290291666984558e-01,8.980538845062255859e-01,-4.615070521831512451e-01,3.628285527229309082e-01,6.537767747425521359e-02,9.518135064944525103e-01,-4.536280869127558013e-01,4.146707933660906953e-01
2.792100235819816589e-02,-2.698810398578643799e-02,7.968460768461227417e-02,2.202916145324707031e-02,1.226050034165382385e-01,8.981165289878845215e-01,-4.614433050155639648e-01,3.628949224948883057e-01,6.490727798828960227e-02,9.518578121368218570e-01,-4.536431125148769339e-01,4.146811607290070700e-01
2.790107578039169312e-02,-2.695840597152709961e-02,7.971581071615219116e-02,2.205167710781097412e-02,1.222808063030242920e-01,8.981786966323852539e-01,-4.613794088363647461e-01,3.629610240459442139e-01,6.443696911474705580e-02,9.519018492840831680e-01,-4.536580389337506736e-01,4.146914672671507263e-01
2.788109332323074341e-02,-2.692875266075134277e-02,7.974698394536972046e-02,2.207420766353607178e-02,1.219567432999610901e-01,8.982405066490173340e-01,-4.613154530525207520e-01,3.630272448062896729e-01,6.396675083901495751e-02,9.519456194337611032e-01,-4.536728666888570904e-01,4.147017133762837537e-01
2.786111831665039062e-02,-2.689905464649200439e-02,7.977813482284545898e-02,2.209670841693878174e-02,1.216325163841247559e-01,8.983019590377807617e-01,-4.612512886524200439e-01,3.630932569503784180e-01,6.349662314676410291e-02,9.519891241008687777e-01,-4.536875963008804025e-01,4.147118994503510847e-01
2.784115448594093323e-02,-2.686944603919982910e-02,7.980921119451522827e-02,2.211922407150268555e-02,1.213088333606719971e-01,8.983634710311889648e-01,-4.611871242523193359e-01,3.631590306758880615e-01,6.302658602396224441e-02,9.520323648180739617e-01,-4.537022282917089755e-01,4.147220258814400817e-01
2.782113850116729736e-02,-2.683979272842407227e-02,7.984030991792678833e-02,2.214169502258300781e-02,1.209849640727043152e-01,8.984245061874389648e-01,-4.611229896545410156e-01,3.632251322269439697e-01,6.255663945687686689e-02,9.520753431355787333e-01,-4.537167631844351012e-01,4.147320930598231148e-01
2.780112624168395996e-02,-2.681015431880950928e-02,7.987133413553237915e-02,2.216418087482452393e-02,1.206611618399620056e-01,8.984851837158203125e-01,-4.610585570335388184e-01,3.632907867431640625e-01,6.208678343205039502e-02,9.521180606210843944e-01,-4.537312015033552748e-01,4.147421013739433504e-01
2.778110280632972717e-02,-2.678051590919494629e-02,7.990237325429916382e-02,2.218660712242126465e-02,1.203375682234764099e-01,8.985455036163330078e-01,-4.609943330287933350e-01,3.633569478988647461e-01,6.161701793632987784e-02,9.521605188598564196e-01,-4.537455437739700281e-01,4.147520512103955448e-01
2.776105329394340515e-02,-2.675089240074157715e-02,7.993335276842117310e-02,2.220906317234039307e-02,1.200139001011848450e-01,8.986056447029113770e-01,-4.609298110008239746e-01,3.634226322174072266e-01,6.114734295685155668e-02,9.522027194546293094e-01,-4.537597905229842077e-01,4.147619429539594615e-01
2.774100750684738159e-02,-2.672131359577178955e-02,7.996429502964019775e-02,2.223151922225952148e-02,1.196905374526977539e-01,8.986657857894897461e-01,-4.608653783798217773e-01,3.634881973266601562e-01,6.067775848104002556e-02,9.522446640255843864e-01,-4.537739422783062526e-01,4.147717769875775007e-01
2.772096917033195496e-02,-2.669167518615722656e-02,7.999524474143981934e-02,2.225391566753387451e-02,1.193670481443405151e-01,8.987254500389099121e-01,-4.608008563518524170e-01,3.635540008544921875e-01,6.020826449662250446e-02,9.522863542104327284e-01,-4.537879995690491386e-01,4.147815536923538104e-01
2.770087122917175293e-02,-2.666209638118743896e-02,8.002614229917526245e-02,2.227632701396942139e-02,1.190437823534011841e-01,8.987847566604614258e-01,-4.607362747192382812e-01,3.636196851730346680e-01,5.973886099159782942e-02,9.523277916642483021e-01,-4.538019629255296561e-01,4.147912734475683871e-01
2.768078818917274475e-02,-2.663248777389526367e-02,8.005703240633010864e-02,2.229872345924377441e-02,1.187204197049140930e-01,8.988438844680786133e-01,-4.606716036796569824e-01,3.636853098869323730e-01,5.926954795428218681e-02,9.523689780595897547e-01,-4.538158328792689655e-01,4.148009366306659729e-01
2.766067907214164734e-02,-2.660290896892547607e-02,8.008788526058197021e-02,2.232109010219573975e-02,1.183973401784896851e-01,8.989026546478271484e-01,-4.606069624423980713e-01,3.637509644031524658e-01,5.880032537325966674e-02,9.524099150863595264e-01,-4.538296099629918756e-01,4.148105436172580540e-01
2.764059975743293762e-02,-2.657334506511688232e-02,8.011867105960845947e-02,2.234351634979248047e-02,1.180741265416145325e-01,8.989614248275756836e-01,-4.605418443679809570e-01,3.638160228729248047e-01,5.833119323742314705e-02,9.524506044519027714e-01,-4.538432947106277870e-01,4.148200947811279127e-01
2.762046456336975098e-02,-2.654375135898590088e-02,8.014947175979614258e-02,2.236582338809967041e-02,1.177511811256408691e-01,8.990194797515869141e-01,-4.604770839214324951e-01,3.638817071914672852e-01,5.786215153594528177e-02,9.524910478808710224e-01,-4.538568876573099153e-01,4.148295904942195245e-01
2.760033309459686279e-02,-2.651417255401611328e-02,8.018024265766143799e-02,2.238819003105163574e-02,1.174280270934104919e-01,8.990775346755981445e-01,-4.604120850563049316e-01,3.639470636844635010e-01,5.739320025829890842e-02,9.525312471152670435e-01,-4.538703893393754574e-01,4.148390311266568764e-01
2.758019417524337769e-02,-2.648462355136871338e-02,8.021099120378494263e-02,2.241051197052001953e-02,1.171052753925323486e-01,8.991354107856750488e-01,-4.603472054004669189e-01,3.640125095844268799e-01,5.692433939424235145e-02,9.525712039144985654e-01,-4.538838002943658689e-01,4.148484170467164334e-01
2.756003290414810181e-02,-2.645507454872131348e-02,8.024168759584426880e-02,2.243283390998840332e-02,1.167824864387512207e-01,8.991929292678833008e-01,-4.602820873260498047e-01,3.640778660774230957e-01,5.645556893383128078e-02,9.526109200551733380e-01,-4.538971210610266982e-01,4.148577486208596121e-01
2.753984555602073669e-02,-2.642554044723510742e-02,8.027237653732299805e-02,2.245514094829559326e-02,1.164598166942596436e-01,8.992500901222229004e-01,-4.602170586585998535e-01,3.641431927680969238e-01,5.598688886740356419e-02,9.526503973312542284e-01,-4.539103521793074747e-01,4.148670262137015285e-01
2.751970291137695312e-02,-2.639597654342651367e-02,8.030302077531814575e-02,2.247746288776397705e-02,1.161369159817695618e-01,8.993071913719177246e-01,-4.601516425609588623e-01,3.642080426216125488e-01,5.551829918559769705e-02,9.526896375539496420e-01,-4.539234941903619314e-01,4.148762501880371434e-01
2.749950066208839417e-02,-2.636645734310150146e-02,8.033365756273269653e-02,2.249974012374877930e-02,1.158144399523735046e-01,8.993638753890991211e-01,-4.600865244865417480e-01,3.642733991146087646e-01,5.504979987934051355e-02,9.527286425517401680e-01,-4.539365476365477270e-01,4.148854209048120079e-01
2.747930958867073059e-02,-2.633695304393768311e-02,8.036423474550247192e-02,2.252204716205596924e-02,1.154919490218162537e-01,8.994204998016357422e-01,-4.600210785865783691e-01,3.643382191658020020e-01,5.458139093984636786e-02,9.527674141702983102e-01,-4.539495130614267238e-01,4.148945387231627313e-01
2.745908498764038086e-02,-2.630740404129028320e-02,8.039481192827224731e-02,2.254427969455718994e-02,1.151694506406784058e-01,8.994764685630798340e-01,-4.599556326866149902e-01,3.644034862518310547e-01,5.411307235862574533e-02,9.528059542725763054e-01,-4.539623910097649873e-01,4.149036040003765136e-01
2.743886411190032959e-02,-2.627792954444885254e-02,8.042537420988082886e-02,2.256652712821960449e-02,1.148473322391510010e-01,8.995326161384582520e-01,-4.598904848098754883e-01,3.644687533378601074e-01,5.364484412747868441e-02,9.528442647386620168e-01,-4.539751820275323979e-01,4.149126170919203438e-01
2.741864323616027832e-02,-2.624841034412384033e-02,8.045589178800582886e-02,2.258878946304321289e-02,1.145248860120773315e-01,8.995884656906127930e-01,-4.598248600959777832e-01,3.645334839820861816e-01,5.317670623849153622e-02,9.528823474658276727e-01,-4.539878866619030950e-01,4.149215783514159650e-01
2.739840373396873474e-02,-2.621892094612121582e-02,8.048639446496963501e-02,2.261100709438323975e-02,1.142027899622917175e-01,8.996440768241882324e-01,-4.597593545913696289e-01,3.645985126495361328e-01,5.270865868405043980e-02,9.529202043685227608e-01,-4.540005054612551993e-01,4.149304881306608572e-01
2.737815678119659424e-02,-2.618941664695739746e-02,8.051684498786926270e-02,2.263322472572326660e-02,1.138805747032165527e-01,8.996991515159606934e-01,-4.596936106681823730e-01,3.646632134914398193e-01,5.224070145682497418e-02,9.529578373783550438e-01,-4.540130389751709794e-01,4.149393467796224644e-01
2.735788747668266296e-02,-2.615995705127716064e-02,8.054731786251068115e-02,2.265541255474090576e-02,1.135587617754936218e-01,8.997542858123779297e-01,-4.596282839775085449e-01,3.647283911705017090e-01,5.177283454977838623e-02,9.529952484440068483e-01,-4.540254877544368517e-01,4.149481546464317550e-01
2.733760699629783630e-02,-2.613046765327453613e-02,8.057773113250732422e-02,2.267761528491973877e-02,1.132366657257080078e-01,8.998090624809265137e-01,-4.595624506473541260e-01,3.647931814193725586e-01,5.130505795616757680e-02,9.530324395313148900e-01,-4.540378523510433251e-01,4.149569120773977660e-01
2.731733769178390503e-02,-2.610100805759429932e-02,8.060809224843978882e-02,2.269981801509857178e-02,1.129147484898567200e-01,8.998636007308959961e-01,-4.594964683055877686e-01,3.648576736450195312e-01,5.083737166953573861e-02,9.530694126231223917e-01,-4.540501333181848898e-01,4.149656194169800139e-01
2.729706093668937683e-02,-2.607156336307525635e-02,8.063844591379165649e-02,2.272200584411621094e-02,1.125930100679397583e-01,8.999180197715759277e-01,-4.594306349754333496e-01,3.649221956729888916e-01,5.036977568371770603e-02,9.531061697194191940e-01,-4.540623312102599618e-01,4.149742770078128085e-01
2.727675065398216248e-02,-2.604210376739501953e-02,8.066877722740173340e-02,2.274416387081146240e-02,1.122712343931198120e-01,8.999719619750976562e-01,-4.593647122383117676e-01,3.649868369102478027e-01,4.990226999284195358e-02,9.531427128372091939e-01,-4.540744465828715493e-01,4.149828851907084726e-01
2.725643664598464966e-02,-2.601267397403717041e-02,8.069912344217300415e-02,2.276632189750671387e-02,1.119496524333953857e-01,9.000260829925537109e-01,-4.592990279197692871e-01,3.650516569614410400e-01,4.943485459132285209e-02,9.531790440105105677e-01,-4.540864799928261419e-01,4.149914443046429646e-01
2.723612263798713684e-02,-2.598322927951812744e-02,8.072941005229949951e-02,2.278846502304077148e-02,1.116280183196067810e-01,9.000797271728515625e-01,-4.592329263687133789e-01,3.651161789894104004e-01,4.896752947386803084e-02,9.532151652903551042e-01,-4.540984319981347106e-01,4.149999546867488842e-01
2.721580862998962402e-02,-2.595378458499908447e-02,8.075965195894241333e-02,2.281060814857482910e-02,1.113063693046569824e-01,9.001330733299255371e-01,-4.591666460037231445e-01,3.651804029941558838e-01,4.850029463547836373e-02,9.532510787447850964e-01,-4.541103031580123739e-01,4.150084166723398416e-01
2.719542011618614197e-02,-2.592436969280242920e-02,8.078986406326293945e-02,2.283269166946411133e-02,1.109851151704788208e-01,9.001856446266174316e-01,-4.591006040573120117e-01,3.652450740337371826e-01,4.803312541749644310e-02,9.532861976624974476e-01,-4.541220783759185031e-01,4.150168332718967013e-01
2.717503160238265991e-02,-2.589495480060577393e-02,8.082003146409988403e-02,2.285480499267578125e-02,1.106636896729469299e-01,9.002380967140197754e-01,-4.590342044830322266e-01,3.653093874454498291e-01,4.756604089181420275e-02,9.533209797504100802e-01,-4.541337703283322980e-01,4.150252027456849402e-01
2.715460583567619324e-02,-2.586553990840911865e-02,8.085016906261444092e-02,2.287685871124267578e-02,1.103424951434135437e-01,9.002898931503295898e-01,-4.589678347110748291e-01,3.653739094734191895e-01,4.709904487751950114e-02,9.533555184377642266e-01,-4.541453820061001068e-01,4.150335250083743155e-01
2.713418379426002502e-02,-2.583615481853485107e-02,8.088029175996780396e-02,2.289894223213195801e-02,1.100213080644607544e-01,9.003418684005737305e-01,-4.589014649391174316e-01,3.654382228851318359e-01,4.663213732182051180e-02,9.533898146927231032e-01,-4.541569139421690604e-01,4.150418003932613842e-01
2.711375802755355835e-02,-2.580675482749938965e-02,8.091040700674057007e-02,2.292098104953765869e-02,1.097002625465393066e-01,9.003934860229492188e-01,-4.588350653648376465e-01,3.655026853084564209e-01,4.616531817162194962e-02,9.534238694864319852e-01,-4.541683666703211775e-01,4.150500292318795026e-01
2.709330618381500244e-02,-2.577738463878631592e-02,8.094046264886856079e-02,2.294303476810455322e-02,1.093793064355850220e-01,9.004448056221008301e-01,-4.587686061859130859e-01,3.655669391155242920e-01,4.569858737355202843e-02,9.534576837931542093e-01,-4.541797407251726426e-01,4.150582118539776211e-01
2.707285434007644653e-02,-2.574799954891204834e-02,8.097048848867416382e-02,2.296504378318786621e-02,1.090583950281143188e-01,9.004956483840942383e-01,-4.587019979953765869e-01,3.656311631202697754e-01,4.523194487393100705e-02,9.534912585900439108e-01,-4.541910366421745837e-01,4.150663485875463743e-01
2.705238759517669678e-02,-2.571862936019897461e-02,8.100049942731857300e-02,2.298708260059356689e-02,1.087374612689018250e-01,9.005465507507324219e-01,-4.586352705955505371e-01,3.656952381134033203e-01,4.476539061879855619e-02,9.535245948573735086e-01,-4.542022549576125723e-01,4.150744397588113088e-01
2.703191339969635010e-02,-2.568927407264709473e-02,8.103049546480178833e-02,2.300907671451568604e-02,1.084168180823326111e-01,9.005971550941467285e-01,-4.585686922073364258e-01,3.657595217227935791e-01,4.429892455389660560e-02,9.535576935783210972e-01,-4.542133962086067900e-01,4.150824856922195050e-01
2.701142057776451111e-02,-2.565991878509521484e-02,8.106045424938201904e-02,2.303108572959899902e-02,1.080960631370544434e-01,9.006475210189819336e-01,-4.585018754005432129e-01,3.658235669136047363e-01,4.383254662467709478e-02,9.535905557390353948e-01,-4.542244609331119176e-01,4.150904867104567852e-01
2.699090912938117981e-02,-2.563056349754333496e-02,8.109037578105926514e-02,2.305306494235992432e-02,1.077753975987434387e-01,9.006974697113037109e-01,-4.584350585937500000e-01,3.658876717090606689e-01,4.336625677630526893e-02,9.536231823286162035e-01,-4.542354496699173017e-01,4.150984431344377223e-01
2.697039768099784851e-02,-2.560120820999145508e-02,8.112031966447830200e-02,2.307502925395965576e-02,1.074548065662384033e-01,9.007473587989807129e-01,-4.583682715892791748e-01,3.659518659114837646e-01,4.290005495364411503e-02,9.536555743390732198e-01,-4.542463629586468987e-01,4.151063552833014758e-01
2.694987878203392029e-02,-2.557186782360076904e-02,8.115018159151077271e-02,2.309699356555938721e-02,1.071342825889587402e-01,9.007968306541442871e-01,-4.583011865615844727e-01,3.660157024860382080e-01,4.243394110126787883e-02,9.536877327653217051e-01,-4.542572013397591091e-01,4.151142234744271131e-01
2.692932263016700745e-02,-2.554254233837127686e-02,8.118006587028503418e-02,2.311894297599792480e-02,1.068138629198074341e-01,9.008462429046630859e-01,-4.582343995571136475e-01,3.660798668861389160e-01,4.196791516346204398e-02,9.537196586051754910e-01,-4.542679653545469431e-01,4.151220480234252830e-01
2.690877020359039307e-02,-2.551323175430297852e-02,8.120989054441452026e-02,2.314087748527526855e-02,1.064936295151710510e-01,9.008952379226684570e-01,-4.581674039363861084e-01,3.661438226699829102e-01,4.150197708421803078e-02,9.537513528593124512e-01,-4.542786555451381325e-01,4.151298292441324422e-01
2.688822522759437561e-02,-2.548390626907348633e-02,8.123969286680221558e-02,2.316279709339141846e-02,1.061733365058898926e-01,9.009439945220947266e-01,-4.581001996994018555e-01,3.662076592445373535e-01,4.103612680723359163e-02,9.537828165312477458e-01,-4.542892724544949079e-01,4.151375674486155742e-01
2.686765789985656738e-02,-2.545461058616638184e-02,8.126947283744812012e-02,2.318473160266876221e-02,1.058531701564788818e-01,9.009926915168762207e-01,-4.580330848693847656e-01,3.662713766098022461e-01,4.057036427591732830e-02,9.538140506273381503e-01,-4.542998166264139437e-01,4.151452629471816258e-01
2.684707194566726685e-02,-2.542531490325927734e-02,8.129924535751342773e-02,2.320663630962371826e-02,1.055330708622932434e-01,9.010410904884338379e-01,-4.579659998416900635e-01,3.663353323936462402e-01,4.010468943338295345e-02,9.538450561567781705e-01,-4.543102886055267464e-01,4.151529160483549696e-01
2.682647109031677246e-02,-2.539601922035217285e-02,8.132898807525634766e-02,2.322851121425628662e-02,1.052130907773971558e-01,9.010891914367675781e-01,-4.578987956047058105e-01,3.663993179798126221e-01,3.963910222245174697e-02,9.538758341315158873e-01,-4.543206889372991553e-01,4.151605270589059926e-01
2.680586278438568115e-02,-2.536672353744506836e-02,8.135867863893508911e-02,2.325038611888885498e-02,1.048930957913398743e-01,9.011368155479431152e-01,-4.578314423561096191e-01,3.664629459381103516e-01,3.917360258564887843e-02,9.539063855663262315e-01,-4.543310181680317861e-01,4.151680962838235067e-01
2.678525820374488831e-02,-2.533744275569915771e-02,8.138836920261383057e-02,2.327224612236022949e-02,1.045732796192169189e-01,9.011844992637634277e-01,-4.577641189098358154e-01,3.665266931056976318e-01,3.870819046521811746e-02,9.539367114787223878e-01,-4.543412768448596983e-01,4.151756240263382858e-01
2.676465362310409546e-02,-2.530822157859802246e-02,8.141798526048660278e-02,2.329415082931518555e-02,1.042536199092864990e-01,9.012321233749389648e-01,-4.576967060565948486e-01,3.665900528430938721e-01,3.824286580309935180e-02,9.539668128889455812e-01,-4.543514655157525617e-01,4.151831105879077444e-01
2.674400061368942261e-02,-2.527892589569091797e-02,8.144766092300415039e-02,2.331596612930297852e-02,1.039338111877441406e-01,9.012792110443115234e-01,-4.576293230056762695e-01,3.666540384292602539e-01,3.777762854094455364e-02,9.539966908199948303e-01,-4.543615847295147114e-01,4.151905562682147721e-01
2.672336623072624207e-02,-2.524966001510620117e-02,8.147725462913513184e-02,2.333779633045196533e-02,1.036141440272331238e-01,9.013261198997497559e-01,-4.575618505477905273e-01,3.667175173759460449e-01,3.731247862011405347e-02,9.540263462975624442e-01,-4.543716350357850375e-01,4.151979613651772816e-01
2.670273184776306152e-02,-2.522042393684387207e-02,8.150682598352432251e-02,2.335967123508453369e-02,1.032944619655609131e-01,9.013730883598327637e-01,-4.574941098690032959e-01,3.667806982994079590e-01,3.684741598167413229e-02,9.540557803500456791e-01,-4.543816169850368181e-01,4.152053261749537594e-01
2.668205276131629944e-02,-2.519115805625915527e-02,8.153641968965530396e-02,2.338145673274993896e-02,1.029749363660812378e-01,9.014194607734680176e-01,-4.574266076087951660e-01,3.668445348739624023e-01,3.638244056639945712e-02,9.540849940085007752e-01,-4.543915311285782743e-01,4.152126509919193964e-01
2.666136622428894043e-02,-2.516193687915802002e-02,8.156593143939971924e-02,2.340325713157653809e-02,1.026556119322776794e-01,9.014655351638793945e-01,-4.573589861392974854e-01,3.669080138206481934e-01,3.591755231477061772e-02,9.541139883066285243e-01,-4.544013780185517382e-01,4.152199361086891805e-01
2.664071321487426758e-02,-2.513271570205688477e-02,8.159542083740234375e-02,2.342507243156433105e-02,1.023362576961517334e-01,9.015117287635803223e-01,-4.572911560535430908e-01,3.669711351394653320e-01,3.545275116697373108e-02,9.541427642807809306e-01,-4.544111582079345402e-01,4.152271818161107908e-01
2.661999687552452087e-02,-2.510350942611694336e-02,8.162491768598556519e-02,2.344684302806854248e-02,1.020170897245407104e-01,9.015575051307678223e-01,-4.572235345840454102e-01,3.670347929000854492e-01,3.498803706290901788e-02,9.541713229699467780e-01,-4.544208722505383991e-01,4.152343884032513865e-01
2.659928798675537109e-02,-2.507427334785461426e-02,8.165441453456878662e-02,2.346859872341156006e-02,1.016978248953819275e-01,9.016031622886657715e-01,-4.571558237075805664e-01,3.670983910560607910e-01,3.452340994217201892e-02,9.541996654157058888e-01,-4.544305207010095327e-01,4.152415561574180902e-01
2.657855674624443054e-02,-2.504506707191467285e-02,8.168382942676544189e-02,2.349035441875457764e-02,1.013787016272544861e-01,9.016482234001159668e-01,-4.570878148078918457e-01,3.671616613864898682e-01,3.405886974408054574e-02,9.542277926621947071e-01,-4.544401041148289910e-01,4.152486853641547682e-01
2.655785158276557922e-02,-2.501589059829711914e-02,8.171324431896209717e-02,2.351212501525878906e-02,1.010597646236419678e-01,9.016935825347900391e-01,-4.570200145244598389e-01,3.672248125076293945e-01,3.359441640764608550e-02,9.542557057561862344e-01,-4.544496230483122123e-01,4.152557763072258767e-01
2.653711289167404175e-02,-2.498666942119598389e-02,8.174265176057815552e-02,2.353383600711822510e-02,1.007407158613204956e-01,9.017382860183715820e-01,-4.569520950317382812e-01,3.672882020473480225e-01,3.313004987159504089e-02,9.542834057469119502e-01,-4.544590780586093004e-01,4.152628292686315059e-01
2.651636675000190735e-02,-2.495749294757843018e-02,8.177199959754943848e-02,2.355560660362243652e-02,1.004217043519020081e-01,9.017831683158874512e-01,-4.568839669227600098e-01,3.673512041568756104e-01,3.266577007435689933e-02,9.543108936861938174e-01,-4.544684697037048027e-01,4.152698445286037154e-01
2.649562805891036987e-02,-2.492833137512207031e-02,8.180133253335952759e-02,2.357730269432067871e-02,1.001030802726745605e-01,9.018275737762451172e-01,-4.568160176277160645e-01,3.674144148826599121e-01,3.220157695406952042e-02,9.543381706283770027e-01,-4.544777985424179878e-01,4.152768223656029822e-01
2.647485956549644470e-02,-2.489912509918212891e-02,8.183065056800842285e-02,2.359902858734130859e-02,9.978399425745010376e-02,9.018716812133789062e-01,-4.567476511001586914e-01,3.674773871898651123e-01,3.173747044858202943e-02,9.543652376302684814e-01,-4.544870651344026236e-01,4.152837630563276927e-01
2.645406499505043030e-02,-2.486996352672576904e-02,8.185996860265731812e-02,2.362069487571716309e-02,9.946545958518981934e-02,9.019155502319335938e-01,-4.566796720027923584e-01,3.675408959388732910e-01,3.127345049544129341e-02,9.543920957511673464e-01,-4.544962700401471434e-01,4.152906668756918274e-01
2.643328905105590820e-02,-2.484083175659179688e-02,8.188921958208084106e-02,2.364242076873779297e-02,9.914685040712356567e-02,9.019595384597778320e-01,-4.566114544868469238e-01,3.676036894321441650e-01,3.080951703190746779e-02,9.544187460528427147e-01,-4.545054138209745354e-01,4.152975340968642626e-01
2.641250193119049072e-02,-2.481167018413543701e-02,8.191848546266555786e-02,2.366408705711364746e-02,9.882830828428268433e-02,9.020031690597534180e-01,-4.565432667732238770e-01,3.676667809486389160e-01,3.034566999495074205e-02,9.544451895994913171e-01,-4.545144970390421757e-01,4.153043649912193103e-01
2.639171108603477478e-02,-2.478252351284027100e-02,8.194772154092788696e-02,2.368575334548950195e-02,9.850981831550598145e-02,9.020467400550842285e-01,-4.564750194549560547e-01,3.677298128604888916e-01,2.988190932123660840e-02,9.544714274577681401e-01,-4.545235202573423283e-01,4.153111598283872885e-01
2.637088298797607422e-02,-2.475339174270629883e-02,8.197692036628723145e-02,2.370740473270416260e-02,9.819147735834121704e-02,9.020897150039672852e-01,-4.564067125320434570e-01,3.677928447723388672e-01,2.941823494714670278e-02,9.544974606966573072e-01,-4.545324840397017008e-01,4.153179188762058938e-01
2.635008096694946289e-02,-2.472425997257232666e-02,8.200609683990478516e-02,2.372905611991882324e-02,9.787312895059585571e-02,9.021327495574951172e-01,-4.563382565975189209e-01,3.678556680679321289e-01,2.895464680877023189e-02,9.545232903876429420e-01,-4.545413889507815552e-01,4.153246424007618343e-01
2.632923424243927002e-02,-2.469514310359954834e-02,8.203527331352233887e-02,2.375070750713348389e-02,9.755482524633407593e-02,9.021756649017333984e-01,-4.562698602676391602e-01,3.679186701774597168e-01,2.849114484189906732e-02,9.545489176045234281e-01,-4.545502355560775976e-01,4.153313306663633520e-01
2.630840614438056946e-02,-2.466602623462677002e-02,8.206439763307571411e-02,2.377232909202575684e-02,9.723668545484542847e-02,9.022180438041687012e-01,-4.562013447284698486e-01,3.679813742637634277e-01,2.802772898202856439e-02,9.545743434234373881e-01,-4.545590244219204767e-01,4.153379839355595959e-01
2.628757432103157043e-02,-2.463692426681518555e-02,8.209346979856491089e-02,2.379395067691802979e-02,9.691860526800155640e-02,9.022603034973144531e-01,-4.561327397823333740e-01,3.680439591407775879e-01,2.756439916437145379e-02,9.545995689229023196e-01,-4.545677561154750634e-01,4.153446024691150873e-01
2.626669406890869141e-02,-2.460782229900360107e-02,8.212258666753768921e-02,2.381555736064910889e-02,9.660053998231887817e-02,9.023023843765258789e-01,-4.560642242431640625e-01,3.681069612503051758e-01,2.710115532383372897e-02,9.546245951837268873e-01,-4.545764312047410605e-01,4.153511865260444691e-01
2.624583616852760315e-02,-2.457873523235321045e-02,8.215165883302688599e-02,2.383714914321899414e-02,9.628265351057052612e-02,9.023443460464477539e-01,-4.559957087039947510e-01,3.681697845458984375e-01,2.663799739503957403e-02,9.546494232890678777e-01,-4.545850502585524477e-01,4.153577363635797548e-01
2.622495964169502258e-02,-2.454964816570281982e-02,8.218071609735488892e-02,2.385872602462768555e-02,9.596479684114456177e-02,9.023861885070800781e-01,-4.559271037578582764e-01,3.682326078414916992e-01,2.617492531231257677e-02,9.546740543242824284e-01,-4.545936138465782039e-01,4.153642522371878698e-01
2.620408311486244202e-02,-2.452057600021362305e-02,8.220972120761871338e-02,2.388030290603637695e-02,9.564702957868576050e-02,9.024275541305541992e-01,-4.558584094047546387e-01,3.682951331138610840e-01,2.571193900968796880e-02,9.546984893770720237e-01,-4.546021225393215848e-01,4.153707344005652669e-01
2.618315443396568298e-02,-2.449148893356323242e-02,8.223874121904373169e-02,2.390186488628387451e-02,9.532918035984039307e-02,9.024688005447387695e-01,-4.557897150516510010e-01,3.683580160140991211e-01,2.524903842090365363e-02,9.547227295373764688e-01,-4.546105769081204007e-01,4.153771831056473629e-01
2.616227418184280396e-02,-2.446241676807403564e-02,8.226771652698516846e-02,2.392344176769256592e-02,9.501139819622039795e-02,9.025099873542785645e-01,-4.557208120822906494e-01,3.684204220771789551e-01,2.478622347940387383e-02,9.547467758973241514e-01,-4.546189775251472942e-01,4.153835986025921079e-01
2.614136785268783569e-02,-2.443335950374603271e-02,8.229666948318481445e-02,2.394495904445648193e-02,9.469394385814666748e-02,9.025507569313049316e-01,-4.556520283222198486e-01,3.684831261634826660e-01,2.432349411834044267e-02,9.547706295513312957e-01,-4.546273249634091851e-01,4.153899811397860908e-01
2.612046152353286743e-02,-2.440431714057922363e-02,8.232560008764266968e-02,2.396650612354278564e-02,9.437642246484756470e-02,9.025916457176208496e-01,-4.555832147598266602e-01,3.685455620288848877e-01,2.386085027057478075e-02,9.547942915959383159e-01,-4.546356197967479362e-01,4.153963309638679657e-01
2.609951794147491455e-02,-2.437527477741241455e-02,8.235454559326171875e-02,2.398802340030670166e-02,9.405900537967681885e-02,9.026321768760681152e-01,-4.555144608020782471e-01,3.686083853244781494e-01,2.339829186866729943e-02,9.548177631299313850e-01,-4.546438625998394656e-01,4.154026483196756048e-01
2.607857435941696167e-02,-2.434624731540679932e-02,8.238340914249420166e-02,2.400955557823181152e-02,9.374161809682846069e-02,9.026722908020019531e-01,-4.554454088211059570e-01,3.686706423759460449e-01,2.293581884489373848e-02,9.548410452542059890e-01,-4.546520539481948564e-01,4.154089334503070496e-01
2.605764195322990417e-02,-2.431720495223999023e-02,8.241230249404907227e-02,2.403105795383453369e-02,9.342423826456069946e-02,9.027125239372253418e-01,-4.553764462471008301e-01,3.687332272529602051e-01,2.247343113123168729e-02,9.548641390718236588e-01,-4.546601944181593580e-01,4.154151865970696633e-01
2.603669092059135437e-02,-2.428819239139556885e-02,8.244113624095916748e-02,2.405256032943725586e-02,9.310706704854965210e-02,9.027523994445800781e-01,-4.553073942661285400e-01,3.687955439090728760e-01,2.201112865935976950e-02,9.548870456880007573e-01,-4.546682845869129408e-01,4.154214079995168230e-01
2.601572126150131226e-02,-2.425917983055114746e-02,8.246996998786926270e-02,2.407404780387878418e-02,9.278989583253860474e-02,9.027921557426452637e-01,-4.552384018898010254e-01,3.688580095767974854e-01,2.154891136067315499e-02,9.549097662100246575e-01,-4.546763250324701855e-01,4.154275978954294901e-01
2.599475160241127014e-02,-2.423015236854553223e-02,8.249878138303756714e-02,2.409549057483673096e-02,9.247282892465591431e-02,9.028315544128417969e-01,-4.551693201065063477e-01,3.689205646514892578e-01,2.108677916626683010e-02,9.549323017472959307e-01,-4.546843163336803384e-01,4.154337565208123251e-01
2.597378939390182495e-02,-2.420116961002349854e-02,8.252757042646408081e-02,2.411699295043945312e-02,9.215579926967620850e-02,9.028711318969726562e-01,-4.551002085208892822e-01,3.689827620983123779e-01,2.062473200694456624e-02,9.549546534112940410e-01,-4.546922590702268674e-01,4.154398841099076201e-01
2.595279738306999207e-02,-2.417217195034027100e-02,8.255631476640701294e-02,2.413846552371978760e-02,9.183875471353530884e-02,9.029101133346557617e-01,-4.550308585166931152e-01,3.690448999404907227e-01,2.016276981321362197e-02,9.549768223155279401e-01,-4.547001538226281281e-01,4.154459808951966870e-01
2.593180537223815918e-02,-2.414317429065704346e-02,8.258507400751113892e-02,2.415989339351654053e-02,9.152191132307052612e-02,9.029490351676940918e-01,-4.549616575241088867e-01,3.691072762012481689e-01,1.970089251528841373e-02,9.549988095756004602e-01,-4.547080011722370863e-01,4.154520471073721577e-01
2.591080963611602783e-02,-2.411420643329620361e-02,8.261380344629287720e-02,2.418135106563568115e-02,9.120511263608932495e-02,9.029880762100219727e-01,-4.548924565315246582e-01,3.691695034503936768e-01,1.923910004309338159e-02,9.550206163090949607e-01,-4.547158017012410958e-01,4.154580829753776183e-01
2.588979154825210571e-02,-2.408525347709655762e-02,8.264249563217163086e-02,2.420276403427124023e-02,9.088855981826782227e-02,9.030265212059020996e-01,-4.548233151435852051e-01,3.692317903041839600e-01,1.877739232625480481e-02,9.550422436356240663e-01,-4.547235559926621762e-01,4.154640887263743032e-01
2.586876600980758667e-02,-2.405627071857452393e-02,8.267119526863098145e-02,2.422416210174560547e-02,9.057188779115676880e-02,9.030647873878479004e-01,-4.547539949417114258e-01,3.692942261695861816e-01,1.831576929410245330e-02,9.550636926767618329e-01,-4.547312646303569017e-01,4.154700645857642427e-01
2.584774792194366455e-02,-2.402731776237487793e-02,8.269986510276794434e-02,2.424558997154235840e-02,9.025528281927108765e-02,9.031031131744384766e-01,-4.546847343444824219e-01,3.693563342094421387e-01,1.785423087568305603e-02,9.550849645560890444e-01,-4.547389281990166232e-01,4.154760107771668376e-01
2.582672238349914551e-02,-2.399836480617523193e-02,8.272849768400192261e-02,2.426698803901672363e-02,8.993875980377197266e-02,9.031411409378051758e-01,-4.546152353286743164e-01,3.694183528423309326e-01,1.739277699973457506e-02,9.551060603991097242e-01,-4.547465472841669132e-01,4.154819275224557740e-01
2.580568566918373108e-02,-2.396941184997558594e-02,8.275712281465530396e-02,2.428838610649108887e-02,8.962223678827285767e-02,9.031789302825927734e-01,-4.545457959175109863e-01,3.694804608821868896e-01,1.693140759471478685e-02,9.551269813332968761e-01,-4.547541224721681208e-01,4.154878150417109506e-01
2.578463032841682434e-02,-2.394044399261474609e-02,8.278573304414749146e-02,2.430973947048187256e-02,8.930579572916030884e-02,9.032164812088012695e-01,-4.544762372970581055e-01,3.695426583290100098e-01,1.647012258877923740e-02,9.551477284880200980e-01,-4.547616543502152608e-01,4.154936735532591685e-01
2.576358616352081299e-02,-2.391155064105987549e-02,8.281429111957550049e-02,2.433113753795623779e-02,8.898960798978805542e-02,9.032540917396545410e-01,-4.544067382812500000e-01,3.696045279502868652e-01,1.600892190978899648e-02,9.551683029945461367e-01,-4.547691435063377918e-01,4.154995032736550353e-01
2.574250102043151855e-02,-2.388259768486022949e-02,8.284286409616470337e-02,2.435249090194702148e-02,8.867319673299789429e-02,9.032911658287048340e-01,-4.543371498584747314e-01,3.696666359901428223e-01,1.554780548531883334e-02,9.551887059860416640e-01,-4.547765905293998379e-01,4.155053044176785781e-01
2.572143450379371643e-02,-2.385368943214416504e-02,8.287142962217330933e-02,2.437382936477661133e-02,8.835715800523757935e-02,9.033284783363342285e-01,-4.542677402496337891e-01,3.697288632392883301e-01,1.508677324263841581e-02,9.552089385975404134e-01,-4.547839960090998557e-01,4.155110771983458462e-01
2.570037916302680969e-02,-2.382476627826690674e-02,8.289993554353713989e-02,2.439519762992858887e-02,8.804092556238174438e-02,9.033654332160949707e-01,-4.541979730129241943e-01,3.697905540466308594e-01,1.462583663237154545e-02,9.552290442566572226e-01,-4.547913241613351087e-01,4.155168209108425215e-01
2.567932382225990295e-02,-2.379587292671203613e-02,8.292844891548156738e-02,2.441655099391937256e-02,8.772490918636322021e-02,9.034025669097900391e-01,-4.541283845901489258e-01,3.698523640632629395e-01,1.416503743503950453e-02,9.552491776891058883e-01,-4.547984434648555951e-01,4.155225324374915430e-01
2.565826475620269775e-02,-2.376696467399597168e-02,8.295695483684539795e-02,2.443790435791015625e-02,8.740878850221633911e-02,9.034395217895507812e-01,-4.540587067604064941e-01,3.699141740798950195e-01,1.370432556809577165e-02,9.552691564968701643e-01,-4.548055123663468091e-01,4.155282159614424597e-01
2.563720569014549255e-02,-2.373808622360229492e-02,8.298542350530624390e-02,2.445927262306213379e-02,8.709280192852020264e-02,9.034764170646667480e-01,-4.539889097213745117e-01,3.699756860733032227e-01,1.324370103722562718e-02,9.552889821126885339e-01,-4.548125312076157223e-01,4.155338716823110401e-01
2.561613917350769043e-02,-2.370920777320861816e-02,8.301385492086410522e-02,2.448059618473052979e-02,8.677699416875839233e-02,9.035128355026245117e-01,-4.539190828800201416e-01,3.700372576713562012e-01,1.278316384861303764e-02,9.553086559738370731e-01,-4.548195003288313942e-01,4.155394997978716920e-01
2.559504285454750061e-02,-2.368034422397613525e-02,8.304230868816375732e-02,2.450190484523773193e-02,8.646130561828613281e-02,9.035493135452270508e-01,-4.538494646549224854e-01,3.700992465019226074e-01,1.232271400892962984e-02,9.553281795222499095e-01,-4.548264200685248060e-01,4.155451005040889378e-01
2.557396143674850464e-02,-2.365145087242126465e-02,8.307074010372161865e-02,2.452321350574493408e-02,8.614544570446014404e-02,9.035854935646057129e-01,-4.537796080112457275e-01,3.701608777046203613e-01,1.186235152533264905e-02,9.553475542043832203e-01,-4.548332907635895261e-01,4.155506739950686756e-01
2.555288746953010559e-02,-2.362260222434997559e-02,8.309913426637649536e-02,2.454455196857452393e-02,8.582972735166549683e-02,9.036219716072082520e-01,-4.537097215652465820e-01,3.702223300933837891e-01,1.140207640546822207e-02,9.553667814712417661e-01,-4.548401127492811002e-01,4.155562204631109147e-01
2.553179860115051270e-02,-2.359375357627868652e-02,8.312748372554779053e-02,2.456586062908172607e-02,8.551414310932159424e-02,9.036577939987182617e-01,-4.536396861076354980e-01,3.702836334705352783e-01,1.094188865747381702e-02,9.553858627783974322e-01,-4.548468863592174394e-01,4.155617400986681975e-01
2.551070973277091980e-02,-2.356489002704620361e-02,8.315584808588027954e-02,2.458713948726654053e-02,8.519856631755828857e-02,9.036935567855834961e-01,-4.535697400569915771e-01,3.703451752662658691e-01,1.048178828997823296e-02,9.554047995859101805e-01,-4.548536119253784316e-01,4.155672330903690259e-01
2.548959851264953613e-02,-2.353605628013610840e-02,8.318420499563217163e-02,2.460840344429016113e-02,8.488321304321289062e-02,9.037293195724487305e-01,-4.534998834133148193e-01,3.704069256782531738e-01,1.002177531209262097e-02,9.554235933583730134e-01,-4.548602897781064969e-01,4.155726996250106997e-01
2.546849846839904785e-02,-2.350720763206481934e-02,8.321253210306167603e-02,2.462969720363616943e-02,8.456763625144958496e-02,9.037649035453796387e-01,-4.534298181533813477e-01,3.704682290554046631e-01,9.561849733426820014e-03,9.554422455648022838e-01,-4.548669202461058658e-01,4.155781398875571520e-01
2.544739469885826111e-02,-2.347838878631591797e-02,8.324082195758819580e-02,2.465096116065979004e-02,8.425237983465194702e-02,9.038003087043762207e-01,-4.533597826957702637e-01,3.705295920372009277e-01,9.102011564066071758e-03,9.554607576787171874e-01,-4.548735036564431899e-01,4.155835540611402257e-01
2.542628720402717590e-02,-2.344956994056701660e-02,8.326911926269531250e-02,2.467225492000579834e-02,8.393699675798416138e-02,9.038356542587280273e-01,-4.532896876335144043e-01,3.705908060073852539e-01,8.642260814598805643e-03,9.554791311780869156e-01,-4.548800403345474863e-01,4.155889423270583971e-01
2.540517598390579224e-02,-2.342076599597930908e-02,8.329737186431884766e-02,2.469350397586822510e-02,8.362188190221786499e-02,9.038707613945007324e-01,-4.532195329666137695e-01,3.706520795822143555e-01,8.182597496088850342e-03,9.554973675452733683e-01,-4.548865306042096379e-01,4.155943048647942617e-01
2.538403868675231934e-02,-2.339196205139160156e-02,8.332562446594238281e-02,2.471473813056945801e-02,8.330678194761276245e-02,9.039056301116943359e-01,-4.531495571136474609e-01,3.707134723663330078e-01,7.723021620104444408e-03,9.555154682670581323e-01,-4.548929747875830043e-01,4.155996418519807833e-01
2.536291256546974182e-02,-2.336315810680389404e-02,8.335388451814651489e-02,2.473600208759307861e-02,8.299154788255691528e-02,9.039406776428222656e-01,-4.530794024467468262e-01,3.707747161388397217e-01,7.263533198685965218e-03,9.555334348346572471e-01,-4.548993732051829220e-01,4.156049534644208898e-01
2.534180879592895508e-02,-2.333436906337738037e-02,8.338207751512527466e-02,2.475725114345550537e-02,8.267655968666076660e-02,9.039754867553710938e-01,-4.530090689659118652e-01,3.708356618881225586e-01,6.804132244376151321e-03,9.555512687435772090e-01,-4.549057261758869819e-01,4.156102398761075678e-01
2.532064914703369141e-02,-2.330558001995086670e-02,8.341027051210403442e-02,2.477845549583435059e-02,8.236163854598999023e-02,9.040098190307617188e-01,-4.529389142990112305e-01,3.708970248699188232e-01,6.344818770200911194e-03,9.555689714937594115e-01,-4.549120340169352517e-01,4.156155012591821185e-01
2.529951930046081543e-02,-2.327679097652435303e-02,8.343847095966339111e-02,2.479967474937438965e-02,8.204668760299682617e-02,9.040443897247314453e-01,-4.528687000274658203e-01,3.709582388401031494e-01,5.885592789674218631e-03,9.555865445894317078e-01,-4.549182970439297202e-01,4.156207377839579165e-01
2.527835965156555176e-02,-2.324803173542022705e-02,8.346664160490036011e-02,2.482089400291442871e-02,8.173190057277679443e-02,9.040786623954772949e-01,-4.527984857559204102e-01,3.710194528102874756e-01,5.426454316796892365e-03,9.556039895391733596e-01,-4.549245155708345201e-01,4.156259496189179670e-01
2.525723725557327271e-02,-2.321925759315490723e-02,8.349477499723434448e-02,2.484212815761566162e-02,8.141700178384780884e-02,9.041129946708679199e-01,-4.527279734611511230e-01,3.710802197456359863e-01,4.967403366065169940e-03,9.556213078558347673e-01,-4.549306899099762602e-01,4.156311369307232884e-01
2.523608505725860596e-02,-2.319049835205078125e-02,8.352290838956832886e-02,2.486331760883331299e-02,8.110233396291732788e-02,9.041469097137451172e-01,-4.526576399803161621e-01,3.711412847042083740e-01,4.508439952459682674e-03,9.556385010565952021e-01,-4.549368203720434711e-01,4.156362998841924283e-01
2.521493285894393921e-02,-2.316175401210784912e-02,8.355101197957992554e-02,2.488450706005096436e-02,8.078777045011520386e-02,9.041807651519775391e-01,-4.525873363018035889e-01,3.712022304534912109e-01,4.049564091451578370e-03,9.556555706628596658e-01,-4.549429072660872708e-01,4.156414386423138430e-01
2.519377693533897400e-02,-2.313300967216491699e-02,8.357910811901092529e-02,2.490571141242980957e-02,8.047311753034591675e-02,9.042147397994995117e-01,-4.525168538093566895e-01,3.712630867958068848e-01,3.590775798998441237e-03,9.556725182003085184e-01,-4.549489508995204767e-01,4.156465533662517808e-01
2.517262101173400879e-02,-2.310428023338317871e-02,8.360718190670013428e-02,2.492688596248626709e-02,8.015870302915573120e-02,9.042483568191528320e-01,-4.524464607238769531e-01,3.713240027427673340e-01,3.132075091547965179e-03,9.556893451988481836e-01,-4.549549515781184383e-01,4.156516442153362911e-01
2.515145018696784973e-02,-2.307555079460144043e-02,8.363527059555053711e-02,2.494807541370391846e-02,7.984416186809539795e-02,9.042820334434509277e-01,-4.523760676383972168e-01,3.713850975036621094e-01,2.673461986037137163e-03,9.557060531925768432e-01,-4.549609096060187041e-01,4.156567113470682195e-01
2.513027936220169067e-02,-2.304680645465850830e-02,8.366332203149795532e-02,2.496922016143798828e-02,7.952975481748580933e-02,9.043152928352355957e-01,-4.523055851459503174e-01,3.714459836483001709e-01,2.214936499889378838e-03,9.557226437198339530e-01,-4.549668252857209105e-01,4.156617549171099935e-01
2.510913833975791931e-02,-2.301810681819915771e-02,8.369133621454238892e-02,2.499039471149444580e-02,7.921551167964935303e-02,9.043487310409545898e-01,-4.522350430488586426e-01,3.715066015720367432e-01,1.756498651018631582e-03,9.557391183230787846e-01,-4.549726989180870040e-01,4.156667750792981120e-01
2.508796378970146179e-02,-2.298939228057861328e-02,8.371936529874801636e-02,2.501153945922851562e-02,7.890127599239349365e-02,9.043820500373840332e-01,-4.521646201610565186e-01,3.715675473213195801e-01,1.298148457830170747e-03,9.557554785490152138e-01,-4.549785308023409636e-01,4.156717719856407589e-01
2.506678923964500427e-02,-2.296069264411926270e-02,8.374736458063125610e-02,2.503269910812377930e-02,7.858704030513763428e-02,9.044151902198791504e-01,-4.520940780639648438e-01,3.716281950473785400e-01,8.398859392091725246e-04,9.557717259483954342e-01,-4.549843212360693001e-01,4.156767457863087545e-01
2.504559606313705444e-02,-2.293199300765991211e-02,8.377534896135330200e-02,2.505381405353546143e-02,7.827300578355789185e-02,9.044479131698608398e-01,-4.520235359668731689e-01,3.716890811920166016e-01,3.817111145419504331e-04,9.557878620761819377e-01,-4.549900705152202796e-01,4.156816966296499882e-01
2.502444013953208923e-02,-2.290332317352294922e-02,8.380331099033355713e-02,2.507495880126953125e-02,7.795906066894531250e-02,9.044809937477111816e-01,-4.519529938697814941e-01,3.717496991157531738e-01,-7.637599630977483386e-05,9.558038884913736544e-01,-4.549957789341047554e-01,4.156866246621708227e-01
2.500325441360473633e-02,-2.287463843822479248e-02,8.383126556873321533e-02,2.509607374668121338e-02,7.764508575201034546e-02,9.045135974884033203e-01,-4.518823623657226562e-01,3.718104064464569092e-01,-5.343753729831448229e-04,9.558198067571237466e-01,-4.550014467853955025e-01,4.156915300285495829e-01
2.498209103941917419e-02,-2.284595370292663574e-02,8.385919779539108276e-02,2.511720359325408936e-02,7.733111083507537842e-02,9.045463204383850098e-01,-4.518116712570190430e-01,3.718708753585815430e-01,-9.922869946382604188e-04,9.558356184406174849e-01,-4.550070743601278278e-01,4.156964128716495455e-01
2.496090531349182129e-02,-2.281728386878967285e-02,8.388710767030715942e-02,2.513833343982696533e-02,7.701716572046279907e-02,9.045789241790771484e-01,-4.517409801483154297e-01,3.719312846660614014e-01,-1.450110839941436396e-03,9.558513251130957844e-01,-4.550126619476988488e-01,4.157012733324763620e-01
2.493971213698387146e-02,-2.278861403465270996e-02,8.391501009464263916e-02,2.515944838523864746e-02,7.670324295759201050e-02,9.046112298965454102e-01,-4.516701698303222656e-01,3.719919025897979736e-01,-1.907846887064384338e-03,9.558669283498961722e-01,-4.550182098358682148e-01,4.157061115502238002e-01
2.491853386163711548e-02,-2.275997400283813477e-02,8.394289761781692505e-02,2.518054842948913574e-02,7.638964056968688965e-02,9.046436548233032227e-01,-4.515995085239410400e-01,3.720523416996002197e-01,-2.365495113702183530e-03,9.558824297302942474e-01,-4.550237183107576078e-01,4.157109276622442673e-01
2.489732950925827026e-02,-2.273133397102355957e-02,8.397077769041061401e-02,2.520164847373962402e-02,7.607599347829818726e-02,9.046757817268371582e-01,-4.515288770198822021e-01,3.721128702163696289e-01,-2.823055497052043283e-03,9.558978308376132604e-01,-4.550291876568509641e-01,4.157157218040660185e-01
2.487614005804061890e-02,-2.270267903804779053e-02,8.399865031242370605e-02,2.522273361682891846e-02,7.576230168342590332e-02,9.047080278396606445e-01,-4.514581263065338135e-01,3.721733689308166504e-01,-3.280528013828822205e-03,9.559131332591631613e-01,-4.550346181569944193e-01,4.157204941093790573e-01
2.485495805740356445e-02,-2.267403900623321533e-02,8.402647823095321655e-02,2.524381875991821289e-02,7.544873654842376709e-02,9.047398567199707031e-01,-4.513871669769287109e-01,3.722336292266845703e-01,-3.737912640253185023e-03,9.559283385862336058e-01,-4.550400100923961966e-01,4.157252447100531767e-01
2.483376860618591309e-02,-2.264541387557983398e-02,8.405431360006332397e-02,2.526490390300750732e-02,7.513523101806640625e-02,9.047718644142150879e-01,-4.513164758682250977e-01,3.722940087318420410e-01,-4.195209352063036801e-03,9.559434484140215682e-01,-4.550453637426270515e-01,4.157299737361190295e-01
2.481256797909736633e-02,-2.261680364608764648e-02,8.408213406801223755e-02,2.528598904609680176e-02,7.482183724641799927e-02,9.048038125038146973e-01,-4.512456953525543213e-01,3.723543882369995117e-01,-4.652418124504538802e-03,9.559584643416920713e-01,-4.550506793856195498e-01,4.157346813157738463e-01
2.479137107729911804e-02,-2.258817851543426514e-02,8.410992473363876343e-02,2.530704438686370850e-02,7.450845837593078613e-02,9.048353433609008789e-01,-4.511747658252716064e-01,3.724147081375122070e-01,-5.109538932335375844e-03,9.559733879723324446e-01,-4.550559572976686229e-01,4.157393675753858764e-01
2.477018535137176514e-02,-2.255956828594207764e-02,8.413771539926528931e-02,2.532812952995300293e-02,7.419502735137939453e-02,9.048671126365661621e-01,-4.511038362979888916e-01,3.724747896194458008e-01,-5.566571749827615989e-03,9.559882209128958142e-01,-4.550611977534315122e-01,4.157440326395021590e-01
2.474898844957351685e-02,-2.253097295761108398e-02,8.416547626256942749e-02,2.534918487071990967e-02,7.388183474540710449e-02,9.048986434936523438e-01,-4.510329663753509521e-01,3.725350201129913330e-01,-6.023516550761991162e-03,9.560029647742577241e-01,-4.550664010259275472e-01,4.157486766308262638e-01
2.472779527306556702e-02,-2.250237762928009033e-02,8.419323712587356567e-02,2.537022531032562256e-02,7.356869429349899292e-02,9.049299955368041992e-01,-4.509620666503906250e-01,3.725951910018920898e-01,-6.480373308427896280e-03,9.560176211711103322e-01,-4.550715673865382560e-01,4.157532996702358874e-01
2.470658347010612488e-02,-2.247378230094909668e-02,8.422096073627471924e-02,2.539128065109252930e-02,7.325545698404312134e-02,9.049611687660217285e-01,-4.508909583091735840e-01,3.726552128791809082e-01,-6.937141995634828022e-03,9.560321917220298005e-01,-4.550766971050074217e-01,4.157579018767730838e-01
2.468539029359817505e-02,-2.244518697261810303e-02,8.424869924783706665e-02,2.541232109069824219e-02,7.294231653213500977e-02,9.049924015998840332e-01,-4.508200287818908691e-01,3.727152943611145020e-01,-7.393822584700539269e-03,9.560466780494053518e-01,-4.550817904494410260e-01,4.157624833676531462e-01
2.466419711709022522e-02,-2.241663634777069092e-02,8.427641540765762329e-02,2.543334662914276123e-02,7.262951880693435669e-02,9.050238132476806641e-01,-4.507492184638977051e-01,3.727754950523376465e-01,-7.850415047448995598e-03,9.560610817794534810e-01,-4.550868476863071943e-01,4.157670442582658832e-01
2.464300394058227539e-02,-2.238808572292327881e-02,8.430411666631698608e-02,2.545440196990966797e-02,7.231657207012176514e-02,9.050551056861877441e-01,-4.506782293319702148e-01,3.728354573249816895e-01,-8.306919355220997864e-03,9.560754045421655523e-01,-4.550918690804363065e-01,4.157715846621498623e-01
2.462182193994522095e-02,-2.235952019691467285e-02,8.433178812265396118e-02,2.547544240951538086e-02,7.200361788272857666e-02,9.050860404968261719e-01,-4.506071209907531738e-01,3.728952407836914062e-01,-8.763335478868457609e-03,9.560896479713111296e-01,-4.550968548950208858e-01,4.157761046910427027e-01
2.460058778524398804e-02,-2.233096957206726074e-02,8.435945957899093628e-02,2.549645304679870605e-02,7.169082760810852051e-02,9.051168560981750488e-01,-4.505361318588256836e-01,3.729553520679473877e-01,-9.219663388752772498e-03,9.561038137044305385e-01,-4.551018053916158213e-01,4.157806044548265634e-01
2.457938343286514282e-02,-2.230241894721984863e-02,8.438713103532791138e-02,2.551744878292083740e-02,7.137812674045562744e-02,9.051476120948791504e-01,-4.504651129245758057e-01,3.730154335498809814e-01,-9.675903054755028224e-03,9.561179033827932328e-01,-4.551067208301379785e-01,4.157850840615583965e-01
2.455818653106689453e-02,-2.227388322353363037e-02,8.441475778818130493e-02,2.553847432136535645e-02,7.106538861989974976e-02,9.051783680915832520e-01,-4.503939449787139893e-01,3.730752170085906982e-01,-1.013205444625599194e-02,9.561319186514127821e-01,-4.551116014688665889e-01,4.157895436174680603e-01
2.453700825572013855e-02,-2.224536240100860596e-02,8.444237709045410156e-02,2.555947005748748779e-02,7.075289636850357056e-02,9.052090644836425781e-01,-4.503229260444641113e-01,3.731349408626556396e-01,-1.058811753215734702e-02,9.561458611589825907e-01,-4.551164475644430829e-01,4.157939832269551550e-01
2.451580017805099487e-02,-2.221681177616119385e-02,8.447001874446868896e-02,2.558048069477081299e-02,7.044009119272232056e-02,9.052397012710571289e-01,-4.502517580986022949e-01,3.731948137283325195e-01,-1.104409228086494776e-02,9.561597325579326290e-01,-4.551212593718709232e-01,4.157984029925870795e-01
2.449459210038185120e-02,-2.218830585479736328e-02,8.449762314558029175e-02,2.560149133205413818e-02,7.012760639190673828e-02,9.052703380584716797e-01,-4.501806497573852539e-01,3.732545375823974609e-01,-1.149997866030679286e-02,9.561735345042854384e-01,-4.551260371445160491e-01,4.158028030150888732e-01
2.447340637445449829e-02,-2.215979993343353271e-02,8.452520519495010376e-02,2.562247216701507568e-02,6.981524080038070679e-02,9.053007960319519043e-01,-4.501095414161682129e-01,3.733143210411071777e-01,-1.195577663790851723e-02,9.561872686578304359e-01,-4.551307811341064880e-01,4.158071833933745798e-01
2.445219084620475769e-02,-2.213126420974731445e-02,8.455280214548110962e-02,2.564343810081481934e-02,6.950272619724273682e-02,9.053310155868530273e-01,-4.500383734703063965e-01,3.733741939067840576e-01,-1.241148618062402204e-02,9.562009366818622347e-01,-4.551354915907321885e-01,4.158115442245078897e-01
2.443103119730949402e-02,-2.210278809070587158e-02,8.458036929368972778e-02,2.566444873809814453e-02,6.919045746326446533e-02,9.053618311882019043e-01,-4.499672651290893555e-01,3.734336495399475098e-01,-1.286710725490525925e-02,9.562145402434312214e-01,-4.551401687628457982e-01,4.158158856037353357e-01
2.440981939435005188e-02,-2.207429707050323486e-02,8.460792154073715210e-02,2.568542957305908203e-02,6.887815147638320923e-02,9.053919315338134766e-01,-4.498960971832275391e-01,3.734933137893676758e-01,-1.332263982672549953e-02,9.562280810130701081e-01,-4.551448128972617746e-01,4.158202076244692513e-01
2.438862249255180359e-02,-2.204579114913940430e-02,8.463544398546218872e-02,2.570639550685882568e-02,6.856581568717956543e-02,9.054218530654907227e-01,-4.498247504234313965e-01,3.735528290271759033e-01,-1.377808386156301017e-02,9.562415606649951050e-01,-4.551494242391570522e-01,4.158245103782856611e-01
2.436742559075355530e-02,-2.201732993125915527e-02,8.466298878192901611e-02,2.572736144065856934e-02,6.825375556945800781e-02,9.054521322250366211e-01,-4.497537016868591309e-01,3.736124932765960693e-01,-1.423343932440757249e-02,9.562549808769316151e-01,-4.551540030320705421e-01,4.158287939549385470e-01
2.434624359011650085e-02,-2.198883891105651855e-02,8.469050377607345581e-02,2.574831247329711914e-02,6.794161349534988403e-02,9.054821729660034180e-01,-4.496824443340301514e-01,3.736720085144042969e-01,-1.468870617976948505e-02,9.562683433301707447e-01,-4.551585495179035767e-01,4.158330584423323706e-01
2.432506531476974487e-02,-2.196039259433746338e-02,8.471801131963729858e-02,2.576927840709686279e-02,6.762970238924026489e-02,9.055123329162597656e-01,-4.496112763881683350e-01,3.737315535545349121e-01,-1.514388439166443855e-02,9.562816497095735224e-01,-4.551630639369194653e-01,4.158373039265647608e-01
2.430387213826179504e-02,-2.193193137645721436e-02,8.474548906087875366e-02,2.579024434089660645e-02,6.731765717267990112e-02,9.055422544479370117e-01,-4.495398402214050293e-01,3.737908005714416504e-01,-1.559897392361678931e-02,9.562949017034680921e-01,-4.551675465277439381e-01,4.158415304918848809e-01
2.428267523646354675e-02,-2.190347015857696533e-02,8.477296680212020874e-02,2.581118047237396240e-02,6.700570881366729736e-02,9.055718779563903809e-01,-4.494686126708984375e-01,3.738502860069274902e-01,-1.605397473866813571e-02,9.563081010036879048e-01,-4.551719975273647578e-01,4.158457382207207398e-01
2.426150441169738770e-02,-2.187503874301910400e-02,8.480045199394226074e-02,2.583213150501251221e-02,6.669394671916961670e-02,9.056020379066467285e-01,-4.493974745273590088e-01,3.739097714424133301e-01,-1.650888679937486531e-02,9.563212493055679442e-01,-4.551764171711318863e-01,4.158499271936600961e-01
2.424030750989913940e-02,-2.184659242630004883e-02,8.482790738344192505e-02,2.585306763648986816e-02,6.638211756944656372e-02,9.056317806243896484e-01,-4.493262171745300293e-01,3.739691078662872314e-01,-1.696371006779509236e-02,9.563343483079254082e-01,-4.551808056927577062e-01,4.158540974894666120e-01
2.421915158629417419e-02,-2.181817591190338135e-02,8.485532552003860474e-02,2.587401866912841797e-02,6.607044488191604614e-02,9.056614637374877930e-01,-4.492547512054443359e-01,3.740281462669372559e-01,-1.741844450550824458e-02,9.563473997129730009e-01,-4.551851633243165773e-01,4.158582491850736917e-01
2.419795468449592590e-02,-2.178974449634552002e-02,8.488278836011886597e-02,2.589495480060577393e-02,6.575866788625717163e-02,9.056912660598754883e-01,-4.491835832595825195e-01,3.740877211093902588e-01,-1.787309007360119925e-02,9.563604052264246258e-01,-4.551894902962451139e-01,4.158623823555793741e-01
2.417678385972976685e-02,-2.176132798194885254e-02,8.491019904613494873e-02,2.591589093208312988e-02,6.544704735279083252e-02,9.057208895683288574e-01,-4.491121768951416016e-01,3.741468191146850586e-01,-1.832764673267317512e-02,9.563733665573211917e-01,-4.551937868373422402e-01,4.158664970742517175e-01
2.415560558438301086e-02,-2.173294126987457275e-02,8.493755012750625610e-02,2.593679726123809814e-02,6.513573229312896729e-02,9.057500362396240234e-01,-4.490407407283782959e-01,3.742058575153350830e-01,-1.878213491977714228e-02,9.563858423703702760e-01,-4.551980384118999856e-01,4.158706131299991782e-01
2.413434907793998718e-02,-2.170450985431671143e-02,8.496491611003875732e-02,2.595770359039306641e-02,6.482401490211486816e-02,9.057787060737609863e-01,-4.489691853523254395e-01,3.742650747299194336e-01,-1.923655569837121743e-02,9.563978106111352684e-01,-4.552022444496472975e-01,4.158747316553082496e-01
2.411310747265815735e-02,-2.167609333992004395e-02,8.499226719141006470e-02,2.597856521606445312e-02,6.451257318258285522e-02,9.058072566986083984e-01,-4.488976895809173584e-01,3.743244111537933350e-01,-1.969088953399857067e-02,9.564096948172022827e-01,-4.552064192284080435e-01,4.158788339473267759e-01
2.409187704324722290e-02,-2.164770662784576416e-02,8.501958101987838745e-02,2.599945664405822754e-02,6.420122087001800537e-02,9.058358669281005859e-01,-4.488261640071868896e-01,3.743834495544433594e-01,-2.014513643157991168e-02,9.564214957212775481e-01,-4.552105629370664097e-01,4.158829201165712974e-01
2.407063171267509460e-02,-2.161934971809387207e-02,8.504690974950790405e-02,2.602036297321319580e-02,6.388997286558151245e-02,9.058646559715270996e-01,-4.487547278404235840e-01,3.744427263736724854e-01,-2.059929639597672321e-02,9.564332140507866287e-01,-4.552146757625682993e-01,4.158869902721088474e-01
2.404937893152236938e-02,-2.159096300601959229e-02,8.507419377565383911e-02,2.604122459888458252e-02,6.357870995998382568e-02,9.058928489685058594e-01,-4.486830830574035645e-01,3.745018243789672852e-01,-2.105336943196881028e-02,9.564448505276887946e-01,-4.552187578899216103e-01,4.158910445215822094e-01
2.402815595269203186e-02,-2.156262099742889404e-02,8.510146290063858032e-02,2.606208622455596924e-02,6.326778233051300049e-02,9.059212207794189453e-01,-4.486115872859954834e-01,3.745608627796173096e-01,-2.150735554427429808e-02,9.564564058686358949e-01,-4.552228095021954024e-01,4.158950829712151909e-01
2.400691062211990356e-02,-2.153424918651580811e-02,8.512873202562332153e-02,2.608296275138854980e-02,6.295654177665710449e-02,9.059494733810424805e-01,-4.485399425029754639e-01,3.746198415756225586e-01,-2.196125473753616358e-02,9.564678807848173703e-01,-4.552268307805207304e-01,4.158991057257839241e-01
2.398566901683807373e-02,-2.150587737560272217e-02,8.515600115060806274e-02,2.610382437705993652e-02,6.264540553092956543e-02,9.059776067733764648e-01,-4.484682977199554443e-01,3.746788203716278076e-01,-2.241506701632591664e-02,9.564792759820470724e-01,-4.552308219040903658e-01,4.159031128886547246e-01
2.396443486213684082e-02,-2.147755026817321777e-02,8.518324792385101318e-02,2.612465620040893555e-02,6.233465671539306641e-02,9.060057401657104492e-01,-4.483968913555145264e-01,3.747379481792449951e-01,-2.286879238513990845e-02,9.564905921607103068e-01,-4.552347830501586867e-01,4.159071045617453444e-01
2.394318953156471252e-02,-2.144920825958251953e-02,8.521047234535217285e-02,2.614551782608032227e-02,6.202367693185806274e-02,9.060337543487548828e-01,-4.483251273632049561e-01,3.747968375682830811e-01,-2.332243084841322672e-02,9.565018300157371867e-01,-4.552387143940417880e-01,4.159110808455564468e-01
2.392195165157318115e-02,-2.142085134983062744e-02,8.523768931627273560e-02,2.616636455059051514e-02,6.171264499425888062e-02,9.060616493225097656e-01,-4.482534229755401611e-01,3.748555779457092285e-01,-2.377598241050172742e-02,9.565129902365802073e-01,-4.552426161091174261e-01,4.159150418391595050e-01
2.390070259571075439e-02,-2.139249444007873535e-02,8.526489883661270142e-02,2.618719637393951416e-02,6.140168011188507080e-02,9.060893654823303223e-01,-4.481816291809082031e-01,3.749144673347473145e-01,-2.422944707569387943e-02,9.565240735072932932e-01,-4.552464883668250750e-01,4.159189876401824248e-01
2.387947216629981995e-02,-2.136422693729400635e-02,8.529206365346908569e-02,2.620805799961090088e-02,6.109118461608886719e-02,9.061173796653747559e-01,-4.481100142002105713e-01,3.749731779098510742e-01,-2.468282484820585529e-02,9.565350805063581596e-01,-4.552503313366659254e-01,4.159229183448351908e-01
2.385823428630828857e-02,-2.133589982986450195e-02,8.531925827264785767e-02,2.622884511947631836e-02,6.078061461448669434e-02,9.061449766159057617e-01,-4.480384588241577148e-01,3.750321865081787109e-01,-2.513611573218275941e-02,9.565460119068314171e-01,-4.552541451862028299e-01,4.159268340478984860e-01
2.383697032928466797e-02,-2.130758762359619141e-02,8.534643799066543579e-02,2.624967694282531738e-02,6.046989560127258301e-02,9.061726331710815430e-01,-4.479667544364929199e-01,3.750911056995391846e-01,-2.558931973169945376e-02,9.565568683762347701e-01,-4.552579300810602470e-01,4.159307348427185858e-01
2.381573617458343506e-02,-2.127930521965026855e-02,8.537356555461883545e-02,2.627052366733551025e-02,6.015934795141220093e-02,9.062002301216125488e-01,-4.478949010372161865e-01,3.751495778560638428e-01,-2.604243685076218159e-02,9.565676505765517978e-01,-4.552616861849244634e-01,4.159346208212156837e-01
2.379450201988220215e-02,-2.125099301338195801e-02,8.540070801973342896e-02,2.629132568836212158e-02,5.984877049922943115e-02,9.062275290489196777e-01,-4.478231370449066162e-01,3.752082884311676025e-01,-2.649546709329958505e-02,9.565783591642462724e-01,-4.552654136595434275e-01,4.159384920738745661e-01
2.377324551343917847e-02,-2.122271060943603516e-02,8.542783558368682861e-02,2.631214261054992676e-02,5.953831225633621216e-02,9.062550067901611328e-01,-4.477513730525970459e-01,3.752670288085937500e-01,-2.694841046317291572e-02,9.565889947902546098e-01,-4.552691126647268605e-01,4.159423486897579902e-01
2.375201135873794556e-02,-2.119441330432891846e-02,8.545496314764022827e-02,2.633292973041534424e-02,5.922792106866836548e-02,9.062823057174682617e-01,-4.476795792579650879e-01,3.753256797790527344e-01,-2.740126696417562874e-02,9.565995580999142600e-01,-4.552727833583459227e-01,4.159461907564932504e-01
2.373078465461730957e-02,-2.116614580154418945e-02,8.548203855752944946e-02,2.635374665260314941e-02,5.891758948564529419e-02,9.063096046447753906e-01,-4.476076662540435791e-01,3.753840327262878418e-01,-2.785403660002766166e-02,9.566100497329973473e-01,-4.552764258963336585e-01,4.159500183602815593e-01
2.370953187346458435e-02,-2.113787829875946045e-02,8.550914376974105835e-02,2.637454867362976074e-02,5.860726535320281982e-02,9.063368439674377441e-01,-4.475359916687011719e-01,3.754427433013916016e-01,-2.830671937437298502e-02,9.566204703237034535e-01,-4.552800404326847183e-01,4.159538315858886670e-01
2.368828654289245605e-02,-2.110962569713592529e-02,8.553624153137207031e-02,2.639532089233398438e-02,5.829717963933944702e-02,9.063640832901000977e-01,-4.474643170833587646e-01,3.755015432834625244e-01,-2.875931529079266830e-02,9.566308205005872312e-01,-4.552836271194555806e-01,4.159576305166582944e-01
2.366704493761062622e-02,-2.108137309551239014e-02,8.556328713893890381e-02,2.641610801219940186e-02,5.798703432083129883e-02,9.063909649848937988e-01,-4.473924040794372559e-01,3.755599260330200195e-01,-2.921182435279508910e-02,9.566411008866155807e-01,-4.552871861067643300e-01,4.159614152344977556e-01
2.364582195878028870e-02,-2.105310559272766113e-02,8.559034019708633423e-02,2.643691003322601318e-02,5.767673254013061523e-02,9.064179658889770508e-01,-4.473204314708709717e-01,3.756181597709655762e-01,-2.966424656381142638e-02,9.566513120991255725e-01,-4.552907175427907127e-01,4.159651858198943342e-01
2.362456917762756348e-02,-2.102488279342651367e-02,8.561737090349197388e-02,2.645766735076904297e-02,5.736688524484634399e-02,9.064448475837707520e-01,-4.472486674785614014e-01,3.756767511367797852e-01,-3.011658192721159560e-02,9.566614547498326626e-01,-4.552942215737760812e-01,4.159689423518907470e-01
2.360333874821662903e-02,-2.099667489528656006e-02,8.564441651105880737e-02,2.647843956947326660e-02,5.705713480710983276e-02,9.064718484878540039e-01,-4.471769928932189941e-01,3.757352828979492188e-01,-3.056883044628628046e-02,9.566715294447312168e-01,-4.552976983440237269e-01,4.159726849081106792e-01
2.358208596706390381e-02,-2.096840739250183105e-02,8.567141741514205933e-02,2.649921178817749023e-02,5.674687772989273071e-02,9.064984321594238281e-01,-4.471048116683959961e-01,3.757935464382171631e-01,-3.102099212425795532e-02,9.566815367842128603e-01,-4.553011479958984364e-01,4.159764135647445182e-01
2.356084808707237244e-02,-2.094018459320068359e-02,8.569844812154769897e-02,2.651996910572052002e-02,5.643702298402786255e-02,9.065253138542175293e-01,-4.470330178737640381e-01,3.758521080017089844e-01,-3.147306696428089218e-02,9.566914773629332513e-01,-4.553045706698267137e-01,4.159801283965595120e-01
2.353961393237113953e-02,-2.091197669506072998e-02,8.572541922330856323e-02,2.654072642326354980e-02,5.612730234861373901e-02,9.065518379211425781e-01,-4.469610750675201416e-01,3.759103417396545410e-01,-3.192505496943420090e-02,9.567013517698653713e-01,-4.553079665042968904e-01,4.159838294768823941e-01
2.351837605237960815e-02,-2.088378369808197021e-02,8.575239777565002441e-02,2.656148374080657959e-02,5.581764131784439087e-02,9.065784811973571777e-01,-4.468892216682434082e-01,3.759686350822448730e-01,-3.237695614273124883e-02,9.567111605883220626e-01,-4.553113356358587382e-01,4.159875168776148158e-01
2.349716797471046448e-02,-2.085557579994201660e-02,8.577933162450790405e-02,2.658224105834960938e-02,5.550788342952728271e-02,9.066049456596374512e-01,-4.468171000480651855e-01,3.760265409946441650e-01,-3.282877048710902690e-02,9.567209043958201375e-01,-4.553146781991240788e-01,4.159911906692373429e-01
2.347593382000923157e-02,-2.082739770412445068e-02,8.580631017684936523e-02,2.660298347473144531e-02,5.519839376211166382e-02,9.066315889358520508e-01,-4.467452764511108398e-01,3.760849535465240479e-01,-3.328049800543752407e-02,9.567305837641892907e-01,-4.553179943267660623e-01,4.159948509207788692e-01
2.345468476414680481e-02,-2.079918980598449707e-02,8.583324402570724487e-02,2.662372589111328125e-02,5.488865822553634644e-02,9.066576957702636719e-01,-4.466731846332550049e-01,3.761430978775024414e-01,-3.373213870051488400e-02,9.567401992594478655e-01,-4.553212841495196672e-01,4.159984976998624129e-01
2.343344315886497498e-02,-2.077102661132812500e-02,8.586017042398452759e-02,2.664448320865631104e-02,5.457916855812072754e-02,9.066842198371887207e-01,-4.466012120246887207e-01,3.762012124061584473e-01,-3.418369257506650299e-02,9.567497514419087690e-01,-4.553245477961816445e-01,4.160021310726747523e-01
2.341221272945404053e-02,-2.074286341667175293e-02,8.588709682226181030e-02,2.666518092155456543e-02,5.426994711160659790e-02,9.067103862762451172e-01,-4.465294182300567627e-01,3.762595653533935547e-01,-3.463515963175043538e-02,9.567592408660844372e-01,-4.553277853936103514e-01,4.160057511039569889e-01
2.339098230004310608e-02,-2.071468532085418701e-02,8.591400831937789917e-02,2.668592333793640137e-02,5.396039783954620361e-02,9.067366719245910645e-01,-4.464573860168457031e-01,3.763175606727600098e-01,-3.508653987314996198e-02,9.567686680807401256e-01,-4.553309970667258622e-01,4.160093578570414619e-01
2.336975559592247009e-02,-2.068653702735900879e-02,8.594090491533279419e-02,2.670665085315704346e-02,5.365115404129028320e-02,9.067628979682922363e-01,-4.463853836059570312e-01,3.763755559921264648e-01,-3.553783330177893302e-02,9.567780336287535770e-01,-4.553341829385099127e-01,4.160129513938240486e-01
2.334852889180183411e-02,-2.065837383270263672e-02,8.596778661012649536e-02,2.672734856605529785e-02,5.334191769361495972e-02,9.067888259887695312e-01,-4.463133215904235840e-01,3.764336705207824707e-01,-3.598903992008260083e-02,9.567873380472363687e-01,-4.553373431300060115e-01,4.160165317747643310e-01
2.332729473710060120e-02,-2.063022553920745850e-02,8.599466085433959961e-02,2.674807608127593994e-02,5.303262174129486084e-02,9.068148732185363770e-01,-4.462412595748901367e-01,3.764916658401489258e-01,-3.644015973043309570e-02,9.567965818674578626e-01,-4.553404777603192177e-01,4.160200990588947545e-01
2.330607548356056213e-02,-2.060209214687347412e-02,8.602152019739151001e-02,2.676878869533538818e-02,5.272351950407028198e-02,9.068409204483032227e-01,-4.461692273616790771e-01,3.765496015548706055e-01,-3.689119273513475489e-02,9.568057656148646339e-01,-4.553435869466164188e-01,4.160236533038305096e-01
2.328484505414962769e-02,-2.057394385337829590e-02,8.604837208986282349e-02,2.678950130939483643e-02,5.241427570581436157e-02,9.068667888641357422e-01,-4.460970759391784668e-01,3.766075372695922852e-01,-3.734213893641308291e-02,9.568148898090192978e-01,-4.553466708041262745e-01,4.160271945657373904e-01
2.326362580060958862e-02,-2.054582536220550537e-02,8.607520908117294312e-02,2.681018412113189697e-02,5.210538208484649658e-02,9.068925976753234863e-01,-4.460251331329345703e-01,3.766654729843139648e-01,-3.779299833643355588e-02,9.568239549636309293e-01,-4.553497294461386624e-01,4.160307228993651019e-01
2.324239164590835571e-02,-2.051772177219390869e-02,8.610203117132186890e-02,2.683088183403015137e-02,5.179651826620101929e-02,9.069184064865112305e-01,-4.459531009197235107e-01,3.767234086990356445e-01,-3.824377093728281718e-02,9.568329615864872295e-01,-4.553527629840058433e-01,4.160342383580259984e-01
2.322116494178771973e-02,-2.048957347869873047e-02,8.612885326147079468e-02,2.685159444808959961e-02,5.148726701736450195e-02,9.069440960884094238e-01,-4.458808898925781250e-01,3.767811059951782227e-01,-3.869445674098256904e-02,9.568419101795525572e-01,-4.553557715271412953e-01,4.160377409936164561e-01
2.319995313882827759e-02,-2.046148478984832764e-02,8.615563064813613892e-02,2.687226235866546631e-02,5.117859691381454468e-02,9.069696068763732910e-01,-4.458087384700775146e-01,3.768388628959655762e-01,-3.914505574947895611e-02,9.568508012387975104e-01,-4.553587551830201585e-01,4.160412308565790696e-01
2.317873761057853699e-02,-2.043338119983673096e-02,8.618243783712387085e-02,2.689296007156372070e-02,5.086974054574966431e-02,9.069954752922058105e-01,-4.457366764545440674e-01,3.768966197967529297e-01,-3.959556796464869938e-02,9.568596352543393690e-01,-4.553617140571795674e-01,4.160447079959526673e-01
2.315750718116760254e-02,-2.040530741214752197e-02,8.620920032262802124e-02,2.691364288330078125e-02,5.056110024452209473e-02,9.070208668708801270e-01,-4.456645548343658447e-01,3.769543766975402832e-01,-4.004599338829908234e-02,9.568684127103090908e-01,-4.553646482532182627e-01,4.160481724593225739e-01
2.313630655407905579e-02,-2.037720382213592529e-02,8.623597025871276855e-02,2.693431079387664795e-02,5.025233328342437744e-02,9.070464372634887695e-01,-4.455923438072204590e-01,3.770121037960052490e-01,-4.049633202216671585e-02,9.568771340849009377e-01,-4.553675578727965356e-01,4.160516242928650188e-01
2.311509847640991211e-02,-2.034913003444671631e-02,8.626272529363632202e-02,2.695497870445251465e-02,4.994378983974456787e-02,9.070718884468078613e-01,-4.455201923847198486e-01,3.770697414875030518e-01,-4.094658386791431154e-02,9.568857998503605966e-01,-4.553704430156363947e-01,4.160550635413189369e-01
2.309385687112808228e-02,-2.032105624675750732e-02,8.628945797681808472e-02,2.697566151618957520e-02,4.963509738445281982e-02,9.070972204208374023e-01,-4.454480111598968506e-01,3.771272897720336914e-01,-4.139674892713676724e-02,9.568944104729403266e-01,-4.553733037795216765e-01,4.160584902479849134e-01
2.307266369462013245e-02,-2.029298245906829834e-02,8.631620556116104126e-02,2.699634432792663574e-02,4.932649433612823486e-02,9.071226716041564941e-01,-4.453758001327514648e-01,3.771848380565643311e-01,-4.184682720136159023e-02,9.569029664129021784e-01,-4.553761402602977681e-01,4.160619044547422818e-01
2.305144444108009338e-02,-2.026493847370147705e-02,8.634290844202041626e-02,2.701698243618011475e-02,4.901821166276931763e-02,9.071477651596069336e-01,-4.453036785125732422e-01,3.772425055503845215e-01,-4.229681869203420069e-02,9.569114681245486365e-01,-4.553789525518717740e-01,4.160653062020413517e-01
2.303024381399154663e-02,-2.023687958717346191e-02,8.636961132287979126e-02,2.703762054443359375e-02,4.870985448360443115e-02,9.071729779243469238e-01,-4.452314674854278564e-01,3.773000240325927734e-01,-4.274672340054323783e-02,9.569199160560668549e-01,-4.553817407462126265e-01,4.160686955289040201e-01
2.300903946161270142e-02,-2.020883560180664062e-02,8.639630675315856934e-02,2.705830335617065430e-02,4.840141534805297852e-02,9.071982502937316895e-01,-4.451591670513153076e-01,3.773573637008666992e-01,-4.319654132819526760e-02,9.569283106497262770e-01,-4.553845049333508088e-01,4.160720724729128350e-01
2.298783510923385620e-02,-2.018079161643981934e-02,8.642301708459854126e-02,2.707894146442413330e-02,4.809314012527465820e-02,9.072235822677612305e-01,-4.450870156288146973e-01,3.774149417877197266e-01,-4.364627247623556472e-02,9.569366523416772408e-01,-4.553872452013784655e-01,4.160754370702292593e-01
2.296662703156471252e-02,-2.015276253223419189e-02,8.644968271255493164e-02,2.709959447383880615e-02,4.778488725423812866e-02,9.072484970092773438e-01,-4.450147747993469238e-01,3.774724006652832031e-01,-4.409591684582978011e-02,9.569449415620574495e-01,-4.553899616364495140e-01,4.160787893555875083e-01
2.294543385505676270e-02,-2.012473344802856445e-02,8.647633343935012817e-02,2.712023258209228516e-02,4.747673124074935913e-02,9.072735905647277832e-01,-4.449424743652343750e-01,3.775296509265899658e-01,-4.454547443808107299e-02,9.569531787349120355e-01,-4.553926543227795887e-01,4.160821293622814498e-01
2.292421087622642517e-02,-2.009673416614532471e-02,8.650299161672592163e-02,2.714087069034576416e-02,4.716872423887252808e-02,9.072985649108886719e-01,-4.448703229427337646e-01,3.775871694087982178e-01,-4.499494525401336736e-02,9.569613642781976681e-01,-4.553953233426460412e-01,4.160854571221858089e-01
2.290301024913787842e-02,-2.006870508193969727e-02,8.652965724468231201e-02,2.716147899627685547e-02,4.686065018177032471e-02,9.073234200477600098e-01,-4.447982013225555420e-01,3.776447176933288574e-01,-4.544432929458971926e-02,9.569694986037935447e-01,-4.553979687763876627e-01,4.160887726657410135e-01
2.288180962204933167e-02,-2.004069089889526367e-02,8.655629307031631470e-02,2.718213200569152832e-02,4.655247926712036133e-02,9.073483347892761230e-01,-4.447257816791534424e-01,3.777019381523132324e-01,-4.589362656069274904e-02,9.569775821174867358e-01,-4.554005907024052391e-01,4.160920760219490311e-01
2.286059409379959106e-02,-2.001269161701202393e-02,8.658293634653091431e-02,2.720272541046142578e-02,4.624466598033905029e-02,9.073731303215026855e-01,-4.446536898612976074e-01,3.777595460414886475e-01,-4.634283705314379276e-02,9.569856152189033516e-01,-4.554031891971611068e-01,4.160953672184000141e-01
2.283940836787223816e-02,-1.998470723628997803e-02,8.660951256752014160e-02,2.722336351871490479e-02,4.593677073717117310e-02,9.073978066444396973e-01,-4.445812702178955078e-01,3.778165280818939209e-01,-4.679196077268087117e-02,9.569935983015469549e-01,-4.554057643351794304e-01,4.160986462812425457e-01
2.281823754310607910e-02,-1.995670795440673828e-02,8.663611859083175659e-02,2.724397182464599609e-02,4.562894254922866821e-02,9.074226021766662598e-01,-4.445089697837829590e-01,3.778736293315887451e-01,-4.724099771998728492e-02,9.570015317527792442e-01,-4.554083161890457032e-01,4.161019132351990168e-01
2.279704809188842773e-02,-1.992873847484588623e-02,8.666270971298217773e-02,2.726460993289947510e-02,4.532111436128616333e-02,9.074474573135375977e-01,-4.444366693496704102e-01,3.779308199882507324e-01,-4.768994789566342180e-02,9.570094159538011791e-01,-4.554108448294076350e-01,4.161051681035576322e-01
2.277583256363868713e-02,-1.990075409412384033e-02,8.668928593397140503e-02,2.728520333766937256e-02,4.501336067914962769e-02,9.074717760086059570e-01,-4.443643093109130859e-01,3.779880404472351074e-01,-4.813881130024472155e-02,9.570172512796530917e-01,-4.554133503249740422e-01,4.161084109081832905e-01
2.275463938713073730e-02,-1.987278461456298828e-02,8.671586215496063232e-02,2.730579674243927002e-02,4.470571875572204590e-02,9.074963927268981934e-01,-4.442920386791229248e-01,3.780452907085418701e-01,-4.858758793419312022e-02,9.570250380991500716e-01,-4.554158327425160691e-01,4.161116416695077036e-01
2.273346856236457825e-02,-1.984483003616333008e-02,8.674243837594985962e-02,2.732640504837036133e-02,4.439815878868103027e-02,9.075211286544799805e-01,-4.442197978496551514e-01,3.781024515628814697e-01,-4.903627779790355190e-02,9.570327767749239323e-01,-4.554182921468659662e-01,4.161148604065383338e-01
2.271226793527603149e-02,-1.981690526008605957e-02,8.676894754171371460e-02,2.734702825546264648e-02,4.409065842628479004e-02,9.075455069541931152e-01,-4.441473782062530518e-01,3.781593143939971924e-01,-4.948488089169338078e-02,9.570404676634340912e-01,-4.554207286009180899e-01,4.161180671368382433e-01
2.269109338521957397e-02,-1.978893578052520752e-02,8.679547905921936035e-02,2.736759185791015625e-02,4.378315806388854980e-02,9.075697660446166992e-01,-4.440749585628509521e-01,3.782163262367248535e-01,-4.993339721581867285e-02,9.570481111148391173e-01,-4.554231421656282919e-01,4.161212618765564031e-01
2.266991138458251953e-02,-1.976099610328674316e-02,8.682201802730560303e-02,2.738817036151885986e-02,4.347579181194305420e-02,9.075942039489746094e-01,-4.440027475357055664e-01,3.782734870910644531e-01,-5.038182677045914548e-02,9.570557074731101954e-01,-4.554255329000140851e-01,4.161244446404064878e-01
2.264874055981636047e-02,-1.973307132720947266e-02,8.684851974248886108e-02,2.740876376628875732e-02,4.316842555999755859e-02,9.076185822486877441e-01,-4.439303278923034668e-01,3.783304095268249512e-01,-5.083016955572016576e-02,9.570632570759518565e-01,-4.554279008611548107e-01,4.161276154416739814e-01
2.262756973505020142e-02,-1.970513164997100830e-02,8.687502890825271606e-02,2.742934226989746094e-02,4.286105930805206299e-02,9.076429009437561035e-01,-4.438579380512237549e-01,3.783872723579406738e-01,-5.127842557164993820e-02,9.570707602548051973e-01,-4.554302461041914163e-01,4.161307742922080166e-01
2.260638400912284851e-02,-1.967720687389373779e-02,8.690152317285537720e-02,2.744990587234497070e-02,4.255382716655731201e-02,9.076670408248901367e-01,-4.437855780124664307e-01,3.784442245960235596e-01,-5.172661172870406110e-02,9.570781002797590364e-01,-4.554326126317476686e-01,4.161339645516160535e-01
2.258517965674400330e-02,-1.964931190013885498e-02,8.692798018455505371e-02,2.747049927711486816e-02,4.224659502506256104e-02,9.076910018920898438e-01,-4.437131285667419434e-01,3.785011768341064453e-01,-5.217471557658479031e-02,9.570853638293214116e-01,-4.554349681377982129e-01,4.161371543135261031e-01
2.256400883197784424e-02,-1.962140202522277832e-02,8.695446699857711792e-02,2.749106287956237793e-02,4.193948209285736084e-02,9.077152609825134277e-01,-4.436407983303070068e-01,3.785580396652221680e-01,-5.262273370618401891e-02,9.570925748434525593e-01,-4.554373038120780870e-01,4.161403348469111529e-01
2.254281565546989441e-02,-1.959349215030670166e-02,8.698093146085739136e-02,2.751159667968750000e-02,4.163244366645812988e-02,9.077391028404235840e-01,-4.435684680938720703e-01,3.786151111125946045e-01,-5.307066614048137898e-02,9.570997334826646386e-01,-4.554396197623080678e-01,4.161435062174138610e-01
2.252164110541343689e-02,-1.956558227539062500e-02,8.700735867023468018e-02,2.753217518329620361e-02,4.132521152496337891e-02,9.077630043029785156e-01,-4.434958100318908691e-01,3.786716759204864502e-01,-5.351851290257535892e-02,9.571068399002126137e-01,-4.554419160948124934e-01,4.161466684897855428e-01
2.250047400593757629e-02,-1.953773200511932373e-02,8.703379333019256592e-02,2.755273878574371338e-02,4.101845622062683105e-02,9.077870249748229980e-01,-4.434235394001007080e-01,3.787284493446350098e-01,-5.396627401571393173e-02,9.571138942419807893e-01,-4.554441929145194856e-01,4.161498217278721823e-01
2.247930318117141724e-02,-1.950985193252563477e-02,8.706019818782806396e-02,2.757330238819122314e-02,4.071150720119476318e-02,9.078109860420227051e-01,-4.433509707450866699e-01,3.787850737571716309e-01,-5.441394950328189845e-02,9.571208966464824774e-01,-4.554464503249603391e-01,4.161529659946436310e-01
2.245812863111495972e-02,-1.948197185993194580e-02,8.708664029836654663e-02,2.759385108947753906e-02,4.040458798408508301e-02,9.078348875045776367e-01,-4.432786405086517334e-01,3.788419067859649658e-01,-5.486153938879352598e-02,9.571278472448602193e-01,-4.554486884282701320e-01,4.161561013521520858e-01
2.243693917989730835e-02,-1.945412158966064453e-02,8.711302280426025391e-02,2.761439979076385498e-02,4.009784758090972900e-02,9.078584909439086914e-01,-4.432061314582824707e-01,3.788985311985015869e-01,-5.530904369591419650e-02,9.571347461609235330e-01,-4.554509073251875595e-01,4.161592278615748319e-01
2.241576462984085083e-02,-1.942625641822814941e-02,8.713942766189575195e-02,2.763491868972778320e-02,3.979116678237915039e-02,9.078821539878845215e-01,-4.431338012218475342e-01,3.789553940296173096e-01,-5.575646244843510124e-02,9.571415935110431095e-01,-4.554531071150547117e-01,4.161623455831744978e-01
2.239459753036499023e-02,-1.939840614795684814e-02,8.716580271720886230e-02,2.765545248985290527e-02,3.948450088500976562e-02,9.079058170318603516e-01,-4.430612921714782715e-01,3.790119886398315430e-01,-5.620379567029198248e-02,9.571483894042412954e-01,-4.554552878958172402e-01,4.161654545763437962e-01
2.237343415617942810e-02,-1.937054097652435303e-02,8.719217032194137573e-02,2.767600119113922119e-02,3.917768597602844238e-02,9.079294204711914062e-01,-4.429886937141418457e-01,3.790684938430786133e-01,-5.665104338555499580e-02,9.571551339421127125e-01,-4.554574497640245800e-01,4.161685548995486816e-01
2.235226705670356750e-02,-1.934270560741424561e-02,8.721853792667388916e-02,2.769652009010314941e-02,3.887118399143218994e-02,9.079530239105224609e-01,-4.429162442684173584e-01,3.791251480579376221e-01,-5.709820561843680781e-02,9.571618272188395782e-01,-4.554595928148293948e-01,4.161716466103851930e-01
2.233108505606651306e-02,-1.931488513946533203e-02,8.724489063024520874e-02,2.771703898906707764e-02,3.856472671031951904e-02,9.079765081405639648e-01,-4.428437948226928711e-01,3.791818022727966309e-01,-5.754528239328241673e-02,9.571684693212141326e-01,-4.554617171419879651e-01,4.161747297655418176e-01
2.230991795659065247e-02,-1.928703486919403076e-02,8.727123588323593140e-02,2.773755788803100586e-02,3.825813531875610352e-02,9.079998731613159180e-01,-4.427712559700012207e-01,3.792383372783660889e-01,-5.799227373457692403e-02,9.571750603285932302e-01,-4.554638228378604103e-01,4.161778044208178651e-01
2.228875458240509033e-02,-1.925924420356750488e-02,8.729756623506546021e-02,2.775807678699493408e-02,3.795190155506134033e-02,9.080233573913574219e-01,-4.426988661289215088e-01,3.792948722839355469e-01,-5.843917966694796295e-02,9.571816003128683636e-01,-4.554659099934099120e-01,4.161808706311082573e-01
2.226759493350982666e-02,-1.923142373561859131e-02,8.732386678457260132e-02,2.777859568595886230e-02,3.764548897743225098e-02,9.080467224121093750e-01,-4.426262378692626953e-01,3.793511986732482910e-01,-5.888600021515509597e-02,9.571880893385484868e-01,-4.554679786982038792e-01,4.161839284504266767e-01
2.224644646048545837e-02,-1.920360326766967773e-02,8.735019713640213013e-02,2.779908478260040283e-02,3.733919560909271240e-02,9.080701470375061035e-01,-4.425537586212158203e-01,3.794077634811401367e-01,-5.933273540409306213e-02,9.571945274626391109e-01,-4.554700290404125607e-01,4.161869779318754792e-01
2.222528308629989624e-02,-1.917581260204315186e-02,8.737646788358688354e-02,2.781961858272552490e-02,3.703290224075317383e-02,9.080933332443237305e-01,-4.424811601638793945e-01,3.794639706611633301e-01,-5.977938525880404502e-02,9.572009147347180225e-01,-4.554720611068101555e-01,4.161900191276807215e-01
2.220412716269493103e-02,-1.914802193641662598e-02,8.740276843309402466e-02,2.784010767936706543e-02,3.672678768634796143e-02,9.081165790557861328e-01,-4.424086809158325195e-01,3.795204162597656250e-01,-6.022594980445970803e-02,9.572072511968705566e-01,-4.554740749827743684e-01,4.161930520891521379e-01
2.218295261263847351e-02,-1.912021636962890625e-02,8.742905408143997192e-02,2.786058187484741211e-02,3.642061352729797363e-02,9.081396460533142090e-01,-4.423361718654632568e-01,3.795769214630126953e-01,-6.067242906637873578e-02,9.572135368837393354e-01,-4.554760707522865215e-01,4.161960768667241628e-01
2.216180041432380676e-02,-1.909245550632476807e-02,8.745531737804412842e-02,2.788110077381134033e-02,3.611457347869873047e-02,9.081629514694213867e-01,-4.422636032104492188e-01,3.796332180500030518e-01,-6.111882307000358200e-02,9.572197718224557672e-01,-4.554780484979312205e-01,4.161990935099199596e-01
2.214065566658973694e-02,-1.906464993953704834e-02,8.748158067464828491e-02,2.790156006813049316e-02,3.580850362777709961e-02,9.081857800483703613e-01,-4.421910047531127930e-01,3.796895742416381836e-01,-6.156513184092943236e-02,9.572259560326740191e-01,-4.554800083008967992e-01,4.162021020673711824e-01
2.211951836943626404e-02,-1.903691887855529785e-02,8.750779926776885986e-02,2.792206406593322754e-02,3.550273180007934570e-02,9.082089662551879883e-01,-4.421184062957763672e-01,3.797456622123718262e-01,-6.201135540488177805e-02,9.572320895265222784e-01,-4.554819502409753751e-01,4.162051025868235832e-01
2.209836989641189575e-02,-1.900915801525115967e-02,8.753404766321182251e-02,2.794253826141357422e-02,3.519685566425323486e-02,9.082319736480712891e-01,-4.420459270477294922e-01,3.798019886016845703e-01,-6.245749378772291055e-02,9.572381723086663685e-01,-4.554838743965621273e-01,4.162080951151171937e-01
2.207719162106513977e-02,-1.898139715194702148e-02,8.756028860807418823e-02,2.796299755573272705e-02,3.489100933074951172e-02,9.082548022270202637e-01,-4.419734477996826172e-01,3.798584938049316406e-01,-6.290354701545808336e-02,9.572442043762195985e-01,-4.554857808446562406e-01,4.162110796982040339e-01
2.205606549978256226e-02,-1.895366609096527100e-02,8.758646994829177856e-02,2.798351645469665527e-02,3.458514809608459473e-02,9.082778692245483398e-01,-4.419006109237670898e-01,3.799142837524414062e-01,-6.334951511422654002e-02,9.572501857187988294e-01,-4.554876696608600728e-01,4.162140563811336236e-01
2.203492820262908936e-02,-1.892592012882232666e-02,8.761266618967056274e-02,2.800397574901580811e-02,3.427945077419281006e-02,9.083005785942077637e-01,-4.418280422687530518e-01,3.799703717231750488e-01,-6.379539811030714158e-02,9.572561163184570843e-01,-4.554895409193798761e-01,4.162170252080623079e-01
2.201376855373382568e-02,-1.889817416667938232e-02,8.763889223337173462e-02,2.802442014217376709e-02,3.397378325462341309e-02,9.083234071731567383e-01,-4.417555332183837891e-01,3.800267577171325684e-01,-6.424119603011563262e-02,9.572619961497054186e-01,-4.554913946930252422e-01,4.162199862222590308e-01
2.199262008070945740e-02,-1.887047290802001953e-02,8.766507357358932495e-02,2.804490923881530762e-02,3.366820514202117920e-02,9.083462953567504883e-01,-4.416830539703369141e-01,3.800828754901885986e-01,-6.468690890020740991e-02,9.572678251795363469e-01,-4.554932310532093243e-01,4.162229394660895698e-01
2.197149023413658142e-02,-1.884272694587707520e-02,8.769122511148452759e-02,2.806535363197326660e-02,3.336253762245178223e-02,9.083688259124755859e-01,-4.416101872920989990e-01,3.801387548446655273e-01,-6.513253674727265130e-02,9.572736033673855394e-01,-4.554950500699489480e-01,4.162258849810252515e-01
2.195034176111221313e-02,-1.881501078605651855e-02,8.771739900112152100e-02,2.808579802513122559e-02,3.305706381797790527e-02,9.083914756774902344e-01,-4.415376484394073486e-01,3.801949322223663330e-01,-6.557807959814532239e-02,9.572793306650676515e-01,-4.554968518118643894e-01,4.162288228076390095e-01
2.192919701337814331e-02,-1.878730952739715576e-02,8.774355053901672363e-02,2.810627222061157227e-02,3.275154531002044678e-02,9.084141254425048828e-01,-4.414649903774261475e-01,3.802508711814880371e-01,-6.602353747978922938e-02,9.572850070168744674e-01,-4.554986363461795418e-01,4.162317529856208731e-01
2.190808579325675964e-02,-1.875959336757659912e-02,8.776969462633132935e-02,2.812668681144714355e-02,3.244625031948089600e-02,9.084366559982299805e-01,-4.413923621177673340e-01,3.803068995475769043e-01,-6.646891041931318744e-02,9.572906323594881917e-01,-4.555004037387217486e-01,4.162346755537480458e-01
2.188694104552268982e-02,-1.873190701007843018e-02,8.779581636190414429e-02,2.814714610576629639e-02,3.214085102081298828e-02,9.084591269493103027e-01,-4.413196444511413574e-01,3.803627490997314453e-01,-6.691419844396041816e-02,9.572962066220416233e-01,-4.555021540539219704e-01,4.162375905499178241e-01
2.186579257249832153e-02,-1.870422065258026123e-02,8.782195299863815308e-02,2.816757559776306152e-02,3.183561563491821289e-02,9.084816575050354004e-01,-4.412471055984497070e-01,3.804189562797546387e-01,-6.735940158111539122e-02,9.573017297260163483e-01,-4.555038873548147849e-01,4.162404980111270580e-01
2.184466645121574402e-02,-1.867653429508209229e-02,8.784807473421096802e-02,2.818799018859863281e-02,3.153046965599060059e-02,9.085040092468261719e-01,-4.411745667457580566e-01,3.804749846458435059e-01,-6.780451985829537287e-02,9.573072015853216765e-01,-4.555056037030382754e-01,4.162433979734732614e-01
2.182354405522346497e-02,-1.864887773990631104e-02,8.787416666746139526e-02,2.820841968059539795e-02,3.122544288635253906e-02,9.085265398025512695e-01,-4.411019384860992432e-01,3.805308341979980469e-01,-6.824955330316177793e-02,9.573126221062119301e-01,-4.555073031588339760e-01,4.162462904721616619e-01
2.180238440632820129e-02,-1.862117648124694824e-02,8.790025860071182251e-02,2.822886407375335693e-02,3.091998398303985596e-02,9.085485935211181641e-01,-4.410290718078613281e-01,3.805866241455078125e-01,-6.869450194350550098e-02,9.573179911873882508e-01,-4.555089857810470932e-01,4.162491755415062000e-01
2.178127318620681763e-02,-1.859354972839355469e-02,8.792635053396224976e-02,2.824927866458892822e-02,3.061524033546447754e-02,9.085710644721984863e-01,-4.409566521644592285e-01,3.806425631046295166e-01,-6.913936580726484649e-02,9.573233087198358415e-01,-4.555106516271264505e-01,4.162520532149164842e-01
2.176014706492424011e-02,-1.856589317321777344e-02,8.795241266489028931e-02,2.826970815658569336e-02,3.031016886234283447e-02,9.085933566093444824e-01,-4.408839046955108643e-01,3.806982636451721191e-01,-6.958414492251009664e-02,9.573285745869679619e-01,-4.555123007531241552e-01,4.162549235249128343e-01
2.173903211951255798e-02,-1.853823661804199219e-02,8.797845989465713501e-02,2.829012274742126465e-02,3.000520169734954834e-02,9.086154699325561523e-01,-4.408110976219177246e-01,3.807539045810699463e-01,-7.002883931745279567e-02,9.573337886645121309e-01,-4.555139332136960983e-01,4.162577865031233393e-01
2.171789482235908508e-02,-1.851058006286621094e-02,8.800449967384338379e-02,2.831050753593444824e-02,2.970032393932342529e-02,9.086372852325439453e-01,-4.407383501529693604e-01,3.808097541332244873e-01,-7.047344902044011539e-02,9.573389508205594201e-01,-4.555155490621017877e-01,4.162606421802765855e-01
2.169678360223770142e-02,-1.848296821117401123e-02,8.803053200244903564e-02,2.833092212677001953e-02,2.939563989639282227e-02,9.086595177650451660e-01,-4.406656920909881592e-01,3.808653950691223145e-01,-7.091797405995482750e-02,9.573440609155041692e-01,-4.555171483502040708e-01,4.162634905862070966e-01
2.167565375566482544e-02,-1.845534145832061768e-02,8.805654942989349365e-02,2.835135161876678467e-02,2.909074723720550537e-02,9.086815118789672852e-01,-4.405928552150726318e-01,3.809209764003753662e-01,-7.136241446462630866e-02,9.573491188020963882e-01,-4.555187311284694118e-01,4.162663317498509485e-01
2.165450900793075562e-02,-1.842771470546722412e-02,8.808259665966033936e-02,2.837173640727996826e-02,2.878603339195251465e-02,9.087035655975341797e-01,-4.405202865600585938e-01,3.809769153594970703e-01,-7.180677026321626022e-02,9.573541243254080069e-01,-4.555202974459678922e-01,4.162691656992528744e-01
2.163342386484146118e-02,-1.840010285377502441e-02,8.810857683420181274e-02,2.839213609695434570e-02,2.848143875598907471e-02,9.087255001068115234e-01,-4.404474794864654541e-01,3.810322284698486328e-01,-7.225104148462038745e-02,9.573590773228026762e-01,-4.555218473503730992e-01,4.162719924615613798e-01
2.161228656768798828e-02,-1.837247610092163086e-02,8.813459426164627075e-02,2.841252088546752930e-02,2.817671000957489014e-02,9.087473154067993164e-01,-4.403747022151947021e-01,3.810881078243255615e-01,-7.269522815788220793e-02,9.573639776239506460e-01,-4.555233808879621260e-01,4.162748120630266335e-01
2.159119024872779846e-02,-1.834489405155181885e-02,8.816055953502655029e-02,2.843292057514190674e-02,2.787229418754577637e-02,9.087692499160766602e-01,-4.403020143508911133e-01,3.811433911323547363e-01,-7.313933031217022263e-02,9.573688250508515241e-01,-4.555248981036156830e-01,4.162776245290065180e-01
2.157005667686462402e-02,-1.831729710102081299e-02,8.818653970956802368e-02,2.845327556133270264e-02,2.756789326667785645e-02,9.087907671928405762e-01,-4.402292668819427490e-01,3.811991810798645020e-01,-7.358334797680569916e-02,9.573736194177397962e-01,-4.555263990408180419e-01,4.162804298839645756e-01
2.154896408319473267e-02,-1.828971505165100098e-02,8.821249753236770630e-02,2.847367525100708008e-02,2.726346254348754883e-02,9.088127613067626953e-01,-4.401565194129943848e-01,3.812545239925384521e-01,-7.402728118123649836e-02,9.573783605311412259e-01,-4.555278837416571469e-01,4.162832281514752264e-01
2.152782306075096130e-02,-1.826210319995880127e-02,8.823847770690917969e-02,2.849404513835906982e-02,2.695886790752410889e-02,9.088342785835266113e-01,-4.400836825370788574e-01,3.813101947307586670e-01,-7.447112995505753008e-02,9.573830481898846223e-01,-4.555293522468241152e-01,4.162860193541951803e-01
2.150673046708106995e-02,-1.823453605175018311e-02,8.826439827680587769e-02,2.851441502571105957e-02,2.665464580059051514e-02,9.088559150695800781e-01,-4.400108754634857178e-01,3.813655376434326172e-01,-7.491489432799358639e-02,9.573876821850031416e-01,-4.555308045956139584e-01,4.162888035139132858e-01
2.148562669754028320e-02,-1.820698380470275879e-02,8.829034119844436646e-02,2.853478491306304932e-02,2.635049819946289062e-02,9.088776707649230957e-01,-4.399381875991821289e-01,3.814210295677185059e-01,-7.535857432990951399e-02,9.573922622998556342e-01,-4.555322408259252498e-01,4.162915806515068429e-01
2.146451547741889954e-02,-1.817941665649414062e-02,8.831627666950225830e-02,2.855512499809265137e-02,2.604636549949645996e-02,9.088990688323974609e-01,-4.398654997348785400e-01,3.814766407012939453e-01,-7.580216999081029750e-02,9.573967883099707699e-01,-4.555336609742598464e-01,4.162943507869628634e-01
2.144340425729751587e-02,-1.815184950828552246e-02,8.834217488765716553e-02,2.857549488544464111e-02,2.574206888675689697e-02,9.089205265045166016e-01,-4.397925734519958496e-01,3.815318644046783447e-01,-7.624568134084341864e-02,9.574012599831653869e-01,-4.555350650757233333e-01,4.162971139393670250e-01
2.142228186130523682e-02,-1.812429726123809814e-02,8.836808800697326660e-02,2.859586477279663086e-02,2.543789148330688477e-02,9.089419245719909668e-01,-4.397197961807250977e-01,3.815872669219970703e-01,-7.668910841028138414e-02,9.574056770794907578e-01,-4.555364531640249126e-01,4.162998701269249313e-01
2.140119299292564392e-02,-1.809674501419067383e-02,8.839395642280578613e-02,2.861620485782623291e-02,2.513387799263000488e-02,9.089632034301757812e-01,-4.396468400955200195e-01,3.816424608230590820e-01,-7.713245122954859312e-02,9.574100393511834062e-01,-4.555378252714772369e-01,4.163026193669285280e-01
2.138008549809455872e-02,-1.806923747062683105e-02,8.841984719038009644e-02,2.863658964633941650e-02,2.482992410659790039e-02,9.089848995208740234e-01,-4.395741224288940430e-01,3.816977143287658691e-01,-7.757570982919975711e-02,9.574143465427031874e-01,-4.555391814289965202e-01,4.163053616757816378e-01
2.135897055268287659e-02,-1.804171502590179443e-02,8.844573050737380981e-02,2.865691483020782471e-02,2.452611923217773438e-02,9.090061187744140625e-01,-4.395014345645904541e-01,3.817532360553741455e-01,-7.801888423992719979e-02,9.574185983907294029e-01,-4.555405216661024270e-01,4.163080970690009042e-01
2.133787050843238831e-02,-1.801417768001556396e-02,8.847158402204513550e-02,2.867722511291503906e-02,2.422226965427398682e-02,9.090270996093750000e-01,-4.394285678863525391e-01,3.818085193634033203e-01,-7.846197449256499257e-02,9.574227946241267162e-01,-4.555418460109184053e-01,4.163108255611954189e-01
2.131675556302070618e-02,-1.798665523529052734e-02,8.849743753671646118e-02,2.869758009910583496e-02,2.391831576824188232e-02,9.090483784675598145e-01,-4.393556118011474609e-01,3.818637728691101074e-01,-7.890498061808240426e-02,9.574269349639679128e-01,-4.555431544901713536e-01,4.163135471660892040e-01
2.129568532109260559e-02,-1.795910298824310303e-02,8.852327615022659302e-02,2.871787548065185547e-02,2.361449599266052246e-02,9.090692996978759766e-01,-4.392826855182647705e-01,3.819188475608825684e-01,-7.934790264759326861e-02,9.574310191234387535e-01,-4.555444471291916764e-01,4.163162618965017270e-01
2.127457410097122192e-02,-1.793166995048522949e-02,8.854909241199493408e-02,2.873826026916503906e-02,2.331098914146423340e-02,9.090906977653503418e-01,-4.392099380493164062e-01,3.819739520549774170e-01,-7.979074061233761006e-02,9.574350468080243814e-01,-4.555457239519133950e-01,4.163189697643643328e-01
2.125347033143043518e-02,-1.790416240692138672e-02,8.857492357492446899e-02,2.875854074954986572e-02,2.300746738910675049e-02,9.091115593910217285e-01,-4.391372203826904297e-01,3.820293545722961426e-01,-8.023349454370577727e-02,9.574390177152283243e-01,-4.555469849808740368e-01,4.163216707807090300e-01
2.123238891363143921e-02,-1.787665486335754395e-02,8.860072493553161621e-02,2.877885103225708008e-02,2.270381152629852295e-02,9.091324806213378906e-01,-4.390643239021301270e-01,3.820843994617462158e-01,-8.067616447321392104e-02,9.574429315348379488e-01,-4.555482302372146353e-01,4.163243649556733761e-01
2.121128141880035400e-02,-1.784917712211608887e-02,8.862654119729995728e-02,2.879916131496429443e-02,2.240034937858581543e-02,9.091535210609436035e-01,-4.389915168285369873e-01,3.821396827697753906e-01,-8.111875043253212458e-02,9.574467879486932009e-01,-4.555494597406798407e-01,4.163270522985069721e-01
2.119020000100135803e-02,-1.782169938087463379e-02,8.865230530500411987e-02,2.881947159767150879e-02,2.209690213203430176e-02,9.091743230819702148e-01,-4.389185011386871338e-01,3.821945190429687500e-01,-8.156125245345101360e-02,9.574505866308421487e-01,-4.555506735096179205e-01,4.163297328175476486e-01
2.116909250617027283e-02,-1.779420673847198486e-02,8.867807686328887939e-02,2.883979678153991699e-02,2.179324626922607422e-02,9.091950058937072754e-01,-4.388454556465148926e-01,3.822494745254516602e-01,-8.200367056791105225e-02,9.574543272474232980e-01,-4.555518715609805924e-01,4.163324065202533286e-01
2.114801853895187378e-02,-1.776677370071411133e-02,8.870383352041244507e-02,2.886010706424713135e-02,2.149008214473724365e-02,9.092158675193786621e-01,-4.387726187705993652e-01,3.823044300079345703e-01,-8.244600480798834619e-02,9.574580094566844668e-01,-4.555530539103230803e-01,4.163350734131773256e-01
2.112691849470138550e-02,-1.773929595947265625e-02,8.872961252927780151e-02,2.888038754463195801e-02,2.118670940399169922e-02,9.092366099357604980e-01,-4.386997818946838379e-01,3.823596239089965820e-01,-8.288825520589333806e-02,9.574616329090478439e-01,-4.555542205718043913e-01,4.163377335019899372e-01
2.110579609870910645e-02,-1.771186292171478271e-02,8.875534683465957642e-02,2.890068292617797852e-02,2.088354527950286865e-02,9.092569947242736816e-01,-4.386269450187683105e-01,3.824146986007690430e-01,-8.333042179397943949e-02,9.574651972470141770e-01,-4.555553715581868723e-01,4.163403867914448608e-01
2.108473703265190125e-02,-1.768441498279571533e-02,8.878108859062194824e-02,2.892099320888519287e-02,2.058029174804687500e-02,9.092780351638793945e-01,-4.385539889335632324e-01,3.824693858623504639e-01,-8.377250335831774863e-02,9.574687646777286787e-01,-4.555565162312769645e-01,4.163430389057157233e-01
2.106367051601409912e-02,-1.765698194503784180e-02,8.880684524774551392e-02,2.894124388694763184e-02,2.027738094329833984e-02,9.092987775802612305e-01,-4.384813308715820312e-01,3.825246095657348633e-01,-8.421449387603852088e-02,9.574726389031329443e-01,-4.555577000282781674e-01,4.163457171527915612e-01
2.104260399937629700e-02,-1.762954890727996826e-02,8.883257955312728882e-02,2.896158397197723389e-02,1.997406780719757080e-02,9.093196988105773926e-01,-4.384083449840545654e-01,3.825793266296386719e-01,-8.465640025343409980e-02,9.574764745424526602e-01,-4.555588713933846901e-01,4.163483905408741914e-01
2.102155983448028564e-02,-1.760211586952209473e-02,8.885828405618667603e-02,2.898184955120086670e-02,1.967111229896545410e-02,9.093403220176696777e-01,-4.383353292942047119e-01,3.826340734958648682e-01,-8.509822251385947001e-02,9.574802716961253735e-01,-4.555600304053520344e-01,4.163510591141563189e-01
2.100051566958427429e-02,-1.757469773292541504e-02,8.888401091098785400e-02,2.900215983390808105e-02,1.936805248260498047e-02,9.093613028526306152e-01,-4.382624924182891846e-01,3.826888203620910645e-01,-8.553996068072966530e-02,9.574840304612693975e-01,-4.555611771421864131e-01,4.163537229163608022e-01
2.097946405410766602e-02,-1.754729449748992920e-02,8.890975266695022583e-02,2.902242541313171387e-02,1.906527578830718994e-02,9.093822836875915527e-01,-4.381898641586303711e-01,3.827438950538635254e-01,-8.598161477750379533e-02,9.574877509317178959e-01,-4.555623116811440831e-01,4.163563819906694885e-01
2.095839753746986389e-02,-1.751987636089324951e-02,8.893545717000961304e-02,2.904272079467773438e-02,1.876223087310791016e-02,9.094029068946838379e-01,-4.381168186664581299e-01,3.827985823154449463e-01,-8.642318482769288657e-02,9.574914331980112214e-01,-4.555634340987318454e-01,4.163590363797778915e-01
2.093738690018653870e-02,-1.749248802661895752e-02,8.896113187074661255e-02,2.906300127506256104e-02,1.845951378345489502e-02,9.094238281250000000e-01,-4.380439519882202148e-01,3.828532099723815918e-01,-8.686467085486836159e-02,9.574950773473436261e-01,-4.555645444707068226e-01,4.163616861258699342e-01
2.091631293296813965e-02,-1.746511459350585938e-02,8.898681402206420898e-02,2.908329665660858154e-02,1.815675199031829834e-02,9.094444513320922852e-01,-4.379711449146270752e-01,3.829079270362854004e-01,-8.730607288264700949e-02,9.574986834636168842e-01,-4.555656428720763484e-01,4.163643312706210575e-01
2.089526504278182983e-02,-1.743771135807037354e-02,8.901250362396240234e-02,2.910357713699340820e-02,1.785390079021453857e-02,9.094650745391845703e-01,-4.378982186317443848e-01,3.829626441001892090e-01,-8.774739093469421936e-02,9.575022516273981044e-01,-4.555667293770983006e-01,4.163669718552031607e-01
2.087425068020820618e-02,-1.741032302379608154e-02,8.903817832469940186e-02,2.912382781505584717e-02,1.755127310752868652e-02,9.094858169555664062e-01,-4.378253519535064697e-01,3.830173611640930176e-01,-8.818862503473091918e-02,9.575057819159729089e-01,-4.555678040592807676e-01,4.163696079202836575e-01
2.085318788886070251e-02,-1.738294959068298340e-02,8.906383812427520752e-02,2.914407849311828613e-02,1.724871993064880371e-02,9.095062613487243652e-01,-4.377525448799133301e-01,3.830721378326416016e-01,-8.862977520653277097e-02,9.575092744032318581e-01,-4.555688669913822708e-01,4.163722395060193704e-01
2.083215862512588501e-02,-1.735559105873107910e-02,8.908946812152862549e-02,2.916435897350311279e-02,1.694612205028533936e-02,9.095268249511718750e-01,-4.376795589923858643e-01,3.831265866756439209e-01,-8.907084147392159423e-02,9.575127291597763657e-01,-4.555699182454118756e-01,4.163748666520595831e-01
2.081112936139106750e-02,-1.732823252677917480e-02,8.911512047052383423e-02,2.918462455272674561e-02,1.664362847805023193e-02,9.095475673675537109e-01,-4.376067221164703369e-01,3.831812143325805664e-01,-8.951182386077309594e-02,9.575161462528545275e-01,-4.555709578926284697e-01,4.163774893975500935e-01
