-2.590490579605102539e+00,7.526770830154418945e-01,5.045701265335083008e-01,-3.941253423690795898e+00
-2.649027109146118164e+00,8.024106621742248535e-01,5.903660058975219727e-01,-3.967580318450927734e+00
-2.700003623962402344e+00,8.418058156967163086e-01,6.739925146102905273e-01,-3.990406036376953125e+00
-2.743968009948730469e+00,8.715423345565795898e-01,7.554999589920043945e-01,-4.009981155395507812e+00
-2.781424999237060547e+00,8.922128677368164062e-01,8.349367380142211914e-01,-4.026532173156738281e+00
-2.812853813171386719e+00,9.044880867004394531e-01,9.123321771621704102e-01,-4.040267467498779297e+00
-2.838714122772216797e+00,9.089453220367431641e-01,9.877376556396484375e-01,-4.051394462585449219e+00
-2.859452962875366211e+00,9.061466455459594727e-01,1.061212301254272461e+00,-4.060120582580566406e+00
-2.875470876693725586e+00,8.966506123542785645e-01,1.132778763771057129e+00,-4.066622734069824219e+00
-2.887157917022705078e+00,8.810144066810607910e-01,1.202476978302001953e+00,-4.071071147918701172e+00
-2.894897937774658203e+00,8.596650362014770508e-01,1.270384192466735840e+00,-4.073653697967529297e+00
-2.899011611938476562e+00,8.331712484359741211e-01,1.336504459381103516e+00,-4.074500560760498047e+00
-2.899828910827636719e+00,8.019554018974304199e-01,1.400892019271850586e+00,-4.073767662048339844e+00
-2.897676706314086914e+00,7.663829326629638672e-01,1.463616371154785156e+00,-4.071611881256103516e+00
-2.892798662185668945e+00,7.269523739814758301e-01,1.524672269821166992e+00,-4.068122863769531250e+00
-2.885493755340576172e+00,6.839714050292968750e-01,1.584137439727783203e+00,-4.063459396362304688e+00
-2.876008033752441406e+00,6.377855539321899414e-01,1.642044782638549805e+00,-4.057723045349121094e+00
-2.864551067352294922e+00,5.888203978538513184e-01,1.698409438133239746e+00,-4.051002979278564453e+00
-2.851369380950927734e+00,5.372861027717590332e-01,1.753296136856079102e+00,-4.043419361114501953e+00
-2.836658954620361328e+00,4.835181832313537598e-01,1.806736826896667480e+00,-4.035058021545410156e+00
-2.820607423782348633e+00,4.277602434158325195e-01,1.858770251274108887e+00,-4.026007175445556641e+00
-2.803387641906738281e+00,3.703335523605346680e-01,1.909417629241943359e+00,-4.016337871551513672e+00
-2.785161256790161133e+00,3.114602565765380859e-01,1.958714246749877930e+00,-4.006123065948486328e+00
-2.766072750091552734e+00,2.513719201087951660e-01,2.006693363189697266e+00,-3.995426416397094727e+00
-2.746263742446899414e+00,1.902994513511657715e-01,2.053375482559204102e+00,-3.984306812286376953e+00
-2.725869417190551758e+00,1.284168958663940430e-01,2.098805427551269531e+00,-3.972833156585693359e+00
-2.705004453659057617e+00,6.593114137649536133e-02,2.143005847930908203e+00,-3.961040973663330078e+00
-2.683783769607543945e+00,2.990901470184326172e-03,2.186008930206298828e+00,-3.948990106582641602e+00
-2.662314414978027344e+00,-6.024718284606933594e-02,2.227853775024414062e+00,-3.936727523803710938e+00
-2.640689134597778320e+00,-1.236253976821899414e-01,2.268558740615844727e+00,-3.924284696578979492e+00
-2.618998765945434570e+00,-1.870317757129669189e-01,2.308165311813354492e+00,-3.911711931228637695e+00
-2.597320795059204102e+00,-2.503248453140258789e-01,2.346688032150268555e+00,-3.899028301239013672e+00
-2.575695514678955078e+00,-3.133278191089630127e-01,2.384129047393798828e+00,-3.886248826980590820e+00
-2.554209232330322266e+00,-3.759682774543762207e-01,2.420530557632446289e+00,-3.873408079147338867e+00
-2.532921314239501953e+00,-4.381558001041412354e-01,2.455918550491333008e+00,-3.860531568527221680e+00
-2.511893749237060547e+00,-4.998041987419128418e-01,2.490322828292846680e+00,-3.847648143768310547e+00
-2.491172313690185547e+00,-5.608416199684143066e-01,2.523765802383422852e+00,-3.834769010543823242e+00
-2.470786809921264648e+00,-6.211455464363098145e-01,2.556253910064697266e+00,-3.821900844573974609e+00
-2.450775384902954102e+00,-6.806514263153076172e-01,2.587806701660156250e+00,-3.809055089950561523e+00
-2.431183338165283203e+00,-7.393171787261962891e-01,2.618457555770874023e+00,-3.796249866485595703e+00
-2.412049055099487305e+00,-7.971009016036987305e-01,2.648235082626342773e+00,-3.783504486083984375e+00
-2.393393039703369141e+00,-8.539459109306335449e-01,2.677150011062622070e+00,-3.770817518234252930e+00
-2.375244617462158203e+00,-9.098107218742370605e-01,2.705227613449096680e+00,-3.758198738098144531e+00
-2.357594728469848633e+00,-9.645924568176269531e-01,2.732461214065551758e+00,-3.745633125305175781e+00
-2.340480327606201172e+00,-1.018308639526367188e+00,2.758886337280273438e+00,-3.733136415481567383e+00
-2.323918104171752930e+00,-1.070921540260314941e+00,2.784520149230957031e+00,-3.720712184906005859e+00
-2.307933568954467773e+00,-1.122422933578491211e+00,2.809391736984252930e+00,-3.708372592926025391e+00
-2.292526721954345703e+00,-1.172786235809326172e+00,2.833518028259277344e+00,-3.696106672286987305e+00
-2.277687788009643555e+00,-1.221959352493286133e+00,2.856892108917236328e+00,-3.683901786804199219e+00
-2.263429880142211914e+00,-1.269935846328735352e+00,2.879539728164672852e+00,-3.671769142150878906e+00
-2.249760627746582031e+00,-1.316701412200927734e+00,2.901473522186279297e+00,-3.659692525863647461e+00
-2.236686706542968750e+00,-1.362266778945922852e+00,2.922724485397338867e+00,-3.647686719894409180e+00
-2.224208593368530273e+00,-1.406627178192138672e+00,2.943297386169433594e+00,-3.635745048522949219e+00
-2.212328910827636719e+00,-1.449777841567993164e+00,2.963215589523315430e+00,-3.623858928680419922e+00
-2.201022624969482422e+00,-1.491687536239624023e+00,2.982473850250244141e+00,-3.612013339996337891e+00
-2.190306663513183594e+00,-1.532383799552917480e+00,3.001102924346923828e+00,-3.600217103958129883e+00
-2.180169582366943359e+00,-1.571868419647216797e+00,3.019108295440673828e+00,-3.588453292846679688e+00
-2.170607089996337891e+00,-1.610137939453125000e+00,3.036512851715087891e+00,-3.576727151870727539e+00
-2.161613702774047852e+00,-1.647208333015441895e+00,3.053318023681640625e+00,-3.565028905868530273e+00
-2.153183698654174805e+00,-1.683079242706298828e+00,3.069544792175292969e+00,-3.553344964981079102e+00
-2.145306825637817383e+00,-1.717777252197265625e+00,3.085206031799316406e+00,-3.541682243347167969e+00
-2.137976408004760742e+00,-1.751305103302001953e+00,3.100313186645507812e+00,-3.530025720596313477e+00
-2.131175041198730469e+00,-1.783660292625427246e+00,3.114871978759765625e+00,-3.518365621566772461e+00
-2.124902248382568359e+00,-1.814884662628173828e+00,3.128903388977050781e+00,-3.506705522537231445e+00
-2.119149446487426758e+00,-1.844979882240295410e+00,3.142413139343261719e+00,-3.495035648345947266e+00
-2.113885402679443359e+00,-1.873939633369445801e+00,3.155405759811401367e+00,-3.483332395553588867e+00
-2.109121322631835938e+00,-1.901802659034729004e+00,3.167895793914794922e+00,-3.471609354019165039e+00
-2.104828357696533203e+00,-1.928579568862915039e+00,3.179900646209716797e+00,-3.459847211837768555e+00
-2.101000308990478516e+00,-1.954285502433776855e+00,3.191412210464477539e+00,-3.448042631149291992e+00
-2.097620964050292969e+00,-1.978929996490478516e+00,3.202458620071411133e+00,-3.436182260513305664e+00
-2.094673156738281250e+00,-2.002531528472900391e+00,3.213028192520141602e+00,-3.424262046813964844e+00
-2.092146873474121094e+00,-2.025104999542236328e+00,3.223139286041259766e+00,-3.412272691726684570e+00
-2.090021133422851562e+00,-2.046664714813232422e+00,3.232799053192138672e+00,-3.400206327438354492e+00
-2.088288545608520508e+00,-2.067228794097900391e+00,3.242011547088623047e+00,-3.388055562973022461e+00
-2.086927890777587891e+00,-2.086812973022460938e+00,3.250787258148193359e+00,-3.375811338424682617e+00
-2.085928916931152344e+00,-2.105442762374877930e+00,3.259130477905273438e+00,-3.363469600677490234e+00
-2.085342407226562500e+00,-2.123244762420654297e+00,3.267104148864746094e+00,-3.351076364517211914e+00
-2.085102319717407227e+00,-2.140154361724853516e+00,3.274675607681274414e+00,-3.338583469390869141e+00
-2.085203647613525391e+00,-2.156193733215332031e+00,3.281853675842285156e+00,-3.325990438461303711e+00
-2.085632324218750000e+00,-2.171389102935791016e+00,3.288643360137939453e+00,-3.313288927078247070e+00
-2.086375951766967773e+00,-2.185761451721191406e+00,3.295063495635986328e+00,-3.300481796264648438e+00
-2.087414503097534180e+00,-2.199313879013061523e+00,3.301100015640258789e+00,-3.287550687789916992e+00
-2.088747978210449219e+00,-2.212093353271484375e+00,3.306775093078613281e+00,-3.274508953094482422e+00
-2.090356111526489258e+00,-2.224109172821044922e+00,3.312100887298583984e+00,-3.261343002319335938e+00
-2.092224121093750000e+00,-2.235375642776489258e+00,3.317069530487060547e+00,-3.248046636581420898e+00
-2.094346523284912109e+00,-2.245921850204467773e+00,3.321699142456054688e+00,-3.234620332717895508e+00
-2.096716880798339844e+00,-2.255765676498413086e+00,3.325991630554199219e+00,-3.221066951751708984e+00
-2.099323034286499023e+00,-2.264954090118408203e+00,3.329962730407714844e+00,-3.207384109497070312e+00
-2.102161645889282227e+00,-2.273489475250244141e+00,3.333613634109497070e+00,-3.193574905395507812e+00
-2.105207681655883789e+00,-2.281387329101562500e+00,3.336951255798339844e+00,-3.179624557495117188e+00
-2.108458518981933594e+00,-2.288677215576171875e+00,3.339982509613037109e+00,-3.165540933609008789e+00
-2.111895561218261719e+00,-2.295361042022705078e+00,3.342705965042114258e+00,-3.151315212249755859e+00
-2.115516185760498047e+00,-2.301473379135131836e+00,3.345137596130371094e+00,-3.136946678161621094e+00
-2.119307518005371094e+00,-2.307025671005249023e+00,3.347270965576171875e+00,-3.122437715530395508e+00
-2.123261451721191406e+00,-2.312042236328125000e+00,3.349118709564208984e+00,-3.107786417007446289e+00
-2.127356529235839844e+00,-2.316531181335449219e+00,3.350691795349121094e+00,-3.092987775802612305e+00
-2.131600379943847656e+00,-2.320515632629394531e+00,3.351981163024902344e+00,-3.078044652938842773e+00
-2.135977029800415039e+00,-2.324016094207763672e+00,3.353004455566406250e+00,-3.062961578369140625e+00
-2.140499114990234375e+00,-2.327088594436645508e+00,3.353778362274169922e+00,-3.047749757766723633e+00
-2.145143270492553711e+00,-2.329711437225341797e+00,3.354295253753662109e+00,-3.032400131225585938e+00
-2.149902820587158203e+00,-2.331916809082031250e+00,3.354559898376464844e+00,-3.016916036605834961e+00
-2.154756307601928711e+00,-2.333697795867919922e+00,3.354575157165527344e+00,-3.001286029815673828e+00
-2.159719228744506836e+00,-2.335098266601562500e+00,3.354354143142700195e+00,-2.985529422760009766e+00
-2.164762020111083984e+00,-2.336105108261108398e+00,3.353883504867553711e+00,-2.969628334045410156e+00
-2.169887065887451172e+00,-2.336755752563476562e+00,3.353188753128051758e+00,-2.953596353530883789e+00
-2.175086021423339844e+00,-2.337052345275878906e+00,3.352257251739501953e+00,-2.937431097030639648e+00
-2.180359363555908203e+00,-2.337021350860595703e+00,3.351107358932495117e+00,-2.921140432357788086e+00
-2.185683965682983398e+00,-2.336663722991943359e+00,3.349726438522338867e+00,-2.904713630676269531e+00
-2.191061258316040039e+00,-2.335992574691772461e+00,3.348131895065307617e+00,-2.888158082962036133e+00
-2.196505069732666016e+00,-2.335058212280273438e+00,3.346333503723144531e+00,-2.871495723724365234e+00
-2.201997756958007812e+00,-2.333852529525756836e+00,3.344331741333007812e+00,-2.854716300964355469e+00
-2.207527637481689453e+00,-2.332378864288330078e+00,3.342123031616210938e+00,-2.837821006774902344e+00
-2.213093042373657227e+00,-2.330655097961425781e+00,3.339711904525756836e+00,-2.820810079574584961e+00
-2.218684673309326172e+00,-2.328691005706787109e+00,3.337107419967651367e+00,-2.803691148757934570e+00
-2.224296808242797852e+00,-2.326500415802001953e+00,3.334308624267578125e+00,-2.786459207534790039e+00
-2.229932546615600586e+00,-2.324090003967285156e+00,3.331320762634277344e+00,-2.769132375717163086e+00
-2.235573291778564453e+00,-2.321472406387329102e+00,3.328139543533325195e+00,-2.751690387725830078e+00
-2.241219282150268555e+00,-2.318654537200927734e+00,3.324775457382202148e+00,-2.734154224395751953e+00
-2.246867656707763672e+00,-2.315645217895507812e+00,3.321225881576538086e+00,-2.716520547866821289e+00
-2.252523660659790039e+00,-2.312473297119140625e+00,3.317505836486816406e+00,-2.698803424835205078e+00
-2.258177518844604492e+00,-2.309134244918823242e+00,3.313611507415771484e+00,-2.680999755859375000e+00
-2.263827800750732422e+00,-2.305655479431152344e+00,3.309550285339355469e+00,-2.663118839263916016e+00
-2.269469022750854492e+00,-2.302022695541381836e+00,3.305315494537353516e+00,-2.645160436630249023e+00
-2.275089979171752930e+00,-2.298249244689941406e+00,3.300916194915771484e+00,-2.627122640609741211e+00
-2.280698299407958984e+00,-2.294350624084472656e+00,3.296355724334716797e+00,-2.609018802642822266e+00
-2.286282539367675781e+00,-2.290332317352294922e+00,3.291640758514404297e+00,-2.590847015380859375e+00
-2.291835069656372070e+00,-2.286189079284667969e+00,3.286758899688720703e+00,-2.572607517242431641e+00
-2.297368764877319336e+00,-2.281942844390869141e+00,3.281721591949462891e+00,-2.554318428039550781e+00
-2.302861452102661133e+00,-2.277588367462158203e+00,3.276527404785156250e+00,-2.535960435867309570e+00
-2.308317661285400391e+00,-2.273136615753173828e+00,3.271183729171752930e+00,-2.517558336257934570e+00
-2.313745737075805664e+00,-2.268600940704345703e+00,3.265688419342041016e+00,-2.499114751815795898e+00
-2.319135904312133789e+00,-2.263990879058837891e+00,3.260054826736450195e+00,-2.480629205703735352e+00
-2.324482679367065430e+00,-2.259300231933593750e+00,3.254273414611816406e+00,-2.462106227874755859e+00
-2.329792499542236328e+00,-2.254549026489257812e+00,3.248352527618408203e+00,-2.443555355072021484e+00
-2.335052013397216797e+00,-2.249718189239501953e+00,3.242287158966064453e+00,-2.424971818923950195e+00
-2.340264081954956055e+00,-2.244828224182128906e+00,3.236083507537841797e+00,-2.406364679336547852e+00
-2.345426797866821289e+00,-2.239892721176147461e+00,3.229745626449584961e+00,-2.387739419937133789e+00
-2.350532770156860352e+00,-2.234885931015014648e+00,3.223263740539550781e+00,-2.369093656539916992e+00
-2.355584144592285156e+00,-2.229835748672485352e+00,3.216652870178222656e+00,-2.350436687469482422e+00
-2.360579967498779297e+00,-2.224743127822875977e+00,3.209909439086914062e+00,-2.331772089004516602e+00
-2.365519523620605469e+00,-2.219605922698974609e+00,3.203034877777099609e+00,-2.313104629516601562e+00
-2.370394229888916016e+00,-2.214421510696411133e+00,3.196029186248779297e+00,-2.294433355331420898e+00
-2.375217437744140625e+00,-2.209221839904785156e+00,3.188904762268066406e+00,-2.275776147842407227e+00
-2.379976511001586914e+00,-2.203988552093505859e+00,3.181653976440429688e+00,-2.257131338119506836e+00
-2.384673118591308594e+00,-2.198717355728149414e+00,3.174270629882812500e+00,-2.238493442535400391e+00
-2.389302253723144531e+00,-2.193426609039306641e+00,3.166773319244384766e+00,-2.219872474670410156e+00
-2.393872261047363281e+00,-2.188109397888183594e+00,3.159152984619140625e+00,-2.201282978057861328e+00
-2.398369073867797852e+00,-2.182765722274780273e+00,3.151407718658447266e+00,-2.182709217071533203e+00
-2.402797698974609375e+00,-2.177395343780517578e+00,3.143540859222412109e+00,-2.164169549942016602e+00
-2.407159566879272461e+00,-2.172017574310302734e+00,3.135561943054199219e+00,-2.145661830902099609e+00
-2.411447048187255859e+00,-2.166612625122070312e+00,3.127460241317749023e+00,-2.127189636230468750e+00
-2.415660142898559570e+00,-2.161190032958984375e+00,3.119248867034912109e+00,-2.108761072158813477e+00
-2.419808387756347656e+00,-2.155753850936889648e+00,3.110919713973999023e+00,-2.090375661849975586e+00
-2.423885107040405273e+00,-2.150311231613159180e+00,3.102484464645385742e+00,-2.072047710418701172e+00
-2.427887916564941406e+00,-2.144850254058837891e+00,3.093932151794433594e+00,-2.053767442703247070e+00
-2.431822538375854492e+00,-2.139383792877197266e+00,3.085268974304199219e+00,-2.035550355911254883e+00
-2.435678958892822266e+00,-2.133908271789550781e+00,3.076500892639160156e+00,-2.017389297485351562e+00
-2.439460754394531250e+00,-2.128423213958740234e+00,3.067623615264892578e+00,-1.999297142028808594e+00
-2.443167924880981445e+00,-2.122925281524658203e+00,3.058634996414184570e+00,-1.981270432472229004e+00
-2.446796894073486328e+00,-2.117414474487304688e+00,3.049544811248779297e+00,-1.963314175605773926e+00
-2.450351715087890625e+00,-2.111890792846679688e+00,3.040340423583984375e+00,-1.945430636405944824e+00
-2.453828573226928711e+00,-2.106362342834472656e+00,3.031038284301757812e+00,-1.927625894546508789e+00
-2.457227945327758789e+00,-2.100819587707519531e+00,3.021627426147460938e+00,-1.909905195236206055e+00
-2.460550546646118164e+00,-2.095271110534667969e+00,3.012115240097045898e+00,-1.892265200614929199e+00
-2.463799238204956055e+00,-2.089715480804443359e+00,3.002504348754882812e+00,-1.874717116355895996e+00
-2.466971635818481445e+00,-2.084154367446899414e+00,2.992787361145019531e+00,-1.857258081436157227e+00
-2.470065116882324219e+00,-2.078580141067504883e+00,2.982977628707885742e+00,-1.839897394180297852e+00
-2.473085165023803711e+00,-2.072991847991943359e+00,2.973062038421630859e+00,-1.822635293006896973e+00
-2.476026296615600586e+00,-2.067399740219116211e+00,2.963054418563842773e+00,-1.805472850799560547e+00
-2.478893518447875977e+00,-2.061795949935913086e+00,2.952946662902832031e+00,-1.788416385650634766e+00
-2.481678009033203125e+00,-2.056177616119384766e+00,2.942742824554443359e+00,-1.771461248397827148e+00
-2.484386205673217773e+00,-2.050539493560791016e+00,2.932438611984252930e+00,-1.754615545272827148e+00
-2.487020015716552734e+00,-2.044898986816406250e+00,2.922045230865478516e+00,-1.737885594367980957e+00
-2.489567518234252930e+00,-2.039236783981323242e+00,2.911552906036376953e+00,-1.721262454986572266e+00
-2.492046833038330078e+00,-2.033560276031494141e+00,2.900968074798583984e+00,-1.704758644104003906e+00
-2.494446277618408203e+00,-2.027871131896972656e+00,2.890289783477783203e+00,-1.688378334045410156e+00
-2.496772050857543945e+00,-2.022168159484863281e+00,2.879524230957031250e+00,-1.672117710113525391e+00
-2.499019384384155273e+00,-2.016443967819213867e+00,2.868663311004638672e+00,-1.655983805656433105e+00
-2.501189708709716797e+00,-2.010697841644287109e+00,2.857712030410766602e+00,-1.639971137046813965e+00
-2.503289699554443359e+00,-2.004939556121826172e+00,2.846673250198364258e+00,-1.624095201492309570e+00
-2.505303382873535156e+00,-1.999154210090637207e+00,2.835546731948852539e+00,-1.608343839645385742e+00
-2.507246732711791992e+00,-1.993346929550170898e+00,2.824328660964965820e+00,-1.592725276947021484e+00
-2.509112596511840820e+00,-1.987515926361083984e+00,2.813022136688232422e+00,-1.577240586280822754e+00
-2.510903358459472656e+00,-1.981657743453979492e+00,2.801632165908813477e+00,-1.561895847320556641e+00
-2.512622356414794922e+00,-1.975773096084594727e+00,2.790154457092285156e+00,-1.546689152717590332e+00
-2.514261007308959961e+00,-1.969866394996643066e+00,2.778591632843017578e+00,-1.531622171401977539e+00
-2.515830278396606445e+00,-1.963930845260620117e+00,2.766942501068115234e+00,-1.516700267791748047e+00
-2.517325639724731445e+00,-1.957959651947021484e+00,2.755209922790527344e+00,-1.501919031143188477e+00
-2.518746852874755859e+00,-1.951968193054199219e+00,2.743400096893310547e+00,-1.487287878990173340e+00
-2.520094394683837891e+00,-1.945935726165771484e+00,2.731500387191772461e+00,-1.472800254821777344e+00
-2.521373748779296875e+00,-1.939878463745117188e+00,2.719527721405029297e+00,-1.458467364311218262e+00
-2.522574901580810547e+00,-1.933780550956726074e+00,2.707469224929809570e+00,-1.444279670715332031e+00
-2.523704767227172852e+00,-1.927644848823547363e+00,2.695325851440429688e+00,-1.430243015289306641e+00
-2.524767875671386719e+00,-1.921478509902954102e+00,2.683112621307373047e+00,-1.416364073753356934e+00
-2.525753259658813477e+00,-1.915263414382934570e+00,2.670813083648681641e+00,-1.402634024620056152e+00
-2.526668548583984375e+00,-1.909011602401733398e+00,2.658436775207519531e+00,-1.389058351516723633e+00
-2.527516603469848633e+00,-1.902722835540771484e+00,2.645986557006835938e+00,-1.375642776489257812e+00
-2.528291702270507812e+00,-1.896393299102783203e+00,2.633460283279418945e+00,-1.362381696701049805e+00
-2.528999090194702148e+00,-1.890015244483947754e+00,2.620851039886474609e+00,-1.349279284477233887e+00
-2.529644012451171875e+00,-1.883595943450927734e+00,2.608176946640014648e+00,-1.336343288421630859e+00
-2.530215740203857422e+00,-1.877127408981323242e+00,2.595422267913818359e+00,-1.323561787605285645e+00
-2.530718326568603516e+00,-1.870617628097534180e+00,2.582595825195312500e+00,-1.310941457748413086e+00
-2.531155109405517578e+00,-1.864053964614868164e+00,2.569697856903076172e+00,-1.298484563827514648e+00
-2.531526565551757812e+00,-1.857452034950256348e+00,2.556733369827270508e+00,-1.286192774772644043e+00
-2.531833410263061523e+00,-1.850789070129394531e+00,2.543690681457519531e+00,-1.274063467979431152e+00
-2.532069683074951172e+00,-1.844077587127685547e+00,2.530580520629882812e+00,-1.262096405029296875e+00
-2.532244205474853516e+00,-1.837310194969177246e+00,2.517399787902832031e+00,-1.250294566154479980e+00
-2.532348155975341797e+00,-1.830489873886108398e+00,2.504150390625000000e+00,-1.238655924797058105e+00
-2.532399654388427734e+00,-1.823621988296508789e+00,2.490837097167968750e+00,-1.227188587188720703e+00
-2.532376527786254883e+00,-1.816689133644104004e+00,2.477450609207153320e+00,-1.215883970260620117e+00
-2.532301902770996094e+00,-1.809704542160034180e+00,2.464004278182983398e+00,-1.204748392105102539e+00
-2.532160282135009766e+00,-1.802664637565612793e+00,2.450492620468139648e+00,-1.193778514862060547e+00
-2.531954765319824219e+00,-1.795559406280517578e+00,2.436913013458251953e+00,-1.182976007461547852e+00
-2.531691312789916992e+00,-1.788403391838073730e+00,2.423273563385009766e+00,-1.172341585159301758e+00
-2.531363725662231445e+00,-1.781174898147583008e+00,2.409564971923828125e+00,-1.161871433258056641e+00
-2.530982732772827148e+00,-1.773900985717773438e+00,2.395802974700927734e+00,-1.151575565338134766e+00
-2.530538797378540039e+00,-1.766554832458496094e+00,2.381973743438720703e+00,-1.141443490982055664e+00
-2.530036449432373047e+00,-1.759153604507446289e+00,2.368088960647583008e+00,-1.131479263305664062e+00
-2.529472589492797852e+00,-1.751674413681030273e+00,2.354139089584350586e+00,-1.121678829193115234e+00
-2.528862714767456055e+00,-1.744146823883056641e+00,2.340137958526611328e+00,-1.112057685852050781e+00
-2.528185367584228516e+00,-1.736543178558349609e+00,2.326075315475463867e+00,-1.102594971656799316e+00
-2.527457952499389648e+00,-1.728879332542419434e+00,2.311959028244018555e+00,-1.093305706977844238e+00
-2.526676654815673828e+00,-1.721151351928710938e+00,2.297786235809326172e+00,-1.084184288978576660e+00
-2.525836467742919922e+00,-1.713358998298645020e+00,2.283561229705810547e+00,-1.075228214263916016e+00
-2.524946451187133789e+00,-1.705491781234741211e+00,2.269277334213256836e+00,-1.066439151763916016e+00
-2.523995876312255859e+00,-1.697561740875244141e+00,2.254941463470458984e+00,-1.057817459106445312e+00
-2.522996425628662109e+00,-1.689556360244750977e+00,2.240552425384521484e+00,-1.049359679222106934e+00
-2.521940231323242188e+00,-1.681489109992980957e+00,2.226114988327026367e+00,-1.041068792343139648e+00
-2.520843029022216797e+00,-1.673347473144531250e+00,2.211627483367919922e+00,-1.032951354980468750e+00
-2.519685745239257812e+00,-1.665138244628906250e+00,2.197089910507202148e+00,-1.024992465972900391e+00
-2.518479824066162109e+00,-1.656857848167419434e+00,2.182499647140502930e+00,-1.017198562622070312e+00
-2.517226696014404297e+00,-1.648508071899414062e+00,2.167865753173828125e+00,-1.009571552276611328e+00
-2.515922784805297852e+00,-1.640082597732543945e+00,2.153183937072753906e+00,-1.002109289169311523e+00
-2.514570951461791992e+00,-1.631596326828002930e+00,2.138460636138916016e+00,-9.948090314865112305e-01
-2.513171434402465820e+00,-1.623028755187988281e+00,2.123689174652099609e+00,-9.876727461814880371e-01
-2.511726140975952148e+00,-1.614393472671508789e+00,2.108874320983886719e+00,-9.807008504867553711e-01
-2.510232686996459961e+00,-1.605684995651245117e+00,2.094018220901489258e+00,-9.738887548446655273e-01
-2.508694171905517578e+00,-1.596909761428833008e+00,2.079119920730590820e+00,-9.672390222549438477e-01
-2.507105588912963867e+00,-1.588052988052368164e+00,2.064176559448242188e+00,-9.607423543930053711e-01
-2.505477428436279297e+00,-1.579127430915832520e+00,2.049197435379028320e+00,-9.544161558151245117e-01
-2.503803968429565430e+00,-1.570128440856933594e+00,2.034176826477050781e+00,-9.482427835464477539e-01
-2.502086639404296875e+00,-1.561056852340698242e+00,2.019118785858154297e+00,-9.422276020050048828e-01
-2.500331401824951172e+00,-1.551917314529418945e+00,2.004025459289550781e+00,-9.363751411437988281e-01
-2.498522281646728516e+00,-1.542695045471191406e+00,1.988890886306762695e+00,-9.306700825691223145e-01
-2.496683120727539062e+00,-1.533406496047973633e+00,1.973724842071533203e+00,-9.251282811164855957e-01
-2.494796752929687500e+00,-1.524050354957580566e+00,1.958524227142333984e+00,-9.197415113449096680e-01
-2.492872238159179688e+00,-1.514614343643188477e+00,1.943288564682006836e+00,-9.145047664642333984e-01
-2.490905761718750000e+00,-1.505108237266540527e+00,1.928020238876342773e+00,-9.094224572181701660e-01
-2.488901615142822266e+00,-1.495530605316162109e+00,1.912723302841186523e+00,-9.044923782348632812e-01
-2.486861228942871094e+00,-1.485878944396972656e+00,1.897394657135009766e+00,-8.997154831886291504e-01
-2.484778642654418945e+00,-1.476159095764160156e+00,1.882035374641418457e+00,-8.950875997543334961e-01
-2.482664108276367188e+00,-1.466365098953247070e+00,1.866647958755493164e+00,-8.906108736991882324e-01
-2.480508565902709961e+00,-1.456500053405761719e+00,1.851236701011657715e+00,-8.862810134887695312e-01
-2.478317499160766602e+00,-1.446559309959411621e+00,1.835791230201721191e+00,-8.820967078208923340e-01
-2.476091146469116211e+00,-1.436554551124572754e+00,1.820324301719665527e+00,-8.780604600906372070e-01
-2.473833322525024414e+00,-1.426474571228027344e+00,1.804831862449645996e+00,-8.741705417633056641e-01
-2.471539735794067383e+00,-1.416330218315124512e+00,1.789317607879638672e+00,-8.704243898391723633e-01
-2.469213247299194336e+00,-1.406109809875488281e+00,1.773779153823852539e+00,-8.668241500854492188e-01
-2.466847658157348633e+00,-1.395825624465942383e+00,1.758219242095947266e+00,-8.633595108985900879e-01
-2.464453697204589844e+00,-1.385469555854797363e+00,1.742637276649475098e+00,-8.600401878356933594e-01
-2.462028980255126953e+00,-1.375044465065002441e+00,1.727033853530883789e+00,-8.568587303161621094e-01
-2.459570407867431641e+00,-1.364550948143005371e+00,1.711413383483886719e+00,-8.538150191307067871e-01
-2.457083463668823242e+00,-1.353990316390991211e+00,1.695774793624877930e+00,-8.509131073951721191e-01
-2.454563379287719727e+00,-1.343362808227539062e+00,1.680117249488830566e+00,-8.481445908546447754e-01
-2.452017545700073242e+00,-1.332669973373413086e+00,1.664446949958801270e+00,-8.455136418342590332e-01
-2.449438810348510742e+00,-1.321909427642822266e+00,1.648756861686706543e+00,-8.430142998695373535e-01
-2.446833610534667969e+00,-1.311082124710083008e+00,1.633054375648498535e+00,-8.406487703323364258e-01
-2.444203615188598633e+00,-1.300195813179016113e+00,1.617341279983520508e+00,-8.384182453155517578e-01
-2.441540718078613281e+00,-1.289236783981323242e+00,1.601611852645874023e+00,-8.363144993782043457e-01
-2.438858270645141602e+00,-1.278221130371093750e+00,1.585875272750854492e+00,-8.343439102172851562e-01
-2.436142444610595703e+00,-1.267140626907348633e+00,1.570123672485351562e+00,-8.324958086013793945e-01
-2.433404207229614258e+00,-1.255995273590087891e+00,1.554362773895263672e+00,-8.307776451110839844e-01
-2.430637836456298828e+00,-1.244790077209472656e+00,1.538594603538513184e+00,-8.291847705841064453e-01
-2.427850961685180664e+00,-1.233521580696105957e+00,1.522818088531494141e+00,-8.277190923690795898e-01
-2.425038337707519531e+00,-1.222198724746704102e+00,1.507036328315734863e+00,-8.263728022575378418e-01
-2.422202110290527344e+00,-1.210807800292968750e+00,1.491244554519653320e+00,-8.251494169235229492e-01
-2.419344425201416016e+00,-1.199364662170410156e+00,1.475450754165649414e+00,-8.240495324134826660e-01
-2.416463136672973633e+00,-1.187864899635314941e+00,1.459653496742248535e+00,-8.230664730072021484e-01
-2.413561344146728516e+00,-1.176305413246154785e+00,1.443851113319396973e+00,-8.222037553787231445e-01
-2.410633802413940430e+00,-1.164687395095825195e+00,1.428044438362121582e+00,-8.214541673660278320e-01
-2.407687902450561523e+00,-1.153012752532958984e+00,1.412238717079162598e+00,-8.208229541778564453e-01
-2.404721736907958984e+00,-1.141286134719848633e+00,1.396432280540466309e+00,-8.203068375587463379e-01
-2.401738643646240234e+00,-1.129508256912231445e+00,1.380628943443298340e+00,-8.199046850204467773e-01
-2.398733377456665039e+00,-1.117673158645629883e+00,1.364821910858154297e+00,-8.196126222610473633e-01
-2.395707607269287109e+00,-1.105780839920043945e+00,1.349016547203063965e+00,-8.194289207458496094e-01
-2.392666578292846680e+00,-1.093842506408691406e+00,1.333217740058898926e+00,-8.193588256835937500e-01
-2.389606475830078125e+00,-1.081854343414306641e+00,1.317419290542602539e+00,-8.193950653076171875e-01
-2.386528491973876953e+00,-1.069813251495361328e+00,1.301626205444335938e+00,-8.195385932922363281e-01
-2.383433341979980469e+00,-1.057726383209228516e+00,1.285840034484863281e+00,-8.197858333587646484e-01
-2.380321502685546875e+00,-1.045587062835693359e+00,1.270057320594787598e+00,-8.201389908790588379e-01
-2.377196311950683594e+00,-1.033407211303710938e+00,1.254284501075744629e+00,-8.205935955047607422e-01
-2.374055385589599609e+00,-1.021174430847167969e+00,1.238520741462707520e+00,-8.211538195610046387e-01
-2.370895624160766602e+00,-1.008899211883544922e+00,1.222760677337646484e+00,-8.218083977699279785e-01
-2.367724418640136719e+00,-9.965778589248657227e-01,1.207011699676513672e+00,-8.225650787353515625e-01
-2.364538908004760742e+00,-9.842143654823303223e-01,1.191273927688598633e+00,-8.234196305274963379e-01
-2.361339092254638672e+00,-9.718042612075805664e-01,1.175547957420349121e+00,-8.243727684020996094e-01
-2.358122587203979492e+00,-9.593586325645446777e-01,1.159832596778869629e+00,-8.254150152206420898e-01
-2.354898691177368164e+00,-9.468666911125183105e-01,1.144128799438476562e+00,-8.265547752380371094e-01
-2.351662397384643555e+00,-9.343404173851013184e-01,1.128442525863647461e+00,-8.277913928031921387e-01
-2.348411560058593750e+00,-9.217751622200012207e-01,1.112767457962036133e+00,-8.291140794754028320e-01
-2.345149040222167969e+00,-9.091639518737792969e-01,1.097106695175170898e+00,-8.305282592773437500e-01
-2.341876745223999023e+00,-8.965227007865905762e-01,1.081462621688842773e+00,-8.320323228836059570e-01
-2.338594436645507812e+00,-8.838446736335754395e-01,1.065835118293762207e+00,-8.336232304573059082e-01
-2.335301160812377930e+00,-8.711306452751159668e-01,1.050227046012878418e+00,-8.353023529052734375e-01
-2.331999063491821289e+00,-8.583858609199523926e-01,1.034636616706848145e+00,-8.370670080184936523e-01
-2.328686237335205078e+00,-8.456026315689086914e-01,1.019063472747802734e+00,-8.389133810997009277e-01
-2.325365066528320312e+00,-8.327893018722534180e-01,1.003508806228637695e+00,-8.408409357070922852e-01
-2.322035312652587891e+00,-8.199442625045776367e-01,9.879767894744873047e-01,-8.428543806076049805e-01
-2.318697214126586914e+00,-8.070695996284484863e-01,9.724634885787963867e-01,-8.449444770812988281e-01
-2.315350770950317383e+00,-7.941672801971435547e-01,9.569724798202514648e-01,-8.471139073371887207e-01
-2.312000513076782227e+00,-7.812341451644897461e-01,9.415047764778137207e-01,-8.493657708168029785e-01
-2.308638811111450195e+00,-7.682759761810302734e-01,9.260584115982055664e-01,-8.516893982887268066e-01
-2.305271625518798828e+00,-7.552895545959472656e-01,9.106366634368896484e-01,-8.540891408920288086e-01
-2.301899433135986328e+00,-7.422841191291809082e-01,8.952410221099853516e-01,-8.565637469291687012e-01
-2.298520088195800781e+00,-7.292481660842895508e-01,8.798680305480957031e-01,-8.591126799583435059e-01
-2.297276973724365234e+00,-7.244536876678466797e-01,8.742264509201049805e-01,-8.600652217864990234e-01
-2.297276973724365234e+00,-7.244536876678466797e-01,8.742264509201049805e-01,-8.600652217864990234e-01
-2.260123252868652344e+00,-7.849667072296142578e-01,8.860446214675903320e-01,-8.101183176040649414e-01
-2.188216924667358398e+00,-8.364334702491760254e-01,8.951630592346191406e-01,-7.200475931167602539e-01
-2.106453180313110352e+00,-8.521238565444946289e-01,8.964521884918212891e-01,-6.242365837097167969e-01
-2.020088195800781250e+00,-8.472718000411987305e-01,8.930512666702270508e-01,-5.290157794952392578e-01
-1.932275772094726562e+00,-8.311614394187927246e-01,8.868496417999267578e-01,-4.379415512084960938e-01
-1.845368981361389160e+00,-8.104419112205505371e-01,8.791908025741577148e-01,-3.533996343612670898e-01
-1.761003851890563965e+00,-7.895845174789428711e-01,8.709706664085388184e-01,-2.767994105815887451e-01
-1.679929018020629883e+00,-7.707639932632446289e-01,8.626483678817749023e-01,-2.084972262382507324e-01
-1.602334141731262207e+00,-7.547436952590942383e-01,8.544297814369201660e-01,-1.482396423816680908e-01
-1.528224706649780273e+00,-7.418345212936401367e-01,8.464221358299255371e-01,-9.559138119220733643e-02
-1.457586407661437988e+00,-7.322177886962890625e-01,8.387008905410766602e-01,-5.011177062988281250e-02
-1.390443682670593262e+00,-7.261038422584533691e-01,8.313392400741577148e-01,-1.141409575939178467e-02
-1.326721429824829102e+00,-7.234705686569213867e-01,8.243584632873535156e-01,2.096658945083618164e-02
-1.266216158866882324e+00,-7.240304350852966309e-01,8.177377581596374512e-01,4.758543521165847778e-02
-1.208691835403442383e+00,-7.274363636970520020e-01,8.114380240440368652e-01,6.899350136518478394e-02
-1.154044508934020996e+00,-7.335739731788635254e-01,8.054561018943786621e-01,8.560318499803543091e-02
-1.102035760879516602e+00,-7.420854568481445312e-01,7.997466921806335449e-01,9.791060537099838257e-02
-1.052441358566284180e+00,-7.526471614837646484e-01,7.942686080932617188e-01,1.063767746090888977e-01
-1.005037307739257812e+00,-7.649372816085815430e-01,7.889842391014099121e-01,1.114326715469360352e-01
-9.597004652023315430e-01,-7.788037061691284180e-01,7.838715314865112305e-01,1.134067475795745850e-01
-9.162396788597106934e-01,-7.939847707748413086e-01,7.788976430892944336e-01,1.126633360981941223e-01
-8.745196461677551270e-01,-8.103092908859252930e-01,7.740383148193359375e-01,1.094988286495208740e-01
-8.344054818153381348e-01,-8.276044130325317383e-01,7.692706584930419922e-01,1.041988804936408997e-01
-7.957626581192016602e-01,-8.457019329071044922e-01,7.645710110664367676e-01,9.702885895967483521e-02
-7.584735155105590820e-01,-8.644548058509826660e-01,7.599194049835205078e-01,8.822876960039138794e-02
-7.224240899085998535e-01,-8.837241530418395996e-01,7.552950978279113770e-01,7.801990956068038940e-02
-6.875073909759521484e-01,-9.033790826797485352e-01,7.506804466247558594e-01,6.660731136798858643e-02
-6.536223292350769043e-01,-9.233015179634094238e-01,7.460581660270690918e-01,5.418079346418380737e-02
-6.206779479980468750e-01,-9.433814287185668945e-01,7.414154410362243652e-01,4.090961813926696777e-02
-5.885961651802062988e-01,-9.635301828384399414e-01,7.367380261421203613e-01,2.694766968488693237e-02
-5.573148131370544434e-01,-9.836813211441040039e-01,7.320169210433959961e-01,1.242886483669281006e-02
-5.267579555511474609e-01,-1.003746628761291504e+00,7.272399663925170898e-01,-2.514109015464782715e-03
-4.968661665916442871e-01,-1.023659110069274902e+00,7.223988771438598633e-01,-1.776520162820816040e-02
-4.675835371017456055e-01,-1.043356537818908691e+00,7.174872159957885742e-01,-3.321924060583114624e-02
-4.388620257377624512e-01,-1.062789916992187500e+00,7.124981880187988281e-01,-4.878368228673934937e-02
-4.106552004814147949e-01,-1.081907629966735840e+00,7.074259519577026367e-01,-6.436984241008758545e-02
-3.829254209995269775e-01,-1.100666522979736328e+00,7.022663354873657227e-01,-7.990244030952453613e-02
-3.556342422962188721e-01,-1.119026899337768555e+00,6.970150470733642578e-01,-9.530934691429138184e-02
-3.287586569786071777e-01,-1.136969208717346191e+00,6.916702985763549805e-01,-1.105350255966186523e-01
-3.022700846195220947e-01,-1.154459238052368164e+00,6.862302422523498535e-01,-1.255225986242294312e-01
-2.761436700820922852e-01,-1.171474575996398926e+00,6.806926727294921875e-01,-1.402225047349929810e-01
-2.503609061241149902e-01,-1.187992334365844727e+00,6.750569939613342285e-01,-1.545909196138381958e-01
-2.249018996953964233e-01,-1.203995227813720703e+00,6.693230271339416504e-01,-1.685905754566192627e-01
-1.997522115707397461e-01,-1.219468832015991211e+00,6.634910702705383301e-01,-1.821882575750350952e-01
-1.749011129140853882e-01,-1.234402656555175781e+00,6.575621366500854492e-01,-1.953562498092651367e-01
-1.503356248140335083e-01,-1.248782038688659668e+00,6.515359282493591309e-01,-2.080667018890380859e-01
-1.260486394166946411e-01,-1.262600302696228027e+00,6.454153060913085938e-01,-2.202991545200347900e-01
-1.020300835371017456e-01,-1.275852203369140625e+00,6.392025947570800781e-01,-2.320376038551330566e-01
-7.827627658843994141e-02,-1.288530588150024414e+00,6.328977942466735840e-01,-2.432655990123748779e-01
-5.478116869926452637e-02,-1.300632476806640625e+00,6.265046596527099609e-01,-2.539696991443634033e-01
-3.154461085796356201e-02,-1.312155961990356445e+00,6.200262904167175293e-01,-2.641430199146270752e-01
-8.561104536056518555e-03,-1.323100805282592773e+00,6.134644150733947754e-01,-2.737769484519958496e-01
1.416990160942077637e-02,-1.333467602729797363e+00,6.068226099014282227e-01,-2.828666269779205322e-01
3.664855659008026123e-02,-1.343256473541259766e+00,6.001040339469909668e-01,-2.914087176322937012e-01
5.887252092361450195e-02,-1.352471828460693359e+00,5.933122038841247559e-01,-2.994043231010437012e-01
8.084401488304138184e-02,-1.361115574836730957e+00,5.864494442939758301e-01,-3.068501651287078857e-01
1.025601923465728760e-01,-1.369192481040954590e+00,5.795202255249023438e-01,-3.137513995170593262e-01
1.240172982215881348e-01,-1.376709342002868652e+00,5.725286006927490234e-01,-3.201109170913696289e-01
1.452169269323348999e-01,-1.383670091629028320e+00,5.654764771461486816e-01,-3.259315490722656250e-01
1.661539673805236816e-01,-1.390080928802490234e+00,5.583682060241699219e-01,-3.312206566333770752e-01
1.868255287408828735e-01,-1.395950913429260254e+00,5.512081384658813477e-01,-3.359843790531158447e-01
2.072305083274841309e-01,-1.401282429695129395e+00,5.439981222152709961e-01,-3.402293324470520020e-01
2.273646891117095947e-01,-1.406088113784790039e+00,5.367438197135925293e-01,-3.439652025699615479e-01
2.472246289253234863e-01,-1.410374999046325684e+00,5.294470787048339844e-01,-3.471998870372772217e-01
2.668102383613586426e-01,-1.414147377014160156e+00,5.221115946769714355e-01,-3.499413132667541504e-01
2.861151099205017090e-01,-1.417418241500854492e+00,5.147427320480346680e-01,-3.522028923034667969e-01
3.051398098468780518e-01,-1.420194029808044434e+00,5.073418021202087402e-01,-3.539915680885314941e-01
3.238806426525115967e-01,-1.422483444213867188e+00,4.999123811721801758e-01,-3.553198873996734619e-01
3.423340320587158203e-01,-1.424296140670776367e+00,4.924587011337280273e-01,-3.561991453170776367e-01
3.604979217052459717e-01,-1.425641536712646484e+00,4.849845767021179199e-01,-3.566412627696990967e-01
3.783702254295349121e-01,-1.426529884338378906e+00,4.774917960166931152e-01,-3.566571176052093506e-01
3.959518074989318848e-01,-1.426965236663818359e+00,4.699839353561401367e-01,-3.562562763690948486e-01
4.132370948791503906e-01,-1.426964521408081055e+00,4.624644815921783447e-01,-3.554552197456359863e-01
4.302259683609008789e-01,-1.426531553268432617e+00,4.549363255500793457e-01,-3.542633950710296631e-01
4.469175338745117188e-01,-1.425678849220275879e+00,4.474023878574371338e-01,-3.526929914951324463e-01
4.633107185363769531e-01,-1.424415349960327148e+00,4.398648440837860107e-01,-3.507553339004516602e-01
4.794037342071533203e-01,-1.422750353813171387e+00,4.323261380195617676e-01,-3.484646975994110107e-01
4.951971173286437988e-01,-1.420693874359130859e+00,4.247907400131225586e-01,-3.458327054977416992e-01
5.106894373893737793e-01,-1.418255329132080078e+00,4.172585308551788330e-01,-3.428696691989898682e-01
5.258799195289611816e-01,-1.415445208549499512e+00,4.097346365451812744e-01,-3.395915925502777100e-01
5.407703518867492676e-01,-1.412272214889526367e+00,4.022202491760253906e-01,-3.360061943531036377e-01
5.553607344627380371e-01,-1.408745527267456055e+00,3.947177231311798096e-01,-3.321276009082794189e-01
5.696523785591125488e-01,-1.404872179031372070e+00,3.872295916080474854e-01,-3.279669284820556641e-01
5.836440920829772949e-01,-1.400666117668151855e+00,3.797575235366821289e-01,-3.235363960266113281e-01
5.973386764526367188e-01,-1.396132588386535645e+00,3.723030686378479004e-01,-3.188474774360656738e-01
6.107363700866699219e-01,-1.391284108161926270e+00,3.648705482482910156e-01,-3.139114975929260254e-01
6.238383054733276367e-01,-1.386128664016723633e+00,3.574599921703338623e-01,-3.087401986122131348e-01
6.366471648216247559e-01,-1.380676865577697754e+00,3.500730693340301514e-01,-3.033445775508880615e-01
6.491647958755493164e-01,-1.374935865402221680e+00,3.427125811576843262e-01,-2.977348864078521729e-01
6.613928079605102539e-01,-1.368913769721984863e+00,3.353797495365142822e-01,-2.919214367866516113e-01
6.733323931694030762e-01,-1.362619638442993164e+00,3.280746936798095703e-01,-2.859148383140563965e-01
6.849868297576904297e-01,-1.356061816215515137e+00,3.208000957965850830e-01,-2.797245979309082031e-01
6.963580250740051270e-01,-1.349251627922058105e+00,3.135578632354736328e-01,-2.733626663684844971e-01
7.074492573738098145e-01,-1.342195749282836914e+00,3.063478171825408936e-01,-2.668381631374359131e-01
7.182633876800537109e-01,-1.334902048110961914e+00,2.991724610328674316e-01,-2.601599991321563721e-01
7.288035154342651367e-01,-1.327380895614624023e+00,2.920328080654144287e-01,-2.533388137817382812e-01
7.390711307525634766e-01,-1.319641590118408203e+00,2.849297523498535156e-01,-2.463840693235397339e-01
7.490731477737426758e-01,-1.311686515808105469e+00,2.778627276420593262e-01,-2.393022328615188599e-01
7.588094472885131836e-01,-1.303524136543273926e+00,2.708360552787780762e-01,-2.321032434701919556e-01
7.682839632034301758e-01,-1.295165181159973145e+00,2.638480961322784424e-01,-2.247956842184066772e-01
7.774994373321533203e-01,-1.286617040634155273e+00,2.569024264812469482e-01,-2.173888087272644043e-01
7.864616513252258301e-01,-1.277884483337402344e+00,2.499965876340866089e-01,-2.098897099494934082e-01
7.951729297637939453e-01,-1.268977761268615723e+00,2.431344091892242432e-01,-2.023068666458129883e-01
8.036384582519531250e-01,-1.259903311729431152e+00,2.363140583038330078e-01,-1.946468055248260498e-01
8.118609189987182617e-01,-1.250667214393615723e+00,2.295379042625427246e-01,-1.869190037250518799e-01
8.198446035385131836e-01,-1.241279602050781250e+00,2.228060364723205566e-01,-1.791298389434814453e-01
8.275924324989318848e-01,-1.231742739677429199e+00,2.161187380552291870e-01,-1.712845712900161743e-01
8.351089358329772949e-01,-1.222062945365905762e+00,2.094768285751342773e-01,-1.633901894092559814e-01
8.423969149589538574e-01,-1.212249517440795898e+00,2.028800249099731445e-01,-1.554546058177947998e-01
8.494620323181152344e-01,-1.202307462692260742e+00,1.963301599025726318e-01,-1.474835723638534546e-01
8.563085198402404785e-01,-1.192244052886962891e+00,1.898266673088073730e-01,-1.394829452037811279e-01
8.629388213157653809e-01,-1.182063698768615723e+00,1.833699345588684082e-01,-1.314596980810165405e-01
8.693578243255615234e-01,-1.171774864196777344e+00,1.769617497920989990e-01,-1.234190836548805237e-01
8.755704164505004883e-01,-1.161381840705871582e+00,1.706010401248931885e-01,-1.153668016195297241e-01
8.815803527832031250e-01,-1.150889873504638672e+00,1.642874777317047119e-01,-1.073067039251327515e-01
8.873896598815917969e-01,-1.140303730964660645e+00,1.580218970775604248e-01,-9.924542903900146484e-02
8.930042982101440430e-01,-1.129630923271179199e+00,1.518049240112304688e-01,-9.118699282407760620e-02
8.984268307685852051e-01,-1.118875026702880859e+00,1.456361562013626099e-01,-8.313673734664916992e-02
9.036637544631958008e-01,-1.108041286468505859e+00,1.395154893398284912e-01,-7.509765028953552246e-02
9.087173938751220703e-01,-1.097135066986083984e+00,1.334438323974609375e-01,-6.707644462585449219e-02
9.135921597480773926e-01,-1.086161732673645020e+00,1.274210810661315918e-01,-5.907707288861274719e-02
9.182906746864318848e-01,-1.075127124786376953e+00,1.214468032121658325e-01,-5.110378935933113098e-02
9.228197336196899414e-01,-1.064034938812255859e+00,1.155213490128517151e-01,-4.315827786922454834e-02
9.271804690361022949e-01,-1.052887797355651855e+00,1.096445694565773010e-01,-3.524591773748397827e-02
9.313775897026062012e-01,-1.041692137718200684e+00,1.038159132003784180e-01,-2.736973017454147339e-02
9.354158043861389160e-01,-1.030449390411376953e+00,9.803516417741775513e-02,-1.953238248825073242e-02
9.392971992492675781e-01,-1.019168257713317871e+00,9.230463951826095581e-02,-1.173976436257362366e-02
9.430272579193115234e-01,-1.007850170135498047e+00,8.662133663892745972e-02,-3.991914913058280945e-03
9.466090202331542969e-01,-9.964983463287353516e-01,8.098620176315307617e-02,3.706216812133789062e-03
9.500460028648376465e-01,-9.851197004318237305e-01,7.539969682693481445e-02,1.135180704295635223e-02
9.533426761627197266e-01,-9.737150669097900391e-01,6.986045837402343750e-02,1.894412375986576080e-02
9.565017223358154297e-01,-9.622893929481506348e-01,6.436948478221893311e-02,2.647697366774082184e-02
9.595262408256530762e-01,-9.508451819419860840e-01,5.892623960971832275e-02,3.395142778754234314e-02
9.624212384223937988e-01,-9.393857717514038086e-01,5.353030562400817871e-02,4.136527329683303833e-02
9.651873707771301270e-01,-9.279166460037231445e-01,4.818154871463775635e-02,4.871361702680587769e-02
9.678307771682739258e-01,-9.164374470710754395e-01,4.288052022457122803e-02,5.599545314908027649e-02
9.703540205955505371e-01,-9.049548506736755371e-01,3.762537240982055664e-02,6.320994347333908081e-02
9.727609753608703613e-01,-8.934701085090637207e-01,3.241680562496185303e-02,7.035483419895172119e-02
9.750529527664184570e-01,-8.819867968559265137e-01,2.725525200366973877e-02,7.742711901664733887e-02
9.772350788116455078e-01,-8.705074191093444824e-01,2.213945984840393066e-02,8.442594110965728760e-02
9.793090820312500000e-01,-8.590359687805175781e-01,1.706965267658233643e-02,9.135054051876068115e-02
9.812783598899841309e-01,-8.475719690322875977e-01,1.204544305801391602e-02,9.819848090410232544e-02
9.831457138061523438e-01,-8.361185193061828613e-01,7.066443562507629395e-03,1.049690395593643188e-01
9.849148988723754883e-01,-8.246810436248779297e-01,2.131998538970947266e-03,1.116617247462272644e-01
9.865893125534057617e-01,-8.132588863372802734e-01,-2.758085727691650391e-03,1.182758361101150513e-01
9.881686568260192871e-01,-8.018574118614196777e-01,-7.602885365486145020e-03,1.248063296079635620e-01
9.896591901779174805e-01,-7.904755473136901855e-01,-1.240365207195281982e-02,1.312565803527832031e-01
9.910618066787719727e-01,-7.791190147399902344e-01,-1.716059446334838867e-02,1.376231014728546143e-01
9.923793077468872070e-01,-7.677882909774780273e-01,-2.187320590019226074e-02,1.439063251018524170e-01
9.936140775680541992e-01,-7.564826607704162598e-01,-2.654357254505157471e-02,1.501056551933288574e-01
9.947696328163146973e-01,-7.452072501182556152e-01,-3.117132186889648438e-02,1.562206596136093140e-01
9.958477616310119629e-01,-7.339621782302856445e-01,-3.575670719146728516e-02,1.622512489557266235e-01
9.968506097793579102e-01,-7.227491140365600586e-01,-4.030008614063262939e-02,1.681945472955703735e-01
9.977801442146301270e-01,-7.115724682807922363e-01,-4.480005800724029541e-02,1.740516722202301025e-01
9.986401796340942383e-01,-7.004313468933105469e-01,-4.925981163978576660e-02,1.798229664564132690e-01
9.994326233863830566e-01,-6.893281936645507812e-01,-5.367806553840637207e-02,1.855071485042572021e-01
1.000158548355102539e+00,-6.782645583152770996e-01,-5.805487930774688721e-02,1.911041140556335449e-01
1.000821113586425781e+00,-6.672408580780029297e-01,-6.239201128482818604e-02,1.966139078140258789e-01
1.001421689987182617e+00,-6.562590003013610840e-01,-6.668965518474578857e-02,2.020372748374938965e-01
1.001962661743164062e+00,-6.453206539154052734e-01,-7.094612717628479004e-02,2.073722928762435913e-01
1.002446174621582031e+00,-6.344254612922668457e-01,-7.516415417194366455e-02,2.126202583312988281e-01
1.002873897552490234e+00,-6.235777139663696289e-01,-7.934242486953735352e-02,2.177809625864028931e-01
1.003247737884521484e+00,-6.127772331237792969e-01,-8.348245918750762939e-02,2.228550463914871216e-01
1.003569722175598145e+00,-6.020235419273376465e-01,-8.758376538753509521e-02,2.278413623571395874e-01
1.003841757774353027e+00,-5.913181304931640625e-01,-9.164739400148391724e-02,2.327409535646438599e-01
1.004065990447998047e+00,-5.806650519371032715e-01,-9.567330777645111084e-02,2.375543713569641113e-01
1.004242420196533203e+00,-5.700609087944030762e-01,-9.966156631708145142e-02,2.422799319028854370e-01
1.004373908042907715e+00,-5.595085024833679199e-01,-1.036129519343376160e-01,2.469208687543869019e-01
1.004462361335754395e+00,-5.490087270736694336e-01,-1.075271666049957275e-01,2.514754831790924072e-01
1.004509210586547852e+00,-5.385627746582031250e-01,-1.114058196544647217e-01,2.559451460838317871e-01
1.004514932632446289e+00,-5.281714797019958496e-01,-1.152474284172058105e-01,2.603291571140289307e-01
1.004481673240661621e+00,-5.178342461585998535e-01,-1.190541088581085205e-01,2.646284401416778564e-01
1.004411458969116211e+00,-5.075523853302001953e-01,-1.228253245353698730e-01,2.688438296318054199e-01
1.004305362701416016e+00,-4.973270297050476074e-01,-1.265619993209838867e-01,2.729764282703399658e-01
1.004165291786193848e+00,-4.871586561203002930e-01,-1.302637606859207153e-01,2.770256996154785156e-01
1.003989458084106445e+00,-4.770473241806030273e-01,-1.339302510023117065e-01,2.809909284114837646e-01
1.003783464431762695e+00,-4.669931232929229736e-01,-1.375640481710433960e-01,2.848759293556213379e-01
1.003546237945556641e+00,-4.569973945617675781e-01,-1.411632597446441650e-01,2.886786460876464844e-01
1.003279924392700195e+00,-4.470607638359069824e-01,-1.447300463914871216e-01,2.924019396305084229e-01
1.002984404563903809e+00,-4.371833205223083496e-01,-1.482636630535125732e-01,2.960445582866668701e-01
1.002661705017089844e+00,-4.273647665977478027e-01,-1.517638564109802246e-01,2.996073961257934570e-01
1.002313494682312012e+00,-4.176061749458312988e-01,-1.552326083183288574e-01,3.030919134616851807e-01
1.001939296722412109e+00,-4.079080820083618164e-01,-1.586682647466659546e-01,3.064980208873748779e-01
1.001541256904602051e+00,-3.982697725296020508e-01,-1.620728373527526855e-01,3.098266720771789551e-01
1.001119852066040039e+00,-3.886922597885131836e-01,-1.654459834098815918e-01,3.130789697170257568e-01
1.000677227973937988e+00,-3.791759014129638672e-01,-1.687882244586944580e-01,3.162559568881988525e-01
1.000212192535400391e+00,-3.697203397750854492e-01,-1.720990836620330811e-01,3.193567991256713867e-01
9.997274279594421387e-01,-3.603253066539764404e-01,-1.753799915313720703e-01,3.223842382431030273e-01
9.992235302925109863e-01,-3.509927392005920410e-01,-1.786308884620666504e-01,3.253381848335266113e-01
9.987009763717651367e-01,-3.417208194732666016e-01,-1.818515658378601074e-01,3.282189667224884033e-01
9.981604218482971191e-01,-3.325104117393493652e-01,-1.850430369377136230e-01,3.310274183750152588e-01
9.976036548614501953e-01,-3.233624994754791260e-01,-1.882051825523376465e-01,3.337655365467071533e-01
9.970298409461975098e-01,-3.142763674259185791e-01,-1.913377046585083008e-01,3.364327847957611084e-01
9.964411258697509766e-01,-3.052507638931274414e-01,-1.944427341222763062e-01,3.390311896800994873e-01
9.958380460739135742e-01,-2.962879836559295654e-01,-1.975184530019760132e-01,3.415606617927551270e-01
9.952207803726196289e-01,-2.873855531215667725e-01,-2.005672603845596313e-01,3.440222442150115967e-01
9.945898652076721191e-01,-2.785455882549285889e-01,-2.035870552062988281e-01,3.464164733886718750e-01
9.939460158348083496e-01,-2.697679996490478516e-01,-2.065796405076980591e-01,3.487446904182434082e-01
9.932916164398193359e-01,-2.610513567924499512e-01,-2.095455825328826904e-01,3.510085940361022949e-01
9.926245808601379395e-01,-2.523965835571289062e-01,-2.124837934970855713e-01,3.532069623470306396e-01
9.919471144676208496e-01,-2.438032776117324829e-01,-2.153959274291992188e-01,3.553424477577209473e-01
9.912592172622680664e-01,-2.352703511714935303e-01,-2.182817608118057251e-01,3.574143052101135254e-01
9.905618429183959961e-01,-2.267993986606597900e-01,-2.211415171623229980e-01,3.594254851341247559e-01
9.898555874824523926e-01,-2.183891534805297852e-01,-2.239750176668167114e-01,3.613750636577606201e-01
9.891404509544372559e-01,-2.100406736135482788e-01,-2.267826795578002930e-01,3.632642626762390137e-01
9.884172081947326660e-01,-2.017519474029541016e-01,-2.295656353235244751e-01,3.650951981544494629e-01
9.876861572265625000e-01,-1.935246586799621582e-01,-2.323230952024459839e-01,3.668664693832397461e-01
9.869482517242431641e-01,-1.853570342063903809e-01,-2.350560873746871948e-01,3.685805797576904297e-01
9.862025380134582520e-01,-1.772497594356536865e-01,-2.377642244100570679e-01,3.702382743358612061e-01
9.854520559310913086e-01,-1.692025661468505859e-01,-2.404484003782272339e-01,3.718404173851013184e-01
9.846944212913513184e-01,-1.612152457237243652e-01,-2.431083917617797852e-01,3.733870387077331543e-01
9.839307665824890137e-01,-1.532873958349227905e-01,-2.457442730665206909e-01,3.748786747455596924e-01
9.831639528274536133e-01,-1.454192399978637695e-01,-2.483569830656051636e-01,3.763189613819122314e-01
9.823910593986511230e-01,-1.376089900732040405e-01,-2.509468495845794678e-01,3.777061700820922852e-01
9.816132187843322754e-01,-1.298586726188659668e-01,-2.535119056701660156e-01,3.790402710437774658e-01
9.808322191238403320e-01,-1.221668124198913574e-01,-2.560555338859558105e-01,3.803254067897796631e-01
9.800469279289245605e-01,-1.145326942205429077e-01,-2.585766315460205078e-01,3.815601170063018799e-01
9.792576432228088379e-01,-1.069569364190101624e-01,-2.610739767551422119e-01,3.827446401119232178e-01
9.784661531448364258e-01,-9.943930059671401978e-02,-2.635503113269805908e-01,3.838823437690734863e-01
9.776704907417297363e-01,-9.197783470153808594e-02,-2.660044431686401367e-01,3.849712312221527100e-01
9.768729805946350098e-01,-8.457399904727935791e-02,-2.684368193149566650e-01,3.860139846801757812e-01
9.760733842849731445e-01,-7.722704857587814331e-02,-2.708481550216674805e-01,3.870117962360382080e-01
9.752713441848754883e-01,-6.993684172630310059e-02,-2.732374668121337891e-01,3.879633843898773193e-01
9.744672775268554688e-01,-6.270214915275573730e-02,-2.756060659885406494e-01,3.888714611530303955e-01
9.736617207527160645e-01,-5.552375316619873047e-02,-2.779540419578552246e-01,3.897354006767272949e-01
9.728540182113647461e-01,-4.840080440044403076e-02,-2.802808880805969238e-01,3.905570507049560547e-01
9.720462560653686523e-01,-4.133243858814239502e-02,-2.825884819030761719e-01,3.913370966911315918e-01
9.712370634078979492e-01,-3.431908413767814636e-02,-2.848752737045288086e-01,3.920759558677673340e-01
9.704265594482421875e-01,-2.736050263047218323e-02,-2.871409654617309570e-01,3.927736282348632812e-01
9.696161746978759766e-01,-2.045571431517601013e-02,-2.893885970115661621e-01,3.934330046176910400e-01
9.688039422035217285e-01,-1.360510289669036865e-02,-2.916150391101837158e-01,3.940521180629730225e-01
9.679926633834838867e-01,-6.807580590248107910e-03,-2.938230931758880615e-01,3.946335911750793457e-01
9.671809673309326172e-01,-6.334856152534484863e-05,-2.960118055343627930e-01,3.951779603958129883e-01
9.663690328598022461e-01,6.627652794122695923e-03,-2.981814146041870117e-01,3.956854343414306641e-01
9.655570983886718750e-01,1.326745748519897461e-02,-3.003324568271636963e-01,3.961571455001831055e-01
9.647458195686340332e-01,1.985407620668411255e-02,-3.024641573429107666e-01,3.965936601161956787e-01
9.639351367950439453e-01,2.638886123895645142e-02,-3.045780956745147705e-01,3.969955444335937500e-01
9.631246924400329590e-01,3.287277370691299438e-02,-3.066736757755279541e-01,3.973635137081146240e-01
9.623150825500488281e-01,3.930497169494628906e-02,-3.087503015995025635e-01,3.976982831954956055e-01
9.615061879158020020e-01,4.568718373775482178e-02,-3.108097314834594727e-01,3.980005979537963867e-01
9.606980681419372559e-01,5.201788991689682007e-02,-3.128508925437927246e-01,3.982713222503662109e-01
9.598913192749023438e-01,5.829884856939315796e-02,-3.148750364780426025e-01,3.985114097595214844e-01
9.590852260589599609e-01,6.453067809343338013e-02,-3.168813586235046387e-01,3.987200260162353516e-01
9.582809805870056152e-01,7.071216404438018799e-02,-3.188712596893310547e-01,3.989004790782928467e-01
9.574779272079467773e-01,7.684477418661117554e-02,-3.208434581756591797e-01,3.990504443645477295e-01
9.566763043403625488e-01,8.292810618877410889e-02,-3.227984905242919922e-01,3.991725146770477295e-01
9.558753967285156250e-01,8.896346390247344971e-02,-3.247370123863220215e-01,3.992664515972137451e-01
9.550765752792358398e-01,9.495029598474502563e-02,-3.266586363315582275e-01,3.993332982063293457e-01
9.542797207832336426e-01,1.008889526128768921e-01,-3.285642564296722412e-01,3.993740677833557129e-01
9.534838199615478516e-01,1.067808344960212708e-01,-3.304533064365386963e-01,3.993879258632659912e-01
9.526898860931396484e-01,1.126271560788154602e-01,-3.323261737823486328e-01,3.993766605854034424e-01
9.518966674804687500e-01,1.184267550706863403e-01,-3.341826498508453369e-01,3.993397057056427002e-01
9.511067867279052734e-01,1.241810768842697144e-01,-3.360252082347869873e-01,3.992803692817687988e-01
9.503180980682373047e-01,1.298888027667999268e-01,-3.378508090972900391e-01,3.991964459419250488e-01
9.495308995246887207e-01,1.355521231889724731e-01,-3.396611213684082031e-01,3.990892469882965088e-01
9.487464427947998047e-01,1.411688625812530518e-01,-3.414562344551086426e-01,3.989597856998443604e-01
9.479636549949645996e-01,1.467416584491729736e-01,-3.432360589504241943e-01,3.988082408905029297e-01
9.471825957298278809e-01,1.522701978683471680e-01,-3.450003564357757568e-01,3.986354768276214600e-01
9.464040994644165039e-01,1.577546447515487671e-01,-3.467505872249603271e-01,3.984417617321014404e-01
9.456274509429931641e-01,1.631957888603210449e-01,-3.484857082366943359e-01,3.982270658016204834e-01
9.448522329330444336e-01,1.685929000377655029e-01,-3.502056896686553955e-01,3.979928791522979736e-01
9.440802335739135742e-01,1.739476025104522705e-01,-3.519116044044494629e-01,3.977400660514831543e-01
9.433098435401916504e-01,1.792593002319335938e-01,-3.536036312580108643e-01,3.974682986736297607e-01
9.425418376922607422e-01,1.845289766788482666e-01,-3.552808761596679688e-01,3.971775770187377930e-01
9.417761564254760742e-01,1.897564083337783813e-01,-3.569441437721252441e-01,3.968694508075714111e-01
9.410122036933898926e-01,1.949422061443328857e-01,-3.585933446884155273e-01,3.965440392494201660e-01
9.402496814727783203e-01,2.000879645347595215e-01,-3.602288067340850830e-01,3.962008655071258545e-01
9.394906163215637207e-01,2.051916122436523438e-01,-3.618505895137786865e-01,3.958424031734466553e-01
9.387333393096923828e-01,2.102553248405456543e-01,-3.634590506553649902e-01,3.954673707485198975e-01
9.379782676696777344e-01,2.152790576219558716e-01,-3.650537133216857910e-01,3.950769305229187012e-01
9.372258782386779785e-01,2.202621102333068848e-01,-3.666349649429321289e-01,3.946718573570251465e-01
9.364752173423767090e-01,2.252057194709777832e-01,-3.682036399841308594e-01,3.942523896694183350e-01
9.357267618179321289e-01,2.301112711429595947e-01,-3.697589635848999023e-01,3.938178122043609619e-01
9.349808096885681152e-01,2.349757403135299683e-01,-3.713008165359497070e-01,3.933701217174530029e-01
9.342365860939025879e-01,2.398032695055007935e-01,-3.728303909301757812e-01,3.929094076156616211e-01
9.334949851036071777e-01,2.445915788412094116e-01,-3.743461966514587402e-01,3.924349546432495117e-01
9.327556490898132324e-01,2.493418753147125244e-01,-3.758506178855895996e-01,3.919488489627838135e-01
9.320183396339416504e-01,2.540551424026489258e-01,-3.773421645164489746e-01,3.914501667022705078e-01
9.312829375267028809e-01,2.587299942970275879e-01,-3.788205385208129883e-01,3.909396231174468994e-01
9.305502772331237793e-01,2.633686661720275879e-01,-3.802878856658935547e-01,3.904186785221099854e-01
9.298193454742431641e-01,2.679705023765563965e-01,-3.817418217658996582e-01,3.898858428001403809e-01
9.290914535522460938e-01,2.725362181663513184e-01,-3.831851482391357422e-01,3.893436193466186523e-01
9.283651113510131836e-01,2.770656347274780273e-01,-3.846158385276794434e-01,3.887903690338134766e-01
9.276406764984130859e-01,2.815603315830230713e-01,-3.860349059104919434e-01,3.882276117801666260e-01
9.269190430641174316e-01,2.860186994075775146e-01,-3.874418735504150391e-01,3.876549303531646729e-01
9.261983633041381836e-01,2.904417514801025391e-01,-3.888366222381591797e-01,3.870726227760314941e-01
9.254799485206604004e-01,2.948315143585205078e-01,-3.902208805084228516e-01,3.864819705486297607e-01
9.247649312019348145e-01,2.991858124732971191e-01,-3.915934562683105469e-01,3.858835697174072266e-01
9.240513443946838379e-01,3.035053610801696777e-01,-3.929549455642700195e-01,3.852765560150146484e-01
9.233396053314208984e-01,3.077916502952575684e-01,-3.943049013614654541e-01,3.846615850925445557e-01
9.226306676864624023e-01,3.120437264442443848e-01,-3.956437706947326660e-01,3.840393126010894775e-01
9.219225645065307617e-01,3.162628412246704102e-01,-3.969718515872955322e-01,3.834093213081359863e-01
9.212167859077453613e-01,3.204491138458251953e-01,-3.982885479927062988e-01,3.827733695507049561e-01
9.205135107040405273e-01,3.246017694473266602e-01,-3.995945453643798828e-01,3.821302652359008789e-01
9.198119044303894043e-01,3.287230134010314941e-01,-4.008901715278625488e-01,3.814809322357177734e-01
9.191119074821472168e-01,3.328111171722412109e-01,-4.021743535995483398e-01,3.808252811431884766e-01
9.184139370918273926e-01,3.368681669235229492e-01,-4.034481644630432129e-01,3.801641166210174561e-01
9.177186489105224609e-01,3.408936262130737305e-01,-4.047125279903411865e-01,3.794978260993957520e-01
9.170245528221130371e-01,3.448867201805114746e-01,-4.059656560420989990e-01,3.788258433341979980e-01
9.163326025009155273e-01,3.488492071628570557e-01,-4.072083830833435059e-01,3.781495094299316406e-01
9.156424403190612793e-01,3.527811765670776367e-01,-4.084416627883911133e-01,3.774685561656951904e-01
9.149536490440368652e-01,3.566827774047851562e-01,-4.096641838550567627e-01,3.767824172973632812e-01
9.142671823501586914e-01,3.605523109436035156e-01,-4.108765721321105957e-01,3.760923445224761963e-01
9.135817289352416992e-01,3.643934130668640137e-01,-4.120788574218750000e-01,3.753980696201324463e-01
9.128987193107604980e-01,3.682050406932830811e-01,-4.132721424102783203e-01,3.747012317180633545e-01
9.122173786163330078e-01,3.719857633113861084e-01,-4.144549965858459473e-01,3.740002512931823730e-01
9.115380048751831055e-01,3.757379651069641113e-01,-4.156285822391510010e-01,3.732965290546417236e-01
9.108595252037048340e-01,3.794614076614379883e-01,-4.167920351028442383e-01,3.725887537002563477e-01
9.101831912994384766e-01,3.831551074981689453e-01,-4.179464578628540039e-01,3.718793988227844238e-01
9.095088243484497070e-01,3.868211507797241211e-01,-4.190916121006011963e-01,3.711675703525543213e-01
9.088355302810668945e-01,3.904578089714050293e-01,-4.202267229557037354e-01,3.704532086849212646e-01
9.081639051437377930e-01,3.940679430961608887e-01,-4.213531613349914551e-01,3.697360455989837646e-01
9.074938893318176270e-01,3.976489603519439697e-01,-4.224701523780822754e-01,3.690177798271179199e-01
9.068253636360168457e-01,4.012032151222229004e-01,-4.235777854919433594e-01,3.682973682880401611e-01
9.061584472656250000e-01,4.047302603721618652e-01,-4.246763885021209717e-01,3.675753772258758545e-01
9.054931998252868652e-01,4.082295894622802734e-01,-4.257664084434509277e-01,3.668525516986846924e-01
9.048295021057128906e-01,4.117026329040527344e-01,-4.268468320369720459e-01,3.661283254623413086e-01
9.041669368743896484e-01,4.151484370231628418e-01,-4.279189109802246094e-01,3.654034435749053955e-01
9.035060405731201172e-01,4.185681343078613281e-01,-4.289821088314056396e-01,3.646774888038635254e-01
9.028465151786804199e-01,4.219623208045959473e-01,-4.300370216369628906e-01,3.639506995677947998e-01
9.021885395050048828e-01,4.253299236297607422e-01,-4.310831129550933838e-01,3.632242381572723389e-01
9.015308618545532227e-01,4.286718964576721191e-01,-4.321200251579284668e-01,3.624961376190185547e-01
9.008752107620239258e-01,4.319877028465270996e-01,-4.331485629081726074e-01,3.617688417434692383e-01
9.002215862274169922e-01,4.352788329124450684e-01,-4.341695904731750488e-01,3.610422015190124512e-01
8.995684385299682617e-01,4.385445117950439453e-01,-4.351814687252044678e-01,3.603149354457855225e-01
8.989162445068359375e-01,4.417855143547058105e-01,-4.361856579780578613e-01,3.595882356166839600e-01
8.982657194137573242e-01,4.450017213821411133e-01,-4.371807575225830078e-01,3.588618934154510498e-01
8.976166248321533203e-01,4.481942653656005859e-01,-4.381683766841888428e-01,3.581369817256927490e-01
8.969687819480895996e-01,4.513611495494842529e-01,-4.391478896141052246e-01,3.574121296405792236e-01
8.963214159011840820e-01,4.545049965381622314e-01,-4.401187896728515625e-01,3.566881716251373291e-01
8.956767320632934570e-01,4.576250016689300537e-01,-4.410825371742248535e-01,3.559662401676177979e-01
8.950313329696655273e-01,4.607216417789459229e-01,-4.420382976531982422e-01,3.552441298961639404e-01
8.943880200386047363e-01,4.637937843799591064e-01,-4.429852962493896484e-01,3.545245528221130371e-01
8.937455415725708008e-01,4.668436944484710693e-01,-4.439258873462677002e-01,3.538057804107666016e-01
8.931041955947875977e-01,4.698702692985534668e-01,-4.448581039905548096e-01,3.530886173248291016e-01
8.924643993377685547e-01,4.728731513023376465e-01,-4.457821249961853027e-01,3.523739278316497803e-01
8.918248414993286133e-01,4.758548736572265625e-01,-4.466997981071472168e-01,3.516605198383331299e-01
8.911863565444946289e-01,4.788135588169097900e-01,-4.476091265678405762e-01,3.509491682052612305e-01
8.905487656593322754e-01,4.817492067813873291e-01,-4.485106468200683594e-01,3.502394258975982666e-01
8.899128437042236328e-01,4.846637547016143799e-01,-4.494054317474365234e-01,3.495321869850158691e-01
8.892766237258911133e-01,4.875554740428924561e-01,-4.502927064895629883e-01,3.488266766071319580e-01
8.886424303054809570e-01,4.904256165027618408e-01,-4.511722326278686523e-01,3.481242656707763672e-01
8.880093693733215332e-01,4.932757914066314697e-01,-4.520458877086639404e-01,3.474247455596923828e-01
8.873760104179382324e-01,4.961024522781372070e-01,-4.529103636741638184e-01,3.467262387275695801e-01
8.867440819740295410e-01,4.989095628261566162e-01,-4.537692070007324219e-01,3.460313677787780762e-01
8.861130475997924805e-01,5.016949176788330078e-01,-4.546201825141906738e-01,3.453390002250671387e-01
8.854826688766479492e-01,5.044593811035156250e-01,-4.554645419120788574e-01,3.446494042873382568e-01
8.848537206649780273e-01,5.072032213211059570e-01,-4.563022255897521973e-01,3.439633250236511230e-01
8.842248320579528809e-01,5.099269151687622070e-01,-4.571330547332763672e-01,3.432798981666564941e-01
8.835972547531127930e-01,5.126303434371948242e-01,-4.579560756683349609e-01,3.425990343093872070e-01
8.829698562622070312e-01,5.153135061264038086e-01,-4.587733745574951172e-01,3.419222533702850342e-01
8.823438286781311035e-01,5.179761648178100586e-01,-4.595836997032165527e-01,3.412488102912902832e-01
8.817176222801208496e-01,5.206195116043090820e-01,-4.603867232799530029e-01,3.405774831771850586e-01
8.810925483703613281e-01,5.232429504394531250e-01,-4.611838757991790771e-01,3.399100005626678467e-01
8.804684877395629883e-01,5.258469581604003906e-01,-4.619736075401306152e-01,3.392461538314819336e-01
8.798444867134094238e-01,5.284314155578613281e-01,-4.627570509910583496e-01,3.385858237743377686e-01
8.792211413383483887e-01,5.309967994689941406e-01,-4.635342359542846680e-01,3.379286229610443115e-01
8.785988688468933105e-01,5.335432291030883789e-01,-4.643048644065856934e-01,3.372757136821746826e-01
8.779769539833068848e-01,5.360708832740783691e-01,-4.650694727897644043e-01,3.366262912750244141e-01
8.773555755615234375e-01,5.385801792144775391e-01,-4.658279418945312500e-01,3.359803855419158936e-01
8.767347335815429688e-01,5.410712957382202148e-01,-4.665788114070892334e-01,3.353382945060729980e-01
8.761147260665893555e-01,5.435428023338317871e-01,-4.673243761062622070e-01,3.347002267837524414e-01
8.754953145980834961e-01,5.459975004196166992e-01,-4.680644869804382324e-01,3.340668976306915283e-01
8.748756647109985352e-01,5.484330654144287109e-01,-4.687970280647277832e-01,3.334363400936126709e-01
8.742575049400329590e-01,5.508509874343872070e-01,-4.695236384868621826e-01,3.328104019165039062e-01
8.736388683319091797e-01,5.532512664794921875e-01,-4.702447354793548584e-01,3.321884274482727051e-01
8.730216622352600098e-01,5.556337237358093262e-01,-4.709597826004028320e-01,3.315706849098205566e-01
8.724043369293212891e-01,5.579990148544311523e-01,-4.716691374778747559e-01,3.309569954872131348e-01
8.717882037162780762e-01,5.603461265563964844e-01,-4.723719954490661621e-01,3.303476870059967041e-01
8.711715936660766602e-01,5.626777410507202148e-01,-4.730697870254516602e-01,3.297427296638488770e-01
8.705548048019409180e-01,5.649904012680053711e-01,-4.737600684165954590e-01,3.291406631469726562e-01
8.699399828910827637e-01,5.672862529754638672e-01,-4.744457304477691650e-01,3.285442888736724854e-01
8.693250417709350586e-01,5.695660114288330078e-01,-4.751261174678802490e-01,3.279526233673095703e-01
8.687101602554321289e-01,5.718293190002441406e-01,-4.757999181747436523e-01,3.273640573024749756e-01
8.680950999259948730e-01,5.740754604339599609e-01,-4.764677286148071289e-01,3.267802596092224121e-01
8.674808740615844727e-01,5.763056278228759766e-01,-4.771308004856109619e-01,3.262008130550384521e-01
8.668683767318725586e-01,5.785195827484130859e-01,-4.777883291244506836e-01,3.256273865699768066e-01
8.662542700767517090e-01,5.807169675827026367e-01,-4.784395098686218262e-01,3.250563740730285645e-01
8.656415343284606934e-01,5.828995704650878906e-01,-4.790866971015930176e-01,3.244913816452026367e-01
8.650284409523010254e-01,5.850645303726196289e-01,-4.797270596027374268e-01,3.239300847053527832e-01
8.644161224365234375e-01,5.872156023979187012e-01,-4.803627431392669678e-01,3.233739435672760010e-01
8.638037443161010742e-01,5.893493890762329102e-01,-4.809923470020294189e-01,3.228220939636230469e-01
8.631908893585205078e-01,5.914685726165771484e-01,-4.816164970397949219e-01,3.222740292549133301e-01
8.625793457031250000e-01,5.935722589492797852e-01,-4.822357892990112305e-01,3.217315077781677246e-01
8.619686961174011230e-01,5.956605672836303711e-01,-4.828501939773559570e-01,3.211942315101623535e-01
8.613569736480712891e-01,5.977342128753662109e-01,-4.834591448307037354e-01,3.206609785556793213e-01
8.607453107833862305e-01,5.997920036315917969e-01,-4.840629398822784424e-01,3.201322257518768311e-01
8.601347208023071289e-01,6.018363833427429199e-01,-4.846611618995666504e-01,3.196080625057220459e-01
8.595243692398071289e-01,6.038652658462524414e-01,-4.852554798126220703e-01,3.190894424915313721e-01
8.589140176773071289e-01,6.058790087699890137e-01,-4.858430624008178711e-01,3.185748755931854248e-01
8.583030104637145996e-01,6.078785657882690430e-01,-4.864264726638793945e-01,3.180650472640991211e-01
8.576925992965698242e-01,6.098638772964477539e-01,-4.870048165321350098e-01,3.175597786903381348e-01
8.570830821990966797e-01,6.118351221084594727e-01,-4.875785410404205322e-01,3.170602023601531982e-01
8.564737439155578613e-01,6.137919425964355469e-01,-4.881480932235717773e-01,3.165655136108398438e-01
8.558647632598876953e-01,6.157348155975341797e-01,-4.887111186981201172e-01,3.160755038261413574e-01
8.552539348602294922e-01,6.176631450653076172e-01,-4.892701506614685059e-01,3.155892193317413330e-01
8.546447753906250000e-01,6.195781230926513672e-01,-4.898241758346557617e-01,3.151081204414367676e-01
8.540351390838623047e-01,6.214795112609863281e-01,-4.903731644153594971e-01,3.146320879459381104e-01
8.534260392189025879e-01,6.233675479888916016e-01,-4.909180402755737305e-01,3.141610026359558105e-01
8.528175354003906250e-01,6.252411603927612305e-01,-4.914577603340148926e-01,3.136954307556152344e-01
8.522078394889831543e-01,6.271016597747802734e-01,-4.919927716255187988e-01,3.132328987121582031e-01
8.515991568565368652e-01,6.289495825767517090e-01,-4.925233721733093262e-01,3.127768039703369141e-01
8.509888648986816406e-01,6.307834982872009277e-01,-4.930487871170043945e-01,3.123238980770111084e-01
8.503808975219726562e-01,6.326045393943786621e-01,-4.935708343982696533e-01,3.118774592876434326e-01
8.497711420059204102e-01,6.344124078750610352e-01,-4.940872490406036377e-01,3.114348053932189941e-01
8.491625785827636719e-01,6.362084746360778809e-01,-4.945999979972839355e-01,3.109971880912780762e-01
8.485535979270935059e-01,6.379905939102172852e-01,-4.951073825359344482e-01,3.105646967887878418e-01
8.479453325271606445e-01,6.397608518600463867e-01,-4.956118762493133545e-01,3.101376295089721680e-01
8.473361730575561523e-01,6.415191888809204102e-01,-4.961108565330505371e-01,3.097139894962310791e-01
8.467276692390441895e-01,6.432635784149169922e-01,-4.966055154800415039e-01,3.092959523200988770e-01
8.461179733276367188e-01,6.449960470199584961e-01,-4.970953464508056641e-01,3.088817000389099121e-01
8.455093502998352051e-01,6.467164158821105957e-01,-4.975818991661071777e-01,3.084737062454223633e-01
8.449010252952575684e-01,6.484243869781494141e-01,-4.980636835098266602e-01,3.080699741840362549e-01
8.442924022674560547e-01,6.501199007034301758e-01,-4.985411167144775391e-01,3.076709806919097900e-01
8.436832427978515625e-01,6.518040895462036133e-01,-4.990145564079284668e-01,3.072767853736877441e-01
8.430745005607604980e-01,6.534762382507324219e-01,-4.994838237762451172e-01,3.068871796131134033e-01
8.424659371376037598e-01,6.551359891891479492e-01,-4.999489784240722656e-01,3.065031170845031738e-01
8.418565988540649414e-01,6.567842960357666016e-01,-5.004097223281860352e-01,3.061228394508361816e-01
8.412478566169738770e-01,6.584212779998779297e-01,-5.008664727210998535e-01,3.057478666305541992e-01
8.406383395195007324e-01,6.600464582443237305e-01,-5.013191699981689453e-01,3.053772151470184326e-01
8.400291800498962402e-01,6.616604328155517578e-01,-5.017677545547485352e-01,3.050111532211303711e-01
8.394192457199096680e-01,6.632625460624694824e-01,-5.022128224372863770e-01,3.046505153179168701e-01
8.388097286224365234e-01,6.648547649383544922e-01,-5.026534199714660645e-01,3.042938113212585449e-01
8.382003307342529297e-01,6.664340496063232422e-01,-5.030905008316040039e-01,3.039421141147613525e-01
8.375910520553588867e-01,6.680030822753906250e-01,-5.035231113433837891e-01,3.035956919193267822e-01
8.369819521903991699e-01,6.695607900619506836e-01,-5.039524435997009277e-01,3.032536208629608154e-01
8.363713026046752930e-01,6.711070537567138672e-01,-5.043768286705017090e-01,3.029151856899261475e-01
8.357622623443603516e-01,6.726428270339965820e-01,-5.047988891601562500e-01,3.025836348533630371e-01
8.351514339447021484e-01,6.741683483123779297e-01,-5.052160620689392090e-01,3.022548556327819824e-01
8.345415592193603516e-01,6.756834387779235840e-01,-5.056302547454833984e-01,3.019315302371978760e-01
8.339310884475708008e-01,6.771860122680664062e-01,-5.060395002365112305e-01,3.016126453876495361e-01
8.333209753036499023e-01,6.786790490150451660e-01,-5.064460635185241699e-01,3.012982606887817383e-01
8.327102661132812500e-01,6.801624298095703125e-01,-5.068490505218505859e-01,3.009886145591735840e-01
8.320993185043334961e-01,6.816352605819702148e-01,-5.072475671768188477e-01,3.006832897663116455e-01
8.314884901046752930e-01,6.830970048904418945e-01,-5.076429247856140137e-01,3.003821969032287598e-01
8.308771848678588867e-01,6.845488548278808594e-01,-5.080342292785644531e-01,3.000858426094055176e-01
8.302664160728454590e-01,6.859909892082214355e-01,-5.084228515625000000e-01,2.997944653034210205e-01
8.296555876731872559e-01,6.874238252639770508e-01,-5.088071227073669434e-01,2.995072603225708008e-01
8.290443420410156250e-01,6.888465881347656250e-01,-5.091891884803771973e-01,2.992248535156250000e-01
8.284333944320678711e-01,6.902584433555603027e-01,-5.095665454864501953e-01,2.989463210105895996e-01
8.278217315673828125e-01,6.916614174842834473e-01,-5.099405050277709961e-01,2.986723482608795166e-01
8.272093534469604492e-01,6.930536031723022461e-01,-5.103109478950500488e-01,2.984027564525604248e-01
8.265969157218933105e-01,6.944360136985778809e-01,-5.106776356697082520e-01,2.981367707252502441e-01
8.259856700897216797e-01,6.958092451095581055e-01,-5.110414028167724609e-01,2.978767156600952148e-01
8.253717422485351562e-01,6.971743106842041016e-01,-5.114020109176635742e-01,2.976194620132446289e-01
8.247601985931396484e-01,6.985287666320800781e-01,-5.117587447166442871e-01,2.973673939704895020e-01
8.241467475891113281e-01,6.998741626739501953e-01,-5.121126174926757812e-01,2.971195280551910400e-01
8.235354423522949219e-01,7.012094259262084961e-01,-5.124634504318237305e-01,2.968769967555999756e-01
8.229205012321472168e-01,7.025361061096191406e-01,-5.128104686737060547e-01,2.966365814208984375e-01
8.223079442977905273e-01,7.038536071777343750e-01,-5.131541490554809570e-01,2.964025139808654785e-01
8.216944336891174316e-01,7.051615715026855469e-01,-5.134946703910827637e-01,2.961717247962951660e-01
8.210796117782592773e-01,7.064610719680786133e-01,-5.138317942619323730e-01,2.959442138671875000e-01
8.204662799835205078e-01,7.077518701553344727e-01,-5.141661763191223145e-01,2.957221865653991699e-01
8.198526501655578613e-01,7.090340852737426758e-01,-5.144979357719421387e-01,2.955052554607391357e-01
8.192389607429504395e-01,7.103059887886047363e-01,-5.148258209228515625e-01,2.952915430068969727e-01
8.186246156692504883e-01,7.115702033042907715e-01,-5.151507258415222168e-01,2.950817942619323730e-01
8.180090188980102539e-01,7.128258347511291504e-01,-5.154723525047302246e-01,2.948752045631408691e-01
8.173945546150207520e-01,7.140721082687377930e-01,-5.157909989356994629e-01,2.946738004684448242e-01
8.167797327041625977e-01,7.153100967407226562e-01,-5.161066651344299316e-01,2.944768369197845459e-01
8.161634206771850586e-01,7.165402770042419434e-01,-5.164194107055664062e-01,2.942826151847839355e-01
8.155477046966552734e-01,7.177613973617553711e-01,-5.167287588119506836e-01,2.940931916236877441e-01
8.149322271347045898e-01,7.189737558364868164e-01,-5.170353651046752930e-01,2.939080297946929932e-01
8.143156170845031738e-01,7.201782464981079102e-01,-5.173386335372924805e-01,2.937260866165161133e-01
8.137000799179077148e-01,7.213742733001708984e-01,-5.176397562026977539e-01,2.935491800308227539e-01
8.130831122398376465e-01,7.225621938705444336e-01,-5.179370641708374023e-01,2.933751046657562256e-01
8.124657869338989258e-01,7.237423658370971680e-01,-5.182318687438964844e-01,2.932047843933105469e-01
8.118488788604736328e-01,7.249149084091186523e-01,-5.185240507125854492e-01,2.930395305156707764e-01
8.112316727638244629e-01,7.260795831680297852e-01,-5.188133120536804199e-01,2.928775548934936523e-01
8.106148838996887207e-01,7.272348999977111816e-01,-5.190995335578918457e-01,2.927195131778717041e-01
8.099971413612365723e-01,7.283833026885986328e-01,-5.193834304809570312e-01,2.925648093223571777e-01
8.093788623809814453e-01,7.295242547988891602e-01,-5.196636915206909180e-01,2.924140095710754395e-01
8.087614178657531738e-01,7.306573390960693359e-01,-5.199418663978576660e-01,2.922678887844085693e-01
8.081432580947875977e-01,7.317824363708496094e-01,-5.202168226242065430e-01,2.921248078346252441e-01
8.075249195098876953e-01,7.329007387161254883e-01,-5.204905867576599121e-01,2.919859290122985840e-01
8.069055676460266113e-01,7.340110540390014648e-01,-5.207594633102416992e-01,2.918494641780853271e-01
8.062863349914550781e-01,7.351133823394775391e-01,-5.210268497467041016e-01,2.917172312736511230e-01
8.056669235229492188e-01,7.362075448036193848e-01,-5.212908983230590820e-01,2.915889024734497070e-01
8.050473928451538086e-01,7.372964620590209961e-01,-5.215532779693603516e-01,2.914644777774810791e-01
8.044284582138061523e-01,7.383767366409301758e-01,-5.218124985694885254e-01,2.913438081741333008e-01
8.038074374198913574e-01,7.394492030143737793e-01,-5.220682024955749512e-01,2.912249565124511719e-01
8.031876683235168457e-01,7.405161261558532715e-01,-5.223228335380554199e-01,2.911120057106018066e-01
8.025671839714050293e-01,7.415746450424194336e-01,-5.225743055343627930e-01,2.910014390945434570e-01
8.019459843635559082e-01,7.426263093948364258e-01,-5.228230953216552734e-01,2.908939719200134277e-01
8.013255000114440918e-01,7.436710596084594727e-01,-5.230693817138671875e-01,2.907905578613281250e-01
8.007037639617919922e-01,7.447084188461303711e-01,-5.233128666877746582e-01,2.906901836395263672e-01
8.000828027725219727e-01,7.457395792007446289e-01,-5.235546827316284180e-01,2.905942797660827637e-01
7.994606494903564453e-01,7.467633485794067383e-01,-5.237933397293090820e-01,2.905004620552062988e-01
7.988398075103759766e-01,7.477806806564331055e-01,-5.240303277969360352e-01,2.904120981693267822e-01
7.982166409492492676e-01,7.487909793853759766e-01,-5.242635607719421387e-01,2.903242111206054688e-01
7.975944876670837402e-01,7.497943043708801270e-01,-5.244954824447631836e-01,2.902410030364990234e-01
7.969716787338256836e-01,7.507913112640380859e-01,-5.247242450714111328e-01,2.901614606380462646e-01
7.963491678237915039e-01,7.517817020416259766e-01,-5.249516963958740234e-01,2.900852859020233154e-01
7.957260012626647949e-01,7.527654170989990234e-01,-5.251764059066772461e-01,2.900117933750152588e-01
7.951025962829589844e-01,7.537422776222229004e-01,-5.253983139991760254e-01,2.899415493011474609e-01
7.944790124893188477e-01,7.547135353088378906e-01,-5.256182551383972168e-01,2.898749709129333496e-01
7.938544750213623047e-01,7.556763887405395508e-01,-5.258346199989318848e-01,2.898107767105102539e-01
7.932300567626953125e-01,7.566358447074890137e-01,-5.260505080223083496e-01,2.897503077983856201e-01
7.926067113876342773e-01,7.575871348381042480e-01,-5.262638330459594727e-01,2.896934449672698975e-01
7.919826507568359375e-01,7.585313916206359863e-01,-5.264743566513061523e-01,2.896396517753601074e-01
7.913572788238525391e-01,7.594715356826782227e-01,-5.266823768615722656e-01,2.895881235599517822e-01
7.907328009605407715e-01,7.604047060012817383e-01,-5.268894433975219727e-01,2.895407378673553467e-01
7.901061773300170898e-01,7.613309621810913086e-01,-5.270923376083374023e-01,2.894948422908782959e-01
7.894813418388366699e-01,7.622519731521606445e-01,-5.272948741912841797e-01,2.894535362720489502e-01
7.888557314872741699e-01,7.631663084030151367e-01,-5.274941325187683105e-01,2.894146740436553955e-01
7.882300615310668945e-01,7.640755176544189453e-01,-5.276920199394226074e-01,2.893789410591125488e-01
7.876040339469909668e-01,7.649788260459899902e-01,-5.278875231742858887e-01,2.893462181091308594e-01
7.869759202003479004e-01,7.658753395080566406e-01,-5.280804634094238281e-01,2.893148958683013916e-01
7.863489985466003418e-01,7.667664289474487305e-01,-5.282712578773498535e-01,2.892872691154479980e-01
7.857226133346557617e-01,7.676513195037841797e-01,-5.284605026245117188e-01,2.892633676528930664e-01
7.850960493087768555e-01,7.685307264328002930e-01,-5.286474823951721191e-01,2.892426550388336182e-01
7.844682931900024414e-01,7.694044113159179688e-01,-5.288322567939758301e-01,2.892235815525054932e-01
7.838408946990966797e-01,7.702736854553222656e-01,-5.290157198905944824e-01,2.892078459262847900e-01
7.832120060920715332e-01,7.711354494094848633e-01,-5.291955471038818359e-01,2.891938388347625732e-01
7.825844883918762207e-01,7.719923257827758789e-01,-5.293747782707214355e-01,2.891843616962432861e-01
7.819564342498779297e-01,7.728438377380371094e-01,-5.295518040657043457e-01,2.891772091388702393e-01
7.813277840614318848e-01,7.736900448799133301e-01,-5.297265648841857910e-01,2.891724109649658203e-01
7.806993722915649414e-01,7.745305895805358887e-01,-5.298994183540344238e-01,2.891706228256225586e-01
7.800695300102233887e-01,7.753654718399047852e-01,-5.300701260566711426e-01,2.891707420349121094e-01
7.794412970542907715e-01,7.761950492858886719e-01,-5.302397012710571289e-01,2.891742885112762451e-01
7.788112759590148926e-01,7.770199775695800781e-01,-5.304066538810729980e-01,2.891796827316284180e-01
7.781821489334106445e-01,7.778390645980834961e-01,-5.305719971656799316e-01,2.891886234283447266e-01
7.775518894195556641e-01,7.786535024642944336e-01,-5.307354927062988281e-01,2.891994714736938477e-01
7.769220471382141113e-01,7.794612050056457520e-01,-5.308963060379028320e-01,2.892130613327026367e-01
7.762907147407531738e-01,7.802647352218627930e-01,-5.310555696487426758e-01,2.892283201217651367e-01
7.756611108779907227e-01,7.810640931129455566e-01,-5.312146544456481934e-01,2.892473936080932617e-01
7.750301957130432129e-01,7.818573117256164551e-01,-5.313698649406433105e-01,2.892681360244750977e-01
7.743995189666748047e-01,7.826455831527709961e-01,-5.315245389938354492e-01,2.892920076847076416e-01
7.737677097320556641e-01,7.834289073944091797e-01,-5.316765904426574707e-01,2.893179357051849365e-01
7.731369733810424805e-01,7.842073440551757812e-01,-5.318277478218078613e-01,2.893471717834472656e-01
7.725048661231994629e-01,7.849810719490051270e-01,-5.319756865501403809e-01,2.893778681755065918e-01
7.718731164932250977e-01,7.857496738433837891e-01,-5.321230292320251465e-01,2.894114255905151367e-01
7.712411880493164062e-01,7.865128517150878906e-01,-5.322685241699218750e-01,2.894470691680908203e-01
7.706087827682495117e-01,7.872723340988159180e-01,-5.324121713638305664e-01,2.894850969314575195e-01
7.699759006500244141e-01,7.880256175994873047e-01,-5.325533747673034668e-01,2.895252406597137451e-01
7.693426609039306641e-01,7.887750864028930664e-01,-5.326935648918151855e-01,2.895677983760833740e-01
7.687110900878906250e-01,7.895190715789794922e-01,-5.328322649002075195e-01,2.896138429641723633e-01
7.680779099464416504e-01,7.902607917785644531e-01,-5.329694747924804688e-01,2.896606624126434326e-01
7.674444913864135742e-01,7.909965515136718750e-01,-5.331046581268310547e-01,2.897101044654846191e-01
7.668107151985168457e-01,7.917265892028808594e-01,-5.332375168800354004e-01,2.897618412971496582e-01
7.661780714988708496e-01,7.924528717994689941e-01,-5.333700776100158691e-01,2.898167967796325684e-01
7.655434608459472656e-01,7.931751608848571777e-01,-5.335003137588500977e-01,2.898721992969512939e-01
7.649089097976684570e-01,7.938928604125976562e-01,-5.336288809776306152e-01,2.899305224418640137e-01
7.642751932144165039e-01,7.946048974990844727e-01,-5.337554216384887695e-01,2.899911403656005859e-01
7.636410593986511230e-01,7.953138351440429688e-01,-5.338812470436096191e-01,2.900539338588714600e-01
7.630060911178588867e-01,7.960175871849060059e-01,-5.340048670768737793e-01,2.901186943054199219e-01
7.623705863952636719e-01,7.967172861099243164e-01,-5.341271162033081055e-01,2.901849746704101562e-01
7.617362141609191895e-01,7.974132299423217773e-01,-5.342484116554260254e-01,2.902537584304809570e-01
7.611010670661926270e-01,7.981044650077819824e-01,-5.343677997589111328e-01,2.903252243995666504e-01
7.604649066925048828e-01,7.987914085388183594e-01,-5.344849824905395508e-01,2.903974354267120361e-01
7.598302364349365234e-01,7.994735240936279297e-01,-5.346012115478515625e-01,2.904730737209320068e-01
7.591941356658935547e-01,8.001523017883300781e-01,-5.347165465354919434e-01,2.905496656894683838e-01
7.585583925247192383e-01,8.008267879486083984e-01,-5.348297357559204102e-01,2.906288802623748779e-01
7.579216957092285156e-01,8.014966249465942383e-01,-5.349412560462951660e-01,2.907090783119201660e-01
7.572849988937377930e-01,8.021637797355651855e-01,-5.350514650344848633e-01,2.907911539077758789e-01
7.566484212875366211e-01,8.028266429901123047e-01,-5.351607203483581543e-01,2.908760607242584229e-01
7.560123205184936523e-01,8.034839630126953125e-01,-5.352682471275329590e-01,2.909632921218872070e-01
7.553758621215820312e-01,8.041378259658813477e-01,-5.353738665580749512e-01,2.910513877868652344e-01
7.547383308410644531e-01,8.047885894775390625e-01,-5.354782938957214355e-01,2.911411523818969727e-01
7.541002035140991211e-01,8.054349422454833984e-01,-5.355817675590515137e-01,2.912325263023376465e-01
7.534636855125427246e-01,8.060781955718994141e-01,-5.356845259666442871e-01,2.913278043270111084e-01
7.528260946273803711e-01,8.067164421081542969e-01,-5.357842445373535156e-01,2.914233803749084473e-01
7.521883845329284668e-01,8.073512315750122070e-01,-5.358839631080627441e-01,2.915212512016296387e-01
7.515502572059631348e-01,8.079821467399597168e-01,-5.359812974929809570e-01,2.916202843189239502e-01
7.509126067161560059e-01,8.086093068122863770e-01,-5.360777378082275391e-01,2.917214930057525635e-01
7.502740621566772461e-01,8.092331886291503906e-01,-5.361726284027099609e-01,2.918241620063781738e-01
7.496364712715148926e-01,8.098523616790771484e-01,-5.362662672996520996e-01,2.919291257858276367e-01
7.489965558052062988e-01,8.104683160781860352e-01,-5.363584160804748535e-01,2.920340597629547119e-01
7.483577132225036621e-01,8.110810518264770508e-01,-5.364500880241394043e-01,2.921426594257354736e-01
7.477196455001831055e-01,8.116905093193054199e-01,-5.365397930145263672e-01,2.922525703907012939e-01
7.470796704292297363e-01,8.122955560684204102e-01,-5.366283655166625977e-01,2.923631072044372559e-01
7.464411854743957520e-01,8.128980398178100586e-01,-5.367162227630615234e-01,2.924765348434448242e-01
7.458015680313110352e-01,8.134955167770385742e-01,-5.368015766143798828e-01,2.925906479358673096e-01
7.451626062393188477e-01,8.140904903411865234e-01,-5.368871092796325684e-01,2.927074134349822998e-01
7.445227503776550293e-01,8.146822452545166016e-01,-5.369708538055419922e-01,2.928247451782226562e-01
7.438833713531494141e-01,8.152688741683959961e-01,-5.370526313781738281e-01,2.929440438747406006e-01
7.432433962821960449e-01,8.158541917800903320e-01,-5.371341705322265625e-01,2.930648922920227051e-01
7.426030039787292480e-01,8.164347410202026367e-01,-5.372141003608703613e-01,2.931867539882659912e-01
7.419621944427490234e-01,8.170123100280761719e-01,-5.372925996780395508e-01,2.933100759983062744e-01
7.413225173950195312e-01,8.175876140594482422e-01,-5.373706817626953125e-01,2.934362888336181641e-01
7.406811118125915527e-01,8.181570768356323242e-01,-5.374464988708496094e-01,2.935621738433837891e-01
7.400414347648620605e-01,8.187252879142761230e-01,-5.375215411186218262e-01,2.936912775039672852e-01
7.394002676010131836e-01,8.192899227142333984e-01,-5.375962257385253906e-01,2.938208878040313721e-01
7.387593984603881836e-01,8.198511600494384766e-01,-5.376691818237304688e-01,2.939522564411163330e-01
7.381171584129333496e-01,8.204085826873779297e-01,-5.377400517463684082e-01,2.940836548805236816e-01
7.374763488769531250e-01,8.209633827209472656e-01,-5.378111600875854492e-01,2.942179441452026367e-01
7.368350625038146973e-01,8.215151429176330566e-01,-5.378811359405517578e-01,2.943533957004547119e-01
7.361945509910583496e-01,8.220640420913696289e-01,-5.379495620727539062e-01,2.944907248020172119e-01
7.355529069900512695e-01,8.226091265678405762e-01,-5.380172729492187500e-01,2.946294844150543213e-01
7.349107265472412109e-01,8.231512904167175293e-01,-5.380831956863403320e-01,2.947679162025451660e-01
7.342682480812072754e-01,8.236895799636840820e-01,-5.381483435630798340e-01,2.949087023735046387e-01
7.336267232894897461e-01,8.242269754409790039e-01,-5.382131934165954590e-01,2.950512170791625977e-01
7.329837679862976074e-01,8.247588872909545898e-01,-5.382754802703857422e-01,2.951937913894653320e-01
7.323426008224487305e-01,8.252896070480346680e-01,-5.383380651473999023e-01,2.953393459320068359e-01
7.316996455192565918e-01,8.258163332939147949e-01,-5.383987426757812500e-01,2.954848110675811768e-01
7.310564517974853516e-01,8.263410329818725586e-01,-5.384585857391357422e-01,2.956315279006958008e-01
7.304152250289916992e-01,8.268626928329467773e-01,-5.385179519653320312e-01,2.957811057567596436e-01
7.297727465629577637e-01,8.273812532424926758e-01,-5.385760664939880371e-01,2.959309816360473633e-01
7.291288375854492188e-01,8.278963565826416016e-01,-5.386317968368530273e-01,2.960807085037231445e-01
7.284861803054809570e-01,8.284087181091308594e-01,-5.386878252029418945e-01,2.962330579757690430e-01
7.278433442115783691e-01,8.289193511009216309e-01,-5.387436747550964355e-01,2.963871955871582031e-01
7.272005081176757812e-01,8.294265270233154297e-01,-5.387974977493286133e-01,2.965418696403503418e-01
7.265571951866149902e-01,8.299313783645629883e-01,-5.388507246971130371e-01,2.966976165771484375e-01
7.259134054183959961e-01,8.304324150085449219e-01,-5.389028191566467285e-01,2.968536019325256348e-01
7.252699136734008789e-01,8.309317827224731445e-01,-5.389540195465087891e-01,2.970119416713714600e-01
7.246260046958923340e-01,8.314277529716491699e-01,-5.390039682388305664e-01,2.971702814102172852e-01
7.239824533462524414e-01,8.319209814071655273e-01,-5.390529036521911621e-01,2.973307073116302490e-01
7.233398556709289551e-01,8.324120044708251953e-01,-5.391019582748413086e-01,2.974928319454193115e-01
7.226945757865905762e-01,8.328995108604431152e-01,-5.391480922698974609e-01,2.976538538932800293e-01
7.220509052276611328e-01,8.333854079246520996e-01,-5.391948819160461426e-01,2.978180348873138428e-01
7.214072942733764648e-01,8.338685035705566406e-01,-5.392407774925231934e-01,2.979827523231506348e-01
7.207623720169067383e-01,8.343486785888671875e-01,-5.392848253250122070e-01,2.981472313404083252e-01
7.201185226440429688e-01,8.348270058631896973e-01,-5.393294095993041992e-01,2.983142733573913574e-01
7.194746732711791992e-01,8.353028297424316406e-01,-5.393725633621215820e-01,2.984820604324340820e-01
7.188298106193542480e-01,8.357751369476318359e-01,-5.394147038459777832e-01,2.986506223678588867e-01
7.181857824325561523e-01,8.362454175949096680e-01,-5.394554138183593750e-01,2.988205552101135254e-01
7.175408601760864258e-01,8.367129564285278320e-01,-5.394961833953857422e-01,2.989906072616577148e-01
7.168954610824584961e-01,8.371775746345520020e-01,-5.395352840423583984e-01,2.991618216037750244e-01
7.162516713142395020e-01,8.376413583755493164e-01,-5.395735502243041992e-01,2.993344366550445557e-01
7.156065702438354492e-01,8.381021022796630859e-01,-5.396115779876708984e-01,2.995078563690185547e-01
7.149623632431030273e-01,8.385593891143798828e-01,-5.396490097045898438e-01,2.996829152107238770e-01
7.143164873123168945e-01,8.390151262283325195e-01,-5.396850109100341797e-01,2.998571395874023438e-01
7.136711478233337402e-01,8.394687175750732422e-01,-5.397198796272277832e-01,3.000331521034240723e-01
7.130263447761535645e-01,8.399198055267333984e-01,-5.397552251815795898e-01,3.002107441425323486e-01
7.123799324035644531e-01,8.403681516647338867e-01,-5.397882461547851562e-01,3.003878593444824219e-01
7.117353677749633789e-01,8.408151865005493164e-01,-5.398217439651489258e-01,3.005669116973876953e-01
7.110900282859802246e-01,8.412590026855468750e-01,-5.398542881011962891e-01,3.007473051548004150e-01
7.104445099830627441e-01,8.417006134986877441e-01,-5.398852825164794922e-01,3.009274601936340332e-01
7.097995877265930176e-01,8.421403169631958008e-01,-5.399163961410522461e-01,3.011091351509094238e-01
7.091535329818725586e-01,8.425773978233337402e-01,-5.399454832077026367e-01,3.012907207012176514e-01
7.085084915161132812e-01,8.430128693580627441e-01,-5.399754047393798828e-01,3.014744520187377930e-01
7.078626155853271484e-01,8.434455990791320801e-01,-5.400032997131347656e-01,3.016580343246459961e-01
7.072163820266723633e-01,8.438763618469238281e-01,-5.400314331054687500e-01,3.018423318862915039e-01
7.065701484680175781e-01,8.443051576614379883e-01,-5.400578975677490234e-01,3.020274937152862549e-01
7.059244513511657715e-01,8.447322845458984375e-01,-5.400842428207397461e-01,3.022136092185974121e-01
7.052783966064453125e-01,8.451554775238037109e-01,-5.401098728179931641e-01,3.024011254310607910e-01
7.046328186988830566e-01,8.455782532691955566e-01,-5.401346683502197266e-01,3.025887310504913330e-01
7.039870619773864746e-01,8.459988832473754883e-01,-5.401591062545776367e-01,3.027767539024353027e-01
7.033415436744689941e-01,8.464164733886718750e-01,-5.401824116706848145e-01,3.029668927192687988e-01
7.026946544647216797e-01,8.468328714370727539e-01,-5.402051806449890137e-01,3.031560480594635010e-01
7.020491361618041992e-01,8.472477197647094727e-01,-5.402274131774902344e-01,3.033472895622253418e-01
7.014019489288330078e-01,8.476599454879760742e-01,-5.402486920356750488e-01,3.035377860069274902e-01
7.007563710212707520e-01,8.480696082115173340e-01,-5.402694344520568848e-01,3.037306666374206543e-01
7.001094818115234375e-01,8.484781980514526367e-01,-5.402895212173461914e-01,3.039222657680511475e-01
6.994631290435791016e-01,8.488841056823730469e-01,-5.403088927268981934e-01,3.041157126426696777e-01
6.988164782524108887e-01,8.492881059646606445e-01,-5.403271913528442383e-01,3.043094277381896973e-01
6.981717348098754883e-01,8.496907949447631836e-01,-5.403459072113037109e-01,3.045051693916320801e-01
6.975244879722595215e-01,8.500908613204956055e-01,-5.403632521629333496e-01,3.046999573707580566e-01
6.968780755996704102e-01,8.504902124404907227e-01,-5.403801202774047852e-01,3.048957884311676025e-01
6.962313055992126465e-01,8.508855104446411133e-01,-5.403957366943359375e-01,3.050917983055114746e-01
6.955848932266235352e-01,8.512809276580810547e-01,-5.404121875762939453e-01,3.052895069122314453e-01
6.949380636215209961e-01,8.516740798950195312e-01,-5.404267311096191406e-01,3.054867684841156006e-01
6.942917108535766602e-01,8.520652055740356445e-01,-5.404413342475891113e-01,3.056857585906982422e-01
6.936450600624084473e-01,8.524543046951293945e-01,-5.404554605484008789e-01,3.058847486972808838e-01
6.929985284805297852e-01,8.528414964675903320e-01,-5.404681563377380371e-01,3.060840070247650146e-01
6.923524737358093262e-01,8.532279729843139648e-01,-5.404814481735229492e-01,3.062850832939147949e-01
6.917047500610351562e-01,8.536105155944824219e-01,-5.404914617538452148e-01,3.064844012260437012e-01
6.910583972930908203e-01,8.539938926696777344e-01,-5.405042767524719238e-01,3.066864907741546631e-01
6.904119253158569336e-01,8.543746471405029297e-01,-5.405152440071105957e-01,3.068883419036865234e-01
6.897647380828857422e-01,8.547525405883789062e-01,-5.405259728431701660e-01,3.070902824401855469e-01
6.891187429428100586e-01,8.551296591758728027e-01,-5.405350327491760254e-01,3.072933256626129150e-01
6.884713768959045410e-01,8.555054068565368652e-01,-5.405445098876953125e-01,3.074965476989746094e-01
6.878246068954467773e-01,8.558788299560546875e-01,-5.405530333518981934e-01,3.077006936073303223e-01
6.871767044067382812e-01,8.562501668930053711e-01,-5.405609011650085449e-01,3.079039454460144043e-01
6.865305900573730469e-01,8.566212654113769531e-01,-5.405687689781188965e-01,3.081092238426208496e-01
6.858839988708496094e-01,8.569896221160888672e-01,-5.405758619308471680e-01,3.083148598670959473e-01
6.852361559867858887e-01,8.573562502861022949e-01,-5.405819416046142578e-01,3.085195422172546387e-01
6.845899820327758789e-01,8.577218055725097656e-01,-5.405884385108947754e-01,3.087261915206909180e-01
6.839441061019897461e-01,8.580860495567321777e-01,-5.405938625335693359e-01,3.089337646961212158e-01
6.832973957061767578e-01,8.584476709365844727e-01,-5.405987501144409180e-01,3.091410696506500244e-01
6.826493144035339355e-01,8.588078022003173828e-01,-5.406026244163513184e-01,3.093478679656982422e-01
6.820023059844970703e-01,8.591675758361816406e-01,-5.406072735786437988e-01,3.095562160015106201e-01
6.820023059844970703e-01,8.591675758361816406e-01,-5.406072735786437988e-01,3.095562160015106201e-01
6.820023059844970703e-01,8.591675758361816406e-01,-5.406072735786437988e-01,3.095562160015106201e-01
6.753376126289367676e-01,8.388388156890869141e-01,-5.310251116752624512e-01,3.164704442024230957e-01
6.673328280448913574e-01,8.215717077255249023e-01,-5.233020186424255371e-01,3.240542113780975342e-01
6.583744287490844727e-01,8.066368103027343750e-01,-5.170398354530334473e-01,3.320907652378082275e-01
6.487876772880554199e-01,7.934271693229675293e-01,-5.119026899337768555e-01,3.404032289981842041e-01
6.388336420059204102e-01,7.814521193504333496e-01,-5.076159834861755371e-01,3.488479554653167725e-01
6.286760568618774414e-01,7.704076766967773438e-01,-5.040105581283569336e-01,3.573414385318756104e-01
6.184698343276977539e-01,7.599991559982299805e-01,-5.009162425994873047e-01,3.657986223697662354e-01
6.083301901817321777e-01,7.500069141387939453e-01,-4.982021749019622803e-01,3.741589486598968506e-01
5.983714461326599121e-01,7.402013540267944336e-01,-4.957228302955627441e-01,3.823541998863220215e-01
5.886232852935791016e-01,7.305186986923217773e-01,-4.934369325637817383e-01,3.903693854808807373e-01
5.791331529617309570e-01,7.208562493324279785e-01,-4.912754297256469727e-01,3.981763720512390137e-01
5.698995590209960938e-01,7.112096548080444336e-01,-4.892336428165435791e-01,4.057788848876953125e-01
5.609194040298461914e-01,7.015777826309204102e-01,-4.873099923133850098e-01,4.131815433502197266e-01
5.521930456161499023e-01,6.919487118721008301e-01,-4.854941368103027344e-01,4.203865528106689453e-01
5.437091588973999023e-01,6.823382377624511719e-01,-4.837962388992309570e-01,4.274025261402130127e-01
5.354828238487243652e-01,6.726969480514526367e-01,-4.821788072586059570e-01,4.342193305492401123e-01
5.275180935859680176e-01,6.630101203918457031e-01,-4.806285500526428223e-01,4.408372938632965088e-01
5.198057889938354492e-01,6.532963514328002930e-01,-4.791546761989593506e-01,4.472636282444000244e-01
5.123375654220581055e-01,6.435564160346984863e-01,-4.777551889419555664e-01,4.535006880760192871e-01
5.051220655441284180e-01,6.337645649909973145e-01,-4.764073789119720459e-01,4.595461189746856689e-01
4.981560707092285156e-01,6.239103674888610840e-01,-4.751002192497253418e-01,4.654007852077484131e-01
4.914284646511077881e-01,6.140217185020446777e-01,-4.738477170467376709e-01,4.710726737976074219e-01
4.849345982074737549e-01,6.041004657745361328e-01,-4.726502895355224609e-01,4.765665531158447266e-01
4.786708652973175049e-01,5.941333770751953125e-01,-4.714937806129455566e-01,4.818830192089080811e-01
4.726347923278808594e-01,5.841094255447387695e-01,-4.703685641288757324e-01,4.870241284370422363e-01
4.668193459510803223e-01,5.740499496459960938e-01,-4.692840278148651123e-01,4.919960498809814453e-01
4.612184166908264160e-01,5.639595985412597656e-01,-4.682387709617614746e-01,4.968017935752868652e-01
4.558265805244445801e-01,5.538350939750671387e-01,-4.672302901744842529e-01,5.014461874961853027e-01
4.506376981735229492e-01,5.436700582504272461e-01,-4.662522375583648682e-01,5.059328675270080566e-01
4.456472396850585938e-01,5.334779024124145508e-01,-4.653085768222808838e-01,5.102647542953491211e-01
4.408511817455291748e-01,5.232633352279663086e-01,-4.643982648849487305e-01,5.144453644752502441e-01
4.362435936927795410e-01,5.130293369293212891e-01,-4.635204076766967773e-01,5.184782743453979492e-01
4.318184852600097656e-01,5.027723312377929688e-01,-4.626736938953399658e-01,5.223690867424011230e-01
4.275721311569213867e-01,4.924981594085693359e-01,-4.618570208549499512e-01,5.261194705963134766e-01
4.234987497329711914e-01,4.822098314762115479e-01,-4.610696434974670410e-01,5.297328233718872070e-01
4.195946455001831055e-01,4.719096720218658447e-01,-4.603111147880554199e-01,5.332134366035461426e-01
4.158543348312377930e-01,4.616002440452575684e-01,-4.595821201801300049e-01,5.365649461746215820e-01
4.122737348079681396e-01,4.512819051742553711e-01,-4.588799476623535156e-01,5.397902727127075195e-01
4.088473320007324219e-01,4.409588873386383057e-01,-4.582048058509826660e-01,5.428915023803710938e-01
4.055726528167724609e-01,4.306331574916839600e-01,-4.575568735599517822e-01,5.458736419677734375e-01
4.024441540241241455e-01,4.203042984008789062e-01,-4.569337368011474609e-01,5.487383008003234863e-01
3.994583189487457275e-01,4.099761247634887695e-01,-4.563353955745697021e-01,5.514881610870361328e-01
3.966127336025238037e-01,3.996504247188568115e-01,-4.557631313800811768e-01,5.541288852691650391e-01
3.939005732536315918e-01,3.893268108367919922e-01,-4.552136361598968506e-01,5.566600561141967773e-01
3.913207352161407471e-01,3.790129721164703369e-01,-4.546874463558197021e-01,5.590848326683044434e-01
3.888685107231140137e-01,3.687058091163635254e-01,-4.541833698749542236e-01,5.614063739776611328e-01
3.865406811237335205e-01,3.584083318710327148e-01,-4.537017941474914551e-01,5.636274218559265137e-01
3.843333423137664795e-01,3.481215834617614746e-01,-4.532411992549896240e-01,5.657504200935363770e-01
3.822429776191711426e-01,3.378466367721557617e-01,-4.528013765811920166e-01,5.677778720855712891e-01
3.802669048309326172e-01,3.275848329067230225e-01,-4.523814320564270020e-01,5.697117447853088379e-01
3.784018158912658691e-01,3.173384070396423340e-01,-4.519821405410766602e-01,5.715560913085937500e-01
3.766444325447082520e-01,3.071072101593017578e-01,-4.516014456748962402e-01,5.733109116554260254e-01
3.749916851520538330e-01,2.968969345092773438e-01,-4.512403309345245361e-01,5.749797224998474121e-01
3.734405636787414551e-01,2.867069840431213379e-01,-4.508964419364929199e-01,5.765637755393981934e-01
3.719886839389801025e-01,2.765386104583740234e-01,-4.505711793899536133e-01,5.780652165412902832e-01
3.706323504447937012e-01,2.663918137550354004e-01,-4.502624869346618652e-01,5.794875025749206543e-01
3.693692386150360107e-01,2.562674283981323242e-01,-4.499705135822296143e-01,5.808313488960266113e-01
3.681966662406921387e-01,2.461671382188796997e-01,-4.496943950653076172e-01,5.820994973182678223e-01
3.671117722988128662e-01,2.360924333333969116e-01,-4.494349062442779541e-01,5.832938551902770996e-01
3.661121129989624023e-01,2.260436564683914185e-01,-4.491906166076660156e-01,5.844156146049499512e-01
3.651954233646392822e-01,2.160250097513198853e-01,-4.489604830741882324e-01,5.854671597480773926e-01
3.643584847450256348e-01,2.060393691062927246e-01,-4.487458765506744385e-01,5.864493250846862793e-01
3.635994493961334229e-01,1.960844695568084717e-01,-4.485450387001037598e-01,5.873651504516601562e-01
3.629158437252044678e-01,1.861624866724014282e-01,-4.483581483364105225e-01,5.882152915000915527e-01
3.623045682907104492e-01,1.762732118368148804e-01,-4.481840133666992188e-01,5.890017747879028320e-01
3.617650270462036133e-01,1.664181500673294067e-01,-4.480230212211608887e-01,5.897272229194641113e-01
3.612942993640899658e-01,1.565976887941360474e-01,-4.478745162487030029e-01,5.903924107551574707e-01
3.608883917331695557e-01,1.468132436275482178e-01,-4.477385878562927246e-01,5.909985303878784180e-01
3.605484068393707275e-01,1.370646357536315918e-01,-4.476140737533569336e-01,5.915483832359313965e-01
3.602701425552368164e-01,1.273539662361145020e-01,-4.475010037422180176e-01,5.920425653457641602e-01
3.600522279739379883e-01,1.176807731389999390e-01,-4.473984539508819580e-01,5.924821496009826660e-01
3.598920106887817383e-01,1.080454066395759583e-01,-4.473068118095397949e-01,5.928687453269958496e-01
3.597894310951232910e-01,9.845016151666641235e-02,-4.472257494926452637e-01,5.932053327560424805e-01
3.597402274608612061e-01,8.889359235763549805e-02,-4.471543431282043457e-01,5.934913158416748047e-01
3.597449660301208496e-01,7.937770336866378784e-02,-4.470935761928558350e-01,5.937300920486450195e-01
3.598001599311828613e-01,6.990174204111099243e-02,-4.470407068729400635e-01,5.939204096794128418e-01
3.599043190479278564e-01,6.046805903315544128e-02,-4.469979107379913330e-01,5.940648317337036133e-01
3.600566983222961426e-01,5.107662826776504517e-02,-4.469635486602783203e-01,5.941650867462158203e-01
3.602546751499176025e-01,4.172827675938606262e-02,-4.469378888607025146e-01,5.942216515541076660e-01
3.604973256587982178e-01,3.242198005318641663e-02,-4.469203054904937744e-01,5.942363739013671875e-01
3.607827425003051758e-01,2.315893396735191345e-02,-4.469110667705535889e-01,5.942102074623107910e-01
3.611098229885101318e-01,1.393948215991258621e-02,-4.469090700149536133e-01,5.941432118415832520e-01
3.614764809608459473e-01,4.761970601975917816e-03,-4.469138383865356445e-01,5.940380692481994629e-01
3.618822693824768066e-01,-4.371074959635734558e-03,-4.469264447689056396e-01,5.938948988914489746e-01
3.623248040676116943e-01,-1.346029434353113174e-02,-4.469455480575561523e-01,5.937149524688720703e-01
3.628035783767700195e-01,-2.250635810196399689e-02,-4.469709992408752441e-01,5.934995412826538086e-01
3.633169233798980713e-01,-3.150836378335952759e-02,-4.470033347606658936e-01,5.932494401931762695e-01
3.638635575771331787e-01,-4.046694934368133545e-02,-4.470409154891967773e-01,5.929654240608215332e-01
3.644422292709350586e-01,-4.938063770532608032e-02,-4.470850527286529541e-01,5.926486253738403320e-01
3.650521934032440186e-01,-5.825155228376388550e-02,-4.471343457698822021e-01,5.922994017601013184e-01
3.656916320323944092e-01,-6.707753986120223999e-02,-4.471884965896606445e-01,5.919188857078552246e-01
3.663607835769653320e-01,-7.585964351892471313e-02,-4.472492635250091553e-01,5.915094614028930664e-01
3.670568466186523438e-01,-8.459971845149993896e-02,-4.473131000995635986e-01,5.910696387290954590e-01
3.677766025066375732e-01,-9.327664226293563843e-02,-4.473832249641418457e-01,5.906025767326354980e-01
3.685203790664672852e-01,-1.019025593996047974e-01,-4.474579393863677979e-01,5.901083350181579590e-01
3.692873716354370117e-01,-1.104810312390327454e-01,-4.475370049476623535e-01,5.895870923995971680e-01
3.700777292251586914e-01,-1.190113574266433716e-01,-4.476205110549926758e-01,5.890402197837829590e-01
3.708898723125457764e-01,-1.274942457675933838e-01,-4.477081000804901123e-01,5.884684324264526367e-01
3.717222213745117188e-01,-1.359302252531051636e-01,-4.477989375591278076e-01,5.878715515136718750e-01
3.725746572017669678e-01,-1.443181335926055908e-01,-4.478940367698669434e-01,5.872512459754943848e-01
3.734461367130279541e-01,-1.526577472686767578e-01,-4.479923844337463379e-01,5.866084098815917969e-01
3.743361830711364746e-01,-1.609503328800201416e-01,-4.480940103530883789e-01,5.859434604644775391e-01
3.752435147762298584e-01,-1.691960990428924561e-01,-4.481988549232482910e-01,5.852568745613098145e-01
3.761666715145111084e-01,-1.773942261934280396e-01,-4.483066201210021973e-01,5.845492482185363770e-01
3.771057426929473877e-01,-1.855457425117492676e-01,-4.484166800975799561e-01,5.838207602500915527e-01
3.780599236488342285e-01,-1.936495453119277954e-01,-4.485298395156860352e-01,5.830731987953186035e-01
3.790285587310791016e-01,-2.017075717449188232e-01,-4.486454725265502930e-01,5.823065638542175293e-01
3.800104260444641113e-01,-2.097185254096984863e-01,-4.487630426883697510e-01,5.815208554267883301e-01
3.810054063796997070e-01,-2.176842689514160156e-01,-4.488834142684936523e-01,5.807173848152160645e-01
3.820105791091918945e-01,-2.255941331386566162e-01,-4.490060508251190186e-01,5.798975825309753418e-01
3.830239772796630859e-01,-2.334452569484710693e-01,-4.491304755210876465e-01,5.790616869926452637e-01
3.840469717979431152e-01,-2.412465661764144897e-01,-4.492574930191040039e-01,5.782102346420288086e-01
3.850797414779663086e-01,-2.489979863166809082e-01,-4.493864178657531738e-01,5.773434042930603027e-01
3.861205279827117920e-01,-2.567014098167419434e-01,-4.495160579681396484e-01,5.764608383178710938e-01
3.871695101261138916e-01,-2.643553316593170166e-01,-4.496477544307708740e-01,5.755649209022521973e-01
3.882261812686920166e-01,-2.719604372978210449e-01,-4.497805833816528320e-01,5.746544003486633301e-01
3.892893195152282715e-01,-2.795173525810241699e-01,-4.499146342277526855e-01,5.737307071685791016e-01
3.903596699237823486e-01,-2.870257496833801270e-01,-4.500504732131958008e-01,5.727943778038024902e-01
3.914348483085632324e-01,-2.944853305816650391e-01,-4.501869678497314453e-01,5.718451142311096191e-01
3.925151824951171875e-01,-3.018963038921356201e-01,-4.503245353698730469e-01,5.708833932876586914e-01
3.936012387275695801e-01,-3.092601597309112549e-01,-4.504631161689758301e-01,5.699108242988586426e-01
3.946912884712219238e-01,-3.165764212608337402e-01,-4.506023526191711426e-01,5.689274072647094727e-01
3.957845568656921387e-01,-3.238459527492523193e-01,-4.507414102554321289e-01,5.679320096969604492e-01
3.968808650970458984e-01,-3.310684561729431152e-01,-4.508813619613647461e-01,5.669257044792175293e-01
3.979808390140533447e-01,-3.382430970668792725e-01,-4.510218799114227295e-01,5.659096240997314453e-01
3.990828394889831543e-01,-3.453715145587921143e-01,-4.511628746986389160e-01,5.648843646049499512e-01
4.001829624176025391e-01,-3.524372577667236328e-01,-4.513042569160461426e-01,5.638514757156372070e-01
4.012835025787353516e-01,-3.594534397125244141e-01,-4.514458775520324707e-01,5.628104209899902344e-01
4.023841917514801025e-01,-3.664228916168212891e-01,-4.515872597694396973e-01,5.617598891258239746e-01
4.034857749938964844e-01,-3.733414709568023682e-01,-4.517299532890319824e-01,5.607025027275085449e-01
4.045865833759307861e-01,-3.802126049995422363e-01,-4.518722891807556152e-01,5.596368908882141113e-01
4.056865572929382324e-01,-3.870359361171722412e-01,-4.520143866539001465e-01,5.585644245147705078e-01
4.067859649658203125e-01,-3.938102424144744873e-01,-4.521558880805969238e-01,5.574852824211120605e-01
4.078833758831024170e-01,-4.005384445190429688e-01,-4.522975683212280273e-01,5.563989281654357910e-01
4.089788794517517090e-01,-4.072193205356597900e-01,-4.524381458759307861e-01,5.553060173988342285e-01
4.100730121135711670e-01,-4.138524830341339111e-01,-4.525792598724365234e-01,5.542076230049133301e-01
4.111637175083160400e-01,-4.204382896423339844e-01,-4.527196586132049561e-01,5.531026124954223633e-01
4.122525751590728760e-01,-4.269787073135375977e-01,-4.528594613075256348e-01,5.519927740097045898e-01
4.133380949497222900e-01,-4.334715306758880615e-01,-4.529985785484313965e-01,5.508782267570495605e-01
4.144207239151000977e-01,-4.399192333221435547e-01,-4.531374871730804443e-01,5.497575998306274414e-01
4.154996573925018311e-01,-4.463210999965667725e-01,-4.532751441001892090e-01,5.486330389976501465e-01
4.165748357772827148e-01,-4.526772201061248779e-01,-4.534124433994293213e-01,5.475027561187744141e-01
4.176442623138427734e-01,-4.589831829071044922e-01,-4.535488784313201904e-01,5.463704466819763184e-01
4.187075793743133545e-01,-4.652393460273742676e-01,-4.536843597888946533e-01,5.452336072921752930e-01
4.197669327259063721e-01,-4.714494645595550537e-01,-4.538190960884094238e-01,5.440943241119384766e-01
4.208208024501800537e-01,-4.776126742362976074e-01,-4.539533853530883789e-01,5.429513454437255859e-01
4.218682050704956055e-01,-4.837303161621093750e-01,-4.540862441062927246e-01,5.418051481246948242e-01
4.229103624820709229e-01,-4.898024201393127441e-01,-4.542176127433776855e-01,5.406557321548461914e-01
4.239464402198791504e-01,-4.958280622959136963e-01,-4.543485939502716064e-01,5.395046472549438477e-01
4.249767065048217773e-01,-5.018078684806823730e-01,-4.544783234596252441e-01,5.383508205413818359e-01
4.259999394416809082e-01,-5.077425241470336914e-01,-4.546069204807281494e-01,5.371954441070556641e-01
4.270164966583251953e-01,-5.136317014694213867e-01,-4.547342956066131592e-01,5.360367298126220703e-01
4.280258715152740479e-01,-5.194761157035827637e-01,-4.548600316047668457e-01,5.348767042160034180e-01
4.290284216403961182e-01,-5.252752304077148438e-01,-4.549846649169921875e-01,5.337157845497131348e-01
4.300235509872436523e-01,-5.310301184654235840e-01,-4.551088213920593262e-01,5.325527191162109375e-01
4.310113489627838135e-01,-5.367394089698791504e-01,-4.552310705184936523e-01,5.313892364501953125e-01
4.319909811019897461e-01,-5.424056053161621094e-01,-4.553512334823608398e-01,5.302239656448364258e-01
4.329630136489868164e-01,-5.480269193649291992e-01,-4.554705917835235596e-01,5.290583372116088867e-01
4.339270591735839844e-01,-5.536031723022460938e-01,-4.555891454219818115e-01,5.278928875923156738e-01
4.348826408386230469e-01,-5.591354966163635254e-01,-4.557058215141296387e-01,5.267267227172851562e-01
4.358288645744323730e-01,-5.646251440048217773e-01,-4.558200836181640625e-01,5.255587697029113770e-01
4.367674887180328369e-01,-5.700700879096984863e-01,-4.559336900711059570e-01,5.243915915489196777e-01
4.376973509788513184e-01,-5.754715204238891602e-01,-4.560456871986389160e-01,5.232251286506652832e-01
4.386185109615325928e-01,-5.808298587799072266e-01,-4.561559855937957764e-01,5.220583081245422363e-01
4.395297765731811523e-01,-5.861438512802124023e-01,-4.562650918960571289e-01,5.208920836448669434e-01
4.404318034648895264e-01,-5.914167761802673340e-01,-4.563722610473632812e-01,5.197257399559020996e-01
4.413250684738159180e-01,-5.966460108757019043e-01,-4.564775228500366211e-01,5.185604095458984375e-01
4.422093033790588379e-01,-6.018309593200683594e-01,-4.565819501876831055e-01,5.173968672752380371e-01
4.430829882621765137e-01,-6.069747209548950195e-01,-4.566836953163146973e-01,5.162323713302612305e-01
4.439474940299987793e-01,-6.120761632919311523e-01,-4.567850232124328613e-01,5.150704979896545410e-01
4.448017776012420654e-01,-6.171350479125976562e-01,-4.568835496902465820e-01,5.139095187187194824e-01
4.456456601619720459e-01,-6.221513152122497559e-01,-4.569802880287170410e-01,5.127495527267456055e-01
4.464800953865051270e-01,-6.271255612373352051e-01,-4.570758044719696045e-01,5.115908384323120117e-01
4.473047256469726562e-01,-6.320568919181823730e-01,-4.571698606014251709e-01,5.104346275329589844e-01
4.481180906295776367e-01,-6.369469761848449707e-01,-4.572618007659912109e-01,5.092798471450805664e-01
4.489223361015319824e-01,-6.418004035949707031e-01,-4.573509097099304199e-01,5.081256031990051270e-01
4.497171044349670410e-01,-6.466127038002014160e-01,-4.574397206306457520e-01,5.069736242294311523e-01
4.505002796649932861e-01,-6.513851881027221680e-01,-4.575255215167999268e-01,5.058227181434631348e-01
4.512748420238494873e-01,-6.561170220375061035e-01,-4.576102495193481445e-01,5.046749114990234375e-01
4.520384073257446289e-01,-6.608089804649353027e-01,-4.576928913593292236e-01,5.035294294357299805e-01
4.527913331985473633e-01,-6.654602885246276855e-01,-4.577742218971252441e-01,5.023854970932006836e-01
4.535334408283233643e-01,-6.700739264488220215e-01,-4.578526020050048828e-01,5.012438297271728516e-01
4.542647898197174072e-01,-6.746468544006347656e-01,-4.579298794269561768e-01,5.001041293144226074e-01
4.549860358238220215e-01,-6.791810989379882812e-01,-4.580045342445373535e-01,4.989668130874633789e-01
4.556962549686431885e-01,-6.836770772933959961e-01,-4.580775499343872070e-01,4.978325664997100830e-01
4.563961625099182129e-01,-6.881332397460937500e-01,-4.581490457057952881e-01,4.967010319232940674e-01
4.570847153663635254e-01,-6.925515532493591309e-01,-4.582184553146362305e-01,4.955722391605377197e-01
4.577623307704925537e-01,-6.969324946403503418e-01,-4.582861661911010742e-01,4.944454431533813477e-01
4.584297537803649902e-01,-7.012743949890136719e-01,-4.583511054515838623e-01,4.933220446109771729e-01
4.590861201286315918e-01,-7.055776119232177734e-01,-4.584153890609741211e-01,4.922022521495819092e-01
4.597316980361938477e-01,-7.098444104194641113e-01,-4.584770798683166504e-01,4.910841584205627441e-01
4.603657722473144531e-01,-7.140737771987915039e-01,-4.585363864898681641e-01,4.899689853191375732e-01
4.609894752502441406e-01,-7.182654142379760742e-01,-4.585944712162017822e-01,4.888581037521362305e-01
4.616019427776336670e-01,-7.224203348159790039e-01,-4.586499929428100586e-01,4.877494573593139648e-01
4.622037410736083984e-01,-7.265381217002868652e-01,-4.587042033672332764e-01,4.866448044776916504e-01
4.627938270568847656e-01,-7.306196689605712891e-01,-4.587560892105102539e-01,4.855423569679260254e-01
4.633728265762329102e-01,-7.346658110618591309e-01,-4.588057100772857666e-01,4.844429790973663330e-01
4.639415740966796875e-01,-7.386741042137145996e-01,-4.588541984558105469e-01,4.833489954471588135e-01
4.644981920719146729e-01,-7.426483035087585449e-01,-4.588998556137084961e-01,4.822559952735900879e-01
4.650450050830841064e-01,-7.465857267379760742e-01,-4.589444994926452637e-01,4.811682403087615967e-01
4.655794501304626465e-01,-7.504876852035522461e-01,-4.589858651161193848e-01,4.800826013088226318e-01
4.661037921905517578e-01,-7.543541193008422852e-01,-4.590269327163696289e-01,4.790014922618865967e-01
4.666165411472320557e-01,-7.581858634948730469e-01,-4.590650200843811035e-01,4.779238998889923096e-01
4.671191871166229248e-01,-7.619822025299072266e-01,-4.591015577316284180e-01,4.768504798412322998e-01
4.676100015640258789e-01,-7.657439112663269043e-01,-4.591364264488220215e-01,4.757804274559020996e-01
4.680894017219543457e-01,-7.694708108901977539e-01,-4.591682553291320801e-01,4.747133553028106689e-01
4.685577452182769775e-01,-7.731640338897705078e-01,-4.591992497444152832e-01,4.736506044864654541e-01
4.690155684947967529e-01,-7.768225073814392090e-01,-4.592275619506835938e-01,4.725914895534515381e-01
4.694615304470062256e-01,-7.804462313652038574e-01,-4.592543244361877441e-01,4.715365171432495117e-01
4.698966145515441895e-01,-7.840354442596435547e-01,-4.592792987823486328e-01,4.704863131046295166e-01
4.703195095062255859e-01,-7.875916957855224609e-01,-4.593016505241394043e-01,4.694386720657348633e-01
4.707325696945190430e-01,-7.911136746406555176e-01,-4.593226611614227295e-01,4.683962166309356689e-01
4.711341857910156250e-01,-7.946016192436218262e-01,-4.593421816825866699e-01,4.673577547073364258e-01
4.715244770050048828e-01,-7.980577945709228516e-01,-4.593590795993804932e-01,4.663228988647460938e-01
4.719037413597106934e-01,-8.014808893203735352e-01,-4.593738615512847900e-01,4.652917683124542236e-01
4.722721278667449951e-01,-8.048698306083679199e-01,-4.593874812126159668e-01,4.642654061317443848e-01
4.726291000843048096e-01,-8.082262277603149414e-01,-4.593988955020904541e-01,4.632430374622344971e-01
4.729751348495483398e-01,-8.115501999855041504e-01,-4.594078958034515381e-01,4.622254371643066406e-01
4.733097851276397705e-01,-8.148413300514221191e-01,-4.594165086746215820e-01,4.612120389938354492e-01
4.736334979534149170e-01,-8.181002140045166016e-01,-4.594219624996185303e-01,4.602025747299194336e-01
4.739466309547424316e-01,-8.213274478912353516e-01,-4.594262838363647461e-01,4.591981172561645508e-01
4.742479622364044189e-01,-8.245224356651306152e-01,-4.594284594058990479e-01,4.581971764564514160e-01
4.745390415191650391e-01,-8.276852965354919434e-01,-4.594280719757080078e-01,4.572007954120635986e-01
4.748184680938720703e-01,-8.308160305023193359e-01,-4.594271183013916016e-01,4.562093615531921387e-01
4.750867187976837158e-01,-8.339160680770874023e-01,-4.594230651855468750e-01,4.552218019962310791e-01
4.753440618515014648e-01,-8.369835019111633301e-01,-4.594182670116424561e-01,4.542390406131744385e-01
4.755911827087402344e-01,-8.400203585624694824e-01,-4.594115912914276123e-01,4.532612860202789307e-01
4.758266806602478027e-01,-8.430252075195312500e-01,-4.594021439552307129e-01,4.522867500782012939e-01
4.760514199733734131e-01,-8.459988832473754883e-01,-4.593923389911651611e-01,4.513184726238250732e-01
4.762643277645111084e-01,-8.489432334899902344e-01,-4.593794941902160645e-01,4.503535926342010498e-01
4.764669239521026611e-01,-8.518543243408203125e-01,-4.593654870986938477e-01,4.493931233882904053e-01
4.766582250595092773e-01,-8.547350764274597168e-01,-4.593499898910522461e-01,4.484389126300811768e-01
4.768387079238891602e-01,-8.575863242149353027e-01,-4.593319892883300781e-01,4.474880993366241455e-01
4.770080447196960449e-01,-8.604066967964172363e-01,-4.593129158020019531e-01,4.465426504611968994e-01
4.771667122840881348e-01,-8.631958365440368652e-01,-4.592913687229156494e-01,4.456018209457397461e-01
4.773147702217102051e-01,-8.659545183181762695e-01,-4.592687487602233887e-01,4.446662664413452148e-01
4.774513542652130127e-01,-8.686834573745727539e-01,-4.592441022396087646e-01,4.437349438667297363e-01
4.775818288326263428e-01,-8.713955879211425781e-01,-4.592173695564270020e-01,4.428047537803649902e-01
4.777033030986785889e-01,-8.740805387496948242e-01,-4.591895639896392822e-01,4.418797791004180908e-01
4.778140485286712646e-01,-8.767369985580444336e-01,-4.591600894927978516e-01,4.409589469432830811e-01
4.779142737388610840e-01,-8.793659210205078125e-01,-4.591282606124877930e-01,4.400421977043151855e-01
4.780049026012420654e-01,-8.819676637649536133e-01,-4.590946435928344727e-01,4.391297698020935059e-01
4.780856370925903320e-01,-8.845409154891967773e-01,-4.590602219104766846e-01,4.382228553295135498e-01
4.781561493873596191e-01,-8.870885968208312988e-01,-4.590241312980651855e-01,4.373197257518768311e-01
4.782165288925170898e-01,-8.896069526672363281e-01,-4.589849412441253662e-01,4.364206194877624512e-01
4.782671034336090088e-01,-8.920999169349670410e-01,-4.589456915855407715e-01,4.355264008045196533e-01
4.783087968826293945e-01,-8.945640921592712402e-01,-4.589042365550994873e-01,4.346369802951812744e-01
4.783399701118469238e-01,-8.970028758049011230e-01,-4.588614404201507568e-01,4.337518513202667236e-01
4.783608615398406982e-01,-8.994158506393432617e-01,-4.588165879249572754e-01,4.328705370426177979e-01
4.783715605735778809e-01,-9.018017649650573730e-01,-4.587699472904205322e-01,4.319934844970703125e-01
4.783748686313629150e-01,-9.041600227355957031e-01,-4.587228298187255859e-01,4.311222136020660400e-01
4.783661961555480957e-01,-9.064956307411193848e-01,-4.586730003356933594e-01,4.302540123462677002e-01
4.783490598201751709e-01,-9.088041782379150391e-01,-4.586221575736999512e-01,4.293911755084991455e-01
4.783229231834411621e-01,-9.110864400863647461e-01,-4.585700631141662598e-01,4.285328388214111328e-01
4.782867133617401123e-01,-9.133425951004028320e-01,-4.585159122943878174e-01,4.276785552501678467e-01
4.782412350177764893e-01,-9.155747890472412109e-01,-4.584602117538452148e-01,4.268284738063812256e-01
4.781860113143920898e-01,-9.177819490432739258e-01,-4.584032893180847168e-01,4.259829223155975342e-01
4.781215488910675049e-01,-9.199630022048950195e-01,-4.583448469638824463e-01,4.251420199871063232e-01
4.780486226081848145e-01,-9.221202135086059570e-01,-4.582846760749816895e-01,4.243063628673553467e-01
4.779658019542694092e-01,-9.242517948150634766e-01,-4.582234621047973633e-01,4.234738945960998535e-01
4.778726994991302490e-01,-9.263613820075988770e-01,-4.581592082977294922e-01,4.226449728012084961e-01
4.777730405330657959e-01,-9.284431934356689453e-01,-4.580957591533660889e-01,4.218225479125976562e-01
4.776631891727447510e-01,-9.305022358894348145e-01,-4.580301046371459961e-01,4.210039675235748291e-01
4.775433540344238281e-01,-9.325377941131591797e-01,-4.579625129699707031e-01,4.201888144016265869e-01
4.774159193038940430e-01,-9.345492124557495117e-01,-4.578942954540252686e-01,4.193793535232543945e-01
4.772785604000091553e-01,-9.365364909172058105e-01,-4.578240215778350830e-01,4.185731112957000732e-01
4.771340191364288330e-01,-9.385030269622802734e-01,-4.577527046203613281e-01,4.177710413932800293e-01
4.769810140132904053e-01,-9.404482245445251465e-01,-4.576795995235443115e-01,4.169734120368957520e-01
4.768192470073699951e-01,-9.423695206642150879e-01,-4.576051235198974609e-01,4.161791801452636719e-01
4.766488373279571533e-01,-9.442692995071411133e-01,-4.575293064117431641e-01,4.153892993927001953e-01
4.764702320098876953e-01,-9.461458325386047363e-01,-4.574525654315948486e-01,4.146042764186859131e-01
4.762835502624511719e-01,-9.479999542236328125e-01,-4.573742151260375977e-01,4.138232767581939697e-01
4.760883450508117676e-01,-9.498324990272521973e-01,-4.572947025299072266e-01,4.130465984344482422e-01
4.758846163749694824e-01,-9.516421556472778320e-01,-4.572136998176574707e-01,4.122736752033233643e-01
4.756722748279571533e-01,-9.534307718276977539e-01,-4.571313560009002686e-01,4.115056097507476807e-01
4.754526019096374512e-01,-9.551974534988403320e-01,-4.570480287075042725e-01,4.107411503791809082e-01
4.752236902713775635e-01,-9.569426774978637695e-01,-4.569631218910217285e-01,4.099801778793334961e-01
4.749881029129028320e-01,-9.586657881736755371e-01,-4.568772315979003906e-01,4.092248976230621338e-01
4.747435152530670166e-01,-9.603684544563293457e-01,-4.567901492118835449e-01,4.084727764129638672e-01
4.744910895824432373e-01,-9.620496630668640137e-01,-4.567015469074249268e-01,4.077249467372894287e-01
4.742310047149658203e-01,-9.637092351913452148e-01,-4.566117525100708008e-01,4.069811701774597168e-01
4.739626944065093994e-01,-9.653500318527221680e-01,-4.565206766128540039e-01,4.062409996986389160e-01
4.736865162849426270e-01,-9.669688940048217773e-01,-4.564282596111297607e-01,4.055055379867553711e-01
4.734033942222595215e-01,-9.685663580894470215e-01,-4.563347697257995605e-01,4.047743380069732666e-01
4.731116890907287598e-01,-9.701443314552307129e-01,-4.562405645847320557e-01,4.040466845035552979e-01
4.728123545646667480e-01,-9.717023968696594238e-01,-4.561444818973541260e-01,4.033226966857910156e-01
4.725064933300018311e-01,-9.732402563095092773e-01,-4.560475051403045654e-01,4.026035070419311523e-01
4.721919894218444824e-01,-9.747574925422668457e-01,-4.559495747089385986e-01,4.018877446651458740e-01
4.718707203865051270e-01,-9.762548208236694336e-01,-4.558504819869995117e-01,4.011768400669097900e-01
4.715415835380554199e-01,-9.777328968048095703e-01,-4.557505846023559570e-01,4.004692733287811279e-01
4.712045788764953613e-01,-9.791913628578186035e-01,-4.556486010551452637e-01,3.997653722763061523e-01
4.708607792854309082e-01,-9.806312322616577148e-01,-4.555463790893554688e-01,3.990657329559326172e-01
4.705096185207366943e-01,-9.820510149002075195e-01,-4.554423093795776367e-01,3.983699083328247070e-01
4.701522588729858398e-01,-9.834510684013366699e-01,-4.553376436233520508e-01,3.976788222789764404e-01
4.697866141796112061e-01,-9.848326444625854492e-01,-4.552327394485473633e-01,3.969914913177490234e-01
4.694144129753112793e-01,-9.861972332000732422e-01,-4.551257193088531494e-01,3.963068425655364990e-01
4.690359532833099365e-01,-9.875454902648925781e-01,-4.550171196460723877e-01,3.956253230571746826e-01
4.686512649059295654e-01,-9.888741374015808105e-01,-4.549091756343841553e-01,3.949480652809143066e-01
4.682595729827880859e-01,-9.901859164237976074e-01,-4.547990858554840088e-01,3.942747414112091064e-01
4.678605496883392334e-01,-9.914805293083190918e-01,-4.546884000301361084e-01,3.936043381690979004e-01
4.674561619758605957e-01,-9.927546381950378418e-01,-4.545760154724121094e-01,3.929389715194702148e-01
4.670436084270477295e-01,-9.940145611763000488e-01,-4.544632732868194580e-01,3.922756314277648926e-01
4.666254818439483643e-01,-9.952546358108520508e-01,-4.543492197990417480e-01,3.916170299053192139e-01
4.662009775638580322e-01,-9.964769482612609863e-01,-4.542352259159088135e-01,3.909623920917510986e-01
4.657694995403289795e-01,-9.976835250854492188e-01,-4.541189372539520264e-01,3.903107345104217529e-01
4.653319716453552246e-01,-9.988725185394287109e-01,-4.540022015571594238e-01,3.896628618240356445e-01
4.648870825767517090e-01,-1.000044822692871094e+00,-4.538843035697937012e-01,3.890176713466644287e-01
4.644366204738616943e-01,-1.001199960708618164e+00,-4.537661373615264893e-01,3.883775174617767334e-01
4.639804959297180176e-01,-1.002338171005249023e+00,-4.536475539207458496e-01,3.877409100532531738e-01
4.635178446769714355e-01,-1.003459453582763672e+00,-4.535266757011413574e-01,3.871072828769683838e-01
4.630489349365234375e-01,-1.004566311836242676e+00,-4.534056782722473145e-01,3.864766955375671387e-01
4.625742733478546143e-01,-1.005653381347656250e+00,-4.532836377620697021e-01,3.858504891395568848e-01
4.620929956436157227e-01,-1.006726741790771484e+00,-4.531608819961547852e-01,3.852274417877197266e-01
4.616054296493530273e-01,-1.007783293724060059e+00,-4.530369043350219727e-01,3.846073746681213379e-01
4.611130952835083008e-01,-1.008823752403259277e+00,-4.529121518135070801e-01,3.839912116527557373e-01
4.606139659881591797e-01,-1.009848952293395996e+00,-4.527868330478668213e-01,3.833779692649841309e-01
4.601096808910369873e-01,-1.010858535766601562e+00,-4.526608884334564209e-01,3.827687203884124756e-01
4.595996737480163574e-01,-1.011851191520690918e+00,-4.525340199470520020e-01,3.821633160114288330e-01
4.590835273265838623e-01,-1.012829780578613281e+00,-4.524058699607849121e-01,3.815606236457824707e-01
4.585606455802917480e-01,-1.013792753219604492e+00,-4.522768259048461914e-01,3.809606432914733887e-01
4.580338895320892334e-01,-1.014739751815795898e+00,-4.521475136280059814e-01,3.803654015064239502e-01
4.575005173683166504e-01,-1.015671849250793457e+00,-4.520176947116851807e-01,3.797725439071655273e-01
4.569621384143829346e-01,-1.016588687896728516e+00,-4.518869519233703613e-01,3.791834414005279541e-01
4.564177095890045166e-01,-1.017491340637207031e+00,-4.517544209957122803e-01,3.785965740680694580e-01
4.558686912059783936e-01,-1.018379092216491699e+00,-4.516224265098571777e-01,3.780144453048706055e-01
4.553140103816986084e-01,-1.019255161285400391e+00,-4.514889717102050781e-01,3.774338066577911377e-01
4.547566175460815430e-01,-1.020113706588745117e+00,-4.513556957244873047e-01,3.768579363822937012e-01
4.541908502578735352e-01,-1.020961165428161621e+00,-4.512208104133605957e-01,3.762829303741455078e-01
4.536216855049133301e-01,-1.021793365478515625e+00,-4.510856270790100098e-01,3.757130503654479980e-01
4.530467092990875244e-01,-1.022611856460571289e+00,-4.509497880935668945e-01,3.751458823680877686e-01
4.524675011634826660e-01,-1.023415803909301758e+00,-4.508131742477416992e-01,3.745814561843872070e-01
4.518827795982360840e-01,-1.024205684661865234e+00,-4.506760239601135254e-01,3.740203678607940674e-01
4.512928724288940430e-01,-1.024982213973999023e+00,-4.505380690097808838e-01,3.734622597694396973e-01
4.506983458995819092e-01,-1.025745391845703125e+00,-4.503995776176452637e-01,3.729071021080017090e-01
4.500989913940429688e-01,-1.026494979858398438e+00,-4.502605497837066650e-01,3.723548352718353271e-01
4.494945108890533447e-01,-1.027231812477111816e+00,-4.501213133335113525e-01,3.718064427375793457e-01
4.488855302333831787e-01,-1.027955412864685059e+00,-4.499804377555847168e-01,3.712590634822845459e-01
4.482725262641906738e-01,-1.028664708137512207e+00,-4.498398005962371826e-01,3.707170784473419189e-01
4.476543366909027100e-01,-1.029361128807067871e+00,-4.496982097625732422e-01,3.701768815517425537e-01
4.470309317111968994e-01,-1.030045866966247559e+00,-4.495560228824615479e-01,3.696394562721252441e-01
4.464030265808105469e-01,-1.030717015266418457e+00,-4.494132101535797119e-01,3.691049814224243164e-01
4.457706809043884277e-01,-1.031376123428344727e+00,-4.492699503898620605e-01,3.685738146305084229e-01
4.451344013214111328e-01,-1.032020807266235352e+00,-4.491256773471832275e-01,3.680454492568969727e-01
4.444930255413055420e-01,-1.032655715942382812e+00,-4.489808082580566406e-01,3.675189316272735596e-01
4.438478052616119385e-01,-1.033275246620178223e+00,-4.488368332386016846e-01,3.669969737529754639e-01
4.431986510753631592e-01,-1.033883690834045410e+00,-4.486910402774810791e-01,3.664772808551788330e-01
4.425439238548278809e-01,-1.034479618072509766e+00,-4.485450685024261475e-01,3.659598529338836670e-01
4.418855011463165283e-01,-1.035063743591308594e+00,-4.483986496925354004e-01,3.654457330703735352e-01
4.412232637405395508e-01,-1.035635948181152344e+00,-4.482516050338745117e-01,3.649345934391021729e-01
4.405563175678253174e-01,-1.036195397377014160e+00,-4.481039643287658691e-01,3.644255101680755615e-01
4.398846626281738281e-01,-1.036744356155395508e+00,-4.479553699493408203e-01,3.639190495014190674e-01
4.392097294330596924e-01,-1.037279486656188965e+00,-4.478078484535217285e-01,3.634164929389953613e-01
4.385300576686859131e-01,-1.037803769111633301e+00,-4.476583600044250488e-01,3.629158437252044678e-01
4.378466010093688965e-01,-1.038317918777465820e+00,-4.475087523460388184e-01,3.624176681041717529e-01
4.371606409549713135e-01,-1.038820624351501465e+00,-4.473591446876525879e-01,3.619226813316345215e-01
4.364691972732543945e-01,-1.039314270019531250e+00,-4.472079575061798096e-01,3.614284694194793701e-01
4.357752501964569092e-01,-1.039795756340026855e+00,-4.470577836036682129e-01,3.609381914138793945e-01
4.350776970386505127e-01,-1.040265440940856934e+00,-4.469067454338073730e-01,3.604508042335510254e-01
4.343761205673217773e-01,-1.040724754333496094e+00,-4.467554092407226562e-01,3.599655628204345703e-01
4.336705207824707031e-01,-1.041173458099365234e+00,-4.466029107570648193e-01,3.594826459884643555e-01
4.329621791839599609e-01,-1.041610836982727051e+00,-4.464510679244995117e-01,3.590030670166015625e-01
4.322491884231567383e-01,-1.042038083076477051e+00,-4.462982416152954102e-01,3.585249483585357666e-01
4.315330386161804199e-01,-1.042454004287719727e+00,-4.461454749107360840e-01,3.580501079559326172e-01
4.308134317398071289e-01,-1.042860269546508789e+00,-4.459918141365051270e-01,3.575770258903503418e-01
4.300901293754577637e-01,-1.043255686759948730e+00,-4.458380043506622314e-01,3.571070432662963867e-01
4.293628633022308350e-01,-1.043642163276672363e+00,-4.456834793090820312e-01,3.566384613513946533e-01
4.286330342292785645e-01,-1.044016838073730469e+00,-4.455291628837585449e-01,3.561733663082122803e-01
4.279003143310546875e-01,-1.044380903244018555e+00,-4.453744292259216309e-01,3.557110726833343506e-01
4.271627068519592285e-01,-1.044736027717590332e+00,-4.452188611030578613e-01,3.552499413490295410e-01
4.264224171638488770e-01,-1.045081853866577148e+00,-4.450634419918060303e-01,3.547916412353515625e-01
4.256790280342102051e-01,-1.045416831970214844e+00,-4.449073672294616699e-01,3.543365001678466797e-01
4.249322116374969482e-01,-1.045741438865661621e+00,-4.447516500949859619e-01,3.538829386234283447e-01
4.241831004619598389e-01,-1.046056866645812988e+00,-4.445951282978057861e-01,3.534321188926696777e-01
4.234291315078735352e-01,-1.046363353729248047e+00,-4.444379806518554688e-01,3.529827594757080078e-01
4.226729571819305420e-01,-1.046659111976623535e+00,-4.442812502384185791e-01,3.525362908840179443e-01
4.219140112400054932e-01,-1.046946406364440918e+00,-4.441240131855010986e-01,3.520920276641845703e-01
4.211513400077819824e-01,-1.047224402427673340e+00,-4.439653456211090088e-01,3.516498506069183350e-01
4.203871488571166992e-01,-1.047491192817687988e+00,-4.438084959983825684e-01,3.512112200260162354e-01
4.196176826953887939e-01,-1.047749638557434082e+00,-4.436495900154113770e-01,3.507730662822723389e-01
4.188464283943176270e-01,-1.048000097274780273e+00,-4.434916377067565918e-01,3.503379821777343750e-01
4.180719256401062012e-01,-1.048239827156066895e+00,-4.433324337005615234e-01,3.499050736427307129e-01
4.172937870025634766e-01,-1.048472046852111816e+00,-4.431736469268798828e-01,3.494741916656494141e-01
4.165148735046386719e-01,-1.048693895339965820e+00,-4.430144429206848145e-01,3.490457534790039062e-01
4.157311022281646729e-01,-1.048909187316894531e+00,-4.428549408912658691e-01,3.486180007457733154e-01
4.149465560913085938e-01,-1.049115300178527832e+00,-4.426952898502349854e-01,3.481936752796173096e-01
4.141582250595092773e-01,-1.049312353134155273e+00,-4.425353109836578369e-01,3.477718234062194824e-01
4.133683741092681885e-01,-1.049501061439514160e+00,-4.423753023147583008e-01,3.473509848117828369e-01
4.125750660896301270e-01,-1.049681186676025391e+00,-4.422154724597930908e-01,3.469330072402954102e-01
4.117784798145294189e-01,-1.049854040145874023e+00,-4.420543015003204346e-01,3.465159535408020020e-01
4.109797179698944092e-01,-1.050017356872558594e+00,-4.418935477733612061e-01,3.461019098758697510e-01
4.101790785789489746e-01,-1.050172924995422363e+00,-4.417330026626586914e-01,3.456894755363464355e-01
4.093760848045349121e-01,-1.050319552421569824e+00,-4.415724277496337891e-01,3.452795147895812988e-01
4.085700213909149170e-01,-1.050458908081054688e+00,-4.414115548133850098e-01,3.448716402053833008e-01
4.077616035938262939e-01,-1.050589442253112793e+00,-4.412503242492675781e-01,3.444653153419494629e-01
4.069507122039794922e-01,-1.050713062286376953e+00,-4.410884976387023926e-01,3.440611660480499268e-01
4.061373770236968994e-01,-1.050828456878662109e+00,-4.409271478652954102e-01,3.436584472656250000e-01
4.053213596343994141e-01,-1.050936341285705566e+00,-4.407651424407958984e-01,3.432579636573791504e-01
4.045030474662780762e-01,-1.051036238670349121e+00,-4.406033158302307129e-01,3.428587615489959717e-01
4.036835134029388428e-01,-1.051128029823303223e+00,-4.404410719871520996e-01,3.424631059169769287e-01
4.028609693050384521e-01,-1.051212549209594727e+00,-4.402790069580078125e-01,3.420677483081817627e-01
4.020361602306365967e-01,-1.051289439201354980e+00,-4.401168823242187500e-01,3.416751325130462646e-01
4.012102484703063965e-01,-1.051358580589294434e+00,-4.399551451206207275e-01,3.412850201129913330e-01
4.003804922103881836e-01,-1.051422357559204102e+00,-4.397920668125152588e-01,3.408950567245483398e-01
3.995490968227386475e-01,-1.051477074623107910e+00,-4.396289885044097900e-01,3.405072987079620361e-01
3.987160623073577881e-01,-1.051524162292480469e+00,-4.394668340682983398e-01,3.401217460632324219e-01
3.978802859783172607e-01,-1.051564574241638184e+00,-4.393035471439361572e-01,3.397378921508789062e-01
3.970427811145782471e-01,-1.051597595214843750e+00,-4.391412436962127686e-01,3.393562138080596924e-01
3.962038159370422363e-01,-1.051624536514282227e+00,-4.389773905277252197e-01,3.389761447906494141e-01
3.953622579574584961e-01,-1.051643729209899902e+00,-4.388149976730346680e-01,3.385976850986480713e-01
3.945186734199523926e-01,-1.051655530929565430e+00,-4.386520981788635254e-01,3.382212817668914795e-01
3.936736583709716797e-01,-1.051661610603332520e+00,-4.384886324405670166e-01,3.378460109233856201e-01
3.928259313106536865e-01,-1.051661133766174316e+00,-4.383250772953033447e-01,3.374719619750976562e-01
3.919774293899536133e-01,-1.051652669906616211e+00,-4.381623864173889160e-01,3.371011614799499512e-01
3.911263942718505859e-01,-1.051638245582580566e+00,-4.379992187023162842e-01,3.367314934730529785e-01
3.902731537818908691e-01,-1.051616668701171875e+00,-4.378357529640197754e-01,3.363626897335052490e-01
3.894190490245819092e-01,-1.051588296890258789e+00,-4.376726150512695312e-01,3.359962999820709229e-01
3.885625004768371582e-01,-1.051554203033447266e+00,-4.375086426734924316e-01,3.356314301490783691e-01
3.877041339874267578e-01,-1.051513314247131348e+00,-4.373455643653869629e-01,3.352679014205932617e-01
3.868448436260223389e-01,-1.051466226577758789e+00,-4.371822774410247803e-01,3.349066674709320068e-01
3.859832286834716797e-01,-1.051413059234619141e+00,-4.370183944702148438e-01,3.345466554164886475e-01
3.851193189620971680e-01,-1.051354646682739258e+00,-4.368548691272735596e-01,3.341871798038482666e-01
3.842549622058868408e-01,-1.051288366317749023e+00,-4.366909563541412354e-01,3.338303864002227783e-01
3.833884000778198242e-01,-1.051216840744018555e+00,-4.365272819995880127e-01,3.334746360778808594e-01
3.825208246707916260e-01,-1.051137924194335938e+00,-4.363642334938049316e-01,3.331211805343627930e-01
3.816508650779724121e-01,-1.051055312156677246e+00,-4.362003803253173828e-01,3.327690958976745605e-01
3.807805180549621582e-01,-1.050965070724487305e+00,-4.360374808311462402e-01,3.324186801910400391e-01
3.799066841602325439e-01,-1.050869464874267578e+00,-4.358734786510467529e-01,3.320683836936950684e-01
3.790329098701477051e-01,-1.050767898559570312e+00,-4.357099831104278564e-01,3.317207098007202148e-01
3.781573474407196045e-01,-1.050660133361816406e+00,-4.355470836162567139e-01,3.313746452331542969e-01
3.772803843021392822e-01,-1.050548672676086426e+00,-4.353829622268676758e-01,3.310295641422271729e-01
3.764023482799530029e-01,-1.050429463386535645e+00,-4.352200627326965332e-01,3.306862711906433105e-01
3.755224645137786865e-01,-1.050304889678955078e+00,-4.350566864013671875e-01,3.303442895412445068e-01
3.746413886547088623e-01,-1.050175428390502930e+00,-4.348931312561035156e-01,3.300035595893859863e-01
3.737590014934539795e-01,-1.050040602684020996e+00,-4.347298741340637207e-01,3.296647071838378906e-01
3.728752732276916504e-01,-1.049899816513061523e+00,-4.345666766166687012e-01,3.293266892433166504e-01
3.719900846481323242e-01,-1.049753904342651367e+00,-4.344035685062408447e-01,3.289903998374938965e-01
3.711037933826446533e-01,-1.049602270126342773e+00,-4.342401027679443359e-01,3.286553621292114258e-01
3.702161908149719238e-01,-1.049445986747741699e+00,-4.340774416923522949e-01,3.283216953277587891e-01
3.693283498287200928e-01,-1.049284219741821289e+00,-4.339142441749572754e-01,3.279893994331359863e-01
3.684375286102294922e-01,-1.049117803573608398e+00,-4.337512552738189697e-01,3.276582062244415283e-01
3.675463497638702393e-01,-1.048945903778076172e+00,-4.335883855819702148e-01,3.273283243179321289e-01
3.666540086269378662e-01,-1.048769116401672363e+00,-4.334254264831542969e-01,3.269999325275421143e-01
3.657614886760711670e-01,-1.048585057258605957e+00,-4.332633316516876221e-01,3.266738057136535645e-01
3.648662567138671875e-01,-1.048399686813354492e+00,-4.331003427505493164e-01,3.263477981090545654e-01
3.639705777168273926e-01,-1.048205971717834473e+00,-4.329382181167602539e-01,3.260233700275421143e-01
3.630733191967010498e-01,-1.048010706901550293e+00,-4.327751696109771729e-01,3.256996870040893555e-01
3.621754944324493408e-01,-1.047807931900024414e+00,-4.326134622097015381e-01,3.253777623176574707e-01
3.612758815288543701e-01,-1.047602772712707520e+00,-4.324502944946289062e-01,3.250568807125091553e-01
3.603769540786743164e-01,-1.047390818595886230e+00,-4.322888255119323730e-01,3.247384130954742432e-01
3.594763278961181641e-01,-1.047174096107482910e+00,-4.321267604827880859e-01,3.244202136993408203e-01
3.585738837718963623e-01,-1.046954631805419922e+00,-4.319646656513214111e-01,3.241022229194641113e-01
3.576711714267730713e-01,-1.046729564666748047e+00,-4.318023324012756348e-01,3.237862884998321533e-01
3.567683398723602295e-01,-1.046500086784362793e+00,-4.316411316394805908e-01,3.234721422195434570e-01
3.558633625507354736e-01,-1.046266078948974609e+00,-4.314796924591064453e-01,3.231586217880249023e-01
3.549584150314331055e-01,-1.046027302742004395e+00,-4.313185214996337891e-01,3.228466510772705078e-01
3.540519177913665771e-01,-1.045784592628479004e+00,-4.311568439006805420e-01,3.225352466106414795e-01
3.531445264816284180e-01,-1.045537829399108887e+00,-4.309958219528198242e-01,3.222249150276184082e-01
3.522367477416992188e-01,-1.045286536216735840e+00,-4.308349490165710449e-01,3.219159543514251709e-01
3.513278663158416748e-01,-1.045031189918518066e+00,-4.306741356849670410e-01,3.216082155704498291e-01
3.504174053668975830e-01,-1.044773101806640625e+00,-4.305130243301391602e-01,3.212999105453491211e-01
3.495081067085266113e-01,-1.044508576393127441e+00,-4.303524792194366455e-01,3.209954202175140381e-01
3.485969305038452148e-01,-1.044241189956665039e+00,-4.301918745040893555e-01,3.206904232501983643e-01
3.476858437061309814e-01,-1.043969511985778809e+00,-4.300319552421569824e-01,3.203873634338378906e-01
3.467725813388824463e-01,-1.043694734573364258e+00,-4.298714399337768555e-01,3.200838565826416016e-01
3.458598554134368896e-01,-1.043415069580078125e+00,-4.297119975090026855e-01,3.197830915451049805e-01
3.449467718601226807e-01,-1.043131351470947266e+00,-4.295517802238464355e-01,3.194825351238250732e-01
3.440317511558532715e-01,-1.042844772338867188e+00,-4.293920695781707764e-01,3.191826939582824707e-01
3.431169092655181885e-01,-1.042553901672363281e+00,-4.292321801185607910e-01,3.188843429088592529e-01
3.422017395496368408e-01,-1.042259454727172852e+00,-4.290733337402343750e-01,3.185867965221405029e-01
3.412850499153137207e-01,-1.041961789131164551e+00,-4.289139509201049805e-01,3.182896375656127930e-01
3.403686583042144775e-01,-1.041660308837890625e+00,-4.287546575069427490e-01,3.179937005043029785e-01
3.394517600536346436e-01,-1.041355013847351074e+00,-4.285959601402282715e-01,3.176995813846588135e-01
3.385336101055145264e-01,-1.041046380996704102e+00,-4.284373521804809570e-01,3.174055516719818115e-01
3.376152813434600830e-01,-1.040734291076660156e+00,-4.282787740230560303e-01,3.171125352382659912e-01
3.366963565349578857e-01,-1.040419459342956543e+00,-4.281198978424072266e-01,3.168199360370635986e-01
3.357774615287780762e-01,-1.040100693702697754e+00,-4.279622733592987061e-01,3.165289759635925293e-01
3.348583281040191650e-01,-1.039778113365173340e+00,-4.278044104576110840e-01,3.162387311458587646e-01
3.339381217956542969e-01,-1.039452552795410156e+00,-4.276473224163055420e-01,3.159496784210205078e-01
3.330178856849670410e-01,-1.039124727249145508e+00,-4.274898767471313477e-01,3.156611621379852295e-01
3.320971429347991943e-01,-1.038792729377746582e+00,-4.273318648338317871e-01,3.153729140758514404e-01
3.311751186847686768e-01,-1.038458347320556641e+00,-4.271742701530456543e-01,3.150852918624877930e-01
3.302546739578247070e-01,-1.038120508193969727e+00,-4.270174503326416016e-01,3.147996068000793457e-01
3.293322026729583740e-01,-1.037780404090881348e+00,-4.268604516983032227e-01,3.145137131214141846e-01
3.284105360507965088e-01,-1.037436962127685547e+00,-4.267041087150573730e-01,3.142294287681579590e-01
3.274889588356018066e-01,-1.037089705467224121e+00,-4.265485703945159912e-01,3.139463067054748535e-01
3.265646994113922119e-01,-1.036741375923156738e+00,-4.263913631439208984e-01,3.136618137359619141e-01
3.256434202194213867e-01,-1.036388158798217773e+00,-4.262362718582153320e-01,3.133803904056549072e-01
3.247197568416595459e-01,-1.036033511161804199e+00,-4.260803461074829102e-01,3.130986094474792480e-01
3.237961530685424805e-01,-1.035676002502441406e+00,-4.259249567985534668e-01,3.128177523612976074e-01
3.228733241558074951e-01,-1.035314917564392090e+00,-4.257698953151702881e-01,3.125377297401428223e-01
3.219497501850128174e-01,-1.034952521324157715e+00,-4.256147742271423340e-01,3.122581839561462402e-01
3.210254013538360596e-01,-1.034587860107421875e+00,-4.254600107669830322e-01,3.119786977767944336e-01
3.201020061969757080e-01,-1.034219622611999512e+00,-4.253052771091461182e-01,3.117012381553649902e-01
3.191779553890228271e-01,-1.033849716186523438e+00,-4.251509904861450195e-01,3.114233016967773438e-01
3.182538747787475586e-01,-1.033476948738098145e+00,-4.249975383281707764e-01,3.111465871334075928e-01
3.173298239707946777e-01,-1.033100843429565430e+00,-4.248437285423278809e-01,3.108703494071960449e-01
3.164052069187164307e-01,-1.032724380493164062e+00,-4.246896207332611084e-01,3.105938732624053955e-01
3.154817819595336914e-01,-1.032343983650207520e+00,-4.245362877845764160e-01,3.103200793266296387e-01
3.145573139190673828e-01,-1.031962752342224121e+00,-4.243829846382141113e-01,3.100450336933135986e-01
3.136320412158966064e-01,-1.031577944755554199e+00,-4.242298603057861328e-01,3.097707033157348633e-01
3.127058446407318115e-01,-1.031186938285827637e+00,-4.240773320198059082e-01,3.094989657402038574e-01
3.117794394493103027e-01,-1.030792355537414551e+00,-4.239244461059570312e-01,3.092279732227325439e-01
3.108529448509216309e-01,-1.030396223068237305e+00,-4.237721264362335205e-01,3.089574873447418213e-01
3.099261820316314697e-01,-1.029996514320373535e+00,-4.236209392547607422e-01,3.086882233619689941e-01
3.089996874332427979e-01,-1.029594898223876953e+00,-4.234685897827148438e-01,3.084185123443603516e-01
3.080733120441436768e-01,-1.029191493988037109e+00,-4.233174622058868408e-01,3.081507682800292969e-01
3.071461915969848633e-01,-1.028784871101379395e+00,-4.231663644313812256e-01,3.078827261924743652e-01
3.062197864055633545e-01,-1.028376221656799316e+00,-4.230157434940338135e-01,3.076159656047821045e-01
3.052921295166015625e-01,-1.027966976165771484e+00,-4.228644669055938721e-01,3.073486685752868652e-01
3.043656349182128906e-01,-1.027553319931030273e+00,-4.227139651775360107e-01,3.070825636386871338e-01
3.034383058547973633e-01,-1.027139544486999512e+00,-4.225641489028930664e-01,3.068172931671142578e-01
3.025110363960266113e-01,-1.026721954345703125e+00,-4.224140644073486328e-01,3.065517842769622803e-01
3.015850186347961426e-01,-1.026302814483642578e+00,-4.222650825977325439e-01,3.062884509563446045e-01
3.006586730480194092e-01,-1.025881648063659668e+00,-4.221152961254119873e-01,3.060241937637329102e-01
2.997310161590576172e-01,-1.025458693504333496e+00,-4.219664037227630615e-01,3.057610988616943359e-01
2.988040149211883545e-01,-1.025033473968505859e+00,-4.218167066574096680e-01,3.054977655410766602e-01
2.978779077529907227e-01,-1.024606227874755859e+00,-4.216684997081756592e-01,3.052360117435455322e-01
2.969516515731811523e-01,-1.024176716804504395e+00,-4.215204119682312012e-01,3.049743771553039551e-01
2.960248291492462158e-01,-1.023745417594909668e+00,-4.213723540306091309e-01,3.047129809856414795e-01
2.950994968414306641e-01,-1.023311614990234375e+00,-4.212245345115661621e-01,3.044529259204864502e-01
2.941729128360748291e-01,-1.022878050804138184e+00,-4.210771918296813965e-01,3.041926920413970947e-01
2.932469248771667480e-01,-1.022440791130065918e+00,-4.209300875663757324e-01,3.039331436157226562e-01
2.923197746276855469e-01,-1.022004008293151855e+00,-4.207821786403656006e-01,3.036727011203765869e-01
2.913954555988311768e-01,-1.021562337875366211e+00,-4.206362366676330566e-01,3.034155070781707764e-01
2.904686331748962402e-01,-1.021121382713317871e+00,-4.204896092414855957e-01,3.031562864780426025e-01
2.895438373088836670e-01,-1.020678043365478516e+00,-4.203437268733978271e-01,3.028984069824218750e-01
2.886182367801666260e-01,-1.020232915878295898e+00,-4.201982319355010986e-01,3.026414811611175537e-01
2.876934409141540527e-01,-1.019786238670349121e+00,-4.200526773929595947e-01,3.023845255374908447e-01
2.867687940597534180e-01,-1.019337296485900879e+00,-4.199072718620300293e-01,3.021273612976074219e-01
2.858444750308990479e-01,-1.018887519836425781e+00,-4.197628498077392578e-01,3.018716573715209961e-01
2.849201858043670654e-01,-1.018435955047607422e+00,-4.196180403232574463e-01,3.016162216663360596e-01
2.839962840080261230e-01,-1.017983675003051758e+00,-4.194735586643218994e-01,3.013606965541839600e-01
2.830721139907836914e-01,-1.017529368400573730e+00,-4.193299412727355957e-01,3.011055886745452881e-01
2.821487784385681152e-01,-1.017073631286621094e+00,-4.191855788230895996e-01,3.008512854576110840e-01
2.812256217002868652e-01,-1.016615867614746094e+00,-4.190425276756286621e-01,3.005973100662231445e-01
2.803027629852294922e-01,-1.016158103942871094e+00,-4.188995361328125000e-01,3.003438711166381836e-01
2.793797850608825684e-01,-1.015697479248046875e+00,-4.187564253807067871e-01,3.000898361206054688e-01
2.784579098224639893e-01,-1.015236854553222656e+00,-4.186143875122070312e-01,2.998368144035339355e-01
2.775348722934722900e-01,-1.014775395393371582e+00,-4.184714555740356445e-01,2.995834350585937500e-01
2.766133248805999756e-01,-1.014311552047729492e+00,-4.183294475078582764e-01,2.993310093879699707e-01
2.756924033164978027e-01,-1.013846278190612793e+00,-4.181877672672271729e-01,2.990791499614715576e-01
2.747713923454284668e-01,-1.013380408287048340e+00,-4.180464148521423340e-01,2.988270223140716553e-01
2.738510370254516602e-01,-1.012912869453430176e+00,-4.179062843322753906e-01,2.985759973526000977e-01
2.729300260543823242e-01,-1.012444615364074707e+00,-4.177648425102233887e-01,2.983241975307464600e-01
2.720102071762084961e-01,-1.011976718902587891e+00,-4.176240563392639160e-01,2.980734109878540039e-01
2.710911929607391357e-01,-1.011504769325256348e+00,-4.174845218658447266e-01,2.978231608867645264e-01
2.701729238033294678e-01,-1.011032700538635254e+00,-4.173453152179718018e-01,2.975726425647735596e-01
2.692534029483795166e-01,-1.010562181472778320e+00,-4.172053337097167969e-01,2.973220646381378174e-01
2.683354318141937256e-01,-1.010088443756103516e+00,-4.170665442943572998e-01,2.970724403858184814e-01
2.674172222614288330e-01,-1.009614109992980957e+00,-4.169272780418395996e-01,2.968224883079528809e-01
2.665004432201385498e-01,-1.009138464927673340e+00,-4.167893528938293457e-01,2.965733408927917480e-01
2.655831873416900635e-01,-1.008662223815917969e+00,-4.166508316993713379e-01,2.963235676288604736e-01
2.646673321723937988e-01,-1.008185625076293945e+00,-4.165129959583282471e-01,2.960749864578247070e-01
2.637515962123870850e-01,-1.007708907127380371e+00,-4.163754880428314209e-01,2.958263456821441650e-01
2.628365457057952881e-01,-1.007230043411254883e+00,-4.162385761737823486e-01,2.955780029296875000e-01
2.619213163852691650e-01,-1.006750702857971191e+00,-4.161013066768646240e-01,2.953292131423950195e-01
2.610071003437042236e-01,-1.006270885467529297e+00,-4.159651696681976318e-01,2.950813472270965576e-01
2.600932419300079346e-01,-1.005789995193481445e+00,-4.158290028572082520e-01,2.948324680328369141e-01
2.591775059700012207e-01,-1.005303502082824707e+00,-4.156926274299621582e-01,2.945861220359802246e-01
2.582620680332183838e-01,-1.004813671112060547e+00,-4.155575931072235107e-01,2.943414151668548584e-01
2.573463618755340576e-01,-1.004323124885559082e+00,-4.154210984706878662e-01,2.940953969955444336e-01
2.564318478107452393e-01,-1.003830790519714355e+00,-4.152867496013641357e-01,2.938510775566101074e-01
2.555179297924041748e-01,-1.003337860107421875e+00,-4.151514172554016113e-01,2.936072349548339844e-01
2.546032071113586426e-01,-1.002844095230102539e+00,-4.150172173976898193e-01,2.933624088764190674e-01
2.536897361278533936e-01,-1.002348423004150391e+00,-4.148831367492675781e-01,2.931187450885772705e-01
2.527760863304138184e-01,-1.001852869987487793e+00,-4.147486686706542969e-01,2.928745448589324951e-01
2.518631219863891602e-01,-1.001355051994323730e+00,-4.146156907081604004e-01,2.926315069198608398e-01
2.509507536888122559e-01,-1.000856757164001465e+00,-4.144824445247650146e-01,2.923887670040130615e-01
2.500388324260711670e-01,-1.000357151031494141e+00,-4.143493771553039551e-01,2.921454906463623047e-01
2.491259276866912842e-01,-9.998571276664733887e-01,-4.142156839370727539e-01,2.919021546840667725e-01
2.482154220342636108e-01,-9.993555545806884766e-01,-4.140847325325012207e-01,2.916608154773712158e-01
2.473040819168090820e-01,-9.988529086112976074e-01,-4.139528870582580566e-01,2.914187014102935791e-01
2.463935315608978271e-01,-9.983503818511962891e-01,-4.138203859329223633e-01,2.911766469478607178e-01
2.454839646816253662e-01,-9.978444576263427734e-01,-4.136899709701538086e-01,2.909361422061920166e-01
2.445733249187469482e-01,-9.973399043083190918e-01,-4.135585427284240723e-01,2.906941175460815430e-01
2.436637580394744873e-01,-9.968323707580566406e-01,-4.134274423122406006e-01,2.904534041881561279e-01
2.427555173635482788e-01,-9.963244199752807617e-01,-4.132977426052093506e-01,2.902132868766784668e-01
2.418458312749862671e-01,-9.958173036575317383e-01,-4.131673872470855713e-01,2.899728119373321533e-01
2.409383952617645264e-01,-9.953068494796752930e-01,-4.130377471446990967e-01,2.897323668003082275e-01
2.400305420160293579e-01,-9.947972297668457031e-01,-4.129083156585693359e-01,2.894932925701141357e-01
2.391230762004852295e-01,-9.942857623100280762e-01,-4.127791523933410645e-01,2.892533242702484131e-01
2.382158637046813965e-01,-9.937732219696044922e-01,-4.126506745815277100e-01,2.890138924121856689e-01
2.373099923133850098e-01,-9.932590723037719727e-01,-4.125225841999053955e-01,2.887752652168273926e-01
2.364036738872528076e-01,-9.927447438240051270e-01,-4.123941659927368164e-01,2.885365784168243408e-01
2.354978322982788086e-01,-9.922295212745666504e-01,-4.122663438320159912e-01,2.882979214191436768e-01
2.345920801162719727e-01,-9.917144775390625000e-01,-4.121389091014862061e-01,2.880593240261077881e-01
2.336884289979934692e-01,-9.911966919898986816e-01,-4.120119810104370117e-01,2.878221571445465088e-01
2.327832877635955811e-01,-9.906786680221557617e-01,-4.118854403495788574e-01,2.875841557979583740e-01
2.318795621395111084e-01,-9.901590943336486816e-01,-4.117597341537475586e-01,2.873467504978179932e-01
2.309748381376266479e-01,-9.896404743194580078e-01,-4.116327762603759766e-01,2.871087789535522461e-01
2.300716638565063477e-01,-9.891186952590942383e-01,-4.115071296691894531e-01,2.868724167346954346e-01
2.291692495346069336e-01,-9.885976314544677734e-01,-4.113818407058715820e-01,2.866354882717132568e-01
2.282669991254806519e-01,-9.880743622779846191e-01,-4.112565219402313232e-01,2.863990068435668945e-01
2.273650467395782471e-01,-9.875506162643432617e-01,-4.111321270465850830e-01,2.861632704734802246e-01
2.264635562896728516e-01,-9.870257377624511719e-01,-4.110073149204254150e-01,2.859270870685577393e-01
2.255612760782241821e-01,-9.865017533302307129e-01,-4.108827710151672363e-01,2.856906354427337646e-01
2.246614843606948853e-01,-9.859743714332580566e-01,-4.107596874237060547e-01,2.854561805725097656e-01
2.237613648176193237e-01,-9.854469299316406250e-01,-4.106362164020538330e-01,2.852211296558380127e-01
2.228609621524810791e-01,-9.849197864532470703e-01,-4.105127453804016113e-01,2.849853336811065674e-01
2.219618409872055054e-01,-9.843899607658386230e-01,-4.103901088237762451e-01,2.847512960433959961e-01
2.219618409872055054e-01,-9.843899607658386230e-01,-4.103901088237762451e-01,2.847512960433959961e-01
2.219618409872055054e-01,-9.843899607658386230e-01,-4.103901088237762451e-01,2.847512960433959961e-01
2.055754959583282471e-01,-9.048501253128051758e-01,-4.289012849330902100e-01,3.141587078571319580e-01
1.869698166847229004e-01,-8.279835581779479980e-01,-4.405430853366851807e-01,3.392063975334167480e-01
1.675256639719009399e-01,-7.542636394500732422e-01,-4.474020004272460938e-01,3.608238995075225830e-01
1.481831818819046021e-01,-6.838681697845458984e-01,-4.509922862052917480e-01,3.797045350074768066e-01
1.296679228544235229e-01,-6.167200207710266113e-01,-4.526827335357666016e-01,3.964511156082153320e-01
1.122974082827568054e-01,-5.527213215827941895e-01,-4.531583487987518311e-01,4.114142358303070068e-01
9.619514644145965576e-02,-4.917797744274139404e-01,-4.527659416198730469e-01,4.248171746730804443e-01
8.145257830619812012e-02,-4.337285459041595459e-01,-4.518664479255676270e-01,4.368738532066345215e-01
6.807243824005126953e-02,-3.784558773040771484e-01,-4.506313204765319824e-01,4.477223455905914307e-01
5.603687465190887451e-02,-3.258111774921417236e-01,-4.492217898368835449e-01,4.574934244155883789e-01
4.529506713151931763e-02,-2.756734192371368408e-01,-4.477162957191467285e-01,4.662819206714630127e-01
3.579168021678924561e-02,-2.279164642095565796e-01,-4.461950957775115967e-01,4.741789400577545166e-01
2.746322192251682281e-02,-1.823781132698059082e-01,-4.447365701198577881e-01,4.812711775302886963e-01
2.024416439235210419e-02,-1.389213800430297852e-01,-4.434041678905487061e-01,4.876333177089691162e-01
1.404525432735681534e-02,-9.747998416423797607e-02,-4.421379566192626953e-01,4.933038353919982910e-01
8.802567608654499054e-03,-5.792086198925971985e-02,-4.409919977188110352e-01,4.983466267585754395e-01
4.444732330739498138e-03,-2.015761099755764008e-02,-4.399520754814147949e-01,5.028065443038940430e-01
9.026628686115145683e-04,1.589302532374858856e-02,-4.390092194080352783e-01,5.067241787910461426e-01
-1.882237382233142853e-03,5.033005028963088989e-02,-4.381759762763977051e-01,5.101451873779296875e-01
-3.974864259362220764e-03,8.321155607700347900e-02,-4.374168515205383301e-01,5.130992531776428223e-01
-5.427782889455556870e-03,1.146258711814880371e-01,-4.367406368255615234e-01,5.156257152557373047e-01
-6.293494254350662231e-03,1.446358710527420044e-01,-4.361359179019927979e-01,5.177551507949829102e-01
-6.620608270168304443e-03,1.733057796955108643e-01,-4.355947375297546387e-01,5.195175409317016602e-01
-6.454190239310264587e-03,2.007028162479400635e-01,-4.351119399070739746e-01,5.209421515464782715e-01
-5.836448632180690765e-03,2.268807291984558105e-01,-4.346845746040344238e-01,5.220554471015930176e-01
-4.807964898645877838e-03,2.519012689590454102e-01,-4.343072474002838135e-01,5.228820443153381348e-01
-3.404480405151844025e-03,2.758187353610992432e-01,-4.339757561683654785e-01,5.234460234642028809e-01
-1.661398448050022125e-03,2.986868023872375488e-01,-4.336854219436645508e-01,5.237687230110168457e-01
3.893133252859115601e-04,3.205564916133880615e-01,-4.334325194358825684e-01,5.238705873489379883e-01
2.717444673180580139e-03,3.414654731750488281e-01,-4.332151114940643311e-01,5.237715244293212891e-01
5.295190960168838501e-03,3.614660501480102539e-01,-4.330288469791412354e-01,5.234876275062561035e-01
8.096791803836822510e-03,3.806037306785583496e-01,-4.328716397285461426e-01,5.230366587638854980e-01
1.109876111149787903e-02,3.989202976226806641e-01,-4.327407479286193848e-01,5.224334597587585449e-01
1.427907682955265045e-02,4.164577722549438477e-01,-4.326333105564117432e-01,5.216915607452392578e-01
1.761305890977382660e-02,4.332298934459686279e-01,-4.325471222400665283e-01,5.208262205123901367e-01
2.108252234756946564e-02,4.492858946323394775e-01,-4.324791431427001953e-01,5.198484063148498535e-01
2.467212826013565063e-02,4.646639525890350342e-01,-4.324299395084381104e-01,5.187703967094421387e-01
2.836395055055618286e-02,4.793949127197265625e-01,-4.323955178260803223e-01,5.176015496253967285e-01
3.214388340711593628e-02,4.935136437416076660e-01,-4.323761761188507080e-01,5.163524150848388672e-01
3.599194809794425964e-02,5.070216655731201172e-01,-4.323664903640747070e-01,5.150336623191833496e-01
3.989876806735992432e-02,5.199628472328186035e-01,-4.323661923408508301e-01,5.136526823043823242e-01
4.385191947221755981e-02,5.323660373687744141e-01,-4.323755502700805664e-01,5.122170448303222656e-01
4.784055054187774658e-02,5.442539453506469727e-01,-4.323919713497161865e-01,5.107343792915344238e-01
5.185635387897491455e-02,5.556542873382568359e-01,-4.324148893356323242e-01,5.092110633850097656e-01
5.588166788220405579e-02,5.665704607963562012e-01,-4.324409663677215576e-01,5.076539516448974609e-01
5.991385877132415771e-02,5.770350694656372070e-01,-4.324711561203002930e-01,5.060703158378601074e-01
6.394283473491668701e-02,5.870683789253234863e-01,-4.325035214424133301e-01,5.044630765914916992e-01
6.796379387378692627e-02,5.966912508010864258e-01,-4.325377941131591797e-01,5.028384327888488770e-01
7.196970283985137939e-02,6.059246063232421875e-01,-4.325736165046691895e-01,5.011990666389465332e-01
7.595099508762359619e-02,6.147760748863220215e-01,-4.326088428497314453e-01,4.995516538619995117e-01
7.990394532680511475e-02,6.232672333717346191e-01,-4.326441586017608643e-01,4.978993237018585205e-01
8.382324874401092529e-02,6.314135789871215820e-01,-4.326774775981903076e-01,4.962446093559265137e-01
8.770533651113510132e-02,6.392304301261901855e-01,-4.327104389667510986e-01,4.945916831493377686e-01
9.154507517814636230e-02,6.467324495315551758e-01,-4.327412843704223633e-01,4.929430186748504639e-01
9.533910453319549561e-02,6.539331674575805664e-01,-4.327700734138488770e-01,4.913009405136108398e-01
9.908460825681686401e-02,6.608454585075378418e-01,-4.327952861785888672e-01,4.896684885025024414e-01
1.027777194976806641e-01,6.674820184707641602e-01,-4.328177571296691895e-01,4.880468845367431641e-01
1.064169257879257202e-01,6.738543510437011719e-01,-4.328376650810241699e-01,4.864398539066314697e-01
1.099989116191864014e-01,6.799750328063964844e-01,-4.328543543815612793e-01,4.848478436470031738e-01
1.135209575295448303e-01,6.858507394790649414e-01,-4.328660070896148682e-01,4.832720458507537842e-01
1.169815659523010254e-01,6.914930343627929688e-01,-4.328727424144744873e-01,4.817147850990295410e-01
1.203798353672027588e-01,6.969124078750610352e-01,-4.328759312629699707e-01,4.801776111125946045e-01
1.237144768238067627e-01,7.021175622940063477e-01,-4.328749477863311768e-01,4.786622524261474609e-01
1.269822567701339722e-01,7.071170806884765625e-01,-4.328688979148864746e-01,4.771679043769836426e-01
1.301829218864440918e-01,7.119173407554626465e-01,-4.328570961952209473e-01,4.756969511508941650e-01
1.333158314228057861e-01,7.165282368659973145e-01,-4.328413903713226318e-01,4.742499589920043945e-01
1.363794356584548950e-01,7.209555506706237793e-01,-4.328197836875915527e-01,4.728280901908874512e-01
1.393737941980361938e-01,7.252061367034912109e-01,-4.327934384346008301e-01,4.714328050613403320e-01
1.422966122627258301e-01,7.292873859405517578e-01,-4.327616989612579346e-01,4.700628519058227539e-01
1.451543718576431274e-01,7.332146167755126953e-01,-4.327256679534912109e-01,4.687169790267944336e-01
1.479471623897552490e-01,7.369942665100097656e-01,-4.326861500740051270e-01,4.673964381217956543e-01
1.506700813770294189e-01,7.406277656555175781e-01,-4.326421618461608887e-01,4.661006629467010498e-01
1.533261537551879883e-01,7.441201210021972656e-01,-4.325931072235107422e-01,4.648333191871643066e-01
1.559136509895324707e-01,7.474771738052368164e-01,-4.325399994850158691e-01,4.635919034481048584e-01
1.584331691265106201e-01,7.507044076919555664e-01,-4.324826598167419434e-01,4.623771905899047852e-01
1.608843654394149780e-01,7.538071274757385254e-01,-4.324208498001098633e-01,4.611889421939849854e-01
1.632682830095291138e-01,7.567882537841796875e-01,-4.323544502258300781e-01,4.600282013416290283e-01
1.655844449996948242e-01,7.596548199653625488e-01,-4.322848320007324219e-01,4.588939547538757324e-01
1.678339093923568726e-01,7.624098062515258789e-01,-4.322108626365661621e-01,4.577870070934295654e-01
1.700207144021987915e-01,7.650609612464904785e-01,-4.321328997611999512e-01,4.567051827907562256e-01
1.721464246511459351e-01,7.676147818565368652e-01,-4.320511519908905029e-01,4.556474685668945312e-01
1.742094308137893677e-01,7.700706124305725098e-01,-4.319655001163482666e-01,4.546159803867340088e-01
1.762105077505111694e-01,7.724344134330749512e-01,-4.318771958351135254e-01,4.536097645759582520e-01
1.781495511531829834e-01,7.747074365615844727e-01,-4.317846894264221191e-01,4.526290893554687500e-01
1.800277829170227051e-01,7.768932580947875977e-01,-4.316883683204650879e-01,4.516728520393371582e-01
1.818461418151855469e-01,7.789966464042663574e-01,-4.315888881683349609e-01,4.507410526275634766e-01
1.836052238941192627e-01,7.810196280479431152e-01,-4.314872622489929199e-01,4.498345255851745605e-01
1.853044182062149048e-01,7.829651832580566406e-01,-4.313817918300628662e-01,4.489511549472808838e-01
1.869472265243530273e-01,7.848358154296875000e-01,-4.312733709812164307e-01,4.480928182601928711e-01
1.885344684123992920e-01,7.866377830505371094e-01,-4.311619400978088379e-01,4.472559392452239990e-01
1.900704503059387207e-01,7.883746623992919922e-01,-4.310480952262878418e-01,4.464408159255981445e-01
1.915533244609832764e-01,7.900473475456237793e-01,-4.309324026107788086e-01,4.456475973129272461e-01
1.929831951856613159e-01,7.916577458381652832e-01,-4.308138489723205566e-01,4.448762834072113037e-01
1.943619549274444580e-01,7.932083606719970703e-01,-4.306931495666503906e-01,4.441269636154174805e-01
1.956899315118789673e-01,7.947005033493041992e-01,-4.305703639984130859e-01,4.433977901935577393e-01
1.969668865203857422e-01,7.961363792419433594e-01,-4.304443597793579102e-01,4.426886737346649170e-01
1.981966495513916016e-01,7.975187301635742188e-01,-4.303175508975982666e-01,4.420010745525360107e-01
1.993772089481353760e-01,7.988502979278564453e-01,-4.301888346672058105e-01,4.413334727287292480e-01
2.005103677511215210e-01,8.001298904418945312e-01,-4.300570785999298096e-01,4.406850337982177734e-01
2.016004174947738647e-01,8.013649582862854004e-01,-4.299256801605224609e-01,4.400564134120941162e-01
2.026464939117431641e-01,8.025560975074768066e-01,-4.297911524772644043e-01,4.394434392452239990e-01
2.036499083042144775e-01,8.037049770355224609e-01,-4.296559393405914307e-01,4.388487637042999268e-01
2.046103924512863159e-01,8.048111200332641602e-01,-4.295196533203125000e-01,4.382716715335845947e-01
2.055295258760452271e-01,8.058773279190063477e-01,-4.293822050094604492e-01,4.377116262912750244e-01
2.064094096422195435e-01,8.069059848785400391e-01,-4.292444586753845215e-01,4.371694326400756836e-01
2.072477042675018311e-01,8.078962564468383789e-01,-4.291041493415832520e-01,4.366424381732940674e-01
2.080485075712203979e-01,8.088506460189819336e-01,-4.289641380310058594e-01,4.361326396465301514e-01
2.088098824024200439e-01,8.097697496414184570e-01,-4.288225769996643066e-01,4.356379210948944092e-01
2.095338404178619385e-01,8.106568455696105957e-01,-4.286803007125854492e-01,4.351587891578674316e-01
2.102219164371490479e-01,8.115112185478210449e-01,-4.285373091697692871e-01,4.346945285797119141e-01
2.108758240938186646e-01,8.123369216918945312e-01,-4.283944368362426758e-01,4.342439174652099609e-01
2.114961743354797363e-01,8.131337165832519531e-01,-4.282510876655578613e-01,4.338071644306182861e-01
2.120826095342636108e-01,8.139024972915649414e-01,-4.281066656112670898e-01,4.333843588829040527e-01
2.126366496086120605e-01,8.146441578865051270e-01,-4.279630184173583984e-01,4.329749345779418945e-01
2.131584286689758301e-01,8.153612017631530762e-01,-4.278188943862915039e-01,4.325782954692840576e-01
2.136498391628265381e-01,8.160530328750610352e-01,-4.276748001575469971e-01,4.321947097778320312e-01
2.141101360321044922e-01,8.167196512222290039e-01,-4.275305867195129395e-01,4.318234026432037354e-01
2.145410925149917603e-01,8.173657655715942383e-01,-4.273872375488281250e-01,4.314635097980499268e-01
2.149436175823211670e-01,8.179882764816284180e-01,-4.272427558898925781e-01,4.311153888702392578e-01
2.153180837631225586e-01,8.185902833938598633e-01,-4.270991683006286621e-01,4.307791590690612793e-01
2.156649529933929443e-01,8.191727995872497559e-01,-4.269554316997528076e-01,4.304533004760742188e-01
2.159852683544158936e-01,8.197360038757324219e-01,-4.268122911453247070e-01,4.301379621028900146e-01
2.162804603576660156e-01,8.202811479568481445e-01,-4.266701340675354004e-01,4.298334121704101562e-01
2.165501713752746582e-01,8.208078145980834961e-01,-4.265280961990356445e-01,4.295387566089630127e-01
2.167953848838806152e-01,8.213171958923339844e-01,-4.263864457607269287e-01,4.292539060115814209e-01
2.170171141624450684e-01,8.218117952346801758e-01,-4.262457489967346191e-01,4.289782941341400146e-01
2.172162234783172607e-01,8.222907781600952148e-01,-4.261051118373870850e-01,4.287123084068298340e-01
2.173934280872344971e-01,8.227546215057373047e-01,-4.259656369686126709e-01,4.284552633762359619e-01
2.175479531288146973e-01,8.232046961784362793e-01,-4.258267283439636230e-01,4.282053112983703613e-01
2.176823616027832031e-01,8.236415386199951172e-01,-4.256892800331115723e-01,4.279654920101165771e-01
2.177939713001251221e-01,8.240646123886108398e-01,-4.255524873733520508e-01,4.277329742908477783e-01
2.178850769996643066e-01,8.244743347167968750e-01,-4.254157543182373047e-01,4.275082051753997803e-01
2.179576456546783447e-01,8.248726129531860352e-01,-4.252807497978210449e-01,4.272925257682800293e-01
2.180110514163970947e-01,8.252602219581604004e-01,-4.251468181610107422e-01,4.270842373371124268e-01
2.180444449186325073e-01,8.256356716156005859e-01,-4.250134825706481934e-01,4.268822073936462402e-01
2.180590629577636719e-01,8.259999752044677734e-01,-4.248805046081542969e-01,4.266873002052307129e-01
2.180573642253875732e-01,8.263549804687500000e-01,-4.247494935989379883e-01,4.264999032020568848e-01
2.180379033088684082e-01,8.266999721527099609e-01,-4.246190190315246582e-01,4.263193011283874512e-01
2.180029451847076416e-01,8.270359635353088379e-01,-4.244907200336456299e-01,4.261460900306701660e-01
2.179490923881530762e-01,8.273618221282958984e-01,-4.243616461753845215e-01,4.259773790836334229e-01
2.178810834884643555e-01,8.276810646057128906e-01,-4.242359399795532227e-01,4.258157908916473389e-01
2.177968621253967285e-01,8.279911279678344727e-01,-4.241110384464263916e-01,4.256602823734283447e-01
2.176977843046188354e-01,8.282924294471740723e-01,-4.239862561225891113e-01,4.255101084709167480e-01
2.175829112529754639e-01,8.285878300666809082e-01,-4.238633215427398682e-01,4.253656268119812012e-01
2.174547612667083740e-01,8.288749456405639648e-01,-4.237418174743652344e-01,4.252266585826873779e-01
2.173117995262145996e-01,8.291548490524291992e-01,-4.236205816268920898e-01,4.250928461551666260e-01
2.171561866998672485e-01,8.294285535812377930e-01,-4.235015511512756348e-01,4.249649345874786377e-01
2.169867753982543945e-01,8.296966552734375000e-01,-4.233840107917785645e-01,4.248411357402801514e-01
2.168048173189163208e-01,8.299577236175537109e-01,-4.232679009437561035e-01,4.247232973575592041e-01
2.166086137294769287e-01,8.302132487297058105e-01,-4.231516122817993164e-01,4.246086478233337402e-01
2.164091765880584717e-01,8.304703235626220703e-01,-4.230389893054962158e-01,4.244965910911560059e-01
2.161987572908401489e-01,8.307230472564697266e-01,-4.229277968406677246e-01,4.243879020214080811e-01
2.159772217273712158e-01,8.309724926948547363e-01,-4.228184223175048828e-01,4.242827296257019043e-01
2.157468199729919434e-01,8.312177658081054688e-01,-4.227098822593688965e-01,4.241818487644195557e-01
2.155070304870605469e-01,8.314610123634338379e-01,-4.226036071777343750e-01,4.240836203098297119e-01
2.152583897113800049e-01,8.317012786865234375e-01,-4.224994480609893799e-01,4.239897131919860840e-01
2.149997949600219727e-01,8.319379091262817383e-01,-4.223954677581787109e-01,4.238977432250976562e-01
2.147335112094879150e-01,8.321729302406311035e-01,-4.222946166992187500e-01,4.238096773624420166e-01
2.144582420587539673e-01,8.324046134948730469e-01,-4.221941828727722168e-01,4.237238168716430664e-01
2.141771018505096436e-01,8.326364755630493164e-01,-4.220972061157226562e-01,4.236422181129455566e-01
2.138867080211639404e-01,8.328652381896972656e-01,-4.220008552074432373e-01,4.235619008541107178e-01
2.135888338088989258e-01,8.330920934677124023e-01,-4.219060242176055908e-01,4.234841763973236084e-01
2.132846713066101074e-01,8.333190679550170898e-01,-4.218133985996246338e-01,4.234094321727752686e-01
2.129728645086288452e-01,8.335427045822143555e-01,-4.217217862606048584e-01,4.233361184597015381e-01
2.126557230949401855e-01,8.337666988372802734e-01,-4.216326475143432617e-01,4.232662022113800049e-01
2.123309075832366943e-01,8.339894413948059082e-01,-4.215447306632995605e-01,4.231976866722106934e-01
2.120012640953063965e-01,8.342108726501464844e-01,-4.214587211608886719e-01,4.231314361095428467e-01
2.116657793521881104e-01,8.344334363937377930e-01,-4.213749766349792480e-01,4.230679273605346680e-01
2.113238573074340820e-01,8.346545696258544922e-01,-4.212925136089324951e-01,4.230056107044219971e-01
2.109759300947189331e-01,8.348747491836547852e-01,-4.212120473384857178e-01,4.229446649551391602e-01
2.106222212314605713e-01,8.350937962532043457e-01,-4.211328625679016113e-01,4.228872060775756836e-01
2.102608978748321533e-01,8.353108167648315430e-01,-4.210551381111145020e-01,4.228300452232360840e-01
2.098964303731918335e-01,8.355278372764587402e-01,-4.209786057472229004e-01,4.227767288684844971e-01
2.095243632793426514e-01,8.357458114624023438e-01,-4.209048748016357422e-01,4.227237105369567871e-01
2.091486155986785889e-01,8.359618186950683594e-01,-4.208320975303649902e-01,4.226737022399902344e-01
2.087667733430862427e-01,8.361777067184448242e-01,-4.207612574100494385e-01,4.226247668266296387e-01
2.083813250064849854e-01,8.363937139511108398e-01,-4.206920862197875977e-01,4.225780963897705078e-01
2.079890221357345581e-01,8.366090059280395508e-01,-4.206244349479675293e-01,4.225328266620635986e-01
2.075913846492767334e-01,8.368226885795593262e-01,-4.205582439899444580e-01,4.224880635738372803e-01
2.071893513202667236e-01,8.370369672775268555e-01,-4.204933643341064453e-01,4.224467575550079346e-01
2.067825794219970703e-01,8.372510671615600586e-01,-4.204303026199340820e-01,4.224063158035278320e-01
2.063708901405334473e-01,8.374645709991455078e-01,-4.203689992427825928e-01,4.223682880401611328e-01
2.059529721736907959e-01,8.376770019531250000e-01,-4.203088879585266113e-01,4.223310947418212891e-01
2.055300772190093994e-01,8.378883004188537598e-01,-4.202501177787780762e-01,4.222955703735351562e-01
2.051034569740295410e-01,8.380991816520690918e-01,-4.201935529708862305e-01,4.222632050514221191e-01
2.046694755554199219e-01,8.383086323738098145e-01,-4.201377034187316895e-01,4.222308993339538574e-01
2.042319178581237793e-01,8.385180830955505371e-01,-4.200834631919860840e-01,4.222021996974945068e-01
2.037870585918426514e-01,8.387244939804077148e-01,-4.200299978256225586e-01,4.221738576889038086e-01
2.033454477787017822e-01,8.389368057250976562e-01,-4.199791848659515381e-01,4.221453964710235596e-01
2.029044330120086670e-01,8.391534090042114258e-01,-4.199303984642028809e-01,4.221162199974060059e-01
2.024589180946350098e-01,8.393697738647460938e-01,-4.198827743530273438e-01,4.220874011516571045e-01
2.020106315612792969e-01,8.395875096321105957e-01,-4.198374748229980469e-01,4.220600724220275879e-01
2.015609741210937500e-01,8.398060202598571777e-01,-4.197928905487060547e-01,4.220347106456756592e-01
2.011067569255828857e-01,8.400248289108276367e-01,-4.197508096694946289e-01,4.220094680786132812e-01
2.006494700908660889e-01,8.402429223060607910e-01,-4.197090268135070801e-01,4.219854474067687988e-01
2.001884132623672485e-01,8.404626846313476562e-01,-4.196696281433105469e-01,4.219615459442138672e-01
1.997239738702774048e-01,8.406816720962524414e-01,-4.196305871009826660e-01,4.219386279582977295e-01
1.992579996585845947e-01,8.409031629562377930e-01,-4.195942282676696777e-01,4.219180941581726074e-01
1.987890899181365967e-01,8.411222696304321289e-01,-4.195587337017059326e-01,4.218985438346862793e-01
1.983154714107513428e-01,8.413432240486145020e-01,-4.195241928100585938e-01,4.218788743019104004e-01
1.978385746479034424e-01,8.415639996528625488e-01,-4.194912016391754150e-01,4.218598008155822754e-01
1.973595619201660156e-01,8.417844176292419434e-01,-4.194595813751220703e-01,4.218427538871765137e-01
1.968775987625122070e-01,8.420059680938720703e-01,-4.194299578666687012e-01,4.218268096446990967e-01
1.963917016983032227e-01,8.422276377677917480e-01,-4.194012284278869629e-01,4.218115806579589844e-01
1.959033608436584473e-01,8.424484729766845703e-01,-4.193734228610992432e-01,4.217976331710815430e-01
1.954099386930465698e-01,8.426690101623535156e-01,-4.193467497825622559e-01,4.217840135097503662e-01
1.949177682399749756e-01,8.428919911384582520e-01,-4.193217754364013672e-01,4.217706918716430664e-01
1.944276690483093262e-01,8.431207537651062012e-01,-4.192993044853210449e-01,4.217567145824432373e-01
1.939357966184616089e-01,8.433496356010437012e-01,-4.192776083946228027e-01,4.217435717582702637e-01
1.934416592121124268e-01,8.435789346694946289e-01,-4.192572832107543945e-01,4.217300117015838623e-01
1.929456293582916260e-01,8.438096642494201660e-01,-4.192380905151367188e-01,4.217167496681213379e-01
1.924491226673126221e-01,8.440420627593994141e-01,-4.192209243774414062e-01,4.217052459716796875e-01
1.919505894184112549e-01,8.442747592926025391e-01,-4.192042946815490723e-01,4.216934442520141602e-01
1.914497911930084229e-01,8.445086479187011719e-01,-4.191896021366119385e-01,4.216822385787963867e-01
1.909470260143280029e-01,8.447432518005371094e-01,-4.191755950450897217e-01,4.216708540916442871e-01
1.904443502426147461e-01,8.449801802635192871e-01,-4.191636443138122559e-01,4.216607213020324707e-01
1.899397075176239014e-01,8.452175259590148926e-01,-4.191521406173706055e-01,4.216509163379669189e-01
1.894331276416778564e-01,8.454552888870239258e-01,-4.191423356533050537e-01,4.216409325599670410e-01
1.889252364635467529e-01,8.456947207450866699e-01,-4.191338419914245605e-01,4.216319322586059570e-01
1.884163320064544678e-01,8.459348082542419434e-01,-4.191264212131500244e-01,4.216229021549224854e-01
1.879067420959472656e-01,8.461756706237792969e-01,-4.191204607486724854e-01,4.216150641441345215e-01
1.873947978019714355e-01,8.464190363883972168e-01,-4.191154837608337402e-01,4.216064512729644775e-01
1.868818104267120361e-01,8.466621637344360352e-01,-4.191116988658905029e-01,4.215983748435974121e-01
1.863675415515899658e-01,8.469065427780151367e-01,-4.191095232963562012e-01,4.215909540653228760e-01
1.858538389205932617e-01,8.471520543098449707e-01,-4.191080331802368164e-01,4.215842187404632568e-01
1.853390187025070190e-01,8.473996520042419434e-01,-4.191077053546905518e-01,4.215764105319976807e-01
1.848236769437789917e-01,8.476490974426269531e-01,-4.191094636917114258e-01,4.215684831142425537e-01
1.843080520629882812e-01,8.478987216949462891e-01,-4.191111326217651367e-01,4.215616583824157715e-01
1.837914437055587769e-01,8.481511473655700684e-01,-4.191146492958068848e-01,4.215545654296875000e-01
1.832752525806427002e-01,8.484047651290893555e-01,-4.191200733184814453e-01,4.215480089187622070e-01
1.827578246593475342e-01,8.486599922180175781e-01,-4.191262125968933105e-01,4.215412735939025879e-01
1.822390407323837280e-01,8.489148616790771484e-01,-4.191325306892395020e-01,4.215341210365295410e-01
1.817206293344497681e-01,8.491724133491516113e-01,-4.191409945487976074e-01,4.215281307697296143e-01
1.812024116516113281e-01,8.494319915771484375e-01,-4.191505610942840576e-01,4.215218126773834229e-01
1.806825995445251465e-01,8.496917486190795898e-01,-4.191609621047973633e-01,4.215152561664581299e-01
1.801624596118927002e-01,8.499523997306823730e-01,-4.191722869873046875e-01,4.215089380741119385e-01
1.796414256095886230e-01,8.502151966094970703e-01,-4.191848933696746826e-01,4.215020537376403809e-01
1.791211068630218506e-01,8.504786491394042969e-01,-4.191988706588745117e-01,4.214960038661956787e-01
1.785998642444610596e-01,8.507439494132995605e-01,-4.192135334014892578e-01,4.214900434017181396e-01
1.780789941549301147e-01,8.510100841522216797e-01,-4.192293882369995117e-01,4.214841127395629883e-01
1.775575280189514160e-01,8.512786626815795898e-01,-4.192466139793395996e-01,4.214774966239929199e-01
1.770364195108413696e-01,8.515481948852539062e-01,-4.192643761634826660e-01,4.214718341827392578e-01
1.765140593051910400e-01,8.518187403678894043e-01,-4.192831516265869141e-01,4.214655160903930664e-01
1.759921312332153320e-01,8.520907163619995117e-01,-4.193035662174224854e-01,4.214588999748229980e-01
1.754708439111709595e-01,8.523640036582946777e-01,-4.193248152732849121e-01,4.214536845684051514e-01
1.749486178159713745e-01,8.526381850242614746e-01,-4.193464517593383789e-01,4.214470982551574707e-01
1.744258701801300049e-01,8.529138565063476562e-01,-4.193695485591888428e-01,4.214402735233306885e-01
1.739036887884140015e-01,8.531911373138427734e-01,-4.193936586380004883e-01,4.214342236518859863e-01
1.733810901641845703e-01,8.534692525863647461e-01,-4.194179475307464600e-01,4.214277565479278564e-01
1.728600561618804932e-01,8.537499904632568359e-01,-4.194447100162506104e-01,4.214226603507995605e-01
1.723371148109436035e-01,8.540303707122802734e-01,-4.194712340831756592e-01,4.214155673980712891e-01
1.718148291110992432e-01,8.543123006820678711e-01,-4.194990694522857666e-01,4.214091598987579346e-01
1.712938845157623291e-01,8.545970916748046875e-01,-4.195289313793182373e-01,4.214038848876953125e-01
1.707713305950164795e-01,8.548815846443176270e-01,-4.195584058761596680e-01,4.213971793651580811e-01
1.702494621276855469e-01,8.551678657531738281e-01,-4.195895195007324219e-01,4.213910102844238281e-01
1.697270572185516357e-01,8.554546833038330078e-01,-4.196206629276275635e-01,4.213838279247283936e-01
1.692058742046356201e-01,8.557439446449279785e-01,-4.196535944938659668e-01,4.213778078556060791e-01
1.686837077140808105e-01,8.560330271720886230e-01,-4.196866452693939209e-01,4.213714599609375000e-01
1.681617796421051025e-01,8.563240766525268555e-01,-4.197213053703308105e-01,4.213648438453674316e-01
1.676406413316726685e-01,8.566167354583740234e-01,-4.197566211223602295e-01,4.213580489158630371e-01
1.671181321144104004e-01,8.569090366363525391e-01,-4.197925329208374023e-01,4.213512837886810303e-01
1.665975004434585571e-01,8.572043776512145996e-01,-4.198296666145324707e-01,4.213443398475646973e-01
1.660776287317276001e-01,8.575000762939453125e-01,-4.198674559593200684e-01,4.213376045227050781e-01
1.655582934617996216e-01,8.577980399131774902e-01,-4.199056327342987061e-01,4.213310182094573975e-01
1.650372147560119629e-01,8.580962419509887695e-01,-4.199457764625549316e-01,4.213227629661560059e-01
1.645179986953735352e-01,8.583953976631164551e-01,-4.199857115745544434e-01,4.213157594203948975e-01
1.639988273382186890e-01,8.586962223052978516e-01,-4.200273156166076660e-01,4.213088452816009521e-01
1.634792387485504150e-01,8.589974641799926758e-01,-4.200691580772399902e-01,4.213011562824249268e-01
1.629619896411895752e-01,8.593013286590576172e-01,-4.201117753982543945e-01,4.212946295738220215e-01
1.624421179294586182e-01,8.596051931381225586e-01,-4.201548695564270020e-01,4.212858676910400391e-01
1.619251370429992676e-01,8.599103689193725586e-01,-4.201993048191070557e-01,4.212792217731475830e-01
1.614069342613220215e-01,8.602172732353210449e-01,-4.202446043491363525e-01,4.212709069252014160e-01
1.608888804912567139e-01,8.605241179466247559e-01,-4.202901124954223633e-01,4.212622940540313721e-01
1.603717654943466187e-01,8.608328104019165039e-01,-4.203370809555053711e-01,4.212545454502105713e-01
1.598555594682693481e-01,8.611422181129455566e-01,-4.203846454620361328e-01,4.212469160556793213e-01
1.593389511108398438e-01,8.614532351493835449e-01,-4.204326868057250977e-01,4.212386310100555420e-01
1.588221192359924316e-01,8.617639541625976562e-01,-4.204806089401245117e-01,4.212300181388854980e-01
1.583057641983032227e-01,8.620766997337341309e-01,-4.205305576324462891e-01,4.212213754653930664e-01
1.577908694744110107e-01,8.623900413513183594e-01,-4.205804467201232910e-01,4.212138354778289795e-01
1.572752892971038818e-01,8.627041578292846680e-01,-4.206311106681823730e-01,4.212048649787902832e-01
1.567603200674057007e-01,8.630197644233703613e-01,-4.206824302673339844e-01,4.211959838867187500e-01
1.562458425760269165e-01,8.633358478546142578e-01,-4.207348823547363281e-01,4.211876392364501953e-01
1.557324379682540894e-01,8.636542558670043945e-01,-4.207883477210998535e-01,4.211795330047607422e-01
1.552173644304275513e-01,8.639708757400512695e-01,-4.208416342735290527e-01,4.211699962615966797e-01
1.547040343284606934e-01,8.642901778221130371e-01,-4.208959639072418213e-01,4.211620986461639404e-01
1.541910767555236816e-01,8.646100759506225586e-01,-4.209510684013366699e-01,4.211530983448028564e-01
1.536785513162612915e-01,8.649299144744873047e-01,-4.210058450698852539e-01,4.211450815200805664e-01
1.531654745340347290e-01,8.652517795562744141e-01,-4.210624992847442627e-01,4.211359918117523193e-01
1.526516377925872803e-01,8.655727505683898926e-01,-4.211184978485107422e-01,4.211260080337524414e-01
1.521398723125457764e-01,8.658959865570068359e-01,-4.211758971214294434e-01,4.211175441741943359e-01
1.516271382570266724e-01,8.662190437316894531e-01,-4.212332665920257568e-01,4.211081266403198242e-01
1.511161625385284424e-01,8.665428757667541504e-01,-4.212919473648071289e-01,4.210998415946960449e-01
1.506042033433914185e-01,8.668680787086486816e-01,-4.213516116142272949e-01,4.210907816886901855e-01
1.500923782587051392e-01,8.671932220458984375e-01,-4.214110374450683594e-01,4.210816323757171631e-01
1.495810449123382568e-01,8.675186634063720703e-01,-4.214707612991333008e-01,4.210728108882904053e-01
1.490697711706161499e-01,8.678447008132934570e-01,-4.215309023857116699e-01,4.210638999938964844e-01
1.485582292079925537e-01,8.681710362434387207e-01,-4.215922653675079346e-01,4.210546612739562988e-01
1.480481028556823730e-01,8.685002326965332031e-01,-4.216544032096862793e-01,4.210448265075683594e-01
1.475399434566497803e-01,8.688305616378784180e-01,-4.217171669006347656e-01,4.210352301597595215e-01
1.470324695110321045e-01,8.691611289978027344e-01,-4.217801690101623535e-01,4.210259318351745605e-01
1.465238630771636963e-01,8.694921731948852539e-01,-4.218435585498809814e-01,4.210151433944702148e-01
1.460174024105072021e-01,8.698253631591796875e-01,-4.219076633453369141e-01,4.210068583488464355e-01
1.455098092555999756e-01,8.701574206352233887e-01,-4.219726920127868652e-01,4.209962785243988037e-01
1.450019776821136475e-01,8.704892396926879883e-01,-4.220371842384338379e-01,4.209851622581481934e-01
1.444972604513168335e-01,8.708238601684570312e-01,-4.221033155918121338e-01,4.209764897823333740e-01
1.439905613660812378e-01,8.711581826210021973e-01,-4.221693277359008789e-01,4.209662079811096191e-01
1.434852629899978638e-01,8.714941740036010742e-01,-4.222362041473388672e-01,4.209564328193664551e-01
1.429797410964965820e-01,8.718296289443969727e-01,-4.223034381866455078e-01,4.209464490413665771e-01
1.424735039472579956e-01,8.721642494201660156e-01,-4.223703742027282715e-01,4.209355115890502930e-01
1.419681608676910400e-01,8.725014925003051758e-01,-4.224387109279632568e-01,4.209250211715698242e-01
1.414633691310882568e-01,8.728379011154174805e-01,-4.225073456764221191e-01,4.209148883819580078e-01
1.409596353769302368e-01,8.731760978698730469e-01,-4.225766062736511230e-01,4.209053516387939453e-01
1.404552161693572998e-01,8.735139369964599609e-01,-4.226455092430114746e-01,4.208951294422149658e-01
1.399509608745574951e-01,8.738523125648498535e-01,-4.227157235145568848e-01,4.208847582340240479e-01
1.394472122192382812e-01,8.741912245750427246e-01,-4.227861166000366211e-01,4.208745956420898438e-01
1.389437615871429443e-01,8.745301961898803711e-01,-4.228568077087402344e-01,4.208653271198272705e-01
1.384389996528625488e-01,8.748685717582702637e-01,-4.229272007942199707e-01,4.208536744117736816e-01
1.379363387823104858e-01,8.752087950706481934e-01,-4.229993224143981934e-01,4.208444952964782715e-01
1.374329626560211182e-01,8.755494356155395508e-01,-4.230714142322540283e-01,4.208342432975769043e-01
1.369301676750183105e-01,8.758891224861145020e-01,-4.231436848640441895e-01,4.208243489265441895e-01
1.364265680313110352e-01,8.762295246124267578e-01,-4.232162535190582275e-01,4.208138883113861084e-01
1.359232068061828613e-01,8.765692710876464844e-01,-4.232896864414215088e-01,4.208036661148071289e-01
1.354209035634994507e-01,8.769115209579467773e-01,-4.233630895614624023e-01,4.207945466041564941e-01
1.349176764488220215e-01,8.772525191307067871e-01,-4.234372377395629883e-01,4.207843542098999023e-01
1.344146430492401123e-01,8.775937557220458984e-01,-4.235110282897949219e-01,4.207743108272552490e-01
1.339124441146850586e-01,8.779350519180297852e-01,-4.235856533050537109e-01,4.207647144794464111e-01
1.334098279476165771e-01,8.782768249511718750e-01,-4.236615896224975586e-01,4.207557141780853271e-01
1.329058706760406494e-01,8.786185979843139648e-01,-4.237358868122100830e-01,4.207452535629272461e-01
1.324034780263900757e-01,8.789603710174560547e-01,-4.238118827342987061e-01,4.207361638545989990e-01
1.319007277488708496e-01,8.793026208877563477e-01,-4.238880276679992676e-01,4.207272231578826904e-01
1.313967406749725342e-01,8.796442747116088867e-01,-4.239643216133117676e-01,4.207173585891723633e-01
1.308929324150085449e-01,8.799867033958435059e-01,-4.240413308143615723e-01,4.207074046134948730e-01
1.303897202014923096e-01,8.803288936614990234e-01,-4.241185784339904785e-01,4.206990897655487061e-01
1.298882365226745605e-01,8.806712627410888672e-01,-4.241959750652313232e-01,4.206904768943786621e-01
1.293886303901672363e-01,8.810163736343383789e-01,-4.242741763591766357e-01,4.206802546977996826e-01
1.288895308971405029e-01,8.813620209693908691e-01,-4.243524372577667236e-01,4.206697642803192139e-01
1.283915042877197266e-01,8.817079067230224609e-01,-4.244311153888702393e-01,4.206604957580566406e-01
1.278925687074661255e-01,8.820524215698242188e-01,-4.245092570781707764e-01,4.206500053405761719e-01
1.273939311504364014e-01,8.823987245559692383e-01,-4.245887398719787598e-01,4.206391870975494385e-01
1.268962025642395020e-01,8.827439546585083008e-01,-4.246680736541748047e-01,4.206292629241943359e-01
1.263977587223052979e-01,8.830899000167846680e-01,-4.247475266456604004e-01,4.206186532974243164e-01
1.259004026651382446e-01,8.834373950958251953e-01,-4.248280227184295654e-01,4.206089675426483154e-01
1.254040300846099854e-01,8.837838172912597656e-01,-4.249082803726196289e-01,4.205994904041290283e-01
1.249056383967399597e-01,8.841305971145629883e-01,-4.249888062477111816e-01,4.205890297889709473e-01
1.244084462523460388e-01,8.844769597053527832e-01,-4.250698983669281006e-01,4.205784201622009277e-01
1.239129230380058289e-01,8.848245143890380859e-01,-4.251515567302703857e-01,4.205692708492279053e-01
1.234154105186462402e-01,8.851709365844726562e-01,-4.252322316169738770e-01,4.205585718154907227e-01
1.229192465543746948e-01,8.855183124542236328e-01,-4.253143668174743652e-01,4.205489456653594971e-01
1.224236041307449341e-01,8.858659267425537109e-01,-4.253965020179748535e-01,4.205394685268402100e-01
1.219279393553733826e-01,8.862130045890808105e-01,-4.254791140556335449e-01,4.205294251441955566e-01
1.214314922690391541e-01,8.865599632263183594e-01,-4.255609214305877686e-01,4.205189347267150879e-01
1.209362745285034180e-01,8.869088888168334961e-01,-4.256443977355957031e-01,4.205095171928405762e-01
1.204397156834602356e-01,8.872557878494262695e-01,-4.257272183895111084e-01,4.204990267753601074e-01
1.199451535940170288e-01,8.876033425331115723e-01,-4.258105158805847168e-01,4.204895198345184326e-01
1.194493100047111511e-01,8.879503011703491211e-01,-4.258938431739807129e-01,4.204797446727752686e-01
1.189538687467575073e-01,8.882985115051269531e-01,-4.259774982929229736e-01,4.204695224761962891e-01
1.184595227241516113e-01,8.886452913284301758e-01,-4.260614812374114990e-01,4.204600155353546143e-01
1.179648488759994507e-01,8.889942169189453125e-01,-4.261465966701507568e-01,4.204501807689666748e-01
1.174693182110786438e-01,8.893409967422485352e-01,-4.262307882308959961e-01,4.204400777816772461e-01
1.169751808047294617e-01,8.896893262863159180e-01,-4.263155460357666016e-01,4.204307198524475098e-01
1.164805963635444641e-01,8.900370597839355469e-01,-4.264000058174133301e-01,4.204210638999938965e-01
1.159861683845520020e-01,8.903841376304626465e-01,-4.264860153198242188e-01,4.204116463661193848e-01
1.154923737049102783e-01,8.907319903373718262e-01,-4.265715181827545166e-01,4.204021990299224854e-01
1.149988472461700439e-01,8.910805583000183105e-01,-4.266574978828430176e-01,4.203937649726867676e-01
1.145038679242134094e-01,8.914271593093872070e-01,-4.267427921295166016e-01,4.203833341598510742e-01
1.140093430876731873e-01,8.917748928070068359e-01,-4.268291592597961426e-01,4.203736484050750732e-01
1.135160252451896667e-01,8.921228647232055664e-01,-4.269153475761413574e-01,4.203646779060363770e-01
1.130218580365180969e-01,8.924694061279296875e-01,-4.270020723342895508e-01,4.203553199768066406e-01
1.125282198190689087e-01,8.928176164627075195e-01,-4.270888268947601318e-01,4.203459322452545166e-01
1.120344102382659912e-01,8.931646943092346191e-01,-4.271762371063232422e-01,4.203369021415710449e-01
1.115428134799003601e-01,8.935129046440124512e-01,-4.272635877132415771e-01,4.203279316425323486e-01
1.110513061285018921e-01,8.938611149787902832e-01,-4.273505508899688721e-01,4.203183054924011230e-01
1.105595901608467102e-01,8.942090272903442383e-01,-4.274379909038543701e-01,4.203084111213684082e-01
1.100684776902198792e-01,8.945571184158325195e-01,-4.275255799293518066e-01,4.202988445758819580e-01
1.095773056149482727e-01,8.949058055877685547e-01,-4.276138544082641602e-01,4.202888607978820801e-01
1.090855449438095093e-01,8.952522277832031250e-01,-4.277009367942810059e-01,4.202786982059478760e-01
1.085957437753677368e-01,8.956013917922973633e-01,-4.277894198894500732e-01,4.202696979045867920e-01
1.081052422523498535e-01,8.959494829177856445e-01,-4.278777837753295898e-01,4.202595353126525879e-01
1.076153516769409180e-01,8.962976932525634766e-01,-4.279662668704986572e-01,4.202501475811004639e-01
1.071249023079872131e-01,8.966451883316040039e-01,-4.280548095703125000e-01,4.202402532100677490e-01
1.066357865929603577e-01,8.969937562942504883e-01,-4.281443059444427490e-01,4.202311635017395020e-01
1.061452999711036682e-01,8.973409533500671387e-01,-4.282328486442565918e-01,4.202205836772918701e-01
1.056568920612335205e-01,8.976886272430419922e-01,-4.283222556114196777e-01,4.202120304107666016e-01
1.051679998636245728e-01,8.980367779731750488e-01,-4.284117519855499268e-01,4.202025532722473145e-01
1.046791076660156250e-01,8.983849287033081055e-01,-4.285016059875488281e-01,4.201926589012145996e-01
1.041905432939529419e-01,8.987329602241516113e-01,-4.285916090011596680e-01,4.201831221580505371e-01
1.037027239799499512e-01,8.990802764892578125e-01,-4.286808073520660400e-01,4.201731979846954346e-01
1.032148599624633789e-01,8.994280695915222168e-01,-4.287714362144470215e-01,4.201640486717224121e-01
1.027269214391708374e-01,8.997757434844970703e-01,-4.288618862628936768e-01,4.201546609401702881e-01
1.022395566105842590e-01,9.001242518424987793e-01,-4.289520978927612305e-01,4.201449453830718994e-01
1.017522588372230530e-01,9.004715085029602051e-01,-4.290425777435302734e-01,4.201354384422302246e-01
1.012654379010200500e-01,9.008198976516723633e-01,-4.291338920593261719e-01,4.201256930828094482e-01
1.007778123021125793e-01,9.011664986610412598e-01,-4.292241930961608887e-01,4.201159775257110596e-01
1.002918034791946411e-01,9.015142321586608887e-01,-4.293155074119567871e-01,4.201065897941589355e-01
9.980440139770507812e-02,9.018614292144775391e-01,-4.294062256813049316e-01,4.200958907604217529e-01
9.931915253400802612e-02,9.022092819213867188e-01,-4.294976592063903809e-01,4.200866818428039551e-01
9.883257001638412476e-02,9.025565385818481445e-01,-4.295893311500549316e-01,4.200763106346130371e-01
9.834693372249603271e-02,9.029044508934020996e-01,-4.296809732913970947e-01,4.200670123100280762e-01
9.786193072795867920e-02,9.032515287399291992e-01,-4.297730028629302979e-01,4.200574457645416260e-01
9.737620502710342407e-02,9.035983085632324219e-01,-4.298644065856933594e-01,4.200469255447387695e-01
9.689155220985412598e-02,9.039451479911804199e-01,-4.299562275409698486e-01,4.200375080108642578e-01
9.640773385763168335e-02,9.042931795120239258e-01,-4.300491809844970703e-01,4.200282394886016846e-01
9.592240303754806519e-02,9.046398997306823730e-01,-4.301411807537078857e-01,4.200178980827331543e-01
9.543818980455398560e-02,9.049865007400512695e-01,-4.302332699298858643e-01,4.200075566768646240e-01
9.495444595813751221e-02,9.053336977958679199e-01,-4.303261339664459229e-01,4.199979603290557861e-01
9.447013586759567261e-02,9.056806564331054688e-01,-4.304188489913940430e-01,4.199877083301544189e-01
9.398728609085083008e-02,9.060273170471191406e-01,-4.305118918418884277e-01,4.199780523777008057e-01
9.350410848855972290e-02,9.063743352890014648e-01,-4.306048452854156494e-01,4.199683368206024170e-01
9.302093088626861572e-02,9.067198038101196289e-01,-4.306976199150085449e-01,4.199586212635040283e-01
9.253795444965362549e-02,9.070659279823303223e-01,-4.307906925678253174e-01,4.199483394622802734e-01
9.205599874258041382e-02,9.074128270149230957e-01,-4.308840036392211914e-01,4.199392497539520264e-01
9.157212078571319580e-02,9.077572226524353027e-01,-4.309768080711364746e-01,4.199283123016357422e-01
9.109044075012207031e-02,9.081035256385803223e-01,-4.310698807239532471e-01,4.199187755584716797e-01
9.060867130756378174e-02,9.084491729736328125e-01,-4.311636984348297119e-01,4.199092388153076172e-01
9.012626111507415771e-02,9.087941646575927734e-01,-4.312565326690673828e-01,4.198983013629913330e-01
8.964423835277557373e-02,9.091391563415527344e-01,-4.313499033451080322e-01,4.198878705501556396e-01
8.916459232568740845e-02,9.094850420951843262e-01,-4.314441084861755371e-01,4.198788702487945557e-01
8.868412673473358154e-02,9.098314642906188965e-01,-4.315390586853027344e-01,4.198696911334991455e-01
8.820284903049468994e-02,9.101752638816833496e-01,-4.316323995590209961e-01,4.198588728904724121e-01
8.772239834070205688e-02,9.105201363563537598e-01,-4.317260682582855225e-01,4.198488593101501465e-01
8.724208921194076538e-02,9.108646512031555176e-01,-4.318201243877410889e-01,4.198388457298278809e-01
8.676221221685409546e-02,9.112103581428527832e-01,-4.319147467613220215e-01,4.198288619518280029e-01
8.628267049789428711e-02,9.115544557571411133e-01,-4.320092201232910156e-01,4.198181033134460449e-01
8.580196648836135864e-02,9.118983745574951172e-01,-4.321028590202331543e-01,4.198071956634521484e-01
8.532415330410003662e-02,9.122431874275207520e-01,-4.321978986263275146e-01,4.197981357574462891e-01
8.484506607055664062e-02,9.125879406929016113e-01,-4.322925209999084473e-01,4.197877943515777588e-01
8.436626940965652466e-02,9.129322767257690430e-01,-4.323873519897460938e-01,4.197771847248077393e-01
8.388800919055938721e-02,9.132761955261230469e-01,-4.324820637702941895e-01,4.197669625282287598e-01
8.341010659933090210e-02,9.136202335357666016e-01,-4.325767159461975098e-01,4.197567105293273926e-01
8.293142169713973999e-02,9.139636754989624023e-01,-4.326717555522918701e-01,4.197461009025573730e-01
8.245412260293960571e-02,9.143067598342895508e-01,-4.327665567398071289e-01,4.197352230548858643e-01
8.197695016860961914e-02,9.146510362625122070e-01,-4.328619539737701416e-01,4.197250902652740479e-01
8.149977028369903564e-02,9.149949550628662109e-01,-4.329575002193450928e-01,4.197142720222473145e-01
8.102297782897949219e-02,9.153385758399963379e-01,-4.330526590347290039e-01,4.197037816047668457e-01
8.054725825786590576e-02,9.156819581985473633e-01,-4.331482648849487305e-01,4.196934998035430908e-01
8.007092028856277466e-02,9.160245656967163086e-01,-4.332436621189117432e-01,4.196829497814178467e-01
7.959505170583724976e-02,9.163677692413330078e-01,-4.333391189575195312e-01,4.196721911430358887e-01
7.911828160285949707e-02,9.167113900184631348e-01,-4.334349334239959717e-01,4.196609854698181152e-01
7.864345610141754150e-02,9.170541763305664062e-01,-4.335303604602813721e-01,4.196503162384033203e-01
7.816855609416961670e-02,9.173971414566040039e-01,-4.336264133453369141e-01,4.196397662162780762e-01
7.769443839788436890e-02,9.177402853965759277e-01,-4.337221384048461914e-01,4.196291565895080566e-01
7.721945643424987793e-02,9.180827140808105469e-01,-4.338180422782897949e-01,4.196180105209350586e-01
7.674545794725418091e-02,9.184262752532958984e-01,-4.339149296283721924e-01,4.196070432662963867e-01
7.627008110284805298e-02,9.187663793563842773e-01,-4.340099990367889404e-01,4.195958673954010010e-01
7.579654455184936523e-02,9.191087484359741211e-01,-4.341072142124176025e-01,4.195857942104339600e-01
7.532164454460144043e-02,9.194496870040893555e-01,-4.342019557952880859e-01,4.195745289325714111e-01
7.484780251979827881e-02,9.197911620140075684e-01,-4.342984557151794434e-01,4.195629060268402100e-01
7.437447458505630493e-02,9.201321601867675781e-01,-4.343952536582946777e-01,4.195523560047149658e-01
7.390067726373672485e-02,9.204725623130798340e-01,-4.344905614852905273e-01,4.195411205291748047e-01
7.342711836099624634e-02,9.208133220672607422e-01,-4.345871210098266602e-01,4.195301234722137451e-01
7.295460253953933716e-02,9.211536049842834473e-01,-4.346836507320404053e-01,4.195190370082855225e-01
7.248210906982421875e-02,9.214942455291748047e-01,-4.347802996635437012e-01,4.195083379745483398e-01
7.200942188501358032e-02,9.218342900276184082e-01,-4.348767399787902832e-01,4.194973111152648926e-01
7.153696566820144653e-02,9.221748113632202148e-01,-4.349730312824249268e-01,4.194858968257904053e-01
7.106466591358184814e-02,9.225134849548339844e-01,-4.350695610046386719e-01,4.194747805595397949e-01
7.059374451637268066e-02,9.228543043136596680e-01,-4.351665973663330078e-01,4.194640815258026123e-01
7.012181729078292847e-02,9.231935739517211914e-01,-4.352636337280273438e-01,4.194525480270385742e-01
6.964951753616333008e-02,9.235323667526245117e-01,-4.353598356246948242e-01,4.194409251213073730e-01
6.917870044708251953e-02,9.238717555999755859e-01,-4.354565739631652832e-01,4.194300174713134766e-01
6.870834529399871826e-02,9.242106676101684570e-01,-4.355536401271820068e-01,4.194187223911285400e-01
6.823766976594924927e-02,9.245489835739135742e-01,-4.356504678726196289e-01,4.194073379039764404e-01
6.776619702577590942e-02,9.248878359794616699e-01,-4.357471466064453125e-01,4.193953573703765869e-01
6.729605793952941895e-02,9.252265691757202148e-01,-4.358446896076202393e-01,4.193842709064483643e-01
6.682597845792770386e-02,9.255647063255310059e-01,-4.359414577484130859e-01,4.193724989891052246e-01
6.635565310716629028e-02,9.259024262428283691e-01,-4.360383749008178711e-01,4.193607866764068604e-01
6.588541716337203979e-02,9.262407422065734863e-01,-4.361359477043151855e-01,4.193488061428070068e-01
6.541593372821807861e-02,9.265769124031066895e-01,-4.362319111824035645e-01,4.193372428417205811e-01
6.494637578725814819e-02,9.269143342971801758e-01,-4.363296329975128174e-01,4.193254411220550537e-01
6.447771191596984863e-02,9.272520542144775391e-01,-4.364271759986877441e-01,4.193139672279357910e-01
6.400905549526214600e-02,9.275895357131958008e-01,-4.365248084068298340e-01,4.193022847175598145e-01
6.353953480720520020e-02,9.279260635375976562e-01,-4.366218447685241699e-01,4.192900955677032471e-01
6.307102739810943604e-02,9.282619953155517578e-01,-4.367191195487976074e-01,4.192779064178466797e-01
6.260292977094650269e-02,9.285988807678222656e-01,-4.368161559104919434e-01,4.192661941051483154e-01
6.213515251874923706e-02,9.289348125457763672e-01,-4.369139373302459717e-01,4.192551076412200928e-01
6.166713684797286987e-02,9.292712211608886719e-01,-4.370113611221313477e-01,4.192428886890411377e-01
6.119818240404129028e-02,9.296060800552368164e-01,-4.371088147163391113e-01,4.192299246788024902e-01
6.073140352964401245e-02,9.299419522285461426e-01,-4.372065067291259766e-01,4.192185997962951660e-01
6.026454269886016846e-02,9.302785396575927734e-01,-4.373047947883605957e-01,4.192067086696624756e-01
5.979692190885543823e-02,9.306122660636901855e-01,-4.374018311500549316e-01,4.191943705081939697e-01
5.932980030775070190e-02,9.309479594230651855e-01,-4.374997615814208984e-01,4.191820919513702393e-01
5.886311084032058716e-02,9.312825798988342285e-01,-4.375973939895629883e-01,4.191695749759674072e-01
5.839671939611434937e-02,9.316170811653137207e-01,-4.376952648162841797e-01,4.191578030586242676e-01
5.792979151010513306e-02,9.319511055946350098e-01,-4.377931952476501465e-01,4.191452860832214355e-01
5.746312439441680908e-02,9.322842359542846680e-01,-4.378895759582519531e-01,4.191325902938842773e-01
5.699821561574935913e-02,9.326192736625671387e-01,-4.379884600639343262e-01,4.191207587718963623e-01
5.653195083141326904e-02,9.329527020454406738e-01,-4.380862712860107422e-01,4.191081523895263672e-01
5.606552958488464355e-02,9.332854151725769043e-01,-4.381841719150543213e-01,4.190953373908996582e-01
5.559974163770675659e-02,9.336183667182922363e-01,-4.382813572883605957e-01,4.190820455551147461e-01
5.513408780097961426e-02,9.339507818222045898e-01,-4.383794665336608887e-01,4.190694689750671387e-01
5.466987192630767822e-02,9.342841506004333496e-01,-4.384775757789611816e-01,4.190577268600463867e-01
5.420515686273574829e-02,9.346162080764770508e-01,-4.385751783847808838e-01,4.190451204776763916e-01
5.374065041542053223e-02,9.349490404129028320e-01,-4.386740922927856445e-01,4.190329909324645996e-01
5.327555537223815918e-02,9.352807402610778809e-01,-4.387713074684143066e-01,4.190200269222259521e-01
5.281041562557220459e-02,9.356116056442260742e-01,-4.388691186904907227e-01,4.190063476562500000e-01
5.234668403863906860e-02,9.359433650970458984e-01,-4.389672875404357910e-01,4.189941883087158203e-01
5.188256502151489258e-02,9.362751245498657227e-01,-4.390657246112823486e-01,4.189812242984771729e-01
5.141793936491012573e-02,9.366052150726318359e-01,-4.391632676124572754e-01,4.189680218696594238e-01
5.095503479242324829e-02,9.369363784790039062e-01,-4.392617046833038330e-01,4.189556837081909180e-01
5.049097537994384766e-02,9.372668862342834473e-01,-4.393594861030578613e-01,4.189425408840179443e-01
5.002709478139877319e-02,9.375971555709838867e-01,-4.394579827785491943e-01,4.189284443855285645e-01
4.956330358982086182e-02,9.379270076751708984e-01,-4.395558238029479980e-01,4.189154803752899170e-01
4.910080879926681519e-02,9.382572174072265625e-01,-4.396545290946960449e-01,4.189027249813079834e-01
4.863754659891128540e-02,9.385868310928344727e-01,-4.397526979446411133e-01,4.188895821571350098e-01
4.817420989274978638e-02,9.389153718948364258e-01,-4.398500323295593262e-01,4.188757538795471191e-01
4.771236330270767212e-02,9.392449855804443359e-01,-4.399493038654327393e-01,4.188636243343353271e-01
4.724957793951034546e-02,9.395736455917358398e-01,-4.400473237037658691e-01,4.188499748706817627e-01
4.678689688444137573e-02,9.399024844169616699e-01,-4.401459693908691406e-01,4.188360869884490967e-01
4.632424563169479370e-02,9.402308464050292969e-01,-4.402438104152679443e-01,4.188224971294403076e-01
4.586226493120193481e-02,9.405583143234252930e-01,-4.403418600559234619e-01,4.188092947006225586e-01
4.540016502141952515e-02,9.408857822418212891e-01,-4.404404461383819580e-01,4.187958538532257080e-01
4.493790864944458008e-02,9.412140846252441406e-01,-4.405388832092285156e-01,4.187816381454467773e-01
4.447598010301589966e-02,9.415414929389953613e-01,-4.406374692916870117e-01,4.187682867050170898e-01
4.401377588510513306e-02,9.418678283691406250e-01,-4.407352507114410400e-01,4.187536537647247314e-01
4.355309903621673584e-02,9.421952962875366211e-01,-4.408338665962219238e-01,4.187410473823547363e-01
4.309083521366119385e-02,9.425215721130371094e-01,-4.409324228763580322e-01,4.187264144420623779e-01
4.263018071651458740e-02,9.428477883338928223e-01,-4.410306215286254883e-01,4.187129139900207520e-01
4.216897487640380859e-02,9.431740045547485352e-01,-4.411290585994720459e-01,4.186986088752746582e-01
4.170874506235122681e-02,9.435000419616699219e-01,-4.412275254726409912e-01,4.186847805976867676e-01
4.124835878610610962e-02,9.438257217407226562e-01,-4.413256943225860596e-01,4.186708331108093262e-01
4.078830033540725708e-02,9.441518783569335938e-01,-4.414250552654266357e-01,4.186569750308990479e-01
4.032828658819198608e-02,9.444768428802490234e-01,-4.415234923362731934e-01,4.186430573463439941e-01
3.986803442239761353e-02,9.448009729385375977e-01,-4.416214823722839355e-01,4.186286032199859619e-01
3.940801322460174561e-02,9.451262950897216797e-01,-4.417202472686767578e-01,4.186137914657592773e-01
3.894828259944915771e-02,9.454506039619445801e-01,-4.418180584907531738e-01,4.185995161533355713e-01
3.848867863416671753e-02,9.457746744155883789e-01,-4.419170916080474854e-01,4.185850620269775391e-01
3.802938014268875122e-02,9.460992217063903809e-01,-4.420151114463806152e-01,4.185706675052642822e-01
3.757032752037048340e-02,9.464233517646789551e-01,-4.421137571334838867e-01,4.185559749603271484e-01
3.711025416851043701e-02,9.467453956604003906e-01,-4.422120749950408936e-01,4.185405671596527100e-01
3.665178269147872925e-02,9.470690488815307617e-01,-4.423105120658874512e-01,4.185259342193603516e-01
3.619310259819030762e-02,9.473925232887268066e-01,-4.424091577529907227e-01,4.185115694999694824e-01
3.573479503393173218e-02,9.477156996726989746e-01,-4.425075054168701172e-01,4.184969663619995117e-01
3.527680784463882446e-02,9.480378031730651855e-01,-4.426063597202301025e-01,4.184823930263519287e-01
3.481837362051010132e-02,9.483606815338134766e-01,-4.427050948143005371e-01,4.184672534465789795e-01
3.436079621315002441e-02,9.486835002899169922e-01,-4.428039789199829102e-01,4.184524416923522949e-01
3.390277922153472900e-02,9.490047693252563477e-01,-4.429024457931518555e-01,4.184375703334808350e-01
3.344473987817764282e-02,9.493261575698852539e-01,-4.430005550384521484e-01,4.184222817420959473e-01
3.298668563365936279e-02,9.496478438377380371e-01,-4.430995583534240723e-01,4.184066951274871826e-01
3.252887725830078125e-02,9.499686360359191895e-01,-4.431979656219482422e-01,4.183911979198455811e-01
3.207136690616607666e-02,9.502895474433898926e-01,-4.432964026927947998e-01,4.183756709098815918e-01
3.161457926034927368e-02,9.506099820137023926e-01,-4.433950185775756836e-01,4.183605015277862549e-01
3.115785866975784302e-02,9.509308934211730957e-01,-4.434936642646789551e-01,4.183456301689147949e-01
3.070062398910522461e-02,9.512511491775512695e-01,-4.435928463935852051e-01,4.183296561241149902e-01
3.024406731128692627e-02,9.515715837478637695e-01,-4.436913132667541504e-01,4.183144569396972656e-01
2.978748083114624023e-02,9.518908262252807617e-01,-4.437896609306335449e-01,4.182984530925750732e-01
2.933073788881301880e-02,9.522101879119873047e-01,-4.438883364200592041e-01,4.182827174663543701e-01
2.887472510337829590e-02,9.525289535522460938e-01,-4.439871311187744141e-01,4.182668626308441162e-01
2.841821312904357910e-02,9.528486728668212891e-01,-4.440857470035552979e-01,4.182503819465637207e-01
2.796249091625213623e-02,9.531675577163696289e-01,-4.441847205162048340e-01,4.182348251342773438e-01
2.750785648822784424e-02,9.534861445426940918e-01,-4.442834258079528809e-01,4.182198643684387207e-01
2.705070376396179199e-02,9.538042545318603516e-01,-4.443814158439636230e-01,4.182025194168090820e-01
2.659509330987930298e-02,9.541221857070922852e-01,-4.444806575775146484e-01,4.181863665580749512e-01
2.613928914070129395e-02,9.544395208358764648e-01,-4.445791244506835938e-01,4.181695282459259033e-01
2.568380534648895264e-02,9.547569751739501953e-01,-4.446774721145629883e-01,4.181531667709350586e-01
2.522933483123779297e-02,9.550747871398925781e-01,-4.447763562202453613e-01,4.181373119354248047e-01
2.477477490901947021e-02,9.553921222686767578e-01,-4.448753595352172852e-01,4.181212484836578369e-01
2.431901544332504272e-02,9.557087421417236328e-01,-4.449736475944519043e-01,4.181036353111267090e-01
2.386534214019775391e-02,9.560258388519287109e-01,-4.450725317001342773e-01,4.180878698825836182e-01
2.341004461050033569e-02,9.563422799110412598e-01,-4.451709389686584473e-01,4.180705547332763672e-01
2.295545488595962524e-02,9.566574096679687500e-01,-4.452698230743408203e-01,4.180534780025482178e-01
2.250237017869949341e-02,9.569746851921081543e-01,-4.453687965869903564e-01,4.180372357368469238e-01
2.204829454421997070e-02,9.572910070419311523e-01,-4.454672336578369141e-01,4.180203080177307129e-01
2.159423381090164185e-02,9.576062560081481934e-01,-4.455665946006774902e-01,4.180032014846801758e-01
2.113993465900421143e-02,9.579213857650756836e-01,-4.456648826599121094e-01,4.179852604866027832e-01
2.068692445755004883e-02,9.582366943359375000e-01,-4.457640349864959717e-01,4.179686307907104492e-01
2.023338526487350464e-02,9.585511088371276855e-01,-4.458620548248291016e-01,4.179518222808837891e-01
1.977904886007308960e-02,9.588658809661865234e-01,-4.459607303142547607e-01,4.179330766201019287e-01
1.932694017887115479e-02,9.591811895370483398e-01,-4.460600912570953369e-01,4.179168045520782471e-01
1.887367665767669678e-02,9.594951272010803223e-01,-4.461589753627777100e-01,4.178991913795471191e-01
1.842135190963745117e-02,9.598093032836914062e-01,-4.462577104568481445e-01,4.178817570209503174e-01
1.796883344650268555e-02,9.601226449012756348e-01,-4.463568627834320068e-01,4.178642928600311279e-01
1.751514524221420288e-02,9.604364037513732910e-01,-4.464554190635681152e-01,4.178457856178283691e-01
1.706375926733016968e-02,9.607499837875366211e-01,-4.465544819831848145e-01,4.178285300731658936e-01
1.661143451929092407e-02,9.610629081726074219e-01,-4.466530680656433105e-01,4.178101420402526855e-01
1.615884155035018921e-02,9.613754749298095703e-01,-4.467517137527465820e-01,4.177922606468200684e-01
1.570695638656616211e-02,9.616883993148803711e-01,-4.468506574630737305e-01,4.177740812301635742e-01
1.525482535362243652e-02,9.620013833045959473e-01,-4.469496905803680420e-01,4.177558422088623047e-01
1.480342447757720947e-02,9.623136520385742188e-01,-4.470484852790832520e-01,4.177374541759490967e-01
1.435157656669616699e-02,9.626251459121704102e-01,-4.471470415592193604e-01,4.177186787128448486e-01
1.390074938535690308e-02,9.629379510879516602e-01,-4.472464323043823242e-01,4.177010655403137207e-01
1.344957202672958374e-02,9.632493853569030762e-01,-4.473451673984527588e-01,4.176820814609527588e-01
1.299896091222763062e-02,9.635612964630126953e-01,-4.474439918994903564e-01,4.176635146141052246e-01
1.254750043153762817e-02,9.638723134994506836e-01,-4.475428760051727295e-01,4.176446199417114258e-01
1.209611445665359497e-02,9.641833305358886719e-01,-4.476416409015655518e-01,4.176251292228698730e-01
1.164596527814865112e-02,9.644944667816162109e-01,-4.477408230304718018e-01,4.176067113876342773e-01
1.119610667228698730e-02,9.648057222366333008e-01,-4.478401243686676025e-01,4.175878763198852539e-01
1.074470579624176025e-02,9.651151299476623535e-01,-4.479387104511260986e-01,4.175682961940765381e-01
1.029518991708755493e-02,9.654262065887451172e-01,-4.480380415916442871e-01,4.175493717193603516e-01
9.845189750194549561e-03,9.657356142997741699e-01,-4.481365382671356201e-01,4.175298511981964111e-01
9.394362568855285645e-03,9.660453796386718750e-01,-4.482350647449493408e-01,4.175105094909667969e-01
8.945256471633911133e-03,9.663553237915039062e-01,-4.483348727226257324e-01,4.174915850162506104e-01
8.494772017002105713e-03,9.666640758514404297e-01,-4.484333992004394531e-01,4.174716174602508545e-01
8.044995367527008057e-03,9.669729471206665039e-01,-4.485322237014770508e-01,4.174522459506988525e-01
7.595598697662353516e-03,9.672818183898925781e-01,-4.486316442489624023e-01,4.174326360225677490e-01
7.144995033740997314e-03,9.675898551940917969e-01,-4.487301707267761230e-01,4.174124002456665039e-01
6.696000695228576660e-03,9.678983092308044434e-01,-4.488290548324584961e-01,4.173928797245025635e-01
6.247460842132568359e-03,9.682066440582275391e-01,-4.489282369613647461e-01,4.173735976219177246e-01
5.797885358333587646e-03,9.685150384902954102e-01,-4.490278363227844238e-01,4.173530638217926025e-01
5.349159240722656250e-03,9.688220024108886719e-01,-4.491264522075653076e-01,4.173333644866943359e-01
4.899986088275909424e-03,9.691298604011535645e-01,-4.492258727550506592e-01,4.173127412796020508e-01
4.450641572475433350e-03,9.694359302520751953e-01,-4.493247866630554199e-01,4.172922372817993164e-01
4.002071917057037354e-03,9.697427153587341309e-01,-4.494234621524810791e-01,4.172719717025756836e-01
3.553137183189392090e-03,9.700491428375244141e-01,-4.495220482349395752e-01,4.172514677047729492e-01
3.105029463768005371e-03,9.703570604324340820e-01,-4.496215581893920898e-01,4.172311425209045410e-01
2.656318247318267822e-03,9.706623554229736328e-01,-4.497206807136535645e-01,4.172099828720092773e-01
2.208918333053588867e-03,9.709692001342773438e-01,-4.498198330402374268e-01,4.171902537345886230e-01
1.760862767696380615e-03,9.712752103805541992e-01,-4.499186873435974121e-01,4.171687364578247070e-01
1.312114298343658447e-03,9.715803861618041992e-01,-4.500176608562469482e-01,4.171477854251861572e-01
8.651018142700195312e-04,9.718855023384094238e-01,-4.501164555549621582e-01,4.171269536018371582e-01
4.168450832366943359e-04,9.721912145614624023e-01,-4.502158761024475098e-01,4.171055555343627930e-01
-3.115087747573852539e-05,9.724959135055541992e-01,-4.503152370452880859e-01,4.170840978622436523e-01
-4.779025912284851074e-04,9.728017449378967285e-01,-4.504145383834838867e-01,4.170633256435394287e-01
-9.251683950424194336e-04,9.731054306030273438e-01,-4.505133926868438721e-01,4.170420169830322266e-01
-1.372873783111572266e-03,9.734100699424743652e-01,-4.506128132343292236e-01,4.170197546482086182e-01
-1.820810139179229736e-03,9.737141132354736328e-01,-4.507118165493011475e-01,4.169974029064178467e-01
-2.267204225063323975e-03,9.740185737609863281e-01,-4.508112668991088867e-01,4.169762730598449707e-01
-2.714209258556365967e-03,9.743217229843139648e-01,-4.509097635746002197e-01,4.169542491436004639e-01
-3.160975873470306396e-03,9.746261835098266602e-01,-4.510093629360198975e-01,4.169324934482574463e-01
-3.607690334320068359e-03,9.749296307563781738e-01,-4.511082768440246582e-01,4.169099926948547363e-01
-4.053741693496704102e-03,9.752333164215087891e-01,-4.512084424495697021e-01,4.168884158134460449e-01
-4.501223564147949219e-03,9.755353331565856934e-01,-4.513071179389953613e-01,4.168651401996612549e-01
-4.946865141391754150e-03,9.758385419845581055e-01,-4.514061808586120605e-01,4.168428778648376465e-01
-5.393229424953460693e-03,9.761416912078857422e-01,-4.515057206153869629e-01,4.168208837509155273e-01
-5.839534103870391846e-03,9.764438867568969727e-01,-4.516049027442932129e-01,4.167981743812561035e-01
-6.285078823566436768e-03,9.767467975616455078e-01,-4.517044723033905029e-01,4.167755842208862305e-01
-6.730705499649047852e-03,9.770485162734985352e-01,-4.518032073974609375e-01,4.167529344558715820e-01
-7.176704704761505127e-03,9.773505330085754395e-01,-4.519033133983612061e-01,4.167295098304748535e-01
-7.621534168720245361e-03,9.776525497436523438e-01,-4.520026147365570068e-01,4.167076349258422852e-01
-8.067056536674499512e-03,9.779548048973083496e-01,-4.521026015281677246e-01,4.166842401027679443e-01
-8.513495326042175293e-03,9.782547950744628906e-01,-4.522010684013366699e-01,4.166602492332458496e-01
-8.958049118518829346e-03,9.785571098327636719e-01,-4.523011445999145508e-01,4.166375994682312012e-01
-9.404055774211883545e-03,9.788573980331420898e-01,-4.524001479148864746e-01,4.166131317615509033e-01
-9.847424924373626709e-03,9.791594743728637695e-01,-4.525000452995300293e-01,4.165912270545959473e-01
-1.029332727193832397e-02,9.794594049453735352e-01,-4.525996446609497070e-01,4.165666103363037109e-01
-1.073686778545379639e-02,9.797605276107788086e-01,-4.526998996734619141e-01,4.165441095829010010e-01
-1.118231564760208130e-02,9.800604581832885742e-01,-4.527987837791442871e-01,4.165194034576416016e-01
-1.162680983543395996e-02,9.803602695465087891e-01,-4.528982341289520264e-01,4.164954423904418945e-01
-1.207086443901062012e-02,9.806613922119140625e-01,-4.529983103275299072e-01,4.164715707302093506e-01
-1.251605153083801270e-02,9.809600114822387695e-01,-4.530978202819824219e-01,4.164471626281738281e-01
-1.296036690473556519e-02,9.812602400779724121e-01,-4.531974792480468750e-01,4.164229035377502441e-01
-1.340460777282714844e-02,9.815598130226135254e-01,-4.532968699932098389e-01,4.163983762264251709e-01
-1.384797692298889160e-02,9.818589687347412109e-01,-4.533966481685638428e-01,4.163738489151000977e-01
-1.429210603237152100e-02,9.821577072143554688e-01,-4.534957408905029297e-01,4.163493514060974121e-01
-1.473566144704818726e-02,9.824571609497070312e-01,-4.535966515541076660e-01,4.163246750831604004e-01
-1.517980545759201050e-02,9.827556610107421875e-01,-4.536964297294616699e-01,4.162994325160980225e-01
-1.562306284904479980e-02,9.830542802810668945e-01,-4.537962675094604492e-01,4.162747561931610107e-01
-1.606662571430206299e-02,9.833537340164184570e-01,-4.538966417312622070e-01,4.162496924400329590e-01
-1.650984585285186768e-02,9.836515188217163086e-01,-4.539961516857147217e-01,4.162247180938720703e-01
-1.695243269205093384e-02,9.839501976966857910e-01,-4.540964365005493164e-01,4.161998629570007324e-01
-1.739544421434402466e-02,9.842482805252075195e-01,-4.541964232921600342e-01,4.161742627620697021e-01
-1.783890277147293091e-02,9.845458865165710449e-01,-4.542959332466125488e-01,4.161482751369476318e-01
-1.828270405530929565e-02,9.848433732986450195e-01,-4.543960392475128174e-01,4.161221385002136230e-01
-1.872550696134567261e-02,9.851408600807189941e-01,-4.544959366321563721e-01,4.160963892936706543e-01
-1.916778832674026489e-02,9.854377508163452148e-01,-4.545957446098327637e-01,4.160705804824829102e-01
-1.960981637239456177e-02,9.857352972030639648e-01,-4.546962976455688477e-01,4.160450100898742676e-01
-2.005246281623840332e-02,9.860321283340454102e-01,-4.547965526580810547e-01,4.160189032554626465e-01
-2.049472928047180176e-02,9.863300323486328125e-01,-4.548969864845275879e-01,4.159926772117614746e-01
-2.093698084354400635e-02,9.866272211074829102e-01,-4.549972414970397949e-01,4.159666001796722412e-01
-2.137915045022964478e-02,9.869225025177001953e-01,-4.550973773002624512e-01,4.159399271011352539e-01
-2.182187885046005249e-02,9.872194528579711914e-01,-4.551976621150970459e-01,4.159125387668609619e-01
-2.226307243108749390e-02,9.875161647796630859e-01,-4.552981853485107422e-01,4.158867001533508301e-01
-2.270509302616119385e-02,9.878128767013549805e-01,-4.553982615470886230e-01,4.158596098423004150e-01
-2.314624935388565063e-02,9.881078004837036133e-01,-4.554985761642456055e-01,4.158326685428619385e-01
-2.358711510896682739e-02,9.884041547775268555e-01,-4.555986523628234863e-01,4.158060550689697266e-01
-2.402842789888381958e-02,9.886992573738098145e-01,-4.556989669799804688e-01,4.157787561416625977e-01
-2.446936070919036865e-02,9.889944791793823242e-01,-4.557987451553344727e-01,4.157511591911315918e-01
-2.491024881601333618e-02,9.892894029617309570e-01,-4.558991193771362305e-01,4.157236814498901367e-01
-2.535114437341690063e-02,9.895843267440795898e-01,-4.559991955757141113e-01,4.156962037086486816e-01
-2.579034864902496338e-02,9.898800849914550781e-01,-4.560999870300292969e-01,4.156693816184997559e-01
-2.623158693313598633e-02,9.901739358901977539e-01,-4.562000632286071777e-01,4.156413078308105469e-01
-2.667172253131866455e-02,9.904688596725463867e-01,-4.562997519969940186e-01,4.156134128570556641e-01
-2.711139619350433350e-02,9.907634854316711426e-01,-4.564001560211181641e-01,4.155853092670440674e-01
-2.755054086446762085e-02,9.910570383071899414e-01,-4.565004110336303711e-01,4.155579805374145508e-01
-2.799200266599655151e-02,9.913504123687744141e-01,-4.566006064414978027e-01,4.155285358428955078e-01
-2.843064069747924805e-02,9.916454553604125977e-01,-4.567014575004577637e-01,4.155014157295227051e-01
-2.887076884508132935e-02,9.919390678405761719e-01,-4.568009376525878906e-01,4.154720902442932129e-01
-2.930998057126998901e-02,9.922323226928710938e-01,-4.569017887115478516e-01,4.154438674449920654e-01
-2.974978834390640259e-02,9.925254583358764648e-01,-4.570020139217376709e-01,4.154147207736968994e-01
-3.018892556428909302e-02,9.928187727928161621e-01,-4.571028947830200195e-01,4.153861701488494873e-01
-3.062697499990463257e-02,9.931133985519409180e-01,-4.572037160396575928e-01,4.153573513031005859e-01
-3.106643259525299072e-02,9.934058189392089844e-01,-4.573037624359130859e-01,4.153278470039367676e-01
-3.150577843189239502e-02,9.936987757682800293e-01,-4.574043154716491699e-01,4.152984023094177246e-01
-3.194370120763778687e-02,9.939911365509033203e-01,-4.575048983097076416e-01,4.152694940567016602e-01
-3.238170593976974487e-02,9.942846894264221191e-01,-4.576057195663452148e-01,4.152405560016632080e-01
-3.282024711370468140e-02,9.945774078369140625e-01,-4.577059745788574219e-01,4.152109026908874512e-01
-3.326031565666198730e-02,9.948685169219970703e-01,-4.578065276145935059e-01,4.151799380779266357e-01
-3.369680047035217285e-02,9.951614141464233398e-01,-4.579076766967773438e-01,4.151508510112762451e-01
-3.413525223731994629e-02,9.954527616500854492e-01,-4.580078721046447754e-01,4.151208102703094482e-01
-3.457266837358474731e-02,9.957448244094848633e-01,-4.581087827682495117e-01,4.150906205177307129e-01
-3.501044958829879761e-02,9.960366487503051758e-01,-4.582090675830841064e-01,4.150608181953430176e-01
-3.544756770133972168e-02,9.963290691375732422e-01,-4.583107829093933105e-01,4.150302112102508545e-01
-3.588583320379257202e-02,9.966202974319458008e-01,-4.584105610847473145e-01,4.149994850158691406e-01
-3.632266074419021606e-02,9.969120621681213379e-01,-4.585118889808654785e-01,4.149693846702575684e-01
-3.675948828458786011e-02,9.972035884857177734e-01,-4.586127996444702148e-01,4.149385690689086914e-01
-3.719773143529891968e-02,9.974942207336425781e-01,-4.587134420871734619e-01,4.149069786071777344e-01
-3.763394057750701904e-02,9.977861046791076660e-01,-4.588143229484558105e-01,4.148764610290527344e-01
-3.807096183300018311e-02,9.980769157409667969e-01,-4.589155316352844238e-01,4.148453474044799805e-01
-3.850740939378738403e-02,9.983672499656677246e-01,-4.590162634849548340e-01,4.148137271404266357e-01
-3.894292563199996948e-02,9.986581802368164062e-01,-4.591170251369476318e-01,4.147829711437225342e-01
-3.937934339046478271e-02,9.989489912986755371e-01,-4.592183232307434082e-01,4.147513806819915771e-01
-3.981684148311614990e-02,9.992393255233764648e-01,-4.593191742897033691e-01,4.147190749645233154e-01
-4.025274515151977539e-02,9.995289444923400879e-01,-4.594198465347290039e-01,4.146870076656341553e-01
-4.068725556135177612e-02,9.998210072517395020e-01,-4.595216512680053711e-01,4.146562814712524414e-01
-4.112342745065689087e-02,1.000110387802124023e+00,-4.596224129199981689e-01,4.146236777305603027e-01
-4.155839979648590088e-02,1.000400781631469727e+00,-4.597237110137939453e-01,4.145919382572174072e-01
-4.199430346488952637e-02,1.000690937042236328e+00,-4.598251283168792725e-01,4.145591855049133301e-01
-4.242911934852600098e-02,1.000980734825134277e+00,-4.599263668060302734e-01,4.145275354385375977e-01
-4.286450147628784180e-02,1.001269817352294922e+00,-4.600270390510559082e-01,4.144945740699768066e-01
-4.329933226108551025e-02,1.001560211181640625e+00,-4.601287245750427246e-01,4.144622683525085449e-01
-4.373411834239959717e-02,1.001850128173828125e+00,-4.602304399013519287e-01,4.144291281700134277e-01
-4.416926205158233643e-02,1.002139210700988770e+00,-4.603316187858581543e-01,4.143961966037750244e-01
-4.460475593805313110e-02,1.002427935600280762e+00,-4.604330360889434814e-01,4.143623411655426025e-01
-4.503700137138366699e-02,1.002718567848205566e+00,-4.605349898338317871e-01,4.143304824829101562e-01
-4.547225683927536011e-02,1.003006100654602051e+00,-4.606356322765350342e-01,4.142960309982299805e-01
-4.590638726949691772e-02,1.003295540809631348e+00,-4.607369303703308105e-01,4.142627418041229248e-01
-4.633873701095581055e-02,1.003585815429687500e+00,-4.608396887779235840e-01,4.142299592494964600e-01
-4.677402973175048828e-02,1.003873944282531738e+00,-4.609402418136596680e-01,4.141955971717834473e-01
-4.720807075500488281e-02,1.004162669181823730e+00,-4.610428214073181152e-01,4.141614735126495361e-01
-4.764054715633392334e-02,1.004451751708984375e+00,-4.611440002918243408e-01,4.141280949115753174e-01
-4.807510226964950562e-02,1.004739761352539062e+00,-4.612454771995544434e-01,4.140928983688354492e-01
-4.850743710994720459e-02,1.005028486251831055e+00,-4.613476991653442383e-01,4.140591323375701904e-01
-4.894041270017623901e-02,1.005316495895385742e+00,-4.614483714103698730e-01,4.140247106552124023e-01
-4.937312752008438110e-02,1.005605459213256836e+00,-4.615512788295745850e-01,4.139898717403411865e-01
-4.980654269456863403e-02,1.005894303321838379e+00,-4.616530537605285645e-01,4.139553010463714600e-01
-5.023887753486633301e-02,1.006181836128234863e+00,-4.617547690868377686e-01,4.139205813407897949e-01
-5.067128688097000122e-02,1.006470322608947754e+00,-4.618562161922454834e-01,4.138852655887603760e-01
-5.110288411378860474e-02,1.006758213043212891e+00,-4.619588255882263184e-01,4.138507843017578125e-01
-5.153486132621765137e-02,1.007045865058898926e+00,-4.620608091354370117e-01,4.138154983520507812e-01
-5.196672677993774414e-02,1.007334232330322266e+00,-4.621630311012268066e-01,4.137802124023437500e-01
-5.239824950695037842e-02,1.007622599601745605e+00,-4.622656106948852539e-01,4.137448370456695557e-01
-5.283038318157196045e-02,1.007909417152404785e+00,-4.623669385910034180e-01,4.137088954448699951e-01
-5.326145142316818237e-02,1.008197069168090820e+00,-4.624694585800170898e-01,4.136729240417480469e-01
-5.369273573160171509e-02,1.008484244346618652e+00,-4.625713527202606201e-01,4.136373996734619141e-01
-5.412440001964569092e-02,1.008772253990173340e+00,-4.626733064651489258e-01,4.136004745960235596e-01
-5.455613136291503906e-02,1.009058594703674316e+00,-4.627754688262939453e-01,4.135640263557434082e-01
-5.498636513948440552e-02,1.009346365928649902e+00,-4.628784656524658203e-01,4.135286509990692139e-01
-5.541808903217315674e-02,1.009631752967834473e+00,-4.629801809787750244e-01,4.134917259216308594e-01
-5.584906786680221558e-02,1.009918332099914551e+00,-4.630824327468872070e-01,4.134554564952850342e-01
-5.628046393394470215e-02,1.010204792022705078e+00,-4.631846547126770020e-01,4.134179949760437012e-01
-5.671152472496032715e-02,1.010490417480468750e+00,-4.632866382598876953e-01,4.133814275264739990e-01
-5.714107304811477661e-02,1.010777235031127930e+00,-4.633887410163879395e-01,4.133451879024505615e-01
-5.757106095552444458e-02,1.011063814163208008e+00,-4.634917974472045898e-01,4.133082330226898193e-01
-5.800194293260574341e-02,1.011348843574523926e+00,-4.635939598083496094e-01,4.132712185382843018e-01
-5.843251198530197144e-02,1.011634588241577148e+00,-4.636958837509155273e-01,4.132334291934967041e-01
-5.886256694793701172e-02,1.011920690536499023e+00,-4.637987911701202393e-01,4.131962656974792480e-01
-5.929251015186309814e-02,1.012205362319946289e+00,-4.639007151126861572e-01,4.131582379341125488e-01
-5.972131341695785522e-02,1.012491464614868164e+00,-4.640038013458251953e-01,4.131211638450622559e-01
-6.015183776617050171e-02,1.012777090072631836e+00,-4.641061723232269287e-01,4.130826592445373535e-01
-6.058179587125778198e-02,1.013062119483947754e+00,-4.642084836959838867e-01,4.130440950393676758e-01
-6.101126223802566528e-02,1.013346791267395020e+00,-4.643108248710632324e-01,4.130061268806457520e-01
-6.143949180841445923e-02,1.013632059097290039e+00,-4.644138216972351074e-01,4.129684865474700928e-01
-6.186857819557189941e-02,1.013917684555053711e+00,-4.645164012908935547e-01,4.129303097724914551e-01
-6.229833513498306274e-02,1.014202356338500977e+00,-4.646190404891967773e-01,4.128913283348083496e-01
-6.272683292627334595e-02,1.014487266540527344e+00,-4.647216796875000000e-01,4.128528535366058350e-01
-6.315627694129943848e-02,1.014771342277526855e+00,-4.648244380950927734e-01,4.128133952617645264e-01
-6.358524411916732788e-02,1.015055418014526367e+00,-4.649265408515930176e-01,4.127739369869232178e-01
-6.401239335536956787e-02,1.015340805053710938e+00,-4.650300443172454834e-01,4.127359986305236816e-01
-6.444156914949417114e-02,1.015624642372131348e+00,-4.651325047016143799e-01,4.126957654953002930e-01
-6.486927717924118042e-02,1.015908718109130859e+00,-4.652356207370758057e-01,4.126567840576171875e-01
-6.529711931943893433e-02,1.016193509101867676e+00,-4.653381705284118652e-01,4.126174449920654297e-01
-6.572455167770385742e-02,1.016477704048156738e+00,-4.654417634010314941e-01,4.125782847404479980e-01
-6.615289300680160522e-02,1.016761541366577148e+00,-4.655446708202362061e-01,4.125377833843231201e-01
-6.658118218183517456e-02,1.017045021057128906e+00,-4.656472802162170410e-01,4.124976694583892822e-01
-6.700675934553146362e-02,1.017328739166259766e+00,-4.657507538795471191e-01,4.124586284160614014e-01
-6.743478029966354370e-02,1.017613410949707031e+00,-4.658541679382324219e-01,4.124181270599365234e-01
-6.786222010850906372e-02,1.017896413803100586e+00,-4.659566879272460938e-01,4.123773872852325439e-01
-6.828870624303817749e-02,1.018180370330810547e+00,-4.660595655441284180e-01,4.123376011848449707e-01
-6.871636956930160522e-02,1.018463492393493652e+00,-4.661629796028137207e-01,4.122960567474365234e-01
-6.914323568344116211e-02,1.018746972084045410e+00,-4.662663936614990234e-01,4.122555851936340332e-01
-6.956919282674789429e-02,1.019030332565307617e+00,-4.663696885108947754e-01,4.122146964073181152e-01
-6.999540328979492188e-02,1.019313812255859375e+00,-4.664728045463562012e-01,4.121741056442260742e-01
-7.042168080806732178e-02,1.019596576690673828e+00,-4.665759503841400146e-01,4.121330082416534424e-01
-7.084812223911285400e-02,1.019879698753356934e+00,-4.666798114776611328e-01,4.120914936065673828e-01
-7.127472758293151855e-02,1.020162105560302734e+00,-4.667828083038330078e-01,4.120494723320007324e-01
-7.169944047927856445e-02,1.020446181297302246e+00,-4.668865799903869629e-01,4.120090603828430176e-01
-7.212614268064498901e-02,1.020727753639221191e+00,-4.669896066188812256e-01,4.119668006896972656e-01
-7.255159318447113037e-02,1.021010041236877441e+00,-4.670930802822113037e-01,4.119248390197753906e-01
-7.297751307487487793e-02,1.021293401718139648e+00,-4.671964347362518311e-01,4.118824303150177002e-01
-7.340172678232192993e-02,1.021576046943664551e+00,-4.673003554344177246e-01,4.118410348892211914e-01
-7.382794469594955444e-02,1.021858334541320801e+00,-4.674040973186492920e-01,4.117982089519500732e-01
-7.425235211849212646e-02,1.022141098976135254e+00,-4.675076007843017578e-01,4.117563962936401367e-01
-7.467668503522872925e-02,1.022423148155212402e+00,-4.676113128662109375e-01,4.117139875888824463e-01
-7.510165870189666748e-02,1.022705554962158203e+00,-4.677146375179290771e-01,4.116711616516113281e-01
-7.552605867385864258e-02,1.022987842559814453e+00,-4.678188264369964600e-01,4.116285145282745361e-01
-7.595072686672210693e-02,1.023269891738891602e+00,-4.679228067398071289e-01,4.115853607654571533e-01
-7.637648284435272217e-02,1.023550271987915039e+00,-4.680253267288208008e-01,4.115414917469024658e-01
-7.679939270019531250e-02,1.023833155632019043e+00,-4.681304097175598145e-01,4.114989936351776123e-01
-7.722409814596176147e-02,1.024114608764648438e+00,-4.682340025901794434e-01,4.114550650119781494e-01
-7.764773815870285034e-02,1.024395942687988281e+00,-4.683379530906677246e-01,4.114117324352264404e-01
-7.807080447673797607e-02,1.024678349494934082e+00,-4.684421420097351074e-01,4.113689363002777100e-01
-7.849502563476562500e-02,1.024960041046142578e+00,-4.685462117195129395e-01,4.113244414329528809e-01
-7.891882210969924927e-02,1.025241255760192871e+00,-4.686502218246459961e-01,4.112804532051086426e-01
-7.934228330850601196e-02,1.025522828102111816e+00,-4.687542915344238281e-01,4.112362861633300781e-01
-7.976467162370681763e-02,1.025804281234741211e+00,-4.688585698604583740e-01,4.111926853656768799e-01
-8.018758893013000488e-02,1.026085376739501953e+00,-4.689625501632690430e-01,4.111482799053192139e-01
-8.061071485280990601e-02,1.026365995407104492e+00,-4.690666794776916504e-01,4.111033380031585693e-01
-8.103334158658981323e-02,1.026647567749023438e+00,-4.691709876060485840e-01,4.110594391822814941e-01
-8.145741373300552368e-02,1.026927471160888672e+00,-4.692749381065368652e-01,4.110133051872253418e-01
-8.187905699014663696e-02,1.027208805084228516e+00,-4.693793654441833496e-01,4.109689295291900635e-01
-8.230134844779968262e-02,1.027489781379699707e+00,-4.694831371307373047e-01,4.109241962432861328e-01
-8.272341638803482056e-02,1.027771234512329102e+00,-4.695883989334106445e-01,4.108788967132568359e-01
-8.314527571201324463e-02,1.028051376342773438e+00,-4.696928560733795166e-01,4.108336567878723145e-01
-8.356663584709167480e-02,1.028332948684692383e+00,-4.697975516319274902e-01,4.107887744903564453e-01
-8.398901671171188354e-02,1.028612613677978516e+00,-4.699016213417053223e-01,4.107424616813659668e-01
-8.441138267517089844e-02,1.028893232345581055e+00,-4.700056910514831543e-01,4.106963872909545898e-01
-8.483260869979858398e-02,1.029173016548156738e+00,-4.701102375984191895e-01,4.106509387493133545e-01
-8.525308966636657715e-02,1.029453516006469727e+00,-4.702150821685791016e-01,4.106052815914154053e-01
-8.567560464143753052e-02,1.029733180999755859e+00,-4.703192114830017090e-01,4.105584323406219482e-01
-8.609610050916671753e-02,1.030013203620910645e+00,-4.704242944717407227e-01,4.105125963687896729e-01
-8.651653677225112915e-02,1.030293464660644531e+00,-4.705291688442230225e-01,4.104662239551544189e-01
-8.693853020668029785e-02,1.030573368072509766e+00,-4.706340432167053223e-01,4.104197919368743896e-01
-8.735879510641098022e-02,1.030853867530822754e+00,-4.707389473915100098e-01,4.103731513023376465e-01
-8.777985721826553345e-02,1.031132698059082031e+00,-4.708431363105773926e-01,4.103257954120635986e-01
-8.820049464702606201e-02,1.031412959098815918e+00,-4.709484577178955078e-01,4.102787375450134277e-01
-8.862087875604629517e-02,1.031691551208496094e+00,-4.710532426834106445e-01,4.102317988872528076e-01
-8.904096484184265137e-02,1.031971931457519531e+00,-4.711581766605377197e-01,4.101844727993011475e-01
-8.946187794208526611e-02,1.032251715660095215e+00,-4.712629914283752441e-01,4.101365804672241211e-01
-8.988125622272491455e-02,1.032530784606933594e+00,-4.713686108589172363e-01,4.100899696350097656e-01
-9.030233323574066162e-02,1.032808542251586914e+00,-4.714727997779846191e-01,4.100412130355834961e-01
-9.072154015302658081e-02,1.033089160919189453e+00,-4.715780019760131836e-01,4.099937677383422852e-01
-9.114116430282592773e-02,1.033368229866027832e+00,-4.716827273368835449e-01,4.099458754062652588e-01
-9.156039357185363770e-02,1.033646821975708008e+00,-4.717881977558135986e-01,4.098979234695434570e-01
-9.197991341352462769e-02,1.033925771713256836e+00,-4.718930125236511230e-01,4.098493754863739014e-01
-9.239911288022994995e-02,1.034204602241516113e+00,-4.719987213611602783e-01,4.098008871078491211e-01
-9.281795471906661987e-02,1.034483194351196289e+00,-4.721034765243530273e-01,4.097524881362915039e-01
-9.323669224977493286e-02,1.034761667251586914e+00,-4.722089767456054688e-01,4.097037315368652344e-01
-9.365507960319519043e-02,1.035041570663452148e+00,-4.723148345947265625e-01,4.096554815769195557e-01
-9.407357126474380493e-02,1.035319566726684570e+00,-4.724206030368804932e-01,4.096070826053619385e-01
-9.449233114719390869e-02,1.035597681999206543e+00,-4.725257158279418945e-01,4.095577895641326904e-01
-9.491104632616043091e-02,1.035876274108886719e+00,-4.726307392120361328e-01,4.095080196857452393e-01
-9.532965719699859619e-02,1.036154627799987793e+00,-4.727361798286437988e-01,4.094585180282592773e-01
-9.574766457080841064e-02,1.036433219909667969e+00,-4.728417098522186279e-01,4.094092249870300293e-01
-9.616595506668090820e-02,1.036710500717163086e+00,-4.729470014572143555e-01,4.093592166900634766e-01
-9.658358991146087646e-02,1.036988973617553711e+00,-4.730529487133026123e-01,4.093095362186431885e-01
-9.700143337249755859e-02,1.037266254425048828e+00,-4.731578826904296875e-01,4.092597365379333496e-01
-9.741859883069992065e-02,1.037544727325439453e+00,-4.732638895511627197e-01,4.092099070549011230e-01
-9.783665090799331665e-02,1.037822246551513672e+00,-4.733693301677703857e-01,4.091592133045196533e-01
-9.825489670038223267e-02,1.038100361824035645e+00,-4.734752774238586426e-01,4.091085791587829590e-01
-9.867081046104431152e-02,1.038378477096557617e+00,-4.735815823078155518e-01,4.090589880943298340e-01
-9.908866137266159058e-02,1.038655996322631836e+00,-4.736866950988769531e-01,4.090074300765991211e-01
-9.950628131628036499e-02,1.038932561874389648e+00,-4.737928211688995361e-01,4.089564085006713867e-01
-9.992206096649169922e-02,1.039210915565490723e+00,-4.738993346691131592e-01,4.089061617851257324e-01
-1.003386974334716797e-01,1.039487481117248535e+00,-4.740037322044372559e-01,4.088553786277770996e-01
-1.007561460137367249e-01,1.039765357971191406e+00,-4.741102457046508789e-01,4.088035821914672852e-01
-1.011715009808540344e-01,1.040042638778686523e+00,-4.742165207862854004e-01,4.087529778480529785e-01
-1.015877798199653625e-01,1.040320158004760742e+00,-4.743227064609527588e-01,4.087018668651580811e-01
-1.020047441124916077e-01,1.040596723556518555e+00,-4.744283854961395264e-01,4.086495637893676758e-01
-1.024200394749641418e-01,1.040873289108276367e+00,-4.745345115661621094e-01,4.085985720157623291e-01
-1.028371453285217285e-01,1.041150331497192383e+00,-4.746403396129608154e-01,4.085455238819122314e-01
-1.032523959875106812e-01,1.041427254676818848e+00,-4.747471213340759277e-01,4.084941148757934570e-01
-1.036682501435279846e-01,1.041704416275024414e+00,-4.748530387878417969e-01,4.084417223930358887e-01
-1.040839552879333496e-01,1.041980743408203125e+00,-4.749591648578643799e-01,4.083895385265350342e-01
-1.044993549585342407e-01,1.042256832122802734e+00,-4.750649929046630859e-01,4.083370864391326904e-01
-1.049151569604873657e-01,1.042533397674560547e+00,-4.751713871955871582e-01,4.082842767238616943e-01
-1.053292751312255859e-01,1.042810440063476562e+00,-4.752781987190246582e-01,4.082325696945190430e-01
-1.057446524500846863e-01,1.043087124824523926e+00,-4.753846824169158936e-01,4.081791341304779053e-01
-1.061601117253303528e-01,1.043362855911254883e+00,-4.754908680915832520e-01,4.081257581710815430e-01
-1.065742820501327515e-01,1.043640136718750000e+00,-4.755977094173431396e-01,4.080728292465209961e-01
-1.069899722933769226e-01,1.043914914131164551e+00,-4.757040739059448242e-01,4.080192446708679199e-01
-1.074043884873390198e-01,1.044191241264343262e+00,-4.758103489875793457e-01,4.079656898975372314e-01
-1.078188195824623108e-01,1.044466614723205566e+00,-4.759166836738586426e-01,4.079120457172393799e-01
-1.082326397299766541e-01,1.044743537902832031e+00,-4.760240316390991211e-01,4.078588783740997314e-01
-1.086466982960700989e-01,1.045019388198852539e+00,-4.761301875114440918e-01,4.078054726123809814e-01
-1.090616360306739807e-01,1.045293807983398438e+00,-4.762361049652099609e-01,4.077506661415100098e-01
-1.094752922654151917e-01,1.045570135116577148e+00,-4.763430058956146240e-01,4.076969623565673828e-01
-1.098885610699653625e-01,1.045846104621887207e+00,-4.764504134654998779e-01,4.076426923274993896e-01
-1.103015914559364319e-01,1.046121954917907715e+00,-4.765571951866149902e-01,4.075891375541687012e-01
-1.107169464230537415e-01,1.046396732330322266e+00,-4.766638278961181641e-01,4.075333178043365479e-01
-1.111292764544487000e-01,1.046672105789184570e+00,-4.767708778381347656e-01,4.074798226356506348e-01
-1.115428656339645386e-01,1.046947717666625977e+00,-4.768783450126647949e-01,4.074244797229766846e-01
-1.119565963745117188e-01,1.047222137451171875e+00,-4.769842624664306641e-01,4.073691368103027344e-01
-1.123688817024230957e-01,1.047497749328613281e+00,-4.770914912223815918e-01,4.073149561882019043e-01
-1.127822846174240112e-01,1.047772645950317383e+00,-4.771988093852996826e-01,4.072593450546264648e-01
-1.131951957941055298e-01,1.048046708106994629e+00,-4.773055315017700195e-01,4.072040319442749023e-01
-1.136083602905273438e-01,1.048321843147277832e+00,-4.774121940135955811e-01,4.071478843688964844e-01
-1.140202805399894714e-01,1.048596262931823730e+00,-4.775196909904479980e-01,4.070932865142822266e-01
-1.144334971904754639e-01,1.048871278762817383e+00,-4.776265025138854980e-01,4.070367813110351562e-01
-1.148459389805793762e-01,1.049145340919494629e+00,-4.777330458164215088e-01,4.069808125495910645e-01
-1.152579635381698608e-01,1.049420714378356934e+00,-4.778410196304321289e-01,4.069249033927917480e-01
-1.156702861189842224e-01,1.049694418907165527e+00,-4.779482781887054443e-01,4.068686366081237793e-01
-1.160816848278045654e-01,1.049970388412475586e+00,-4.780562520027160645e-01,4.068127572536468506e-01
-1.164929419755935669e-01,1.050244092941284180e+00,-4.781628251075744629e-01,4.067566394805908203e-01
-1.169044375419616699e-01,1.050519704818725586e+00,-4.782710671424865723e-01,4.066999554634094238e-01
-1.173168346285820007e-01,1.050793051719665527e+00,-4.783781766891479492e-01,4.066428244113922119e-01
-1.177273690700531006e-01,1.051067709922790527e+00,-4.784860610961914062e-01,4.065863192081451416e-01
-1.181388795375823975e-01,1.051342248916625977e+00,-4.785932302474975586e-01,4.065288305282592773e-01
-1.185503974556922913e-01,1.051615357398986816e+00,-4.787002205848693848e-01,4.064710140228271484e-01
-1.189602017402648926e-01,1.051890850067138672e+00,-4.788087010383605957e-01,4.064149856567382812e-01
-1.193716898560523987e-01,1.052164435386657715e+00,-4.789158105850219727e-01,4.063568711280822754e-01
-1.197827234864234924e-01,1.052438139915466309e+00,-4.790233373641967773e-01,4.062986969947814941e-01
-1.201930493116378784e-01,1.052713155746459961e+00,-4.791318178176879883e-01,4.062410295009613037e-01
-1.206039562821388245e-01,1.052986025810241699e+00,-4.792387187480926514e-01,4.061833918094635010e-01
-1.210142150521278381e-01,1.053261041641235352e+00,-4.793468117713928223e-01,4.061249196529388428e-01
