2.799259424209594727e-01,2.273065596818923950e-01,-1.896997988224029541e-01,-1.838394999504089355e-01
2.751328945159912109e-01,2.256965041160583496e-01,-1.948346495628356934e-01,-1.871971040964126587e-01
2.702977955341339111e-01,2.241670787334442139e-01,-1.998468637466430664e-01,-1.905032843351364136e-01
2.654260694980621338e-01,2.227161377668380737e-01,-2.047357857227325439e-01,-1.937578767538070679e-01
2.605228126049041748e-01,2.213409245014190674e-01,-2.095010429620742798e-01,-1.969610601663589478e-01
2.555923163890838623e-01,2.200386375188827515e-01,-2.141432017087936401e-01,-2.001136541366577148e-01
2.506393194198608398e-01,2.188066542148590088e-01,-2.186626195907592773e-01,-2.032160162925720215e-01
2.456675618886947632e-01,2.176426202058792114e-01,-2.230598330497741699e-01,-2.062684148550033569e-01
2.406814992427825928e-01,2.165440022945404053e-01,-2.273354679346084595e-01,-2.092713266611099243e-01
2.356849908828735352e-01,2.155082970857620239e-01,-2.314902991056442261e-01,-2.122249007225036621e-01
2.306803762912750244e-01,2.145330905914306641e-01,-2.355263829231262207e-01,-2.151302397251129150e-01
2.256717830896377563e-01,2.136160135269165039e-01,-2.394443303346633911e-01,-2.179874330759048462e-01
2.206621021032333374e-01,2.127549052238464355e-01,-2.432457208633422852e-01,-2.207970023155212402e-01
2.156533449888229370e-01,2.119477093219757080e-01,-2.469325512647628784e-01,-2.235594838857650757e-01
2.106490135192871094e-01,2.111920565366744995e-01,-2.505059838294982910e-01,-2.262754142284393311e-01
2.056511789560317993e-01,2.104861140251159668e-01,-2.539677321910858154e-01,-2.289447486400604248e-01
2.006620764732360840e-01,2.098279893398284912e-01,-2.573197484016418457e-01,-2.315682023763656616e-01
1.956844180822372437e-01,2.092155218124389648e-01,-2.605634927749633789e-01,-2.341459393501281738e-01
1.907197535037994385e-01,2.086472660303115845e-01,-2.637008428573608398e-01,-2.366781532764434814e-01
1.857703030109405518e-01,2.081213891506195068e-01,-2.667337059974670410e-01,-2.391651868820190430e-01
1.808380186557769775e-01,2.076361626386642456e-01,-2.696635425090789795e-01,-2.416070401668548584e-01
1.759247332811355591e-01,2.071899622678756714e-01,-2.724925279617309570e-01,-2.440042346715927124e-01
1.710321307182312012e-01,2.067812085151672363e-01,-2.752222418785095215e-01,-2.463567852973937988e-01
1.661618798971176147e-01,2.064083367586135864e-01,-2.778545618057250977e-01,-2.486649155616760254e-01
1.613156050443649292e-01,2.060700803995132446e-01,-2.803915143013000488e-01,-2.509289383888244629e-01
1.564944684505462646e-01,2.057648748159408569e-01,-2.828347086906433105e-01,-2.531489729881286621e-01
1.516999155282974243e-01,2.054914683103561401e-01,-2.851861715316772461e-01,-2.553251385688781738e-01
1.469332426786422729e-01,2.052484154701232910e-01,-2.874477207660675049e-01,-2.574574947357177734e-01
1.421955227851867676e-01,2.050346881151199341e-01,-2.896212041378021240e-01,-2.595461606979370117e-01
1.374877989292144775e-01,2.048488557338714600e-01,-2.917086780071258545e-01,-2.615914344787597656e-01
1.328110992908477783e-01,2.046900093555450439e-01,-2.937117815017700195e-01,-2.635933756828308105e-01
1.281663179397583008e-01,2.045567482709884644e-01,-2.956326007843017578e-01,-2.655518949031829834e-01
1.235549449920654297e-01,2.044481635093688965e-01,-2.974723875522613525e-01,-2.674676179885864258e-01
1.189775243401527405e-01,2.043630331754684448e-01,-2.992334663867950439e-01,-2.693403959274291992e-01
1.144347488880157471e-01,2.043005228042602539e-01,-3.009173870086669922e-01,-2.711704969406127930e-01
1.099272817373275757e-01,2.042595744132995605e-01,-3.025261759757995605e-01,-2.729579210281372070e-01
1.054559201002120972e-01,2.042391449213027954e-01,-3.040612936019897461e-01,-2.747027277946472168e-01
1.010214313864707947e-01,2.042384892702102661e-01,-3.055245280265808105e-01,-2.764051556587219238e-01
9.662457555532455444e-02,2.042566388845443726e-01,-3.069174885749816895e-01,-2.780656218528747559e-01
9.226562082767486572e-02,2.042929530143737793e-01,-3.082420229911804199e-01,-2.796839475631713867e-01
8.794515579938888550e-02,2.043463438749313354e-01,-3.094996511936187744e-01,-2.812601923942565918e-01
8.366364985704421997e-02,2.044161558151245117e-01,-3.106921315193176270e-01,-2.827946245670318604e-01
7.942144572734832764e-02,2.045019268989562988e-01,-3.118210434913635254e-01,-2.842874228954315186e-01
7.521946728229522705e-02,2.046023011207580566e-01,-3.128876388072967529e-01,-2.857389748096466064e-01
7.105772942304611206e-02,2.047170102596282959e-01,-3.138938546180725098e-01,-2.871490120887756348e-01
6.693668663501739502e-02,2.048452496528625488e-01,-3.148407936096191406e-01,-2.885180711746215820e-01
6.285645812749862671e-02,2.049864232540130615e-01,-3.157305717468261719e-01,-2.898460626602172852e-01
5.881740152835845947e-02,2.051401287317276001e-01,-3.165640532970428467e-01,-2.911331951618194580e-01
5.481996387243270874e-02,2.053053081035614014e-01,-3.173429071903228760e-01,-2.923799753189086914e-01
5.086451023817062378e-02,2.054816484451293945e-01,-3.180684447288513184e-01,-2.935862541198730469e-01
4.695103317499160767e-02,2.056685239076614380e-01,-3.187421560287475586e-01,-2.947525084018707275e-01
4.307968169450759888e-02,2.058653980493545532e-01,-3.193652927875518799e-01,-2.958787977695465088e-01
3.925067186355590820e-02,2.060718387365341187e-01,-3.199392557144165039e-01,-2.969651818275451660e-01
3.546409308910369873e-02,2.062875032424926758e-01,-3.204651474952697754e-01,-2.980120778083801270e-01
3.172028064727783203e-02,2.065114378929138184e-01,-3.209444284439086914e-01,-2.990198433399200439e-01
2.801920473575592041e-02,2.067436128854751587e-01,-3.213780522346496582e-01,-2.999884486198425293e-01
2.436089515686035156e-02,2.069833725690841675e-01,-3.217676281929016113e-01,-3.009181618690490723e-01
2.074554562568664551e-02,2.072304338216781616e-01,-3.221139609813690186e-01,-3.018094897270202637e-01
1.717317104339599609e-02,2.074842751026153564e-01,-3.224183917045593262e-01,-3.026625514030456543e-01
1.364371180534362793e-02,2.077444195747375488e-01,-3.226820230484008789e-01,-3.034774065017700195e-01
1.015736162662506104e-02,2.080108523368835449e-01,-3.229057490825653076e-01,-3.042546212673187256e-01
6.713926792144775391e-03,2.082829326391220093e-01,-3.230908513069152832e-01,-3.049943149089813232e-01
3.313526511192321777e-03,2.085603624582290649e-01,-3.232382535934448242e-01,-3.056967854499816895e-01
-4.391372203826904297e-05,2.088428139686584473e-01,-3.233489990234375000e-01,-3.063625991344451904e-01
-3.358423709869384766e-03,2.091299593448638916e-01,-3.234241902828216553e-01,-3.069915771484375000e-01
-6.629884243011474609e-03,2.094214409589767456e-01,-3.234644234180450439e-01,-3.075844347476959229e-01
-9.858369827270507812e-03,2.097172141075134277e-01,-3.234708309173583984e-01,-3.081413507461547852e-01
-1.304405927658081055e-02,2.100166827440261841e-01,-3.234443366527557373e-01,-3.086624741554260254e-01
-1.618690788745880127e-02,2.103198170661926270e-01,-3.233856856822967529e-01,-3.091485798358917236e-01
-1.928699016571044922e-02,2.106260657310485840e-01,-3.232960104942321777e-01,-3.095995187759399414e-01
-2.234438061714172363e-02,2.109354436397552490e-01,-3.231755793094635010e-01,-3.100160062313079834e-01
-2.535913884639739990e-02,2.112474143505096436e-01,-3.230257332324981689e-01,-3.103981614112854004e-01
-2.833133935928344727e-02,2.115621417760848999e-01,-3.228469192981719971e-01,-3.107463419437408447e-01
-3.126093745231628418e-02,2.118790000677108765e-01,-3.226400613784790039e-01,-3.110612630844116211e-01
-3.414824604988098145e-02,2.121980935335159302e-01,-3.224056363105773926e-01,-3.113428950309753418e-01
-3.699332475662231445e-02,2.125190645456314087e-01,-3.221444487571716309e-01,-3.115918040275573730e-01
-3.979708254337310791e-02,2.128418833017349243e-01,-3.218577206134796143e-01,-3.118078708648681641e-01
-4.255901277065277100e-02,2.131665050983428955e-01,-3.215457499027252197e-01,-3.119917511940002441e-01
-4.527933895587921143e-02,2.134924978017807007e-01,-3.212090730667114258e-01,-3.121438622474670410e-01
-4.795810580253601074e-02,2.138197124004364014e-01,-3.208484351634979248e-01,-3.122646808624267578e-01
-5.059561133384704590e-02,2.141481041908264160e-01,-3.204642534255981445e-01,-3.123543262481689453e-01
-5.319188535213470459e-02,2.144772261381149292e-01,-3.200575709342956543e-01,-3.124133944511413574e-01
-5.574715137481689453e-02,2.148073762655258179e-01,-3.196285367012023926e-01,-3.124423027038574219e-01
-5.826172232627868652e-02,2.151382416486740112e-01,-3.191775679588317871e-01,-3.124411106109619141e-01
-6.073549389839172363e-02,2.154695987701416016e-01,-3.187056183815002441e-01,-3.124105930328369141e-01
-6.316882371902465820e-02,2.158013284206390381e-01,-3.182129561901092529e-01,-3.123509883880615234e-01
-6.556190550327301025e-02,2.161335200071334839e-01,-3.177002072334289551e-01,-3.122627437114715576e-01
-6.791511178016662598e-02,2.164658308029174805e-01,-3.171679973602294922e-01,-3.121459484100341797e-01
-7.022850215435028076e-02,2.167984545230865479e-01,-3.166163563728332520e-01,-3.120015263557434082e-01
-7.250224053859710693e-02,2.171310484409332275e-01,-3.160463571548461914e-01,-3.118295073509216309e-01
-7.473658025264739990e-02,2.174636274576187134e-01,-3.154578208923339844e-01,-3.116300702095031738e-01
-7.693171501159667969e-02,2.177959680557250977e-01,-3.148514330387115479e-01,-3.114041984081268311e-01
-7.908783853054046631e-02,2.181282043457031250e-01,-3.142275810241699219e-01,-3.111519813537597656e-01
-8.120502531528472900e-02,2.184600681066513062e-01,-3.135868906974792480e-01,-3.108736872673034668e-01
-8.328384160995483398e-02,2.187914997339248657e-01,-3.129292428493499756e-01,-3.105700314044952393e-01
-8.532422780990600586e-02,2.191225737333297729e-01,-3.122553825378417969e-01,-3.102412819862365723e-01
-8.732631802558898926e-02,2.194532454013824463e-01,-3.115655481815338135e-01,-3.098880052566528320e-01
-8.929076790809631348e-02,2.197832018136978149e-01,-3.108602166175842285e-01,-3.095102310180664062e-01
-9.121759235858917236e-02,2.201126962900161743e-01,-3.101395666599273682e-01,-3.091084361076354980e-01
-9.310713410377502441e-02,2.204415798187255859e-01,-3.094040751457214355e-01,-3.086834549903869629e-01
-9.495960175991058350e-02,2.207698822021484375e-01,-3.086539208889007568e-01,-3.082350492477416992e-01
-9.677515923976898193e-02,2.210974097251892090e-01,-3.078895211219787598e-01,-3.077640533447265625e-01
-9.855403006076812744e-02,2.214241325855255127e-01,-3.071109652519226074e-01,-3.072708845138549805e-01
-1.002965271472930908e-01,2.217500507831573486e-01,-3.063187003135681152e-01,-3.067557811737060547e-01
-1.020028293132781982e-01,2.220750898122787476e-01,-3.055129945278167725e-01,-3.062190413475036621e-01
-1.036731004714965820e-01,2.223994731903076172e-01,-3.046941161155700684e-01,-3.056613802909851074e-01
-1.053077429533004761e-01,2.227227538824081421e-01,-3.038619160652160645e-01,-3.050832152366638184e-01
-1.069070398807525635e-01,2.230453044176101685e-01,-3.030172586441040039e-01,-3.044846057891845703e-01
-1.084711104631423950e-01,2.233668416738510132e-01,-3.021599352359771729e-01,-3.038660287857055664e-01
-1.100003495812416077e-01,2.236874252557754517e-01,-3.012905716896057129e-01,-3.032281398773193359e-01
-1.114950105547904968e-01,2.240071147680282593e-01,-3.004089891910552979e-01,-3.025709986686706543e-01
-1.129553541541099548e-01,2.243259102106094360e-01,-2.995157539844512939e-01,-3.018951416015625000e-01
-1.143815442919731140e-01,2.246437370777130127e-01,-2.986107170581817627e-01,-3.012009263038635254e-01
-1.157737970352172852e-01,2.249604314565658569e-01,-2.976942956447601318e-01,-3.004889488220214844e-01
-1.171325147151947021e-01,2.252762466669082642e-01,-2.967666685581207275e-01,-2.997592687606811523e-01
-1.184578463435173035e-01,2.255909740924835205e-01,-2.958278656005859375e-01,-2.990124821662902832e-01
-1.197499781847000122e-01,2.259047031402587891e-01,-2.948782145977020264e-01,-2.982488870620727539e-01
-1.210092455148696899e-01,2.262174785137176514e-01,-2.939177155494689941e-01,-2.974689602851867676e-01
-1.222358867526054382e-01,2.265291810035705566e-01,-2.929466962814331055e-01,-2.966731786727905273e-01
-1.234303340315818787e-01,2.268399447202682495e-01,-2.919652462005615234e-01,-2.958615720272064209e-01
-1.245927661657333374e-01,2.271496951580047607e-01,-2.909736633300781250e-01,-2.950348556041717529e-01
-1.257234811782836914e-01,2.274585217237472534e-01,-2.899720072746276855e-01,-2.941930890083312988e-01
-1.268226504325866699e-01,2.277662009000778198e-01,-2.889602780342102051e-01,-2.933366894721984863e-01
-1.278905719518661499e-01,2.280729413032531738e-01,-2.879389226436614990e-01,-2.924662828445434570e-01
-1.289274692535400391e-01,2.283787876367568970e-01,-2.869076132774353027e-01,-2.915820181369781494e-01
-1.299336850643157959e-01,2.286835759878158569e-01,-2.858668565750122070e-01,-2.906841635704040527e-01
-1.309093087911605835e-01,2.289874106645584106e-01,-2.848166823387145996e-01,-2.897733151912689209e-01
-1.318547427654266357e-01,2.292902916669845581e-01,-2.837570309638977051e-01,-2.888496518135070801e-01
-1.327702552080154419e-01,2.295922189950942993e-01,-2.826884686946868896e-01,-2.879138588905334473e-01
-1.336557865142822266e-01,2.298931181430816650e-01,-2.816106379032135010e-01,-2.869658172130584717e-01
-1.345122605562210083e-01,2.301930934190750122e-01,-2.805239558219909668e-01,-2.860060930252075195e-01
-1.353394985198974609e-01,2.304923087358474731e-01,-2.794283628463745117e-01,-2.850350439548492432e-01
-1.361378580331802368e-01,2.307905703783035278e-01,-2.783240377902984619e-01,-2.840530276298522949e-01
-1.369075924158096313e-01,2.310879826545715332e-01,-2.772109806537628174e-01,-2.830600440502166748e-01
-1.376489698886871338e-01,2.313844263553619385e-01,-2.760895490646362305e-01,-2.820568680763244629e-01
-1.383622735738754272e-01,2.316800057888031006e-01,-2.749595046043395996e-01,-2.810436189174652100e-01
-1.390475779771804810e-01,2.319748699665069580e-01,-2.738212347030639648e-01,-2.800206840038299561e-01
-1.397054195404052734e-01,2.322688549757003784e-01,-2.726745605468750000e-01,-2.789882719516754150e-01
-1.403358578681945801e-01,2.325619906187057495e-01,-2.715198099613189697e-01,-2.779469490051269531e-01
-1.409392654895782471e-01,2.328542619943618774e-01,-2.703570723533630371e-01,-2.768966853618621826e-01
-1.415158510208129883e-01,2.331458479166030884e-01,-2.691860198974609375e-01,-2.758379578590393066e-01
-1.420657783746719360e-01,2.334365397691726685e-01,-2.680073976516723633e-01,-2.747712731361389160e-01
-1.425895839929580688e-01,2.337266057729721069e-01,-2.668207883834838867e-01,-2.736965417861938477e-01
-1.430872976779937744e-01,2.340159714221954346e-01,-2.656263709068298340e-01,-2.726143598556518555e-01
-1.435593217611312866e-01,2.343044877052307129e-01,-2.644244134426116943e-01,-2.715246677398681641e-01
-1.440058052539825439e-01,2.345923930406570435e-01,-2.632147669792175293e-01,-2.704283595085144043e-01
-1.444269865751266479e-01,2.348796725273132324e-01,-2.619976103305816650e-01,-2.693251967430114746e-01
-1.448231786489486694e-01,2.351660728454589844e-01,-2.607730925083160400e-01,-2.682156562805175781e-01
-1.451946645975112915e-01,2.354520112276077271e-01,-2.595410943031311035e-01,-2.670999169349670410e-01
-1.455416083335876465e-01,2.357372790575027466e-01,-2.583019733428955078e-01,-2.659784555435180664e-01
-1.458643376827239990e-01,2.360219061374664307e-01,-2.570554614067077637e-01,-2.648513317108154297e-01
-1.461629718542098999e-01,2.363058626651763916e-01,-2.558018565177917480e-01,-2.637190818786621094e-01
-1.464379876852035522e-01,2.365892976522445679e-01,-2.545411586761474609e-01,-2.625815272331237793e-01
-1.466894447803497314e-01,2.368722409009933472e-01,-2.532735466957092285e-01,-2.614393830299377441e-01
-1.469179391860961914e-01,2.371545881032943726e-01,-2.519988715648651123e-01,-2.602925896644592285e-01
-1.471232026815414429e-01,2.374364137649536133e-01,-2.507174015045166016e-01,-2.591415643692016602e-01
-1.473058611154556274e-01,2.377175837755203247e-01,-2.494291365146636963e-01,-2.579865455627441406e-01
-1.474659740924835205e-01,2.379984408617019653e-01,-2.481342405080795288e-01,-2.568277716636657715e-01
-1.476038098335266113e-01,2.382787466049194336e-01,-2.468325197696685791e-01,-2.556654810905456543e-01
-1.477197706699371338e-01,2.385585904121398926e-01,-2.455242872238159180e-01,-2.544997334480285645e-01
-1.478139311075210571e-01,2.388378530740737915e-01,-2.442094683647155762e-01,-2.533311247825622559e-01
-1.478865742683410645e-01,2.391168326139450073e-01,-2.428882271051406860e-01,-2.521597146987915039e-01
-1.479379534721374512e-01,2.393952757120132446e-01,-2.415606081485748291e-01,-2.509855031967163086e-01
-1.479683965444564819e-01,2.396733462810516357e-01,-2.402267158031463623e-01,-2.498090267181396484e-01
-1.479779928922653198e-01,2.399510145187377930e-01,-2.388864606618881226e-01,-2.486303299665451050e-01
-1.479671299457550049e-01,2.402283251285552979e-01,-2.375401854515075684e-01,-2.474498003721237183e-01
-1.479360163211822510e-01,2.405053675174713135e-01,-2.361875772476196289e-01,-2.462675273418426514e-01
-1.478849053382873535e-01,2.407818883657455444e-01,-2.348290532827377319e-01,-2.450836002826690674e-01
-1.478138267993927002e-01,2.410580217838287354e-01,-2.334642857313156128e-01,-2.438984215259552002e-01
-1.477232873439788818e-01,2.413340508937835693e-01,-2.320938706398010254e-01,-2.427121251821517944e-01
-1.476133614778518677e-01,2.416096478700637817e-01,-2.307174205780029297e-01,-2.415250241756439209e-01
-1.474843174219131470e-01,2.418848425149917603e-01,-2.293352782726287842e-01,-2.403370141983032227e-01
-1.473364084959030151e-01,2.421599179506301880e-01,-2.279473394155502319e-01,-2.391486316919326782e-01
-1.471698880195617676e-01,2.424344867467880249e-01,-2.265536487102508545e-01,-2.379599064588546753e-01
-1.469850093126296997e-01,2.427090257406234741e-01,-2.251545190811157227e-01,-2.367710173130035400e-01
-1.467818617820739746e-01,2.429833114147186279e-01,-2.237498760223388672e-01,-2.355821132659912109e-01
-1.465607881546020508e-01,2.432571351528167725e-01,-2.223397195339202881e-01,-2.343933880329132080e-01
-1.463220715522766113e-01,2.435307949781417847e-01,-2.209240943193435669e-01,-2.332051396369934082e-01
-1.460658311843872070e-01,2.438043206930160522e-01,-2.195033282041549683e-01,-2.320172786712646484e-01
-1.457923650741577148e-01,2.440776675939559937e-01,-2.180770784616470337e-01,-2.308301925659179688e-01
-1.455017030239105225e-01,2.443506270647048950e-01,-2.166457772254943848e-01,-2.296440750360488892e-01
-1.451943218708038330e-01,2.446234077215194702e-01,-2.152092605829238892e-01,-2.284588813781738281e-01
-1.448703855276107788e-01,2.448960989713668823e-01,-2.137677371501922607e-01,-2.272749543190002441e-01
-1.445299834012985229e-01,2.451684921979904175e-01,-2.123212516307830811e-01,-2.260924428701400757e-01
-1.441734135150909424e-01,2.454407513141632080e-01,-2.108697146177291870e-01,-2.249113023281097412e-01
-1.438009440898895264e-01,2.457128316164016724e-01,-2.094134986400604248e-01,-2.237319797277450562e-01
-1.434127092361450195e-01,2.459848523139953613e-01,-2.079523205757141113e-01,-2.225543260574340820e-01
-1.430090665817260742e-01,2.462565749883651733e-01,-2.064864784479141235e-01,-2.213785946369171143e-01
-1.425900757312774658e-01,2.465282529592514038e-01,-2.050160169601440430e-01,-2.202049195766448975e-01
-1.421559154987335205e-01,2.467997372150421143e-01,-2.035410553216934204e-01,-2.190337181091308594e-01
-1.417069435119628906e-01,2.470711469650268555e-01,-2.020615637302398682e-01,-2.178644835948944092e-01
-1.412433385848999023e-01,2.473423331975936890e-01,-2.005775719881057739e-01,-2.166980355978012085e-01
-1.407651305198669434e-01,2.476133257150650024e-01,-1.990892589092254639e-01,-2.155341506004333496e-01
-1.402728110551834106e-01,2.478843331336975098e-01,-1.975965946912765503e-01,-2.143728882074356079e-01
-1.397664099931716919e-01,2.481551915407180786e-01,-1.960998922586441040e-01,-2.132144868373870850e-01
-1.392461508512496948e-01,2.484258264303207397e-01,-1.945988535881042480e-01,-2.120591551065444946e-01
-1.387121975421905518e-01,2.486964762210845947e-01,-1.930937618017196655e-01,-2.109068334102630615e-01
-1.381649374961853027e-01,2.489669471979141235e-01,-1.915847510099411011e-01,-2.097576409578323364e-01
-1.376044452190399170e-01,2.492373287677764893e-01,-1.900717914104461670e-01,-2.086118161678314209e-01
-1.370308697223663330e-01,2.495077103376388550e-01,-1.885548830032348633e-01,-2.074694633483886719e-01
-1.364444345235824585e-01,2.497778236865997314e-01,-1.870343089103698730e-01,-2.063305974006652832e-01
-1.358454227447509766e-01,2.500479221343994141e-01,-1.855099648237228394e-01,-2.051952481269836426e-01
-1.352339088916778564e-01,2.503178715705871582e-01,-1.839820146560668945e-01,-2.040636390447616577e-01
-1.346101164817810059e-01,2.505878210067749023e-01,-1.824505925178527832e-01,-2.029359936714172363e-01
-1.339742839336395264e-01,2.508575916290283203e-01,-1.809155344963073730e-01,-2.018120735883712769e-01
-1.333266943693161011e-01,2.511273622512817383e-01,-1.793770343065261841e-01,-2.006922960281372070e-01
-1.326672583818435669e-01,2.513968646526336670e-01,-1.778353303670883179e-01,-1.995766460895538330e-01
-1.319964230060577393e-01,2.516664266586303711e-01,-1.762904524803161621e-01,-1.984650343656539917e-01
-1.313143372535705566e-01,2.519358396530151367e-01,-1.747421324253082275e-01,-1.973577588796615601e-01
-1.306211352348327637e-01,2.522051930427551270e-01,-1.731909066438674927e-01,-1.962547898292541504e-01
-1.299169063568115234e-01,2.524744272232055664e-01,-1.716365218162536621e-01,-1.951562464237213135e-01
-1.292019784450531006e-01,2.527435719966888428e-01,-1.700792312622070312e-01,-1.940621286630630493e-01
-1.284765601158142090e-01,2.530125975608825684e-01,-1.685190051794052124e-01,-1.929726898670196533e-01
-1.277407705783843994e-01,2.532815635204315186e-01,-1.669560670852661133e-01,-1.918877959251403809e-01
-1.269947290420532227e-01,2.535504102706909180e-01,-1.653903722763061523e-01,-1.908075660467147827e-01
-1.262385845184326172e-01,2.538192272186279297e-01,-1.638219803571701050e-01,-1.897322684526443481e-01
-1.254727393388748169e-01,2.540878653526306152e-01,-1.622509062290191650e-01,-1.886617094278335571e-01
-1.246971040964126587e-01,2.543564736843109131e-01,-1.606774628162384033e-01,-1.875961273908615112e-01
-1.239119917154312134e-01,2.546248435974121094e-01,-1.591015756130218506e-01,-1.865354031324386597e-01
-1.231176406145095825e-01,2.548933029174804688e-01,-1.575234979391098022e-01,-1.854798346757888794e-01
-1.223141402006149292e-01,2.551614940166473389e-01,-1.559429019689559937e-01,-1.844292432069778442e-01
-1.215015947818756104e-01,2.554295659065246582e-01,-1.543603092432022095e-01,-1.833838522434234619e-01
-1.206803172826766968e-01,2.556975483894348145e-01,-1.527755260467529297e-01,-1.823435127735137939e-01
-1.198503077030181885e-01,2.559655308723449707e-01,-1.511886268854141235e-01,-1.813086122274398804e-01
-1.190118342638015747e-01,2.562333047389984131e-01,-1.495998352766036987e-01,-1.802787482738494873e-01
-1.181650608777999878e-01,2.565010190010070801e-01,-1.480091363191604614e-01,-1.792545169591903687e-01
-1.173100993037223816e-01,2.567684650421142578e-01,-1.464165598154067993e-01,-1.782354712486267090e-01
-1.164472699165344238e-01,2.570359110832214355e-01,-1.448224037885665894e-01,-1.772219389677047729e-01
-1.155764609575271606e-01,2.573030889034271240e-01,-1.432266831398010254e-01,-1.762137711048126221e-01
-1.146980226039886475e-01,2.575702667236328125e-01,-1.416291147470474243e-01,-1.752111613750457764e-01
-1.138121634721755981e-01,2.578372657299041748e-01,-1.400302052497863770e-01,-1.742141544818878174e-01
-1.129188239574432373e-01,2.581040263175964355e-01,-1.384298205375671387e-01,-1.732226610183715820e-01
-1.120183616876602173e-01,2.583707273006439209e-01,-1.368281394243240356e-01,-1.722367703914642334e-01
-1.111108809709548950e-01,2.586372494697570801e-01,-1.352252215147018433e-01,-1.712565571069717407e-01
-1.101963818073272705e-01,2.589035630226135254e-01,-1.336209326982498169e-01,-1.702819764614105225e-01
-1.092752069234848022e-01,2.591697573661804199e-01,-1.320157200098037720e-01,-1.693131327629089355e-01
-1.083474904298782349e-01,2.594357132911682129e-01,-1.304094195365905762e-01,-1.683500111103057861e-01
-1.074132770299911499e-01,2.597015500068664551e-01,-1.288021355867385864e-01,-1.673926562070846558e-01
-1.064727976918220520e-01,2.599671483039855957e-01,-1.271940320730209351e-01,-1.664410978555679321e-01
-1.055260449647903442e-01,2.602325677871704102e-01,-1.255850344896316528e-01,-1.654953360557556152e-01
-1.045733839273452759e-01,2.604978084564208984e-01,-1.239752918481826782e-01,-1.645554453134536743e-01
-1.036148816347122192e-01,2.607627511024475098e-01,-1.223649680614471436e-01,-1.636214405298233032e-01
-1.026505976915359497e-01,2.610276341438293457e-01,-1.207540035247802734e-01,-1.626931130886077881e-01
-1.016808003187179565e-01,2.612921893596649170e-01,-1.191425547003746033e-01,-1.617707610130310059e-01
-1.007055491209030151e-01,2.615566253662109375e-01,-1.175307035446166992e-01,-1.608543545007705688e-01
-9.972489625215530396e-02,2.618207931518554688e-01,-1.159184277057647705e-01,-1.599438786506652832e-01
-9.873913228511810303e-02,2.620846331119537354e-01,-1.143060177564620972e-01,-1.590392589569091797e-01
-9.774838387966156006e-02,2.623482942581176758e-01,-1.126932203769683838e-01,-1.581406295299530029e-01
-9.675259888172149658e-02,2.626116573810577393e-01,-1.110802367329597473e-01,-1.572479605674743652e-01
-9.575220942497253418e-02,2.628749012947082520e-01,-1.094674021005630493e-01,-1.563611775636672974e-01
-9.474705159664154053e-02,2.631378173828125000e-01,-1.078544929623603821e-01,-1.554804891347885132e-01
-9.373745322227478027e-02,2.634004354476928711e-01,-1.062416806817054749e-01,-1.546057611703872681e-01
-9.272350370883941650e-02,2.636627852916717529e-01,-1.046290695667266846e-01,-1.537368446588516235e-01
-9.170527011156082153e-02,2.639248371124267578e-01,-1.030165478587150574e-01,-1.528740823268890381e-01
-9.068293869495391846e-02,2.641866803169250488e-01,-1.014044433832168579e-01,-1.520172804594039917e-01
-8.965656906366348267e-02,2.644481062889099121e-01,-9.979276359081268311e-02,-1.511664986610412598e-01
-8.862634003162384033e-02,2.647093236446380615e-01,-9.818144142627716064e-02,-1.503216475248336792e-01
-8.759230375289916992e-02,2.649701833724975586e-01,-9.657064080238342285e-02,-1.494828909635543823e-01
-8.655476570129394531e-02,2.652307152748107910e-01,-9.496042132377624512e-02,-1.486500352621078491e-01
-8.551354706287384033e-02,2.654909491539001465e-01,-9.335090219974517822e-02,-1.478233039379119873e-01
-8.446910977363586426e-02,2.657509446144104004e-01,-9.174211323261260986e-02,-1.470024287700653076e-01
-8.342125266790390015e-02,2.660104334354400635e-01,-9.013408422470092773e-02,-1.461875885725021362e-01
-8.237031102180480957e-02,2.662695646286010742e-01,-8.852703869342803955e-02,-1.453787833452224731e-01
-8.131633698940277100e-02,2.665284872055053711e-01,-8.692079782485961914e-02,-1.445759534835815430e-01
-8.025941252708435059e-02,2.667871117591857910e-01,-8.531562983989715576e-02,-1.437790542840957642e-01
-7.919963449239730835e-02,2.670451402664184570e-01,-8.371154963970184326e-02,-1.429881602525711060e-01
-7.813721895217895508e-02,2.673029303550720215e-01,-8.210874348878860474e-02,-1.422031819820404053e-01
-7.707218825817108154e-02,2.675603032112121582e-01,-8.050693571567535400e-02,-1.414242237806320190e-01
-7.600465416908264160e-02,2.678173184394836426e-01,-7.890646904706954956e-02,-1.406510621309280396e-01
-7.493473589420318604e-02,2.680739164352416992e-01,-7.730737328529357910e-02,-1.398839801549911499e-01
-7.386258244514465332e-02,2.683300971984863281e-01,-7.570967078208923340e-02,-1.391227543354034424e-01
-7.278820872306823730e-02,2.685859203338623047e-01,-7.411344349384307861e-02,-1.383674442768096924e-01
-7.171181589365005493e-02,2.688412666320800781e-01,-7.251882553100585938e-02,-1.376180052757263184e-01
-7.063341885805130005e-02,2.690961956977844238e-01,-7.092574983835220337e-02,-1.368745416402816772e-01
-6.955314427614212036e-02,2.693506479263305664e-01,-6.933434307575225830e-02,-1.361368447542190552e-01
-6.847121566534042358e-02,2.696048021316528320e-01,-6.774471700191497803e-02,-1.354050785303115845e-01
-6.738755851984024048e-02,2.698583900928497314e-01,-6.615683436393737793e-02,-1.346791535615921021e-01
-6.630233675241470337e-02,2.701116204261779785e-01,-6.457085907459259033e-02,-1.339590251445770264e-01
-6.521571427583694458e-02,2.703642845153808594e-01,-6.298683583736419678e-02,-1.332447081804275513e-01
-6.412767618894577026e-02,2.706165909767150879e-01,-6.140473484992980957e-02,-1.325360834598541260e-01
-6.303835660219192505e-02,2.708682417869567871e-01,-5.982464551925659180e-02,-1.318333745002746582e-01
-6.194791197776794434e-02,2.711195945739746094e-01,-5.824679136276245117e-02,-1.311363279819488525e-01
-6.085626780986785889e-02,2.713703811168670654e-01,-5.667100846767425537e-02,-1.304451078176498413e-01
-5.976369976997375488e-02,2.716206908226013184e-01,-5.509743839502334595e-02,-1.297594755887985229e-01
-5.867031589150428772e-02,2.718704938888549805e-01,-5.352618172764778137e-02,-1.290796399116516113e-01
-5.757603794336318970e-02,2.721197605133056641e-01,-5.195727199316024780e-02,-1.284054815769195557e-01
-5.648100748658180237e-02,2.723685503005981445e-01,-5.039082840085029602e-02,-1.277369409799575806e-01
-5.538534373044967651e-02,2.726168632507324219e-01,-4.882674291729927063e-02,-1.270739287137985229e-01
-5.428918451070785522e-02,2.728645205497741699e-01,-4.726528748869895935e-02,-1.264166384935379028e-01
-5.319248884916305542e-02,2.731117010116577148e-01,-4.570620134472846985e-02,-1.257649660110473633e-01
-5.209545791149139404e-02,2.733583450317382812e-01,-4.414993897080421448e-02,-1.251187622547149658e-01
-5.099812522530555725e-02,2.736043930053710938e-01,-4.259629920125007629e-02,-1.244781464338302612e-01
-4.990055412054061890e-02,2.738499045372009277e-01,-4.104547202587127686e-02,-1.238431334495544434e-01
-4.880281537771224976e-02,2.740949392318725586e-01,-3.949726372957229614e-02,-1.232134550809860229e-01
-4.770507663488388062e-02,2.743393182754516602e-01,-3.795208781957626343e-02,-1.225893795490264893e-01
-4.660729318857192993e-02,2.745831608772277832e-01,-3.640962392091751099e-02,-1.219706386327743530e-01
-4.550966620445251465e-02,2.748264074325561523e-01,-3.487021103501319885e-02,-1.213573664426803589e-01
-4.441219568252563477e-02,2.750690579414367676e-01,-3.333378210663795471e-02,-1.207495480775833130e-01
-4.331494867801666260e-02,2.753110527992248535e-01,-3.180047124624252319e-02,-1.201469898223876953e-01
-4.221807047724723816e-02,2.755525112152099609e-01,-3.027024492621421814e-02,-1.195498555898666382e-01
-4.112155735492706299e-02,2.757933735847473145e-01,-2.874308824539184570e-02,-1.189580112695693970e-01
-4.002552479505538940e-02,2.760336399078369141e-01,-2.721921727061271667e-02,-1.183713823556900024e-01
-3.892999514937400818e-02,2.762732207775115967e-01,-2.569855749607086182e-02,-1.177900284528732300e-01
-3.783509135246276855e-02,2.765122056007385254e-01,-2.418127655982971191e-02,-1.172139644622802734e-01
-3.674089163541793823e-02,2.767505645751953125e-01,-2.266721427440643311e-02,-1.166430860757827759e-01
-3.564741462469100952e-02,2.769882082939147949e-01,-2.115660160779953003e-02,-1.160773634910583496e-01
-3.455476462841033936e-02,2.772253155708312988e-01,-1.964944228529930115e-02,-1.155168563127517700e-01
-3.346303850412368774e-02,2.774617075920104980e-01,-1.814577728509902954e-02,-1.149613112211227417e-01
-3.237223625183105469e-02,2.776975035667419434e-01,-1.664565131068229675e-02,-1.144110709428787231e-01
-3.128246963024139404e-02,2.779326438903808594e-01,-1.514909416437149048e-02,-1.138657778501510620e-01
-3.019367344677448273e-02,2.781670689582824707e-01,-1.365616172552108765e-02,-1.133254915475845337e-01
-2.910612523555755615e-02,2.784008383750915527e-01,-1.216679811477661133e-02,-1.127902567386627197e-01
-2.801971696317195892e-02,2.786340117454528809e-01,-1.068126410245895386e-02,-1.122600138187408447e-01
-2.693466842174530029e-02,2.788663506507873535e-01,-9.199392050504684448e-03,-1.117346286773681641e-01
-2.585083059966564178e-02,2.790980935096740723e-01,-7.721371948719024658e-03,-1.112141758203506470e-01
-2.545304782688617706e-02,2.791830897331237793e-01,-7.179336622357368469e-03,-1.110242307186126709e-01
-2.545304782688617706e-02,2.791830897331237793e-01,-7.179336622357368469e-03,-1.110242307186126709e-01
-2.603245340287685394e-02,2.716230750083923340e-01,-8.002590388059616089e-03,-1.092993915081024170e-01
-2.729740180075168610e-02,2.598081231117248535e-01,-9.638197720050811768e-03,-1.068537533283233643e-01
-2.889535017311573029e-02,2.482409030199050903e-01,-1.159135252237319946e-02,-1.046283096075057983e-01
-3.074165061116218567e-02,2.369876652956008911e-01,-1.377815008163452148e-02,-1.025156229734420776e-01
-3.277786821126937866e-02,2.260832190513610840e-01,-1.613933965563774109e-02,-1.004497259855270386e-01
-3.495729714632034302e-02,2.155491858720779419e-01,-1.862702704966068268e-02,-9.838017821311950684e-02
-3.724406287074089050e-02,2.053957134485244751e-01,-2.120398730039596558e-02,-9.627021849155426025e-02
-3.961439803242683411e-02,1.956201493740081787e-01,-2.384521812200546265e-02,-9.410336613655090332e-02
-4.205219447612762451e-02,1.862116903066635132e-01,-2.653421834111213684e-02,-9.187690913677215576e-02
-4.454446583986282349e-02,1.771578341722488403e-01,-2.925749868154525757e-02,-8.959192037582397461e-02
-4.707931727170944214e-02,1.684460192918777466e-01,-3.200300037860870361e-02,-8.725006878376007080e-02
-4.964556172490119934e-02,1.600648015737533569e-01,-3.475914150476455688e-02,-8.485107123851776123e-02
-5.223400890827178955e-02,1.520015895366668701e-01,-3.751678764820098877e-02,-8.239705860614776611e-02
-5.483773350715637207e-02,1.442425996065139771e-01,-4.026900231838226318e-02,-7.989377528429031372e-02
-5.745079368352890015e-02,1.367742866277694702e-01,-4.301007091999053955e-02,-7.734752446413040161e-02
-6.006653234362602234e-02,1.295851320028305054e-01,-4.573352634906768799e-02,-7.476096600294113159e-02
-6.268028169870376587e-02,1.226624026894569397e-01,-4.843520373106002808e-02,-7.214052230119705200e-02
-6.528772413730621338e-02,1.159941554069519043e-01,-5.111107230186462402e-02,-6.949239969253540039e-02
-6.788511574268341064e-02,1.095686927437782288e-01,-5.375811457633972168e-02,-6.682276725769042969e-02
-7.046801596879959106e-02,1.033760830760002136e-01,-5.637231469154357910e-02,-6.413490325212478638e-02
-7.303315401077270508e-02,9.740600734949111938e-02,-5.895090475678443909e-02,-6.143414229154586792e-02
-7.557707279920578003e-02,9.164908528327941895e-02,-6.149125844240188599e-02,-5.872418731451034546e-02
-7.809684425592422485e-02,8.609628677368164062e-02,-6.399081647396087646e-02,-5.600883811712265015e-02
-8.058965206146240234e-02,8.073899149894714355e-02,-6.644759327173233032e-02,-5.329176038503646851e-02
-8.305302262306213379e-02,7.556904852390289307e-02,-6.885977089405059814e-02,-5.057634785771369934e-02
-8.548474311828613281e-02,7.057861238718032837e-02,-7.122576981782913208e-02,-4.786583408713340759e-02
-8.788274973630905151e-02,6.576010584831237793e-02,-7.354431599378585815e-02,-4.516334831714630127e-02
-9.024527668952941895e-02,6.110658124089241028e-02,-7.581421732902526855e-02,-4.247181117534637451e-02
-9.257064014673233032e-02,5.661107227206230164e-02,-7.803469896316528320e-02,-3.979408740997314453e-02
-9.485732018947601318e-02,5.226724967360496521e-02,-8.020485937595367432e-02,-3.713250160217285156e-02
-9.710378199815750122e-02,4.806911945343017578e-02,-8.232387155294418335e-02,-3.448877856135368347e-02
-9.930881857872009277e-02,4.401085898280143738e-02,-8.439125865697860718e-02,-3.186541423201560974e-02
-1.014713495969772339e-01,4.008680954575538635e-02,-8.640664070844650269e-02,-2.926439791917800903e-02
-1.035903096199035645e-01,3.629174456000328064e-02,-8.836967498064041138e-02,-2.668749541044235229e-02
-1.056650131940841675e-01,3.262049332261085510e-02,-9.028033167123794556e-02,-2.413617260754108429e-02
-1.076945960521697998e-01,2.906824648380279541e-02,-9.213837981224060059e-02,-2.161207422614097595e-02
-1.096782758831977844e-01,2.563051320612430573e-02,-9.394387155771255493e-02,-1.911660097539424896e-02
-1.116154789924621582e-01,2.230284176766872406e-02,-9.569671750068664551e-02,-1.665113121271133423e-02
-1.135058254003524780e-01,1.908105425536632538e-02,-9.739724546670913696e-02,-1.421624049544334412e-02
-1.153488010168075562e-01,1.596112549304962158e-02,-9.904549270868301392e-02,-1.181321032345294952e-02
-1.171440333127975464e-01,1.293929107487201691e-02,-1.006416752934455872e-01,-9.442776441574096680e-03
-1.188911199569702148e-01,1.001185178756713867e-02,-1.021860912442207336e-01,-7.105913944542407990e-03
-1.205900833010673523e-01,7.175320759415626526e-03,-1.036791950464248657e-01,-4.803211893886327744e-03
-1.222407743334770203e-01,4.426240455359220505e-03,-1.051214188337326050e-01,-2.535195089876651764e-03
-1.238429546356201172e-01,1.761493738740682602e-03,-1.065130457282066345e-01,-3.025270998477935791e-04
-1.253965646028518677e-01,-8.220312884077429771e-04,-1.078545302152633667e-01,1.894358894787728786e-03
-1.269016861915588379e-01,-3.327181562781333923e-03,-1.091465279459953308e-01,4.055111669003963470e-03
-1.283585727214813232e-01,-5.757009144872426987e-03,-1.103895306587219238e-01,6.179393734782934189e-03
-1.297671198844909668e-01,-8.114062249660491943e-03,-1.115840822458267212e-01,8.266878314316272736e-03
-1.311275213956832886e-01,-1.040094159543514252e-02,-1.127307265996932983e-01,1.031731907278299332e-02
-1.324398815631866455e-01,-1.262020319700241089e-02,-1.138300374150276184e-01,1.233061403036117554e-02
-1.337046474218368530e-01,-1.477420143783092499e-02,-1.148827448487281799e-01,1.430663559585809708e-02
-1.349218934774398804e-01,-1.686531677842140198e-02,-1.158894523978233337e-01,1.624530926346778870e-02
-1.360920369625091553e-01,-1.889562234282493591e-02,-1.168507486581802368e-01,1.814661361277103424e-02
-1.372152715921401978e-01,-2.086737938225269318e-02,-1.177673414349555969e-01,2.001047320663928986e-02
-1.382920145988464355e-01,-2.278251200914382935e-02,-1.186399161815643311e-01,2.183711528778076172e-02
-1.393227726221084595e-01,-2.464301511645317078e-02,-1.194690838456153870e-01,2.362650819122791290e-02
-1.403077542781829834e-01,-2.645076811313629150e-02,-1.202554553747177124e-01,2.537884749472141266e-02
-1.412474960088729858e-01,-2.820761315524578094e-02,-1.209999844431877136e-01,2.709434367716312408e-02
-1.421424001455307007e-01,-2.991521917283535004e-02,-1.217031031847000122e-01,2.877309359610080719e-02
-1.429929882287979126e-01,-3.157534450292587280e-02,-1.223656907677650452e-01,3.041531145572662354e-02
-1.437996774911880493e-01,-3.318949788808822632e-02,-1.229883655905723572e-01,3.202139213681221008e-02
-1.445629000663757324e-01,-3.475927561521530151e-02,-1.235717386007308960e-01,3.359141945838928223e-02
-1.452833563089370728e-01,-3.628611937165260315e-02,-1.241166219115257263e-01,3.512578830122947693e-02
-1.459614783525466919e-01,-3.777153417468070984e-02,-1.246236935257911682e-01,3.662478551268577576e-02
-1.465977579355239868e-01,-3.921685740351676941e-02,-1.250936090946197510e-01,3.808865696191787720e-02
-1.471927314996719360e-01,-4.062339663505554199e-02,-1.255271136760711670e-01,3.951787203550338745e-02
-1.477470397949218750e-01,-4.199245944619178772e-02,-1.259247958660125732e-01,4.091259464621543884e-02
-1.482612192630767822e-01,-4.332521930336952209e-02,-1.262874007225036621e-01,4.227330908179283142e-02
-1.487358510494232178e-01,-4.462295770645141602e-02,-1.266156882047653198e-01,4.360044747591018677e-02
-1.491714417934417725e-01,-4.588675871491432190e-02,-1.269102245569229126e-01,4.489425197243690491e-02
-1.495687216520309448e-01,-4.711766913533210754e-02,-1.271717101335525513e-01,4.615512490272521973e-02
-1.499281227588653564e-01,-4.831684008240699768e-02,-1.274008005857467651e-01,4.738358408212661743e-02
-1.502502709627151489e-01,-4.948526248335838318e-02,-1.275981366634368896e-01,4.857994988560676575e-02
-1.505358517169952393e-01,-5.062389001250267029e-02,-1.277644336223602295e-01,4.974472522735595703e-02
-1.507853865623474121e-01,-5.173365026712417603e-02,-1.279002279043197632e-01,5.087813735008239746e-02
-1.509995311498641968e-01,-5.281553789973258972e-02,-1.280063092708587646e-01,5.198086425662040710e-02
-1.511788070201873779e-01,-5.387035384774208069e-02,-1.280831545591354370e-01,5.305312946438789368e-02
-1.513239294290542603e-01,-5.489898845553398132e-02,-1.281315237283706665e-01,5.409554392099380493e-02
-1.514354944229125977e-01,-5.590228363871574402e-02,-1.281519681215286255e-01,5.510854721069335938e-02
-1.515140533447265625e-01,-5.688097327947616577e-02,-1.281450986862182617e-01,5.609246343374252319e-02
-1.515602022409439087e-01,-5.783582106232643127e-02,-1.281114816665649414e-01,5.704766511917114258e-02
-1.515745520591735840e-01,-5.876764282584190369e-02,-1.280517429113388062e-01,5.797473713755607605e-02
-1.515577435493469238e-01,-5.967705324292182922e-02,-1.279665976762771606e-01,5.887403339147567749e-02
-1.515103727579116821e-01,-6.056480854749679565e-02,-1.278564035892486572e-01,5.974606424570083618e-02
-1.514330804347991943e-01,-6.143152341246604919e-02,-1.277219206094741821e-01,6.059125065803527832e-02
-1.513264775276184082e-01,-6.227786839008331299e-02,-1.275637298822402954e-01,6.141006946563720703e-02
-1.511911600828170776e-01,-6.310446560382843018e-02,-1.273822933435440063e-01,6.220294535160064697e-02
-1.510278135538101196e-01,-6.391191482543945312e-02,-1.271782517433166504e-01,6.297034025192260742e-02
-1.508368104696273804e-01,-6.470074504613876343e-02,-1.269520521163940430e-01,6.371273100376129150e-02
-1.506187617778778076e-01,-6.547150760889053345e-02,-1.267042160034179688e-01,6.443036347627639771e-02
-1.503743231296539307e-01,-6.622476130723953247e-02,-1.264352798461914062e-01,6.512396782636642456e-02
-1.501041352748870850e-01,-6.696099787950515747e-02,-1.261458992958068848e-01,6.579378992319107056e-02
-1.498087495565414429e-01,-6.768077611923217773e-02,-1.258364766836166382e-01,6.644035130739212036e-02
-1.494887471199035645e-01,-6.838460266590118408e-02,-1.255076080560684204e-01,6.706409901380538940e-02
-1.491447985172271729e-01,-6.907278299331665039e-02,-1.251597255468368530e-01,6.766545772552490234e-02
-1.487773954868316650e-01,-6.974593549966812134e-02,-1.247933954000473022e-01,6.824488937854766846e-02
-1.483870893716812134e-01,-7.040442526340484619e-02,-1.244091466069221497e-01,6.880290061235427856e-02
-1.479742377996444702e-01,-7.104861736297607422e-02,-1.240071877837181091e-01,6.933944672346115112e-02
-1.475395709276199341e-01,-7.167904078960418701e-02,-1.235881522297859192e-01,6.985529512166976929e-02
-1.470835655927658081e-01,-7.229597866535186768e-02,-1.231525018811225891e-01,7.035077363252639771e-02
-1.466068476438522339e-01,-7.289981842041015625e-02,-1.227006241679191589e-01,7.082627713680267334e-02
-1.461099535226821899e-01,-7.349105924367904663e-02,-1.222331672906875610e-01,7.128238677978515625e-02
-1.455933898687362671e-01,-7.406993955373764038e-02,-1.217504739761352539e-01,7.171934098005294800e-02
-1.450577378273010254e-01,-7.463680952787399292e-02,-1.212529242038726807e-01,7.213755697011947632e-02
-1.445035189390182495e-01,-7.519204169511795044e-02,-1.207410991191864014e-01,7.253745943307876587e-02
-1.439310312271118164e-01,-7.573589682579040527e-02,-1.202151775360107422e-01,7.291930168867111206e-02
-1.433407515287399292e-01,-7.626871764659881592e-02,-1.196756511926651001e-01,7.328354567289352417e-02
-1.427333205938339233e-01,-7.679083943367004395e-02,-1.191229149699211121e-01,7.363047450780868530e-02
-1.421091854572296143e-01,-7.730244100093841553e-02,-1.185573041439056396e-01,7.396056503057479858e-02
-1.414689272642135620e-01,-7.780389487743377686e-02,-1.179794520139694214e-01,7.427418231964111328e-02
-1.408128738403320312e-01,-7.829549908638000488e-02,-1.173895448446273804e-01,7.457161694765090942e-02
-1.401416361331939697e-01,-7.877735793590545654e-02,-1.167880073189735413e-01,7.485328614711761475e-02
-1.394556015729904175e-01,-7.924990355968475342e-02,-1.161752343177795410e-01,7.511945068836212158e-02
-1.387552469968795776e-01,-7.971335947513580322e-02,-1.155516356229782104e-01,7.537061721086502075e-02
-1.380407810211181641e-01,-8.016785234212875366e-02,-1.149172857403755188e-01,7.560689747333526611e-02
-1.373128592967987061e-01,-8.061361312866210938e-02,-1.142727732658386230e-01,7.582867890596389771e-02
-1.365718394517898560e-01,-8.105096220970153809e-02,-1.136184111237525940e-01,7.603635638952255249e-02
-1.358182281255722046e-01,-8.148013055324554443e-02,-1.129544675350189209e-01,7.623027265071868896e-02
-1.350523829460144043e-01,-8.190120011568069458e-02,-1.122813522815704346e-01,7.641065865755081177e-02
-1.342747062444686890e-01,-8.231445401906967163e-02,-1.115993261337280273e-01,7.657790184020996094e-02
-1.334857344627380371e-01,-8.272006362676620483e-02,-1.109088212251663208e-01,7.673236727714538574e-02
-1.326857209205627441e-01,-8.311823755502700806e-02,-1.102100983262062073e-01,7.687422633171081543e-02
-1.318750232458114624e-01,-8.350915461778640747e-02,-1.095033511519432068e-01,7.700379192829132080e-02
-1.310540288686752319e-01,-8.389295637607574463e-02,-1.087888404726982117e-01,7.712130993604660034e-02
-1.302231252193450928e-01,-8.426983654499053955e-02,-1.080670282244682312e-01,7.722716778516769409e-02
-1.293827295303344727e-01,-8.463999629020690918e-02,-1.073381304740905762e-01,7.732165604829788208e-02
-1.285331994295120239e-01,-8.500353991985321045e-02,-1.066023856401443481e-01,7.740493118762969971e-02
-1.276748925447463989e-01,-8.536063134670257568e-02,-1.058601960539817810e-01,7.747738063335418701e-02
-1.268081516027450562e-01,-8.571145683526992798e-02,-1.051117554306983948e-01,7.753928005695343018e-02
-1.259334087371826172e-01,-8.605616539716720581e-02,-1.043573841452598572e-01,7.759093493223190308e-02
-1.250509172677993774e-01,-8.639485388994216919e-02,-1.035973131656646729e-01,7.763250172138214111e-02
-1.241608783602714539e-01,-8.672760426998138428e-02,-1.028316020965576172e-01,7.766410708427429199e-02
-1.232636496424674988e-01,-8.705476671457290649e-02,-1.020606979727745056e-01,7.768626511096954346e-02
-1.223597228527069092e-01,-8.737622201442718506e-02,-1.012848317623138428e-01,7.769902795553207397e-02
-1.214492544531822205e-01,-8.769226074218750000e-02,-1.005041822791099548e-01,7.770270854234695435e-02
-1.205326840281486511e-01,-8.800288289785385132e-02,-9.971905499696731567e-02,7.769759744405746460e-02
-1.196102201938629150e-01,-8.830834180116653442e-02,-9.892967343330383301e-02,7.768385857343673706e-02
-1.186821907758712769e-01,-8.860863000154495239e-02,-9.813619405031204224e-02,7.766170054674148560e-02
-1.177489310503005981e-01,-8.890394121408462524e-02,-9.733898937702178955e-02,7.763145118951797485e-02
-1.168106049299240112e-01,-8.919433504343032837e-02,-9.653814136981964111e-02,7.759328186511993408e-02
-1.158675253391265869e-01,-8.947995305061340332e-02,-9.573375433683395386e-02,7.754732668399810791e-02
-1.149199530482292175e-01,-8.976080268621444702e-02,-9.492620080709457397e-02,7.749377936124801636e-02
-1.139681339263916016e-01,-9.003712981939315796e-02,-9.411565214395523071e-02,7.743299007415771484e-02
-1.130124107003211975e-01,-9.030891209840774536e-02,-9.330224245786666870e-02,7.736505568027496338e-02
-1.120529770851135254e-01,-9.057631343603134155e-02,-9.248623251914978027e-02,7.729018479585647583e-02
-1.110901013016700745e-01,-9.083936363458633423e-02,-9.166782349348068237e-02,7.720869779586791992e-02
-1.101240813732147217e-01,-9.109823405742645264e-02,-9.084714204072952271e-02,7.712063938379287720e-02
-1.091551110148429871e-01,-9.135289490222930908e-02,-9.002443403005599976e-02,7.702628523111343384e-02
-1.081832647323608398e-01,-9.160348027944564819e-02,-8.919974416494369507e-02,7.692565768957138062e-02
-1.072089150547981262e-01,-9.185010939836502075e-02,-8.837336301803588867e-02,7.681908458471298218e-02
-1.062322780489921570e-01,-9.209279716014862061e-02,-8.754532784223556519e-02,7.670670002698898315e-02
-1.052535176277160645e-01,-9.233170747756958008e-02,-8.671598136425018311e-02,7.658870518207550049e-02
-1.042729169130325317e-01,-9.256680309772491455e-02,-8.588531613349914551e-02,7.646524161100387573e-02
-1.032906323671340942e-01,-9.279822558164596558e-02,-8.505358546972274780e-02,7.633648812770843506e-02
-1.023069247603416443e-01,-9.302601218223571777e-02,-8.422092348337173462e-02,7.620260864496231079e-02
-1.013219356536865234e-01,-9.325026720762252808e-02,-8.338750153779983521e-02,7.606372237205505371e-02
-1.003358513116836548e-01,-9.347103536128997803e-02,-8.255342394113540649e-02,7.592010498046875000e-02
-9.934879839420318604e-02,-9.368836879730224609e-02,-8.171881735324859619e-02,7.577168196439743042e-02
-9.836103767156600952e-02,-9.390232712030410767e-02,-8.088380098342895508e-02,7.561876624822616577e-02
-9.737272560596466064e-02,-9.411302953958511353e-02,-8.004851639270782471e-02,7.546146959066390991e-02
-9.638404101133346558e-02,-9.432043135166168213e-02,-7.921317964792251587e-02,7.529995590448379517e-02
-9.539512544870376587e-02,-9.452467411756515503e-02,-7.837784290313720703e-02,7.513431459665298462e-02
-9.440622478723526001e-02,-9.472575783729553223e-02,-7.754261791706085205e-02,7.496469467878341675e-02
-9.341743588447570801e-02,-9.492377936840057373e-02,-7.670768350362777710e-02,7.479128986597061157e-02
-9.242893010377883911e-02,-9.511882811784744263e-02,-7.587315142154693604e-02,7.461421191692352295e-02
-9.144078195095062256e-02,-9.531083703041076660e-02,-7.503906637430191040e-02,7.443349808454513550e-02
-9.045320749282836914e-02,-9.549994021654129028e-02,-7.420554757118225098e-02,7.424931973218917847e-02
-8.946634829044342041e-02,-9.568618237972259521e-02,-7.337277382612228394e-02,7.406179606914520264e-02
-8.848034590482711792e-02,-9.586957842111587524e-02,-7.254075258970260620e-02,7.387110590934753418e-02
-8.749531954526901245e-02,-9.605021774768829346e-02,-7.170967757701873779e-02,7.367729395627975464e-02
-8.651141822338104248e-02,-9.622811526060104370e-02,-7.087965309619903564e-02,7.348050177097320557e-02
-8.552879095077514648e-02,-9.640330076217651367e-02,-7.005073130130767822e-02,7.328088581562042236e-02
-8.454753458499908447e-02,-9.657584130764007568e-02,-6.922302395105361938e-02,7.307849079370498657e-02
-8.356778323650360107e-02,-9.674576669931411743e-02,-6.839660555124282837e-02,7.287342846393585205e-02
-8.258955925703048706e-02,-9.691317379474639893e-02,-6.757150590419769287e-02,7.266579568386077881e-02
-8.161307871341705322e-02,-9.707804024219512939e-02,-6.674795597791671753e-02,7.245568931102752686e-02
-8.063848316669464111e-02,-9.724044054746627808e-02,-6.592594087123870850e-02,7.224328070878982544e-02
-7.966578006744384766e-02,-9.740035235881805420e-02,-6.510552763938903809e-02,7.202860713005065918e-02
-7.869515568017959595e-02,-9.755783528089523315e-02,-6.428684294223785400e-02,7.181172817945480347e-02
-7.772666960954666138e-02,-9.771298617124557495e-02,-6.346999108791351318e-02,7.159283757209777832e-02
-7.676044851541519165e-02,-9.786576032638549805e-02,-6.265501677989959717e-02,7.137195020914077759e-02
-7.579657435417175293e-02,-9.801629930734634399e-02,-6.184197217226028442e-02,7.114917039871215820e-02
-7.483514398336410522e-02,-9.816452115774154663e-02,-6.103093549609184265e-02,7.092458754777908325e-02
-7.387619465589523315e-02,-9.831051528453826904e-02,-6.022197008132934570e-02,7.069824635982513428e-02
-7.291986048221588135e-02,-9.845425933599472046e-02,-5.941510945558547974e-02,7.047028094530105591e-02
-7.196623086929321289e-02,-9.859587252140045166e-02,-5.861050635576248169e-02,7.024075090885162354e-02
-7.101539522409439087e-02,-9.873533993959426880e-02,-5.780817568302154541e-02,7.000971585512161255e-02
-7.006742805242538452e-02,-9.887266159057617188e-02,-5.700815469026565552e-02,6.977730244398117065e-02
-6.912235915660858154e-02,-9.900791943073272705e-02,-5.621053278446197510e-02,6.954357028007507324e-02
-6.818032264709472656e-02,-9.914116561412811279e-02,-5.541536957025527954e-02,6.930853426456451416e-02
-6.724137812852859497e-02,-9.927234798669815063e-02,-5.462270975112915039e-02,6.907240301370620728e-02
-6.630554795265197754e-02,-9.940151870250701904e-02,-5.383256822824478149e-02,6.883507221937179565e-02
-6.537291407585144043e-02,-9.952873736619949341e-02,-5.304507166147232056e-02,6.859664618968963623e-02
-6.444355845451354980e-02,-9.965398907661437988e-02,-5.226017534732818604e-02,6.835731118917465210e-02
-6.351757049560546875e-02,-9.977733343839645386e-02,-5.147798359394073486e-02,6.811701506376266479e-02
-6.259496510028839111e-02,-9.989880770444869995e-02,-5.069856345653533936e-02,6.787584722042083740e-02
-6.167580932378768921e-02,-1.000183895230293274e-01,-4.992194473743438721e-02,6.763388961553573608e-02
-6.076017022132873535e-02,-1.001361608505249023e-01,-4.914812743663787842e-02,6.739118695259094238e-02
-5.984813347458839417e-02,-1.002520620822906494e-01,-4.837719351053237915e-02,6.714782118797302246e-02
-5.893962830305099487e-02,-1.003661602735519409e-01,-4.760915040969848633e-02,6.690376251935958862e-02
-5.803482234477996826e-02,-1.004785224795341492e-01,-4.684410244226455688e-02,6.665919721126556396e-02
-5.713372305035591125e-02,-1.005891188979148865e-01,-4.608197510242462158e-02,6.641402840614318848e-02
-5.623634532094001770e-02,-1.006979867815971375e-01,-4.532286897301673889e-02,6.616842746734619141e-02
-5.534280836582183838e-02,-1.008051186800003052e-01,-4.456684738397598267e-02,6.592238694429397583e-02
-5.445308983325958252e-02,-1.009105816483497620e-01,-4.381389543414115906e-02,6.567599624395370483e-02
-5.356727913022041321e-02,-1.010144129395484924e-01,-4.306403547525405884e-02,6.542924791574478149e-02
-5.268535017967224121e-02,-1.011165603995323181e-01,-4.231736809015274048e-02,6.518223881721496582e-02
-5.180740356445312500e-02,-1.012170538306236267e-01,-4.157387465238571167e-02,6.493502855300903320e-02
-5.093342065811157227e-02,-1.013159900903701782e-01,-4.083352535963058472e-02,6.468757987022399902e-02
-5.006343498826026917e-02,-1.014132946729660034e-01,-4.009640961885452271e-02,6.443996727466583252e-02
-4.919751733541488647e-02,-1.015090718865394592e-01,-3.936256840825080872e-02,6.419227272272109985e-02
-4.833566769957542419e-02,-1.016032844781875610e-01,-3.863194584846496582e-02,6.394454091787338257e-02
-4.747793823480606079e-02,-1.016959846019744873e-01,-3.790467977523803711e-02,6.369674205780029297e-02
-4.662432521581649780e-02,-1.017871201038360596e-01,-3.718069940805435181e-02,6.344895809888839722e-02
-4.577490687370300293e-02,-1.018768101930618286e-01,-3.646005690097808838e-02,6.320121884346008301e-02
-4.492966458201408386e-02,-1.019649580121040344e-01,-3.574280440807342529e-02,6.295360624790191650e-02
-4.408861696720123291e-02,-1.020517051219940186e-01,-3.502885252237319946e-02,6.270604580640792847e-02
-4.325176402926445007e-02,-1.021369397640228271e-01,-3.431829810142517090e-02,6.245866417884826660e-02
-4.241917282342910767e-02,-1.022208407521247864e-01,-3.361115604639053345e-02,6.221145391464233398e-02
-4.159082844853401184e-02,-1.023032739758491516e-01,-3.290741145610809326e-02,6.196444481611251831e-02
-4.076675325632095337e-02,-1.023842766880989075e-01,-3.220712020993232727e-02,6.171770393848419189e-02
-3.994694352149963379e-02,-1.024639755487442017e-01,-3.151026368141174316e-02,6.147122383117675781e-02
-3.913145512342453003e-02,-1.025422811508178711e-01,-3.081683255732059479e-02,6.122504919767379761e-02
-3.832028806209564209e-02,-1.026191934943199158e-01,-3.012686222791671753e-02,6.097911298274993896e-02
-3.751346096396446228e-02,-1.026947945356369019e-01,-2.944035083055496216e-02,6.073361635208129883e-02
-3.671094402670860291e-02,-1.027690619230270386e-01,-2.875733375549316406e-02,6.048851460218429565e-02
-3.591278567910194397e-02,-1.028420552611351013e-01,-2.807782217860221863e-02,6.024383753538131714e-02
-3.511898964643478394e-02,-1.029137596487998962e-01,-2.740177698433399200e-02,5.999954044818878174e-02
-3.432957082986831665e-02,-1.029841303825378418e-01,-2.672921307384967804e-02,5.975571274757385254e-02
-3.354450315237045288e-02,-1.030532568693161011e-01,-2.606019191443920135e-02,5.951230973005294800e-02
-3.276382759213447571e-02,-1.031211391091346741e-01,-2.539466507732868195e-02,5.926948040723800659e-02
-3.198753669857978821e-02,-1.031877696514129639e-01,-2.473266609013080597e-02,5.902719125151634216e-02
-3.121562674641609192e-02,-1.032531931996345520e-01,-2.407419681549072266e-02,5.878542363643646240e-02
-3.044812008738517761e-02,-1.033174023032188416e-01,-2.341924048960208893e-02,5.854418873786926270e-02
-2.968501858413219452e-02,-1.033803969621658325e-01,-2.276782691478729248e-02,5.830360949039459229e-02
-2.892636321485042572e-02,-1.034422069787979126e-01,-2.211995981633663177e-02,5.806356668472290039e-02
-2.817207202315330505e-02,-1.035028547048568726e-01,-2.147562243044376373e-02,5.782422423362731934e-02
-2.742223441600799561e-02,-1.035623326897621155e-01,-2.083484828472137451e-02,5.758550390601158142e-02
-2.667677775025367737e-02,-1.036206632852554321e-01,-2.019760943949222565e-02,5.734741687774658203e-02
-2.593579143285751343e-02,-1.036778539419174194e-01,-1.956393197178840637e-02,5.711006000638008118e-02
-2.519919164478778839e-02,-1.037339195609092712e-01,-1.893378794193267822e-02,5.687343329191207886e-02
-2.446706220507621765e-02,-1.037888675928115845e-01,-1.830722205340862274e-02,5.663752183318138123e-02
-2.373937144875526428e-02,-1.038426980376243591e-01,-1.768423616886138916e-02,5.640232935547828674e-02
-2.301610819995403290e-02,-1.038954630494117737e-01,-1.706477440893650055e-02,5.616793036460876465e-02
-2.229728549718856812e-02,-1.039471402764320374e-01,-1.644889451563358307e-02,5.593434348702430725e-02
-2.158295363187789917e-02,-1.039977371692657471e-01,-1.583659462630748749e-02,5.570153146982192993e-02
-2.087305299937725067e-02,-1.040472835302352905e-01,-1.522791013121604919e-02,5.546955764293670654e-02
-2.016764879226684570e-02,-1.040957942605018616e-01,-1.462275534868240356e-02,5.523845553398132324e-02
-1.946655288338661194e-02,-1.041432693600654602e-01,-1.402110420167446136e-02,5.500814691185951233e-02
-1.876963861286640167e-02,-1.041896492242813110e-01,-1.342290267348289490e-02,5.477848649024963379e-02
-1.807711645960807800e-02,-1.042350679636001587e-01,-1.282813400030136108e-02,5.454971641302108765e-02
-1.738893985748291016e-02,-1.042795032262802124e-01,-1.223691366612911224e-02,5.432177707552909851e-02
-1.670513302087783813e-02,-1.043228656053543091e-01,-1.164917089045047760e-02,5.409469455480575562e-02
-1.602568291127681732e-02,-1.043652594089508057e-01,-1.106497645378112793e-02,5.386848375201225281e-02
-1.535054855048656464e-02,-1.044066846370697021e-01,-1.048422232270240784e-02,5.364320054650306702e-02
-1.467976719141006470e-02,-1.044471338391304016e-01,-9.906973689794540405e-03,5.341874063014984131e-02
-1.401328667998313904e-02,-1.044866666197776794e-01,-9.333219379186630249e-03,5.319521948695182800e-02
-1.335113868117332458e-02,-1.045251935720443726e-01,-8.762961253523826599e-03,5.297256261110305786e-02
-1.269328873604536057e-02,-1.045628190040588379e-01,-8.196100592613220215e-03,5.275088176131248474e-02
-1.203972101211547852e-02,-1.045994758605957031e-01,-7.632752880454063416e-03,5.253006145358085632e-02
-1.139044575393199921e-02,-1.046351939439773560e-01,-7.072830572724342346e-03,5.231021344661712646e-02
-1.074542477726936340e-02,-1.046700626611709595e-01,-6.516367197036743164e-03,5.209130793809890747e-02
-1.010467298328876495e-02,-1.047039777040481567e-01,-5.963312461972236633e-03,5.187333002686500549e-02
-9.468191303312778473e-03,-1.047370210289955139e-01,-5.413716658949851990e-03,5.165632441639900208e-02
-8.835837244987487793e-03,-1.047691628336906433e-01,-4.867482930421829224e-03,5.144024640321731567e-02
-8.207730948925018311e-03,-1.048004329204559326e-01,-4.324646666646003723e-03,5.122507363557815552e-02
-7.583823055028915405e-03,-1.048307791352272034e-01,-3.785159438848495483e-03,5.101095885038375854e-02
-6.964078173041343689e-03,-1.048603281378746033e-01,-3.249084576964378357e-03,5.079774558544158936e-02
-6.348515860736370087e-03,-1.048889607191085815e-01,-2.716347575187683105e-03,5.058554559946060181e-02
-5.737110972404479980e-03,-1.049168109893798828e-01,-2.187035977840423584e-03,5.037426203489303589e-02
-5.129833705723285675e-03,-1.049437895417213440e-01,-1.660993322730064392e-03,5.016401782631874084e-02
-4.526702687144279480e-03,-1.049699112772941589e-01,-1.138344407081604004e-03,4.995477199554443359e-02
-3.927687183022499084e-03,-1.049952581524848938e-01,-6.189923733472824097e-04,4.974647238850593567e-02
-3.332755528390407562e-03,-1.050197705626487732e-01,-1.029614359140396118e-04,4.953920096158981323e-02
-2.741946838796138763e-03,-1.050435006618499756e-01,4.097800701856613159e-04,4.933298006653785706e-02
-2.155221067368984222e-03,-1.050663515925407410e-01,9.192172437906265259e-04,4.912771284580230713e-02
-1.572506502270698547e-03,-1.050884872674942017e-01,1.425351947546005249e-03,4.892345517873764038e-02
-9.938701987266540527e-04,-1.051097810268402100e-01,1.928206533193588257e-03,4.872022196650505066e-02
-4.192767664790153503e-04,-1.051303222775459290e-01,2.427797764539718628e-03,4.851800575852394104e-02
1.513808965682983398e-04,-1.051500812172889709e-01,2.924231812357902527e-03,4.831679910421371460e-02
7.181232795119285583e-04,-1.051690727472305298e-01,3.417469561100006104e-03,4.811652004718780518e-02
1.280928030610084534e-03,-1.051873192191123962e-01,3.907484933733940125e-03,4.791726171970367432e-02
1.839789561927318573e-03,-1.052048206329345703e-01,4.394363611936569214e-03,4.771902412176132202e-02
2.394710667431354523e-03,-1.052215322852134705e-01,4.878019914031028748e-03,4.752178490161895752e-02
2.945734187960624695e-03,-1.052375659346580505e-01,5.358520895242691040e-03,4.732558876276016235e-02
3.492888994514942169e-03,-1.052528247237205505e-01,5.835864692926406860e-03,4.713036864995956421e-02
4.036177881062030792e-03,-1.052673384547233582e-01,6.310086697340011597e-03,4.693612828850746155e-02
4.575639031827449799e-03,-1.052812188863754272e-01,6.781203672289848328e-03,4.674295336008071899e-02
5.111237056553363800e-03,-1.052943319082260132e-01,7.249198853969573975e-03,4.655076563358306885e-02
5.643042735755443573e-03,-1.053067296743392944e-01,7.714143022894859314e-03,4.635958746075630188e-02
6.171072833240032196e-03,-1.053184643387794495e-01,8.175976574420928955e-03,4.616938903927803040e-02
6.695296615362167358e-03,-1.053294613957405090e-01,8.634733967483043671e-03,4.598027095198631287e-02
7.215786725282669067e-03,-1.053398177027702332e-01,9.090440347790718079e-03,4.579210653901100159e-02
7.732574827969074249e-03,-1.053494662046432495e-01,9.543147869408130646e-03,4.560497775673866272e-02
8.245606906712055206e-03,-1.053584739565849304e-01,9.992805309593677521e-03,4.541883990168571472e-02
8.754999376833438873e-03,-1.053668111562728882e-01,1.043952442705631256e-02,4.523370787501335144e-02
9.260685183107852936e-03,-1.053744032979011536e-01,1.088321581482887268e-02,4.504956677556037903e-02
9.762745350599288940e-03,-1.053814291954040527e-01,1.132396887987852097e-02,4.486639425158500671e-02
1.026117242872714996e-02,-1.053877994418144226e-01,1.176175754517316818e-02,4.468426853418350220e-02
1.075598783791065216e-02,-1.053934842348098755e-01,1.219659764319658279e-02,4.450315237045288086e-02
1.124719809740781784e-02,-1.053984984755516052e-01,1.262852177023887634e-02,4.432297870516777039e-02
1.173483394086360931e-02,-1.054029688239097595e-01,1.305752340704202652e-02,4.414383694529533386e-02
1.221890188753604889e-02,-1.054067388176918030e-01,1.348365563899278641e-02,4.396565258502960205e-02
1.269948016852140427e-02,-1.054099351167678833e-01,1.390688866376876831e-02,4.378852248191833496e-02
1.317647658288478851e-02,-1.054124906659126282e-01,1.432726439088582993e-02,4.361230880022048950e-02
1.365001872181892395e-02,-1.054144725203514099e-01,1.474479772150516510e-02,4.343713074922561646e-02
1.412005908787250519e-02,-1.054158061742782593e-01,1.515947747975587845e-02,4.326291382312774658e-02
1.458663120865821838e-02,-1.054165735840797424e-01,1.557132229208946228e-02,4.308971017599105835e-02
1.504975557327270508e-02,-1.054167076945304871e-01,1.598035916686058044e-02,4.291749373078346252e-02
1.550946757197380066e-02,-1.054162755608558655e-01,1.638662442564964294e-02,4.274622350931167603e-02
1.596582122147083282e-02,-1.054152771830558777e-01,1.679017581045627594e-02,4.257594421505928040e-02
1.641879975795745850e-02,-1.054136827588081360e-01,1.719089969992637634e-02,4.240658134222030640e-02
1.686840504407882690e-02,-1.054114922881126404e-01,1.758897677063941956e-02,4.223819822072982788e-02
1.731470227241516113e-02,-1.054087579250335693e-01,1.798427850008010864e-02,4.207079485058784485e-02
1.775766909122467041e-02,-1.054054647684097290e-01,1.837687008082866669e-02,4.190434515476226807e-02
1.819732785224914551e-02,-1.054015755653381348e-01,1.876678317785263062e-02,4.173887521028518677e-02
1.863371208310127258e-02,-1.053971499204635620e-01,1.915398985147476196e-02,4.157436266541481018e-02
1.906686462461948395e-02,-1.053922027349472046e-01,1.953855156898498535e-02,4.141074046492576599e-02
1.949672028422355652e-02,-1.053866818547248840e-01,1.992050558328628540e-02,4.124813154339790344e-02
1.992339827120304108e-02,-1.053806543350219727e-01,2.029978856444358826e-02,4.108645766973495483e-02
2.034685388207435608e-02,-1.053740531206130981e-01,2.067645452916622162e-02,4.092571884393692017e-02
2.076713368296623230e-02,-1.053669601678848267e-01,2.105052396655082703e-02,4.076593741774559021e-02
2.118421718478202820e-02,-1.053592935204505920e-01,2.142199873924255371e-02,4.060706496238708496e-02
2.159816026687622070e-02,-1.053511425852775574e-01,2.179089002311229706e-02,4.044916108250617981e-02
2.200896292924880981e-02,-1.053424477577209473e-01,2.215721085667610168e-02,4.029216989874839783e-02
2.241669781506061554e-02,-1.053332835435867310e-01,2.252105996012687683e-02,4.013608023524284363e-02
2.282136306166648865e-02,-1.053235679864883423e-01,2.288232743740081787e-02,3.998097032308578491e-02
2.322298288345336914e-02,-1.053133681416511536e-01,2.324116975069046021e-02,3.982668742537498474e-02
2.362149767577648163e-02,-1.053026691079139709e-01,2.359744161367416382e-02,3.967338055372238159e-02
2.401704527437686920e-02,-1.052914783358573914e-01,2.395128086209297180e-02,3.952093422412872314e-02
2.440958842635154724e-02,-1.052797958254814148e-01,2.430267818272113800e-02,3.936941921710968018e-02
2.479909732937812805e-02,-1.052676439285278320e-01,2.465156093239784241e-02,3.921883925795555115e-02
2.518567070364952087e-02,-1.052550002932548523e-01,2.499805390834808350e-02,3.906910121440887451e-02
2.556927874684333801e-02,-1.052418500185012817e-01,2.534211799502372742e-02,3.892029821872711182e-02
2.594995126128196716e-02,-1.052282452583312988e-01,2.568376064300537109e-02,3.877238184213638306e-02
2.632771059870719910e-02,-1.052141562104225159e-01,2.602308057248592377e-02,3.862532973289489746e-02
2.670254558324813843e-02,-1.051996648311614990e-01,2.635996975004673004e-02,3.847915679216384888e-02
2.707454189658164978e-02,-1.051846742630004883e-01,2.669449150562286377e-02,3.833387792110443115e-02
2.744365110993385315e-02,-1.051691919565200806e-01,2.702671289443969727e-02,3.818953037261962891e-02
2.780994027853012085e-02,-1.051532998681068420e-01,2.735658921301364899e-02,3.804599493741989136e-02
2.817339636385440826e-02,-1.051369458436965942e-01,2.768414840102195740e-02,3.790335357189178467e-02
2.853409200906753540e-02,-1.051201447844505310e-01,2.800940908491611481e-02,3.776150941848754883e-02
2.889195084571838379e-02,-1.051029115915298462e-01,2.833239734172821045e-02,3.762060031294822693e-02
2.924710139632225037e-02,-1.050852239131927490e-01,2.865314111113548279e-02,3.748049959540367126e-02
2.959950268268585205e-02,-1.050671190023422241e-01,2.897161617875099182e-02,3.734126687049865723e-02
2.994917333126068115e-02,-1.050485745072364807e-01,2.928784862160682678e-02,3.720284998416900635e-02
3.029612451791763306e-02,-1.050296127796173096e-01,2.960190176963806152e-02,3.706531599164009094e-02
3.064039349555969238e-02,-1.050102412700653076e-01,2.991367317736148834e-02,3.692857176065444946e-02
3.098198026418685913e-02,-1.049904003739356995e-01,3.022330440580844879e-02,3.679271787405014038e-02
3.132091835141181946e-02,-1.049701943993568420e-01,3.053070977330207825e-02,3.665764257311820984e-02
3.165723383426666260e-02,-1.049495562911033630e-01,3.083596006035804749e-02,3.652340918779373169e-02
3.199091926217079163e-02,-1.049285158514976501e-01,3.113910555839538574e-02,3.638999909162521362e-02
3.232199698686599731e-02,-1.049070879817008972e-01,3.144008293747901917e-02,3.625739738345146179e-02
3.265050053596496582e-02,-1.048852279782295227e-01,3.173896297812461853e-02,3.612562641501426697e-02
3.297644481062889099e-02,-1.048630177974700928e-01,3.203572705388069153e-02,3.599462658166885376e-02
3.329984098672866821e-02,-1.048403382301330566e-01,3.233036398887634277e-02,3.586450219154357910e-02
3.362068906426429749e-02,-1.048173382878303528e-01,3.262294083833694458e-02,3.573507815599441528e-02
3.393907472491264343e-02,-1.047939285635948181e-01,3.291351348161697388e-02,3.560646995902061462e-02
3.425497189164161682e-02,-1.047700941562652588e-01,3.320197016000747681e-02,3.547867015004158020e-02
3.456835448741912842e-02,-1.047459468245506287e-01,3.348840400576591492e-02,3.535163030028343201e-02
3.487925603985786438e-02,-1.047213226556777954e-01,3.377282619476318359e-02,3.522540628910064697e-02
3.518775105476379395e-02,-1.046964079141616821e-01,3.405524045228958130e-02,3.509993106126785278e-02
3.549383953213691711e-02,-1.046711429953575134e-01,3.433566540479660034e-02,3.497523441910743713e-02
3.579750657081604004e-02,-1.046454682946205139e-01,3.461407870054244995e-02,3.485130891203880310e-02
3.609877824783325195e-02,-1.046194136142730713e-01,3.489055484533309937e-02,3.472816199064254761e-02
3.639768064022064209e-02,-1.045930385589599609e-01,3.516508638858795166e-02,3.460575640201568604e-02
3.669422492384910583e-02,-1.045662462711334229e-01,3.543765470385551453e-02,3.448406234383583069e-02
3.698843717575073242e-02,-1.045391708612442017e-01,3.570828586816787720e-02,3.436316549777984619e-02
3.728031739592552185e-02,-1.045116931200027466e-01,3.597704321146011353e-02,3.424296528100967407e-02
3.756989538669586182e-02,-1.044838875532150269e-01,3.624390438199043274e-02,3.412359952926635742e-02
3.785720095038414001e-02,-1.044557318091392517e-01,3.650883957743644714e-02,3.400488942861557007e-02
3.814223781228065491e-02,-1.044272482395172119e-01,3.677192330360412598e-02,3.388690203428268433e-02
3.842497989535331726e-02,-1.043983921408653259e-01,3.703317791223526001e-02,3.376969322562217712e-02
3.870552033185958862e-02,-1.043692156672477722e-01,3.729257732629776001e-02,3.365314379334449768e-02
3.898382931947708130e-02,-1.043397039175033569e-01,3.755009174346923828e-02,3.353733941912651062e-02
3.925990685820579529e-02,-1.043098568916320801e-01,3.780584782361984253e-02,3.342228382825851440e-02
3.953382372856140137e-02,-1.042796820402145386e-01,3.805972635746002197e-02,3.330789506435394287e-02
3.980557620525360107e-02,-1.042492091655731201e-01,3.831192478537559509e-02,3.319420292973518372e-02
4.007513821125030518e-02,-1.042183786630630493e-01,3.856225684285163879e-02,3.308121487498283386e-02
4.034259915351867676e-02,-1.041872426867485046e-01,3.881086409091949463e-02,3.296891599893569946e-02
4.060791432857513428e-02,-1.041557863354682922e-01,3.905768692493438721e-02,3.285730257630348206e-02
4.087111353874206543e-02,-1.041239947080612183e-01,3.930276632308959961e-02,3.274641931056976318e-02
4.113221168518066406e-02,-1.040919274091720581e-01,3.954615071415901184e-02,3.263613954186439514e-02
4.139123857021331787e-02,-1.040595248341560364e-01,3.978782147169113159e-02,3.252663835883140564e-02
4.164820536971092224e-02,-1.040268465876579285e-01,4.002779349684715271e-02,3.241771832108497620e-02
4.190312325954437256e-02,-1.039938330650329590e-01,4.026603698730468750e-02,3.230952098965644836e-02
4.215599596500396729e-02,-1.039605140686035156e-01,4.050261527299880981e-02,3.220194950699806213e-02
4.240683466196060181e-02,-1.039269044995307922e-01,4.073754698038101196e-02,3.209505975246429443e-02
4.265569150447845459e-02,-1.038930192589759827e-01,4.097077250480651855e-02,3.198882937431335449e-02
4.290257394313812256e-02,-1.038588359951972961e-01,4.120242223143577576e-02,3.188323229551315308e-02
4.314747452735900879e-02,-1.038243398070335388e-01,4.143238067626953125e-02,3.177828341722488403e-02
4.339040070772171021e-02,-1.037895530462265015e-01,4.166073724627494812e-02,3.167400881648063660e-02
4.363135993480682373e-02,-1.037544906139373779e-01,4.188749939203262329e-02,3.157032281160354614e-02
4.387043789029121399e-02,-1.037191674113273621e-01,4.211267083883285522e-02,3.146733716130256653e-02
4.410755261778831482e-02,-1.036835312843322754e-01,4.233627393841743469e-02,3.136494383215904236e-02
4.434280097484588623e-02,-1.036476492881774902e-01,4.255827888846397400e-02,3.126312792301177979e-02
4.457614198327064514e-02,-1.036114543676376343e-01,4.277874529361724854e-02,3.116201609373092651e-02
4.480762034654617310e-02,-1.035750210285186768e-01,4.299763590097427368e-02,3.106150031089782715e-02
4.503723978996276855e-02,-1.035382896661758423e-01,4.321502149105072021e-02,3.096155449748039246e-02
4.526497796177864075e-02,-1.035013124346733093e-01,4.343087226152420044e-02,3.086227551102638245e-02
4.549091309309005737e-02,-1.034640297293663025e-01,4.364518076181411743e-02,3.076356276869773865e-02
4.571504518389701843e-02,-1.034265011548995972e-01,4.385799169540405273e-02,3.066545724868774414e-02
4.593734443187713623e-02,-1.033887341618537903e-01,4.406933486461639404e-02,3.056795895099639893e-02
4.615791887044906616e-02,-1.033506989479064941e-01,4.427920281887054443e-02,3.047103062272071838e-02
4.637666791677474976e-02,-1.033124104142189026e-01,4.448763281106948853e-02,3.037469461560249329e-02
4.659367352724075317e-02,-1.032738238573074341e-01,4.469454661011695862e-02,3.027895838022232056e-02
4.680892080068588257e-02,-1.032350137829780579e-01,4.490006342530250549e-02,3.018376231193542480e-02
4.702244699001312256e-02,-1.031959578394889832e-01,4.510415717959403992e-02,3.008921816945075989e-02
4.723424464464187622e-02,-1.031566411256790161e-01,4.530675709247589111e-02,2.999515831470489502e-02
4.744433984160423279e-02,-1.031170859932899475e-01,4.550798982381820679e-02,2.990174666047096252e-02
4.765272885560989380e-02,-1.030772924423217773e-01,4.570777714252471924e-02,2.980884164571762085e-02
4.785945266485214233e-02,-1.030372455716133118e-01,4.590623825788497925e-02,2.971649914979934692e-02
4.806447401642799377e-02,-1.029969602823257446e-01,4.610329493880271912e-02,2.962473407387733459e-02
4.826787859201431274e-02,-1.029564440250396729e-01,4.629897326231002808e-02,2.953353151679039001e-02
4.846958816051483154e-02,-1.029156520962715149e-01,4.649326950311660767e-02,2.944289147853851318e-02
4.866968095302581787e-02,-1.028746739029884338e-01,4.668625444173812866e-02,2.935277670621871948e-02
4.886817187070846558e-02,-1.028334721922874451e-01,4.687784984707832336e-02,2.926317602396011353e-02
4.906501248478889465e-02,-1.027919724583625793e-01,4.706814885139465332e-02,2.917420677840709686e-02
4.926030337810516357e-02,-1.027503088116645813e-01,4.725709930062294006e-02,2.908568084239959717e-02
4.945398122072219849e-02,-1.027084141969680786e-01,4.744477570056915283e-02,2.899773046374320984e-02
4.964610189199447632e-02,-1.026662588119506836e-01,4.763114452362060547e-02,2.891029417514801025e-02
4.983663558959960938e-02,-1.026239246129989624e-01,4.781619459390640259e-02,2.882340177893638611e-02
5.002565681934356689e-02,-1.025813668966293335e-01,4.799995198845863342e-02,2.873698249459266663e-02
5.021310597658157349e-02,-1.025385484099388123e-01,4.818245023488998413e-02,2.865114808082580566e-02
5.039903521537780762e-02,-1.024955734610557556e-01,4.836373031139373779e-02,2.856579422950744629e-02
5.058344826102256775e-02,-1.024523526430130005e-01,4.854369536042213440e-02,2.848096936941146851e-02
5.076634883880615234e-02,-1.024089008569717407e-01,4.872245341539382935e-02,2.839667163789272308e-02
5.094779282808303833e-02,-1.023652479052543640e-01,4.889991879463195801e-02,2.831285633146762848e-02
5.112770199775695801e-02,-1.023213937878608704e-01,4.907623305916786194e-02,2.822953462600708008e-02
5.130612850189208984e-02,-1.022773459553718567e-01,4.925129562616348267e-02,2.814671769738197327e-02
5.148312449455261230e-02,-1.022330969572067261e-01,4.942512512207031250e-02,2.806440182030200958e-02
5.165867507457733154e-02,-1.021886244416236877e-01,4.959774017333984375e-02,2.798258513212203979e-02
5.183278024196624756e-02,-1.021439880132675171e-01,4.976926743984222412e-02,2.790124900639057159e-02
5.200558155775070190e-02,-1.020991280674934387e-01,4.993961378931999207e-02,2.782036736607551575e-02
5.217694491147994995e-02,-1.020540148019790649e-01,5.010877549648284912e-02,2.773993276059627533e-02
5.234685912728309631e-02,-1.020087450742721558e-01,5.027672648429870605e-02,2.765996754169464111e-02
5.251545459032058716e-02,-1.019633263349533081e-01,5.044364929199218750e-02,2.758048661053180695e-02
5.268264934420585632e-02,-1.019176542758941650e-01,5.060934275388717651e-02,2.750149555504322052e-02
5.284849554300308228e-02,-1.018718257546424866e-01,5.077392607927322388e-02,2.742294967174530029e-02
5.301296338438987732e-02,-1.018258035182952881e-01,5.093743279576301575e-02,2.734484151005744934e-02
5.317611247301101685e-02,-1.017795577645301819e-01,5.109980702400207520e-02,2.726722508668899536e-02
5.333792045712471008e-02,-1.017331406474113464e-01,5.126105993986129761e-02,2.719005756080150604e-02
5.349838361144065857e-02,-1.016865819692611694e-01,5.142122507095336914e-02,2.711334079504013062e-02
5.365759134292602539e-02,-1.016397997736930847e-01,5.158030986785888672e-02,2.703704498708248138e-02
5.381546169519424438e-02,-1.015928462147712708e-01,5.173831060528755188e-02,2.696123160421848297e-02
5.397205799818038940e-02,-1.015457063913345337e-01,5.189522728323936462e-02,2.688585966825485229e-02
5.412733554840087891e-02,-1.014984026551246643e-01,5.205107480287551880e-02,2.681088261306285858e-02
5.428135767579078674e-02,-1.014509126543998718e-01,5.220591276884078979e-02,2.673637308180332184e-02
5.443415045738220215e-02,-1.014032587409019470e-01,5.235968157649040222e-02,2.666231244802474976e-02
5.458568036556243896e-02,-1.013554409146308899e-01,5.251240357756614685e-02,2.658863365650177002e-02
5.473592132329940796e-02,-1.013074144721031189e-01,5.266410112380981445e-02,2.651540935039520264e-02
5.488496646285057068e-02,-1.012592241168022156e-01,5.281481891870498657e-02,2.644260600209236145e-02
5.503278970718383789e-02,-1.012109071016311646e-01,5.296448245644569397e-02,2.637019753456115723e-02
5.517939105629920959e-02,-1.011623889207839966e-01,5.311314761638641357e-02,2.629824914038181305e-02
5.532481521368026733e-02,-1.011137291789054871e-01,5.326080322265625000e-02,2.622670121490955353e-02
5.546902120113372803e-02,-1.010648682713508606e-01,5.340748280286788940e-02,2.615554817020893097e-02
5.561206489801406860e-02,-1.010158583521842957e-01,5.355321988463401794e-02,2.608481608331203461e-02
5.575391277670860291e-02,-1.009667292237281799e-01,5.369791388511657715e-02,2.601449191570281982e-02
5.589459091424942017e-02,-1.009174063801765442e-01,5.384169518947601318e-02,2.594454586505889893e-02
5.603414028882980347e-02,-1.008679121732711792e-01,5.398448929190635681e-02,2.587503939867019653e-02
5.617251992225646973e-02,-1.008182540535926819e-01,5.412634089589118958e-02,2.580588869750499725e-02
5.630975216627120972e-02,-1.007684841752052307e-01,5.426724255084991455e-02,2.573715522885322571e-02
5.644587799906730652e-02,-1.007185578346252441e-01,5.440719053149223328e-02,2.566880546510219574e-02
5.658086389303207397e-02,-1.006684452295303345e-01,5.454627051949501038e-02,2.560087479650974274e-02
5.671481788158416748e-02,-1.006181836128234863e-01,5.468441173434257507e-02,2.553327940404415131e-02
5.684765800833702087e-02,-1.005677878856658936e-01,5.482161417603492737e-02,2.546608448028564453e-02
5.697937309741973877e-02,-1.005172431468963623e-01,5.495794862508773804e-02,2.539922297000885010e-02
5.711004883050918579e-02,-1.004665270447731018e-01,5.509344115853309631e-02,2.533274516463279724e-02
5.723963677883148193e-02,-1.004157140851020813e-01,5.522794276475906372e-02,2.526662871241569519e-02
5.736814811825752258e-02,-1.003646850585937500e-01,5.536165088415145874e-02,2.520093508064746857e-02
5.749561637639999390e-02,-1.003135591745376587e-01,5.549442395567893982e-02,2.513552829623222351e-02
5.762206017971038818e-02,-1.002622991800308228e-01,5.562635511159896851e-02,2.507053315639495850e-02
5.774747580289840698e-02,-1.002108827233314514e-01,5.575746297836303711e-02,2.500592358410358429e-02
5.787184089422225952e-02,-1.001593470573425293e-01,5.588766559958457947e-02,2.494162134826183319e-02
5.799519643187522888e-02,-1.001076251268386841e-01,5.601706728339195251e-02,2.487769350409507751e-02
5.811748653650283813e-02,-1.000557914376258850e-01,5.614557862281799316e-02,2.481412142515182495e-02
5.823887139558792114e-02,-1.000038385391235352e-01,5.627327039837837219e-02,2.475087717175483704e-02
5.835919827222824097e-02,-9.995173662900924683e-02,5.640019848942756653e-02,2.468800358474254608e-02
5.847853422164916992e-02,-9.989950805902481079e-02,5.652625113725662231e-02,2.462543174624443054e-02
5.859692394733428955e-02,-9.984713047742843628e-02,5.665147304534912109e-02,2.456324920058250427e-02
5.871434509754180908e-02,-9.979465603828430176e-02,5.677594989538192749e-02,2.450137212872505188e-02
5.883080512285232544e-02,-9.974201768636703491e-02,5.689958482980728149e-02,2.443985082209110260e-02
5.894628539681434631e-02,-9.968927502632141113e-02,5.702240765094757080e-02,2.437865920364856720e-02
5.906081199645996094e-02,-9.963637590408325195e-02,5.714453011751174927e-02,2.431779727339744568e-02
5.917445570230484009e-02,-9.958338737487792969e-02,5.726583674550056458e-02,2.425724826753139496e-02
5.928712338209152222e-02,-9.953026473522186279e-02,5.738634243607521057e-02,2.419703640043735504e-02
5.939888209104537964e-02,-9.947697818279266357e-02,5.750612169504165649e-02,2.413710951805114746e-02
5.950974673032760620e-02,-9.942362457513809204e-02,5.762512236833572388e-02,2.407759428024291992e-02
5.961968004703521729e-02,-9.937012940645217896e-02,5.774335190653800964e-02,2.401832491159439087e-02
5.972872674465179443e-02,-9.931646287441253662e-02,5.786086246371269226e-02,2.395938336849212646e-02
5.983688682317733765e-02,-9.926277399063110352e-02,5.797762051224708557e-02,2.390074543654918671e-02
5.994413793087005615e-02,-9.920890629291534424e-02,5.809365585446357727e-02,2.384242974221706390e-02
6.005054712295532227e-02,-9.915494173765182495e-02,5.820899456739425659e-02,2.378443628549575806e-02
6.015604734420776367e-02,-9.910084307193756104e-02,5.832353606820106506e-02,2.372673526406288147e-02
6.026073545217514038e-02,-9.904664009809494019e-02,5.843744426965713501e-02,2.366933412849903107e-02
6.036455184221267700e-02,-9.899231046438217163e-02,5.855057761073112488e-02,2.361222542822360992e-02
6.046749651432037354e-02,-9.893789142370223999e-02,5.866303294897079468e-02,2.355539985001087189e-02
6.056960672140121460e-02,-9.888334572315216064e-02,5.877482146024703979e-02,2.349887974560260773e-02
6.067088991403579712e-02,-9.882867336273193359e-02,5.888586491346359253e-02,2.344267442822456360e-02
6.077135354280471802e-02,-9.877391904592514038e-02,5.899624526500701904e-02,2.338675037026405334e-02
6.087102741003036499e-02,-9.871906042098999023e-02,5.910592526197433472e-02,2.333107963204383850e-02
6.096987426280975342e-02,-9.866408258676528931e-02,5.921496450901031494e-02,2.327573113143444061e-02
6.106788665056228638e-02,-9.860895574092864990e-02,5.932332947850227356e-02,2.322067506611347198e-02
6.116509437561035156e-02,-9.855377674102783203e-02,5.943106114864349365e-02,2.316586114466190338e-02
6.126157194375991821e-02,-9.849847853183746338e-02,5.953803658485412598e-02,2.311137877404689789e-02
6.135719269514083862e-02,-9.844304621219635010e-02,5.964443832635879517e-02,2.305710874497890472e-02
6.145209074020385742e-02,-9.838753938674926758e-02,5.975017696619033813e-02,2.300313301384449005e-02
6.154623627662658691e-02,-9.833195805549621582e-02,5.985529720783233643e-02,2.294945530593395233e-02
6.163956969976425171e-02,-9.827625006437301636e-02,5.995976179838180542e-02,2.289598062634468079e-02
6.173214316368103027e-02,-9.822042286396026611e-02,6.006357818841934204e-02,2.284284681081771851e-02
6.182400882244110107e-02,-9.816449880599975586e-02,6.016683205962181091e-02,2.278996631503105164e-02
6.191512942314147949e-02,-9.810853004455566406e-02,6.026941165328025818e-02,2.273729257285594940e-02
6.200546771287918091e-02,-9.805241972208023071e-02,6.037143990397453308e-02,2.268494106829166412e-02
6.209510564804077148e-02,-9.799622744321823120e-02,6.047283113002777100e-02,2.263283915817737579e-02
6.218403577804565430e-02,-9.793992340564727783e-02,6.057360768318176270e-02,2.258100360631942749e-02
6.227222830057144165e-02,-9.788354486227035522e-02,6.067377328872680664e-02,2.252939157187938690e-02
6.235971301794052124e-02,-9.782704710960388184e-02,6.077333539724349976e-02,2.247803471982479095e-02
6.244648993015289307e-02,-9.777045249938964844e-02,6.087236851453781128e-02,2.242688089609146118e-02
6.253255903720855713e-02,-9.771379083395004272e-02,6.097081303596496582e-02,2.237603068351745605e-02
6.261794269084930420e-02,-9.765707701444625854e-02,6.106863915920257568e-02,2.232542261481285095e-02
6.270268559455871582e-02,-9.760016202926635742e-02,6.116595119237899780e-02,2.227504178881645203e-02
6.278668344020843506e-02,-9.754325449466705322e-02,6.126266717910766602e-02,2.222492173314094543e-02
6.287005543708801270e-02,-9.748625755310058594e-02,6.135883927345275879e-02,2.217499911785125732e-02
6.295274198055267334e-02,-9.742911159992218018e-02,6.145445257425308228e-02,2.212540619075298309e-02
6.303475052118301392e-02,-9.737191349267959595e-02,6.154949963092803955e-02,2.207595668733119965e-02
6.311608850955963135e-02,-9.731462597846984863e-02,6.164399906992912292e-02,2.202677540481090546e-02
6.319678574800491333e-02,-9.725725650787353516e-02,6.173792481422424316e-02,2.197780460119247437e-02
6.327685713768005371e-02,-9.719982743263244629e-02,6.183132529258728027e-02,2.192909829318523407e-02
6.335625052452087402e-02,-9.714226424694061279e-02,6.192421540617942810e-02,2.188064903020858765e-02
6.343495845794677734e-02,-9.708463400602340698e-02,6.201656162738800049e-02,2.183236181735992432e-02
6.351310759782791138e-02,-9.702695161104202271e-02,6.210833787918090820e-02,2.178434655070304871e-02
6.359064579010009766e-02,-9.696914255619049072e-02,6.219966709613800049e-02,2.173650451004505157e-02
6.366752833127975464e-02,-9.691128134727478027e-02,6.229045987129211426e-02,2.168892510235309601e-02
6.374382972717285156e-02,-9.685333818197250366e-02,6.238073110580444336e-02,2.164155058562755585e-02
6.381946802139282227e-02,-9.679530560970306396e-02,6.247050315141677856e-02,2.159441635012626648e-02
6.389452517032623291e-02,-9.673717617988586426e-02,6.255973875522613525e-02,2.154747955501079559e-02
6.396900862455368042e-02,-9.667903929948806763e-02,6.264851242303848267e-02,2.150071039795875549e-02
6.404286623001098633e-02,-9.662076830863952637e-02,6.273682415485382080e-02,2.145423926413059235e-02
6.411613523960113525e-02,-9.656244516372680664e-02,6.282460689544677734e-02,2.140790037810802460e-02
6.418885290622711182e-02,-9.650401026010513306e-02,6.291194260120391846e-02,2.136178687214851379e-02
6.426095217466354370e-02,-9.644555300474166870e-02,6.299875676631927490e-02,2.131595648825168610e-02
6.433252990245819092e-02,-9.638699144124984741e-02,6.308504939079284668e-02,2.127023600041866302e-02
6.440353393554687500e-02,-9.632836282253265381e-02,6.317094713449478149e-02,2.122477069497108459e-02
6.447394192218780518e-02,-9.626965224742889404e-02,6.325633823871612549e-02,2.117951028048992157e-02
6.454383581876754761e-02,-9.621088206768035889e-02,6.334126740694046021e-02,2.113438770174980164e-02
6.461311876773834229e-02,-9.615208953619003296e-02,6.342577189207077026e-02,2.108954265713691711e-02
6.468189507722854614e-02,-9.609312564134597778e-02,6.350977718830108643e-02,2.104487456381320953e-02
6.475012004375457764e-02,-9.603414684534072876e-02,6.359333544969558716e-02,2.100036479532718658e-02
6.481782346963882446e-02,-9.597511589527130127e-02,6.367649137973785400e-02,2.095605619251728058e-02
6.488497555255889893e-02,-9.591600298881530762e-02,6.375920027494430542e-02,2.091195248067378998e-02
6.495161354541778564e-02,-9.585682302713394165e-02,6.384143233299255371e-02,2.086803317070007324e-02
6.501772254705429077e-02,-9.579756110906600952e-02,6.392322480678558350e-02,2.082430571317672729e-02
6.508329510688781738e-02,-9.573822468519210815e-02,6.400460749864578247e-02,2.078074961900711060e-02
6.514836847782135010e-02,-9.567883610725402832e-02,6.408560276031494141e-02,2.073740214109420776e-02
6.521295011043548584e-02,-9.561941772699356079e-02,6.416609883308410645e-02,2.069424465298652649e-02
6.527699530124664307e-02,-9.555989503860473633e-02,6.424619257450103760e-02,2.065121568739414215e-02
6.534054875373840332e-02,-9.550032764673233032e-02,6.432589888572692871e-02,2.060842141509056091e-02
6.540359556674957275e-02,-9.544067829847335815e-02,6.440515816211700439e-02,2.056582644581794739e-02
6.546615064144134521e-02,-9.538099914789199829e-02,6.448400765657424927e-02,2.052338980138301849e-02
6.552822887897491455e-02,-9.532122313976287842e-02,6.456244736909866333e-02,2.048109471797943115e-02
6.558984518051147461e-02,-9.526139497756958008e-02,6.464049220085144043e-02,2.043901570141315460e-02
6.565091758966445923e-02,-9.520154446363449097e-02,6.471811980009078979e-02,2.039707824587821960e-02
6.571155041456222534e-02,-9.514157474040985107e-02,6.479543447494506836e-02,2.035531960427761078e-02
6.577172130346298218e-02,-9.508157521486282349e-02,6.487222760915756226e-02,2.031377144157886505e-02
6.583145260810852051e-02,-9.502149373292922974e-02,6.494870036840438843e-02,2.027233317494392395e-02
6.589066982269287109e-02,-9.496140480041503906e-02,6.502477824687957764e-02,2.023107744753360748e-02
6.594945490360260010e-02,-9.490124136209487915e-02,6.510049849748611450e-02,2.019003219902515411e-02
6.600777059793472290e-02,-9.484098106622695923e-02,6.517586112022399902e-02,2.014911547303199768e-02
6.606561690568923950e-02,-9.478069841861724854e-02,6.525081396102905273e-02,2.010835334658622742e-02
6.612307578325271606e-02,-9.472036361694335938e-02,6.532534956932067871e-02,2.006774768233299255e-02
6.618001312017440796e-02,-9.465994685888290405e-02,6.539954245090484619e-02,2.002734504640102386e-02
6.623658537864685059e-02,-9.459951519966125488e-02,6.547337025403976440e-02,1.998706720769405365e-02
6.629268825054168701e-02,-9.453900903463363647e-02,6.554689258337020874e-02,1.994698494672775269e-02
6.634835898876190186e-02,-9.447842836380004883e-02,6.562002003192901611e-02,1.990700140595436096e-02
6.640362739562988281e-02,-9.441783279180526733e-02,6.569279730319976807e-02,1.986727118492126465e-02
6.645844131708145142e-02,-9.435717016458511353e-02,6.576513499021530151e-02,1.982760615646839142e-02
6.651283800601959229e-02,-9.429644793272018433e-02,6.583721935749053955e-02,1.978811621665954590e-02
6.656682491302490234e-02,-9.423568844795227051e-02,6.590890884399414062e-02,1.974879764020442963e-02
6.662040948867797852e-02,-9.417488425970077515e-02,6.598027050495147705e-02,1.970961317420005798e-02
6.667355448007583618e-02,-9.411399811506271362e-02,6.605132669210433960e-02,1.967063359916210175e-02
6.672632694244384766e-02,-9.405308961868286133e-02,6.612204015254974365e-02,1.963172480463981628e-02
6.677868962287902832e-02,-9.399214386940002441e-02,6.619235128164291382e-02,1.959297060966491699e-02
6.683066487312316895e-02,-9.393110871315002441e-02,6.626237928867340088e-02,1.955440826714038849e-02
6.688220798969268799e-02,-9.387004375457763672e-02,6.633208692073822021e-02,1.951597072184085846e-02
6.693338602781295776e-02,-9.380894899368286133e-02,6.640143692493438721e-02,1.947767101228237152e-02
6.698419153690338135e-02,-9.374777227640151978e-02,6.647051870822906494e-02,1.943955197930335999e-02
6.703458726406097412e-02,-9.368657320737838745e-02,6.653918325901031494e-02,1.940150186419487000e-02
6.708461046218872070e-02,-9.362535178661346436e-02,6.660760939121246338e-02,1.936365850269794464e-02
6.713427603244781494e-02,-9.356404840946197510e-02,6.667570769786834717e-02,1.932589150965213776e-02
6.718356162309646606e-02,-9.350271522998809814e-02,6.674351543188095093e-02,1.928828656673431396e-02
6.723245233297348022e-02,-9.344135224819183350e-02,6.681095808744430542e-02,1.925081387162208557e-02
6.728100031614303589e-02,-9.337988495826721191e-02,6.687808781862258911e-02,1.921348087489604950e-02
6.732919812202453613e-02,-9.331842511892318726e-02,6.694496423006057739e-02,1.917628757655620575e-02
6.737702339887619019e-02,-9.325689822435379028e-02,6.701156497001647949e-02,1.913926005363464355e-02
6.742449104785919189e-02,-9.319534152746200562e-02,6.707778573036193848e-02,1.910231262445449829e-02
6.747157126665115356e-02,-9.313374757766723633e-02,6.714381277561187744e-02,1.906553842127323151e-02
6.751836836338043213e-02,-9.307211637496948242e-02,6.720945239067077637e-02,1.902885176241397858e-02
6.756478548049926758e-02,-9.301044791936874390e-02,6.727483123540878296e-02,1.899234391748905182e-02
6.761083006858825684e-02,-9.294871240854263306e-02,6.733994930982589722e-02,1.895590685307979584e-02
6.765656173229217529e-02,-9.288696199655532837e-02,6.740473210811614990e-02,1.891962811350822449e-02
6.770195066928863525e-02,-9.282512962818145752e-02,6.746924668550491333e-02,1.888345740735530853e-02
6.774699687957763672e-02,-9.276333451271057129e-02,6.753350794315338135e-02,1.884745806455612183e-02
6.779173761606216431e-02,-9.270142763853073120e-02,6.759752333164215088e-02,1.881151460111141205e-02
6.783612817525863647e-02,-9.263949841260910034e-02,6.766121089458465576e-02,1.877575181424617767e-02
6.788022071123123169e-02,-9.257753938436508179e-02,6.772462278604507446e-02,1.874011382460594177e-02
6.792396306991577148e-02,-9.251555800437927246e-02,6.778782606124877930e-02,1.870453171432018280e-02
6.796741485595703125e-02,-9.245348721742630005e-02,6.785069406032562256e-02,1.866913028061389923e-02
6.801053881645202637e-02,-9.239144623279571533e-02,6.791334599256515503e-02,1.863378472626209259e-02
6.805334240198135376e-02,-9.232933819293975830e-02,6.797567754983901978e-02,1.859862357378005981e-02
6.809580326080322266e-02,-9.226718544960021973e-02,6.803780049085617065e-02,1.856352947652339935e-02
6.813802570104598999e-02,-9.220504015684127808e-02,6.809967756271362305e-02,1.852856948971748352e-02
6.817990541458129883e-02,-9.214282780885696411e-02,6.816124916076660156e-02,1.849371939897537231e-02
6.822144240140914917e-02,-9.208054840564727783e-02,6.822258234024047852e-02,1.845899783074855804e-02
6.826273351907730103e-02,-9.201828390359878540e-02,6.828366965055465698e-02,1.842439547181129456e-02
6.830374896526336670e-02,-9.195597469806671143e-02,6.834454834461212158e-02,1.838985085487365723e-02
6.834441423416137695e-02,-9.189362823963165283e-02,6.840516626834869385e-02,1.835546828806400299e-02
6.838485598564147949e-02,-9.183122217655181885e-02,6.846554577350616455e-02,1.832120679318904877e-02
6.842495501041412354e-02,-9.176883846521377563e-02,6.852556020021438599e-02,1.828704029321670532e-02
6.846475601196289062e-02,-9.170637279748916626e-02,6.858547031879425049e-02,1.825291290879249573e-02
6.850431859493255615e-02,-9.164390712976455688e-02,6.864508986473083496e-02,1.821898110210895538e-02
6.854356080293655396e-02,-9.158136695623397827e-02,6.870451569557189941e-02,1.818509958684444427e-02
6.858254224061965942e-02,-9.151884168386459351e-02,6.876364350318908691e-02,1.815137639641761780e-02
6.862124800682067871e-02,-9.145623445510864258e-02,6.882259994745254517e-02,1.811774261295795441e-02
6.865964084863662720e-02,-9.139365702867507935e-02,6.888131052255630493e-02,1.808417402207851410e-02
6.869785487651824951e-02,-9.133100509643554688e-02,6.893979012966156006e-02,1.805071346461772919e-02
6.873574107885360718e-02,-9.126835316419601440e-02,6.899803131818771362e-02,1.801737584173679352e-02
6.877337396144866943e-02,-9.120565652847290039e-02,6.905609369277954102e-02,1.798413693904876709e-02
6.881074607372283936e-02,-9.114291518926620483e-02,6.911388039588928223e-02,1.795098930597305298e-02
6.884786486625671387e-02,-9.108019620180130005e-02,6.917148828506469727e-02,1.791796833276748657e-02
6.888469308614730835e-02,-9.101738035678863525e-02,6.922888755798339844e-02,1.788503117859363556e-02
6.892129778861999512e-02,-9.095457196235656738e-02,6.928599625825881958e-02,1.785214431583881378e-02
6.895768642425537109e-02,-9.089175611734390259e-02,6.934297084808349609e-02,1.781942322850227356e-02
6.899375468492507935e-02,-9.082889556884765625e-02,6.939971446990966797e-02,1.778674870729446411e-02
6.902959942817687988e-02,-9.076599031686782837e-02,6.945625692605972290e-02,1.775418035686016083e-02
6.906520575284957886e-02,-9.070307761430740356e-02,6.951259076595306396e-02,1.772173121571540833e-02
6.910057365894317627e-02,-9.064011275768280029e-02,6.956870108842849731e-02,1.768934912979602814e-02
6.913568079471588135e-02,-9.057714045047760010e-02,6.962455809116363525e-02,1.765706390142440796e-02
6.917060166597366333e-02,-9.051413834095001221e-02,6.968034803867340088e-02,1.762483268976211548e-02
6.920526176691055298e-02,-9.045112133026123047e-02,6.973586976528167725e-02,1.759275421500205994e-02
6.923965364694595337e-02,-9.038808196783065796e-02,6.979117542505264282e-02,1.756075024604797363e-02
6.927383691072463989e-02,-9.032500535249710083e-02,6.984633207321166992e-02,1.752878911793231964e-02
6.930778175592422485e-02,-9.026189893484115601e-02,6.990125030279159546e-02,1.749700866639614105e-02
6.934154033660888672e-02,-9.019879251718521118e-02,6.995604932308197021e-02,1.746525987982749939e-02
6.937505304813385010e-02,-9.013563394546508789e-02,7.001060247421264648e-02,1.743356883525848389e-02
6.940836459398269653e-02,-9.007246792316436768e-02,7.006500661373138428e-02,1.740197464823722839e-02
6.944139301776885986e-02,-9.000926464796066284e-02,7.011920213699340820e-02,1.737051457166671753e-02
6.947426497936248779e-02,-8.994605392217636108e-02,7.017318904399871826e-02,1.733906753361225128e-02
6.950691342353820801e-02,-8.988282084465026855e-02,7.022701948881149292e-02,1.730774901807308197e-02
6.953931599855422974e-02,-8.981954306364059448e-02,7.028059661388397217e-02,1.727651245892047882e-02
6.957150995731353760e-02,-8.975627273321151733e-02,7.033409178256988525e-02,1.724536344408988953e-02
6.960351020097732544e-02,-8.969295769929885864e-02,7.038736343383789062e-02,1.721426472067832947e-02
6.963528692722320557e-02,-8.962962776422500610e-02,7.044051587581634521e-02,1.718327030539512634e-02
6.966684013605117798e-02,-8.956630527973175049e-02,7.049340754747390747e-02,1.715239882469177246e-02
6.969821453094482422e-02,-8.950290083885192871e-02,7.054615020751953125e-02,1.712154969573020935e-02
6.972934305667877197e-02,-8.943949639797210693e-02,7.059875130653381348e-02,1.709080673754215240e-02
6.976035237312316895e-02,-8.937608450651168823e-02,7.065112888813018799e-02,1.706011965870857239e-02
6.979108601808547974e-02,-8.931268006563186646e-02,7.070336490869522095e-02,1.702950149774551392e-02
6.982170045375823975e-02,-8.924923092126846313e-02,7.075548917055130005e-02,1.699900068342685699e-02
6.985206902027130127e-02,-8.918574452400207520e-02,7.080743461847305298e-02,1.696852594614028931e-02
6.988223642110824585e-02,-8.912224322557449341e-02,7.085918635129928589e-02,1.693815924227237701e-02
6.991223245859146118e-02,-8.905872702598571777e-02,7.091081142425537109e-02,1.690787635743618011e-02
6.994204223155975342e-02,-8.899520337581634521e-02,7.096221297979354858e-02,1.687763631343841553e-02
6.997165828943252563e-02,-8.893164992332458496e-02,7.101347297430038452e-02,1.684747636318206787e-02
7.000105828046798706e-02,-8.886806666851043701e-02,7.106459885835647583e-02,1.681740768253803253e-02
7.003034651279449463e-02,-8.880451321601867676e-02,7.111557573080062866e-02,1.678738556802272797e-02
7.005937397480010986e-02,-8.874089270830154419e-02,7.116637378931045532e-02,1.675745099782943726e-02
7.008830457925796509e-02,-8.867726475000381470e-02,7.121705263853073120e-02,1.672758162021636963e-02
7.011701166629791260e-02,-8.861362189054489136e-02,7.126753777265548706e-02,1.669779606163501740e-02
7.014554738998413086e-02,-8.854997903108596802e-02,7.131792604923248291e-02,1.666807942092418671e-02
7.017390429973602295e-02,-8.848626166582107544e-02,7.136807590723037720e-02,1.663841120898723602e-02
7.017390429973602295e-02,-8.848626166582107544e-02,7.136807590723037720e-02,1.663841120898723602e-02
7.017390429973602295e-02,-8.848626166582107544e-02,7.136807590723037720e-02,1.663841120898723602e-02
6.845326721668243408e-02,-8.802511543035507202e-02,7.027161121368408203e-02,1.725814677774906158e-02
6.668008118867874146e-02,-8.751950412988662720e-02,6.917552649974822998e-02,1.798662170767784119e-02
6.487034261226654053e-02,-8.698020130395889282e-02,6.808226555585861206e-02,1.879734359681606293e-02
6.303735822439193726e-02,-8.641617745161056519e-02,6.699375063180923462e-02,1.966796442866325378e-02
6.119211763143539429e-02,-8.583495020866394043e-02,6.591177731752395630e-02,2.058003284037113190e-02
5.934134125709533691e-02,-8.524101972579956055e-02,6.483721733093261719e-02,2.152235619723796844e-02
5.749172344803810120e-02,-8.463905751705169678e-02,6.377112865447998047e-02,2.248357608914375305e-02
5.564852058887481689e-02,-8.403269201517105103e-02,6.271433085203170776e-02,2.345487475395202637e-02
5.381744354963302612e-02,-8.342585712671279907e-02,6.166772171854972839e-02,2.442673034965991974e-02
5.199987441301345825e-02,-8.281954377889633179e-02,6.063148379325866699e-02,2.539657242596149445e-02
5.019854009151458740e-02,-8.221578598022460938e-02,5.960594117641448975e-02,2.635984495282173157e-02
4.841323569416999817e-02,-8.161456882953643799e-02,5.859098210930824280e-02,2.731650695204734802e-02
4.664384573698043823e-02,-8.101582527160644531e-02,5.758651345968246460e-02,2.826665155589580536e-02
4.489046335220336914e-02,-8.041986823081970215e-02,5.659241229295730591e-02,2.920980937778949738e-02
4.315239191055297852e-02,-7.982627302408218384e-02,5.560842901468276978e-02,3.014691732823848724e-02
4.143051803112030029e-02,-7.923588901758193970e-02,5.463453009724617004e-02,3.107593767344951630e-02
3.972514346241950989e-02,-7.864910364151000977e-02,5.367062240839004517e-02,3.199608251452445984e-02
3.803609311580657959e-02,-7.806567102670669556e-02,5.271675810217857361e-02,3.290798142552375793e-02
3.636336699128150940e-02,-7.748568803071975708e-02,5.177295953035354614e-02,3.381156921386718750e-02
3.470721840858459473e-02,-7.690958678722381592e-02,5.083901435136795044e-02,3.470578789710998535e-02
3.306784853339195251e-02,-7.633756846189498901e-02,4.991484060883522034e-02,3.559015318751335144e-02
3.144501894712448120e-02,-7.576943188905715942e-02,4.900059476494789124e-02,3.646543249487876892e-02
2.983886003494262695e-02,-7.520513236522674561e-02,4.809627681970596313e-02,3.733154013752937317e-02
2.824892103672027588e-02,-7.464481145143508911e-02,4.720150679349899292e-02,3.818829357624053955e-02
2.667488716542720795e-02,-7.408858090639114380e-02,4.631587117910385132e-02,3.903544694185256958e-02
2.511715330183506012e-02,-7.353638112545013428e-02,4.543988779187202454e-02,3.987326845526695251e-02
2.357574552297592163e-02,-7.298825681209564209e-02,4.457342997193336487e-02,4.070176556706428528e-02
2.205014787614345551e-02,-7.244412600994110107e-02,4.371622949838638306e-02,4.152112826704978943e-02
2.053948678076267242e-02,-7.190381735563278198e-02,4.286769777536392212e-02,4.233163595199584961e-02
1.904452964663505554e-02,-7.136750966310501099e-02,4.202830418944358826e-02,4.313309490680694580e-02
1.756528578698635101e-02,-7.083528488874435425e-02,4.119809344410896301e-02,4.392547532916069031e-02
1.610160619020462036e-02,-7.030702382326126099e-02,4.037696123123168945e-02,4.470891132950782776e-02
1.465252041816711426e-02,-6.978251039981842041e-02,3.956432640552520752e-02,4.548386856913566589e-02
1.321840845048427582e-02,-6.926193088293075562e-02,3.876041248440742493e-02,4.625022038817405701e-02
1.179914176464080811e-02,-6.874522566795349121e-02,3.796514868736267090e-02,4.700802266597747803e-02
1.039452850818634033e-02,-6.823235005140304565e-02,3.717839717864990234e-02,4.775740951299667358e-02
9.004164487123489380e-03,-6.772322952747344971e-02,3.639993071556091309e-02,4.849858582019805908e-02
7.628001272678375244e-03,-6.721781939268112183e-02,3.562977164983749390e-02,4.923167079687118530e-02
6.265858188271522522e-03,-6.671613454818725586e-02,3.486773371696472168e-02,4.995673522353172302e-02
4.917558282613754272e-03,-6.621812283992767334e-02,3.411374241113662720e-02,5.067386105656623840e-02
3.582928329706192017e-03,-6.572375446557998657e-02,3.336774930357933044e-02,5.138321220874786377e-02
2.261763438582420349e-03,-6.523299217224121094e-02,3.262951225042343140e-02,5.208487436175346375e-02
9.539052844047546387e-04,-6.474578380584716797e-02,3.189904242753982544e-02,5.277894809842109680e-02
-3.408361226320266724e-04,-6.426210701465606689e-02,3.117618896067142487e-02,5.346560478210449219e-02
-1.622168347239494324e-03,-6.378205865621566772e-02,3.046112507581710815e-02,5.414460971951484680e-02
-2.890525385737419128e-03,-6.330555677413940430e-02,2.975357696413993835e-02,5.481623113155364990e-02
-4.146132618188858032e-03,-6.283251196146011353e-02,2.905342355370521545e-02,5.548058822751045227e-02
-5.389081314206123352e-03,-6.236287206411361694e-02,2.836062759160995483e-02,5.613779276609420776e-02
-6.619579158723354340e-03,-6.189671531319618225e-02,2.767506055533885956e-02,5.678797885775566101e-02
-7.837777025997638702e-03,-6.143390014767646790e-02,2.699659764766693115e-02,5.743117257952690125e-02
-9.043828584253787994e-03,-6.097445636987686157e-02,2.632518671452999115e-02,5.806751921772956848e-02
-1.023789495229721069e-02,-6.051832064986228943e-02,2.566072158515453339e-02,5.869706720113754272e-02
-1.141968090087175369e-02,-6.006560847163200378e-02,2.500335499644279480e-02,5.931968614459037781e-02
-1.258946862071752548e-02,-5.961619690060615540e-02,2.435293607413768768e-02,5.993558466434478760e-02
-1.374752819538116455e-02,-5.917010828852653503e-02,2.370932698249816895e-02,6.054485961794853210e-02
-1.489401049911975861e-02,-5.872724205255508423e-02,2.307241223752498627e-02,6.114760413765907288e-02
-1.602903194725513458e-02,-5.828759446740150452e-02,2.244212292134761810e-02,6.174393743276596069e-02
-1.715273596346378326e-02,-5.785114690661430359e-02,2.181838825345039368e-02,6.233384460210800171e-02
-1.826526597142219543e-02,-5.741789564490318298e-02,2.120109833776950836e-02,6.291752308607101440e-02
-1.936675421893596649e-02,-5.698770657181739807e-02,2.059016935527324677e-02,6.349501013755798340e-02
-2.045687288045883179e-02,-5.656079947948455811e-02,1.998585648834705353e-02,6.406612694263458252e-02
-2.153564989566802979e-02,-5.613712966442108154e-02,1.938811130821704865e-02,6.463088095188140869e-02
-2.260346710681915283e-02,-5.571658536791801453e-02,1.879669353365898132e-02,6.518952548503875732e-02
-2.366046980023384094e-02,-5.529914051294326782e-02,1.821153052151203156e-02,6.574211269617080688e-02
-2.470674552023410797e-02,-5.488480255007743835e-02,1.763255335390567780e-02,6.628867238759994507e-02
-2.574240975081920624e-02,-5.447350814938545227e-02,1.705971919000148773e-02,6.682933866977691650e-02
-2.676752209663391113e-02,-5.406526848673820496e-02,1.649295352399349213e-02,6.736412644386291504e-02
-2.778225392103195190e-02,-5.366005748510360718e-02,1.593220233917236328e-02,6.789313256740570068e-02
-2.878670580685138702e-02,-5.325786024332046509e-02,1.537741906940937042e-02,6.841639429330825806e-02
-2.978097274899482727e-02,-5.285862460732460022e-02,1.482847519218921661e-02,6.893397122621536255e-02
-3.076513484120368958e-02,-5.246229842305183411e-02,1.428534835577011108e-02,6.944597512483596802e-02
-3.173937276005744934e-02,-5.206893756985664368e-02,1.374798081815242767e-02,6.995238363742828369e-02
-3.270373865962028503e-02,-5.167846381664276123e-02,1.321627944707870483e-02,7.045335322618484497e-02
-3.365832567214965820e-02,-5.129088833928108215e-02,1.269022561609745026e-02,7.094889879226684570e-02
-3.460332006216049194e-02,-5.090613290667533875e-02,1.216970756649971008e-02,7.143907248973846436e-02
-3.553875908255577087e-02,-5.052420496940612793e-02,1.165465451776981354e-02,7.192395627498626709e-02
-3.646476939320564270e-02,-5.014513805508613586e-02,1.114508695900440216e-02,7.240364700555801392e-02
-3.738123551011085510e-02,-4.976887628436088562e-02,1.064099557697772980e-02,7.287802547216415405e-02
-3.828846290707588196e-02,-4.939537495374679565e-02,1.014221645891666412e-02,7.334726303815841675e-02
-3.918658941984176636e-02,-4.902461543679237366e-02,9.648699313402175903e-03,7.381149381399154663e-02
-4.007565602660179138e-02,-4.865655675530433655e-02,9.160401299595832825e-03,7.427074015140533447e-02
-4.095583036541938782e-02,-4.829116538166999817e-02,8.677193894982337952e-03,7.472499459981918335e-02
-4.182722046971321106e-02,-4.792848601937294006e-02,8.199062198400497437e-03,7.517442107200622559e-02
-4.268987476825714111e-02,-4.756837338209152222e-02,7.725931704044342041e-03,7.561902701854705811e-02
-4.354392737150192261e-02,-4.721093177795410156e-02,7.257770746946334839e-03,7.605888694524765015e-02
-4.438952356576919556e-02,-4.685603454709053040e-02,6.794428452849388123e-03,7.649403810501098633e-02
-4.522676020860671997e-02,-4.650369659066200256e-02,6.335895508527755737e-03,7.692458480596542358e-02
-4.605569690465927124e-02,-4.615390300750732422e-02,5.882142111659049988e-03,7.735056430101394653e-02
-4.687650501728057861e-02,-4.580656811594963074e-02,5.433049052953720093e-03,7.777202129364013672e-02
-4.768927395343780518e-02,-4.546176642179489136e-02,4.988569766283035278e-03,7.818905264139175415e-02
-4.849409312009811401e-02,-4.511936753988265991e-02,4.548633471131324768e-03,7.860168814659118652e-02
-4.929112270474433899e-02,-4.477936401963233948e-02,4.113180562853813171e-03,7.901002466678619385e-02
-5.008041113615036011e-02,-4.444178938865661621e-02,3.682129085063934326e-03,7.941408455371856689e-02
-5.086044967174530029e-02,-4.410702735185623169e-02,3.256466239690780640e-03,7.981313019990921021e-02
-5.163227766752243042e-02,-4.377480596303939819e-02,2.835515886545181274e-03,8.020766079425811768e-02
-5.239634215831756592e-02,-4.344502836465835571e-02,2.419034019112586975e-03,8.059792965650558472e-02
-5.315272882580757141e-02,-4.311759024858474731e-02,2.006933093070983887e-03,8.098397403955459595e-02
-5.390154570341110229e-02,-4.279253631830215454e-02,1.599203795194625854e-03,8.136586099863052368e-02
-5.464287102222442627e-02,-4.246981069445610046e-02,1.195808872580528259e-03,8.174363523721694946e-02
-5.537675321102142334e-02,-4.214943572878837585e-02,7.965937256813049316e-04,8.211733400821685791e-02
-5.610334873199462891e-02,-4.183134436607360840e-02,4.016086459159851074e-04,8.248701691627502441e-02
-5.682269483804702759e-02,-4.151552170515060425e-02,1.076050102710723877e-05,8.285269141197204590e-02
-5.753493309020996094e-02,-4.120193421840667725e-02,-3.759954124689102173e-04,8.321451395750045776e-02
-5.824012309312820435e-02,-4.089063405990600586e-02,-7.587205618619918823e-04,8.357241004705429077e-02
-5.893835425376892090e-02,-4.058150202035903931e-02,-1.137457787990570068e-03,8.392652869224548340e-02
-5.962973833084106445e-02,-4.027451202273368835e-02,-1.512277871370315552e-03,8.427686244249343872e-02
-6.031431257724761963e-02,-3.996973857283592224e-02,-1.883257180452346802e-03,8.462350070476531982e-02
-6.099224835634231567e-02,-3.966705873608589172e-02,-2.250367775559425354e-03,8.496648818254470825e-02
-6.166356801986694336e-02,-3.936646878719329834e-02,-2.613756805658340454e-03,8.530580252408981323e-02
-6.232766062021255493e-02,-3.906820341944694519e-02,-2.972938120365142822e-03,8.564121276140213013e-02
-6.298413872718811035e-02,-3.877234458923339844e-02,-3.327742218971252441e-03,8.597249537706375122e-02
-6.363396346569061279e-02,-3.847862407565116882e-02,-3.678739070892333984e-03,8.630014210939407349e-02
-6.427724659442901611e-02,-3.818696737289428711e-02,-4.025965929031372070e-03,8.662427216768264771e-02
-6.491399556398391724e-02,-3.789741173386573792e-02,-4.369441419839859009e-03,8.694472163915634155e-02
-6.554435193538665771e-02,-3.760996833443641663e-02,-4.709288477897644043e-03,8.726177364587783813e-02
-6.616834551095962524e-02,-3.732455149292945862e-02,-5.045477300882339478e-03,8.757536858320236206e-02
-6.678603589534759521e-02,-3.704113140702247620e-02,-5.378065630793571472e-03,8.788543194532394409e-02
-6.739754229784011841e-02,-3.675973415374755859e-02,-5.707103759050369263e-03,8.819220215082168579e-02
-6.800293177366256714e-02,-3.648033365607261658e-02,-6.032647565007209778e-03,8.849558979272842407e-02
-6.860224157571792603e-02,-3.620289266109466553e-02,-6.354721263051033020e-03,8.879567682743072510e-02
-6.919557601213455200e-02,-3.592741489410400391e-02,-6.673397496342658997e-03,8.909250795841217041e-02
-6.978301703929901123e-02,-3.565387427806854248e-02,-6.988639011979103088e-03,8.938611298799514771e-02
-7.036460936069488525e-02,-3.538219630718231201e-02,-7.300574332475662231e-03,8.967650681734085083e-02
-7.094043493270874023e-02,-3.511247038841247559e-02,-7.609244436025619507e-03,8.996377140283584595e-02
-7.151060551404953003e-02,-3.484453633427619934e-02,-7.914610207080841064e-03,9.024798125028610229e-02
-7.207503914833068848e-02,-3.457847982645034790e-02,-8.216751739382743835e-03,9.052904695272445679e-02
-7.263266295194625854e-02,-3.431468456983566284e-02,-8.514937013387680054e-03,9.080644696950912476e-02
-7.318454235792160034e-02,-3.405274450778961182e-02,-8.809851482510566711e-03,9.108073264360427856e-02
-7.373074442148208618e-02,-3.379268199205398560e-02,-9.101498872041702271e-03,9.135194122791290283e-02
-7.427138090133666992e-02,-3.353441506624221802e-02,-9.389979764819145203e-03,9.162011742591857910e-02
-7.480648159980773926e-02,-3.327802568674087524e-02,-9.675269946455955505e-03,9.188529849052429199e-02
-7.533610612154006958e-02,-3.302339091897010803e-02,-9.957427158951759338e-03,9.214750677347183228e-02
-7.586032897233963013e-02,-3.277058154344558716e-02,-1.023650541901588440e-02,9.240677207708358765e-02
-7.637920230627059937e-02,-3.251951932907104492e-02,-1.051252149045467377e-02,9.266312420368194580e-02
-7.689277827739715576e-02,-3.227026760578155518e-02,-1.078546419739723206e-02,9.291660040616989136e-02
-7.740111649036407471e-02,-3.202270343899726868e-02,-1.105548813939094543e-02,9.316725283861160278e-02
-7.790427654981613159e-02,-3.177689015865325928e-02,-1.132250763475894928e-02,9.341510385274887085e-02
-7.840238511562347412e-02,-3.153276816010475159e-02,-1.158663257956504822e-02,9.366016834974288940e-02
-7.889540493488311768e-02,-3.129028901457786560e-02,-1.184786483645439148e-02,9.390251338481903076e-02
-7.938343286514282227e-02,-3.104954212903976440e-02,-1.210624352097511292e-02,9.414214640855789185e-02
-7.986657321453094482e-02,-3.081041388213634491e-02,-1.236178353428840637e-02,9.437908977270126343e-02
-8.034482598304748535e-02,-3.057291358709335327e-02,-1.261457987129688263e-02,9.461341798305511475e-02
-8.081779628992080688e-02,-3.033719211816787720e-02,-1.286437734961509705e-02,9.484490007162094116e-02
-8.128571510314941406e-02,-3.010318614542484283e-02,-1.311118528246879578e-02,9.507364034652709961e-02
-8.174872398376464844e-02,-2.987078763544559479e-02,-1.335527189075946808e-02,9.529972076416015625e-02
-8.220694214105606079e-02,-2.963998354971408844e-02,-1.359652727842330933e-02,9.552323073148727417e-02
-8.266042172908782959e-02,-2.941082231700420380e-02,-1.383511535823345184e-02,9.574417024850845337e-02
-8.310915529727935791e-02,-2.918324247002601624e-02,-1.407099515199661255e-02,9.596253186464309692e-02
-8.355323970317840576e-02,-2.895724214613437653e-02,-1.430421508848667145e-02,9.617838263511657715e-02
-8.399267494678497314e-02,-2.873279526829719543e-02,-1.453476026654243469e-02,9.639176726341247559e-02
-8.442755043506622314e-02,-2.850992791354656219e-02,-1.476272009313106537e-02,9.660261124372482300e-02
-8.485785126686096191e-02,-2.828856743872165680e-02,-1.498804427683353424e-02,9.681101143360137939e-02
-8.528366684913635254e-02,-2.806875295937061310e-02,-1.521081849932670593e-02,9.701702743768692017e-02
-8.570501953363418579e-02,-2.785043232142925262e-02,-1.543100737035274506e-02,9.722057729959487915e-02
-8.612196892499923706e-02,-2.763368003070354462e-02,-1.564866490662097931e-02,9.742177277803421021e-02
-8.653450012207031250e-02,-2.741837128996849060e-02,-1.586382091045379639e-02,9.762058407068252563e-02
-8.694273233413696289e-02,-2.720454894006252289e-02,-1.607650332152843475e-02,9.781712293624877930e-02
-8.734662830829620361e-02,-2.699216641485691071e-02,-1.628669723868370056e-02,9.801127761602401733e-02
-8.774623274803161621e-02,-2.678126096725463867e-02,-1.649446226656436920e-02,9.820310026407241821e-02
-8.814164996147155762e-02,-2.657184004783630371e-02,-1.669979654252529144e-02,9.839267283678054810e-02
-8.853279054164886475e-02,-2.636380493640899658e-02,-1.690267585217952728e-02,9.857996553182601929e-02
-8.891982585191726685e-02,-2.615725807845592499e-02,-1.710322313010692596e-02,9.876503050327301025e-02
-8.930270373821258545e-02,-2.595208771526813507e-02,-1.730140298604965210e-02,9.894784539937973022e-02
-8.968150615692138672e-02,-2.574833668768405914e-02,-1.749722659587860107e-02,9.912851452827453613e-02
-9.005621820688247681e-02,-2.554596588015556335e-02,-1.769072934985160828e-02,9.930694103240966797e-02
-9.042695909738540649e-02,-2.534497156739234924e-02,-1.788193546235561371e-02,9.948321431875228882e-02
-9.079367667436599731e-02,-2.514539659023284912e-02,-1.807086355984210968e-02,9.965737909078598022e-02
-9.115640074014663696e-02,-2.494712546467781067e-02,-1.825747266411781311e-02,9.982936829328536987e-02
-9.151523560285568237e-02,-2.475023828446865082e-02,-1.844186149537563324e-02,9.999921917915344238e-02
-9.187016636133193970e-02,-2.455473877489566803e-02,-1.862398907542228699e-02,1.001670286059379578e-01
-9.222123026847839355e-02,-2.436052449047565460e-02,-1.880394294857978821e-02,1.003327667713165283e-01
-9.256844967603683472e-02,-2.416763082146644592e-02,-1.898165233433246613e-02,1.004963889718055725e-01
-9.291189163923263550e-02,-2.397609502077102661e-02,-1.915719546377658844e-02,1.006580442190170288e-01
-9.325151145458221436e-02,-2.378584071993827820e-02,-1.933056302368640900e-02,1.008175984025001526e-01
-9.358739107847213745e-02,-2.359690703451633453e-02,-1.950180530548095703e-02,1.009751707315444946e-01
-9.391983598470687866e-02,-2.340912446379661560e-02,-1.967107690870761871e-02,1.011309251189231873e-01
-9.424869716167449951e-02,-2.322263456881046295e-02,-1.983831450343132019e-02,1.012846827507019043e-01
-9.457397460937500000e-02,-2.303742244839668274e-02,-2.000342309474945068e-02,1.014365404844284058e-01
-9.489569067955017090e-02,-2.285341359674930573e-02,-2.016652189195156097e-02,1.015864908695220947e-01
-9.521390497684478760e-02,-2.267063409090042114e-02,-2.032760903239250183e-02,1.017345562577247620e-01
-9.552856534719467163e-02,-2.248908951878547668e-02,-2.048669755458831787e-02,1.018807291984558105e-01
-9.583982080221176147e-02,-2.230872400104999542e-02,-2.064376510679721832e-02,1.020250618457794189e-01
-9.614762663841247559e-02,-2.212959341704845428e-02,-2.079890295863151550e-02,1.021675169467926025e-01
-9.645200520753860474e-02,-2.195159904658794403e-02,-2.095206640660762787e-02,1.023081690073013306e-01
-9.675303846597671509e-02,-2.177485637366771698e-02,-2.110332064330577850e-02,1.024470329284667969e-01
-9.705074131488800049e-02,-2.159924991428852081e-02,-2.125266566872596741e-02,1.025841012597084045e-01
-9.734512865543365479e-02,-2.142479643225669861e-02,-2.140012197196483612e-02,1.027193814516067505e-01
-9.763625264167785645e-02,-2.125149220228195190e-02,-2.154563553631305695e-02,1.028529256582260132e-01
-9.792411327362060547e-02,-2.107935585081577301e-02,-2.168933674693107605e-02,1.029847636818885803e-01
-9.820878505706787109e-02,-2.090835198760032654e-02,-2.183118276298046112e-02,1.031148061156272888e-01
-9.849025309085845947e-02,-2.073845826089382172e-02,-2.197119407355785370e-02,1.032431572675704956e-01
-9.876851737499237061e-02,-2.056965790688991547e-02,-2.210936136543750763e-02,1.033698171377182007e-01
-9.904369711875915527e-02,-2.040200307965278625e-02,-2.224574051797389984e-02,1.034948229789733887e-01
-9.931576251983642578e-02,-2.023541368544101715e-02,-2.238034829497337341e-02,1.036181524395942688e-01
-9.958475828170776367e-02,-2.006992697715759277e-02,-2.251322008669376373e-02,1.037398353219032288e-01
-9.985069930553436279e-02,-1.990549452602863312e-02,-2.264429815113544464e-02,1.038598790764808655e-01
-1.001136079430580139e-01,-1.974216848611831665e-02,-2.277364581823348999e-02,1.039783358573913574e-01
-1.003735512495040894e-01,-1.957987807691097260e-02,-2.290130592882633209e-02,1.040951758623123169e-01
-1.006304621696472168e-01,-1.941861957311630249e-02,-2.302720397710800171e-02,1.042104288935661316e-01
-1.008844673633575439e-01,-1.925849355757236481e-02,-2.315145917236804962e-02,1.043240800499916077e-01
-1.011355891823768616e-01,-1.909930631518363953e-02,-2.327401190996170044e-02,1.044362261891365051e-01
-1.013837829232215881e-01,-1.894117519259452820e-02,-2.339487709105014801e-02,1.045467928051948547e-01
-1.016290932893753052e-01,-1.878409460186958313e-02,-2.351413480937480927e-02,1.046557947993278503e-01
-1.018715724349021912e-01,-1.862796396017074585e-02,-2.363175339996814728e-02,1.047633588314056396e-01
-1.021112576127052307e-01,-1.847288385033607483e-02,-2.374769747257232666e-02,1.048693507909774780e-01
-1.023481190204620361e-01,-1.831879839301109314e-02,-2.386207506060600281e-02,1.049738824367523193e-01
-1.025822088122367859e-01,-1.816567778587341309e-02,-2.397488802671432495e-02,1.050769016146659851e-01
-1.028135493397712708e-01,-1.801355928182601929e-02,-2.408607304096221924e-02,1.051784828305244446e-01
-1.030421257019042969e-01,-1.786246150732040405e-02,-2.419566549360752106e-02,1.052786260843276978e-01
-1.032679677009582520e-01,-1.771225407719612122e-02,-2.430365607142448425e-02,1.053772568702697754e-01
-1.034910976886749268e-01,-1.756306178867816925e-02,-2.441013790667057037e-02,1.054744049906730652e-01
-1.037115752696990967e-01,-1.741483621299266815e-02,-2.451507002115249634e-02,1.055702120065689087e-01
-1.039294078946113586e-01,-1.726749539375305176e-02,-2.461845986545085907e-02,1.056645810604095459e-01
-1.041445881128311157e-01,-1.712113246321678162e-02,-2.472035773098468781e-02,1.057575866580009460e-01
-1.043571978807449341e-01,-1.697568409144878387e-02,-2.482071146368980408e-02,1.058491617441177368e-01
-1.045671701431274414e-01,-1.683120988309383392e-02,-2.491959556937217712e-02,1.059393659234046936e-01
-1.047745943069458008e-01,-1.668763533234596252e-02,-2.501696720719337463e-02,1.060282215476036072e-01
-1.049795001745223999e-01,-1.654497161507606506e-02,-2.511292509734630585e-02,1.061156988143920898e-01
-1.051818057894706726e-01,-1.640320941805839539e-02,-2.520737424492835999e-02,1.062018200755119324e-01
-1.053816378116607666e-01,-1.626235991716384888e-02,-2.530040219426155090e-02,1.062866225838661194e-01
-1.055789515376091003e-01,-1.612234860658645630e-02,-2.539196237921714783e-02,1.063700914382934570e-01
-1.057738214731216431e-01,-1.598329469561576843e-02,-2.548212744295597076e-02,1.064522638916969299e-01
-1.059662401676177979e-01,-1.584510877728462219e-02,-2.557085081934928894e-02,1.065331026911735535e-01
-1.061561778187751770e-01,-1.570777967572212219e-02,-2.565814554691314697e-02,1.066126525402069092e-01
-1.063436716794967651e-01,-1.557135581970214844e-02,-2.574402838945388794e-02,1.066909208893775940e-01
-1.065287739038467407e-01,-1.543579716235399246e-02,-2.582855708897113800e-02,1.067679375410079956e-01
-1.067114993929862976e-01,-1.530104689300060272e-02,-2.591166459023952484e-02,1.068436652421951294e-01
-1.068918183445930481e-01,-1.516721025109291077e-02,-2.599340677261352539e-02,1.069180965423583984e-01
-1.070697680115699768e-01,-1.503418758511543274e-02,-2.607375569641590118e-02,1.069913506507873535e-01
-1.072454005479812622e-01,-1.490200404077768326e-02,-2.615276724100112915e-02,1.070632934570312500e-01
-1.074186488986015320e-01,-1.477073505520820618e-02,-2.623037807643413544e-02,1.071339994668960571e-01
-1.075896099209785461e-01,-1.464023254811763763e-02,-2.630668133497238159e-02,1.072034984827041626e-01
-1.077582538127899170e-01,-1.451055053621530533e-02,-2.638161368668079376e-02,1.072718054056167603e-01
-1.079245880246162415e-01,-1.438172906637191772e-02,-2.645522728562355042e-02,1.073388904333114624e-01
-1.080886423587799072e-01,-1.425371877849102020e-02,-2.652756497263908386e-02,1.074047386646270752e-01
-1.082504317164421082e-01,-1.412652526050806046e-02,-2.659852057695388794e-02,1.074694097042083740e-01
-1.084099560976028442e-01,-1.400013640522956848e-02,-2.666818164288997650e-02,1.075328662991523743e-01
-1.085681840777397156e-01,-1.387427560985088348e-02,-2.673711068928241730e-02,1.075956597924232483e-01
-1.087244153022766113e-01,-1.374914590269327164e-02,-2.680491283535957336e-02,1.076573133468627930e-01
-1.088785752654075623e-01,-1.362476497888565063e-02,-2.687148377299308777e-02,1.077179238200187683e-01
-1.090306192636489868e-01,-1.350108999758958817e-02,-2.693685702979564667e-02,1.077773869037628174e-01
-1.091806367039680481e-01,-1.337825786322355270e-02,-2.700104005634784698e-02,1.078357845544815063e-01
-1.093285977840423584e-01,-1.325611956417560577e-02,-2.706406824290752411e-02,1.078931093215942383e-01
-1.094745993614196777e-01,-1.313467882573604584e-02,-2.712588757276535034e-02,1.079493910074234009e-01
-1.096185445785522461e-01,-1.301400177180767059e-02,-2.718654274940490723e-02,1.080045700073242188e-01
-1.097605526447296143e-01,-1.289405953139066696e-02,-2.724607475101947784e-02,1.080587431788444519e-01
-1.099005788564682007e-01,-1.277477946132421494e-02,-2.730444073677062988e-02,1.081118583679199219e-01
-1.100386381149291992e-01,-1.265628263354301453e-02,-2.736166864633560181e-02,1.081639453768730164e-01
-1.101748570799827576e-01,-1.253842841833829880e-02,-2.741781435906887054e-02,1.082150414586067200e-01
-1.103090196847915649e-01,-1.242126524448394775e-02,-2.747284621000289917e-02,1.082650944590568542e-01
-1.104413866996765137e-01,-1.230484806001186371e-02,-2.752677910029888153e-02,1.083141416311264038e-01
-1.105718389153480530e-01,-1.218907069414854050e-02,-2.757957018911838531e-02,1.083622351288795471e-01
-1.107004061341285706e-01,-1.207401696592569351e-02,-2.763128653168678284e-02,1.084093153476715088e-01
-1.108271926641464233e-01,-1.195961330085992813e-02,-2.768195606768131256e-02,1.084554344415664673e-01
-1.109520494937896729e-01,-1.184585224837064743e-02,-2.773154340684413910e-02,1.085005551576614380e-01
-1.110751777887344360e-01,-1.173281203955411911e-02,-2.778010070323944092e-02,1.085447967052459717e-01
-1.111964210867881775e-01,-1.162039861083030701e-02,-2.782751247286796570e-02,1.085880026221275330e-01
-1.113159060478210449e-01,-1.150865294039249420e-02,-2.787397429347038269e-02,1.086303144693374634e-01
-1.114336326718330383e-01,-1.139753498136997223e-02,-2.791938558220863342e-02,1.086716726422309875e-01
-1.115495860576629639e-01,-1.128707546740770340e-02,-2.796376310288906097e-02,1.087120771408081055e-01
-1.116637885570526123e-01,-1.117723993957042694e-02,-2.800711058080196381e-02,1.087516322731971741e-01
-1.117762625217437744e-01,-1.106808893382549286e-02,-2.804947458207607269e-02,1.087902411818504333e-01
-1.118869930505752563e-01,-1.095951069146394730e-02,-2.809080854058265686e-02,1.088279262185096741e-01
-1.119960844516754150e-01,-1.085157133638858795e-02,-2.813113667070865631e-02,1.088647395372390747e-01
-1.121034249663352966e-01,-1.074426900595426559e-02,-2.817049622535705566e-02,1.089006215333938599e-01
-1.122090741991996765e-01,-1.063756924122571945e-02,-2.820887416601181030e-02,1.089356914162635803e-01
-1.123132705688476562e-01,-1.053144223988056183e-02,-2.824636548757553101e-02,1.089699640870094299e-01
-1.124159097671508789e-01,-1.042586192488670349e-02,-2.828296273946762085e-02,1.090033799409866333e-01
-1.125169619917869568e-01,-1.032085716724395752e-02,-2.831865102052688599e-02,1.090359911322593689e-01
-1.126164123415946960e-01,-1.021649315953254700e-02,-2.835337817668914795e-02,1.090677231550216675e-01
-1.127142608165740967e-01,-1.011267583817243576e-02,-2.838722616434097290e-02,1.090986505150794983e-01
-1.128105670213699341e-01,-1.000944152474403381e-02,-2.842009067535400391e-02,1.091287657618522644e-01
-1.129053309559822083e-01,-9.906735271215438843e-03,-2.845207974314689636e-02,1.091580837965011597e-01
-1.129985451698303223e-01,-9.804617613554000854e-03,-2.848320826888084412e-02,1.091865524649620056e-01
-1.130902320146560669e-01,-9.703093208372592926e-03,-2.851344272494316101e-02,1.092142388224601746e-01
-1.131803989410400391e-01,-9.602107107639312744e-03,-2.854271978139877319e-02,1.092411354184150696e-01
-1.132690683007240295e-01,-9.501689113676548004e-03,-2.857116609811782837e-02,1.092672199010848999e-01
-1.133562773466110229e-01,-9.401837363839149475e-03,-2.859877794981002808e-02,1.092925891280174255e-01
-1.134419888257980347e-01,-9.302481077611446381e-03,-2.862543985247612000e-02,1.093171536922454834e-01
-1.135262325406074524e-01,-9.203639812767505646e-03,-2.865131571888923645e-02,1.093409284949302673e-01
-1.136090606451034546e-01,-9.105406701564788818e-03,-2.867630124092102051e-02,1.093639656901359558e-01
-1.136904358863830566e-01,-9.007629007101058960e-03,-2.870047464966773987e-02,1.093862503767013550e-01
-1.137703955173492432e-01,-8.910458534955978394e-03,-2.872378006577491760e-02,1.094078347086906433e-01
-1.138489246368408203e-01,-8.813785389065742493e-03,-2.874628081917762756e-02,1.094286367297172546e-01
-1.139260604977607727e-01,-8.717572316527366638e-03,-2.876795083284378052e-02,1.094486713409423828e-01
-1.140017881989479065e-01,-8.621928282082080841e-03,-2.878883108496665955e-02,1.094680130481719971e-01
-1.140761822462081909e-01,-8.526774123311042786e-03,-2.880884706974029541e-02,1.094866842031478882e-01
-1.141491755843162537e-01,-8.432136848568916321e-03,-2.882813662290573120e-02,1.095045879483222961e-01
-1.142208650708198547e-01,-8.338012732565402985e-03,-2.884657680988311768e-02,1.095218062400817871e-01
-1.142911463975906372e-01,-8.244330063462257385e-03,-2.886424958705902100e-02,1.095383316278457642e-01
-1.143601089715957642e-01,-8.151207119226455688e-03,-2.888109534978866577e-02,1.095541194081306458e-01
-1.144277676939964294e-01,-8.058503270149230957e-03,-2.889721095561981201e-02,1.095692887902259827e-01
-1.144940778613090515e-01,-7.966348901391029358e-03,-2.891249954700469971e-02,1.095837131142616272e-01
-1.145591139793395996e-01,-7.874659262597560883e-03,-2.892708033323287964e-02,1.095974743366241455e-01
-1.146228760480880737e-01,-7.783439010381698608e-03,-2.894088625907897949e-02,1.096105948090553284e-01
-1.146854832768440247e-01,-7.692642509937286377e-03,-2.895397320389747620e-02,1.096230819821357727e-01
-1.147469431161880493e-01,-7.602278608828783035e-03,-2.896644920110702515e-02,1.096349954605102539e-01
-1.148071512579917908e-01,-7.512362673878669739e-03,-2.897817641496658325e-02,1.096462607383728027e-01
-1.148661822080612183e-01,-7.422918453812599182e-03,-2.898918837308883667e-02,1.096568778157234192e-01
-1.149240285158157349e-01,-7.333863526582717896e-03,-2.899949625134468079e-02,1.096668988466262817e-01
-1.149806603789329529e-01,-7.245334330946207047e-03,-2.900912612676620483e-02,1.096763014793395996e-01
-1.150360852479934692e-01,-7.157181389629840851e-03,-2.901802584528923035e-02,1.096850559115409851e-01
-1.150903478264808655e-01,-7.069517858326435089e-03,-2.902620285749435425e-02,1.096931993961334229e-01
-1.151434481143951416e-01,-6.982257589697837830e-03,-2.903372794389724731e-02,1.097007915377616882e-01
-1.151954233646392822e-01,-6.895443424582481384e-03,-2.904055640101432800e-02,1.097077578306198120e-01
-1.152462065219879150e-01,-6.809034850448369980e-03,-2.904677018523216248e-02,1.097141578793525696e-01
-1.152958869934082031e-01,-6.723049562424421310e-03,-2.905222028493881226e-02,1.097198799252510071e-01
-1.153444275259971619e-01,-6.637468934059143066e-03,-2.905708923935890198e-02,1.097250878810882568e-01
-1.153918802738189697e-01,-6.552339997142553329e-03,-2.906125783920288086e-02,1.097297444939613342e-01
-1.154382079839706421e-01,-6.467623636126518250e-03,-2.906479686498641968e-02,1.097337529063224792e-01
-1.154834479093551636e-01,-6.383281201124191284e-03,-2.906758710741996765e-02,1.097372844815254211e-01
-1.155276298522949219e-01,-6.299363914877176285e-03,-2.906985208392143250e-02,1.097401827573776245e-01
-1.155707314610481262e-01,-6.215847097337245941e-03,-2.907142043113708496e-02,1.097425371408462524e-01
-1.156127527356147766e-01,-6.132677197456359863e-03,-2.907238900661468506e-02,1.097443848848342896e-01
-1.156537011265754700e-01,-6.049934774637222290e-03,-2.907273173332214355e-02,1.097456291317939758e-01
-1.156936138868331909e-01,-5.967605859041213989e-03,-2.907244116067886353e-02,1.097463667392730713e-01
-1.157325357198715210e-01,-5.885657854378223419e-03,-2.907156944274902344e-02,1.097465828061103821e-01
-1.157703921198844910e-01,-5.804067477583885193e-03,-2.907010167837142944e-02,1.097462326288223267e-01
-1.158072352409362793e-01,-5.722885020077228546e-03,-2.906794846057891846e-02,1.097453683614730835e-01
-1.158430576324462891e-01,-5.642066709697246552e-03,-2.906523644924163818e-02,1.097440198063850403e-01
-1.158778965473175049e-01,-5.561601370573043823e-03,-2.906191721558570862e-02,1.097421050071716309e-01
-1.159117147326469421e-01,-5.481541156768798828e-03,-2.905802056193351746e-02,1.097397059202194214e-01
-1.159445866942405701e-01,-5.401853937655687332e-03,-2.905353158712387085e-02,1.097367703914642334e-01
-1.159764528274536133e-01,-5.322477314621210098e-03,-2.904842793941497803e-02,1.097333952784538269e-01
-1.160074248909950256e-01,-5.243513267487287521e-03,-2.904285490512847900e-02,1.097295284271240234e-01
-1.160375326871871948e-01,-5.164843983948230743e-03,-2.903670817613601685e-02,1.097251698374748230e-01
-1.160666719079017639e-01,-5.086502525955438614e-03,-2.903003990650177002e-02,1.097203493118286133e-01
-1.160949021577835083e-01,-5.008518695831298828e-03,-2.902279794216156006e-02,1.097150444984436035e-01
-1.161222457885742188e-01,-4.930912517011165619e-03,-2.901501953601837158e-02,1.097093001008033752e-01
-1.161486580967903137e-01,-4.853600636124610901e-03,-2.900671958923339844e-02,1.097030937671661377e-01
-1.161741763353347778e-01,-4.776648711413145065e-03,-2.899781987071037292e-02,1.096964031457901001e-01
-1.161987632513046265e-01,-4.700026474893093109e-03,-2.898844331502914429e-02,1.096892580389976501e-01
-1.162225082516670227e-01,-4.623742308467626572e-03,-2.897849306464195251e-02,1.096816509962081909e-01
-1.162453591823577881e-01,-4.547751974314451218e-03,-2.896805852651596069e-02,1.096735969185829163e-01
-1.162673458456993103e-01,-4.472145810723304749e-03,-2.895707637071609497e-02,1.096651032567024231e-01
-1.162884682416915894e-01,-4.396826028823852539e-03,-2.894560247659683228e-02,1.096561402082443237e-01
-1.163087636232376099e-01,-4.321835469454526901e-03,-2.893358469009399414e-02,1.096468046307563782e-01
-1.163281723856925964e-01,-4.247133620083332062e-03,-2.892108261585235596e-02,1.096369847655296326e-01
-1.163467913866043091e-01,-4.172799177467823029e-03,-2.890810370445251465e-02,1.096267402172088623e-01
-1.163645461201667786e-01,-4.098745994269847870e-03,-2.889459207653999329e-02,1.096160709857940674e-01
-1.163814812898635864e-01,-4.025007598102092743e-03,-2.888059243559837341e-02,1.096050217747688293e-01
-1.163975819945335388e-01,-3.951570484787225723e-03,-2.886608988046646118e-02,1.095935329794883728e-01
-1.164129078388214111e-01,-3.878440707921981812e-03,-2.885110303759574890e-02,1.095816269516944885e-01
-1.164274215698242188e-01,-3.805632237344980240e-03,-2.883569523692131042e-02,1.095693111419677734e-01
-1.164411380887031555e-01,-3.733067307621240616e-03,-2.881975844502449036e-02,1.095566153526306152e-01
-1.164540573954582214e-01,-3.660799469798803329e-03,-2.880333736538887024e-02,1.095434874296188354e-01
-1.164662092924118042e-01,-3.588870167732238770e-03,-2.878643572330474854e-02,1.095299422740936279e-01
-1.164775788784027100e-01,-3.517204895615577698e-03,-2.876912802457809448e-02,1.095160469412803650e-01
-1.164881736040115356e-01,-3.445869078859686852e-03,-2.875132858753204346e-02,1.095017194747924805e-01
-1.164980307221412659e-01,-3.374779131263494492e-03,-2.873305603861808777e-02,1.094870641827583313e-01
-1.165071055293083191e-01,-3.303993027657270432e-03,-2.871430665254592896e-02,1.094719916582107544e-01
-1.165154501795768738e-01,-3.233456751331686974e-03,-2.869518101215362549e-02,1.094565093517303467e-01
-1.165230125188827515e-01,-3.163233399391174316e-03,-2.867556363344192505e-02,1.094406843185424805e-01
-1.165298894047737122e-01,-3.093285020440816879e-03,-2.865550294518470764e-02,1.094244942069053650e-01
-1.165361776947975159e-01,-3.023499622941017151e-03,-2.863508462905883789e-02,1.094079837203025818e-01
-1.165417432785034180e-01,-2.954071853309869766e-03,-2.861421555280685425e-02,1.093911603093147278e-01
-1.165466159582138062e-01,-2.884883899241685867e-03,-2.859294787049293518e-02,1.093739345669746399e-01
-1.165507882833480835e-01,-2.815909218043088913e-03,-2.857130020856857300e-02,1.093563437461853027e-01
-1.165543049573898315e-01,-2.747225575149059296e-03,-2.854921668767929077e-02,1.093384772539138794e-01
-1.165571212768554688e-01,-2.678784541785717010e-03,-2.852667495608329773e-02,1.093202084302902222e-01
-1.165592521429061890e-01,-2.610604045912623405e-03,-2.850378304719924927e-02,1.093016117811203003e-01
-1.165607124567031860e-01,-2.542685018852353096e-03,-2.848044037818908691e-02,1.092826724052429199e-01
-1.165615245699882507e-01,-2.474995562806725502e-03,-2.845673263072967529e-02,1.092634126543998718e-01
-1.165616586804389954e-01,-2.407592022791504860e-03,-2.843259274959564209e-02,1.092438101768493652e-01
-1.165611669421195984e-01,-2.340399194508790970e-03,-2.840807661414146423e-02,1.092239171266555786e-01
-1.165600195527076721e-01,-2.273449674248695374e-03,-2.838319540023803711e-02,1.092036888003349304e-01
-1.165582463145256042e-01,-2.206753008067607880e-03,-2.835785597562789917e-02,1.091831028461456299e-01
-1.165558695793151855e-01,-2.140263095498085022e-03,-2.833221852779388428e-02,1.091622412204742432e-01
-1.165528073906898499e-01,-2.074067015200853348e-03,-2.830614522099494934e-02,1.091410368680953979e-01
-1.165491640567779541e-01,-2.008044859394431114e-03,-2.827970683574676514e-02,1.091195568442344666e-01
-1.165448874235153198e-01,-1.942284172400832176e-03,-2.825288847088813782e-02,1.090977564454078674e-01
-1.165400445461273193e-01,-1.876746537163853645e-03,-2.822571247816085815e-02,1.090755984187126160e-01
-1.165345162153244019e-01,-1.811448018997907639e-03,-2.819819748401641846e-02,1.090531572699546814e-01
-1.165284961462020874e-01,-1.746357418596744537e-03,-2.817027270793914795e-02,1.090304777026176453e-01
-1.165218055248260498e-01,-1.681523397564888000e-03,-2.814196050167083740e-02,1.090074703097343445e-01
-1.165145337581634521e-01,-1.616888679563999176e-03,-2.811330929398536682e-02,1.089841574430465698e-01
-1.165066659450531006e-01,-1.552483998239040375e-03,-2.808435261249542236e-02,1.089605242013931274e-01
-1.164982542395591736e-01,-1.488242531195282936e-03,-2.805498242378234863e-02,1.089366450905799866e-01
-1.164892613887786865e-01,-1.424263929948210716e-03,-2.802530676126480103e-02,1.089124754071235657e-01
-1.164796724915504456e-01,-1.360504189506173134e-03,-2.799528837203979492e-02,1.088880300521850586e-01
-1.164695918560028076e-01,-1.296957023441791534e-03,-2.796486020088195801e-02,1.088632866740226746e-01
-1.164588928222656250e-01,-1.233574934303760529e-03,-2.793415635824203491e-02,1.088382676243782043e-01
-1.164476573467254639e-01,-1.170479692518711090e-03,-2.790308929979801178e-02,1.088129654526710510e-01
-1.164359748363494873e-01,-1.107511576265096664e-03,-2.787170559167861938e-02,1.087874546647071838e-01
-1.164237037301063538e-01,-1.044753007590770721e-03,-2.784003689885139465e-02,1.087616756558418274e-01
-1.164109632372856140e-01,-9.821732528507709503e-04,-2.780804038047790527e-02,1.087356284260749817e-01
-1.163976788520812988e-01,-9.198170155286788940e-04,-2.777577377855777740e-02,1.087093204259872437e-01
-1.163838878273963928e-01,-8.576437830924987793e-04,-2.774307318031787872e-02,1.086827814579010010e-01
-1.163695529103279114e-01,-7.956735789775848389e-04,-2.771014906466007233e-02,1.086559370160102844e-01
-1.163547635078430176e-01,-7.338728755712509155e-04,-2.767684683203697205e-02,1.086288839578628540e-01
-1.163394153118133545e-01,-6.723063997924327850e-04,-2.764329873025417328e-02,1.086015850305557251e-01
-1.163236349821090698e-01,-6.108600646257400513e-04,-2.760942094027996063e-02,1.085740327835083008e-01
-1.163073256611824036e-01,-5.496477242559194565e-04,-2.757520973682403564e-02,1.085462346673011780e-01
-1.162905320525169373e-01,-4.886430688202381134e-04,-2.754071727395057678e-02,1.085181906819343567e-01
-1.162732839584350586e-01,-4.277797415852546692e-04,-2.750596217811107635e-02,1.084899157285690308e-01
-1.162555217742919922e-01,-3.670928999781608582e-04,-2.747086063027381897e-02,1.084614470601081848e-01
-1.162372827529907227e-01,-3.065899945795536041e-04,-2.743544802069664001e-02,1.084327101707458496e-01
-1.162185966968536377e-01,-2.462938427925109863e-04,-2.739983983337879181e-02,1.084036901593208313e-01
-1.161994636058807373e-01,-1.861373893916606903e-04,-2.736390009522438049e-02,1.083745434880256653e-01
-1.161798164248466492e-01,-1.261676661670207977e-04,-2.732765674591064453e-02,1.083450987935066223e-01
-1.161597818136215210e-01,-6.635067984461784363e-05,-2.729114145040512085e-02,1.083154603838920593e-01
-1.161392629146575928e-01,-6.712973117828369141e-06,-2.725434862077236176e-02,1.082856506109237671e-01
-1.161183118820190430e-01,5.271658301353454590e-05,-2.721729688346385956e-02,1.082555279135704041e-01
-1.160969436168670654e-01,1.120129600167274475e-04,-2.717993967235088348e-02,1.082252487540245056e-01
-1.160751059651374817e-01,1.711356453597545624e-04,-2.714233472943305969e-02,1.081947311758995056e-01
-1.160528361797332764e-01,2.301004715263843536e-04,-2.710446901619434357e-02,1.081640347838401794e-01
-1.160301566123962402e-01,2.889004535973072052e-04,-2.706634439527988434e-02,1.081331446766853333e-01
-1.160070598125457764e-01,3.476012498140335083e-04,-2.702793478965759277e-02,1.081020310521125793e-01
-1.159835606813430786e-01,4.060589708387851715e-04,-2.698923833668231964e-02,1.080707013607025146e-01
-1.159596070647239685e-01,4.644021391868591309e-04,-2.695034071803092957e-02,1.080391556024551392e-01
-1.159352660179138184e-01,5.225688219070434570e-04,-2.691115252673625946e-02,1.080074459314346313e-01
-1.159105151891708374e-01,5.806116387248039246e-04,-2.687174268066883087e-02,1.079755052924156189e-01
-1.158853769302368164e-01,6.384863518178462982e-04,-2.683205902576446533e-02,1.079434081912040710e-01
-1.158598065376281738e-01,6.962213665246963501e-04,-2.679214067757129669e-02,1.079111024737358093e-01
-1.158339008688926697e-01,7.537747733294963837e-04,-2.675198018550872803e-02,1.078786328434944153e-01
-1.158075556159019470e-01,8.111749775707721710e-04,-2.671152912080287933e-02,1.078459396958351135e-01
-1.157808527350425720e-01,8.684555068612098694e-04,-2.667088620364665985e-02,1.078130602836608887e-01
-1.157537624239921570e-01,9.256484918296337128e-04,-2.663002535700798035e-02,1.077800393104553223e-01
-1.157262995839118958e-01,9.826272726058959961e-04,-2.658889815211296082e-02,1.077467873692512512e-01
-1.156984642148017883e-01,1.039504539221525192e-03,-2.654752135276794434e-02,1.077134087681770325e-01
-1.156702563166618347e-01,1.096181105822324753e-03,-2.650590613484382629e-02,1.076798588037490845e-01
-1.156417056918144226e-01,1.152756158262491226e-03,-2.646408975124359131e-02,1.076461002230644226e-01
-1.156127750873565674e-01,1.209211070090532303e-03,-2.642206847667694092e-02,1.076122000813484192e-01
-1.155835092067718506e-01,1.265494152903556824e-03,-2.637979574501514435e-02,1.075781062245368958e-01
-1.155539155006408691e-01,1.321666873991489410e-03,-2.633733302354812622e-02,1.075438559055328369e-01
-1.155239269137382507e-01,1.377705950289964676e-03,-2.629463188350200653e-02,1.075094118714332581e-01
-1.154935956001281738e-01,1.433619763702154160e-03,-2.625167742371559143e-02,1.074748188257217407e-01
-1.154629588127136230e-01,1.489438116550445557e-03,-2.620848640799522400e-02,1.074400469660758972e-01
-1.154319494962692261e-01,1.545066945254802704e-03,-2.616519294679164886e-02,1.074051558971405029e-01
-1.154006049036979675e-01,1.600592397153377533e-03,-2.612160705029964447e-02,1.073701158165931702e-01
-1.153689771890640259e-01,1.655997242778539658e-03,-2.607786096632480621e-02,1.073348894715309143e-01
-1.153370141983032227e-01,1.711272168904542923e-03,-2.603384666144847870e-02,1.072995141148567200e-01
-1.153047159314155579e-01,1.766431145370006561e-03,-2.598969265818595886e-02,1.072640046477317810e-01
-1.152720823884010315e-01,1.821482554078102112e-03,-2.594531141221523285e-02,1.072283089160919189e-01
-1.152391284704208374e-01,1.876349095255136490e-03,-2.590074017643928528e-02,1.071924939751625061e-01
-1.152058541774749756e-01,1.931180711835622787e-03,-2.585597336292266846e-02,1.071565076708793640e-01
-1.151723787188529968e-01,1.985860988497734070e-03,-2.581096254289150238e-02,1.071204096078872681e-01
-1.151385009288787842e-01,2.040429040789604187e-03,-2.576583810150623322e-02,1.070841699838638306e-01
-1.151043400168418884e-01,2.094881609082221985e-03,-2.572044730186462402e-02,1.070478036999702454e-01
-1.150698810815811157e-01,2.149204723536968231e-03,-2.567487955093383789e-02,1.070112064480781555e-01
-1.150351539254188538e-01,2.203377895057201385e-03,-2.562921680510044098e-02,1.069745719432830811e-01
-1.150001212954521179e-01,2.257533371448516846e-03,-2.558325044810771942e-02,1.069377660751342773e-01
-1.149647980928421021e-01,2.311535179615020752e-03,-2.553714439272880554e-02,1.069008633494377136e-01
-1.149292066693305969e-01,2.365404274314641953e-03,-2.549083158373832703e-02,1.068637743592262268e-01
-1.148932874202728271e-01,2.419225405901670456e-03,-2.544438093900680542e-02,1.068265512585639954e-01
-1.148570999503135681e-01,2.472871914505958557e-03,-2.539771981537342072e-02,1.067892685532569885e-01
-1.148206591606140137e-01,2.526450436562299728e-03,-2.535089664161205292e-02,1.067517697811126709e-01
-1.147839426994323730e-01,2.579927910119295120e-03,-2.530388161540031433e-02,1.067141890525817871e-01
-1.147469431161880493e-01,2.633302938193082809e-03,-2.525673806667327881e-02,1.066764816641807556e-01
-1.147096902132034302e-01,2.686568070203065872e-03,-2.520937845110893250e-02,1.066386327147483826e-01
-1.146722063422203064e-01,2.739750780165195465e-03,-2.516187354922294617e-02,1.066007688641548157e-01
-1.146344467997550964e-01,2.792804036289453506e-03,-2.511420287191867828e-02,1.065626740455627441e-01
-1.145963966846466064e-01,2.845793031156063080e-03,-2.506636828184127808e-02,1.065244898200035095e-01
-1.145581752061843872e-01,2.898651175200939178e-03,-2.501835487782955170e-02,1.064862236380577087e-01
-1.145196557044982910e-01,2.951442729681730270e-03,-2.497023157775402069e-02,1.064478009939193726e-01
-1.144808903336524963e-01,3.004136029630899429e-03,-2.492187917232513428e-02,1.064092814922332764e-01
-1.144419088959693909e-01,3.056767862290143967e-03,-2.487341873347759247e-02,1.063706725835800171e-01
-1.144026815891265869e-01,3.109227865934371948e-03,-2.482477575540542603e-02,1.063319519162178040e-01
-1.143632009625434875e-01,3.161652944982051849e-03,-2.477602101862430573e-02,1.062931343913078308e-01
-1.143235117197036743e-01,3.214004449546337128e-03,-2.472709491848945618e-02,1.062541827559471130e-01
-1.142836138606071472e-01,3.266251645982265472e-03,-2.467800676822662354e-02,1.062151417136192322e-01
-1.142434477806091309e-01,3.318398725241422653e-03,-2.462878078222274780e-02,1.061760187149047852e-01
-1.142030730843544006e-01,3.370441496372222900e-03,-2.457939647138118744e-02,1.061367541551589966e-01
-1.141625046730041504e-01,3.422434441745281219e-03,-2.452992461621761322e-02,1.060974523425102234e-01
-1.141217350959777832e-01,3.474321682006120682e-03,-2.448028698563575745e-02,1.060580313205718994e-01
-1.140807345509529114e-01,3.526192158460617065e-03,-2.443050965666770935e-02,1.060185134410858154e-01
-1.140395253896713257e-01,3.577914554625749588e-03,-2.438059076666831970e-02,1.059788763523101807e-01
-1.139980778098106384e-01,3.629557322710752487e-03,-2.433055825531482697e-02,1.059392094612121582e-01
-1.139564812183380127e-01,3.681169822812080383e-03,-2.428034506738185883e-02,1.058994084596633911e-01
-1.139146834611892700e-01,3.732699435204267502e-03,-2.423000335693359375e-02,1.058595404028892517e-01
-1.138726621866226196e-01,3.784117754548788071e-03,-2.417961135506629944e-02,1.058195680379867554e-01
-1.138304844498634338e-01,3.835500683635473251e-03,-2.412903122603893280e-02,1.057795584201812744e-01
-1.137880980968475342e-01,3.886790946125984192e-03,-2.407831326127052307e-02,1.057394444942474365e-01
-1.137455478310585022e-01,3.937964793294668198e-03,-2.402749098837375641e-02,1.056992560625076294e-01
-1.137027814984321594e-01,3.989117220044136047e-03,-2.397655881941318512e-02,1.056589409708976746e-01
-1.136598438024520874e-01,4.040207248181104660e-03,-2.392552606761455536e-02,1.056186035275459290e-01
-1.136167496442794800e-01,4.091208800673484802e-03,-2.387431822717189789e-02,1.055781394243240356e-01
-1.135734841227531433e-01,4.142164252698421478e-03,-2.382308430969715118e-02,1.055376455187797546e-01
-1.135300397872924805e-01,4.193066619336605072e-03,-2.377164550125598907e-02,1.054970994591712952e-01
-1.134864389896392822e-01,4.243839532136917114e-03,-2.372017875313758850e-02,1.054564416408538818e-01
-1.134426817297935486e-01,4.294580779969692230e-03,-2.366853505373001099e-02,1.054157391190528870e-01
-1.133987680077552795e-01,4.345303401350975037e-03,-2.361681684851646423e-02,1.053749546408653259e-01
-1.133546680212020874e-01,4.395891912281513214e-03,-2.356496080756187439e-02,1.053340956568717957e-01
-1.133104562759399414e-01,4.446457140147686005e-03,-2.351302094757556915e-02,1.052931919693946838e-01
-1.132660359144210815e-01,4.496977664530277252e-03,-2.346101775765419006e-02,1.052522137761116028e-01
-1.132215335965156555e-01,4.547399468719959259e-03,-2.340889349579811096e-02,1.052111908793449402e-01
-1.131768599152565002e-01,4.597805440425872803e-03,-2.335663698613643646e-02,1.051701307296752930e-01
-1.131320372223854065e-01,4.648133181035518646e-03,-2.330432273447513580e-02,1.051289737224578857e-01
-1.130871176719665527e-01,4.698392003774642944e-03,-2.325189858675003052e-02,1.050877943634986877e-01
-1.130420416593551636e-01,4.748629406094551086e-03,-2.319939434528350830e-02,1.050465330481529236e-01
-1.129968166351318359e-01,4.798825830221176147e-03,-2.314678765833377838e-02,1.050052195787429810e-01
-1.129515320062637329e-01,4.848946817219257355e-03,-2.309408411383628845e-02,1.049638986587524414e-01
-1.129060238599777222e-01,4.899000748991966248e-03,-2.304132468998432159e-02,1.049224734306335449e-01
-1.128604635596275330e-01,4.949013702571392059e-03,-2.298847213387489319e-02,1.048810407519340515e-01
-1.128147840499877930e-01,4.999002441763877869e-03,-2.293553017079830170e-02,1.048395708203315735e-01
-1.127690225839614868e-01,5.048965103924274445e-03,-2.288257516920566559e-02,1.047980189323425293e-01
-1.127230972051620483e-01,5.098833702504634857e-03,-2.282944321632385254e-02,1.047564744949340820e-01
-1.126771047711372375e-01,5.148706026375293732e-03,-2.277629449963569641e-02,1.047148406505584717e-01
-1.126309782266616821e-01,5.198508501052856445e-03,-2.272304333746433258e-02,1.046731844544410706e-01
-1.125846803188323975e-01,5.248228088021278381e-03,-2.266970276832580566e-02,1.046314835548400879e-01
-1.125379577279090881e-01,5.297821015119552612e-03,-2.261608280241489410e-02,1.045895516872406006e-01
-1.124911308288574219e-01,5.347336642444133759e-03,-2.256237901747226715e-02,1.045475900173187256e-01
-1.124442219734191895e-01,5.396840162575244904e-03,-2.250860072672367096e-02,1.045055910944938660e-01
-1.123970821499824524e-01,5.446275696158409119e-03,-2.245471440255641937e-02,1.044635102152824402e-01
-1.123499199748039246e-01,5.495682358741760254e-03,-2.240076102316379547e-02,1.044214144349098206e-01
-1.123025864362716675e-01,5.545005202293395996e-03,-2.234674245119094849e-02,1.043792888522148132e-01
-1.122551560401916504e-01,5.594310350716114044e-03,-2.229260466992855072e-02,1.043370738625526428e-01
-1.122076362371444702e-01,5.643558688461780548e-03,-2.223842591047286987e-02,1.042948886752128601e-01
-1.121600270271301270e-01,5.692791193723678589e-03,-2.218416705727577209e-02,1.042526066303253174e-01
-1.121122762560844421e-01,5.742000415921211243e-03,-2.212982065975666046e-02,1.042103022336959839e-01
-1.120644286274909973e-01,5.791075527667999268e-03,-2.207538671791553497e-02,1.041679456830024719e-01
-1.120165064930915833e-01,5.840186029672622681e-03,-2.202089130878448486e-02,1.041255965828895569e-01
-1.119684725999832153e-01,5.889242514967918396e-03,-2.196634374558925629e-02,1.040831655263900757e-01
-1.119203194975852966e-01,5.938245914876461029e-03,-2.191176079213619232e-02,1.040407046675682068e-01
-1.118720844388008118e-01,5.987242795526981354e-03,-2.185705304145812988e-02,1.039982512593269348e-01
-1.118237376213073730e-01,6.036164239048957825e-03,-2.180226519703865051e-02,1.039557158946990967e-01
-1.117753237485885620e-01,6.085046567022800446e-03,-2.174744755029678345e-02,1.039131805300712585e-01
-1.117268204689025879e-01,6.133908405900001526e-03,-2.169254049658775330e-02,1.038706228137016296e-01
-1.116782352328300476e-01,6.182751618325710297e-03,-2.163760736584663391e-02,1.038279980421066284e-01
-1.116295680403709412e-01,6.231556646525859833e-03,-2.158260904252529144e-02,1.037853732705116272e-01
-1.115807890892028809e-01,6.280288100242614746e-03,-2.152753621339797974e-02,1.037427037954330444e-01
-1.115319579839706421e-01,6.329017691314220428e-03,-2.147240564227104187e-02,1.037000417709350586e-01
-1.114830672740936279e-01,6.377724930644035339e-03,-2.141721360385417938e-02,1.036573126912117004e-01
-1.114340648055076599e-01,6.426356732845306396e-03,-2.136198058724403381e-02,1.036145910620689392e-01
-1.113849952816963196e-01,6.474964320659637451e-03,-2.130667679011821747e-02,1.035718321800231934e-01
-1.113358810544013977e-01,6.523592397570610046e-03,-2.125129662454128265e-02,1.035290509462356567e-01
-1.112866923213005066e-01,6.572168320417404175e-03,-2.119589410722255707e-02,1.034862399101257324e-01
-1.112373918294906616e-01,6.620705127716064453e-03,-2.114040777087211609e-02,1.034434586763381958e-01
-1.111880838871002197e-01,6.669230759143829346e-03,-2.108489349484443665e-02,1.034006327390670776e-01
-1.111386641860008240e-01,6.717700511217117310e-03,-2.102939970791339874e-02,1.033577919006347656e-01
-1.110892221331596375e-01,6.766180507838726044e-03,-2.097374573349952698e-02,1.033149212598800659e-01
-1.110397279262542725e-01,6.814613007009029388e-03,-2.091809920966625214e-02,1.032720357179641724e-01
-1.109901368618011475e-01,6.863007321953773499e-03,-2.086239680647850037e-02,1.032291427254676819e-01
-1.109405159950256348e-01,6.911399774253368378e-03,-2.080665901303291321e-02,1.031862422823905945e-01
-1.108908504247665405e-01,6.959737278521060944e-03,-2.075085230171680450e-02,1.031433418393135071e-01
-1.108410581946372986e-01,7.008094340562820435e-03,-2.069505117833614349e-02,1.031003892421722412e-01
-1.107912883162498474e-01,7.056401111185550690e-03,-2.063918858766555786e-02,1.030574738979339600e-01
-1.107414513826370239e-01,7.104709744453430176e-03,-2.058328874409198761e-02,1.030145213007926941e-01
-1.106915920972824097e-01,7.152987644076347351e-03,-2.052733115851879120e-02,1.029715910553932190e-01
-1.106416583061218262e-01,7.201195694506168365e-03,-2.047135867178440094e-02,1.029286161065101624e-01
-1.105917319655418396e-01,7.249463349580764771e-03,-2.041534893214702606e-02,1.028856411576271057e-01
-1.105417236685752869e-01,7.297684438526630402e-03,-2.035930566489696503e-02,1.028426960110664368e-01
-1.104916930198669434e-01,7.345881313085556030e-03,-2.030322514474391937e-02,1.027996912598609924e-01
-1.104416400194168091e-01,7.394082844257354736e-03,-2.024710364639759064e-02,1.027567312121391296e-01
-1.103915646672248840e-01,7.442225702106952667e-03,-2.019100263714790344e-02,1.027137786149978638e-01
-1.103414297103881836e-01,7.490369491279125214e-03,-2.013477869331836700e-02,1.026707738637924194e-01
-1.102912873029708862e-01,7.538508623838424683e-03,-2.007863484323024750e-02,1.026277914643287659e-01
-1.102410405874252319e-01,7.586633786559104919e-03,-2.002236619591712952e-02,1.025848239660263062e-01
-1.101908683776855469e-01,7.634764537215232849e-03,-1.996614784002304077e-02,1.025418415665626526e-01
-1.101406514644622803e-01,7.682834751904010773e-03,-1.990987919270992279e-02,1.024988666176795959e-01
-1.100903898477554321e-01,7.730933837592601776e-03,-1.985358260571956635e-02,1.024559140205383301e-01
-1.100401356816291809e-01,7.778987288475036621e-03,-1.979725435376167297e-02,1.024129539728164673e-01
-1.099898070096969604e-01,7.827035151422023773e-03,-1.974092051386833191e-02,1.023700162768363953e-01
-1.099395304918289185e-01,7.875111885368824005e-03,-1.968455873429775238e-02,1.023270636796951294e-01
-1.098892241716384888e-01,7.923181168735027313e-03,-1.962817646563053131e-02,1.022841185331344604e-01
-1.098389029502868652e-01,7.971238344907760620e-03,-1.957177743315696716e-02,1.022411957383155823e-01
-1.097885519266128540e-01,8.019244298338890076e-03,-1.951535791158676147e-02,1.021982431411743164e-01
-1.097382381558418274e-01,8.067268878221511841e-03,-1.945899985730648041e-02,1.021553948521614075e-01
-1.096875295042991638e-01,8.115167729556560516e-03,-1.940229348838329315e-02,1.021122857928276062e-01
-1.096366345882415771e-01,8.162969723343849182e-03,-1.934553682804107666e-02,1.020691469311714172e-01
-1.095856726169586182e-01,8.210761472582817078e-03,-1.928875036537647247e-02,1.020259708166122437e-01
-1.095347404479980469e-01,8.258545771241188049e-03,-1.923190243542194366e-02,1.019828245043754578e-01
-1.094837263226509094e-01,8.306329138576984406e-03,-1.917503960430622101e-02,1.019396409392356873e-01
-1.094327121973037720e-01,8.354068733751773834e-03,-1.911814510822296143e-02,1.018965095281600952e-01
-1.093816012144088745e-01,8.401774801313877106e-03,-1.906122639775276184e-02,1.018532961606979370e-01
-1.093305200338363647e-01,8.449478074908256531e-03,-1.900425367057323456e-02,1.018101572990417480e-01
-1.092793568968772888e-01,8.497230708599090576e-03,-1.894728466868400574e-02,1.017669588327407837e-01
-1.092281788587570190e-01,8.544886484742164612e-03,-1.889026165008544922e-02,1.017237827181816101e-01
-1.091769635677337646e-01,8.592553436756134033e-03,-1.883322745561599731e-02,1.016806289553642273e-01
-1.091257482767105103e-01,8.640189655125141144e-03,-1.877615600824356079e-02,1.016374528408050537e-01
-1.090744435787200928e-01,8.687827736139297485e-03,-1.871903985738754272e-02,1.015942469239234924e-01
-1.090231537818908691e-01,8.735445328056812286e-03,-1.866190880537033081e-02,1.015510708093643188e-01
-1.089718043804168701e-01,8.783025667071342468e-03,-1.860476657748222351e-02,1.015078946948051453e-01
-1.089204400777816772e-01,8.830644190311431885e-03,-1.854759827256202698e-02,1.014647185802459717e-01
-1.088690161705017090e-01,8.878206834197044373e-03,-1.849034801125526428e-02,1.014215201139450073e-01
-1.088175922632217407e-01,8.925786241888999939e-03,-1.843311637639999390e-02,1.013783141970634460e-01
-1.087661087512969971e-01,8.973320946097373962e-03,-1.837583631277084351e-02,1.013351678848266602e-01
-1.087146475911140442e-01,9.020853787660598755e-03,-1.831851527094841003e-02,1.012919694185256958e-01
-1.086630821228027344e-01,9.068384766578674316e-03,-1.826120540499687195e-02,1.012487784028053284e-01
-1.086115390062332153e-01,9.115866385400295258e-03,-1.820385456085205078e-02,1.012055948376655579e-01
-1.085599809885025024e-01,9.163339622318744659e-03,-1.814647018909454346e-02,1.011624336242675781e-01
-1.085083708167076111e-01,9.210813790559768677e-03,-1.808908581733703613e-02,1.011192351579666138e-01
-1.084567308425903320e-01,9.258258156478404999e-03,-1.803164556622505188e-02,1.010760366916656494e-01
-1.084050983190536499e-01,9.305736050009727478e-03,-1.797417178750038147e-02,1.010329052805900574e-01
-1.083533540368080139e-01,9.353136643767356873e-03,-1.791674271225929260e-02,1.009896844625473022e-01
-1.083016172051429749e-01,9.400581009685993195e-03,-1.785922423005104065e-02,1.009465008974075317e-01
-1.082498878240585327e-01,9.447938762605190277e-03,-1.780170574784278870e-02,1.009033247828483582e-01
-1.081981211900711060e-01,9.495368227362632751e-03,-1.774416118860244751e-02,1.008601412177085876e-01
-1.081463173031806946e-01,9.542708285152912140e-03,-1.768655329942703247e-02,1.008169725537300110e-01
-1.080944687128067017e-01,9.590107016265392303e-03,-1.762893423438072205e-02,1.007738038897514343e-01
-1.080425977706909180e-01,9.637431241571903229e-03,-1.757130399346351624e-02,1.007306352257728577e-01
-1.079907268285751343e-01,9.684783406555652618e-03,-1.751364395022392273e-02,1.006874144077301025e-01
-1.079388111829757690e-01,9.732091799378395081e-03,-1.745596155524253845e-02,1.006442829966545105e-01
-1.078868508338928223e-01,9.779405780136585236e-03,-1.739822328090667725e-02,1.006011292338371277e-01
-1.078348755836486816e-01,9.826703928411006927e-03,-1.734054461121559143e-02,1.005579382181167603e-01
-1.077828928828239441e-01,9.873977862298488617e-03,-1.728277280926704407e-02,1.005147919058799744e-01
-1.077308505773544312e-01,9.921254590153694153e-03,-1.722494512796401978e-02,1.004716232419013977e-01
-1.076788157224655151e-01,9.968493133783340454e-03,-1.716718450188636780e-02,1.004284322261810303e-01
-1.076267436146736145e-01,1.001574657857418060e-02,-1.710935682058334351e-02,1.003852933645248413e-01
-1.075745970010757446e-01,1.006295811384916306e-02,-1.705145463347434998e-02,1.003421396017074585e-01
-1.075745970010757446e-01,1.006295811384916306e-02,-1.705145463347434998e-02,1.003421396017074585e-01
-1.075745970010757446e-01,1.006295811384916306e-02,-1.705145463347434998e-02,1.003421396017074585e-01
-1.018433421850204468e-01,8.542101830244064331e-03,-1.332996413111686707e-02,9.838310629129409790e-02
-9.636233747005462646e-02,6.972019560635089874e-03,-9.842626750469207764e-03,9.621451795101165771e-02
-9.110210835933685303e-02,5.384454503655433655e-03,-6.547864526510238647e-03,9.392189234495162964e-02
-8.603982627391815186e-02,3.801561892032623291e-03,-3.414478152990341187e-03,9.156563878059387207e-02
-8.115360140800476074e-02,2.242399379611015320e-03,-4.127658903598785400e-04,8.919818699359893799e-02
-7.643035054206848145e-02,7.156878709793090820e-04,2.473335713148117065e-03,8.684502542018890381e-02
-7.186174392700195312e-02,-7.747232448309659958e-04,5.253067240118980408e-03,8.451872318983078003e-02
-6.743787974119186401e-02,-2.225329633802175522e-03,7.936868816614151001e-03,8.223153650760650635e-02
-6.315375864505767822e-02,-3.634565277025103569e-03,1.053010299801826477e-02,7.998962700366973877e-02
-5.900290980935096741e-02,-5.001703742891550064e-03,1.303875260055065155e-02,7.779772579669952393e-02
-5.498104542493820190e-02,-6.326653063297271729e-03,1.546645909547805786e-02,7.565803080797195435e-02
-5.108377709984779358e-02,-7.609508931636810303e-03,1.781706698238849640e-02,7.357267290353775024e-02
-4.730475693941116333e-02,-8.850866928696632385e-03,2.009558491408824921e-02,7.154268026351928711e-02
-4.363946616649627686e-02,-1.005120109766721725e-02,2.230574749410152435e-02,6.956917047500610352e-02
-4.008556157350540161e-02,-1.121240481734275818e-02,2.444822899997234344e-02,6.764904409646987915e-02
-3.663831204175949097e-02,-1.233515795320272446e-02,2.652682177722454071e-02,6.578283011913299561e-02
-3.329481929540634155e-02,-1.342069543898105621e-02,2.854313328862190247e-02,6.396903842687606812e-02
-3.005197644233703613e-02,-1.447024289518594742e-02,3.049904666841030121e-02,6.220623105764389038e-02
-2.690615504980087280e-02,-1.548487506806850433e-02,3.239704668521881104e-02,6.049356609582901001e-02
-2.385496720671653748e-02,-1.646604388952255249e-02,3.423820063471794128e-02,5.882877111434936523e-02
-2.089499868452548981e-02,-1.741478219628334045e-02,3.602471947669982910e-02,5.721085891127586365e-02
-1.802374236285686493e-02,-1.833214424550533295e-02,3.775808960199356079e-02,5.563851445913314819e-02
-1.523869112133979797e-02,-1.921923272311687469e-02,3.943981230258941650e-02,5.411045625805854797e-02
-1.253697089850902557e-02,-2.007700689136981964e-02,4.107157513499259949e-02,5.262530222535133362e-02
-9.916645474731922150e-03,-2.090626396238803864e-02,4.265462979674339294e-02,5.118232220411300659e-02
-7.374987006187438965e-03,-2.170804142951965332e-02,4.419056326150894165e-02,4.978011921048164368e-02
-4.909504204988479614e-03,-2.248323708772659302e-02,4.568093270063400269e-02,4.841756820678710938e-02
-2.517713233828544617e-03,-2.323282696306705475e-02,4.712717607617378235e-02,4.709343984723091125e-02
-1.972876489162445068e-04,-2.395762689411640167e-02,4.853074997663497925e-02,4.580654576420783997e-02
2.052979543805122375e-03,-2.465814724564552307e-02,4.989238083362579346e-02,4.455649107694625854e-02
4.236020147800445557e-03,-2.533541060984134674e-02,5.121383070945739746e-02,4.334175214171409607e-02
6.354121491312980652e-03,-2.599029988050460815e-02,5.249645560979843140e-02,4.216120019555091858e-02
8.409544825553894043e-03,-2.662354148924350739e-02,5.374167487025260925e-02,4.101375117897987366e-02
1.040446572005748749e-02,-2.723597735166549683e-02,5.495074018836021423e-02,3.989829868078231812e-02
1.233823411166667938e-02,-2.782746776938438416e-02,5.612333863973617554e-02,3.881529718637466431e-02
1.421444863080978394e-02,-2.839922159910202026e-02,5.726158246397972107e-02,3.776289895176887512e-02
1.603505201637744904e-02,-2.895195968449115753e-02,5.836662650108337402e-02,3.674013167619705200e-02
1.780202798545360565e-02,-2.948632463812828064e-02,5.943973362445831299e-02,3.574603050947189331e-02
1.951729878783226013e-02,-3.000304289162158966e-02,6.048208475112915039e-02,3.477960452437400818e-02
2.117974497377872467e-02,-3.050184249877929688e-02,6.149288266897201538e-02,3.384140133857727051e-02
2.279267460107803345e-02,-3.098377957940101624e-02,6.247416883707046509e-02,3.292980045080184937e-02
2.435775659978389740e-02,-3.144949674606323242e-02,6.342697143554687500e-02,3.204392641782760620e-02
2.587664127349853516e-02,-3.189951181411743164e-02,6.435230374336242676e-02,3.118293546140193939e-02
2.735098451375961304e-02,-3.233445435762405396e-02,6.525109708309173584e-02,3.034598007798194885e-02
2.878009527921676636e-02,-3.275410085916519165e-02,6.612295657396316528e-02,2.953341603279113770e-02
3.016643971204757690e-02,-3.315936028957366943e-02,6.696940213441848755e-02,2.874399535357952118e-02
3.151155635714530945e-02,-3.355070203542709351e-02,6.779131293296813965e-02,2.797691710293292999e-02
3.281687200069427490e-02,-3.392860293388366699e-02,6.858955323696136475e-02,2.723139896988868713e-02
3.408376872539520264e-02,-3.429359197616577148e-02,6.936500221490859985e-02,2.650680206716060638e-02
3.531241789460182190e-02,-3.464572876691818237e-02,7.011771947145462036e-02,2.580294385552406311e-02
3.650440648198127747e-02,-3.498555719852447510e-02,7.084859907627105713e-02,2.511910349130630493e-02
3.766091167926788330e-02,-3.531344980001449585e-02,7.155846059322357178e-02,2.445460297167301178e-02
3.878302872180938721e-02,-3.562983870506286621e-02,7.224787771701812744e-02,2.380892448127269745e-02
3.987178578972816467e-02,-3.593503683805465698e-02,7.291756570339202881e-02,2.318146266043186188e-02
4.092822968959808350e-02,-3.622937202453613281e-02,7.356804609298706055e-02,2.257172577083110809e-02
4.195330664515495300e-02,-3.651323541998863220e-02,7.419990748167037964e-02,2.197920903563499451e-02
4.294795542955398560e-02,-3.678692132234573364e-02,7.481372356414794922e-02,2.140336669981479645e-02
4.391311109066009521e-02,-3.705072402954101562e-02,7.541012018918991089e-02,2.084375917911529541e-02
4.484961926937103271e-02,-3.730496764183044434e-02,7.598954439163208008e-02,2.029992826282978058e-02
4.575823247432708740e-02,-3.754988312721252441e-02,7.655240595340728760e-02,1.977148093283176422e-02
4.663973301649093628e-02,-3.778575360774993896e-02,7.709926366806030273e-02,1.925795897841453552e-02
4.749495536088943481e-02,-3.801287338137626648e-02,7.763055711984634399e-02,1.875891909003257751e-02
4.832464829087257385e-02,-3.823147341609001160e-02,7.814674079418182373e-02,1.827403716742992401e-02
4.912947490811347961e-02,-3.844178095459938049e-02,7.864823192358016968e-02,1.780292019248008728e-02
4.991011694073677063e-02,-3.864401951432228088e-02,7.913540303707122803e-02,1.734521053731441498e-02
5.066719651222229004e-02,-3.883842378854751587e-02,7.960861921310424805e-02,1.690052077174186707e-02
5.140129476785659790e-02,-3.902519866824150085e-02,8.006832003593444824e-02,1.646858453750610352e-02
5.211302638053894043e-02,-3.920450061559677124e-02,8.051474392414093018e-02,1.604911126196384430e-02
5.280290544033050537e-02,-3.937654942274093628e-02,8.094827830791473389e-02,1.564176753163337708e-02
5.347300320863723755e-02,-3.954199329018592834e-02,8.137015998363494873e-02,1.524544693529605865e-02
5.412368476390838623e-02,-3.970092907547950745e-02,8.178058266639709473e-02,1.486002840101718903e-02
5.475488305091857910e-02,-3.985337540507316589e-02,8.217957615852355957e-02,1.448548305779695511e-02
5.536720156669616699e-02,-3.999952226877212524e-02,8.256740123033523560e-02,1.412147656083106995e-02
5.596114695072174072e-02,-4.013954102993011475e-02,8.294440805912017822e-02,1.376780774444341660e-02
5.653720349073410034e-02,-4.027359560132026672e-02,8.331093192100524902e-02,1.342412736266851425e-02
5.709588155150413513e-02,-4.040183871984481812e-02,8.366720378398895264e-02,1.309020724147558212e-02
5.763764679431915283e-02,-4.052443802356719971e-02,8.401350677013397217e-02,1.276581082493066788e-02
5.816291272640228271e-02,-4.064153879880905151e-02,8.435009419918060303e-02,1.245069690048694611e-02
5.867210030555725098e-02,-4.075328260660171509e-02,8.467726409435272217e-02,1.214460562914609909e-02
5.916649103164672852e-02,-4.086007922887802124e-02,8.499575406312942505e-02,1.184691116213798523e-02
5.964654684066772461e-02,-4.096205905079841614e-02,8.530585467815399170e-02,1.155724935233592987e-02
6.011223047971725464e-02,-4.105923324823379517e-02,8.560748398303985596e-02,1.127568073570728302e-02
6.056398153305053711e-02,-4.115173593163490295e-02,8.590097725391387939e-02,1.100206095725297928e-02
6.100215762853622437e-02,-4.123971611261367798e-02,8.618645370006561279e-02,1.073606312274932861e-02
6.142714619636535645e-02,-4.132325202226638794e-02,8.646418899297714233e-02,1.047758385539054871e-02
6.183924525976181030e-02,-4.140247777104377747e-02,8.673441410064697266e-02,1.022634841501712799e-02
6.223890185356140137e-02,-4.147754237055778503e-02,8.699731528759002686e-02,9.982222691178321838e-03
6.262631714344024658e-02,-4.154850915074348450e-02,8.725314587354660034e-02,9.745018556714057922e-03
6.300187110900878906e-02,-4.161547869443893433e-02,8.750197291374206543e-02,9.514618664979934692e-03
6.336647272109985352e-02,-4.167873784899711609e-02,8.774437010288238525e-02,9.290423244237899780e-03
6.372067332267761230e-02,-4.173851013183593750e-02,8.798071742057800293e-02,9.072128683328628540e-03
6.406430155038833618e-02,-4.179472848773002625e-02,8.821093291044235229e-02,8.859904482960700989e-03
6.439768522977828979e-02,-4.184748977422714233e-02,8.843508362770080566e-02,8.653490804135799408e-03
6.472107023000717163e-02,-4.189687967300415039e-02,8.865348994731903076e-02,8.452814072370529175e-03
6.503480672836303711e-02,-4.194297268986701965e-02,8.886620402336120605e-02,8.257721550762653351e-03
6.533908098936080933e-02,-4.198592901229858398e-02,8.907343447208404541e-02,8.067926391959190369e-03
6.563416123390197754e-02,-4.202575981616973877e-02,8.927536010742187500e-02,7.883464917540550232e-03
6.592038273811340332e-02,-4.206255078315734863e-02,8.947201073169708252e-02,7.704101502895355225e-03
6.619784981012344360e-02,-4.209641367197036743e-02,8.966363221406936646e-02,7.529733702540397644e-03
6.646719574928283691e-02,-4.212751612067222595e-02,8.985053747892379761e-02,7.360047660768032074e-03
6.672897189855575562e-02,-4.215604066848754883e-02,9.003297239542007446e-02,7.194702047854661942e-03
6.698299944400787354e-02,-4.218190908432006836e-02,9.021098166704177856e-02,7.033850066363811493e-03
6.722952425479888916e-02,-4.220522940158843994e-02,9.038463234901428223e-02,6.877309177070856094e-03
6.746874749660491943e-02,-4.222605004906654358e-02,9.055401384830474854e-02,6.725025363266468048e-03
6.770090013742446899e-02,-4.224447533488273621e-02,9.071932733058929443e-02,6.576813757419586182e-03
6.792613118886947632e-02,-4.226050898432731628e-02,9.088060259819030762e-02,6.432629656046628952e-03
6.814464926719665527e-02,-4.227426275610923767e-02,9.103798866271972656e-02,6.292292848229408264e-03
6.835664808750152588e-02,-4.228576645255088806e-02,9.119161218404769897e-02,6.155768409371376038e-03
6.856225430965423584e-02,-4.229509457945823669e-02,9.134154766798019409e-02,6.022902205586433411e-03
6.876181811094284058e-02,-4.230237007141113281e-02,9.148798882961273193e-02,5.893588066101074219e-03
6.895575672388076782e-02,-4.230765625834465027e-02,9.163116663694381714e-02,5.767541006207466125e-03
6.914407014846801758e-02,-4.231100529432296753e-02,9.177103638648986816e-02,5.644848104566335678e-03
6.932684779167175293e-02,-4.231246933341026306e-02,9.190775454044342041e-02,5.525304470211267471e-03
6.950426101684570312e-02,-4.231207072734832764e-02,9.204146265983581543e-02,5.408902186900377274e-03
6.967649608850479126e-02,-4.230985790491104126e-02,9.217209368944168091e-02,5.295576062053442001e-03
6.984375417232513428e-02,-4.230592027306556702e-02,9.229987859725952148e-02,5.185170099139213562e-03
7.000612467527389526e-02,-4.230026900768280029e-02,9.242482483386993408e-02,5.077611654996871948e-03
7.016375660896301270e-02,-4.229298606514930725e-02,9.254707396030426025e-02,4.972817376255989075e-03
7.031682878732681274e-02,-4.228412359952926636e-02,9.266670793294906616e-02,4.870722070336341858e-03
7.046549022197723389e-02,-4.227371886372566223e-02,9.278377145528793335e-02,4.771233536303043365e-03
7.060989737510681152e-02,-4.226180911064147949e-02,9.289844334125518799e-02,4.674268886446952820e-03
7.075016200542449951e-02,-4.224843904376029968e-02,9.301068633794784546e-02,4.579751752316951752e-03
7.088641822338104248e-02,-4.223367944359779358e-02,9.312070906162261963e-02,4.487543366849422455e-03
7.101880013942718506e-02,-4.221754148602485657e-02,9.322841465473175049e-02,4.397705197334289551e-03
7.114745676517486572e-02,-4.220008105039596558e-02,9.333401918411254883e-02,4.310064483433961868e-03
7.127249240875244141e-02,-4.218133911490440369e-02,9.343757480382919312e-02,4.224601201713085175e-03
7.139405608177185059e-02,-4.216138646006584167e-02,9.353914856910705566e-02,4.141134209930896759e-03
7.151224464178085327e-02,-4.214023798704147339e-02,9.363874793052673340e-02,4.059729631990194321e-03
7.162722200155258179e-02,-4.211788624525070190e-02,9.373652935028076172e-02,3.980237990617752075e-03
7.173900306224822998e-02,-4.209444299340248108e-02,9.383253753185272217e-02,3.902674186974763870e-03
7.184748351573944092e-02,-4.206981509923934937e-02,9.392666816711425781e-02,3.827066859230399132e-03
7.195299863815307617e-02,-4.204411432147026062e-02,9.401899576187133789e-02,3.753243247047066689e-03
7.205556333065032959e-02,-4.201737791299819946e-02,9.410972893238067627e-02,3.681205911561846733e-03
7.215530425310134888e-02,-4.198960587382316589e-02,9.419883787631988525e-02,3.610827727243304253e-03
7.225230336189270020e-02,-4.196086525917053223e-02,9.428633004426956177e-02,3.542129416018724442e-03
7.234662771224975586e-02,-4.193112999200820923e-02,9.437237679958343506e-02,3.475073026493191719e-03
7.243837416172027588e-02,-4.190048947930335999e-02,9.445691108703613281e-02,3.409536322578787804e-03
7.252760231494903564e-02,-4.186892509460449219e-02,9.454006701707839966e-02,3.345504635944962502e-03
7.261440902948379517e-02,-4.183649271726608276e-02,9.462179988622665405e-02,3.282979130744934082e-03
7.269886136054992676e-02,-4.180318489670753479e-02,9.470222890377044678e-02,3.221858991310000420e-03
7.278101146221160889e-02,-4.176903516054153442e-02,9.478130936622619629e-02,3.162156092002987862e-03
7.286096364259719849e-02,-4.173408448696136475e-02,9.485915303230285645e-02,3.103828290477395058e-03
7.293875515460968018e-02,-4.169837385416030884e-02,9.493581950664520264e-02,3.046751022338867188e-03
7.301444560289382935e-02,-4.166185483336448669e-02,9.501124918460845947e-02,2.991000190377235413e-03
7.308808714151382446e-02,-4.162462055683135986e-02,9.508556127548217773e-02,2.936494536697864532e-03
7.315976172685623169e-02,-4.158664867281913757e-02,9.515869617462158203e-02,2.883187495172023773e-03
7.322954386472702026e-02,-4.154795408248901367e-02,9.523078799247741699e-02,2.831044374033808708e-03
7.329748570919036865e-02,-4.150858521461486816e-02,9.530181437730789185e-02,2.780061913654208183e-03
7.336353510618209839e-02,-4.146854951977729797e-02,9.537182748317718506e-02,2.730151638388633728e-03
7.342790067195892334e-02,-4.142785817384719849e-02,9.544081240892410278e-02,2.681379672139883041e-03
7.349173724651336670e-02,-4.138690233230590820e-02,9.550963342189788818e-02,2.632968127727508545e-03
7.355423271656036377e-02,-4.134543240070343018e-02,9.557762742042541504e-02,2.585391979664564133e-03
7.361534237861633301e-02,-4.130341112613677979e-02,9.564486145973205566e-02,2.538721542805433273e-03
7.367515563964843750e-02,-4.126087948679924011e-02,9.571141004562377930e-02,2.492897678166627884e-03
7.373368740081787109e-02,-4.121788218617439270e-02,9.577725827693939209e-02,2.447877544909715652e-03
7.379099726676940918e-02,-4.117440059781074524e-02,9.584238380193710327e-02,2.403562888503074646e-03
7.384718954563140869e-02,-4.113046079874038696e-02,9.590688347816467285e-02,2.360044978559017181e-03
7.390227168798446655e-02,-4.108610376715660095e-02,9.597082436084747314e-02,2.317230217158794403e-03
7.395626604557037354e-02,-4.104130715131759644e-02,9.603409469127655029e-02,2.275108592584729195e-03
7.400928437709808350e-02,-4.099610820412635803e-02,9.609690308570861816e-02,2.233617007732391357e-03
7.406134903430938721e-02,-4.095051437616348267e-02,9.615904837846755981e-02,2.192771993577480316e-03
7.411246746778488159e-02,-4.090455174446105957e-02,9.622077643871307373e-02,2.152541186660528183e-03
7.416268438100814819e-02,-4.085823148488998413e-02,9.628200531005859375e-02,2.112871501594781876e-03
7.421208918094635010e-02,-4.081154242157936096e-02,9.634277224540710449e-02,2.073774812743067741e-03
7.426066696643829346e-02,-4.076456651091575623e-02,9.640309214591979980e-02,2.035229466855525970e-03
7.430847734212875366e-02,-4.071722179651260376e-02,9.646299481391906738e-02,1.997172599658370018e-03
7.435551285743713379e-02,-4.066959023475646973e-02,9.652246534824371338e-02,1.959666842594742775e-03
7.440181076526641846e-02,-4.062164574861526489e-02,9.658157080411911011e-02,1.922620460391044617e-03
7.444746792316436768e-02,-4.057339206337928772e-02,9.664022922515869141e-02,1.886028330773115158e-03
7.449241727590560913e-02,-4.052488505840301514e-02,9.669855237007141113e-02,1.849903957918286324e-03
7.453650981187820435e-02,-4.047599807381629944e-02,9.675642102956771851e-02,1.814386341720819473e-03
7.457980513572692871e-02,-4.042679816484451294e-02,9.681381285190582275e-02,1.779350917786359787e-03
7.462245225906372070e-02,-4.037735238671302795e-02,9.687085449695587158e-02,1.744744833558797836e-03
7.466444373130798340e-02,-4.032760858535766602e-02,9.692754596471786499e-02,1.710606506094336510e-03
7.470578700304031372e-02,-4.027760773897171021e-02,9.698387980461120605e-02,1.676874002441763878e-03
7.474648952484130859e-02,-4.022733867168426514e-02,9.703979641199111938e-02,1.643618335947394371e-03
7.478657364845275879e-02,-4.017680138349533081e-02,9.709547460079193115e-02,1.610742183402180672e-03
7.482601702213287354e-02,-4.012598842382431030e-02,9.715068340301513672e-02,1.578343566507101059e-03
7.486479729413986206e-02,-4.007494077086448669e-02,9.720559418201446533e-02,1.546326791867613792e-03
7.490296661853790283e-02,-4.002360999584197998e-02,9.726017713546752930e-02,1.514777075499296188e-03
7.494051754474639893e-02,-3.997204825282096863e-02,9.731437265872955322e-02,1.483610831201076508e-03
7.497738301753997803e-02,-3.992019221186637878e-02,9.736816585063934326e-02,1.452886965125799179e-03
7.501365244388580322e-02,-3.986809775233268738e-02,9.742163866758346558e-02,1.422576373443007469e-03
7.504923641681671143e-02,-3.981570899486541748e-02,9.747470170259475708e-02,1.392721664160490036e-03
7.508414238691329956e-02,-3.976307064294815063e-02,9.752741456031799316e-02,1.363302348181605339e-03
7.511837780475616455e-02,-3.971018269658088684e-02,9.757973253726959229e-02,1.334342872723937035e-03
7.515190541744232178e-02,-3.965700417757034302e-02,9.763166308403015137e-02,1.305792946368455887e-03
7.518468797206878662e-02,-3.960353881120681763e-02,9.768307209014892578e-02,1.277770847082138062e-03
7.521788030862808228e-02,-3.955014050006866455e-02,9.773485362529754639e-02,1.249569933861494064e-03
7.525137066841125488e-02,-3.949680179357528687e-02,9.778676927089691162e-02,1.221255632117390633e-03
7.528449594974517822e-02,-3.944329172372817993e-02,9.783852845430374146e-02,1.193216536194086075e-03
7.531724870204925537e-02,-3.938960283994674683e-02,9.789001941680908203e-02,1.165408408269286156e-03
7.534959912300109863e-02,-3.933575376868247986e-02,9.794126451015472412e-02,1.137962099164724350e-03
7.538154721260070801e-02,-3.928174450993537903e-02,9.799231588840484619e-02,1.110712997615337372e-03
7.541312277317047119e-02,-3.922756016254425049e-02,9.804321825504302979e-02,1.083741663023829460e-03
7.544439285993576050e-02,-3.917323425412178040e-02,9.809386730194091797e-02,1.057031797245144844e-03
7.547523081302642822e-02,-3.911874070763587952e-02,9.814427793025970459e-02,1.030588988214731216e-03
7.550571858882904053e-02,-3.906406462192535400e-02,9.819450229406356812e-02,1.004400895908474922e-03
7.553581893444061279e-02,-3.900923952460289001e-02,9.824448823928833008e-02,9.785331785678863525e-04
7.556553930044174194e-02,-3.895426541566848755e-02,9.829425811767578125e-02,9.528752416372299194e-04
7.559482753276824951e-02,-3.889911994338035583e-02,9.834381192922592163e-02,9.274971671402454376e-04
7.562379539012908936e-02,-3.884381055831909180e-02,9.839308261871337891e-02,9.023938328027725220e-04
7.565231621265411377e-02,-3.878832235932350159e-02,9.844216704368591309e-02,8.775496389716863632e-04
7.568044215440750122e-02,-3.873268514871597290e-02,9.849100559949874878e-02,8.530190680176019669e-04
7.570815086364746094e-02,-3.867686167359352112e-02,9.853954613208770752e-02,8.287334349006414413e-04
7.573537528514862061e-02,-3.862087428569793701e-02,9.858788549900054932e-02,8.047118317335844040e-04
7.576274126768112183e-02,-3.856487572193145752e-02,9.863625466823577881e-02,7.807633373886346817e-04
7.579048722982406616e-02,-3.850897774100303650e-02,9.868483245372772217e-02,7.566111162304878235e-04
7.581807672977447510e-02,-3.845298662781715393e-02,9.873332083225250244e-02,7.325941696763038635e-04
7.584540545940399170e-02,-3.839689493179321289e-02,9.878170490264892578e-02,7.087604608386754990e-04
7.587254047393798828e-02,-3.834071382880210876e-02,9.883001446723937988e-02,6.850443314760923386e-04
7.589954882860183716e-02,-3.828445076942443848e-02,9.887808561325073242e-02,6.614783778786659241e-04
7.592631876468658447e-02,-3.822807967662811279e-02,9.892618656158447266e-02,6.380716804414987564e-04
7.595292478799819946e-02,-3.817164152860641479e-02,9.897409379482269287e-02,6.147860549390316010e-04
7.597940415143966675e-02,-3.811509907245635986e-02,9.902189671993255615e-02,5.916554946452379227e-04
7.600566744804382324e-02,-3.805847465991973877e-02,9.906959533691406250e-02,5.686504300683736801e-04
7.603180408477783203e-02,-3.800180554389953613e-02,9.911719709634780884e-02,5.457524675875902176e-04
7.605776190757751465e-02,-3.794501721858978271e-02,9.916473180055618286e-02,5.230212118476629257e-04
7.608354091644287109e-02,-3.788819164037704468e-02,9.921213239431381226e-02,5.003800615668296814e-04
7.610921561717987061e-02,-3.783126547932624817e-02,9.925949573516845703e-02,4.778562579303979874e-04
7.613471895456314087e-02,-3.777429834008216858e-02,9.930669516324996948e-02,4.554893821477890015e-04
7.616008818149566650e-02,-3.771722316741943359e-02,9.935382008552551270e-02,4.332507960498332977e-04
7.618530839681625366e-02,-3.766010701656341553e-02,9.940084815025329590e-02,4.110718145966529846e-04
7.621034979820251465e-02,-3.760292008519172668e-02,9.944777190685272217e-02,3.889836370944976807e-04
7.623536884784698486e-02,-3.754565864801406860e-02,9.949462115764617920e-02,3.670458681881427765e-04
7.626047730445861816e-02,-3.748844191431999207e-02,9.954161942005157471e-02,3.450857475399971008e-04
7.628550380468368530e-02,-3.743118792772293091e-02,9.958848357200622559e-02,3.231437876820564270e-04
7.631047070026397705e-02,-3.737386316061019897e-02,9.963529556989669800e-02,3.012609668076038361e-04
7.633537799119949341e-02,-3.731647878885269165e-02,9.968210756778717041e-02,2.794787287712097168e-04
7.636021077632904053e-02,-3.725910186767578125e-02,9.972882270812988281e-02,2.577304840087890625e-04
7.638497650623321533e-02,-3.720168024301528931e-02,9.977550804615020752e-02,2.361373044550418854e-04
7.640972733497619629e-02,-3.714422136545181274e-02,9.982213377952575684e-02,2.145166508853435516e-04
7.643436640501022339e-02,-3.708669915795326233e-02,9.986872971057891846e-02,1.929779537022113800e-04
7.645899802446365356e-02,-3.702919185161590576e-02,9.991531074047088623e-02,1.715058460831642151e-04
7.648359239101409912e-02,-3.697162121534347534e-02,9.996181726455688477e-02,1.500491052865982056e-04
7.650815695524215698e-02,-3.691405057907104492e-02,1.000083088874816895e-01,1.286878250539302826e-04
7.653266191482543945e-02,-3.685640916228294373e-02,1.000547558069229126e-01,1.073069870471954346e-04
7.655717432498931885e-02,-3.679878264665603638e-02,1.001011505722999573e-01,8.603464812040328979e-05
7.658162713050842285e-02,-3.674111887812614441e-02,1.001475900411605835e-01,6.473623216152191162e-05
7.660606503486633301e-02,-3.668345883488655090e-02,1.001939252018928528e-01,4.352815449237823486e-05
7.663050293922424316e-02,-3.662573546171188354e-02,1.002402305603027344e-01,2.233823761343955994e-05
7.665488868951797485e-02,-3.656802326440811157e-02,1.002865657210350037e-01,1.182779669761657715e-06
7.667929679155349731e-02,-3.651027008891105652e-02,1.003328263759613037e-01,-1.993449404835700989e-05
7.670370489358901978e-02,-3.645255416631698608e-02,1.003791391849517822e-01,-4.107318818569183350e-05
7.672806084156036377e-02,-3.639478608965873718e-02,1.004253476858139038e-01,-6.216671317815780640e-05
7.675243169069290161e-02,-3.633697330951690674e-02,1.004715710878372192e-01,-8.317269384860992432e-05
7.677680999040603638e-02,-3.627920895814895630e-02,1.005177646875381470e-01,-1.041949726641178131e-04
7.680116593837738037e-02,-3.622141107916831970e-02,1.005638986825942993e-01,-1.252023503184318542e-04
7.682551443576812744e-02,-3.616361692547798157e-02,1.006101071834564209e-01,-1.462297514081001282e-04
7.684987783432006836e-02,-3.610581532120704651e-02,1.006561964750289917e-01,-1.671668142080307007e-04
7.687424123287200928e-02,-3.604796528816223145e-02,1.007023155689239502e-01,-1.881052739918231964e-04
7.689863443374633789e-02,-3.599014505743980408e-02,1.007484346628189087e-01,-2.090367488563060760e-04
7.692298293113708496e-02,-3.593229874968528748e-02,1.007945314049720764e-01,-2.299738116562366486e-04
7.694737613201141357e-02,-3.587445244193077087e-02,1.008405759930610657e-01,-2.508442848920822144e-04
7.697177678346633911e-02,-3.581660240888595581e-02,1.008866354823112488e-01,-2.717506140470504761e-04
7.699614018201828003e-02,-3.575875237584114075e-02,1.009326428174972534e-01,-2.925791777670383453e-04
7.702053338289260864e-02,-3.570088744163513184e-02,1.009786128997802734e-01,-3.134659491479396820e-04
7.704490423202514648e-02,-3.564301505684852600e-02,1.010246276855468750e-01,-3.343205899000167847e-04
7.706928253173828125e-02,-3.558516502380371094e-02,1.010705679655075073e-01,-3.551286645233631134e-04
7.709367573261260986e-02,-3.552726656198501587e-02,1.011165454983711243e-01,-3.759176470339298248e-04
7.711806893348693848e-02,-3.546940535306930542e-02,1.011624187231063843e-01,-3.967173397541046143e-04
7.714258879423141479e-02,-3.541153669357299805e-02,1.012084484100341797e-01,-4.175570793449878693e-04
7.716710865497589111e-02,-3.535368666052818298e-02,1.012543737888336182e-01,-4.383786581456661224e-04
7.719165086746215820e-02,-3.529585897922515869e-02,1.013003438711166382e-01,-4.592277109622955322e-04
7.721620798110961914e-02,-3.523802012205123901e-02,1.013462841510772705e-01,-4.800478927791118622e-04
7.724080979824066162e-02,-3.518019989132881165e-02,1.013922244310379028e-01,-5.008936859667301178e-04
7.726542651653289795e-02,-3.512237221002578735e-02,1.014381125569343567e-01,-5.217581056058406830e-04
7.729007303714752197e-02,-3.506454080343246460e-02,1.014840304851531982e-01,-5.425792187452316284e-04
7.731473445892333984e-02,-3.500675037503242493e-02,1.015299409627914429e-01,-5.634198896586894989e-04
7.733941078186035156e-02,-3.494894504547119141e-02,1.015758290886878967e-01,-5.842666141688823700e-04
7.736414670944213867e-02,-3.489116206765174866e-02,1.016216576099395752e-01,-6.050984375178813934e-04
7.738886773586273193e-02,-3.483336418867111206e-02,1.016675233840942383e-01,-6.259544752538204193e-04
7.741361111402511597e-02,-3.477558121085166931e-02,1.017133742570877075e-01,-6.468049250543117523e-04
7.743837684392929077e-02,-3.471780195832252502e-02,1.017592251300811768e-01,-6.676651537418365479e-04
7.746316492557525635e-02,-3.466003760695457458e-02,1.018050238490104675e-01,-6.884951144456863403e-04
7.748797535896301270e-02,-3.460225462913513184e-02,1.018508821725845337e-01,-7.093423046171665192e-04
7.751279324293136597e-02,-3.454449772834777832e-02,1.018966436386108398e-01,-7.302258163690567017e-04
7.753764092922210693e-02,-3.448677062988281250e-02,1.019423902034759521e-01,-7.510767318308353424e-04
7.756249606609344482e-02,-3.442902863025665283e-02,1.019881367683410645e-01,-7.718824781477451324e-04
7.758740335702896118e-02,-3.437128663063049316e-02,1.020338684320449829e-01,-7.927771657705307007e-04
7.761225849390029907e-02,-3.431357815861701965e-02,1.020796000957489014e-01,-8.136290125548839569e-04
7.763715088367462158e-02,-3.425584733486175537e-02,1.021253317594528198e-01,-8.344673551619052887e-04
7.766208052635192871e-02,-3.419811651110649109e-02,1.021710038185119629e-01,-8.553215302526950836e-04
7.768698781728744507e-02,-3.414042666554450989e-02,1.022166013717651367e-01,-8.761733770370483398e-04
7.771191000938415527e-02,-3.408271074295043945e-02,1.022622212767601013e-01,-8.970536291599273682e-04
7.773683220148086548e-02,-3.402502834796905518e-02,1.023078262805938721e-01,-9.178747422993183136e-04
7.776176184415817261e-02,-3.396733850240707397e-02,1.023533940315246582e-01,-9.387019090354442596e-04
7.778664678335189819e-02,-3.390963748097419739e-02,1.023990064859390259e-01,-9.595328010618686676e-04
7.781156152486801147e-02,-3.385195881128311157e-02,1.024444252252578735e-01,-9.803739376366138458e-04
7.783648371696472168e-02,-3.379428386688232422e-02,1.024899482727050781e-01,-1.001173630356788635e-03
7.786139100790023804e-02,-3.373658657073974609e-02,1.025353819131851196e-01,-1.021969597786664963e-03
7.788629084825515747e-02,-3.367892280220985413e-02,1.025808230042457581e-01,-1.042750664055347443e-03
7.791114598512649536e-02,-3.362124040722846985e-02,1.026262044906616211e-01,-1.063560601323843002e-03
7.793600112199783325e-02,-3.356354683637619019e-02,1.026714965701103210e-01,-1.084303017705678940e-03
7.796084880828857422e-02,-3.350589424371719360e-02,1.027167737483978271e-01,-1.105063129216432571e-03
7.798562943935394287e-02,-3.344821184873580933e-02,1.027620434761047363e-01,-1.125833950936794281e-03
7.801040261983871460e-02,-3.339052945375442505e-02,1.028072535991668701e-01,-1.146509312093257904e-03
7.803536951541900635e-02,-3.333290293812751770e-02,1.028524637222290039e-01,-1.167324837297201157e-03
7.806043326854705811e-02,-3.327533230185508728e-02,1.028978079557418823e-01,-1.188193913549184799e-03
7.808554172515869141e-02,-3.321778774261474609e-02,1.029431223869323730e-01,-1.209086272865533829e-03
7.811062783002853394e-02,-3.316023573279380798e-02,1.029884070158004761e-01,-1.229972578585147858e-03
7.813574373722076416e-02,-3.310272097587585449e-02,1.030336916446685791e-01,-1.250858418643474579e-03
7.816084474325180054e-02,-3.304516151547431946e-02,1.030788421630859375e-01,-1.271711662411689758e-03
7.818595319986343384e-02,-3.298763185739517212e-02,1.031240373849868774e-01,-1.292593311518430710e-03
7.821103930473327637e-02,-3.293010592460632324e-02,1.031692028045654297e-01,-1.313501503318548203e-03
7.823611050844192505e-02,-3.287259861826896667e-02,1.032143309712409973e-01,-1.334347296506166458e-03
7.826121896505355835e-02,-3.281507641077041626e-02,1.032593771815299988e-01,-1.355199608951807022e-03
7.828624546527862549e-02,-3.275760263204574585e-02,1.033044680953025818e-01,-1.376064959913492203e-03
7.831128686666488647e-02,-3.270009532570838928e-02,1.033494397997856140e-01,-1.396936830133199692e-03
7.833636552095413208e-02,-3.264260664582252502e-02,1.033944413065910339e-01,-1.417765393853187561e-03
7.836136221885681152e-02,-3.258509188890457153e-02,1.034393459558486938e-01,-1.438583713024854660e-03
7.838638126850128174e-02,-3.252761065959930420e-02,1.034842580556869507e-01,-1.459380146116018295e-03
7.841136306524276733e-02,-3.247013688087463379e-02,1.035291031002998352e-01,-1.480239443480968475e-03
7.843635976314544678e-02,-3.241265192627906799e-02,1.035738885402679443e-01,-1.501004211604595184e-03
7.846126705408096313e-02,-3.235517442226409912e-02,1.036186590790748596e-01,-1.521782018244266510e-03
7.848615944385528564e-02,-3.229770436882972717e-02,1.036633849143981934e-01,-1.542522106319665909e-03
7.851105928421020508e-02,-3.224020451307296753e-02,1.037080138921737671e-01,-1.563283614814281464e-03
7.853585481643676758e-02,-3.218271955847740173e-02,1.037525907158851624e-01,-1.584026962518692017e-03
7.856068760156631470e-02,-3.212524205446243286e-02,1.037971526384353638e-01,-1.604725141078233719e-03
7.858543843030929565e-02,-3.206774219870567322e-02,1.038416624069213867e-01,-1.625404693186283112e-03
7.861015200614929199e-02,-3.201026096940040588e-02,1.038861423730850220e-01,-1.646064221858978271e-03
7.863485813140869141e-02,-3.195275366306304932e-02,1.039305478334426880e-01,-1.666706055402755737e-03
7.865946739912033081e-02,-3.189526870846748352e-02,1.039748862385749817e-01,-1.687347423285245895e-03
7.868403941392898560e-02,-3.183775395154953003e-02,1.040191501379013062e-01,-1.707916148006916046e-03
7.870856672525405884e-02,-3.178023546934127808e-02,1.040633171796798706e-01,-1.728471368551254272e-03
7.873303443193435669e-02,-3.172271698713302612e-02,1.041074991226196289e-01,-1.749012153595685959e-03
7.875742018222808838e-02,-3.166517242789268494e-02,1.041515618562698364e-01,-1.769486349076032639e-03
7.878176122903823853e-02,-3.160762786865234375e-02,1.041956022381782532e-01,-1.789936330169439316e-03
7.880600541830062866e-02,-3.155009448528289795e-02,1.042395308613777161e-01,-1.810376998037099838e-03
7.883024215698242188e-02,-3.149250894784927368e-02,1.042833775281906128e-01,-1.830737106502056122e-03
7.885434478521347046e-02,-3.143494203686714172e-02,1.043271422386169434e-01,-1.851070206612348557e-03
7.887839525938034058e-02,-3.137734159827232361e-02,1.043708622455596924e-01,-1.871353946626186371e-03
7.890236377716064453e-02,-3.131971880793571472e-02,1.044145151972770691e-01,-1.891638617962598801e-03
7.892638444900512695e-02,-3.126215189695358276e-02,1.044581681489944458e-01,-1.911925617605447769e-03
7.895079255104064941e-02,-3.120472654700279236e-02,1.045020446181297302e-01,-1.932436600327491760e-03
7.897520065307617188e-02,-3.114731982350349426e-02,1.045457869768142700e-01,-1.953012309968471527e-03
7.899956405162811279e-02,-3.108990192413330078e-02,1.045895367860794067e-01,-1.973509322851896286e-03
7.902391999959945679e-02,-3.103249333798885345e-02,1.046332493424415588e-01,-1.993971876800060272e-03
7.904824614524841309e-02,-3.097509220242500305e-02,1.046768724918365479e-01,-2.014486584812402725e-03
7.907253503799438477e-02,-3.091770038008689880e-02,1.047204583883285522e-01,-2.034964505583047867e-03
7.909677922725677490e-02,-3.086029365658760071e-02,1.047640517354011536e-01,-2.055419608950614929e-03
7.912100851535797119e-02,-3.080289997160434723e-02,1.048075109720230103e-01,-2.075838856399059296e-03
7.914517819881439209e-02,-3.074550256133079529e-02,1.048510074615478516e-01,-2.096293028444051743e-03
7.916932553052902222e-02,-3.068812750279903412e-02,1.048943847417831421e-01,-2.116725314408540726e-03
7.919343560934066772e-02,-3.063071705400943756e-02,1.049377024173736572e-01,-2.137127332389354706e-03
7.921753078699111938e-02,-3.057333827018737793e-02,1.049810051918029785e-01,-2.157477661967277527e-03
7.924155145883560181e-02,-3.051594831049442291e-02,1.050242781639099121e-01,-2.177896909415721893e-03
7.926557213068008423e-02,-3.045856207609176636e-02,1.050674468278884888e-01,-2.198235597461462021e-03
7.928954809904098511e-02,-3.040118515491485596e-02,1.051105558872222900e-01,-2.218543086200952530e-03
7.931348681449890137e-02,-3.034380823373794556e-02,1.051536649465560913e-01,-2.238858491182327271e-03
7.933734357357025146e-02,-3.028641827404499054e-02,1.051966920495033264e-01,-2.259194850921630859e-03
7.936118543148040771e-02,-3.022903390228748322e-02,1.052396297454833984e-01,-2.279476262629032135e-03
7.938500493764877319e-02,-3.017165139317512512e-02,1.052825599908828735e-01,-2.299737650901079178e-03
7.940876483917236328e-02,-3.011428192257881165e-02,1.053254231810569763e-01,-2.319951076060533524e-03
7.943245768547058105e-02,-3.005689010024070740e-02,1.053682193160057068e-01,-2.340161241590976715e-03
7.945616543292999268e-02,-2.999952249228954315e-02,1.054109632968902588e-01,-2.360381186008453369e-03
7.947975397109985352e-02,-2.994211576879024506e-02,1.054535880684852600e-01,-2.380537334829568863e-03
7.950330525636672974e-02,-2.988474443554878235e-02,1.054962575435638428e-01,-2.400708384811878204e-03
7.952684164047241211e-02,-2.982735633850097656e-02,1.055388003587722778e-01,-2.420835196971893311e-03
7.955034077167510986e-02,-2.976996079087257385e-02,1.055813282728195190e-01,-2.440957818180322647e-03
7.957375049591064453e-02,-2.971256710588932037e-02,1.056238114833831787e-01,-2.461053431034088135e-03
7.959711551666259766e-02,-2.965519949793815613e-02,1.056661531329154968e-01,-2.481125295162200928e-03
7.962044328451156616e-02,-2.959777601063251495e-02,1.057084947824478149e-01,-2.501169219613075256e-03
7.964371144771575928e-02,-2.954037487506866455e-02,1.057507395744323730e-01,-2.521167974919080734e-03
7.966692000627517700e-02,-2.948299050331115723e-02,1.057929396629333496e-01,-2.541135996580123901e-03
7.969006896018981934e-02,-2.942556142807006836e-02,1.058350950479507446e-01,-2.561100758612155914e-03
7.971318811178207397e-02,-2.936815470457077026e-02,1.058771610260009766e-01,-2.581065054982900620e-03
7.973624765872955322e-02,-2.931072004139423370e-02,1.059191972017288208e-01,-2.600957639515399933e-03
7.975921034812927246e-02,-2.925331890583038330e-02,1.059611439704895020e-01,-2.620831597596406937e-03
7.978215068578720093e-02,-2.919590100646018982e-02,1.060030311346054077e-01,-2.640717662870883942e-03
7.980525493621826172e-02,-2.913853526115417480e-02,1.060449406504631042e-01,-2.660629339516162872e-03
7.982832938432693481e-02,-2.908123657107353210e-02,1.060868352651596069e-01,-2.680591307580471039e-03
7.985135167837142944e-02,-2.902387827634811401e-02,1.061286926269531250e-01,-2.700604498386383057e-03
7.987438142299652100e-02,-2.896655350923538208e-02,1.061705127358436584e-01,-2.720506861805915833e-03
7.989734411239624023e-02,-2.890921942889690399e-02,1.062122732400894165e-01,-2.740401774644851685e-03
7.992028445005416870e-02,-2.885190583765506744e-02,1.062539294362068176e-01,-2.760326489806175232e-03
7.994318753480911255e-02,-2.879459038376808167e-02,1.062955856323242188e-01,-2.780204638838768005e-03
7.996600866317749023e-02,-2.873729541897773743e-02,1.063371896743774414e-01,-2.800099551677703857e-03
7.998885214328765869e-02,-2.867996320128440857e-02,1.063787192106246948e-01,-2.819955348968505859e-03
8.001164346933364868e-02,-2.862267196178436279e-02,1.064202487468719482e-01,-2.839818596839904785e-03
8.003437519073486328e-02,-2.856537699699401855e-02,1.064615994691848755e-01,-2.859648317098617554e-03
8.005709946155548096e-02,-2.850806340575218201e-02,1.065030544996261597e-01,-2.879478037357330322e-03
8.007981628179550171e-02,-2.845079079270362854e-02,1.065443307161331177e-01,-2.899300307035446167e-03
8.010244369506835938e-02,-2.839349769055843353e-02,1.065856963396072388e-01,-2.919091843068599701e-03
8.012503385543823242e-02,-2.833622321486473083e-02,1.066268533468246460e-01,-2.938874997198581696e-03
8.014763891696929932e-02,-2.827893942594528198e-02,1.066680625081062317e-01,-2.958659082651138306e-03
8.017018437385559082e-02,-2.822166681289672852e-02,1.067092120647430420e-01,-2.978411503136157990e-03
8.019265532493591309e-02,-2.816439419984817505e-02,1.067503243684768677e-01,-2.998156473040580750e-03
8.021517097949981689e-02,-2.810712344944477081e-02,1.067913323640823364e-01,-3.017887473106384277e-03
8.023759722709655762e-02,-2.804988250136375427e-02,1.068323105573654175e-01,-3.037586808204650879e-03
8.026003837585449219e-02,-2.799260616302490234e-02,1.068732514977455139e-01,-3.057307563722133636e-03
8.028240501880645752e-02,-2.793536335229873657e-02,1.069142073392868042e-01,-3.077002242207527161e-03
8.030474931001663208e-02,-2.787810750305652618e-02,1.069550067186355591e-01,-3.096714615821838379e-03
8.032707870006561279e-02,-2.782087400555610657e-02,1.069958209991455078e-01,-3.116380423307418823e-03
8.034934103488922119e-02,-2.776364423334598541e-02,1.070365384221076965e-01,-3.136068582534790039e-03
8.037161827087402344e-02,-2.770642563700675964e-02,1.070772930979728699e-01,-3.155691549181938171e-03
8.039381355047225952e-02,-2.764920331537723541e-02,1.071179136633872986e-01,-3.175319172441959381e-03
8.041602373123168945e-02,-2.759197913110256195e-02,1.071585565805435181e-01,-3.194962628185749054e-03
8.043815940618515015e-02,-2.753478474915027618e-02,1.071991249918937683e-01,-3.214597702026367188e-03
8.046030253171920776e-02,-2.747755683958530426e-02,1.072396636009216309e-01,-3.234190866351127625e-03
8.048240840435028076e-02,-2.742036059498786926e-02,1.072800755500793457e-01,-3.253753297030925751e-03
8.050446212291717529e-02,-2.736315503716468811e-02,1.073205545544624329e-01,-3.273372538387775421e-03
8.052650839090347290e-02,-2.730597555637359619e-02,1.073609739542007446e-01,-3.292962908744812012e-03
8.054851740598678589e-02,-2.724879793822765350e-02,1.074012964963912964e-01,-3.312510438263416290e-03
8.057051151990890503e-02,-2.719162590801715851e-02,1.074415743350982666e-01,-3.332060761749744415e-03
8.059246838092803955e-02,-2.713445574045181274e-02,1.074818372726440430e-01,-3.351626917719841003e-03
8.061438798904418945e-02,-2.707728743553161621e-02,1.075220555067062378e-01,-3.371133469045162201e-03
8.063623309135437012e-02,-2.702011913061141968e-02,1.075621098279953003e-01,-3.390623256564140320e-03
8.065798878669738770e-02,-2.696294337511062622e-02,1.076021939516067505e-01,-3.410139121115207672e-03
8.067975938320159912e-02,-2.690580859780311584e-02,1.076421886682510376e-01,-3.429616801440715790e-03
8.070150017738342285e-02,-2.684865519404411316e-02,1.076821982860565186e-01,-3.449073992669582367e-03
8.072321116924285889e-02,-2.679149992763996124e-02,1.077220886945724487e-01,-3.468513488769531250e-03
8.074486255645751953e-02,-2.673434466123580933e-02,1.077619940042495728e-01,-3.487996757030487061e-03
8.076649904251098633e-02,-2.667725086212158203e-02,1.078018099069595337e-01,-3.507424145936965942e-03
8.078810572624206543e-02,-2.662011608481407166e-02,1.078415662050247192e-01,-3.526821732521057129e-03
8.080969750881195068e-02,-2.656297758221626282e-02,1.078813374042510986e-01,-3.546237014234066010e-03
8.083121478557586670e-02,-2.650588005781173706e-02,1.079210042953491211e-01,-3.565630875527858734e-03
8.085271716117858887e-02,-2.644877880811691284e-02,1.079606339335441589e-01,-3.585030324757099152e-03
8.087423443794250488e-02,-2.639165893197059631e-02,1.080002784729003906e-01,-3.604395315051078796e-03
8.089566230773925781e-02,-2.633456885814666748e-02,1.080398410558700562e-01,-3.623786382377147675e-03
8.091707527637481689e-02,-2.627747878432273865e-02,1.080793514847755432e-01,-3.643134608864784241e-03
8.093846589326858521e-02,-2.622038871049880981e-02,1.081188023090362549e-01,-3.662504255771636963e-03
8.095986396074295044e-02,-2.616331726312637329e-02,1.081582158803939819e-01,-3.681818954646587372e-03
8.098118007183074951e-02,-2.610628306865692139e-02,1.081975996494293213e-01,-3.701201640069484711e-03
8.100248128175735474e-02,-2.604921162128448486e-02,1.082369387149810791e-01,-3.720523789525032043e-03
8.102375268936157227e-02,-2.599214762449264526e-02,1.082762181758880615e-01,-3.739788196980953217e-03
8.104500174522399902e-02,-2.593513205647468567e-02,1.083154901862144470e-01,-3.759120590984821320e-03
8.106623589992523193e-02,-2.587807551026344299e-02,1.083546876907348633e-01,-3.778418526053428650e-03
8.108744025230407715e-02,-2.582104317843914032e-02,1.083938628435134888e-01,-3.797727636992931366e-03
8.110859990119934082e-02,-2.576401643455028534e-02,1.084329187870025635e-01,-3.816972486674785614e-03
8.112972974777221680e-02,-2.570700645446777344e-02,1.084720343351364136e-01,-3.836244344711303711e-03
8.115086704492568970e-02,-2.565001882612705231e-02,1.085110902786254883e-01,-3.855518065392971039e-03
8.117193728685379028e-02,-2.559299767017364502e-02,1.085500568151473999e-01,-3.874771296977996826e-03
8.119301497936248779e-02,-2.553599141538143158e-02,1.085890382528305054e-01,-3.894029185175895691e-03
8.121409267187118530e-02,-2.547901868820190430e-02,1.086279451847076416e-01,-3.913271240890026093e-03
8.123510330915451050e-02,-2.542205713689327240e-02,1.086668223142623901e-01,-3.932477906346321106e-03
8.125609159469604492e-02,-2.536509186029434204e-02,1.087056845426559448e-01,-3.951755352318286896e-03
8.127707988023757935e-02,-2.530810981988906860e-02,1.087444424629211426e-01,-3.970944322645664215e-03
8.129802346229553223e-02,-2.525117248296737671e-02,1.087832599878311157e-01,-3.990173339843750000e-03
8.131894469261169434e-02,-2.519425377249717712e-02,1.088219434022903442e-01,-4.009355790913105011e-03
8.133985102176666260e-02,-2.513733133673667908e-02,1.088606417179107666e-01,-4.028578288853168488e-03
8.136074990034103394e-02,-2.508039399981498718e-02,1.088993027806282043e-01,-4.047765396535396576e-03
8.138158917427062988e-02,-2.502346411347389221e-02,1.089379042387008667e-01,-4.066959954798221588e-03
8.140233904123306274e-02,-2.496651560068130493e-02,1.089764237403869629e-01,-4.086080007255077362e-03
8.142300695180892944e-02,-2.490961737930774689e-02,1.090148240327835083e-01,-4.105240106582641602e-03
8.144368976354598999e-02,-2.485268935561180115e-02,1.090532541275024414e-01,-4.124292172491550446e-03
8.146435022354125977e-02,-2.479575946927070618e-02,1.090916395187377930e-01,-4.143394529819488525e-03
8.148490637540817261e-02,-2.473885752260684967e-02,1.091299653053283691e-01,-4.162487573921680450e-03
8.150550723075866699e-02,-2.468194067478179932e-02,1.091682165861129761e-01,-4.181561991572380066e-03
8.152606338262557983e-02,-2.462504245340824127e-02,1.092064306139945984e-01,-4.200587980449199677e-03
8.154652267694473267e-02,-2.456814423203468323e-02,1.092446371912956238e-01,-4.219632595777511597e-03
8.156703412532806396e-02,-2.451128698885440826e-02,1.092827320098876953e-01,-4.238688386976718903e-03
8.158748596906661987e-02,-2.445438876748085022e-02,1.093208789825439453e-01,-4.257710650563240051e-03
8.160787820816040039e-02,-2.439752966165542603e-02,1.093589961528778076e-01,-4.276750609278678894e-03
8.162827789783477783e-02,-2.434067241847515106e-02,1.093969792127609253e-01,-4.295771010220050812e-03
8.164863288402557373e-02,-2.428380772471427917e-02,1.094349473714828491e-01,-4.314756020903587341e-03
8.166895806789398193e-02,-2.422693371772766113e-02,1.094729155302047729e-01,-4.333735443651676178e-03
8.168923854827880859e-02,-2.417009696364402771e-02,1.095107421278953552e-01,-4.352689720690250397e-03
8.170951902866363525e-02,-2.411324158310890198e-02,1.095485985279083252e-01,-4.371650516986846924e-03
8.172971010208129883e-02,-2.405641041696071625e-02,1.095863804221153259e-01,-4.390630871057510376e-03
8.174991607666015625e-02,-2.399960160255432129e-02,1.096241474151611328e-01,-4.409538581967353821e-03
8.177008479833602905e-02,-2.394274994730949402e-02,1.096619069576263428e-01,-4.428448155522346497e-03
8.179019391536712646e-02,-2.388594672083854675e-02,1.096995547413825989e-01,-4.447415471076965332e-03
8.181031048297882080e-02,-2.382913418114185333e-02,1.097372174263000488e-01,-4.466303624212741852e-03
8.183036744594573975e-02,-2.377232536673545837e-02,1.097747534513473511e-01,-4.485202021896839142e-03
8.185042440891265869e-02,-2.371551468968391418e-02,1.098123490810394287e-01,-4.504065029323101044e-03
8.187045156955718994e-02,-2.365872636437416077e-02,1.098498404026031494e-01,-4.522951319813728333e-03
8.189044892787933350e-02,-2.360194362699985504e-02,1.098872870206832886e-01,-4.541791975498199463e-03
8.191032707691192627e-02,-2.354514971375465393e-02,1.099247038364410400e-01,-4.560657776892185211e-03
8.193026483058929443e-02,-2.348837256431579590e-02,1.099620461463928223e-01,-4.579443484544754028e-03
8.195015788078308105e-02,-2.343159168958663940e-02,1.099994331598281860e-01,-4.598283208906650543e-03
8.196999132633209229e-02,-2.337483130395412445e-02,1.100367382168769836e-01,-4.617116414010524750e-03
8.198983222246170044e-02,-2.331806346774101257e-02,1.100739687681198120e-01,-4.635915160179138184e-03
8.200959861278533936e-02,-2.326131612062454224e-02,1.101111918687820435e-01,-4.654666408896446228e-03
8.202934265136718750e-02,-2.320456877350807190e-02,1.101483702659606934e-01,-4.673464223742485046e-03
8.204907178878784180e-02,-2.314782515168190002e-02,1.101854667067527771e-01,-4.692225717008113861e-03
8.206879347562789917e-02,-2.309109829366207123e-02,1.102225854992866516e-01,-4.710958339273929596e-03
8.208844810724258423e-02,-2.303434722125530243e-02,1.102596372365951538e-01,-4.729696549475193024e-03
8.210805058479309082e-02,-2.297760918736457825e-02,1.102965921163558960e-01,-4.748402163386344910e-03
8.212766051292419434e-02,-2.292090281844139099e-02,1.103335916996002197e-01,-4.767131991684436798e-03
8.214721083641052246e-02,-2.286419831216335297e-02,1.103704869747161865e-01,-4.785804077982902527e-03
8.216672390699386597e-02,-2.280746772885322571e-02,1.104073673486709595e-01,-4.804513417184352875e-03
8.218620717525482178e-02,-2.275074832141399384e-02,1.104441583156585693e-01,-4.823190160095691681e-03
8.220567554235458374e-02,-2.269404195249080658e-02,1.104809567332267761e-01,-4.841839894652366638e-03
8.222510665655136108e-02,-2.263735048472881317e-02,1.105177104473114014e-01,-4.860470071434974670e-03
8.224450051784515381e-02,-2.258064970374107361e-02,1.105544567108154297e-01,-4.879146814346313477e-03
8.226385712623596191e-02,-2.252396382391452789e-02,1.105910986661911011e-01,-4.897736944258213043e-03
8.228317648172378540e-02,-2.246729843318462372e-02,1.106277406215667725e-01,-4.916372708976268768e-03
8.230249583721160889e-02,-2.241062000393867493e-02,1.106643080711364746e-01,-4.934947937726974487e-03
8.232171088457107544e-02,-2.235395275056362152e-02,1.107008457183837891e-01,-4.953531548380851746e-03
8.234098553657531738e-02,-2.229729294776916504e-02,1.107373312115669250e-01,-4.972101189196109772e-03
8.236017823219299316e-02,-2.224059775471687317e-02,1.107737571001052856e-01,-4.990653134882450104e-03
8.237932622432708740e-02,-2.218394912779331207e-02,1.108101755380630493e-01,-5.009188316762447357e-03
8.239843696355819702e-02,-2.212730236351490021e-02,1.108465343713760376e-01,-5.027713254094123840e-03
8.241753280162811279e-02,-2.207065001130104065e-02,1.108828485012054443e-01,-5.046219564974308014e-03
8.243657648563385010e-02,-2.201400510966777802e-02,1.109191700816154480e-01,-5.064705386757850647e-03
8.245559781789779663e-02,-2.195735648274421692e-02,1.109553873538970947e-01,-5.083251744508743286e-03
8.247458189725875854e-02,-2.190073579549789429e-02,1.109916269779205322e-01,-5.101671442389488220e-03
8.249355852603912354e-02,-2.184411510825157166e-02,1.110277622938156128e-01,-5.120125599205493927e-03
8.251248300075531006e-02,-2.178747579455375671e-02,1.110638976097106934e-01,-5.138608627021312714e-03
8.253137767314910889e-02,-2.173082157969474792e-02,1.110999956727027893e-01,-5.157005973160266876e-03
8.255021274089813232e-02,-2.167420275509357452e-02,1.111360639333724976e-01,-5.175428465008735657e-03
8.256903290748596191e-02,-2.161761373281478882e-02,1.111719906330108643e-01,-5.193837918341159821e-03
8.258779346942901611e-02,-2.156099490821361542e-02,1.112079471349716187e-01,-5.212215706706047058e-03
8.260655403137207031e-02,-2.150439284741878510e-02,1.112438887357711792e-01,-5.230593495070934296e-03
8.262528479099273682e-02,-2.144777588546276093e-02,1.112797558307647705e-01,-5.248957313597202301e-03
8.264395594596862793e-02,-2.139118313789367676e-02,1.113155409693717957e-01,-5.267268046736717224e-03
8.266258984804153442e-02,-2.133458480238914490e-02,1.113513410091400146e-01,-5.285616032779216766e-03
8.268119394779205322e-02,-2.127799205482006073e-02,1.113871186971664429e-01,-5.303920246660709381e-03
8.269977569580078125e-02,-2.122139558196067810e-02,1.114228516817092896e-01,-5.322196520864963531e-03
8.271829783916473389e-02,-2.116481587290763855e-02,1.114584654569625854e-01,-5.340517498552799225e-03
8.273682743310928345e-02,-2.110824733972549438e-02,1.114941090345382690e-01,-5.358760245144367218e-03
8.275530487298965454e-02,-2.105165831744670868e-02,1.115297377109527588e-01,-5.377026274800300598e-03
8.277371525764465332e-02,-2.099507302045822144e-02,1.115652471780776978e-01,-5.395240150392055511e-03
8.279211819171905518e-02,-2.093851007521152496e-02,1.116007417440414429e-01,-5.413467995822429657e-03
8.281049132347106934e-02,-2.088194340467453003e-02,1.116362065076828003e-01,-5.431677214801311493e-03
8.282887935638427734e-02,-2.082538232207298279e-02,1.116716712713241577e-01,-5.449879914522171021e-03
8.284720033407211304e-02,-2.076884545385837555e-02,1.117070913314819336e-01,-5.468122661113739014e-03
8.286550641059875488e-02,-2.071233466267585754e-02,1.117424294352531433e-01,-5.486276000738143921e-03
8.288380503654479980e-02,-2.065578475594520569e-02,1.117777675390243530e-01,-5.504451692104339600e-03
8.290200680494308472e-02,-2.059925347566604614e-02,1.118130460381507874e-01,-5.522641353309154510e-03
8.292024582624435425e-02,-2.054273523390293121e-02,1.118482723832130432e-01,-5.540768615901470184e-03
8.293844759464263916e-02,-2.048621699213981628e-02,1.118834614753723145e-01,-5.558895878493785858e-03
8.295655995607376099e-02,-2.042970806360244751e-02,1.119186878204345703e-01,-5.577040836215019226e-03
8.297471702098846436e-02,-2.037320658564567566e-02,1.119538247585296631e-01,-5.595119670033454895e-03
8.299279212951660156e-02,-2.031669020652770996e-02,1.119889020919799805e-01,-5.613263696432113647e-03
8.301085978746414185e-02,-2.026020362973213196e-02,1.120239719748497009e-01,-5.631319247186183929e-03
8.302886784076690674e-02,-2.020369842648506165e-02,1.120590418577194214e-01,-5.649424158036708832e-03
8.304686844348907471e-02,-2.014720812439918518e-02,1.120940297842025757e-01,-5.667487159371376038e-03
8.306483924388885498e-02,-2.009073831140995026e-02,1.121289581060409546e-01,-5.685498937964439392e-03
8.308279514312744141e-02,-2.003423497080802917e-02,1.121638640761375427e-01,-5.703542381525039673e-03
8.310070633888244629e-02,-1.997776702046394348e-02,1.121987551450729370e-01,-5.721552297472953796e-03
8.311855792999267578e-02,-1.992129907011985779e-02,1.122335717082023621e-01,-5.739589221775531769e-03
8.313639461994171143e-02,-1.986483111977577209e-02,1.122683957219123840e-01,-5.757569335401058197e-03
8.315425366163253784e-02,-1.980837062001228333e-02,1.123031377792358398e-01,-5.775539204478263855e-03
8.317203074693679810e-02,-1.975190825760364532e-02,1.123378872871398926e-01,-5.793512798845767975e-03
8.318978548049926758e-02,-1.969549059867858887e-02,1.123725920915603638e-01,-5.811473354697227478e-03
8.320750296115875244e-02,-1.963903009891510010e-02,1.124072447419166565e-01,-5.829452537000179291e-03
8.322519809007644653e-02,-1.958258077502250671e-02,1.124418973922729492e-01,-5.847373977303504944e-03
8.324287086725234985e-02,-1.952613890171051025e-02,1.124764531850814819e-01,-5.865286104381084442e-03
8.326050639152526855e-02,-1.946972683072090149e-02,1.125109940767288208e-01,-5.883185192942619324e-03
8.327811956405639648e-02,-1.941328868269920349e-02,1.125455126166343689e-01,-5.901082418859004974e-03
8.329570293426513672e-02,-1.935688406229019165e-02,1.125800013542175293e-01,-5.918925628066062927e-03
8.331325650215148926e-02,-1.930047571659088135e-02,1.126144081354141235e-01,-5.936844274401664734e-03
8.333078771829605103e-02,-1.924405060708522797e-02,1.126488447189331055e-01,-5.954691208899021149e-03
8.334826678037643433e-02,-1.918765529990196228e-02,1.126832365989685059e-01,-5.972532555460929871e-03
8.336575329303741455e-02,-1.913125067949295044e-02,1.127175241708755493e-01,-5.990330129861831665e-03
8.338321745395660400e-02,-1.907485164701938629e-02,1.127519086003303528e-01,-6.008175201714038849e-03
8.340060710906982422e-02,-1.901844888925552368e-02,1.127861589193344116e-01,-6.025994196534156799e-03
8.341798931360244751e-02,-1.896208152174949646e-02,1.128203868865966797e-01,-6.043758243322372437e-03
8.343532681465148926e-02,-1.890568993985652924e-02,1.128545999526977539e-01,-6.061549298465251923e-03
8.345267176628112793e-02,-1.884931698441505432e-02,1.128887236118316650e-01,-6.079324521124362946e-03
8.346997201442718506e-02,-1.879295147955417633e-02,1.129228994250297546e-01,-6.097072735428810120e-03
8.348725736141204834e-02,-1.873659715056419373e-02,1.129570156335830688e-01,-6.114833988249301910e-03
8.350448310375213623e-02,-1.868022233247756958e-02,1.129910722374916077e-01,-6.132557056844234467e-03
8.352171629667282104e-02,-1.862386986613273621e-02,1.130250841379165649e-01,-6.150286644697189331e-03
8.353890478610992432e-02,-1.856751367449760437e-02,1.130590587854385376e-01,-6.167971529066562653e-03
8.355606347322463989e-02,-1.851116120815277100e-02,1.130930334329605103e-01,-6.185691803693771362e-03
8.357318490743637085e-02,-1.845482550561428070e-02,1.131269931793212891e-01,-6.203360855579376221e-03
8.359031379222869873e-02,-1.839850284159183502e-02,1.131608709692955017e-01,-6.221055984497070312e-03
8.360739797353744507e-02,-1.834217458963394165e-02,1.131947785615921021e-01,-6.238700821995735168e-03
8.362441509962081909e-02,-1.828584447503089905e-02,1.132285743951797485e-01,-6.256349384784698486e-03
8.364146947860717773e-02,-1.822954043745994568e-02,1.132623702287673950e-01,-6.273978389799594879e-03
8.365845680236816406e-02,-1.817320659756660461e-02,1.132961660623550415e-01,-6.291611120104789734e-03
8.367545902729034424e-02,-1.811691187322139740e-02,1.133299320936203003e-01,-6.309190765023231506e-03
8.369237929582595825e-02,-1.806060597300529480e-02,1.133636236190795898e-01,-6.326817907392978668e-03
8.370932936668395996e-02,-1.800429075956344604e-02,1.133972853422164917e-01,-6.344400346279144287e-03
8.372624218463897705e-02,-1.794802211225032806e-02,1.134309321641921997e-01,-6.361976265907287598e-03
8.374311029911041260e-02,-1.789174601435661316e-02,1.134645789861679077e-01,-6.379533559083938599e-03
8.375994861125946045e-02,-1.783545315265655518e-02,1.134981140494346619e-01,-6.397115066647529602e-03
8.377677202224731445e-02,-1.777918264269828796e-02,1.135316863656044006e-01,-6.414672359824180603e-03
8.379359543323516846e-02,-1.772293075919151306e-02,1.135652065277099609e-01,-6.432177498936653137e-03
8.381035923957824707e-02,-1.766664534807205200e-02,1.135987341403961182e-01,-6.449701264500617981e-03
8.382711559534072876e-02,-1.761039718985557556e-02,1.136321276426315308e-01,-6.467219442129135132e-03
8.384384214878082275e-02,-1.755413413047790527e-02,1.136655956506729126e-01,-6.484690122306346893e-03
8.386054635047912598e-02,-1.749788597226142883e-02,1.136989593505859375e-01,-6.502201780676841736e-03
8.387722074985504150e-02,-1.744165271520614624e-02,1.137323379516601562e-01,-6.519687362015247345e-03
8.389390259981155396e-02,-1.738541945815086365e-02,1.137656867504119873e-01,-6.537127308547496796e-03
8.391049504280090332e-02,-1.732919178903102875e-02,1.137989908456802368e-01,-6.554579362273216248e-03
8.392713218927383423e-02,-1.727297157049179077e-02,1.138322725892066956e-01,-6.572038866579532623e-03
8.394370228052139282e-02,-1.721674948930740356e-02,1.138655543327331543e-01,-6.589471362531185150e-03
8.396030217409133911e-02,-1.716051250696182251e-02,1.138987243175506592e-01,-6.606885232031345367e-03
8.397683501243591309e-02,-1.710432395339012146e-02,1.139319315552711487e-01,-6.624311208724975586e-03
8.399336040019989014e-02,-1.704812422394752502e-02,1.139651089906692505e-01,-6.641748361289501190e-03
8.400982618331909180e-02,-1.699191704392433167e-02,1.139981895685195923e-01,-6.659077480435371399e-03
8.402630686759948730e-02,-1.693573966622352600e-02,1.140313595533370972e-01,-6.676483899354934692e-03
8.404278755187988281e-02,-1.687955483794212341e-02,1.140644475817680359e-01,-6.693855859339237213e-03
8.405923843383789062e-02,-1.682338863611221313e-02,1.140974536538124084e-01,-6.711202673614025116e-03
8.407557010650634766e-02,-1.676722057163715363e-02,1.141304597258567810e-01,-6.728539243340492249e-03
8.409189432859420776e-02,-1.671101711690425873e-02,1.141634285449981689e-01,-6.745823659002780914e-03
8.410817384719848633e-02,-1.665483601391315460e-02,1.141963452100753784e-01,-6.763135083019733429e-03
8.412445336580276489e-02,-1.659864559769630432e-02,1.142292171716690063e-01,-6.780389696359634399e-03
8.414070308208465576e-02,-1.654247194528579712e-02,1.142621114850044250e-01,-6.797668524086475372e-03
8.415694534778594971e-02,-1.648628897964954376e-02,1.142949163913726807e-01,-6.814885884523391724e-03
8.417312055826187134e-02,-1.643014699220657349e-02,1.143277585506439209e-01,-6.832134909927845001e-03
8.418926596641540527e-02,-1.637398079037666321e-02,1.143604815006256104e-01,-6.849380210041999817e-03
8.420542627573013306e-02,-1.631783880293369293e-02,1.143931895494461060e-01,-6.866556592285633087e-03
8.422152698040008545e-02,-1.626166701316833496e-02,1.144259497523307800e-01,-6.883801892399787903e-03
8.423766493797302246e-02,-1.620553806424140930e-02,1.144586503505706787e-01,-6.900968961417675018e-03
8.425371348857879639e-02,-1.614941656589508057e-02,1.144913211464881897e-01,-6.918191909790039062e-03
8.426976203918457031e-02,-1.609327271580696106e-02,1.145239025354385376e-01,-6.935355253517627716e-03
8.428578078746795654e-02,-1.603713445365428925e-02,1.145565211772918701e-01,-6.952474825084209442e-03
8.430177718400955200e-02,-1.598101668059825897e-02,1.145890653133392334e-01,-6.969608366489410400e-03
8.431777358055114746e-02,-1.592489331960678101e-02,1.146216392517089844e-01,-6.986771710216999054e-03
8.433371782302856445e-02,-1.586877927184104919e-02,1.146541386842727661e-01,-7.003875449299812317e-03
8.434964716434478760e-02,-1.581269502639770508e-02,1.146865934133529663e-01,-7.020989432930946350e-03
8.436556160449981689e-02,-1.575656235218048096e-02,1.147190853953361511e-01,-7.038079202175140381e-03
8.438143134117126465e-02,-1.570048741996288300e-02,1.147515028715133667e-01,-7.055185735225677490e-03
8.439727127552032471e-02,-1.564436033368110657e-02,1.147839128971099854e-01,-7.072244770824909210e-03
8.441315591335296631e-02,-1.558830030262470245e-02,1.148163229227066040e-01,-7.089289836585521698e-03
8.442894369363784790e-02,-1.553219556808471680e-02,1.148486584424972534e-01,-7.106317207217216492e-03
8.444471657276153564e-02,-1.547612994909286499e-02,1.148809194564819336e-01,-7.123361341655254364e-03
8.446050435304641724e-02,-1.542002800852060318e-02,1.149132549762725830e-01,-7.140383124351501465e-03
8.447623997926712036e-02,-1.536399032920598984e-02,1.149455606937408447e-01,-7.157415151596069336e-03
8.449196815490722656e-02,-1.530790608376264572e-02,1.149777397513389587e-01,-7.174413651227951050e-03
8.450765907764434814e-02,-1.525184512138366699e-02,1.150099486112594604e-01,-7.191414944827556610e-03
8.452333509922027588e-02,-1.519577577710151672e-02,1.150421649217605591e-01,-7.208385504782199860e-03
8.453898876905441284e-02,-1.513973064720630646e-02,1.150743439793586731e-01,-7.225309498608112335e-03
8.455462753772735596e-02,-1.508369110524654388e-02,1.151064336299896240e-01,-7.242275401949882507e-03
8.457025885581970215e-02,-1.502765156328678131e-02,1.151385083794593811e-01,-7.259229198098182678e-03
8.458582311868667603e-02,-1.497160177677869797e-02,1.151706427335739136e-01,-7.276170887053012848e-03
8.460137248039245605e-02,-1.491557899862527847e-02,1.152026504278182983e-01,-7.293090224266052246e-03
8.461692929267883301e-02,-1.485954690724611282e-02,1.152346804738044739e-01,-7.309991866350173950e-03
8.463247120380401611e-02,-1.480352133512496948e-02,1.152666807174682617e-01,-7.326886989176273346e-03
8.464793860912322998e-02,-1.474750135093927383e-02,1.152986660599708557e-01,-7.343773730099201202e-03
8.466343581676483154e-02,-1.469147671014070511e-02,1.153305917978286743e-01,-7.360637187957763672e-03
8.467890322208404541e-02,-1.463548466563224792e-02,1.153625547885894775e-01,-7.377493195235729218e-03
8.469434082508087158e-02,-1.457947492599487305e-02,1.153944507241249084e-01,-7.394290529191493988e-03
8.470973372459411621e-02,-1.452349126338958740e-02,1.154262721538543701e-01,-7.411128841340541840e-03
8.472515642642974854e-02,-1.446748524904251099e-02,1.154581084847450256e-01,-7.427981123328208923e-03
8.474051207304000854e-02,-1.441149134188890457e-02,1.154899820685386658e-01,-7.444764487445354462e-03
8.475586771965026855e-02,-1.435550302267074585e-02,1.155217513442039490e-01,-7.461593486368656158e-03
8.477118611335754395e-02,-1.429951936006546021e-02,1.155534908175468445e-01,-7.478370331227779388e-03
8.478653430938720703e-02,-1.424356177449226379e-02,1.155852973461151123e-01,-7.495152764022350311e-03
8.480183035135269165e-02,-1.418757997453212738e-02,1.156170219182968140e-01,-7.511930540204048157e-03
8.481705188751220703e-02,-1.413162425160408020e-02,1.156486719846725464e-01,-7.528631016612052917e-03
8.483233302831649780e-02,-1.407565176486968994e-02,1.156803518533706665e-01,-7.545386441051959991e-03
8.484756946563720703e-02,-1.401968859136104584e-02,1.157120317220687866e-01,-7.562138140201568604e-03
8.486276865005493164e-02,-1.396372914314270020e-02,1.157436072826385498e-01,-7.578836753964424133e-03
8.487793803215026855e-02,-1.390778832137584686e-02,1.157752126455307007e-01,-7.595558650791645050e-03
8.489313721656799316e-02,-1.385184749960899353e-02,1.158068031072616577e-01,-7.612243294715881348e-03
8.490828424692153931e-02,-1.379592996090650558e-02,1.158383637666702271e-01,-7.628946565091609955e-03
8.492342382669448853e-02,-1.373999286442995071e-02,1.158699095249176025e-01,-7.645642384886741638e-03
8.493851870298385620e-02,-1.368405018001794815e-02,1.159013584256172180e-01,-7.662281394004821777e-03
8.495361357927322388e-02,-1.362812705338001251e-02,1.159328669309616089e-01,-7.678910158574581146e-03
8.496869355440139771e-02,-1.357220578938722610e-02,1.159643530845642090e-01,-7.695556618273258209e-03
8.498373627662658691e-02,-1.351630873978137970e-02,1.159957498311996460e-01,-7.712206803262233734e-03
8.499880135059356689e-02,-1.346039306372404099e-02,1.160271912813186646e-01,-7.728798314929008484e-03
8.501378446817398071e-02,-1.340449322015047073e-02,1.160586029291152954e-01,-7.745425216853618622e-03
8.502879738807678223e-02,-1.334860082715749741e-02,1.160899698734283447e-01,-7.761969231069087982e-03
8.504375815391540527e-02,-1.329268235713243484e-02,1.161212697625160217e-01,-7.778608240187168121e-03
8.505874872207641602e-02,-1.323681045323610306e-02,1.161526143550872803e-01,-7.795168086886405945e-03
8.507369458675384521e-02,-1.318091433495283127e-02,1.161839365959167480e-01,-7.811682298779487610e-03
8.508859574794769287e-02,-1.312502939254045486e-02,1.162151992321014404e-01,-7.828271016478538513e-03
8.510354161262512207e-02,-1.306915283203125000e-02,1.162464320659637451e-01,-7.844810374081134796e-03
8.511841297149658203e-02,-1.301330048590898514e-02,1.162776648998260498e-01,-7.861325517296791077e-03
8.513325452804565430e-02,-1.295743510127067566e-02,1.163088977336883545e-01,-7.877871394157409668e-03
8.514813333749771118e-02,-1.290157157927751541e-02,1.163400709629058838e-01,-7.894346490502357483e-03
8.516295999288558960e-02,-1.284572016447782516e-02,1.163712441921234131e-01,-7.910854183137416840e-03
8.517776429653167725e-02,-1.278986316174268723e-02,1.164023727178573608e-01,-7.927304133772850037e-03
8.519260585308074951e-02,-1.273403503000736237e-02,1.164335235953330994e-01,-7.943799719214439392e-03
8.520738780498504639e-02,-1.267818920314311981e-02,1.164646148681640625e-01,-7.960271090269088745e-03
8.522215485572814941e-02,-1.262237131595611572e-02,1.164956688880920410e-01,-7.976771332323551178e-03
8.523692935705184937e-02,-1.256657484918832779e-02,1.165267378091812134e-01,-7.993224076926708221e-03
8.525170385837554932e-02,-1.251077745109796524e-02,1.165578216314315796e-01,-8.009672164916992188e-03
8.526641130447387695e-02,-1.245496701449155807e-02,1.165887862443923950e-01,-8.026135154068470001e-03
8.528114855289459229e-02,-1.239918731153011322e-02,1.166198253631591797e-01,-8.042579516768455505e-03
8.529582619667053223e-02,-1.234340015798807144e-02,1.166507974267005920e-01,-8.058995008468627930e-03
8.531051874160766602e-02,-1.228762790560722351e-02,1.166817545890808105e-01,-8.075388148427009583e-03
8.532520383596420288e-02,-1.223184354603290558e-02,1.167127192020416260e-01,-8.091834373772144318e-03
8.533987402915954590e-02,-1.217606663703918457e-02,1.167435944080352783e-01,-8.108219131827354431e-03
8.535452932119369507e-02,-1.212031021714210510e-02,1.167745143175125122e-01,-8.124626241624355316e-03
8.536913990974426270e-02,-1.206454820930957794e-02,1.168053746223449707e-01,-8.140988647937774658e-03
8.538375794887542725e-02,-1.200880482792854309e-02,1.168362125754356384e-01,-8.157351054251194000e-03
8.539836108684539795e-02,-1.195308007299900055e-02,1.168670952320098877e-01,-8.173742331564426422e-03
8.541291207075119019e-02,-1.189732644706964493e-02,1.168978959321975708e-01,-8.190089836716651917e-03
8.542752265930175781e-02,-1.184161193668842316e-02,1.169287264347076416e-01,-8.206455968320369720e-03
8.544206619262695312e-02,-1.178587973117828369e-02,1.169594749808311462e-01,-8.222755044698715210e-03
8.545663207769393921e-02,-1.173015963286161423e-02,1.169902384281158447e-01,-8.239108137786388397e-03
8.547111600637435913e-02,-1.167445536702871323e-02,1.170210093259811401e-01,-8.255447261035442352e-03
8.548565953969955444e-02,-1.161874085664749146e-02,1.170517057180404663e-01,-8.271767757833003998e-03
8.550015091896057129e-02,-1.156303007155656815e-02,1.170823872089385986e-01,-8.288014680147171021e-03
8.551464229822158813e-02,-1.150735933333635330e-02,1.171131432056427002e-01,-8.304342627525329590e-03
8.552910387516021729e-02,-1.145166251808404922e-02,1.171437352895736694e-01,-8.320617489516735077e-03
8.554358035326004028e-02,-1.139599643647670746e-02,1.171744018793106079e-01,-8.336902596056461334e-03
8.555802702903747559e-02,-1.134031265974044800e-02,1.172050461173057556e-01,-8.353151381015777588e-03
8.557248115539550781e-02,-1.128465402871370316e-02,1.172356903553009033e-01,-8.369430899620056152e-03
8.558689802885055542e-02,-1.122899632900953293e-02,1.172662526369094849e-01,-8.385680615901947021e-03
8.560130000114440918e-02,-1.117334235459566116e-02,1.172968149185180664e-01,-8.401948027312755585e-03
8.561569452285766602e-02,-1.111768186092376709e-02,1.173274517059326172e-01,-8.418181911110877991e-03
8.563008159399032593e-02,-1.106205116957426071e-02,1.173579692840576172e-01,-8.434413000941276550e-03
8.564445376396179199e-02,-1.100642513483762741e-02,1.173884570598602295e-01,-8.450631983578205109e-03
8.565880358219146729e-02,-1.095077581703662872e-02,1.174189299345016479e-01,-8.466855622828006744e-03
8.567316085100173950e-02,-1.089516840875148773e-02,1.174494475126266479e-01,-8.483027108013629913e-03
8.568750321865081787e-02,-1.083955075591802597e-02,1.174798905849456787e-01,-8.499253541231155396e-03
8.570185303688049316e-02,-1.078395266085863113e-02,1.175103709101676941e-01,-8.515427820384502411e-03
8.571614325046539307e-02,-1.072835829108953476e-02,1.175408065319061279e-01,-8.531602099537849426e-03
8.573047816753387451e-02,-1.067274808883666992e-02,1.175712272524833679e-01,-8.547781035304069519e-03
8.574476838111877441e-02,-1.061719097197055817e-02,1.176016628742218018e-01,-8.563985116779804230e-03
8.575905859470367432e-02,-1.056159939616918564e-02,1.176320463418960571e-01,-8.580110967159271240e-03
8.577329665422439575e-02,-1.050603017210960388e-02,1.176624000072479248e-01,-8.596259169280529022e-03
8.578760176897048950e-02,-1.045048050582408905e-02,1.176927387714385986e-01,-8.612408302724361420e-03
8.580184727907180786e-02,-1.039491966366767883e-02,1.177230924367904663e-01,-8.628590963780879974e-03
8.581609278917312622e-02,-1.033936534076929092e-02,1.177533864974975586e-01,-8.644710294902324677e-03
8.583033829927444458e-02,-1.028382219374179840e-02,1.177837848663330078e-01,-8.660791441798210144e-03
8.584454655647277832e-02,-1.022829301655292511e-02,1.178140640258789062e-01,-8.676927536725997925e-03
8.585877716541290283e-02,-1.017276477068662643e-02,1.178442984819412231e-01,-8.693026378750801086e-03
8.587296307086944580e-02,-1.011724770069122314e-02,1.178745776414871216e-01,-8.709130808711051941e-03
8.588716387748718262e-02,-1.006171852350234985e-02,1.179047971963882446e-01,-8.725218474864959717e-03
8.590135723352432251e-02,-1.000621728599071503e-02,1.179350018501281738e-01,-8.741302415728569031e-03
8.591550588607788086e-02,-9.950714185833930969e-03,1.179652437567710876e-01,-8.757423609495162964e-03
8.592972159385681152e-02,-9.895213879644870758e-03,1.179954558610916138e-01,-8.773488923907279968e-03
8.594385534524917603e-02,-9.839736856520175934e-03,1.180255934596061707e-01,-8.789572864770889282e-03
8.595801144838333130e-02,-9.784258902072906494e-03,1.180557906627655029e-01,-8.805638179183006287e-03
8.597216010093688965e-02,-9.728787466883659363e-03,1.180859580636024475e-01,-8.821658790111541748e-03
8.598631620407104492e-02,-9.673325344920158386e-03,1.181160733103752136e-01,-8.837720379233360291e-03
8.600041270256042480e-02,-9.617886506021022797e-03,1.181461811065673828e-01,-8.853759616613388062e-03
8.601455390453338623e-02,-9.562419727444648743e-03,1.181763112545013428e-01,-8.869774639606475830e-03
8.602864295244216919e-02,-9.506991133093833923e-03,1.182064712047576904e-01,-8.885847404599189758e-03
8.604275435209274292e-02,-9.451555088162422180e-03,1.182365342974662781e-01,-8.901897817850112915e-03
8.605686575174331665e-02,-9.396127425134181976e-03,1.182666122913360596e-01,-8.917881175875663757e-03
8.607093989849090576e-02,-9.340707212686538696e-03,1.182966679334640503e-01,-8.933894336223602295e-03
8.608503639698028564e-02,-9.285328909754753113e-03,1.183266788721084595e-01,-8.949903771281242371e-03
8.609912544488906860e-02,-9.229910559952259064e-03,1.183567494153976440e-01,-8.965890854597091675e-03
8.611320704221725464e-02,-9.174526669085025787e-03,1.183867454528808594e-01,-8.981913328170776367e-03
8.612725883722305298e-02,-9.119143709540367126e-03,1.184167265892028809e-01,-8.997885510325431824e-03
8.614131808280944824e-02,-9.063743054866790771e-03,1.184467673301696777e-01,-9.013853967189788818e-03
8.615536987781524658e-02,-9.008390828967094421e-03,1.184767261147499084e-01,-9.029854089021682739e-03
8.616942167282104492e-02,-8.953036740422248840e-03,1.185066774487495422e-01,-9.045848622918128967e-03
8.618345856666564941e-02,-8.897685445845127106e-03,1.185366064310073853e-01,-9.061796590685844421e-03
8.619748800992965698e-02,-8.842327632009983063e-03,1.185666099190711975e-01,-9.077779948711395264e-03
8.621151745319366455e-02,-8.787017315626144409e-03,1.185965240001678467e-01,-9.093739092350006104e-03
8.622556179761886597e-02,-8.731685578823089600e-03,1.186264529824256897e-01,-9.109709411859512329e-03
8.623953163623809814e-02,-8.676333352923393250e-03,1.186563298106193542e-01,-9.125621989369392395e-03
8.625346422195434570e-02,-8.621013723313808441e-03,1.186861619353294373e-01,-9.141517803072929382e-03
8.626736700534820557e-02,-8.565668016672134399e-03,1.187159866094589233e-01,-9.157411754131317139e-03
8.628128468990325928e-02,-8.510339073836803436e-03,1.187458038330078125e-01,-9.173277765512466431e-03
8.629514276981353760e-02,-8.455034345388412476e-03,1.187755987048149109e-01,-9.189151227474212646e-03
8.630905300378799438e-02,-8.399717509746551514e-03,1.188053637742996216e-01,-9.205039590597152710e-03
8.632293343544006348e-02,-8.344421163201332092e-03,1.188351213932037354e-01,-9.220900014042854309e-03
8.633677661418914795e-02,-8.289109915494918823e-03,1.188648939132690430e-01,-9.236747398972511292e-03
8.635064214468002319e-02,-8.233835920691490173e-03,1.188945919275283813e-01,-9.252598509192466736e-03
8.636450767517089844e-02,-8.178540505468845367e-03,1.189243122935295105e-01,-9.268430992960929871e-03
8.637833595275878906e-02,-8.123271167278289795e-03,1.189540326595306396e-01,-9.284252300858497620e-03
8.639217913150787354e-02,-8.068002760410308838e-03,1.189837306737899780e-01,-9.300099685788154602e-03
8.640599995851516724e-02,-8.012747392058372498e-03,1.190134286880493164e-01,-9.315906092524528503e-03
8.641980588436126709e-02,-7.957478985190391541e-03,1.190430968999862671e-01,-9.331718087196350098e-03
8.643360435962677002e-02,-7.902247831225395203e-03,1.190727651119232178e-01,-9.347533807158470154e-03
8.644743263721466064e-02,-7.847008295357227325e-03,1.191023886203765869e-01,-9.363314136862754822e-03
8.646120876073837280e-02,-7.791758514940738678e-03,1.191319823265075684e-01,-9.379165247082710266e-03
8.647499978542327881e-02,-7.736539002507925034e-03,1.191616058349609375e-01,-9.394876658916473389e-03
8.648877590894699097e-02,-7.681332528591156006e-03,1.191911697387695312e-01,-9.410655125975608826e-03
8.650252223014831543e-02,-7.626109290868043900e-03,1.192207783460617065e-01,-9.426446631550788879e-03
8.651630580425262451e-02,-7.570903748273849487e-03,1.192503347992897034e-01,-9.442185983061790466e-03
8.653009682893753052e-02,-7.515723817050457001e-03,1.192798912525177002e-01,-9.457949548959732056e-03
8.654379099607467651e-02,-7.460521534085273743e-03,1.193094551563262939e-01,-9.473722428083419800e-03
8.655750751495361328e-02,-7.405335083603858948e-03,1.193389594554901123e-01,-9.489489719271659851e-03
8.657123893499374390e-02,-7.350168656557798386e-03,1.193684712052345276e-01,-9.505202993750572205e-03
8.658497035503387451e-02,-7.295008748769760132e-03,1.193980276584625244e-01,-9.520946070551872253e-03
8.659870922565460205e-02,-7.239821366965770721e-03,1.194274872541427612e-01,-9.536672383546829224e-03
8.661239594221115112e-02,-7.184707559645175934e-03,1.194569468498229980e-01,-9.552387520670890808e-03
8.662608265876770020e-02,-7.129537407308816910e-03,1.194864511489868164e-01,-9.568123146891593933e-03
8.663976192474365234e-02,-7.074405904859304428e-03,1.195158362388610840e-01,-9.583815932273864746e-03
8.665348589420318604e-02,-7.019273471087217331e-03,1.195453107357025146e-01,-9.599525481462478638e-03
8.666712045669555664e-02,-6.964158266782760620e-03,1.195747330784797668e-01,-9.615221992135047913e-03
8.668080717325210571e-02,-6.909010000526905060e-03,1.196041405200958252e-01,-9.630864486098289490e-03
8.669445663690567017e-02,-6.853910163044929504e-03,1.196335256099700928e-01,-9.646564722061157227e-03
8.670810610055923462e-02,-6.798812188208103180e-03,1.196629106998443604e-01,-9.662246331572532654e-03
8.672177046537399292e-02,-6.743725854903459549e-03,1.196923330426216125e-01,-9.677881374955177307e-03
8.673541247844696045e-02,-6.688631139695644379e-03,1.197216659784317017e-01,-9.693551808595657349e-03
8.674903959035873413e-02,-6.633558310568332672e-03,1.197510361671447754e-01,-9.709244593977928162e-03
8.676264435052871704e-02,-6.578481290489435196e-03,1.197803393006324768e-01,-9.724874049425125122e-03
8.677626401185989380e-02,-6.523424759507179260e-03,1.198096871376037598e-01,-9.740522131323814392e-03
8.678989112377166748e-02,-6.468358449637889862e-03,1.198389902710914612e-01,-9.756166487932205200e-03
8.680350333452224731e-02,-6.413304246962070465e-03,1.198683083057403564e-01,-9.771810844540596008e-03
8.681710809469223022e-02,-6.358263082802295685e-03,1.198975741863250732e-01,-9.787414222955703735e-03
8.683069795370101929e-02,-6.303215399384498596e-03,1.199268102645874023e-01,-9.803021326661109924e-03
8.684425801038742065e-02,-6.248205900192260742e-03,1.199560686945915222e-01,-9.818635880947113037e-03
8.685784041881561279e-02,-6.193188484758138657e-03,1.199853196740150452e-01,-9.834220632910728455e-03
8.687141537666320801e-02,-6.138178054243326187e-03,1.200145781040191650e-01,-9.849850088357925415e-03
8.688499033451080322e-02,-6.083168089389801025e-03,1.200438141822814941e-01,-9.865436702966690063e-03
8.689855039119720459e-02,-6.028166972100734711e-03,1.200730055570602417e-01,-9.881030768156051636e-03
8.691211789846420288e-02,-5.973166786134243011e-03,1.201022416353225708e-01,-9.896581992506980896e-03
8.692563325166702271e-02,-5.918215960264205933e-03,1.201314032077789307e-01,-9.912190958857536316e-03
8.693918585777282715e-02,-5.863220430910587311e-03,1.201605796813964844e-01,-9.927753359079360962e-03
8.695270866155624390e-02,-5.808250512927770615e-03,1.201897189021110535e-01,-9.943319484591484070e-03
8.696621656417846680e-02,-5.753292702138423920e-03,1.202188730239868164e-01,-9.958861395716667175e-03
8.697974681854248047e-02,-5.698346532881259918e-03,1.202480420470237732e-01,-9.974423795938491821e-03
8.699326962232589722e-02,-5.643386859446763992e-03,1.202771365642547607e-01,-9.989963844418525696e-03
8.700679242610931396e-02,-5.588439293205738068e-03,1.203062832355499268e-01,-1.000549830496311188e-02
8.702028542757034302e-02,-5.533532239496707916e-03,1.203354075551033020e-01,-1.002105884253978729e-02
8.703377842903137207e-02,-5.478610284626483917e-03,1.203644797205924988e-01,-1.003658585250377655e-02
8.704727143049240112e-02,-5.423686467111110687e-03,1.203935444355010986e-01,-1.005207560956478119e-02
8.706074208021163940e-02,-5.368771031498908997e-03,1.204226315021514893e-01,-1.006758399307727814e-02
8.707422018051147461e-02,-5.313882138580083847e-03,1.204516887664794922e-01,-1.008311659097671509e-02
8.708768337965011597e-02,-5.258976481854915619e-03,1.204807311296463013e-01,-1.009859517216682434e-02
8.710116147994995117e-02,-5.204086191952228546e-03,1.205097660422325134e-01,-1.011409983038902283e-02
8.711461722850799561e-02,-5.149231292307376862e-03,1.205388009548187256e-01,-1.012961380183696747e-02
8.712806552648544312e-02,-5.094357766211032867e-03,1.205677837133407593e-01,-1.014509424567222595e-02
8.714152127504348755e-02,-5.039486102759838104e-03,1.205967664718627930e-01,-1.016055978834629059e-02
8.715496957302093506e-02,-4.984651692211627960e-03,1.206257939338684082e-01,-1.017601788043975830e-02
8.716840296983718872e-02,-4.929797723889350891e-03,1.206547468900680542e-01,-1.019152440130710602e-02
8.718183636665344238e-02,-4.874958656728267670e-03,1.206837594509124756e-01,-1.020697504281997681e-02
8.719526231288909912e-02,-4.820113070309162140e-03,1.207126975059509277e-01,-1.022243313491344452e-02
8.720870316028594971e-02,-4.765306599438190460e-03,1.207416653633117676e-01,-1.023789867758750916e-02
8.722211420536041260e-02,-4.710493143647909164e-03,1.207706034183502197e-01,-1.025334931910037994e-02
8.723551034927368164e-02,-4.655677825212478638e-03,1.207994520664215088e-01,-1.026873476803302765e-02
8.724890649318695068e-02,-4.600865766406059265e-03,1.208284124732017517e-01,-1.028416678309440613e-02
8.726228773593902588e-02,-4.546082578599452972e-03,1.208572983741760254e-01,-1.029959879815578461e-02
8.727564662694931030e-02,-4.491272382438182831e-03,1.208861619234085083e-01,-1.031502522528171539e-02
8.728902786970138550e-02,-4.436490591615438461e-03,1.209150552749633789e-01,-1.033043675124645233e-02
8.730238676071166992e-02,-4.381712526082992554e-03,1.209439486265182495e-01,-1.034579984843730927e-02
8.731577545404434204e-02,-4.326931200921535492e-03,1.209727451205253601e-01,-1.036118716001510620e-02
8.732911944389343262e-02,-4.272163845598697662e-03,1.210015714168548584e-01,-1.037656702101230621e-02
8.734246343374252319e-02,-4.217423498630523682e-03,1.210303902626037598e-01,-1.039194129407405853e-02
8.735579252243041992e-02,-4.162671044468879700e-03,1.210592240095138550e-01,-1.040733419358730316e-02
8.736912161111831665e-02,-4.107917658984661102e-03,1.210880428552627563e-01,-1.042273454368114471e-02
8.738248050212860107e-02,-4.053191281855106354e-03,1.211168318986892700e-01,-1.043808646500110626e-02
8.739578723907470703e-02,-3.998464439064264297e-03,1.211456060409545898e-01,-1.045341230928897858e-02
8.740911632776260376e-02,-3.943721763789653778e-03,1.211743801832199097e-01,-1.046876423060894012e-02
8.742246031761169434e-02,-3.889017272740602493e-03,1.212031394243240356e-01,-1.048408448696136475e-02
8.743571490049362183e-02,-3.834312083199620247e-03,1.212318837642669678e-01,-1.049947179853916168e-02
8.744902163743972778e-02,-3.779622027650475502e-03,1.212606281042098999e-01,-1.051477901637554169e-02
8.746232092380523682e-02,-3.724920563399791718e-03,1.212893724441528320e-01,-1.053014770150184631e-02
8.747560530900955200e-02,-3.670223755761981010e-03,1.213181018829345703e-01,-1.054541766643524170e-02
8.748888224363327026e-02,-3.615565365180373192e-03,1.213467866182327271e-01,-1.056071929633617401e-02
8.750216662883758545e-02,-3.560892771929502487e-03,1.213755011558532715e-01,-1.057603769004344940e-02
8.751542121171951294e-02,-3.506207838654518127e-03,1.214041858911514282e-01,-1.059135422110557556e-02
8.752869069576263428e-02,-3.451584838330745697e-03,1.214328557252883911e-01,-1.060664840042591095e-02
8.754198253154754639e-02,-3.396911779418587685e-03,1.214615404605865479e-01,-1.062192022800445557e-02
8.755523711442947388e-02,-3.342285985127091408e-03,1.214901581406593323e-01,-1.063717901706695557e-02
8.756845444440841675e-02,-3.287657629698514938e-03,1.215187907218933105e-01,-1.065246760845184326e-02
8.758171647787094116e-02,-3.233035560697317123e-03,1.215474531054496765e-01,-1.066773571074008942e-02
8.759494870901107788e-02,-3.178412793204188347e-03,1.215760707855224609e-01,-1.068304106593132019e-02
8.760817348957061768e-02,-3.123793983832001686e-03,1.216046586632728577e-01,-1.069827564060688019e-02
8.762136846780776978e-02,-3.069191938266158104e-03,1.216332837939262390e-01,-1.071353070437908173e-02
8.763463795185089111e-02,-3.014588728547096252e-03,1.216618269681930542e-01,-1.072874665260314941e-02
8.764778822660446167e-02,-2.959969919174909592e-03,1.216904148459434509e-01,-1.074399612843990326e-02
8.766102790832519531e-02,-2.905422123149037361e-03,1.217189878225326538e-01,-1.075920462608337402e-02
8.767420053482055664e-02,-2.850825665518641472e-03,1.217475384473800659e-01,-1.077442429959774017e-02
8.768743276596069336e-02,-2.796253655105829239e-03,1.217761039733886719e-01,-1.078966818749904633e-02
8.770059049129486084e-02,-2.741694683209061623e-03,1.218046396970748901e-01,-1.080489531159400940e-02
8.771379292011260986e-02,-2.687147585675120354e-03,1.218330860137939453e-01,-1.082005538046360016e-02
8.772696554660797119e-02,-2.632594201713800430e-03,1.218616217374801636e-01,-1.083524525165557861e-02
8.774010837078094482e-02,-2.578042913228273392e-03,1.218901574611663818e-01,-1.085048168897628784e-02
8.775331079959869385e-02,-2.523533068597316742e-03,1.219186335802078247e-01,-1.086565665900707245e-02
8.776646107435226440e-02,-2.468991093337535858e-03,1.219471096992492676e-01,-1.088083907961845398e-02
8.777961134910583496e-02,-2.414469607174396515e-03,1.219756081700325012e-01,-1.089600287377834320e-02
8.779274672269821167e-02,-2.359965583309531212e-03,1.220040172338485718e-01,-1.091113500297069550e-02
8.780586719512939453e-02,-2.305470407009124756e-03,1.220324411988258362e-01,-1.092633418738842010e-02
8.781903982162475586e-02,-2.250959631055593491e-03,1.220609098672866821e-01,-1.094146817922592163e-02
8.783215284347534180e-02,-2.196461195126175880e-03,1.220893114805221558e-01,-1.095661893486976624e-02
8.784528076648712158e-02,-2.141984645277261734e-03,1.221177577972412109e-01,-1.097177714109420776e-02
8.785839378833770752e-02,-2.087516244500875473e-03,1.221461221575737000e-01,-1.098690181970596313e-02
8.787150681018829346e-02,-2.033041557297110558e-03,1.221745461225509644e-01,-1.100203394889831543e-02
8.788458257913589478e-02,-1.978557789698243141e-03,1.222029030323028564e-01,-1.101712696254253387e-02
8.789768069982528687e-02,-1.924137119203805923e-03,1.222313195466995239e-01,-1.103226281702518463e-02
8.791078627109527588e-02,-1.869679195806384087e-03,1.222596615552902222e-01,-1.104737259447574615e-02
8.792384713888168335e-02,-1.815241994336247444e-03,1.222879886627197266e-01,-1.106252707540988922e-02
8.793693780899047852e-02,-1.760806189849972725e-03,1.223162859678268433e-01,-1.107758469879627228e-02
8.795003592967987061e-02,-1.706358278170228004e-03,1.223446428775787354e-01,-1.109267584979534149e-02
8.796307444572448730e-02,-1.651934348046779633e-03,1.223729401826858521e-01,-1.110774651169776917e-02
8.797615766525268555e-02,-1.597533468157052994e-03,1.224012821912765503e-01,-1.112281903624534607e-02
8.798918873071670532e-02,-1.543138176202774048e-03,1.224295645952224731e-01,-1.113790273666381836e-02
8.800224959850311279e-02,-1.488718437030911446e-03,1.224577948451042175e-01,-1.115297153592109680e-02
8.801528066396713257e-02,-1.434328034520149231e-03,1.224860921502113342e-01,-1.116801612079143524e-02
8.802830427885055542e-02,-1.379959285259246826e-03,1.225143373012542725e-01,-1.118307188153266907e-02
8.804132044315338135e-02,-1.325579127296805382e-03,1.225426048040390015e-01,-1.119810715317726135e-02
8.805434405803680420e-02,-1.271186163648962975e-03,1.225708276033401489e-01,-1.121315546333789825e-02
8.806735277175903320e-02,-1.216829987242817879e-03,1.225990355014801025e-01,-1.122815348207950592e-02
8.808036893606185913e-02,-1.162492670118808746e-03,1.226272583007812500e-01,-1.124320179224014282e-02
8.809336274862289429e-02,-1.108131604269146919e-03,1.226554512977600098e-01,-1.125822961330413818e-02
8.810636401176452637e-02,-1.053784508258104324e-03,1.226836591958999634e-01,-1.127323508262634277e-02
8.811934292316436768e-02,-9.994520805776119232e-04,1.227118372917175293e-01,-1.128823123872280121e-02
8.813232183456420898e-02,-9.451226796954870224e-04,1.227400451898574829e-01,-1.130323670804500580e-02
8.814532309770584106e-02,-8.907844312489032745e-04,1.227681636810302734e-01,-1.131819747388362885e-02
8.815827965736389160e-02,-8.364645764231681824e-04,1.227963417768478394e-01,-1.133318804204463959e-02
8.817122876644134521e-02,-7.821645122021436691e-04,1.228244751691818237e-01,-1.134817674756050110e-02
8.818419277667999268e-02,-7.278716657310724258e-04,1.228526011109352112e-01,-1.136318221688270569e-02
8.819719403982162476e-02,-6.735643837600946426e-04,1.228807643055915833e-01,-1.137812994420528412e-02
8.821016550064086914e-02,-6.193111184984445572e-04,1.229088753461837769e-01,-1.139309816062450409e-02
8.822315186262130737e-02,-5.650173407047986984e-04,1.229369938373565674e-01,-1.140806078910827637e-02
8.823613077402114868e-02,-5.107510369271039963e-04,1.229651346802711487e-01,-1.142301782965660095e-02
8.824910968542098999e-02,-4.565108101814985275e-04,1.229932606220245361e-01,-1.143798977136611938e-02
8.826205879449844360e-02,-4.022633656859397888e-04,1.230213344097137451e-01,-1.145296357572078705e-02
8.827503025531768799e-02,-3.479945007711648941e-04,1.230494529008865356e-01,-1.146790757775306702e-02
8.828799426555633545e-02,-2.937682438641786575e-04,1.230774819850921631e-01,-1.148278824985027313e-02
8.830094337463378906e-02,-2.395603805780410767e-04,1.231055706739425659e-01,-1.149778068065643311e-02
8.831387758255004883e-02,-1.853136345744132996e-04,1.231336221098899841e-01,-1.151270791888237000e-02
8.832681179046630859e-02,-1.311060041189193726e-04,1.231616735458374023e-01,-1.152764819562435150e-02
8.833977580070495605e-02,-7.690116763114929199e-05,1.231897771358489990e-01,-1.154252141714096069e-02
8.835269510746002197e-02,-2.270052209496498108e-05,1.232177764177322388e-01,-1.155746541917324066e-02
