-1.989248514175415039e+00,-1.872882246971130371e-03,1.144375562667846680e+00,-1.713596224784851074e+00
-2.000417709350585938e+00,-3.696544468402862549e-02,1.177740693092346191e+00,-1.739211320877075195e+00
-2.011653661727905273e+00,-7.208515703678131104e-02,1.211037516593933105e+00,-1.764524221420288086e+00
-2.022943735122680664e+00,-1.071988791227340698e-01,1.244243025779724121e+00,-1.789519786834716797e+00
-2.034272670745849609e+00,-1.422738134860992432e-01,1.277335405349731445e+00,-1.814183950424194336e+00
-2.045628547668457031e+00,-1.772837191820144653e-01,1.310298919677734375e+00,-1.838507652282714844e+00
-2.056999206542968750e+00,-2.121999561786651611e-01,1.343115210533142090e+00,-1.862480521202087402e+00
-2.068373441696166992e+00,-2.469990849494934082e-01,1.375767707824707031e+00,-1.886093020439147949e+00
-2.079740047454833984e+00,-2.816545665264129639e-01,1.408239364624023438e+00,-1.909336090087890625e+00
-2.091086626052856445e+00,-3.161425590515136719e-01,1.440513253211975098e+00,-1.932201266288757324e+00
-2.102406978607177734e+00,-3.504511713981628418e-01,1.472582817077636719e+00,-1.954687237739562988e+00
-2.113688945770263672e+00,-3.845550417900085449e-01,1.504430055618286133e+00,-1.976784706115722656e+00
-2.124925374984741211e+00,-4.184383749961853027e-01,1.536044597625732422e+00,-1.998490810394287109e+00
-2.136109352111816406e+00,-4.520914256572723389e-01,1.567418456077575684e+00,-2.019803524017333984e+00
-2.147231101989746094e+00,-4.854932427406311035e-01,1.598538398742675781e+00,-2.040718078613281250e+00
-2.158283233642578125e+00,-5.186336636543273926e-01,1.629394292831420898e+00,-2.061230659484863281e+00
-2.169260025024414062e+00,-5.515010356903076172e-01,1.659978985786437988e+00,-2.081341743469238281e+00
-2.180152654647827148e+00,-5.840808749198913574e-01,1.690280437469482422e+00,-2.101047039031982422e+00
-2.190955877304077148e+00,-6.163657903671264648e-01,1.720291852951049805e+00,-2.120346069335937500e+00
-2.201664209365844727e+00,-6.483455896377563477e-01,1.750005125999450684e+00,-2.139238119125366211e+00
-2.212269544601440430e+00,-6.800093650817871094e-01,1.779410123825073242e+00,-2.157720327377319336e+00
-2.222767829895019531e+00,-7.113502025604248047e-01,1.808501362800598145e+00,-2.175794601440429688e+00
-2.233152389526367188e+00,-7.423591017723083496e-01,1.837270379066467285e+00,-2.193458557128906250e+00
-2.243418455123901367e+00,-7.730293869972229004e-01,1.865710616111755371e+00,-2.210713386535644531e+00
-2.253562450408935547e+00,-8.033545613288879395e-01,1.893816471099853516e+00,-2.227560043334960938e+00
-2.263578414916992188e+00,-8.333292603492736816e-01,1.921581745147705078e+00,-2.243998765945434570e+00
-2.273462533950805664e+00,-8.629486560821533203e-01,1.949001073837280273e+00,-2.260030746459960938e+00
-2.283210039138793945e+00,-8.922080397605895996e-01,1.976068019866943359e+00,-2.275656700134277344e+00
-2.292817592620849609e+00,-9.211041331291198730e-01,2.002779006958007812e+00,-2.290878772735595703e+00
-2.302281379699707031e+00,-9.496341943740844727e-01,2.029129743576049805e+00,-2.305698871612548828e+00
-2.311599016189575195e+00,-9.777948856353759766e-01,2.055116176605224609e+00,-2.320119857788085938e+00
-2.320765018463134766e+00,-1.005585432052612305e+00,2.080733776092529297e+00,-2.334142208099365234e+00
-2.329778194427490234e+00,-1.032997846603393555e+00,2.105978250503540039e+00,-2.347768783569335938e+00
-2.338634967803955078e+00,-1.060034751892089844e+00,2.130847454071044922e+00,-2.361002922058105469e+00
-2.347333669662475586e+00,-1.086694121360778809e+00,2.155338764190673828e+00,-2.373847007751464844e+00
-2.355870723724365234e+00,-1.112976431846618652e+00,2.179449558258056641e+00,-2.386304616928100586e+00
-2.364243507385253906e+00,-1.138879537582397461e+00,2.203176021575927734e+00,-2.398377418518066406e+00
-2.372450351715087891e+00,-1.164402723312377930e+00,2.226516246795654297e+00,-2.410068988800048828e+00
-2.380490303039550781e+00,-1.189544439315795898e+00,2.249469280242919922e+00,-2.421382904052734375e+00
-2.388361454010009766e+00,-1.214308023452758789e+00,2.272033452987670898e+00,-2.432322978973388672e+00
-2.396059989929199219e+00,-1.238692283630371094e+00,2.294205904006958008e+00,-2.442891359329223633e+00
-2.403585910797119141e+00,-1.262698650360107422e+00,2.315986156463623047e+00,-2.453092813491821289e+00
-2.410939693450927734e+00,-1.286329746246337891e+00,2.337374687194824219e+00,-2.462931632995605469e+00
-2.418116807937622070e+00,-1.309579849243164062e+00,2.358367919921875000e+00,-2.472409009933471680e+00
-2.425117969512939453e+00,-1.332456231117248535e+00,2.378966331481933594e+00,-2.481530904769897461e+00
-2.431941509246826172e+00,-1.354956984519958496e+00,2.399169445037841797e+00,-2.490299701690673828e+00
-2.438587665557861328e+00,-1.377087831497192383e+00,2.418977975845336914e+00,-2.498721122741699219e+00
-2.445055484771728516e+00,-1.398847937583923340e+00,2.438390970230102539e+00,-2.506798267364501953e+00
-2.451343774795532227e+00,-1.420237898826599121e+00,2.457409143447875977e+00,-2.514535427093505859e+00
-2.457452535629272461e+00,-1.441259741783142090e+00,2.476030826568603516e+00,-2.521935462951660156e+00
-2.463381767272949219e+00,-1.461916565895080566e+00,2.494259357452392578e+00,-2.529003858566284180e+00
-2.469130754470825195e+00,-1.482210993766784668e+00,2.512093544006347656e+00,-2.535744667053222656e+00
-2.474699020385742188e+00,-1.502145290374755859e+00,2.529534339904785156e+00,-2.542161703109741211e+00
-2.480088710784912109e+00,-1.521721124649047852e+00,2.546582937240600586e+00,-2.548259258270263672e+00
-2.485297203063964844e+00,-1.540940046310424805e+00,2.563240528106689453e+00,-2.554041147232055664e+00
-2.490326166152954102e+00,-1.559805393218994141e+00,2.579506874084472656e+00,-2.559511184692382812e+00
-2.495175361633300781e+00,-1.578321099281311035e+00,2.595385551452636719e+00,-2.564675331115722656e+00
-2.499846220016479492e+00,-1.596487283706665039e+00,2.610876560211181641e+00,-2.569536685943603516e+00
-2.504338264465332031e+00,-1.614307880401611328e+00,2.625982046127319336e+00,-2.574100017547607422e+00
-2.508651256561279297e+00,-1.631785750389099121e+00,2.640702486038208008e+00,-2.578368186950683594e+00
-2.512787818908691406e+00,-1.648922681808471680e+00,2.655040979385375977e+00,-2.582346677780151367e+00
-2.516747474670410156e+00,-1.665722846984863281e+00,2.668998718261718750e+00,-2.586039543151855469e+00
-2.520531415939331055e+00,-1.682187557220458984e+00,2.682577848434448242e+00,-2.589450597763061523e+00
-2.524141311645507812e+00,-1.698320508003234863e+00,2.695781707763671875e+00,-2.592585325241088867e+00
-2.527575969696044922e+00,-1.714125156402587891e+00,2.708610296249389648e+00,-2.595446348190307617e+00
-2.530837535858154297e+00,-1.729601144790649414e+00,2.721066236495971680e+00,-2.598037719726562500e+00
-2.533928394317626953e+00,-1.744753003120422363e+00,2.733152866363525391e+00,-2.600364923477172852e+00
-2.536847114562988281e+00,-1.759583950042724609e+00,2.744870662689208984e+00,-2.602430582046508789e+00
-2.539597511291503906e+00,-1.774095296859741211e+00,2.756224632263183594e+00,-2.604239940643310547e+00
-2.542178630828857422e+00,-1.788291454315185547e+00,2.767215013504028320e+00,-2.605796575546264648e+00
-2.544592857360839844e+00,-1.802171468734741211e+00,2.777844905853271484e+00,-2.607103586196899414e+00
-2.546840190887451172e+00,-1.815741777420043945e+00,2.788116693496704102e+00,-2.608166217803955078e+00
-2.548923969268798828e+00,-1.829002618789672852e+00,2.798033237457275391e+00,-2.608987331390380859e+00
-2.550844907760620117e+00,-1.841956138610839844e+00,2.807597875595092773e+00,-2.609572410583496094e+00
-2.552603721618652344e+00,-1.854605913162231445e+00,2.816812038421630859e+00,-2.609923362731933594e+00
-2.554203033447265625e+00,-1.866953849792480469e+00,2.825679540634155273e+00,-2.610044956207275391e+00
-2.555643081665039062e+00,-1.879009842872619629e+00,2.834204912185668945e+00,-2.609942436218261719e+00
-2.556928157806396484e+00,-1.890771627426147461e+00,2.842389822006225586e+00,-2.609618663787841797e+00
-2.558056831359863281e+00,-1.902241230010986328e+00,2.850236415863037109e+00,-2.609076976776123047e+00
-2.559032917022705078e+00,-1.913420915603637695e+00,2.857748985290527344e+00,-2.608321189880371094e+00
-2.559856414794921875e+00,-1.924313306808471680e+00,2.864928722381591797e+00,-2.607354402542114258e+00
-2.560529470443725586e+00,-1.934922218322753906e+00,2.871780395507812500e+00,-2.606181621551513672e+00
-2.561055660247802734e+00,-1.945248603820800781e+00,2.878307104110717773e+00,-2.604806423187255859e+00
-2.561433792114257812e+00,-1.955295443534851074e+00,2.884509801864624023e+00,-2.603229522705078125e+00
-2.561667919158935547e+00,-1.965064644813537598e+00,2.890393733978271484e+00,-2.601457834243774414e+00
-2.561758756637573242e+00,-1.974559307098388672e+00,2.895961761474609375e+00,-2.599493265151977539e+00
-2.561709403991699219e+00,-1.983782052993774414e+00,2.901217460632324219e+00,-2.597340106964111328e+00
-2.561519622802734375e+00,-1.992737293243408203e+00,2.906162977218627930e+00,-2.595001220703125000e+00
-2.561194419860839844e+00,-2.001424312591552734e+00,2.910803318023681641e+00,-2.592479944229125977e+00
-2.560733556747436523e+00,-2.009848594665527344e+00,2.915141344070434570e+00,-2.589781045913696289e+00
-2.560137748718261719e+00,-2.018009424209594727e+00,2.919177055358886719e+00,-2.586904525756835938e+00
-2.559411525726318359e+00,-2.025909900665283203e+00,2.922917842864990234e+00,-2.583856344223022461e+00
-2.558555841445922852e+00,-2.033552885055541992e+00,2.926365613937377930e+00,-2.580639123916625977e+00
-2.557571887969970703e+00,-2.040940523147583008e+00,2.929522514343261719e+00,-2.577255964279174805e+00
-2.556462049484252930e+00,-2.048074483871459961e+00,2.932393312454223633e+00,-2.573709011077880859e+00
-2.555229187011718750e+00,-2.054957389831542969e+00,2.934981346130371094e+00,-2.570002794265747070e+00
-2.553875446319580078e+00,-2.061590671539306641e+00,2.937289714813232422e+00,-2.566140413284301758e+00
-2.552400588989257812e+00,-2.067978620529174805e+00,2.939321517944335938e+00,-2.562124252319335938e+00
-2.550808429718017578e+00,-2.074123382568359375e+00,2.941079854965209961e+00,-2.557956695556640625e+00
-2.549101829528808594e+00,-2.080025911331176758e+00,2.942570686340332031e+00,-2.553643226623535156e+00
-2.547281026840209961e+00,-2.085689783096313477e+00,2.943793773651123047e+00,-2.549183368682861328e+00
-2.545348644256591797e+00,-2.091116428375244141e+00,2.944754838943481445e+00,-2.544582605361938477e+00
-2.543306827545166016e+00,-2.096306324005126953e+00,2.945456504821777344e+00,-2.539842605590820312e+00
-2.541156768798828125e+00,-2.101263523101806641e+00,2.945901870727539062e+00,-2.534965991973876953e+00
-2.538900375366210938e+00,-2.105988979339599609e+00,2.946093797683715820e+00,-2.529955625534057617e+00
-2.536542415618896484e+00,-2.110485553741455078e+00,2.946037292480468750e+00,-2.524815797805786133e+00
-2.534081459045410156e+00,-2.114752531051635742e+00,2.945734739303588867e+00,-2.519546270370483398e+00
-2.531521797180175781e+00,-2.118796825408935547e+00,2.945189714431762695e+00,-2.514152526855468750e+00
-2.528863430023193359e+00,-2.122616767883300781e+00,2.944404363632202148e+00,-2.508634567260742188e+00
-2.526110410690307617e+00,-2.126216411590576172e+00,2.943384647369384766e+00,-2.502998113632202148e+00
-2.523262977600097656e+00,-2.129597187042236328e+00,2.942131519317626953e+00,-2.497242927551269531e+00
-2.520324707031250000e+00,-2.132761955261230469e+00,2.940650463104248047e+00,-2.491373777389526367e+00
-2.517296314239501953e+00,-2.135710716247558594e+00,2.938942193984985352e+00,-2.485390901565551758e+00
-2.514179944992065430e+00,-2.138445854187011719e+00,2.937011957168579102e+00,-2.479298353195190430e+00
-2.510977745056152344e+00,-2.140970468521118164e+00,2.934862136840820312e+00,-2.473097801208496094e+00
-2.507691383361816406e+00,-2.143284797668457031e+00,2.932496070861816406e+00,-2.466791629791259766e+00
-2.504323005676269531e+00,-2.145391464233398438e+00,2.929916620254516602e+00,-2.460382699966430664e+00
-2.500874757766723633e+00,-2.147291183471679688e+00,2.927127838134765625e+00,-2.453872203826904297e+00
-2.497348785400390625e+00,-2.148987531661987305e+00,2.924133300781250000e+00,-2.447264194488525391e+00
-2.493745803833007812e+00,-2.150482177734375000e+00,2.920935153961181641e+00,-2.440559625625610352e+00
-2.490069389343261719e+00,-2.151777505874633789e+00,2.917538404464721680e+00,-2.433761835098266602e+00
-2.486320018768310547e+00,-2.152875423431396484e+00,2.913944482803344727e+00,-2.426872253417968750e+00
-2.482498645782470703e+00,-2.153775930404663086e+00,2.910156250000000000e+00,-2.419891595840454102e+00
-2.478609800338745117e+00,-2.154483079910278320e+00,2.906178712844848633e+00,-2.412825107574462891e+00
-2.474653482437133789e+00,-2.154995918273925781e+00,2.902013301849365234e+00,-2.405672311782836914e+00
-2.470630884170532227e+00,-2.155318498611450195e+00,2.897663116455078125e+00,-2.398435831069946289e+00
-2.466545343399047852e+00,-2.155451297760009766e+00,2.893132209777832031e+00,-2.391118764877319336e+00
-2.462397813796997070e+00,-2.155395984649658203e+00,2.888422727584838867e+00,-2.383721113204956055e+00
-2.458191394805908203e+00,-2.155155897140502930e+00,2.883540391921997070e+00,-2.376248359680175781e+00
-2.453925371170043945e+00,-2.154730081558227539e+00,2.878483772277832031e+00,-2.368698835372924805e+00
-2.449602842330932617e+00,-2.154124498367309570e+00,2.873259544372558594e+00,-2.361076116561889648e+00
-2.445226192474365234e+00,-2.153337717056274414e+00,2.867869853973388672e+00,-2.353382587432861328e+00
-2.440796375274658203e+00,-2.152372360229492188e+00,2.862317562103271484e+00,-2.345619201660156250e+00
-2.436313629150390625e+00,-2.151229858398437500e+00,2.856603384017944336e+00,-2.337786674499511719e+00
-2.431782007217407227e+00,-2.149912834167480469e+00,2.850733757019042969e+00,-2.329890012741088867e+00
-2.427201509475708008e+00,-2.148422241210937500e+00,2.844709873199462891e+00,-2.321928024291992188e+00
-2.422575235366821289e+00,-2.146759748458862305e+00,2.838534832000732422e+00,-2.313905000686645508e+00
-2.417902946472167969e+00,-2.144926548004150391e+00,2.832211017608642578e+00,-2.305819988250732422e+00
-2.413188219070434570e+00,-2.142925500869750977e+00,2.825742721557617188e+00,-2.297677040100097656e+00
-2.408430337905883789e+00,-2.140758514404296875e+00,2.819131374359130859e+00,-2.289476871490478516e+00
-2.403631687164306641e+00,-2.138425350189208984e+00,2.812378883361816406e+00,-2.281219959259033203e+00
-2.398795127868652344e+00,-2.135929107666015625e+00,2.805491209030151367e+00,-2.272911071777343750e+00
-2.393920660018920898e+00,-2.133272171020507812e+00,2.798468589782714844e+00,-2.264549016952514648e+00
-2.389010906219482422e+00,-2.130455017089843750e+00,2.791314601898193359e+00,-2.256136417388916016e+00
-2.384064674377441406e+00,-2.127480268478393555e+00,2.784030914306640625e+00,-2.247674226760864258e+00
-2.379087448120117188e+00,-2.124348640441894531e+00,2.776622772216796875e+00,-2.239165782928466797e+00
-2.374077796936035156e+00,-2.121062040328979492e+00,2.769090175628662109e+00,-2.230610847473144531e+00
-2.369037151336669922e+00,-2.117622137069702148e+00,2.761436939239501953e+00,-2.222011327743530273e+00
-2.363967895507812500e+00,-2.114031076431274414e+00,2.753664970397949219e+00,-2.213368654251098633e+00
-2.358871936798095703e+00,-2.110290765762329102e+00,2.745778560638427734e+00,-2.204685688018798828e+00
-2.353748559951782227e+00,-2.106401443481445312e+00,2.737778425216674805e+00,-2.195961475372314453e+00
-2.348600625991821289e+00,-2.102365255355834961e+00,2.729667663574218750e+00,-2.187199592590332031e+00
-2.343428611755371094e+00,-2.098184585571289062e+00,2.721448898315429688e+00,-2.178400039672851562e+00
-2.338235139846801758e+00,-2.093861103057861328e+00,2.713125228881835938e+00,-2.169565439224243164e+00
-2.333019733428955078e+00,-2.089396953582763672e+00,2.704698562622070312e+00,-2.160695552825927734e+00
-2.327784776687622070e+00,-2.084791898727416992e+00,2.696170806884765625e+00,-2.151793479919433594e+00
-2.322530269622802734e+00,-2.080048799514770508e+00,2.687545299530029297e+00,-2.142858982086181641e+00
-2.317259788513183594e+00,-2.075170040130615234e+00,2.678824901580810547e+00,-2.133895397186279297e+00
-2.311972379684448242e+00,-2.070155143737792969e+00,2.670010089874267578e+00,-2.124902009963989258e+00
-2.306668758392333984e+00,-2.065007686614990234e+00,2.661104202270507812e+00,-2.115880489349365234e+00
-2.301351785659790039e+00,-2.059727907180786133e+00,2.652110099792480469e+00,-2.106832742691040039e+00
-2.296022415161132812e+00,-2.054318428039550781e+00,2.643030166625976562e+00,-2.097760200500488281e+00
-2.290679931640625000e+00,-2.048780441284179688e+00,2.633864879608154297e+00,-2.088662624359130859e+00
-2.285327434539794922e+00,-2.043116569519042969e+00,2.624619007110595703e+00,-2.079543113708496094e+00
-2.279964685440063477e+00,-2.037325859069824219e+00,2.615292549133300781e+00,-2.070401191711425781e+00
-2.274593830108642578e+00,-2.031413793563842773e+00,2.605890035629272461e+00,-2.061239957809448242e+00
-2.269215822219848633e+00,-2.025378704071044922e+00,2.596411705017089844e+00,-2.052058458328247070e+00
-2.263829708099365234e+00,-2.019223928451538086e+00,2.586860179901123047e+00,-2.042858600616455078e+00
-2.258437633514404297e+00,-2.012948513031005859e+00,2.577236652374267578e+00,-2.033640861511230469e+00
-2.253042221069335938e+00,-2.006558179855346680e+00,2.567546129226684570e+00,-2.024409055709838867e+00
-2.247642517089843750e+00,-2.000051259994506836e+00,2.557788372039794922e+00,-2.015161037445068359e+00
-2.242238521575927734e+00,-1.993430137634277344e+00,2.547964811325073242e+00,-2.005899429321289062e+00
-2.236834526062011719e+00,-1.986697196960449219e+00,2.538079977035522461e+00,-1.996625185012817383e+00
-2.231427431106567383e+00,-1.979852914810180664e+00,2.528133392333984375e+00,-1.987338542938232422e+00
-2.226021766662597656e+00,-1.972900509834289551e+00,2.518129348754882812e+00,-1.978042125701904297e+00
-2.220616579055786133e+00,-1.965840816497802734e+00,2.508068561553955078e+00,-1.968736052513122559e+00
-2.215211629867553711e+00,-1.958674192428588867e+00,2.497951745986938477e+00,-1.959420442581176758e+00
-2.209809303283691406e+00,-1.951403379440307617e+00,2.487783193588256836e+00,-1.950097322463989258e+00
-2.204410076141357422e+00,-1.944030880928039551e+00,2.477563381195068359e+00,-1.940767645835876465e+00
-2.199015378952026367e+00,-1.936556220054626465e+00,2.467294216156005859e+00,-1.931431651115417480e+00
-2.193624019622802734e+00,-1.928981065750122070e+00,2.456977844238281250e+00,-1.922091007232666016e+00
-2.188237667083740234e+00,-1.921308159828186035e+00,2.446615695953369141e+00,-1.912745594978332520e+00
-2.182858467102050781e+00,-1.913539290428161621e+00,2.436210632324218750e+00,-1.903398036956787109e+00
-2.177485227584838867e+00,-1.905674576759338379e+00,2.425763607025146484e+00,-1.894047975540161133e+00
-2.172119140625000000e+00,-1.897716045379638672e+00,2.415275573730468750e+00,-1.884695529937744141e+00
-2.166761875152587891e+00,-1.889666318893432617e+00,2.404750108718872070e+00,-1.875344038009643555e+00
-2.161413192749023438e+00,-1.881524920463562012e+00,2.394186973571777344e+00,-1.865991830825805664e+00
-2.156072854995727539e+00,-1.873295664787292480e+00,2.383588790893554688e+00,-1.856640696525573730e+00
-2.150743246078491211e+00,-1.864978671073913574e+00,2.372957706451416016e+00,-1.847291707992553711e+00
-2.145425081253051758e+00,-1.856575489044189453e+00,2.362295627593994141e+00,-1.837946414947509766e+00
-2.140116691589355469e+00,-1.848088264465332031e+00,2.351601600646972656e+00,-1.828603625297546387e+00
-2.134820938110351562e+00,-1.839517593383789062e+00,2.340880393981933594e+00,-1.819265365600585938e+00
-2.129536867141723633e+00,-1.830864667892456055e+00,2.330131530761718750e+00,-1.809932231903076172e+00
-2.124266147613525391e+00,-1.822132825851440430e+00,2.319357156753540039e+00,-1.800604820251464844e+00
-2.119008779525756836e+00,-1.813322782516479492e+00,2.308559179306030273e+00,-1.791284561157226562e+00
-2.113764762878417969e+00,-1.804434537887573242e+00,2.297738075256347656e+00,-1.781970977783203125e+00
-2.108535766601562500e+00,-1.795470476150512695e+00,2.286896228790283203e+00,-1.772665262222290039e+00
-2.103321075439453125e+00,-1.786433696746826172e+00,2.276034593582153320e+00,-1.763368368148803711e+00
-2.098122119903564453e+00,-1.777323842048645020e+00,2.265155315399169922e+00,-1.754081249237060547e+00
-2.092939853668212891e+00,-1.768141984939575195e+00,2.254259109497070312e+00,-1.744803905487060547e+00
-2.087772846221923828e+00,-1.758890748023986816e+00,2.243347167968750000e+00,-1.735537290573120117e+00
-2.082623004913330078e+00,-1.749571442604064941e+00,2.232421398162841797e+00,-1.726281881332397461e+00
-2.077489376068115234e+00,-1.740184664726257324e+00,2.221482753753662109e+00,-1.717038512229919434e+00
-2.072375297546386719e+00,-1.730733036994934082e+00,2.210534095764160156e+00,-1.707808971405029297e+00
-2.067277431488037109e+00,-1.721216320991516113e+00,2.199573516845703125e+00,-1.698591232299804688e+00
-2.062199115753173828e+00,-1.711637020111083984e+00,2.188605308532714844e+00,-1.689387798309326172e+00
-2.057138919830322266e+00,-1.701996088027954102e+00,2.177629470825195312e+00,-1.680199146270751953e+00
-2.052098274230957031e+00,-1.692296624183654785e+00,2.166647434234619141e+00,-1.671025991439819336e+00
-2.047076463699340820e+00,-1.682537078857421875e+00,2.155660152435302734e+00,-1.661867141723632812e+00
-2.042074918746948242e+00,-1.672721624374389648e+00,2.144669532775878906e+00,-1.652725696563720703e+00
-2.037093162536621094e+00,-1.662848949432373047e+00,2.133675575256347656e+00,-1.643600463867187500e+00
-2.032131671905517578e+00,-1.652922153472900391e+00,2.122679710388183594e+00,-1.634492397308349609e+00
-2.027191400527954102e+00,-1.642942667007446289e+00,2.111684560775756836e+00,-1.625402212142944336e+00
-2.022271871566772461e+00,-1.632911682128906250e+00,2.100689888000488281e+00,-1.616330623626708984e+00
-2.017373561859130859e+00,-1.622829794883728027e+00,2.089696407318115234e+00,-1.607277631759643555e+00
-2.012497425079345703e+00,-1.612698316574096680e+00,2.078706741333007812e+00,-1.598244428634643555e+00
-2.007642030715942383e+00,-1.602518796920776367e+00,2.067720174789428711e+00,-1.589230060577392578e+00
-2.002810001373291016e+00,-1.592292785644531250e+00,2.056739330291748047e+00,-1.580236911773681641e+00
-1.997998833656311035e+00,-1.582021594047546387e+00,2.045763969421386719e+00,-1.571264028549194336e+00
-1.993212223052978516e+00,-1.571707963943481445e+00,2.034797191619873047e+00,-1.562313795089721680e+00
-1.988446712493896484e+00,-1.561349630355834961e+00,2.023837089538574219e+00,-1.553383588790893555e+00
-1.983704566955566406e+00,-1.550950765609741211e+00,2.012886524200439453e+00,-1.544476509094238281e+00
-1.978985309600830078e+00,-1.540511965751647949e+00,2.001945495605468750e+00,-1.535591363906860352e+00
-1.974290609359741211e+00,-1.530033469200134277e+00,1.991016149520874023e+00,-1.526729822158813477e+00
-1.969617962837219238e+00,-1.519517421722412109e+00,1.980097532272338867e+00,-1.517891168594360352e+00
-1.964970707893371582e+00,-1.508965015411376953e+00,1.969193100929260254e+00,-1.509076952934265137e+00
-1.960345625877380371e+00,-1.498376488685607910e+00,1.958300828933715820e+00,-1.500286102294921875e+00
-1.955746054649353027e+00,-1.487755537033081055e+00,1.947424650192260742e+00,-1.491521000862121582e+00
-1.951169729232788086e+00,-1.477101206779479980e+00,1.936562776565551758e+00,-1.482780694961547852e+00
-1.946618199348449707e+00,-1.466414093971252441e+00,1.925716996192932129e+00,-1.474065184593200684e+00
-1.942091464996337891e+00,-1.455697536468505859e+00,1.914889216423034668e+00,-1.465375900268554688e+00
-1.937588810920715332e+00,-1.444951057434082031e+00,1.904078245162963867e+00,-1.456712484359741211e+00
-1.933110952377319336e+00,-1.434176921844482422e+00,1.893286228179931641e+00,-1.448075652122497559e+00
-1.928658485412597656e+00,-1.423375844955444336e+00,1.882513999938964844e+00,-1.439465880393981934e+00
-1.924229979515075684e+00,-1.412547349929809570e+00,1.871760845184326172e+00,-1.430882096290588379e+00
-1.919827222824096680e+00,-1.401695847511291504e+00,1.861029386520385742e+00,-1.422327041625976562e+00
-1.915449261665344238e+00,-1.390820026397705078e+00,1.850319147109985352e+00,-1.413799047470092773e+00
-1.911096811294555664e+00,-1.379921555519104004e+00,1.839631557464599609e+00,-1.405299305915832520e+00
-1.906769156455993652e+00,-1.369001984596252441e+00,1.828966736793518066e+00,-1.396828174591064453e+00
-1.902467250823974609e+00,-1.358061194419860840e+00,1.818325281143188477e+00,-1.388385295867919922e+00
-1.898190736770629883e+00,-1.347101449966430664e+00,1.807708382606506348e+00,-1.379971504211425781e+00
-1.893939375877380371e+00,-1.336123704910278320e+00,1.797116756439208984e+00,-1.371587038040161133e+00
-1.889713644981384277e+00,-1.325128674507141113e+00,1.786549925804138184e+00,-1.363231658935546875e+00
-1.885513424873352051e+00,-1.314117670059204102e+00,1.776009559631347656e+00,-1.354906082153320312e+00
-1.881339311599731445e+00,-1.303091883659362793e+00,1.765496730804443359e+00,-1.346611022949218750e+00
-1.877190589904785156e+00,-1.292050957679748535e+00,1.755010485649108887e+00,-1.338345766067504883e+00
-1.873067140579223633e+00,-1.280997991561889648e+00,1.744552612304687500e+00,-1.330111265182495117e+00
-1.868969202041625977e+00,-1.269932150840759277e+00,1.734122991561889648e+00,-1.321907043457031250e+00
-1.864896774291992188e+00,-1.258854389190673828e+00,1.723721981048583984e+00,-1.313733339309692383e+00
-1.860850930213928223e+00,-1.247768759727478027e+00,1.713351488113403320e+00,-1.305591821670532227e+00
-1.856830596923828125e+00,-1.236672401428222656e+00,1.703011035919189453e+00,-1.297481417655944824e+00
-1.852835774421691895e+00,-1.225568294525146484e+00,1.692701339721679688e+00,-1.289402604103088379e+00
-1.848866343498229980e+00,-1.214457631111145020e+00,1.682421922683715820e+00,-1.281355142593383789e+00
-1.844922780990600586e+00,-1.203339338302612305e+00,1.672174692153930664e+00,-1.273339509963989258e+00
-1.841005086898803711e+00,-1.192216634750366211e+00,1.661959648132324219e+00,-1.265356659889221191e+00
-1.837112784385681152e+00,-1.181089282035827637e+00,1.651777267456054688e+00,-1.257406115531921387e+00
-1.833246111869812012e+00,-1.169958233833312988e+00,1.641627550125122070e+00,-1.249487757682800293e+00
-1.829405307769775391e+00,-1.158824205398559570e+00,1.631511449813842773e+00,-1.241602182388305664e+00
-1.825589418411254883e+00,-1.147688746452331543e+00,1.621429085731506348e+00,-1.233749032020568848e+00
-1.821799993515014648e+00,-1.136551976203918457e+00,1.611381292343139648e+00,-1.225929617881774902e+00
-1.818035840988159180e+00,-1.125416040420532227e+00,1.601368188858032227e+00,-1.218142867088317871e+00
-1.814296483993530273e+00,-1.114279985427856445e+00,1.591389536857604980e+00,-1.210389256477355957e+00
-1.810582518577575684e+00,-1.103146195411682129e+00,1.581447005271911621e+00,-1.202669501304626465e+00
-1.806894540786743164e+00,-1.092014551162719727e+00,1.571540117263793945e+00,-1.194983005523681641e+00
-1.803232312202453613e+00,-1.080886721611022949e+00,1.561669707298278809e+00,-1.187330722808837891e+00
-1.799594044685363770e+00,-1.069762229919433594e+00,1.551835298538208008e+00,-1.179711699485778809e+00
-1.795981764793395996e+00,-1.058644056320190430e+00,1.542038440704345703e+00,-1.172127246856689453e+00
-1.792394399642944336e+00,-1.047530174255371094e+00,1.532278180122375488e+00,-1.164576053619384766e+00
-1.788831830024719238e+00,-1.036423444747924805e+00,1.522555112838745117e+00,-1.157059073448181152e+00
-1.785294771194458008e+00,-1.025323748588562012e+00,1.512870550155639648e+00,-1.149576783180236816e+00
-1.781781911849975586e+00,-1.014231920242309570e+00,1.503223657608032227e+00,-1.142128348350524902e+00
-1.778294444084167480e+00,-1.003149032592773438e+00,1.493615269660949707e+00,-1.134714722633361816e+00
-1.774831295013427734e+00,-9.920759201049804688e-01,1.484045505523681641e+00,-1.127335429191589355e+00
-1.771393299102783203e+00,-9.810124635696411133e-01,1.474514961242675781e+00,-1.119991064071655273e+00
-1.767979145050048828e+00,-9.699596762657165527e-01,1.465022683143615723e+00,-1.112680673599243164e+00
-1.764590740203857422e+00,-9.589196443557739258e-01,1.455571174621582031e+00,-1.105405926704406738e+00
-1.761226058006286621e+00,-9.478908777236938477e-01,1.446158528327941895e+00,-1.098165392875671387e+00
-1.757885813713073730e+00,-9.368757605552673340e-01,1.436785936355590820e+00,-1.090960025787353516e+00
-1.754569530487060547e+00,-9.258743524551391602e-01,1.427453517913818359e+00,-1.083789587020874023e+00
-1.751277446746826172e+00,-9.148870706558227539e-01,1.418161034584045410e+00,-1.076653957366943359e+00
-1.748008966445922852e+00,-9.039142131805419922e-01,1.408909082412719727e+00,-1.069553017616271973e+00
-1.744765639305114746e+00,-8.929581642150878906e-01,1.399698495864868164e+00,-1.062487840652465820e+00
-1.741545557975769043e+00,-8.820173144340515137e-01,1.390528440475463867e+00,-1.055457592010498047e+00
-1.738348960876464844e+00,-8.710938692092895508e-01,1.381398916244506836e+00,-1.048462033271789551e+00
-1.735176205635070801e+00,-8.601881265640258789e-01,1.372311472892761230e+00,-1.041501998901367188e+00
-1.732027053833007812e+00,-8.493001461029052734e-01,1.363265275955200195e+00,-1.034577369689941406e+00
-1.728901505470275879e+00,-8.384311795234680176e-01,1.354260683059692383e+00,-1.027688026428222656e+00
-1.725798964500427246e+00,-8.275813460350036621e-01,1.345296978950500488e+00,-1.020833492279052734e+00
-1.722719669342041016e+00,-8.167517185211181641e-01,1.336376070976257324e+00,-1.014014720916748047e+00
-1.719663381576538086e+00,-8.059414029121398926e-01,1.327496528625488281e+00,-1.007230639457702637e+00
-1.716630339622497559e+00,-7.951533198356628418e-01,1.318659305572509766e+00,-1.000482201576232910e+00
-1.713619709014892578e+00,-7.843862175941467285e-01,1.309864282608032227e+00,-9.937689900398254395e-01
-1.710632801055908203e+00,-7.736417055130004883e-01,1.301112174987792969e+00,-9.870916008949279785e-01
-1.707667827606201172e+00,-7.629189491271972656e-01,1.292401552200317383e+00,-9.804487228393554688e-01
-1.704725861549377441e+00,-7.522202730178833008e-01,1.283734321594238281e+00,-9.738419651985168457e-01
-1.701805710792541504e+00,-7.415441274642944336e-01,1.275108814239501953e+00,-9.672695398330688477e-01
-1.698908090591430664e+00,-7.308928966522216797e-01,1.266526460647583008e+00,-9.607329368591308594e-01
-1.696033000946044922e+00,-7.202659249305725098e-01,1.257987141609191895e+00,-9.542316794395446777e-01
-1.693179488182067871e+00,-7.096643447875976562e-01,1.249490022659301758e+00,-9.477654695510864258e-01
-1.690348029136657715e+00,-6.990884542465209961e-01,1.241036534309387207e+00,-9.413347244262695312e-01
-1.687538623809814453e+00,-6.885379552841186523e-01,1.232625722885131836e+00,-9.349389076232910156e-01
-1.684751033782958984e+00,-6.780147552490234375e-01,1.224257826805114746e+00,-9.285783767700195312e-01
-1.681984424591064453e+00,-6.675178408622741699e-01,1.215932607650756836e+00,-9.222526550292968750e-01
-1.679239749908447266e+00,-6.570487022399902344e-01,1.207651138305664062e+00,-9.159625768661499023e-01
-1.676516175270080566e+00,-6.466070413589477539e-01,1.199412465095520020e+00,-9.097071886062622070e-01
-1.673813223838806152e+00,-6.361935138702392578e-01,1.191216707229614258e+00,-9.034866690635681152e-01
-1.671132564544677734e+00,-6.258088946342468262e-01,1.183064699172973633e+00,-8.973016142845153809e-01
-1.668471455574035645e+00,-6.154534816741943359e-01,1.174955248832702637e+00,-8.911508917808532715e-01
-1.665832519531250000e+00,-6.051272749900817871e-01,1.166890025138854980e+00,-8.850358128547668457e-01
-1.663213849067687988e+00,-5.948311686515808105e-01,1.158867597579956055e+00,-8.789553046226501465e-01
-1.660615444183349609e+00,-5.845647454261779785e-01,1.150887966156005859e+00,-8.729094266891479492e-01
-1.658037662506103516e+00,-5.743288397789001465e-01,1.142951726913452148e+00,-8.668980598449707031e-01
-1.655480742454528809e+00,-5.641242861747741699e-01,1.135058999061584473e+00,-8.609219789505004883e-01
-1.652942657470703125e+00,-5.539507269859313965e-01,1.127208948135375977e+00,-8.549796342849731445e-01
-1.650425553321838379e+00,-5.438088178634643555e-01,1.119402289390563965e+00,-8.490723371505737305e-01
-1.649506092071533203e+00,-5.400911569595336914e-01,1.116545438766479492e+00,-8.469109535217285156e-01
-1.649506092071533203e+00,-5.400911569595336914e-01,1.116545438766479492e+00,-8.469109535217285156e-01
-1.607409238815307617e+00,-5.329177975654602051e-01,1.095572352409362793e+00,-8.290433287620544434e-01
-1.542998671531677246e+00,-5.245203971862792969e-01,1.065586566925048828e+00,-8.029435276985168457e-01
-1.481055617332458496e+00,-5.191930532455444336e-01,1.038675069808959961e+00,-7.790141105651855469e-01
-1.421423316001892090e+00,-5.164371132850646973e-01,1.014115691184997559e+00,-7.568360567092895508e-01
-1.363959670066833496e+00,-5.158736109733581543e-01,9.914178848266601562e-01,-7.361112236976623535e-01
-1.308527112007141113e+00,-5.171847343444824219e-01,9.701851606369018555e-01,-7.165927886962890625e-01
-1.254993438720703125e+00,-5.201103687286376953e-01,9.501061439514160156e-01,-6.980802416801452637e-01
-1.203245162963867188e+00,-5.244510769844055176e-01,9.309859275817871094e-01,-6.804381608963012695e-01
-1.153186202049255371e+00,-5.300483703613281250e-01,9.127092361450195312e-01,-6.635772585868835449e-01
-1.104729771614074707e+00,-5.367635488510131836e-01,8.951876163482666016e-01,-6.474247574806213379e-01
-1.057794809341430664e+00,-5.444684624671936035e-01,8.783419132232666016e-01,-6.319151520729064941e-01
-1.012302637100219727e+00,-5.530443191528320312e-01,8.620898723602294922e-01,-6.169828176498413086e-01
-9.681805372238159180e-01,-5.623871684074401855e-01,8.463678359985351562e-01,-6.025744676589965820e-01
-9.253654479980468750e-01,-5.724060535430908203e-01,8.311355113983154297e-01,-5.886508226394653320e-01
-8.838000297546386719e-01,-5.830200910568237305e-01,8.163610100746154785e-01,-5.751790404319763184e-01
-8.434254527091979980e-01,-5.941489338874816895e-01,8.019979596138000488e-01,-5.621195435523986816e-01
-8.041923642158508301e-01,-6.057249307632446289e-01,7.880238294601440430e-01,-5.494474172592163086e-01
-7.660556435585021973e-01,-6.176842451095581055e-01,7.744182348251342773e-01,-5.371396541595458984e-01
-7.289726734161376953e-01,-6.299703717231750488e-01,7.611649036407470703e-01,-5.251771807670593262e-01
-6.929005384445190430e-01,-6.425253152847290039e-01,7.482351064682006836e-01,-5.135345458984375000e-01
-6.578023433685302734e-01,-6.552989482879638672e-01,7.356142997741699219e-01,-5.021947026252746582e-01
-6.236414909362792969e-01,-6.682441234588623047e-01,7.232825756072998047e-01,-4.911392629146575928e-01
-5.903837680816650391e-01,-6.813167333602905273e-01,7.112230658531188965e-01,-4.803510308265686035e-01
-5.579975247383117676e-01,-6.944764256477355957e-01,6.994206905364990234e-01,-4.698154926300048828e-01
-5.264529585838317871e-01,-7.076862454414367676e-01,6.878616213798522949e-01,-4.595189392566680908e-01
-4.957217872142791748e-01,-7.209118008613586426e-01,6.765333414077758789e-01,-4.494488835334777832e-01
-4.657770991325378418e-01,-7.341215014457702637e-01,6.654243469238281250e-01,-4.395940303802490234e-01
-4.365947842597961426e-01,-7.472862005233764648e-01,6.545249819755554199e-01,-4.299441576004028320e-01
-4.081509709358215332e-01,-7.603796124458312988e-01,6.438262462615966797e-01,-4.204904437065124512e-01
-3.804230093955993652e-01,-7.733766436576843262e-01,6.333184242248535156e-01,-4.112236201763153076e-01
-3.533884286880493164e-01,-7.862537503242492676e-01,6.229901909828186035e-01,-4.021337628364562988e-01
-3.270282745361328125e-01,-7.989900708198547363e-01,6.128355264663696289e-01,-3.932144045829772949e-01
-3.013228476047515869e-01,-8.115662336349487305e-01,6.028472185134887695e-01,-3.844586014747619629e-01
-2.762540578842163086e-01,-8.239641785621643066e-01,5.930181145668029785e-01,-3.758597373962402344e-01
-2.518032789230346680e-01,-8.361692428588867188e-01,5.833416581153869629e-01,-3.674115836620330811e-01
-2.279541790485382080e-01,-8.481652736663818359e-01,5.738117098808288574e-01,-3.591083884239196777e-01
-2.046913802623748779e-01,-8.599393367767333984e-01,5.644231438636779785e-01,-3.509455323219299316e-01
-1.819994747638702393e-01,-8.714779019355773926e-01,5.551705956459045410e-01,-3.429178297519683838e-01
-1.598621457815170288e-01,-8.827719092369079590e-01,5.460474491119384766e-01,-3.350200057029724121e-01
-1.382659077644348145e-01,-8.938099145889282227e-01,5.370495319366455078e-01,-3.272477090358734131e-01
-1.171967238187789917e-01,-9.045828580856323242e-01,5.281715393066406250e-01,-3.195967078208923340e-01
-9.664190560579299927e-02,-9.150819182395935059e-01,5.194095373153686523e-01,-3.120635151863098145e-01
-7.658836245536804199e-02,-9.253014922142028809e-01,5.107598900794982910e-01,-3.046444654464721680e-01
-5.702307447791099548e-02,-9.352350831031799316e-01,5.022180676460266113e-01,-2.973360121250152588e-01
-3.793487697839736938e-02,-9.448759555816650391e-01,4.937804937362670898e-01,-2.901347875595092773e-01
-1.931206323206424713e-02,-9.542189836502075195e-01,4.854434132575988770e-01,-2.830377519130706787e-01
-1.143920235335826874e-03,-9.632612466812133789e-01,4.772040545940399170e-01,-2.760426998138427734e-01
1.658155024051666260e-02,-9.719992876052856445e-01,4.690591692924499512e-01,-2.691460847854614258e-01
3.387372195720672607e-02,-9.804294705390930176e-01,4.610059559345245361e-01,-2.623460590839385986e-01
5.074274539947509766e-02,-9.885494112968444824e-01,4.530417621135711670e-01,-2.556400001049041748e-01
6.719879806041717529e-02,-9.963566660881042480e-01,4.451632201671600342e-01,-2.490253001451492310e-01
8.325138688087463379e-02,-1.003851413726806641e+00,4.373687207698822021e-01,-2.425003349781036377e-01
9.890995919704437256e-02,-1.011031508445739746e+00,4.296553134918212891e-01,-2.360626608133316040e-01
1.141831427812576294e-01,-1.017897367477416992e+00,4.220211505889892578e-01,-2.297104597091674805e-01
1.290799379348754883e-01,-1.024447679519653320e+00,4.144639074802398682e-01,-2.234418988227844238e-01
1.436089575290679932e-01,-1.030683875083923340e+00,4.069812893867492676e-01,-2.172551900148391724e-01
1.577785611152648926e-01,-1.036606431007385254e+00,3.995718657970428467e-01,-2.111482322216033936e-01
1.715969741344451904e-01,-1.042215585708618164e+00,3.922328352928161621e-01,-2.051192820072174072e-01
1.850723028182983398e-01,-1.047513961791992188e+00,3.849630057811737061e-01,-1.991672813892364502e-01
1.982119083404541016e-01,-1.052502155303955078e+00,3.777605295181274414e-01,-1.932901442050933838e-01
2.110237181186676025e-01,-1.057182550430297852e+00,3.706240653991699219e-01,-1.874868720769882202e-01
2.235150188207626343e-01,-1.061557412147521973e+00,3.635513186454772949e-01,-1.817555576562881470e-01
2.356929033994674683e-01,-1.065627813339233398e+00,3.565410375595092773e-01,-1.760949194431304932e-01
2.475644946098327637e-01,-1.069397926330566406e+00,3.495920598506927490e-01,-1.705036759376525879e-01
2.591369152069091797e-01,-1.072869777679443359e+00,3.427027463912963867e-01,-1.649804115295410156e-01
2.704165875911712646e-01,-1.076046228408813477e+00,3.358719348907470703e-01,-1.595240682363510132e-01
2.814102172851562500e-01,-1.078930377960205078e+00,3.290979862213134766e-01,-1.541332602500915527e-01
2.921241223812103271e-01,-1.081525325775146484e+00,3.223802447319030762e-01,-1.488068550825119019e-01
3.025644719600677490e-01,-1.083835124969482422e+00,3.157173395156860352e-01,-1.435436457395553589e-01
3.127380013465881348e-01,-1.085862636566162109e+00,3.091078698635101318e-01,-1.383425891399383545e-01
3.226501643657684326e-01,-1.087611675262451172e+00,3.025510907173156738e-01,-1.332026124000549316e-01
3.323066234588623047e-01,-1.089086294174194336e+00,2.960464358329772949e-01,-1.281227469444274902e-01
3.417138457298278809e-01,-1.090289711952209473e+00,2.895919084548950195e-01,-1.231017410755157471e-01
3.508770167827606201e-01,-1.091225743293762207e+00,2.831870615482330322e-01,-1.181385368108749390e-01
3.598018288612365723e-01,-1.091899275779724121e+00,2.768309712409973145e-01,-1.132323294878005981e-01
3.684929609298706055e-01,-1.092313408851623535e+00,2.705232501029968262e-01,-1.083823889493942261e-01
3.769567608833312988e-01,-1.092473387718200684e+00,2.642623186111450195e-01,-1.035873740911483765e-01
3.851974904537200928e-01,-1.092381954193115234e+00,2.580478489398956299e-01,-9.884670376777648926e-02
3.932208418846130371e-01,-1.092044711112976074e+00,2.518788576126098633e-01,-9.415924549102783203e-02
4.010319113731384277e-01,-1.091465353965759277e+00,2.457544356584548950e-01,-8.952394127845764160e-02
4.086348414421081543e-01,-1.090648174285888672e+00,2.396742403507232666e-01,-8.494038879871368408e-02
4.160342216491699219e-01,-1.089597225189208984e+00,2.336379438638687134e-01,-8.040782809257507324e-02
4.232355058193206787e-01,-1.088316798210144043e+00,2.276441454887390137e-01,-7.592499256134033203e-02
4.302423298358917236e-01,-1.086812257766723633e+00,2.216932326555252075e-01,-7.149197161197662354e-02
4.370599091053009033e-01,-1.085086941719055176e+00,2.157835662364959717e-01,-6.710685789585113525e-02
4.436922073364257812e-01,-1.083145976066589355e+00,2.099153995513916016e-01,-6.276977062225341797e-02
4.501436650753021240e-01,-1.080994009971618652e+00,2.040880620479583740e-01,-5.847981572151184082e-02
4.564185142517089844e-01,-1.078635215759277344e+00,1.983007788658142090e-01,-5.423596501350402832e-02
4.625208973884582520e-01,-1.076074719429016113e+00,1.925534307956695557e-01,-5.003771185874938965e-02
4.684546887874603271e-01,-1.073315262794494629e+00,1.868448555469512939e-01,-4.588425159454345703e-02
4.742231070995330811e-01,-1.070361733436584473e+00,1.811753511428833008e-01,-4.177528619766235352e-02
4.798311591148376465e-01,-1.067218542098999023e+00,1.755433976650238037e-01,-3.770932555198669434e-02
4.852817058563232422e-01,-1.063891053199768066e+00,1.699499785900115967e-01,-3.368674218654632568e-02
4.905791878700256348e-01,-1.060382962226867676e+00,1.643937230110168457e-01,-2.970619499683380127e-02
4.957271814346313477e-01,-1.056698799133300781e+00,1.588743925094604492e-01,-2.576722204685211182e-02
5.007287263870239258e-01,-1.052843689918518066e+00,1.533921062946319580e-01,-2.186925709247589111e-02
5.055877566337585449e-01,-1.048821330070495605e+00,1.479460299015045166e-01,-1.801164448261260986e-02
5.103078484535217285e-01,-1.044636249542236328e+00,1.425355970859527588e-01,-1.419390738010406494e-02
5.148905515670776367e-01,-1.040290594100952148e+00,1.371616125106811523e-01,-1.041579246520996094e-02
5.193407535552978516e-01,-1.035790085792541504e+00,1.318228244781494141e-01,-6.676286458969116211e-03
5.236608982086181641e-01,-1.031138777732849121e+00,1.265192329883575439e-01,-2.975180745124816895e-03
5.278541445732116699e-01,-1.026340723037719727e+00,1.212507188320159912e-01,6.884038448333740234e-04
5.319245457649230957e-01,-1.021400690078735352e+00,1.160164475440979004e-01,4.314869642257690430e-03
5.358740091323852539e-01,-1.016322493553161621e+00,1.108167171478271484e-01,7.904484868049621582e-03
5.397058129310607910e-01,-1.011110067367553711e+00,1.056512892246246338e-01,1.145808398723602295e-02
5.434228777885437012e-01,-1.005767941474914551e+00,1.005199849605560303e-01,1.497569680213928223e-02
5.470273494720458984e-01,-1.000298261642456055e+00,9.542223811149597168e-02,1.845812797546386719e-02
5.505222678184509277e-01,-9.947050809860229492e-01,9.035769104957580566e-02,2.190579473972320557e-02
5.539102554321289062e-01,-9.889925122261047363e-01,8.532652258872985840e-02,2.531918883323669434e-02
5.571939945220947266e-01,-9.831642508506774902e-01,8.032822608947753906e-02,2.869893610477447510e-02
5.603759884834289551e-01,-9.772253632545471191e-01,7.536312937736511230e-02,3.204488754272460938e-02
5.634589195251464844e-01,-9.711778163909912109e-01,7.043048739433288574e-02,3.535801172256469727e-02
5.664445757865905762e-01,-9.650261998176574707e-01,6.553056836128234863e-02,3.863833844661712646e-02
5.693359971046447754e-01,-9.587740302085876465e-01,6.066316366195678711e-02,4.188649356365203857e-02
5.721356868743896484e-01,-9.524246454238891602e-01,5.582761764526367188e-02,4.510299861431121826e-02
5.748450160026550293e-01,-9.459795355796813965e-01,5.102381110191345215e-02,4.828827083110809326e-02
5.774661898612976074e-01,-9.394442439079284668e-01,4.625228047370910645e-02,5.144223570823669434e-02
5.800019502639770508e-01,-9.328212141990661621e-01,4.151219129562377930e-02,5.456548929214477539e-02
5.824548006057739258e-01,-9.261137843132019043e-01,3.680339455604553223e-02,5.765907466411590576e-02
5.848258137702941895e-01,-9.193257689476013184e-01,3.212624788284301758e-02,6.072232127189636230e-02
5.871175527572631836e-01,-9.124594926834106445e-01,2.748006582260131836e-02,6.375621259212493896e-02
5.893322229385375977e-01,-9.055194854736328125e-01,2.286499738693237305e-02,6.676101684570312500e-02
5.914711952209472656e-01,-8.985077142715454102e-01,1.828113198280334473e-02,6.973671913146972656e-02
5.935367345809936523e-01,-8.914264440536499023e-01,1.372772455215454102e-02,7.268422842025756836e-02
5.955302119255065918e-01,-8.842788338661193848e-01,9.205102920532226562e-03,7.560354471206665039e-02
5.974536538124084473e-01,-8.770682215690612793e-01,4.712849855422973633e-03,7.849496603012084961e-02
5.993092656135559082e-01,-8.697975873947143555e-01,2.508163452148437500e-04,8.135908842086791992e-02
6.010980606079101562e-01,-8.624691963195800781e-01,-4.180729389190673828e-03,8.419591188430786133e-02
6.028220653533935547e-01,-8.550866842269897461e-01,-8.581995964050292969e-03,8.700571954250335693e-02
6.044831871986389160e-01,-8.476520776748657227e-01,-1.295349001884460449e-02,8.978912234306335449e-02
6.060830950736999512e-01,-8.401687741279602051e-01,-1.729515194892883301e-02,9.254638850688934326e-02
6.076228618621826172e-01,-8.326388597488403320e-01,-2.160683274269104004e-02,9.527745842933654785e-02
6.091034412384033203e-01,-8.250632882118225098e-01,-2.588871121406555176e-02,9.798286855220794678e-02
6.105278730392456055e-01,-8.174455165863037109e-01,-3.014189004898071289e-02,1.006632149219512939e-01
6.118963956832885742e-01,-8.097889423370361328e-01,-3.436496853828430176e-02,1.033180505037307739e-01
6.132107973098754883e-01,-8.020946383476257324e-01,-3.855901956558227539e-02,1.059482544660568237e-01
6.144726276397705078e-01,-7.943660020828247070e-01,-4.272380471229553223e-02,1.085537970066070557e-01
6.156832575798034668e-01,-7.866048812866210938e-01,-4.685962200164794922e-02,1.111350506544113159e-01
6.168437004089355469e-01,-7.788132429122924805e-01,-5.096620321273803711e-02,1.136922240257263184e-01
6.179557442665100098e-01,-7.709941864013671875e-01,-5.504396557807922363e-02,1.162254363298416138e-01
6.190202832221984863e-01,-7.631487846374511719e-01,-5.909320712089538574e-02,1.187351793050765991e-01
6.200386285781860352e-01,-7.552786469459533691e-01,-6.311395764350891113e-02,1.212219297885894775e-01
6.210114359855651855e-01,-7.473866939544677734e-01,-6.710571050643920898e-02,1.236851513385772705e-01
6.219409704208374023e-01,-7.394745349884033203e-01,-7.106950879096984863e-02,1.261257827281951904e-01
6.228275895118713379e-01,-7.315441370010375977e-01,-7.500490546226501465e-02,1.285438686609268188e-01
6.236726045608520508e-01,-7.235975265502929688e-01,-7.891198992729187012e-02,1.309394836425781250e-01
6.244775056838989258e-01,-7.156369090080261230e-01,-8.279128372669219971e-02,1.333130598068237305e-01
6.252430677413940430e-01,-7.076635956764221191e-01,-8.664257824420928955e-02,1.356647908687591553e-01
6.259701848030090332e-01,-6.996799111366271973e-01,-9.046588838100433350e-02,1.379947364330291748e-01
6.266595125198364258e-01,-6.916859745979309082e-01,-9.426145255565643311e-02,1.403030604124069214e-01
6.273127794265747070e-01,-6.836848258972167969e-01,-9.802949428558349609e-02,1.425901502370834351e-01
6.279306411743164062e-01,-6.756773591041564941e-01,-1.017701625823974609e-01,1.448564529418945312e-01
6.285142302513122559e-01,-6.676657199859619141e-01,-1.054835319519042969e-01,1.471017450094223022e-01
6.290642023086547852e-01,-6.596511006355285645e-01,-1.091696321964263916e-01,1.493265628814697266e-01
6.295816302299499512e-01,-6.516351103782653809e-01,-1.128286421298980713e-01,1.515309363603591919e-01
6.300673484802246094e-01,-6.436195969581604004e-01,-1.164605468511581421e-01,1.537150740623474121e-01
6.305221915245056152e-01,-6.356056332588195801e-01,-1.200654208660125732e-01,1.558790653944015503e-01
6.309472322463989258e-01,-6.275945901870727539e-01,-1.236439645290374756e-01,1.580234766006469727e-01
6.313426494598388672e-01,-6.195873022079467773e-01,-1.271954178810119629e-01,1.601479351520538330e-01
6.317096948623657227e-01,-6.115853786468505859e-01,-1.307205706834793091e-01,1.622530817985534668e-01
6.320493817329406738e-01,-6.035901308059692383e-01,-1.342194378376007080e-01,1.643392145633697510e-01
6.323618888854980469e-01,-5.956032276153564453e-01,-1.376919150352478027e-01,1.664059609174728394e-01
6.326482892036437988e-01,-5.876252651214599609e-01,-1.411381959915161133e-01,1.684538871049880981e-01
6.329091787338256836e-01,-5.796577334403991699e-01,-1.445583105087280273e-01,1.704830974340438843e-01
6.331454515457153320e-01,-5.717018842697143555e-01,-1.479526758193969727e-01,1.724938303232192993e-01
6.333580017089843750e-01,-5.637587308883666992e-01,-1.513213366270065308e-01,1.744863092899322510e-01
6.335467696189880371e-01,-5.558287501335144043e-01,-1.546642035245895386e-01,1.764603257179260254e-01
6.337128281593322754e-01,-5.479132533073425293e-01,-1.579815447330474854e-01,1.784165352582931519e-01
6.338567137718200684e-01,-5.400134921073913574e-01,-1.612733155488967896e-01,1.803547292947769165e-01
6.339793205261230469e-01,-5.321303606033325195e-01,-1.645401269197463989e-01,1.822755038738250732e-01
6.340808868408203125e-01,-5.242645740509033203e-01,-1.677815765142440796e-01,1.841786503791809082e-01
6.341622471809387207e-01,-5.164175629615783691e-01,-1.709979325532913208e-01,1.860643178224563599e-01
6.342239379882812500e-01,-5.085899829864501953e-01,-1.741895079612731934e-01,1.879328489303588867e-01
6.342664361000061035e-01,-5.007826089859008789e-01,-1.773561686277389526e-01,1.897842884063720703e-01
6.342902183532714844e-01,-4.929963350296020508e-01,-1.804981529712677002e-01,1.916189044713973999e-01
6.342961788177490234e-01,-4.852310717105865479e-01,-1.836158335208892822e-01,1.934369504451751709e-01
6.342842578887939453e-01,-4.774887561798095703e-01,-1.867088675498962402e-01,1.952381432056427002e-01
6.342556476593017578e-01,-4.697699248790740967e-01,-1.897778064012527466e-01,1.970231682062149048e-01
6.342102885246276855e-01,-4.620747864246368408e-01,-1.928226351737976074e-01,1.987918764352798462e-01
6.341486573219299316e-01,-4.544045627117156982e-01,-1.958431750535964966e-01,2.005443274974822998e-01
6.340717077255249023e-01,-4.467598199844360352e-01,-1.988400816917419434e-01,2.022809088230133057e-01
6.339793801307678223e-01,-4.391413033008575439e-01,-2.018131017684936523e-01,2.040015012025833130e-01
6.338726282119750977e-01,-4.315492212772369385e-01,-2.047625780105590820e-01,2.057065814733505249e-01
6.337515115737915039e-01,-4.239844679832458496e-01,-2.076885551214218140e-01,2.073960900306701660e-01
6.336164474487304688e-01,-4.164473414421081543e-01,-2.105910927057266235e-01,2.090700715780258179e-01
6.334677338600158691e-01,-4.089385867118835449e-01,-2.134704738855361938e-01,2.107288986444473267e-01
6.333061456680297852e-01,-4.014588296413421631e-01,-2.163266837596893311e-01,2.123724818229675293e-01
6.331318616867065430e-01,-3.940085768699645996e-01,-2.191599011421203613e-01,2.140010744333267212e-01
6.329452991485595703e-01,-3.865883350372314453e-01,-2.219703346490859985e-01,2.156148701906204224e-01
6.327469348907470703e-01,-3.791983425617218018e-01,-2.247581928968429565e-01,2.172139436006546021e-01
6.325370073318481445e-01,-3.718392848968505859e-01,-2.275233417749404907e-01,2.187983989715576172e-01
6.323161125183105469e-01,-3.645117282867431641e-01,-2.302663028240203857e-01,2.203685343265533447e-01
6.320840716361999512e-01,-3.572155237197875977e-01,-2.329868078231811523e-01,2.219242006540298462e-01
6.318414211273193359e-01,-3.499515056610107422e-01,-2.356849312782287598e-01,2.234654426574707031e-01
6.315888166427612305e-01,-3.427198529243469238e-01,-2.383615076541900635e-01,2.249929308891296387e-01
6.313262581825256348e-01,-3.355211615562438965e-01,-2.410159111022949219e-01,2.265064120292663574e-01
6.310542821884155273e-01,-3.283556699752807617e-01,-2.436485588550567627e-01,2.280059754848480225e-01
6.307727694511413574e-01,-3.212237954139709473e-01,-2.462595552206039429e-01,2.294917851686477661e-01
6.304826736450195312e-01,-3.141255676746368408e-01,-2.488492727279663086e-01,2.309641391038894653e-01
6.301836371421813965e-01,-3.070618212223052979e-01,-2.514174282550811768e-01,2.324229925870895386e-01
6.298760175704956055e-01,-3.000320792198181152e-01,-2.539643347263336182e-01,2.338683307170867920e-01
6.295606493949890137e-01,-2.930372953414916992e-01,-2.564903497695922852e-01,2.353005856275558472e-01
6.292371153831481934e-01,-2.860772013664245605e-01,-2.589951753616333008e-01,2.367196828126907349e-01
6.289060711860656738e-01,-2.791521549224853516e-01,-2.614794373512268066e-01,2.381258308887481689e-01
6.285675764083862305e-01,-2.722628712654113770e-01,-2.639427781105041504e-01,2.395189553499221802e-01
6.282218694686889648e-01,-2.654090523719787598e-01,-2.663856744766235352e-01,2.408993840217590332e-01
6.278695464134216309e-01,-2.585909664630889893e-01,-2.688080668449401855e-01,2.422672808170318604e-01
6.275104284286499023e-01,-2.518090009689331055e-01,-2.712101936340332031e-01,2.436223924160003662e-01
6.271448731422424316e-01,-2.450634837150573730e-01,-2.735921740531921387e-01,2.449651360511779785e-01
6.267730593681335449e-01,-2.383538335561752319e-01,-2.759541571140289307e-01,2.462956458330154419e-01
6.263951063156127930e-01,-2.316806912422180176e-01,-2.782961726188659668e-01,2.476138025522232056e-01
6.260115504264831543e-01,-2.250442802906036377e-01,-2.806184887886047363e-01,2.489198446273803711e-01
6.256224513053894043e-01,-2.184444218873977661e-01,-2.829214334487915039e-01,2.502141296863555908e-01
6.252278685569763184e-01,-2.118816524744033813e-01,-2.852045297622680664e-01,2.514962553977966309e-01
6.248278617858886719e-01,-2.053557485342025757e-01,-2.874683439731597900e-01,2.527665495872497559e-01
6.244231462478637695e-01,-1.988670080900192261e-01,-2.897129058837890625e-01,2.540252804756164551e-01
6.240133047103881836e-01,-1.924157142639160156e-01,-2.919383943080902100e-01,2.552722394466400146e-01
6.235989332199096680e-01,-1.860010623931884766e-01,-2.941448688507080078e-01,2.565079033374786377e-01
6.231798529624938965e-01,-1.796238571405410767e-01,-2.963325679302215576e-01,2.577320337295532227e-01
6.227567791938781738e-01,-1.732838451862335205e-01,-2.985016107559204102e-01,2.589449882507324219e-01
6.223292350769042969e-01,-1.669812351465225220e-01,-3.006519973278045654e-01,2.601466774940490723e-01
6.218975782394409180e-01,-1.607161164283752441e-01,-3.027838766574859619e-01,2.613371312618255615e-01
6.214623451232910156e-01,-1.544881761074066162e-01,-3.048976361751556396e-01,2.625167369842529297e-01
6.210232973098754883e-01,-1.482977122068405151e-01,-3.069931864738464355e-01,2.636854648590087891e-01
6.205801367759704590e-01,-1.421446353197097778e-01,-3.090702295303344727e-01,2.648431062698364258e-01
6.201338768005371094e-01,-1.360290497541427612e-01,-3.111296892166137695e-01,2.659902870655059814e-01
6.196843385696411133e-01,-1.299508810043334961e-01,-3.131714463233947754e-01,2.671267986297607422e-01
6.192317008972167969e-01,-1.239102333784103394e-01,-3.151955902576446533e-01,2.682528495788574219e-01
6.187759637832641602e-01,-1.179068312048912048e-01,-3.172020316123962402e-01,2.693683803081512451e-01
6.183170676231384277e-01,-1.119408383965492249e-01,-3.191909790039062500e-01,2.704735398292541504e-01
6.178553104400634766e-01,-1.060121804475784302e-01,-3.211624622344970703e-01,2.715682983398437500e-01
6.173910498619079590e-01,-1.001208946108818054e-01,-3.231170773506164551e-01,2.726531028747558594e-01
6.169242262840270996e-01,-9.426695108413696289e-02,-3.250546455383300781e-01,2.737278342247009277e-01
6.164548993110656738e-01,-8.845018595457077026e-02,-3.269752264022827148e-01,2.747924923896789551e-01
6.159831285476684570e-01,-8.267052471637725830e-02,-3.288788795471191406e-01,2.758471965789794922e-01
6.155092120170593262e-01,-7.692819088697433472e-02,-3.307660818099975586e-01,2.768921852111816406e-01
6.150329709053039551e-01,-7.122310996055603027e-02,-3.326363563537597656e-01,2.779272496700286865e-01
6.145550012588500977e-01,-6.555488705635070801e-02,-3.344905376434326172e-01,2.789528965950012207e-01
6.140748858451843262e-01,-5.992392823100090027e-02,-3.363281786441802979e-01,2.799687981605529785e-01
6.135929822921752930e-01,-5.432970449328422546e-02,-3.381496071815490723e-01,2.809751629829406738e-01
6.131093502044677734e-01,-4.877265915274620056e-02,-3.399549424648284912e-01,2.819722294807434082e-01
6.126241683959960938e-01,-4.325230792164802551e-02,-3.417445123195648193e-01,2.829600274562835693e-01
6.121374368667602539e-01,-3.776895999908447266e-02,-3.435180485248565674e-01,2.839385271072387695e-01
6.116491556167602539e-01,-3.232252225279808044e-02,-3.452756404876708984e-01,2.849076986312866211e-01
6.111596822738647461e-01,-2.691260725259780884e-02,-3.470178544521331787e-01,2.858679890632629395e-01
6.106690764427185059e-01,-2.153948694467544556e-02,-3.487446010112762451e-01,2.868193089962005615e-01
6.101770997047424316e-01,-1.620317995548248291e-02,-3.504557013511657715e-01,2.877616286277770996e-01
6.096842288970947266e-01,-1.090361550450325012e-02,-3.521514534950256348e-01,2.886949479579925537e-01
6.091905832290649414e-01,-5.640536546707153320e-03,-3.538322448730468750e-01,2.896197736263275146e-01
6.086958050727844238e-01,-4.131048917770385742e-04,-3.554980754852294922e-01,2.905358672142028809e-01
6.081992387771606445e-01,4.779521375894546509e-03,-3.571486473083496094e-01,2.914429008960723877e-01
6.077022552490234375e-01,9.936682879924774170e-03,-3.587848544120788574e-01,2.923418879508972168e-01
6.072043776512145996e-01,1.505817100405693054e-02,-3.604062795639038086e-01,2.932322621345520020e-01
6.067055463790893555e-01,2.014406025409698486e-02,-3.620129823684692383e-01,2.941141724586486816e-01
6.062061190605163574e-01,2.519438415765762329e-02,-3.636051714420318604e-01,2.949877083301544189e-01
6.057062149047851562e-01,3.020969778299331665e-02,-3.651833236217498779e-01,2.958531975746154785e-01
6.052055358886718750e-01,3.518977016210556030e-02,-3.667468428611755371e-01,2.967103123664855957e-01
6.047046184539794922e-01,4.013489559292793274e-02,-3.682965338230133057e-01,2.975594699382781982e-01
6.042028665542602539e-01,4.504491388797760010e-02,-3.698317408561706543e-01,2.984002828598022461e-01
6.037011146545410156e-01,4.992049559950828552e-02,-3.713535070419311523e-01,2.992335259914398193e-01
6.031987071037292480e-01,5.476129427552223206e-02,-3.728610277175903320e-01,3.000585138797760010e-01
6.026960015296936035e-01,5.956762284040451050e-02,-3.743549585342407227e-01,3.008757829666137695e-01
6.021932959556579590e-01,6.433971971273422241e-02,-3.758354783058166504e-01,3.016853630542755127e-01
6.016902327537536621e-01,6.907765567302703857e-02,-3.773022890090942383e-01,3.024871945381164551e-01
6.011871099472045898e-01,7.378131151199340820e-02,-3.787557184696197510e-01,3.032814264297485352e-01
6.006838083267211914e-01,7.845169305801391602e-02,-3.801959753036499023e-01,3.040680289268493652e-01
6.001802086830139160e-01,8.308835327625274658e-02,-3.816227614879608154e-01,3.048470616340637207e-01
5.996767282485961914e-01,8.769150078296661377e-02,-3.830368518829345703e-01,3.056188821792602539e-01
5.991732478141784668e-01,9.226138889789581299e-02,-3.844377398490905762e-01,3.063831627368927002e-01
5.986697077751159668e-01,9.679802507162094116e-02,-3.858258128166198730e-01,3.071402609348297119e-01
5.981662869453430176e-01,1.013014912605285645e-01,-3.872008323669433594e-01,3.078898191452026367e-01
5.976630449295043945e-01,1.057723462581634521e-01,-3.885635137557983398e-01,3.086325228214263916e-01
5.971598625183105469e-01,1.102101057767868042e-01,-3.899134099483489990e-01,3.093678951263427734e-01
5.966569185256958008e-01,1.146155446767807007e-01,-3.912508487701416016e-01,3.100962638854980469e-01
5.961542725563049316e-01,1.189884841442108154e-01,-3.925759196281433105e-01,3.108176290988922119e-01
5.956521034240722656e-01,1.233291029930114746e-01,-3.938889205455780029e-01,3.115323483943939209e-01
5.951497554779052734e-01,1.276374310255050659e-01,-3.951893448829650879e-01,3.122398555278778076e-01
5.946480631828308105e-01,1.319140344858169556e-01,-3.964777886867523193e-01,3.129405677318572998e-01
5.941465497016906738e-01,1.361585557460784912e-01,-3.977541625499725342e-01,3.136344552040100098e-01
5.936455130577087402e-01,1.403714120388031006e-01,-3.990185856819152832e-01,3.143216669559478760e-01
5.931448340415954590e-01,1.445533633232116699e-01,-4.002714753150939941e-01,3.150024414062500000e-01
5.926443338394165039e-01,1.487045586109161377e-01,-4.015124440193176270e-01,3.156764209270477295e-01
5.921443104743957520e-01,1.528247445821762085e-01,-4.027418792247772217e-01,3.163439035415649414e-01
5.916448235511779785e-01,1.569142937660217285e-01,-4.039599299430847168e-01,3.170050978660583496e-01
5.911455750465393066e-01,1.609729230403900146e-01,-4.051662981510162354e-01,3.176596462726593018e-01
5.906472206115722656e-01,1.650011986494064331e-01,-4.063615798950195312e-01,3.183080554008483887e-01
5.901489853858947754e-01,1.689991652965545654e-01,-4.075453877449035645e-01,3.189499378204345703e-01
5.896511673927307129e-01,1.729670763015747070e-01,-4.087179303169250488e-01,3.195855021476745605e-01
5.891543626785278320e-01,1.769052445888519287e-01,-4.098798036575317383e-01,3.202151656150817871e-01
5.886579155921936035e-01,1.808134019374847412e-01,-4.110303819179534912e-01,3.208385109901428223e-01
5.881619453430175781e-01,1.846922338008880615e-01,-4.121701717376708984e-01,3.214558362960815430e-01
5.876667499542236328e-01,1.885416507720947266e-01,-4.132990837097167969e-01,3.220670223236083984e-01
5.871719717979431152e-01,1.923615336418151855e-01,-4.144173562526702881e-01,3.226723074913024902e-01
5.866780281066894531e-01,1.961525529623031616e-01,-4.155248999595642090e-01,3.232715725898742676e-01
5.861846208572387695e-01,1.999148577451705933e-01,-4.166220724582672119e-01,3.238650262355804443e-01
5.856920480728149414e-01,2.036482691764831543e-01,-4.177086055278778076e-01,3.244525790214538574e-01
5.852001309394836426e-01,2.073536515235900879e-01,-4.187850058078765869e-01,3.250345289707183838e-01
5.847084522247314453e-01,2.110302895307540894e-01,-4.198507666587829590e-01,3.256104886531829834e-01
5.842177867889404297e-01,2.146791815757751465e-01,-4.209064841270446777e-01,3.261808454990386963e-01
5.837279558181762695e-01,2.183000296354293823e-01,-4.219522178173065186e-01,3.267456889152526855e-01
5.832387208938598633e-01,2.218930125236511230e-01,-4.229878485202789307e-01,3.273048996925354004e-01
5.827499032020568848e-01,2.254584133625030518e-01,-4.240132570266723633e-01,3.278583884239196777e-01
5.822623372077941895e-01,2.289964407682418823e-01,-4.250290989875793457e-01,3.284066319465637207e-01
5.817751288414001465e-01,2.325071394443511963e-01,-4.260348677635192871e-01,3.289492428302764893e-01
5.812890529632568359e-01,2.359909266233444214e-01,-4.270313382148742676e-01,3.294866383075714111e-01
5.808033943176269531e-01,2.394476234912872314e-01,-4.280176758766174316e-01,3.300185501575469971e-01
5.803188681602478027e-01,2.428777664899826050e-01,-4.289948344230651855e-01,3.305453062057495117e-01
5.798349380493164062e-01,2.462811470031738281e-01,-4.299622774124145508e-01,3.310666382312774658e-01
5.793520212173461914e-01,2.496580779552459717e-01,-4.309204220771789551e-01,3.315828442573547363e-01
5.788697004318237305e-01,2.530086934566497803e-01,-4.318691492080688477e-01,3.320938348770141602e-01
5.783882141113281250e-01,2.563333809375762939e-01,-4.328086376190185547e-01,3.325996696949005127e-01
5.779078006744384766e-01,2.596326470375061035e-01,-4.337391853332519531e-01,3.331006765365600586e-01
5.774278044700622559e-01,2.629059553146362305e-01,-4.346603155136108398e-01,3.335962891578674316e-01
5.769487619400024414e-01,2.661540508270263672e-01,-4.355725347995758057e-01,3.340871930122375488e-01
5.764706134796142578e-01,2.693766951560974121e-01,-4.364758133888244629e-01,3.345730304718017578e-01
5.759932994842529297e-01,2.725741565227508545e-01,-4.373702108860015869e-01,3.350539803504943848e-01
5.755167603492736816e-01,2.757466137409210205e-01,-4.382558465003967285e-01,3.355300724506378174e-01
5.750411152839660645e-01,2.788941264152526855e-01,-4.391326904296875000e-01,3.360012769699096680e-01
5.745663046836853027e-01,2.820173203945159912e-01,-4.400008320808410645e-01,3.364676833152770996e-01
5.740925073623657227e-01,2.851158380508422852e-01,-4.408605396747589111e-01,3.369296193122863770e-01
5.736196041107177734e-01,2.881900966167449951e-01,-4.417117238044738770e-01,3.373866975307464600e-01
5.731474161148071289e-01,2.912400364875793457e-01,-4.425542950630187988e-01,3.378390669822692871e-01
5.726763010025024414e-01,2.942661046981811523e-01,-4.433887004852294922e-01,3.382869064807891846e-01
5.722057819366455078e-01,2.972681820392608643e-01,-4.442145228385925293e-01,3.387300372123718262e-01
5.717363953590393066e-01,3.002465367317199707e-01,-4.450322091579437256e-01,3.391687572002410889e-01
5.712677240371704102e-01,3.032012581825256348e-01,-4.458416700363159180e-01,3.396028280258178711e-01
5.708000659942626953e-01,3.061331510543823242e-01,-4.466431140899658203e-01,3.400326967239379883e-01
5.703333020210266113e-01,3.090415894985198975e-01,-4.474365711212158203e-01,3.404579162597656250e-01
5.698672533035278320e-01,3.119275271892547607e-01,-4.482219815254211426e-01,3.408789336681365967e-01
5.694022178649902344e-01,3.147900402545928955e-01,-4.489994347095489502e-01,3.412954509258270264e-01
5.689380168914794922e-01,3.176303207874298096e-01,-4.497690498828887939e-01,3.417077362537384033e-01
5.684747695922851562e-01,3.204481601715087891e-01,-4.505310654640197754e-01,3.421157896518707275e-01
5.680125355720520020e-01,3.232432305812835693e-01,-4.512852430343627930e-01,3.425195813179016113e-01
5.675510168075561523e-01,3.260164260864257812e-01,-4.520317614078521729e-01,3.429191112518310547e-01
5.670903921127319336e-01,3.287673890590667725e-01,-4.527707099914550781e-01,3.433145284652709961e-01
5.666307210922241211e-01,3.314964175224304199e-01,-4.535020589828491211e-01,3.437057733535766602e-01
5.661719441413879395e-01,3.342039287090301514e-01,-4.542260169982910156e-01,3.440930545330047607e-01
5.657142400741577148e-01,3.368897140026092529e-01,-4.549425244331359863e-01,3.444762229919433594e-01
5.652571916580200195e-01,3.395540416240692139e-01,-4.556516706943511963e-01,3.448553085327148438e-01
5.648012161254882812e-01,3.421970903873443604e-01,-4.563537240028381348e-01,3.452305793762207031e-01
5.643460750579833984e-01,3.448191285133361816e-01,-4.570484757423400879e-01,3.456017971038818359e-01
5.638918876647949219e-01,3.474200963973999023e-01,-4.577360749244689941e-01,3.459691405296325684e-01
5.634384155273437500e-01,3.500005006790161133e-01,-4.584163725376129150e-01,3.463323712348937988e-01
5.629860758781433105e-01,3.525599837303161621e-01,-4.590898752212524414e-01,3.466920852661132812e-01
5.625344514846801758e-01,3.550993204116821289e-01,-4.597563743591308594e-01,3.470478355884552002e-01
5.620838403701782227e-01,3.576181530952453613e-01,-4.604159593582153320e-01,3.473998606204986572e-01
5.616340637207031250e-01,3.601168692111968994e-01,-4.610685110092163086e-01,3.477480113506317139e-01
5.611852407455444336e-01,3.625956177711486816e-01,-4.617145657539367676e-01,3.480927348136901855e-01
5.607372522354125977e-01,3.650542497634887695e-01,-4.623535871505737305e-01,3.484334349632263184e-01
5.602901577949523926e-01,3.674931824207305908e-01,-4.629861116409301758e-01,3.487707078456878662e-01
5.598439574241638184e-01,3.699125051498413086e-01,-4.636118113994598389e-01,3.491041958332061768e-01
5.593986511230468750e-01,3.723123669624328613e-01,-4.642310142517089844e-01,3.494341373443603516e-01
5.589542388916015625e-01,3.746930062770843506e-01,-4.648438096046447754e-01,3.497606813907623291e-01
5.585108399391174316e-01,3.770544826984405518e-01,-4.654500484466552734e-01,3.500835895538330078e-01
5.580682158470153809e-01,3.793968856334686279e-01,-4.660498797893524170e-01,3.504031002521514893e-01
5.576264858245849609e-01,3.817205131053924561e-01,-4.666433334350585938e-01,3.507190942764282227e-01
5.571855902671813965e-01,3.840250968933105469e-01,-4.672306180000305176e-01,3.510316014289855957e-01
5.567456483840942383e-01,3.863112926483154297e-01,-4.678113460540771484e-01,3.513406515121459961e-01
5.563064813613891602e-01,3.885793089866638184e-01,-4.683861136436462402e-01,3.516465127468109131e-01
5.558680295944213867e-01,3.908287882804870605e-01,-4.689546227455139160e-01,3.519487977027893066e-01
5.554307103157043457e-01,3.930600881576538086e-01,-4.695169925689697266e-01,3.522478938102722168e-01
5.549939274787902832e-01,3.952730596065521240e-01,-4.700733423233032227e-01,3.525436520576477051e-01
5.545582771301269531e-01,3.974684774875640869e-01,-4.706237018108367920e-01,3.528361916542053223e-01
5.541236400604248047e-01,3.996462523937225342e-01,-4.711682796478271484e-01,3.531256020069122314e-01
5.536895990371704102e-01,4.018060564994812012e-01,-4.717068076133728027e-01,3.534116446971893311e-01
5.532564520835876465e-01,4.039485752582550049e-01,-4.722396135330200195e-01,3.536946177482604980e-01
5.528243184089660645e-01,4.060737192630767822e-01,-4.727665781974792480e-01,3.539744913578033447e-01
5.523926615715026855e-01,4.081815481185913086e-01,-4.732875525951385498e-01,3.542509973049163818e-01
5.519622564315795898e-01,4.102723300457000732e-01,-4.738030433654785156e-01,3.545246124267578125e-01
5.515323281288146973e-01,4.123461544513702393e-01,-4.743127524852752686e-01,3.547950387001037598e-01
5.511035919189453125e-01,4.144031703472137451e-01,-4.748172461986541748e-01,3.550627231597900391e-01
5.506754517555236816e-01,4.164434373378753662e-01,-4.753158092498779297e-01,3.553270995616912842e-01
5.502480864524841309e-01,4.184671938419342041e-01,-4.758089184761047363e-01,3.555884957313537598e-01
5.498217344284057617e-01,4.204744398593902588e-01,-4.762966632843017578e-01,3.558471202850341797e-01
5.493960380554199219e-01,4.224655926227569580e-01,-4.767788648605346680e-01,3.561026751995086670e-01
5.489711761474609375e-01,4.244402348995208740e-01,-4.772557020187377930e-01,3.563552200794219971e-01
5.485472679138183594e-01,4.263989627361297607e-01,-4.777273833751678467e-01,3.566051423549652100e-01
5.481239557266235352e-01,4.283415675163269043e-01,-4.781935513019561768e-01,3.568518757820129395e-01
5.477017164230346680e-01,4.302689731121063232e-01,-4.786547720432281494e-01,3.570961952209472656e-01
5.472799539566040039e-01,4.321801066398620605e-01,-4.791104793548583984e-01,3.573373556137084961e-01
5.468591451644897461e-01,4.340760111808776855e-01,-4.795612096786499023e-01,3.575758337974548340e-01
5.464391112327575684e-01,4.359563589096069336e-01,-4.800067842006683350e-01,3.578114807605743408e-01
5.460199117660522461e-01,4.378212094306945801e-01,-4.804473817348480225e-01,3.580445051193237305e-01
5.456013679504394531e-01,4.396710991859436035e-01,-4.808827340602874756e-01,3.582747280597686768e-01
5.451837778091430664e-01,4.415059089660644531e-01,-4.813135266304016113e-01,3.585024476051330566e-01
5.447669029235839844e-01,4.433258473873138428e-01,-4.817391037940979004e-01,3.587273955345153809e-01
5.443508028984069824e-01,4.451307058334350586e-01,-4.821598529815673828e-01,3.589496612548828125e-01
5.439352989196777344e-01,4.469208717346191406e-01,-4.825756251811981201e-01,3.591692447662353516e-01
5.435206890106201172e-01,4.486964941024780273e-01,-4.829867482185363770e-01,3.593863546848297119e-01
5.431068539619445801e-01,4.504575133323669434e-01,-4.833930134773254395e-01,3.596007823944091797e-01
5.426938533782958984e-01,4.522044062614440918e-01,-4.837946295738220215e-01,3.598127961158752441e-01
5.422813892364501953e-01,4.539368450641632080e-01,-4.841914772987365723e-01,3.600220680236816406e-01
5.418697595596313477e-01,4.556550085544586182e-01,-4.845837354660034180e-01,3.602289557456970215e-01
5.414589047431945801e-01,4.573592245578765869e-01,-4.849712252616882324e-01,3.604333102703094482e-01
5.410489439964294434e-01,4.590496420860290527e-01,-4.853545129299163818e-01,3.606353402137756348e-01
5.406395196914672852e-01,4.607261121273040771e-01,-4.857330322265625000e-01,3.608349263668060303e-01
5.402308702468872070e-01,4.623889625072479248e-01,-4.861069619655609131e-01,3.610318601131439209e-01
5.398229360580444336e-01,4.640381634235382080e-01,-4.864766597747802734e-01,3.612266480922698975e-01
5.394158363342285156e-01,4.656738340854644775e-01,-4.868418872356414795e-01,3.614189624786376953e-01
5.390092730522155762e-01,4.672962129116058350e-01,-4.872026145458221436e-01,3.616088628768920898e-01
5.386037230491638184e-01,4.689052104949951172e-01,-4.875591993331909180e-01,3.617965877056121826e-01
5.381984114646911621e-01,4.705009460449218750e-01,-4.879111647605895996e-01,3.619817495346069336e-01
5.377939939498901367e-01,4.720836877822875977e-01,-4.882590472698211670e-01,3.621646463871002197e-01
5.373904705047607422e-01,4.736534655094146729e-01,-4.886027276515960693e-01,3.623453676700592041e-01
5.369875431060791016e-01,4.752106368541717529e-01,-4.889422655105590820e-01,3.625238239765167236e-01
5.365853309631347656e-01,4.767550528049468994e-01,-4.892776310443878174e-01,3.627001643180847168e-01
5.361835956573486328e-01,4.782865941524505615e-01,-4.896087646484375000e-01,3.628740310668945312e-01
5.357826352119445801e-01,4.798057377338409424e-01,-4.899357557296752930e-01,3.630458414554595947e-01
5.353826284408569336e-01,4.813125133514404297e-01,-4.902591109275817871e-01,3.632156252861022949e-01
5.349828600883483887e-01,4.828067123889923096e-01,-4.905779063701629639e-01,3.633828759193420410e-01
5.345841050148010254e-01,4.842887818813323975e-01,-4.908931255340576172e-01,3.635482788085937500e-01
5.341858863830566406e-01,4.857585728168487549e-01,-4.912041425704956055e-01,3.637113273143768311e-01
5.337882637977600098e-01,4.872166514396667480e-01,-4.915113449096679688e-01,3.638724982738494873e-01
5.333914160728454590e-01,4.886625111103057861e-01,-4.918146133422851562e-01,3.640314936637878418e-01
5.329952239990234375e-01,4.900966286659240723e-01,-4.921141564846038818e-01,3.641884326934814453e-01
5.325995683670043945e-01,4.915186166763305664e-01,-4.924097657203674316e-01,3.643432259559631348e-01
5.322046875953674316e-01,4.929293692111968994e-01,-4.927017092704772949e-01,3.644962310791015625e-01
5.318104624748229980e-01,4.943283200263977051e-01,-4.929897189140319824e-01,3.646469414234161377e-01
5.314168334007263184e-01,4.957156181335449219e-01,-4.932742714881896973e-01,3.647958934307098389e-01
5.310238003730773926e-01,4.970917701721191406e-01,-4.935548901557922363e-01,3.649426102638244629e-01
5.306315422058105469e-01,4.984565973281860352e-01,-4.938320815563201904e-01,3.650876879692077637e-01
5.302398204803466797e-01,4.998101592063903809e-01,-4.941054582595825195e-01,3.652306199073791504e-01
5.298488736152648926e-01,5.011523962020874023e-01,-4.943753480911254883e-01,3.653716742992401123e-01
5.294584035873413086e-01,5.024838447570800781e-01,-4.946415722370147705e-01,3.655107021331787109e-01
5.290685296058654785e-01,5.038040876388549805e-01,-4.949043393135070801e-01,3.656479120254516602e-01
5.286794900894165039e-01,5.051137208938598633e-01,-4.951637089252471924e-01,3.657834529876708984e-01
5.282909274101257324e-01,5.064122676849365234e-01,-4.954194426536560059e-01,3.659169077873229980e-01
5.279030203819274902e-01,5.077002048492431641e-01,-4.956718981266021729e-01,3.660486638545989990e-01
5.275156497955322266e-01,5.089774727821350098e-01,-4.959208071231842041e-01,3.661783635616302490e-01
5.271289348602294922e-01,5.102443099021911621e-01,-4.961663484573364258e-01,3.663064837455749512e-01
5.267429351806640625e-01,5.115005373954772949e-01,-4.964084923267364502e-01,3.664327859878540039e-01
5.263574719429016113e-01,5.127463936805725098e-01,-4.966473281383514404e-01,3.665572106838226318e-01
5.259726047515869141e-01,5.139818787574768066e-01,-4.968828558921813965e-01,3.666798174381256104e-01
5.255885720252990723e-01,5.152075290679931641e-01,-4.971153140068054199e-01,3.668010234832763672e-01
5.252047777175903320e-01,5.164234638214111328e-01,-4.973445534706115723e-01,3.669202625751495361e-01
5.248212814331054688e-01,5.176291465759277344e-01,-4.975703358650207520e-01,3.670376539230346680e-01
5.244385004043579102e-01,5.188246965408325195e-01,-4.977928102016448975e-01,3.671531975269317627e-01
5.240566134452819824e-01,5.200110673904418945e-01,-4.980125725269317627e-01,3.672675788402557373e-01
5.236749649047851562e-01,5.211871862411499023e-01,-4.982289969921112061e-01,3.673798739910125732e-01
5.232940316200256348e-01,5.223537683486938477e-01,-4.984423220157623291e-01,3.674906194210052490e-01
5.229136943817138672e-01,5.235108733177185059e-01,-4.986525774002075195e-01,3.675999045372009277e-01
5.225337147712707520e-01,5.246583223342895508e-01,-4.988597929477691650e-01,3.677073717117309570e-01
5.221543908119201660e-01,5.257963538169860840e-01,-4.990639686584472656e-01,3.678132593631744385e-01
5.217757821083068848e-01,5.269250273704528809e-01,-4.992652535438537598e-01,3.679176568984985352e-01
5.213974714279174805e-01,5.280445814132690430e-01,-4.994634389877319336e-01,3.680202364921569824e-01
5.210198760032653809e-01,5.291547179222106934e-01,-4.996588230133056641e-01,3.681214749813079834e-01
5.206427574157714844e-01,5.302556753158569336e-01,-4.998512566089630127e-01,3.682209849357604980e-01
5.202660560607910156e-01,5.313476324081420898e-01,-5.000405907630920410e-01,3.683189451694488525e-01
5.198900699615478516e-01,5.324307084083557129e-01,-5.002273321151733398e-01,3.684155642986297607e-01
5.195146203041076660e-01,5.335047841072082520e-01,-5.004112124443054199e-01,3.685106039047241211e-01
5.191395878791809082e-01,5.345700979232788086e-01,-5.005921125411987305e-01,3.686040639877319336e-01
5.187650918960571289e-01,5.356263518333435059e-01,-5.007702112197875977e-01,3.686960637569427490e-01
5.183910727500915527e-01,5.366742610931396484e-01,-5.009456872940063477e-01,3.687866926193237305e-01
5.180177092552185059e-01,5.377134084701538086e-01,-5.011183023452758789e-01,3.688757717609405518e-01
5.176448225975036621e-01,5.387439727783203125e-01,-5.012882947921752930e-01,3.689633607864379883e-01
5.172724127769470215e-01,5.397660136222839355e-01,-5.014556050300598145e-01,3.690495491027832031e-01
5.169004201889038086e-01,5.407795906066894531e-01,-5.016201138496398926e-01,3.691342771053314209e-01
5.165290236473083496e-01,5.417851209640502930e-01,-5.017821788787841797e-01,3.692177236080169678e-01
5.161583423614501953e-01,5.427820682525634766e-01,-5.019415020942687988e-01,3.692997097969055176e-01
5.157878994941711426e-01,5.437709093093872070e-01,-5.020981431007385254e-01,3.693802952766418457e-01
5.154179334640502930e-01,5.447515249252319336e-01,-5.022523403167724609e-01,3.694594800472259521e-01
5.150484442710876465e-01,5.457240939140319824e-01,-5.024037957191467285e-01,3.695372641086578369e-01
5.146796703338623047e-01,5.466886162757873535e-01,-5.025528669357299805e-01,3.696138262748718262e-01
5.143113136291503906e-01,5.476452112197875977e-01,-5.026993751525878906e-01,3.696889281272888184e-01
5.139434337615966797e-01,5.485938787460327148e-01,-5.028434991836547852e-01,3.697628974914550781e-01
5.135758519172668457e-01,5.495350956916809082e-01,-5.029851198196411133e-01,3.698353469371795654e-01
5.132088065147399902e-01,5.504683852195739746e-01,-5.031243562698364258e-01,3.699064850807189941e-01
5.128422379493713379e-01,5.513941049575805664e-01,-5.032609105110168457e-01,3.699764013290405273e-01
5.124760270118713379e-01,5.523124933242797852e-01,-5.033953189849853516e-01,3.700451254844665527e-01
5.121103525161743164e-01,5.532229542732238770e-01,-5.035271048545837402e-01,3.701123893260955811e-01
5.117451548576354980e-01,5.541262030601501465e-01,-5.036568045616149902e-01,3.701786398887634277e-01
5.113802552223205566e-01,5.550218224525451660e-01,-5.037838220596313477e-01,3.702433705329895020e-01
5.110160112380981445e-01,5.559102892875671387e-01,-5.039087533950805664e-01,3.703070580959320068e-01
5.106523036956787109e-01,5.567916035652160645e-01,-5.040315985679626465e-01,3.703696131706237793e-01
5.102888941764831543e-01,5.576655864715576172e-01,-5.041519403457641602e-01,3.704307973384857178e-01
5.099258422851562500e-01,5.585323572158813477e-01,-5.042700171470642090e-01,3.704908490180969238e-01
5.095633268356323242e-01,5.593917965888977051e-01,-5.043857693672180176e-01,3.705496191978454590e-01
5.092011690139770508e-01,5.602445602416992188e-01,-5.044993758201599121e-01,3.706071972846984863e-01
5.088395476341247559e-01,5.610902905464172363e-01,-5.046109557151794434e-01,3.706638813018798828e-01
5.084781646728515625e-01,5.619290471076965332e-01,-5.047200322151184082e-01,3.707191348075866699e-01
5.081174373626708984e-01,5.627608299255371094e-01,-5.048271417617797852e-01,3.707732558250427246e-01
5.077570676803588867e-01,5.635860562324523926e-01,-5.049321651458740234e-01,3.708263635635375977e-01
5.073970556259155273e-01,5.644043684005737305e-01,-5.050349831581115723e-01,3.708782494068145752e-01
5.070374608039855957e-01,5.652158856391906738e-01,-5.051356554031372070e-01,3.709289729595184326e-01
5.066783428192138672e-01,5.660209655761718750e-01,-5.052343606948852539e-01,3.709788024425506592e-01
5.063196420669555664e-01,5.668196082115173340e-01,-5.053310394287109375e-01,3.710274398326873779e-01
5.059612989425659180e-01,5.676115155220031738e-01,-5.054255723953247070e-01,3.710749149322509766e-01
5.056031942367553711e-01,5.683970451354980469e-01,-5.055178999900817871e-01,3.711213171482086182e-01
5.052458643913269043e-01,5.691761374473571777e-01,-5.056086778640747070e-01,3.711667954921722412e-01
5.048887133598327637e-01,5.699489116668701172e-01,-5.056970715522766113e-01,3.712110817432403564e-01
5.045318007469177246e-01,5.707153081893920898e-01,-5.057835578918457031e-01,3.712542951107025146e-01
5.041755437850952148e-01,5.714756250381469727e-01,-5.058681964874267578e-01,3.712965846061706543e-01
5.038196444511413574e-01,5.722296237945556641e-01,-5.059508085250854492e-01,3.713378012180328369e-01
5.034641027450561523e-01,5.729777216911315918e-01,-5.060317516326904297e-01,3.713781833648681641e-01
5.031089782714843750e-01,5.737193226814270020e-01,-5.061104297637939453e-01,3.714172840118408203e-01
5.027541518211364746e-01,5.744553208351135254e-01,-5.061875581741333008e-01,3.714555501937866211e-01
5.023996829986572266e-01,5.751851797103881836e-01,-5.062625408172607422e-01,3.714926540851593018e-01
5.020455718040466309e-01,5.759090781211853027e-01,-5.063357353210449219e-01,3.715288341045379639e-01
5.016919374465942383e-01,5.766271948814392090e-01,-5.064070820808410645e-01,3.715641796588897705e-01
5.013386011123657227e-01,5.773392915725708008e-01,-5.064765810966491699e-01,3.715983927249908447e-01
5.009856224060058594e-01,5.780457258224487305e-01,-5.065444111824035645e-01,3.716317713260650635e-01
5.006330013275146484e-01,5.787465572357177734e-01,-5.066102743148803711e-01,3.716640174388885498e-01
5.002807974815368652e-01,5.794417262077331543e-01,-5.066745281219482422e-01,3.716954886913299561e-01
4.999288320541381836e-01,5.801311135292053223e-01,-5.067369937896728516e-01,3.717260062694549561e-01
4.995773732662200928e-01,5.808150172233581543e-01,-5.067976713180541992e-01,3.717556297779083252e-01
4.992262125015258789e-01,5.814933180809020996e-01,-5.068566799163818359e-01,3.717841804027557373e-01
4.988752305507659912e-01,5.821661353111267090e-01,-5.069137811660766602e-01,3.718119263648986816e-01
4.985246658325195312e-01,5.828336477279663086e-01,-5.069693922996520996e-01,3.718387484550476074e-01
4.981746673583984375e-01,5.834959745407104492e-01,-5.070233941078186035e-01,3.718648254871368408e-01
4.978247582912445068e-01,5.841527581214904785e-01,-5.070754289627075195e-01,3.718897998332977295e-01
4.974752664566040039e-01,5.848040580749511719e-01,-5.071259737014770508e-01,3.719139993190765381e-01
4.971261322498321533e-01,5.854505300521850586e-01,-5.071750879287719727e-01,3.719374835491180420e-01
4.967772960662841797e-01,5.860916972160339355e-01,-5.072222948074340820e-01,3.719598352909088135e-01
4.964289367198944092e-01,5.867277383804321289e-01,-5.072681903839111328e-01,3.719816803932189941e-01
4.960808753967285156e-01,5.873586535453796387e-01,-5.073124170303344727e-01,3.720026016235351562e-01
4.957330226898193359e-01,5.879845023155212402e-01,-5.073550939559936523e-01,3.720225989818572998e-01
4.953855872154235840e-01,5.886052846908569336e-01,-5.073960423469543457e-01,3.720417320728302002e-01
4.950382411479949951e-01,5.892210602760314941e-01,-5.074354410171508789e-01,3.720598816871643066e-01
4.946912229061126709e-01,5.898321270942687988e-01,-5.074732303619384766e-01,3.720773756504058838e-01
4.943447113037109375e-01,5.904382467269897461e-01,-5.075097084045410156e-01,3.720942437648773193e-01
4.939986169338226318e-01,5.910395383834838867e-01,-5.075446963310241699e-01,3.721101880073547363e-01
4.936524033546447754e-01,5.916361808776855469e-01,-5.075781345367431641e-01,3.721252679824829102e-01
4.933069050312042236e-01,5.922279357910156250e-01,-5.076102018356323242e-01,3.721397221088409424e-01
4.929615855216979980e-01,5.928152799606323242e-01,-5.076407194137573242e-01,3.721533417701721191e-01
4.926166236400604248e-01,5.933975577354431152e-01,-5.076699852943420410e-01,3.721662759780883789e-01
4.922717809677124023e-01,5.939753651618957520e-01,-5.076974630355834961e-01,3.721783161163330078e-01
4.919273555278778076e-01,5.945485830307006836e-01,-5.077236890792846680e-01,3.721896708011627197e-01
4.915831685066223145e-01,5.951172113418579102e-01,-5.077483057975769043e-01,3.722001612186431885e-01
4.912394583225250244e-01,5.956814289093017578e-01,-5.077718496322631836e-01,3.722100257873535156e-01
4.908959567546844482e-01,5.962409377098083496e-01,-5.077940225601196289e-01,3.722192049026489258e-01
4.905525743961334229e-01,5.967959165573120117e-01,-5.078144073486328125e-01,3.722275495529174805e-01
4.902097284793853760e-01,5.973467230796813965e-01,-5.078337192535400391e-01,3.722351193428039551e-01
4.898669123649597168e-01,5.978933572769165039e-01,-5.078516006469726562e-01,3.722420632839202881e-01
4.895245432853698730e-01,5.984355807304382324e-01,-5.078682899475097656e-01,3.722483813762664795e-01
4.891824424266815186e-01,5.989735126495361328e-01,-5.078835487365722656e-01,3.722539246082305908e-01
4.888406097888946533e-01,5.995070338249206543e-01,-5.078976154327392578e-01,3.722588419914245605e-01
4.884989559650421143e-01,6.000363230705261230e-01,-5.079101324081420898e-01,3.722628653049468994e-01
4.881577491760253906e-01,6.005618572235107422e-01,-5.079215168952941895e-01,3.722664117813110352e-01
4.878168106079101562e-01,6.010830402374267578e-01,-5.079318284988403320e-01,3.722694218158721924e-01
4.874760508537292480e-01,6.016001701354980469e-01,-5.079405307769775391e-01,3.722715377807617188e-01
4.871354401111602783e-01,6.021133661270141602e-01,-5.079481005668640137e-01,3.722730278968811035e-01
4.867954552173614502e-01,6.026223301887512207e-01,-5.079547166824340820e-01,3.722740411758422852e-01
4.864553213119506836e-01,6.031272411346435547e-01,-5.079596042633056641e-01,3.722739815711975098e-01
4.861156940460205078e-01,6.036285758018493652e-01,-5.079636573791503906e-01,3.722736239433288574e-01
4.857762753963470459e-01,6.041256189346313477e-01,-5.079663991928100586e-01,3.722725808620452881e-01
4.854369759559631348e-01,6.046190857887268066e-01,-5.079678297042846680e-01,3.722707331180572510e-01
4.850984513759613037e-01,6.051086187362670898e-01,-5.079684257507324219e-01,3.722686171531677246e-01
4.847595393657684326e-01,6.055942773818969727e-01,-5.079675316810607910e-01,3.722655773162841797e-01
4.844211041927337646e-01,6.060762405395507812e-01,-5.079654455184936523e-01,3.722619116306304932e-01
4.840830266475677490e-01,6.065545678138732910e-01,-5.079623460769653320e-01,3.722578585147857666e-01
4.837452173233032227e-01,6.070293188095092773e-01,-5.079582333564758301e-01,3.722532093524932861e-01
4.834075272083282471e-01,6.075001955032348633e-01,-5.079528093338012695e-01,3.722477853298187256e-01
4.830700457096099854e-01,6.079673767089843750e-01,-5.079463124275207520e-01,3.722417950630187988e-01
4.827328324317932129e-01,6.084310412406921387e-01,-5.079385638236999512e-01,3.722352981567382812e-01
4.823958873748779297e-01,6.088911890983581543e-01,-5.079300403594970703e-01,3.722282946109771729e-01
4.820593595504760742e-01,6.093478202819824219e-01,-5.079203248023986816e-01,3.722205758094787598e-01
4.817227423191070557e-01,6.098008751869201660e-01,-5.079092383384704590e-01,3.722122311592102051e-01
4.813866317272186279e-01,6.102504730224609375e-01,-5.078974366188049316e-01,3.722035288810729980e-01
4.810506999492645264e-01,6.106964945793151855e-01,-5.078845024108886719e-01,3.721942305564880371e-01
4.807151556015014648e-01,6.111391782760620117e-01,-5.078705549240112305e-01,3.721843659877777100e-01
4.803794920444488525e-01,6.115784049034118652e-01,-5.078553557395935059e-01,3.721737861633300781e-01
4.800442457199096680e-01,6.120144724845886230e-01,-5.078393220901489258e-01,3.721627891063690186e-01
4.797092974185943604e-01,6.124469041824340820e-01,-5.078221559524536133e-01,3.721512556076049805e-01
4.793744087219238281e-01,6.128764152526855469e-01,-5.078040957450866699e-01,3.721393346786499023e-01
4.790398478507995605e-01,6.133022904396057129e-01,-5.077850222587585449e-01,3.721266090869903564e-01
4.787053167819976807e-01,6.137252449989318848e-01,-5.077648162841796875e-01,3.721133768558502197e-01
4.783712625503540039e-01,6.141448616981506348e-01,-5.077437162399291992e-01,3.720997273921966553e-01
4.780374765396118164e-01,6.145613789558410645e-01,-5.077218413352966309e-01,3.720857501029968262e-01
4.777036905288696289e-01,6.149747371673583984e-01,-5.076988935470581055e-01,3.720711767673492432e-01
4.773702025413513184e-01,6.153849363327026367e-01,-5.076748132705688477e-01,3.720560669898986816e-01
4.770368933677673340e-01,6.157920360565185547e-01,-5.076498389244079590e-01,3.720402121543884277e-01
4.767038226127624512e-01,6.161957979202270508e-01,-5.076239705085754395e-01,3.720241487026214600e-01
4.763709902763366699e-01,6.165968179702758789e-01,-5.075972080230712891e-01,3.720074295997619629e-01
4.760384559631347656e-01,6.169949769973754883e-01,-5.075696706771850586e-01,3.719905316829681396e-01
4.757058620452880859e-01,6.173899173736572266e-01,-5.075409412384033203e-01,3.719728589057922363e-01
4.753739237785339355e-01,6.177819967269897461e-01,-5.075117945671081543e-01,3.719550073146820068e-01
4.750418663024902344e-01,6.181709170341491699e-01,-5.074812173843383789e-01,3.719362616539001465e-01
4.747100174427032471e-01,6.185572147369384766e-01,-5.074499249458312988e-01,3.719173669815063477e-01
4.743784666061401367e-01,6.189403533935546875e-01,-5.074177980422973633e-01,3.718978464603424072e-01
4.740471541881561279e-01,6.193208694458007812e-01,-5.073848366737365723e-01,3.718779385089874268e-01
4.737160801887512207e-01,6.196984648704528809e-01,-5.073511600494384766e-01,3.718578219413757324e-01
4.733850955963134766e-01,6.200734376907348633e-01,-5.073164701461791992e-01,3.718370199203491211e-01
4.730542898178100586e-01,6.204453706741333008e-01,-5.072808265686035156e-01,3.718156814575195312e-01
4.727237224578857422e-01,6.208147406578063965e-01,-5.072445273399353027e-01,3.717940449714660645e-01
4.723933637142181396e-01,6.211812496185302734e-01,-5.072073340415954590e-01,3.717720210552215576e-01
4.720632433891296387e-01,6.215450167655944824e-01,-5.071693658828735352e-01,3.717494606971740723e-01
4.717333316802978516e-01,6.219063997268676758e-01,-5.071307420730590820e-01,3.717266321182250977e-01
4.714034199714660645e-01,6.222646832466125488e-01,-5.070908665657043457e-01,3.717030286788940430e-01
4.710740447044372559e-01,6.226207017898559570e-01,-5.070506930351257324e-01,3.716794252395629883e-01
4.707444906234741211e-01,6.229740381240844727e-01,-5.070093870162963867e-01,3.716551363468170166e-01
4.704153239727020264e-01,6.233249306678771973e-01,-5.069674849510192871e-01,3.716305792331695557e-01
4.700863659381866455e-01,6.236729621887207031e-01,-5.069246292114257812e-01,3.716055154800415039e-01
4.697573184967041016e-01,6.240184307098388672e-01,-5.068809986114501953e-01,3.715799152851104736e-01
4.694286882877349854e-01,6.243616938591003418e-01,-5.068368315696716309e-01,3.715541362762451172e-01
4.691002964973449707e-01,6.247023940086364746e-01,-5.067919492721557617e-01,3.715280890464782715e-01
4.687719047069549561e-01,6.250405311584472656e-01,-5.067461133003234863e-01,3.715013265609741211e-01
4.684439301490783691e-01,6.253763437271118164e-01,-5.066998004913330078e-01,3.714746236801147461e-01
4.681159853935241699e-01,6.257096529006958008e-01,-5.066525340080261230e-01,3.714470863342285156e-01
4.677883386611938477e-01,6.260405182838439941e-01,-5.066047310829162598e-01,3.714194297790527344e-01
4.674607217311859131e-01,6.263689994812011719e-01,-5.065560340881347656e-01,3.713913261890411377e-01
4.671334028244018555e-01,6.266951560974121094e-01,-5.065066814422607422e-01,3.713627457618713379e-01
4.668059647083282471e-01,6.270188093185424805e-01,-5.064564943313598633e-01,3.713337481021881104e-01
4.664792418479919434e-01,6.273404955863952637e-01,-5.064060091972351074e-01,3.713047206401824951e-01
4.661522507667541504e-01,6.276599168777465820e-01,-5.063545107841491699e-01,3.712751269340515137e-01
4.658255279064178467e-01,6.279767751693725586e-01,-5.063024759292602539e-01,3.712452054023742676e-01
4.654990732669830322e-01,6.282913684844970703e-01,-5.062497854232788086e-01,3.712149262428283691e-01
4.651727080345153809e-01,6.286041140556335449e-01,-5.061963200569152832e-01,3.711843788623809814e-01
4.648463726043701172e-01,6.289142370223999023e-01,-5.061422586441040039e-01,3.711532950401306152e-01
4.645204246044158936e-01,6.292226314544677734e-01,-5.060875415802001953e-01,3.711220026016235352e-01
4.641946256160736084e-01,6.295284032821655273e-01,-5.060322284698486328e-01,3.710903227329254150e-01
4.638688564300537109e-01,6.298322081565856934e-01,-5.059760808944702148e-01,3.710583150386810303e-01
4.635435342788696289e-01,6.301341056823730469e-01,-5.059196352958679199e-01,3.710260987281799316e-01
4.632181525230407715e-01,6.304336786270141602e-01,-5.058622956275939941e-01,3.709934353828430176e-01
4.628928899765014648e-01,6.307309269905090332e-01,-5.058043003082275391e-01,3.709604144096374512e-01
4.625679552555084229e-01,6.310263276100158691e-01,-5.057459473609924316e-01,3.709271550178527832e-01
4.622430205345153809e-01,6.313199996948242188e-01,-5.056868195533752441e-01,3.708935379981994629e-01
4.619184136390686035e-01,6.316113471984863281e-01,-5.056272149085998535e-01,3.708597421646118164e-01
4.615938067436218262e-01,6.319009065628051758e-01,-5.055670738220214844e-01,3.708255589008331299e-01
4.612695276737213135e-01,6.321878433227539062e-01,-5.055060982704162598e-01,3.707908093929290771e-01
4.609451293945312500e-01,6.324732899665832520e-01,-5.054444670677185059e-01,3.707559108734130859e-01
4.606211483478546143e-01,6.327567100524902344e-01,-5.053825378417968750e-01,3.707208037376403809e-01
4.602971374988555908e-01,6.330382227897644043e-01,-5.053198337554931641e-01,3.706853389739990234e-01
4.599734544754028320e-01,6.333176493644714355e-01,-5.052566528320312500e-01,3.706495463848114014e-01
4.596497714519500732e-01,6.335953474044799805e-01,-5.051929354667663574e-01,3.706135153770446777e-01
4.593263566493988037e-01,6.338710188865661621e-01,-5.051285624504089355e-01,3.705772459506988525e-01
4.590029120445251465e-01,6.341450810432434082e-01,-5.050637125968933105e-01,3.705404996871948242e-01
4.586797952651977539e-01,6.344169974327087402e-01,-5.049983263015747070e-01,3.705035746097564697e-01
4.583568274974822998e-01,6.346873641014099121e-01,-5.049324035644531250e-01,3.704665005207061768e-01
4.580338597297668457e-01,6.349557042121887207e-01,-5.048658251762390137e-01,3.704288899898529053e-01
4.577112793922424316e-01,6.352224349975585938e-01,-5.047990083694458008e-01,3.703912496566772461e-01
4.573886394500732422e-01,6.354871988296508789e-01,-5.047315359115600586e-01,3.703532516956329346e-01
4.570660889148712158e-01,6.357500553131103516e-01,-5.046632289886474609e-01,3.703147172927856445e-01
4.567439556121826172e-01,6.360116600990295410e-01,-5.045949220657348633e-01,3.702762424945831299e-01
4.564217925071716309e-01,6.362712383270263672e-01,-5.045257806777954102e-01,3.702374398708343506e-01
4.560996890068054199e-01,6.365290880203247070e-01,-5.044562220573425293e-01,3.701982796192169189e-01
4.557778835296630859e-01,6.367852687835693359e-01,-5.043863058090209961e-01,3.701589703559875488e-01
4.554560184478759766e-01,6.370398402214050293e-01,-5.043156147003173828e-01,3.701193034648895264e-01
4.551344215869903564e-01,6.372923851013183594e-01,-5.042444467544555664e-01,3.700792193412780762e-01
4.548128843307495117e-01,6.375440359115600586e-01,-5.041730403900146484e-01,3.700391948223114014e-01
4.544916152954101562e-01,6.377936601638793945e-01,-5.041011571884155273e-01,3.699988722801208496e-01
4.541704654693603516e-01,6.380414366722106934e-01,-5.040286779403686523e-01,3.699582219123840332e-01
4.538493752479553223e-01,6.382879018783569336e-01,-5.039557218551635742e-01,3.699173629283905029e-01
4.535285234451293945e-01,6.385325193405151367e-01,-5.038824081420898438e-01,3.698762655258178711e-01
4.532078802585601807e-01,6.387761235237121582e-01,-5.038087964057922363e-01,3.698350787162780762e-01
4.528870582580566406e-01,6.390178203582763672e-01,-5.037344098091125488e-01,3.697933852672576904e-01
4.525664746761322021e-01,6.392582058906555176e-01,-5.036597251892089844e-01,3.697515726089477539e-01
4.522461593151092529e-01,6.394967436790466309e-01,-5.035846233367919922e-01,3.697096407413482666e-01
4.519257843494415283e-01,6.397339701652526855e-01,-5.035089254379272461e-01,3.696672320365905762e-01
4.516057074069976807e-01,6.399695873260498047e-01,-5.034329295158386230e-01,3.696247339248657227e-01
4.512855708599090576e-01,6.402035355567932129e-01,-5.033563375473022461e-01,3.695817887783050537e-01
4.509658515453338623e-01,6.404362320899963379e-01,-5.032795667648315430e-01,3.695389926433563232e-01
4.506459236145019531e-01,6.406674981117248535e-01,-5.032021403312683105e-01,3.694956898689270020e-01
4.503263533115386963e-01,6.408974528312683105e-01,-5.031245350837707520e-01,3.694524466991424561e-01
4.500070810317993164e-01,6.411255598068237305e-01,-5.030464529991149902e-01,3.694088459014892578e-01
4.496875107288360596e-01,6.413524746894836426e-01,-5.029677748680114746e-01,3.693649172782897949e-01
4.493682384490966797e-01,6.415778398513793945e-01,-5.028887987136840820e-01,3.693209290504455566e-01
4.490490853786468506e-01,6.418019533157348633e-01,-5.028094649314880371e-01,3.692764937877655029e-01
4.487301409244537354e-01,6.420246362686157227e-01,-5.027295947074890137e-01,3.692320287227630615e-01
4.484113156795501709e-01,6.422463655471801758e-01,-5.026497244834899902e-01,3.691875040531158447e-01
4.480924606323242188e-01,6.424664258956909180e-01,-5.025691390037536621e-01,3.691426515579223633e-01
4.477738142013549805e-01,6.426850557327270508e-01,-5.024881958961486816e-01,3.690975606441497803e-01
4.474553763866424561e-01,6.429025530815124512e-01,-5.024070739746093750e-01,3.690524399280548096e-01
4.471367895603179932e-01,6.431186199188232422e-01,-5.023252964019775391e-01,3.690068125724792480e-01
4.468185007572174072e-01,6.433333754539489746e-01,-5.022431612014770508e-01,3.689610958099365234e-01
4.465003013610839844e-01,6.435467600822448730e-01,-5.021607875823974609e-01,3.689152598381042480e-01
4.461823105812072754e-01,6.437591910362243652e-01,-5.020781159400939941e-01,3.688692748546600342e-01
4.458642899990081787e-01,6.439700126647949219e-01,-5.019948482513427734e-01,3.688229918479919434e-01
4.455464482307434082e-01,6.441800594329833984e-01,-5.019115209579467773e-01,3.687766194343566895e-01
4.452286958694458008e-01,6.443883776664733887e-01,-5.018276572227478027e-01,3.687299191951751709e-01
4.449111819267272949e-01,6.445958614349365234e-01,-5.017436146736145020e-01,3.686832189559936523e-01
4.445934295654296875e-01,6.448017358779907227e-01,-5.016588568687438965e-01,3.686360120773315430e-01
4.445934295654296875e-01,6.448017358779907227e-01,-5.016588568687438965e-01,3.686360120773315430e-01
4.445934295654296875e-01,6.448017358779907227e-01,-5.016588568687438965e-01,3.686360120773315430e-01
4.445587098598480225e-01,6.338323354721069336e-01,-4.982377290725708008e-01,3.672879338264465332e-01
4.446633756160736084e-01,6.224905848503112793e-01,-4.950502514839172363e-01,3.661318421363830566e-01
4.448741674423217773e-01,6.108816862106323242e-01,-4.920486509799957275e-01,3.651252388954162598e-01
4.451624453067779541e-01,5.990933179855346680e-01,-4.891917109489440918e-01,3.642317056655883789e-01
4.455049633979797363e-01,5.871990919113159180e-01,-4.864460825920104980e-01,3.634220957756042480e-01
4.458873271942138672e-01,5.752431750297546387e-01,-4.837909340858459473e-01,3.626779913902282715e-01
4.462952613830566406e-01,5.632709264755249023e-01,-4.812057316303253174e-01,3.619812726974487305e-01
4.467177689075469971e-01,5.513176918029785156e-01,-4.786744713783264160e-01,3.613179624080657959e-01
4.471428692340850830e-01,5.394223928451538086e-01,-4.761798679828643799e-01,3.606729507446289062e-01
4.475669264793395996e-01,5.275949239730834961e-01,-4.737169444561004639e-01,3.600420355796813965e-01
4.479848444461822510e-01,5.158539414405822754e-01,-4.712775945663452148e-01,3.594178259372711182e-01
4.483962655067443848e-01,5.041988492012023926e-01,-4.688611626625061035e-01,3.588002920150756836e-01
4.488011002540588379e-01,4.926292300224304199e-01,-4.664675593376159668e-01,3.581892848014831543e-01
4.491992890834808350e-01,4.811463057994842529e-01,-4.640957713127136230e-01,3.575839996337890625e-01
4.495915770530700684e-01,4.697457551956176758e-01,-4.617469310760498047e-01,3.569857180118560791e-01
4.499755203723907471e-01,4.584342837333679199e-01,-4.594164490699768066e-01,3.563905954360961914e-01
4.503500461578369141e-01,4.472144246101379395e-01,-4.571024775505065918e-01,3.557973504066467285e-01
4.507161378860473633e-01,4.360852241516113281e-01,-4.548068642616271973e-01,3.552071154117584229e-01
4.510737657546997070e-01,4.250473976135253906e-01,-4.525296390056610107e-01,3.546201586723327637e-01
4.514215886592864990e-01,4.141032993793487549e-01,-4.502677917480468750e-01,3.540341854095458984e-01
4.517588317394256592e-01,4.032545089721679688e-01,-4.480200409889221191e-01,3.534480929374694824e-01
4.520869255065917969e-01,3.925001323223114014e-01,-4.457889497280120850e-01,3.528639674186706543e-01
4.524052739143371582e-01,3.818411231040954590e-01,-4.435744285583496094e-01,3.522814810276031494e-01
4.527138471603393555e-01,3.712753057479858398e-01,-4.413745999336242676e-01,3.516996800899505615e-01
4.530123472213745117e-01,3.608009219169616699e-01,-4.391875267028808594e-01,3.511174321174621582e-01
4.533012211322784424e-01,3.504212498664855957e-01,-4.370158016681671143e-01,3.505363166332244873e-01
4.535805583000183105e-01,3.401364088058471680e-01,-4.348595142364501953e-01,3.499562740325927734e-01
4.538505673408508301e-01,3.299437165260314941e-01,-4.327178001403808594e-01,3.493770956993103027e-01
4.541112780570983887e-01,3.198377192020416260e-01,-4.305890202522277832e-01,3.487980961799621582e-01
4.543628096580505371e-01,3.098236918449401855e-01,-4.284749031066894531e-01,3.482199907302856445e-01
4.546053409576416016e-01,2.999024093151092529e-01,-4.263756871223449707e-01,3.476430773735046387e-01
4.548386037349700928e-01,2.900730073451995850e-01,-4.242913722991943359e-01,3.470672965049743652e-01
4.550631642341613770e-01,2.803293764591217041e-01,-4.222205281257629395e-01,3.464922606945037842e-01
4.552792906761169434e-01,2.706745564937591553e-01,-4.201641976833343506e-01,3.459185361862182617e-01
4.554868936538696289e-01,2.611080110073089600e-01,-4.181222319602966309e-01,3.453459441661834717e-01
4.556860029697418213e-01,2.516285777091979980e-01,-4.160944521427154541e-01,3.447745442390441895e-01
4.558770060539245605e-01,2.422340810298919678e-01,-4.140805006027221680e-01,3.442043662071228027e-01
4.560599923133850098e-01,2.329245507717132568e-01,-4.120808243751525879e-01,3.436356782913208008e-01
4.562351703643798828e-01,2.236988842487335205e-01,-4.100949764251708984e-01,3.430683016777038574e-01
4.564024209976196289e-01,2.145563066005706787e-01,-4.081228673458099365e-01,3.425022363662719727e-01
4.565623402595520020e-01,2.054961472749710083e-01,-4.061647653579711914e-01,3.419378995895385742e-01
4.567146003246307373e-01,1.965168714523315430e-01,-4.042200446128845215e-01,3.413747549057006836e-01
4.568595588207244873e-01,1.876180917024612427e-01,-4.022889435291290283e-01,3.408132195472717285e-01
4.569974243640899658e-01,1.787986159324645996e-01,-4.003714323043823242e-01,3.402532935142517090e-01
4.571278691291809082e-01,1.700608134269714355e-01,-3.984677195549011230e-01,3.396950364112854004e-01
4.572513699531555176e-01,1.614019870758056641e-01,-3.965774774551391602e-01,3.391383886337280273e-01
4.573678374290466309e-01,1.528208702802658081e-01,-3.947003185749053955e-01,3.385832905769348145e-01
4.574773609638214111e-01,1.443170160055160522e-01,-3.928365111351013184e-01,3.380298614501953125e-01
4.575806856155395508e-01,1.358895003795623779e-01,-3.909861147403717041e-01,3.374784588813781738e-01
4.576771259307861328e-01,1.275372505187988281e-01,-3.891485035419464111e-01,3.369284868240356445e-01
4.577673971652984619e-01,1.192596927285194397e-01,-3.873240351676940918e-01,3.363804221153259277e-01
4.578511714935302734e-01,1.110558956861495972e-01,-3.855122029781341553e-01,3.358340859413146973e-01
4.579285383224487305e-01,1.029281020164489746e-01,-3.837136924266815186e-01,3.352895975112915039e-01
4.579996466636657715e-01,9.487448632717132568e-02,-3.819283246994018555e-01,3.347470760345458984e-01
4.580648243427276611e-01,8.689376711845397949e-02,-3.801558017730712891e-01,3.342065215110778809e-01
4.581239223480224609e-01,7.898488640785217285e-02,-3.783958554267883301e-01,3.336677849292755127e-01
4.581772089004516602e-01,7.114727795124053955e-02,-3.766486644744873047e-01,3.331310153007507324e-01
4.582245945930480957e-01,6.338031589984893799e-02,-3.749137520790100098e-01,3.325961232185363770e-01
4.582665562629699707e-01,5.568308010697364807e-02,-3.731914162635803223e-01,3.320632576942443848e-01
4.583026170730590820e-01,4.805471003055572510e-02,-3.714812994003295898e-01,3.315321803092956543e-01
4.583332538604736328e-01,4.049811512231826782e-02,-3.697841763496398926e-01,3.310034275054931641e-01
4.583581089973449707e-01,3.301313519477844238e-02,-3.680999279022216797e-01,3.304768800735473633e-01
4.583775997161865234e-01,2.559722214937210083e-02,-3.664281964302062988e-01,3.299524188041687012e-01
4.583916664123535156e-01,1.824963837862014771e-02,-3.647687435150146484e-01,3.294300734996795654e-01
4.584003686904907227e-01,1.097000390291213989e-02,-3.631215095520019531e-01,3.289098143577575684e-01
4.584038853645324707e-01,3.757625818252563477e-03,-3.614866435527801514e-01,3.283917307853698730e-01
4.584023356437683105e-01,-3.387786448001861572e-03,-3.598639369010925293e-01,3.278758525848388672e-01
4.583958387374877930e-01,-1.046700775623321533e-02,-3.582534193992614746e-01,3.273621797561645508e-01
4.583843946456909180e-01,-1.748052611947059631e-02,-3.566549420356750488e-01,3.268508315086364746e-01
4.583680033683776855e-01,-2.442913502454757690e-02,-3.550682663917541504e-01,3.263415098190307617e-01
4.583466947078704834e-01,-3.131324425339698792e-02,-3.534935712814331055e-01,3.258344531059265137e-01
4.583207368850708008e-01,-3.813347220420837402e-02,-3.519304990768432617e-01,3.253296017646789551e-01
4.582901000976562500e-01,-4.489050433039665222e-02,-3.503792285919189453e-01,3.248269557952880859e-01
4.582549631595611572e-01,-5.158459395170211792e-02,-3.488396108150482178e-01,3.243266046047210693e-01
4.582151174545288086e-01,-5.821688473224639893e-02,-3.473113179206848145e-01,3.238283991813659668e-01
4.581708014011383057e-01,-6.478771567344665527e-02,-3.457944691181182861e-01,3.233323097229003906e-01
4.581225514411926270e-01,-7.129734754562377930e-02,-3.442892730236053467e-01,3.228387832641601562e-01
4.580696225166320801e-01,-7.774524390697479248e-02,-3.427954614162445068e-01,3.223474323749542236e-01
4.580123722553253174e-01,-8.413327485322952271e-02,-3.413127660751342773e-01,3.218582272529602051e-01
4.579511880874633789e-01,-9.046217799186706543e-02,-3.398413360118865967e-01,3.213714659214019775e-01
4.578858017921447754e-01,-9.673219174146652222e-02,-3.383810222148895264e-01,3.208869695663452148e-01
4.578162431716918945e-01,-1.029444038867950439e-01,-3.369312584400177002e-01,3.204044699668884277e-01
4.577430188655853271e-01,-1.090991646051406860e-01,-3.354926407337188721e-01,3.199244737625122070e-01
4.576655626296997070e-01,-1.151971518993377686e-01,-3.340645134449005127e-01,3.194465041160583496e-01
4.575846195220947266e-01,-1.212387233972549438e-01,-3.326472640037536621e-01,3.189710080623626709e-01
4.574996232986450195e-01,-1.272251307964324951e-01,-3.312402367591857910e-01,3.184974193572998047e-01
4.574111104011535645e-01,-1.331567466259002686e-01,-3.298436105251312256e-01,3.180261254310607910e-01
4.573189914226531982e-01,-1.390338391065597534e-01,-3.284574747085571289e-01,3.175570964813232422e-01
4.572231173515319824e-01,-1.448576450347900391e-01,-3.270812630653381348e-01,3.170901238918304443e-01
4.571240544319152832e-01,-1.506284326314926147e-01,-3.257152438163757324e-01,3.166254758834838867e-01
4.570212960243225098e-01,-1.563470512628555298e-01,-3.243590891361236572e-01,3.161627650260925293e-01
4.569151997566223145e-01,-1.620143055915832520e-01,-3.230127096176147461e-01,3.157022595405578613e-01
4.568058252334594727e-01,-1.676305532455444336e-01,-3.216760754585266113e-01,3.152438402175903320e-01
4.566926062107086182e-01,-1.731847822666168213e-01,-3.203516602516174316e-01,3.147884309291839600e-01
4.565758407115936279e-01,-1.786844134330749512e-01,-3.190377652645111084e-01,3.143354654312133789e-01
4.564559459686279297e-01,-1.841323375701904297e-01,-3.177339434623718262e-01,3.138847947120666504e-01
4.563325643539428711e-01,-1.895294040441513062e-01,-3.164398074150085449e-01,3.134362101554870605e-01
4.562062025070190430e-01,-1.948758959770202637e-01,-3.151555359363555908e-01,3.129900097846984863e-01
4.560766816139221191e-01,-2.001723051071166992e-01,-3.138809800148010254e-01,3.125461935997009277e-01
4.559441208839416504e-01,-2.054193615913391113e-01,-3.126159310340881348e-01,3.121043443679809570e-01
4.558085501194000244e-01,-2.106174975633621216e-01,-3.113603889942169189e-01,3.116648197174072266e-01
4.556698203086853027e-01,-2.157672047615051270e-01,-3.101140856742858887e-01,3.112273514270782471e-01
4.555283486843109131e-01,-2.208693027496337891e-01,-3.088772296905517578e-01,3.107922077178955078e-01
4.553841352462768555e-01,-2.259239852428436279e-01,-3.076494634151458740e-01,3.103592395782470703e-01
4.552370309829711914e-01,-2.309320569038391113e-01,-3.064308762550354004e-01,3.099284172058105469e-01
4.550869464874267578e-01,-2.358941584825515747e-01,-3.052210509777069092e-01,3.094995915889739990e-01
4.549344480037689209e-01,-2.408106327056884766e-01,-3.040203452110290527e-01,3.090729117393493652e-01
4.547792673110961914e-01,-2.456821948289871216e-01,-3.028284311294555664e-01,3.086484968662261963e-01
4.546211361885070801e-01,-2.505094110965728760e-01,-3.016448915004730225e-01,3.082258105278015137e-01
4.544604420661926270e-01,-2.552873492240905762e-01,-3.004713058471679688e-01,3.078058660030364990e-01
4.542967081069946289e-01,-2.600133717060089111e-01,-2.993081212043762207e-01,3.073885738849639893e-01
4.541304707527160645e-01,-2.646943628787994385e-01,-2.981537878513336182e-01,3.069735169410705566e-01
4.539616703987121582e-01,-2.693309485912322998e-01,-2.970084846019744873e-01,3.065606951713562012e-01
4.537900686264038086e-01,-2.739230096340179443e-01,-2.958714663982391357e-01,3.061499297618865967e-01
4.536164700984954834e-01,-2.784717082977294922e-01,-2.947434484958648682e-01,3.057414889335632324e-01
4.534403681755065918e-01,-2.829770743846893311e-01,-2.936241030693054199e-01,3.053352534770965576e-01
4.532614350318908691e-01,-2.874395251274108887e-01,-2.925128340721130371e-01,3.049308657646179199e-01
4.530804753303527832e-01,-2.918597757816314697e-01,-2.914102971553802490e-01,3.045288920402526855e-01
4.528971314430236816e-01,-2.962382435798645020e-01,-2.903158664703369141e-01,3.041288852691650391e-01
4.527115225791931152e-01,-3.005751967430114746e-01,-2.892297208309173584e-01,3.037310242652893066e-01
4.525236785411834717e-01,-3.048713505268096924e-01,-2.881517410278320312e-01,3.033351898193359375e-01
4.523338079452514648e-01,-3.091268837451934814e-01,-2.870818972587585449e-01,3.029416203498840332e-01
4.521414339542388916e-01,-3.133425116539001465e-01,-2.860197424888610840e-01,3.025498688220977783e-01
4.519472122192382812e-01,-3.175186514854431152e-01,-2.849656343460083008e-01,3.021602332592010498e-01
4.517508447170257568e-01,-3.216558098793029785e-01,-2.839194238185882568e-01,3.017727732658386230e-01
4.515522122383117676e-01,-3.257536888122558594e-01,-2.828809022903442383e-01,3.013871312141418457e-01
4.513514339923858643e-01,-3.298040926456451416e-01,-2.818522155284881592e-01,3.010044097900390625e-01
4.511483907699584961e-01,-3.338149785995483398e-01,-2.808313965797424316e-01,3.006236553192138672e-01
4.509434103965759277e-01,-3.377866148948669434e-01,-2.798185944557189941e-01,3.002451658248901367e-01
4.507362246513366699e-01,-3.417198657989501953e-01,-2.788134217262268066e-01,2.998685836791992188e-01
4.505273699760437012e-01,-3.456147015094757080e-01,-2.778160572052001953e-01,2.994942665100097656e-01
4.503162801265716553e-01,-3.494716584682464600e-01,-2.768262922763824463e-01,2.991218566894531250e-01
4.501034915447235107e-01,-3.532912135124206543e-01,-2.758440971374511719e-01,2.987515330314636230e-01
4.498885869979858398e-01,-3.570736348628997803e-01,-2.748693525791168213e-01,2.983832359313964844e-01
4.496721625328063965e-01,-3.608190417289733887e-01,-2.739022076129913330e-01,2.980171442031860352e-01
4.494536519050598145e-01,-3.645284771919250488e-01,-2.729422450065612793e-01,2.976527810096740723e-01
4.492335617542266846e-01,-3.682017028331756592e-01,-2.719897627830505371e-01,2.972905933856964111e-01
4.490115940570831299e-01,-3.718396723270416260e-01,-2.710442841053009033e-01,2.969303131103515625e-01
4.487877488136291504e-01,-3.754424154758453369e-01,-2.701059579849243164e-01,2.965719401836395264e-01
4.485625028610229492e-01,-3.790102303028106689e-01,-2.691748440265655518e-01,2.962155938148498535e-01
4.483353495597839355e-01,-3.825437426567077637e-01,-2.682505249977111816e-01,2.958612143993377686e-01
4.481066465377807617e-01,-3.860433995723724365e-01,-2.673332095146179199e-01,2.955086529254913330e-01
4.478762149810791016e-01,-3.895061910152435303e-01,-2.664233744144439697e-01,2.951582074165344238e-01
4.476441740989685059e-01,-3.929330408573150635e-01,-2.655211091041564941e-01,2.948101162910461426e-01
4.474102854728698730e-01,-3.963258862495422363e-01,-2.646255493164062500e-01,2.944636642932891846e-01
4.471748471260070801e-01,-3.996848464012145996e-01,-2.637370824813842773e-01,2.941194176673889160e-01
4.469380080699920654e-01,-4.030106365680694580e-01,-2.628554105758666992e-01,2.937770783901214600e-01
4.466994702816009521e-01,-4.063031077384948730e-01,-2.619805037975311279e-01,2.934365570545196533e-01
4.464594423770904541e-01,-4.095629155635833740e-01,-2.611123323440551758e-01,2.930980026721954346e-01
4.462179541587829590e-01,-4.127900004386901855e-01,-2.602510452270507812e-01,2.927614450454711914e-01
4.459749460220336914e-01,-4.159849584102630615e-01,-2.593960464000701904e-01,2.924266755580902100e-01
4.457303285598754883e-01,-4.191476106643676758e-01,-2.585477232933044434e-01,2.920937538146972656e-01
4.454845786094665527e-01,-4.222787618637084961e-01,-2.577061653137207031e-01,2.917628884315490723e-01
4.452370405197143555e-01,-4.253782629966735840e-01,-2.568708062171936035e-01,2.914337813854217529e-01
4.449885487556457520e-01,-4.284464716911315918e-01,-2.560421824455261230e-01,2.911067605018615723e-01
4.447383880615234375e-01,-4.314836263656616211e-01,-2.552197873592376709e-01,2.907814085483551025e-01
4.444870948791503906e-01,-4.344903230667114258e-01,-2.544040083885192871e-01,2.904581129550933838e-01
4.442341029644012451e-01,-4.374662935733795166e-01,-2.535943090915679932e-01,2.901364862918853760e-01
4.439798593521118164e-01,-4.404119551181793213e-01,-2.527907490730285645e-01,2.898166477680206299e-01
4.437245130538940430e-01,-4.433276951313018799e-01,-2.519935965538024902e-01,2.894988358020782471e-01
4.434676170349121094e-01,-4.462131857872009277e-01,-2.512026429176330566e-01,2.891827821731567383e-01
4.432097375392913818e-01,-4.490693807601928711e-01,-2.504178881645202637e-01,2.888685762882232666e-01
4.429503083229064941e-01,-4.518961906433105469e-01,-2.496390044689178467e-01,2.885560989379882812e-01
4.426899552345275879e-01,-4.546939134597778320e-01,-2.488665282726287842e-01,2.882456183433532715e-01
4.424280524253845215e-01,-4.574625492095947266e-01,-2.480998039245605469e-01,2.879366874694824219e-01
4.421650171279907227e-01,-4.602027833461761475e-01,-2.473389804363250732e-01,2.876296043395996094e-01
4.419010579586029053e-01,-4.629144370555877686e-01,-2.465843558311462402e-01,2.873244583606719971e-01
4.416355192661285400e-01,-4.655975103378295898e-01,-2.458355724811553955e-01,2.870209813117980957e-01
4.413688778877258301e-01,-4.682527780532836914e-01,-2.450924217700958252e-01,2.867191731929779053e-01
4.411014914512634277e-01,-4.708799719810485840e-01,-2.443554103374481201e-01,2.864194810390472412e-01
4.408327341079711914e-01,-4.734797775745391846e-01,-2.436241209506988525e-01,2.861213088035583496e-01
4.405626058578491211e-01,-4.760518670082092285e-01,-2.428984344005584717e-01,2.858248651027679443e-01
4.402918219566345215e-01,-4.785968661308288574e-01,-2.421787381172180176e-01,2.855303883552551270e-01
4.400196075439453125e-01,-4.811145365238189697e-01,-2.414644956588745117e-01,2.852374911308288574e-01
4.397464990615844727e-01,-4.836054444313049316e-01,-2.407559752464294434e-01,2.849463224411010742e-01
4.394722878932952881e-01,-4.860718548297882080e-01,-2.400527000427246094e-01,2.846567332744598389e-01
4.391970634460449219e-01,-4.885124266147613525e-01,-2.393545806407928467e-01,2.843686640262603760e-01
4.389210343360900879e-01,-4.909269809722900391e-01,-2.386620938777923584e-01,2.840826213359832764e-01
4.386438727378845215e-01,-4.933160245418548584e-01,-2.379749566316604614e-01,2.837980687618255615e-01
4.383656978607177734e-01,-4.956799149513244629e-01,-2.372930943965911865e-01,2.835151851177215576e-01
4.380865693092346191e-01,-4.980183839797973633e-01,-2.366166412830352783e-01,2.832338213920593262e-01
4.378064274787902832e-01,-5.003319978713989258e-01,-2.359453439712524414e-01,2.829543352127075195e-01
4.375253319740295410e-01,-5.026209354400634766e-01,-2.352791726589202881e-01,2.826762199401855469e-01
4.372432231903076172e-01,-5.048851966857910156e-01,-2.346182614564895630e-01,2.823997735977172852e-01
4.369604289531707764e-01,-5.071252584457397461e-01,-2.339625805616378784e-01,2.821250855922698975e-01
4.366766214370727539e-01,-5.093413591384887695e-01,-2.333118915557861328e-01,2.818518579006195068e-01
4.363918304443359375e-01,-5.115334391593933105e-01,-2.326661944389343262e-01,2.815801501274108887e-01
4.361063241958618164e-01,-5.137017369270324707e-01,-2.320256531238555908e-01,2.813103199005126953e-01
4.358199834823608398e-01,-5.158466696739196777e-01,-2.313902825117111206e-01,2.810419201850891113e-01
4.355326890945434570e-01,-5.179682970046997070e-01,-2.307594418525695801e-01,2.807750701904296875e-01
4.352445006370544434e-01,-5.200667977333068848e-01,-2.301336079835891724e-01,2.805097401142120361e-01
4.349554181098937988e-01,-5.221421122550964355e-01,-2.295127511024475098e-01,2.802459895610809326e-01
4.346657991409301758e-01,-5.241948962211608887e-01,-2.288967519998550415e-01,2.799839377403259277e-01
4.343751072883605957e-01,-5.262251496315002441e-01,-2.282854169607162476e-01,2.797232568264007568e-01
4.340837001800537109e-01,-5.282332897186279297e-01,-2.276788353919982910e-01,2.794640064239501953e-01
4.337913990020751953e-01,-5.302190184593200684e-01,-2.270768880844116211e-01,2.792063951492309570e-01
4.334986209869384766e-01,-5.321828126907348633e-01,-2.264799177646636963e-01,2.789503931999206543e-01
4.332048296928405762e-01,-5.341250300407409668e-01,-2.258873283863067627e-01,2.786956727504730225e-01
4.329102635383605957e-01,-5.360452532768249512e-01,-2.252995371818542480e-01,2.784425616264343262e-01
4.326151907444000244e-01,-5.379441976547241211e-01,-2.247162461280822754e-01,2.781909108161926270e-01
4.323192238807678223e-01,-5.398221611976623535e-01,-2.241374403238296509e-01,2.779408097267150879e-01
4.320225119590759277e-01,-5.416786670684814453e-01,-2.235631942749023438e-01,2.776921987533569336e-01
4.317251741886138916e-01,-5.435143113136291504e-01,-2.229933589696884155e-01,2.774448096752166748e-01
4.314270019531250000e-01,-5.453293323516845703e-01,-2.224280685186386108e-01,2.771990001201629639e-01
4.311282634735107422e-01,-5.471236705780029297e-01,-2.218671143054962158e-01,2.769547700881958008e-01
4.308288693428039551e-01,-5.488975644111633301e-01,-2.213106453418731689e-01,2.767119109630584717e-01
4.305285811424255371e-01,-5.506513714790344238e-01,-2.207582443952560425e-01,2.764702439308166504e-01
4.302278757095336914e-01,-5.523848533630371094e-01,-2.202104628086090088e-01,2.762302160263061523e-01
4.299266934394836426e-01,-5.540980696678161621e-01,-2.196671962738037109e-01,2.759918272495269775e-01
4.296244382858276367e-01,-5.557912588119506836e-01,-2.191279232501983643e-01,2.757546305656433105e-01
4.293214678764343262e-01,-5.574647188186645508e-01,-2.185927778482437134e-01,2.755186855792999268e-01
4.290182292461395264e-01,-5.591186881065368652e-01,-2.180621773004531860e-01,2.752844095230102539e-01
4.287141263484954834e-01,-5.607531666755676270e-01,-2.175355255603790283e-01,2.750513851642608643e-01
4.284095466136932373e-01,-5.623684525489807129e-01,-2.170132547616958618e-01,2.748198211193084717e-01
4.281042814254760742e-01,-5.639644861221313477e-01,-2.164949327707290649e-01,2.745896577835083008e-01
4.277985095977783203e-01,-5.655413866043090820e-01,-2.159808874130249023e-01,2.743608951568603516e-01
4.274922013282775879e-01,-5.670993924140930176e-01,-2.154709696769714355e-01,2.741335928440093994e-01
4.271852374076843262e-01,-5.686390399932861328e-01,-2.149648666381835938e-01,2.739074230194091797e-01
4.268775582313537598e-01,-5.701595544815063477e-01,-2.144629508256912231e-01,2.736826837062835693e-01
4.265694320201873779e-01,-5.716618895530700684e-01,-2.139650285243988037e-01,2.734592854976654053e-01
4.262605011463165283e-01,-5.731457471847534180e-01,-2.134709954261779785e-01,2.732372283935546875e-01
4.259513616561889648e-01,-5.746115446090698242e-01,-2.129810005426406860e-01,2.730165719985961914e-01
4.256415069103240967e-01,-5.760591030120849609e-01,-2.124947905540466309e-01,2.727971374988555908e-01
4.253310859203338623e-01,-5.774885416030883789e-01,-2.120127230882644653e-01,2.725791335105895996e-01
4.250202476978302002e-01,-5.788998603820800781e-01,-2.115345597267150879e-01,2.723625302314758301e-01
4.247089624404907227e-01,-5.802937746047973633e-01,-2.110603004693984985e-01,2.721472382545471191e-01
4.243969321250915527e-01,-5.816699266433715820e-01,-2.105897963047027588e-01,2.719331979751586914e-01
4.240844547748565674e-01,-5.830283164978027344e-01,-2.101230472326278687e-01,2.717204391956329346e-01
4.237715601921081543e-01,-5.843691825866699219e-01,-2.096604406833648682e-01,2.715092003345489502e-01
4.234579205513000488e-01,-5.856930017471313477e-01,-2.092012763023376465e-01,2.712990343570709229e-01
4.231441617012023926e-01,-5.869988799095153809e-01,-2.087461948394775391e-01,2.710904181003570557e-01
4.228296279907226562e-01,-5.882880091667175293e-01,-2.082946300506591797e-01,2.708829343318939209e-01
4.225146770477294922e-01,-5.895600318908691406e-01,-2.078470885753631592e-01,2.706768810749053955e-01
4.221993088722229004e-01,-5.908149480819702148e-01,-2.074032425880432129e-01,2.704721689224243164e-01
4.218833148479461670e-01,-5.920531153678894043e-01,-2.069628387689590454e-01,2.702684402465820312e-01
4.215669631958007812e-01,-5.932742953300476074e-01,-2.065264135599136353e-01,2.700663208961486816e-01
4.212500452995300293e-01,-5.944786667823791504e-01,-2.060934752225875854e-01,2.698653340339660645e-01
4.209331870079040527e-01,-5.956735610961914062e-01,-2.056628018617630005e-01,2.696651518344879150e-01
4.206156730651855469e-01,-5.968536138534545898e-01,-2.052350044250488281e-01,2.694658041000366211e-01
4.202978610992431641e-01,-5.980182886123657227e-01,-2.048109024763107300e-01,2.692678570747375488e-01
4.199792742729187012e-01,-5.991674661636352539e-01,-2.043898701667785645e-01,2.690708637237548828e-01
4.196608066558837891e-01,-6.003013253211975098e-01,-2.039724439382553101e-01,2.688753008842468262e-01
4.193416237831115723e-01,-6.014201641082763672e-01,-2.035582661628723145e-01,2.686807215213775635e-01
4.190221428871154785e-01,-6.025241613388061523e-01,-2.031473815441131592e-01,2.684874534606933594e-01
4.187022149562835693e-01,-6.036128997802734375e-01,-2.027397751808166504e-01,2.682952582836151123e-01
4.183821082115173340e-01,-6.046873331069946289e-01,-2.023354619741439819e-01,2.681043148040771484e-01
4.180613160133361816e-01,-6.057468652725219727e-01,-2.019342482089996338e-01,2.679143846035003662e-01
4.177405238151550293e-01,-6.067917943000793457e-01,-2.015364617109298706e-01,2.677257657051086426e-01
4.174191057682037354e-01,-6.078230142593383789e-01,-2.011415660381317139e-01,2.675381302833557129e-01
4.170972108840942383e-01,-6.088392734527587891e-01,-2.007499933242797852e-01,2.673514485359191895e-01
4.167752563953399658e-01,-6.098418235778808594e-01,-2.003613710403442383e-01,2.671660184860229492e-01
4.164528250694274902e-01,-6.108301281929016113e-01,-1.999761164188385010e-01,2.669818401336669922e-01
4.161301851272583008e-01,-6.118043065071105957e-01,-1.995939165353775024e-01,2.667987346649169922e-01
4.158070981502532959e-01,-6.127651929855346680e-01,-1.992145776748657227e-01,2.666166424751281738e-01
4.154833853244781494e-01,-6.137120127677917480e-01,-1.988383382558822632e-01,2.664354741573333740e-01
4.151599407196044922e-01,-6.146456003189086914e-01,-1.984652876853942871e-01,2.662556767463684082e-01
4.148358404636383057e-01,-6.155651211738586426e-01,-1.980951577425003052e-01,2.660769522190093994e-01
4.145115017890930176e-01,-6.164717078208923340e-01,-1.977280080318450928e-01,2.658990919589996338e-01
4.141866862773895264e-01,-6.173650026321411133e-01,-1.973636299371719360e-01,2.657223641872406006e-01
4.138615727424621582e-01,-6.182450652122497559e-01,-1.970021277666091919e-01,2.655465900897979736e-01
4.135363698005676270e-01,-6.191121339797973633e-01,-1.966439187526702881e-01,2.653720974922180176e-01
4.132108688354492188e-01,-6.199661493301391602e-01,-1.962884366512298584e-01,2.651985883712768555e-01
4.128848314285278320e-01,-6.208072304725646973e-01,-1.959357410669326782e-01,2.650259733200073242e-01
4.125586748123168945e-01,-6.216357350349426270e-01,-1.955859065055847168e-01,2.648546099662780762e-01
4.122321009635925293e-01,-6.224513649940490723e-01,-1.952388137578964233e-01,2.646840512752532959e-01
4.119054377079010010e-01,-6.232544779777526855e-01,-1.948948502540588379e-01,2.645147144794464111e-01
4.115786254405975342e-01,-6.240463852882385254e-01,-1.945533156394958496e-01,2.643463611602783203e-01
4.112512767314910889e-01,-6.248267889022827148e-01,-1.942141354084014893e-01,2.641787230968475342e-01
4.109237194061279297e-01,-6.255953311920166016e-01,-1.938777267932891846e-01,2.640121281147003174e-01
4.105960726737976074e-01,-6.263516545295715332e-01,-1.935439705848693848e-01,2.638465762138366699e-01
4.102680087089538574e-01,-6.270962953567504883e-01,-1.932128667831420898e-01,2.636818289756774902e-01
4.099398553371429443e-01,-6.278290152549743652e-01,-1.928845643997192383e-01,2.635183036327362061e-01
4.096112847328186035e-01,-6.285503506660461426e-01,-1.925587654113769531e-01,2.633556127548217773e-01
4.092823863029479980e-01,-6.292601823806762695e-01,-1.922353804111480713e-01,2.631936967372894287e-01
4.089534282684326172e-01,-6.299585103988647461e-01,-1.919146478176116943e-01,2.630327939987182617e-01
4.086242318153381348e-01,-6.306450963020324707e-01,-1.915965974330902100e-01,2.628731131553649902e-01
4.082947969436645508e-01,-6.313206553459167480e-01,-1.912809908390045166e-01,2.627141177654266357e-01
4.079653620719909668e-01,-6.319853067398071289e-01,-1.909680068492889404e-01,2.625561654567718506e-01
4.076354801654815674e-01,-6.326384544372558594e-01,-1.906575262546539307e-01,2.623992562294006348e-01
4.073051214218139648e-01,-6.332809329032897949e-01,-1.903492808341979980e-01,2.622428834438323975e-01
4.069749414920806885e-01,-6.339122653007507324e-01,-1.900437772274017334e-01,2.620877623558044434e-01
4.066442549228668213e-01,-6.345330476760864258e-01,-1.897404491901397705e-01,2.619333863258361816e-01
4.063138365745544434e-01,-6.351429820060729980e-01,-1.894399821758270264e-01,2.617802023887634277e-01
4.059829711914062500e-01,-6.357421875000000000e-01,-1.891415715217590332e-01,2.616277039051055908e-01
4.056515395641326904e-01,-6.363309621810913086e-01,-1.888454258441925049e-01,2.614759504795074463e-01
4.053202569484710693e-01,-6.369091868400573730e-01,-1.885518133640289307e-01,2.613251209259033203e-01
4.049888849258422852e-01,-6.374770998954772949e-01,-1.882607638835906982e-01,2.611755132675170898e-01
4.046571254730224609e-01,-6.380348205566406250e-01,-1.879717409610748291e-01,2.610264122486114502e-01
4.043253660202026367e-01,-6.385823488235473633e-01,-1.876851916313171387e-01,2.608784139156341553e-01
4.039931297302246094e-01,-6.391196250915527344e-01,-1.874009072780609131e-01,2.607311308383941650e-01
4.036610126495361328e-01,-6.396466493606567383e-01,-1.871188879013061523e-01,2.605848610401153564e-01
4.033285379409790039e-01,-6.401640176773071289e-01,-1.868392527103424072e-01,2.604393064975738525e-01
4.029960334300994873e-01,-6.406710743904113770e-01,-1.865618824958801270e-01,2.602948248386383057e-01
4.026632308959960938e-01,-6.411686539649963379e-01,-1.862866282463073730e-01,2.601509988307952881e-01
4.023303985595703125e-01,-6.416563987731933594e-01,-1.860136389732360840e-01,2.600080966949462891e-01
4.019972681999206543e-01,-6.421353816986083984e-01,-1.857426464557647705e-01,2.598659992218017578e-01
4.016641378402709961e-01,-6.426060199737548828e-01,-1.854735910892486572e-01,2.597244977951049805e-01
4.013307392597198486e-01,-6.430671215057373047e-01,-1.852066814899444580e-01,2.595838308334350586e-01
4.009972810745239258e-01,-6.435191035270690918e-01,-1.849417686462402344e-01,2.594440281391143799e-01
4.006635248661041260e-01,-6.439622640609741211e-01,-1.846789121627807617e-01,2.593049705028533936e-01
4.003299176692962646e-01,-6.443962454795837402e-01,-1.844182908535003662e-01,2.591667473316192627e-01
3.999958038330078125e-01,-6.448212265968322754e-01,-1.841595172882080078e-01,2.590292394161224365e-01
3.996618688106536865e-01,-6.452370285987854004e-01,-1.839029490947723389e-01,2.588926851749420166e-01
3.993277847766876221e-01,-6.456443667411804199e-01,-1.836484670639038086e-01,2.587568163871765137e-01
3.989935815334320068e-01,-6.460428833961486816e-01,-1.833959817886352539e-01,2.586218118667602539e-01
3.986591398715972900e-01,-6.464329361915588379e-01,-1.831454038619995117e-01,2.584873437881469727e-01
3.983244299888610840e-01,-6.468139886856079102e-01,-1.828966140747070312e-01,2.583537697792053223e-01
3.979896903038024902e-01,-6.471869349479675293e-01,-1.826498806476593018e-01,2.582207918167114258e-01
3.976550698280334473e-01,-6.475513577461242676e-01,-1.824052929878234863e-01,2.580888867378234863e-01
3.973200619220733643e-01,-6.479073166847229004e-01,-1.821624040603637695e-01,2.579574286937713623e-01
3.969852030277252197e-01,-6.482547521591186523e-01,-1.819218695163726807e-01,2.578272223472595215e-01
3.966500163078308105e-01,-6.485944390296936035e-01,-1.816826164722442627e-01,2.576972246170043945e-01
3.963147997856140137e-01,-6.489256620407104492e-01,-1.814455091953277588e-01,2.575682401657104492e-01
3.959793150424957275e-01,-6.492491364479064941e-01,-1.812102496623992920e-01,2.574398517608642578e-01
3.956437110900878906e-01,-6.495643258094787598e-01,-1.809767782688140869e-01,2.573120594024658203e-01
3.953082263469696045e-01,-6.498715877532958984e-01,-1.807453036308288574e-01,2.571851909160614014e-01
3.949727118015289307e-01,-6.501712799072265625e-01,-1.805155575275421143e-01,2.570589780807495117e-01
3.946367502212524414e-01,-6.504631638526916504e-01,-1.802874505519866943e-01,2.569332718849182129e-01
3.943009674549102783e-01,-6.507468819618225098e-01,-1.800614595413208008e-01,2.568085789680480957e-01
3.939650654792785645e-01,-6.510231494903564453e-01,-1.798372566699981689e-01,2.566845715045928955e-01
3.936289548873901367e-01,-6.512918472290039062e-01,-1.796145439147949219e-01,2.565611600875854492e-01
3.932928740978240967e-01,-6.515529155731201172e-01,-1.793938577175140381e-01,2.564384639263153076e-01
3.929566740989685059e-01,-6.518065333366394043e-01,-1.791746914386749268e-01,2.563164532184600830e-01
3.926203846931457520e-01,-6.520526409149169922e-01,-1.789575219154357910e-01,2.561952471733093262e-01
3.922841548919677734e-01,-6.522920727729797363e-01,-1.787418723106384277e-01,2.560745775699615479e-01
3.919477462768554688e-01,-6.525246500968933105e-01,-1.785275936126708984e-01,2.559545338153839111e-01
3.916110694408416748e-01,-6.527501940727233887e-01,-1.783150434494018555e-01,2.558350265026092529e-01
3.912744224071502686e-01,-6.529687047004699707e-01,-1.781041026115417480e-01,2.557162344455718994e-01
3.909379541873931885e-01,-6.531802415847778320e-01,-1.778949499130249023e-01,2.555982470512390137e-01
3.906011879444122314e-01,-6.533850431442260742e-01,-1.776873171329498291e-01,2.554807066917419434e-01
3.902644217014312744e-01,-6.535826921463012695e-01,-1.774814128875732422e-01,2.553640305995941162e-01
3.899275660514831543e-01,-6.537736654281616211e-01,-1.772769689559936523e-01,2.552477717399597168e-01
3.895906507968902588e-01,-6.539577245712280273e-01,-1.770741939544677734e-01,2.551323473453521729e-01
3.892535567283630371e-01,-6.541354060173034668e-01,-1.768728494644165039e-01,2.550173401832580566e-01
3.889166116714477539e-01,-6.543062329292297363e-01,-1.766732037067413330e-01,2.549031674861907959e-01
3.885794281959533691e-01,-6.544705629348754883e-01,-1.764749884605407715e-01,2.547894120216369629e-01
3.882424533367156982e-01,-6.546285152435302734e-01,-1.762785017490386963e-01,2.546765804290771484e-01
3.879050612449645996e-01,-6.547799110412597656e-01,-1.760833263397216797e-01,2.545640468597412109e-01
3.875679373741149902e-01,-6.549251079559326172e-01,-1.758896708488464355e-01,2.544522583484649658e-01
3.872305750846862793e-01,-6.550636291503906250e-01,-1.756975352764129639e-01,2.543410658836364746e-01
3.868933022022247314e-01,-6.551960706710815430e-01,-1.755070686340332031e-01,2.542305588722229004e-01
3.865559697151184082e-01,-6.553221344947814941e-01,-1.753180325031280518e-01,2.541206479072570801e-01
3.862185478210449219e-01,-6.554420590400695801e-01,-1.751303970813751221e-01,2.540113031864166260e-01
3.858811259269714355e-01,-6.555560827255249023e-01,-1.749441623687744141e-01,2.539024055004119873e-01
3.855435252189636230e-01,-6.556639671325683594e-01,-1.747594177722930908e-01,2.537941932678222656e-01
3.852058053016662598e-01,-6.557657122611999512e-01,-1.745761036872863770e-01,2.536865472793579102e-01
3.848682641983032227e-01,-6.558614373207092285e-01,-1.743941605091094971e-01,2.535795867443084717e-01
3.845306038856506348e-01,-6.559514999389648438e-01,-1.742136180400848389e-01,2.534730136394500732e-01
3.841929435729980469e-01,-6.560354828834533691e-01,-1.740344762802124023e-01,2.533671259880065918e-01
3.838553428649902344e-01,-6.561137437820434570e-01,-1.738569140434265137e-01,2.532619237899780273e-01
3.835176527500152588e-01,-6.561860442161560059e-01,-1.736806333065032959e-01,2.531573176383972168e-01
3.831796646118164062e-01,-6.562529802322387695e-01,-1.735054254531860352e-01,2.530528604984283447e-01
3.828419744968414307e-01,-6.563138365745544434e-01,-1.733319759368896484e-01,2.529492676258087158e-01
3.825041949748992920e-01,-6.563693284988403320e-01,-1.731597185134887695e-01,2.528462707996368408e-01
3.821661472320556641e-01,-6.564203500747680664e-01,-1.729884147644042969e-01,2.527435719966888428e-01
3.818286061286926270e-01,-6.564657688140869141e-01,-1.728188395500183105e-01,2.526417672634124756e-01
3.814907968044281006e-01,-6.565058827400207520e-01,-1.726501882076263428e-01,2.525402605533599854e-01
3.811526298522949219e-01,-6.565409302711486816e-01,-1.724826395511627197e-01,2.524390220642089844e-01
3.808149099349975586e-01,-6.565707325935363770e-01,-1.723167002201080322e-01,2.523386180400848389e-01
3.804769217967987061e-01,-6.565950512886047363e-01,-1.721518337726593018e-01,2.522387504577636719e-01
3.801389336585998535e-01,-6.566144227981567383e-01,-1.719882786273956299e-01,2.521391808986663818e-01
3.798009753227233887e-01,-6.566284298896789551e-01,-1.718259751796722412e-01,2.520403265953063965e-01
3.794629871845245361e-01,-6.566376090049743652e-01,-1.716648340225219727e-01,2.519418895244598389e-01
3.791251182556152344e-01,-6.566414833068847656e-01,-1.715050339698791504e-01,2.518440485000610352e-01
3.787871599197387695e-01,-6.566405892372131348e-01,-1.713465154170989990e-01,2.517467439174652100e-01
3.784491419792175293e-01,-6.566349267959594727e-01,-1.711890101432800293e-01,2.516497969627380371e-01
3.781111836433410645e-01,-6.566239595413208008e-01,-1.710327565670013428e-01,2.515535652637481689e-01
3.777731060981750488e-01,-6.566087007522583008e-01,-1.708775460720062256e-01,2.514576017856597900e-01
3.774352073669433594e-01,-6.565881371498107910e-01,-1.707237362861633301e-01,2.513622641563415527e-01
3.770971596240997314e-01,-6.565631031990051270e-01,-1.705709397792816162e-01,2.512674331665039062e-01
3.767592012882232666e-01,-6.565332412719726562e-01,-1.704193949699401855e-01,2.511730790138244629e-01
3.764210939407348633e-01,-6.564987897872924805e-01,-1.702687144279479980e-01,2.510790824890136719e-01
3.760830163955688477e-01,-6.564596891403198242e-01,-1.701193153858184814e-01,2.509855031967163086e-01
3.757451176643371582e-01,-6.564161777496337891e-01,-1.699711680412292480e-01,2.508926987648010254e-01
3.754072487354278564e-01,-6.563675999641418457e-01,-1.698242127895355225e-01,2.508004009723663330e-01
3.750692605972290039e-01,-6.563146114349365234e-01,-1.696782708168029785e-01,2.507084608078002930e-01
3.747311830520629883e-01,-6.562573909759521484e-01,-1.695332229137420654e-01,2.506167292594909668e-01
3.743930459022521973e-01,-6.561957597732543945e-01,-1.693894267082214355e-01,2.505256831645965576e-01
3.740550875663757324e-01,-6.561297774314880371e-01,-1.692466735839843750e-01,2.504350543022155762e-01
3.737171292304992676e-01,-6.560592651367187500e-01,-1.691050827503204346e-01,2.503448426723480225e-01
3.733792304992675781e-01,-6.559844017028808594e-01,-1.689645051956176758e-01,2.502553761005401611e-01
3.730410933494567871e-01,-6.559054851531982422e-01,-1.688248217105865479e-01,2.501659989356994629e-01
3.727032840251922607e-01,-6.558220982551574707e-01,-1.686864793300628662e-01,2.500772476196289062e-01
3.723653554916381836e-01,-6.557351350784301758e-01,-1.685488522052764893e-01,2.499890327453613281e-01
3.720274269580841064e-01,-6.556440591812133789e-01,-1.684123873710632324e-01,2.499010264873504639e-01
3.716894090175628662e-01,-6.555491685867309570e-01,-1.682766973972320557e-01,2.498134970664978027e-01
3.713514804840087891e-01,-6.554502844810485840e-01,-1.681420207023620605e-01,2.497261762619018555e-01
3.710137307643890381e-01,-6.553470492362976074e-01,-1.680086851119995117e-01,2.496398389339447021e-01
3.706757426261901855e-01,-6.552401185035705566e-01,-1.678758859634399414e-01,2.495533972978591919e-01
3.703379333019256592e-01,-6.551292538642883301e-01,-1.677443087100982666e-01,2.494677603244781494e-01
3.700001835823059082e-01,-6.550145149230957031e-01,-1.676137447357177734e-01,2.493823617696762085e-01
3.696622252464294434e-01,-6.548961997032165527e-01,-1.674838662147521973e-01,2.492973804473876953e-01
3.693245351314544678e-01,-6.547737121582031250e-01,-1.673552393913269043e-01,2.492129206657409668e-01
3.689869046211242676e-01,-6.546475887298583984e-01,-1.672274172306060791e-01,2.491288930177688599e-01
3.686491250991821289e-01,-6.545180082321166992e-01,-1.671003699302673340e-01,2.490451037883758545e-01
3.683114647865295410e-01,-6.543844938278198242e-01,-1.669746339321136475e-01,2.489619255065917969e-01
3.679738044738769531e-01,-6.542472243309020996e-01,-1.668497323989868164e-01,2.488791495561599731e-01
3.676360249519348145e-01,-6.541066169738769531e-01,-1.667253375053405762e-01,2.487963736057281494e-01
3.672984838485717773e-01,-6.539626121520996094e-01,-1.666022241115570068e-01,2.487143874168395996e-01
3.669608235359191895e-01,-6.538146138191223145e-01,-1.664798259735107422e-01,2.486326992511749268e-01
3.666232228279113770e-01,-6.536634564399719238e-01,-1.663583219051361084e-01,2.485513985157012939e-01
3.662857711315155029e-01,-6.535087823867797852e-01,-1.662379503250122070e-01,2.484705597162246704e-01
3.659482896327972412e-01,-6.533506512641906738e-01,-1.661180257797241211e-01,2.483899891376495361e-01
3.656108677387237549e-01,-6.531891226768493652e-01,-1.659992337226867676e-01,2.483099400997161865e-01
3.652733862400054932e-01,-6.530241966247558594e-01,-1.658812165260314941e-01,2.482301294803619385e-01
3.649359941482543945e-01,-6.528560519218444824e-01,-1.657641232013702393e-01,2.481507658958435059e-01
3.645987212657928467e-01,-6.526846885681152344e-01,-1.656478643417358398e-01,2.480718195438385010e-01
3.642611801624298096e-01,-6.525100469589233398e-01,-1.655323803424835205e-01,2.479931116104125977e-01
3.639240562915802002e-01,-6.523320078849792480e-01,-1.654177606105804443e-01,2.479150444269180298e-01
3.635866045951843262e-01,-6.521509289741516113e-01,-1.653037965297698975e-01,2.478370070457458496e-01
3.632494807243347168e-01,-6.519665718078613281e-01,-1.651908159255981445e-01,2.477595657110214233e-01
3.629121184349060059e-01,-6.517792344093322754e-01,-1.650784313678741455e-01,2.476822733879089355e-01
3.625749945640563965e-01,-6.515887975692749023e-01,-1.649670600891113281e-01,2.476055324077606201e-01
3.622378110885620117e-01,-6.513952016830444336e-01,-1.648563742637634277e-01,2.475290000438690186e-01
3.619008660316467285e-01,-6.511987447738647461e-01,-1.647465825080871582e-01,2.474530041217803955e-01
3.615639209747314453e-01,-6.509989500045776367e-01,-1.646376252174377441e-01,2.473774105310440063e-01
3.612268865108489990e-01,-6.507964134216308594e-01,-1.645292043685913086e-01,2.473019361495971680e-01
3.608896732330322266e-01,-6.505911946296691895e-01,-1.644215285778045654e-01,2.472267448902130127e-01
3.605527877807617188e-01,-6.503828167915344238e-01,-1.643146872520446777e-01,2.471520304679870605e-01
3.602158427238464355e-01,-6.501715183258056641e-01,-1.642087399959564209e-01,2.470777034759521484e-01
3.598793447017669678e-01,-6.499573588371276855e-01,-1.641036570072174072e-01,2.470039427280426025e-01
3.595425188541412354e-01,-6.497404575347900391e-01,-1.639990210533142090e-01,2.469302415847778320e-01
3.592057526111602783e-01,-6.495210528373718262e-01,-1.638951897621154785e-01,2.468568533658981323e-01
3.588691651821136475e-01,-6.492986083030700684e-01,-1.637921035289764404e-01,2.467839419841766357e-01
3.585325479507446289e-01,-6.490737795829772949e-01,-1.636895239353179932e-01,2.467112094163894653e-01
3.581958711147308350e-01,-6.488459706306457520e-01,-1.635877788066864014e-01,2.466387897729873657e-01
3.578593134880065918e-01,-6.486153602600097656e-01,-1.634868085384368896e-01,2.465668022632598877e-01
3.575226068496704102e-01,-6.483821868896484375e-01,-1.633863449096679688e-01,2.464951574802398682e-01
3.571862578392028809e-01,-6.481466889381408691e-01,-1.632867455482482910e-01,2.464236170053482056e-01
3.568499088287353516e-01,-6.479083299636840820e-01,-1.631879508495330811e-01,2.463527321815490723e-01
3.565135002136230469e-01,-6.476677656173706055e-01,-1.630895435810089111e-01,2.462818622589111328e-01
3.561772704124450684e-01,-6.474243402481079102e-01,-1.629920005798339844e-01,2.462115436792373657e-01
3.558410406112670898e-01,-6.471787691116333008e-01,-1.628950238227844238e-01,2.461413741111755371e-01
3.555046617984771729e-01,-6.469304561614990234e-01,-1.627986431121826172e-01,2.460714429616928101e-01
3.551687002182006836e-01,-6.466796398162841797e-01,-1.627030968666076660e-01,2.460020035505294800e-01
3.548323512077331543e-01,-6.464264988899230957e-01,-1.626079678535461426e-01,2.459326088428497314e-01
3.544964194297790527e-01,-6.461713314056396484e-01,-1.625135838985443115e-01,2.458638846874237061e-01
3.541603982448577881e-01,-6.459136009216308594e-01,-1.624198853969573975e-01,2.457951307296752930e-01
3.538245558738708496e-01,-6.456533074378967285e-01,-1.623269617557525635e-01,2.457269728183746338e-01
3.534885644912719727e-01,-6.453906297683715820e-01,-1.622343063354492188e-01,2.456588745117187500e-01
3.531529903411865234e-01,-6.451263427734375000e-01,-1.621424853801727295e-01,2.455910891294479370e-01
3.528170585632324219e-01,-6.448592543601989746e-01,-1.620511710643768311e-01,2.455237209796905518e-01
3.524814248085021973e-01,-6.445900201797485352e-01,-1.619606912136077881e-01,2.454566359519958496e-01
3.521459102630615234e-01,-6.443185806274414062e-01,-1.618706583976745605e-01,2.453898638486862183e-01
3.518100380897521973e-01,-6.440449953079223633e-01,-1.617810130119323730e-01,2.453230619430541992e-01
3.514747619628906250e-01,-6.437690854072570801e-01,-1.616924703121185303e-01,2.452569603919982910e-01
3.511391282081604004e-01,-6.434912085533142090e-01,-1.616039872169494629e-01,2.451908439397811890e-01
3.508036732673645020e-01,-6.432111263275146484e-01,-1.615163087844848633e-01,2.451251447200775146e-01
3.504682481288909912e-01,-6.429291367530822754e-01,-1.614291071891784668e-01,2.450595498085021973e-01
3.501328825950622559e-01,-6.426448822021484375e-01,-1.613425314426422119e-01,2.449943870306015015e-01
3.497978448867797852e-01,-6.423590183258056641e-01,-1.612567305564880371e-01,2.449295818805694580e-01
3.494626283645629883e-01,-6.420708298683166504e-01,-1.611711382865905762e-01,2.448648810386657715e-01
3.491273522377014160e-01,-6.417806148529052734e-01,-1.610862314701080322e-01,2.448004186153411865e-01
3.487924933433532715e-01,-6.414886713027954102e-01,-1.610019505023956299e-01,2.447364330291748047e-01
3.484573662281036377e-01,-6.411948204040527344e-01,-1.609179079532623291e-01,2.446723878383636475e-01
3.481224179267883301e-01,-6.408988237380981445e-01,-1.608346402645111084e-01,2.446088492870330811e-01
3.477874100208282471e-01,-6.406012773513793945e-01,-1.607518196105957031e-01,2.445454299449920654e-01
3.474528491497039795e-01,-6.403015851974487305e-01,-1.606696844100952148e-01,2.444824874401092529e-01
3.471180796623229980e-01,-6.400003433227539062e-01,-1.605879068374633789e-01,2.444195449352264404e-01
3.467832505702972412e-01,-6.396972537040710449e-01,-1.605064868927001953e-01,2.443568557500839233e-01
3.464486002922058105e-01,-6.393923759460449219e-01,-1.604256927967071533e-01,2.442945539951324463e-01
3.461140990257263184e-01,-6.390856504440307617e-01,-1.603455245494842529e-01,2.442325204610824585e-01
3.457796871662139893e-01,-6.387770175933837891e-01,-1.602657735347747803e-01,2.441706955432891846e-01
3.454453051090240479e-01,-6.384673118591308594e-01,-1.601864695549011230e-01,2.441089749336242676e-01
3.451110422611236572e-01,-6.381556987762451172e-01,-1.601076126098632812e-01,2.440476119518280029e-01
3.447765707969665527e-01,-6.378424763679504395e-01,-1.600291132926940918e-01,2.439863383769989014e-01
3.444423675537109375e-01,-6.375274658203125000e-01,-1.599511802196502686e-01,2.439254224300384521e-01
3.441083431243896484e-01,-6.372109055519104004e-01,-1.598739326000213623e-01,2.438647449016571045e-01
3.437741100788116455e-01,-6.368927359580993652e-01,-1.597968637943267822e-01,2.438042908906936646e-01
3.434400856494903564e-01,-6.365731358528137207e-01,-1.597203314304351807e-01,2.437441647052764893e-01
3.431061208248138428e-01,-6.362521052360534668e-01,-1.596441268920898438e-01,2.436839640140533447e-01
3.427722454071044922e-01,-6.359295248985290527e-01,-1.595685780048370361e-01,2.436242103576660156e-01
3.424384593963623047e-01,-6.356053352355957031e-01,-1.594933867454528809e-01,2.435647249221801758e-01
3.421049714088439941e-01,-6.352797150611877441e-01,-1.594187021255493164e-01,2.435055077075958252e-01
3.417711555957794189e-01,-6.349527239799499512e-01,-1.593441963195800781e-01,2.434462606906890869e-01
3.414375483989715576e-01,-6.346244812011718750e-01,-1.592702269554138184e-01,2.433872371912002563e-01
3.411039710044860840e-01,-6.342946290969848633e-01,-1.591965854167938232e-01,2.433285713195800781e-01
3.407704830169677734e-01,-6.339639425277709961e-01,-1.591233015060424805e-01,2.432698905467987061e-01
3.404370844364166260e-01,-6.336314082145690918e-01,-1.590507328510284424e-01,2.432117462158203125e-01
3.401038944721221924e-01,-6.332978606224060059e-01,-1.589782238006591797e-01,2.431535720825195312e-01
3.397707045078277588e-01,-6.329628229141235352e-01,-1.589063107967376709e-01,2.430957853794097900e-01
3.394373655319213867e-01,-6.326268315315246582e-01,-1.588345468044281006e-01,2.430379539728164673e-01
3.391043543815612793e-01,-6.322891712188720703e-01,-1.587634086608886719e-01,2.429805397987365723e-01
3.387714326381683350e-01,-6.319507360458374023e-01,-1.586925089359283447e-01,2.429232895374298096e-01
3.384383022785186768e-01,-6.316109299659729004e-01,-1.586219370365142822e-01,2.428659498691558838e-01
3.381056189537048340e-01,-6.312701702117919922e-01,-1.585517525672912598e-01,2.428091019392013550e-01
3.377728164196014404e-01,-6.309280395507812500e-01,-1.584820747375488281e-01,2.427524626255035400e-01
3.374400734901428223e-01,-6.305849552154541016e-01,-1.584125757217407227e-01,2.426958084106445312e-01
3.371075987815856934e-01,-6.302408576011657715e-01,-1.583435237407684326e-01,2.426395714282989502e-01
3.367749750614166260e-01,-6.298956274986267090e-01,-1.582746505737304688e-01,2.425833046436309814e-01
3.364423513412475586e-01,-6.295493245124816895e-01,-1.582061052322387695e-01,2.425272166728973389e-01
3.361100852489471436e-01,-6.292022466659545898e-01,-1.581380069255828857e-01,2.424715459346771240e-01
3.357777297496795654e-01,-6.288537979125976562e-01,-1.580701768398284912e-01,2.424157559871673584e-01
3.354455530643463135e-01,-6.285047531127929688e-01,-1.580027043819427490e-01,2.423603236675262451e-01
3.351134657859802246e-01,-6.281547546386718750e-01,-1.579355299472808838e-01,2.423050254583358765e-01
3.347811400890350342e-01,-6.278042793273925781e-01,-1.578682363033294678e-01,2.422495782375335693e-01
3.344493508338928223e-01,-6.274522542953491211e-01,-1.578018665313720703e-01,2.421948164701461792e-01
3.341172039508819580e-01,-6.270998120307922363e-01,-1.577352881431579590e-01,2.421398162841796875e-01
3.337853550910949707e-01,-6.267462968826293945e-01,-1.576692461967468262e-01,2.420851588249206543e-01
3.334537148475646973e-01,-6.263914704322814941e-01,-1.576036214828491211e-01,2.420306950807571411e-01
3.331218659877777100e-01,-6.260334253311157227e-01,-1.575387418270111084e-01,2.419765293598175049e-01
3.327903151512145996e-01,-6.256744265556335449e-01,-1.574742794036865234e-01,2.419226765632629395e-01
3.324587345123291016e-01,-6.253147721290588379e-01,-1.574099659919738770e-01,2.418689429759979248e-01
3.321271240711212158e-01,-6.249535679817199707e-01,-1.573462188243865967e-01,2.418152987957000732e-01
3.317956924438476562e-01,-6.245918869972229004e-01,-1.572825312614440918e-01,2.417619079351425171e-01
3.314644694328308105e-01,-6.242291331291198730e-01,-1.572194099426269531e-01,2.417086660861968994e-01
3.311331272125244141e-01,-6.238653659820556641e-01,-1.571564078330993652e-01,2.416556179523468018e-01
3.308020532131195068e-01,-6.235010623931884766e-01,-1.570938527584075928e-01,2.416027486324310303e-01
3.304708898067474365e-01,-6.231359243392944336e-01,-1.570312976837158203e-01,2.415499538183212280e-01
3.301396667957305908e-01,-6.227697730064392090e-01,-1.569691300392150879e-01,2.414973080158233643e-01
3.298089206218719482e-01,-6.224026679992675781e-01,-1.569073498249053955e-01,2.414450198411941528e-01
3.294780850410461426e-01,-6.220349669456481934e-01,-1.568458974361419678e-01,2.413928210735321045e-01
3.291471600532531738e-01,-6.216665506362915039e-01,-1.567844450473785400e-01,2.413406074047088623e-01
3.288164138793945312e-01,-6.212973594665527344e-01,-1.567233502864837646e-01,2.412884682416915894e-01
3.284857571125030518e-01,-6.209273338317871094e-01,-1.566626727581024170e-01,2.412366867065429688e-01
3.281551897525787354e-01,-6.205563545227050781e-01,-1.566022038459777832e-01,2.411850839853286743e-01
3.278248012065887451e-01,-6.201848983764648438e-01,-1.565420031547546387e-01,2.411335855722427368e-01
3.274944424629211426e-01,-6.198126077651977539e-01,-1.564821600914001465e-01,2.410823106765747070e-01
3.271639943122863770e-01,-6.194398999214172363e-01,-1.564221382141113281e-01,2.410309314727783203e-01
3.268336653709411621e-01,-6.190664768218994141e-01,-1.563626229763031006e-01,2.409797757863998413e-01
3.265035748481750488e-01,-6.186921596527099609e-01,-1.563034057617187500e-01,2.409288138151168823e-01
3.261735141277313232e-01,-6.183174252510070801e-01,-1.562444567680358887e-01,2.408780306577682495e-01
3.258433938026428223e-01,-6.179420351982116699e-01,-1.561854779720306396e-01,2.408273071050643921e-01
3.255136311054229736e-01,-6.175659298896789551e-01,-1.561270058155059814e-01,2.407767772674560547e-01
3.251838386058807373e-01,-6.171892881393432617e-01,-1.560687422752380371e-01,2.407264113426208496e-01
3.248539566993713379e-01,-6.168121099472045898e-01,-1.560105383396148682e-01,2.406761646270751953e-01
3.245241940021514893e-01,-6.164344549179077148e-01,-1.559524834156036377e-01,2.406259924173355103e-01
3.241946995258331299e-01,-6.160559654235839844e-01,-1.558950841426849365e-01,2.405761331319808960e-01
3.238651752471923828e-01,-6.156772375106811523e-01,-1.558375954627990723e-01,2.405262738466262817e-01
3.235357701778411865e-01,-6.152980327606201172e-01,-1.557802259922027588e-01,2.404763102531433105e-01
3.232063353061676025e-01,-6.149181723594665527e-01,-1.557231545448303223e-01,2.404268383979797363e-01
3.228770792484283447e-01,-6.145378947257995605e-01,-1.556662023067474365e-01,2.403773069381713867e-01
3.225479423999786377e-01,-6.141570210456848145e-01,-1.556096076965332031e-01,2.403279691934585571e-01
3.222187757492065430e-01,-6.137759685516357422e-01,-1.555531322956085205e-01,2.402786761522293091e-01
3.218899965286254883e-01,-6.133943200111389160e-01,-1.554969847202301025e-01,2.402297407388687134e-01
3.215608298778533936e-01,-6.130120754241943359e-01,-1.554407775402069092e-01,2.401804774999618530e-01
3.212320506572723389e-01,-6.126297116279602051e-01,-1.553849577903747559e-01,2.401316463947296143e-01
3.209032118320465088e-01,-6.122469305992126465e-01,-1.553291082382202148e-01,2.400827854871749878e-01
3.205745816230773926e-01,-6.118637323379516602e-01,-1.552736461162567139e-01,2.400342375040054321e-01
3.202461004257202148e-01,-6.114800572395324707e-01,-1.552183330059051514e-01,2.399857193231582642e-01
3.199174404144287109e-01,-6.110963821411132812e-01,-1.551628708839416504e-01,2.399372160434722900e-01
3.195890188217163086e-01,-6.107121706008911133e-01,-1.551079452037811279e-01,2.398888766765594482e-01
3.192606270313262939e-01,-6.103276014328002930e-01,-1.550528705120086670e-01,2.398405671119689941e-01
3.189323246479034424e-01,-6.099429130554199219e-01,-1.549981534481048584e-01,2.397925257682800293e-01
3.186042904853820801e-01,-6.095580458641052246e-01,-1.549435257911682129e-01,2.397444546222686768e-01
3.182761669158935547e-01,-6.091724634170532227e-01,-1.548891067504882812e-01,2.396966665983200073e-01
3.179481029510498047e-01,-6.087871789932250977e-01,-1.548345983028411865e-01,2.396486997604370117e-01
3.176201879978179932e-01,-6.084009408950805664e-01,-1.547806560993194580e-01,2.396010607481002808e-01
3.172921836376190186e-01,-6.080152392387390137e-01,-1.547264158725738525e-01,2.395532727241516113e-01
3.169645369052886963e-01,-6.076290011405944824e-01,-1.546725034713745117e-01,2.395057976245880127e-01
3.166368305683135986e-01,-6.072426438331604004e-01,-1.546187400817871094e-01,2.394583523273468018e-01
3.163093328475952148e-01,-6.068560481071472168e-01,-1.545651257038116455e-01,2.394111007452011108e-01
3.159819245338439941e-01,-6.064691543579101562e-01,-1.545117795467376709e-01,2.393638789653778076e-01
3.156543970108032227e-01,-6.060824990272521973e-01,-1.544582247734069824e-01,2.393167167901992798e-01
3.153268992900848389e-01,-6.056954860687255859e-01,-1.544048190116882324e-01,2.392695993185043335e-01
3.149996101856231689e-01,-6.053085327148437500e-01,-1.543515920639038086e-01,2.392226159572601318e-01
3.146724104881286621e-01,-6.049211025238037109e-01,-1.542985141277313232e-01,2.391756922006607056e-01
3.143454194068908691e-01,-6.045342683792114258e-01,-1.542455554008483887e-01,2.391287982463836670e-01
3.140183091163635254e-01,-6.041439771652221680e-01,-1.541933119297027588e-01,2.390824258327484131e-01
3.136914372444152832e-01,-6.037525534629821777e-01,-1.541415154933929443e-01,2.390361577272415161e-01
3.133645355701446533e-01,-6.033607125282287598e-01,-1.540897786617279053e-01,2.389899194240570068e-01
3.130377829074859619e-01,-6.029688119888305664e-01,-1.540383100509643555e-01,2.389439642429351807e-01
3.127109110355377197e-01,-6.025763750076293945e-01,-1.539869010448455811e-01,2.388978898525238037e-01
3.123844265937805176e-01,-6.021838188171386719e-01,-1.539358198642730713e-01,2.388521432876586914e-01
3.120578229427337646e-01,-6.017907261848449707e-01,-1.538846790790557861e-01,2.388062775135040283e-01
3.117315769195556641e-01,-6.013975143432617188e-01,-1.538339257240295410e-01,2.387607842683792114e-01
3.114048242568969727e-01,-6.010041236877441406e-01,-1.537829935550689697e-01,2.387150228023529053e-01
3.110786378383636475e-01,-6.006101965904235840e-01,-1.537325084209442139e-01,2.386696189641952515e-01
3.107524514198303223e-01,-6.002162098884582520e-01,-1.536821126937866211e-01,2.386242896318435669e-01
3.104264140129089355e-01,-5.998219847679138184e-01,-1.536318361759185791e-01,2.385790646076202393e-01
3.101002573966979980e-01,-5.994272232055664062e-01,-1.535816192626953125e-01,2.385338842868804932e-01
3.097743093967437744e-01,-5.990324020385742188e-01,-1.535316705703735352e-01,2.384888380765914917e-01
3.094485402107238770e-01,-5.986373424530029297e-01,-1.534818708896636963e-01,2.384438961744308472e-01
3.091225624084472656e-01,-5.982421040534973145e-01,-1.534320414066314697e-01,2.383989095687866211e-01
3.087968528270721436e-01,-5.978462696075439453e-01,-1.533825695514678955e-01,2.383542358875274658e-01
3.084710538387298584e-01,-5.974504351615905762e-01,-1.533330082893371582e-01,2.383094429969787598e-01
3.081456422805786133e-01,-5.970542430877685547e-01,-1.532839536666870117e-01,2.382650077342987061e-01
3.078201115131378174e-01,-5.966578722000122070e-01,-1.532347202301025391e-01,2.382205724716186523e-01
3.074945807456970215e-01,-5.962612032890319824e-01,-1.531857550144195557e-01,2.381760776042938232e-01
3.071693480014801025e-01,-5.958643555641174316e-01,-1.531369090080261230e-01,2.381318211555480957e-01
3.068442642688751221e-01,-5.954673290252685547e-01,-1.530883312225341797e-01,2.380877733230590820e-01
3.065190017223358154e-01,-5.950700640678405762e-01,-1.530396342277526855e-01,2.380435466766357422e-01
3.061939775943756104e-01,-5.946723818778991699e-01,-1.529912054538726807e-01,2.379995733499526978e-01
3.058689832687377930e-01,-5.942747592926025391e-01,-1.529430150985717773e-01,2.379557937383651733e-01
3.055439591407775879e-01,-5.938766598701477051e-01,-1.528947353363037109e-01,2.379117161035537720e-01
3.052190244197845459e-01,-5.934783816337585449e-01,-1.528466939926147461e-01,2.378679513931274414e-01
3.048944473266601562e-01,-5.930799841880798340e-01,-1.527988612651824951e-01,2.378243952989578247e-01
3.045695722103118896e-01,-5.926814079284667969e-01,-1.527509391307830811e-01,2.377807348966598511e-01
3.042451739311218262e-01,-5.922822952270507812e-01,-1.527034938335418701e-01,2.377374470233917236e-01
3.039205074310302734e-01,-5.918831229209899902e-01,-1.526559889316558838e-01,2.376940846443176270e-01
3.035961687564849854e-01,-5.914837121963500977e-01,-1.526087522506713867e-01,2.376508265733718872e-01
3.032716214656829834e-01,-5.910841226577758789e-01,-1.525613069534301758e-01,2.376075834035873413e-01
3.029475212097167969e-01,-5.906842947006225586e-01,-1.525144577026367188e-01,2.375646084547042847e-01
3.026233315467834473e-01,-5.902841091156005859e-01,-1.524676680564880371e-01,2.375217378139495850e-01
3.022991120815277100e-01,-5.898840427398681641e-01,-1.524206697940826416e-01,2.374785989522933960e-01
3.019751906394958496e-01,-5.894834995269775391e-01,-1.523741185665130615e-01,2.374359071254730225e-01
3.016511499881744385e-01,-5.890825986862182617e-01,-1.523276567459106445e-01,2.373933196067810059e-01
3.013272285461425781e-01,-5.886818170547485352e-01,-1.522811055183410645e-01,2.373505234718322754e-01
3.010034561157226562e-01,-5.882807374000549316e-01,-1.522349119186401367e-01,2.373080253601074219e-01
3.006798923015594482e-01,-5.878790020942687988e-01,-1.521890461444854736e-01,2.372657358646392822e-01
3.006798923015594482e-01,-5.878790020942687988e-01,-1.521890461444854736e-01,2.372657358646392822e-01
3.006798923015594482e-01,-5.878790020942687988e-01,-1.521890461444854736e-01,2.372657358646392822e-01
3.008666634559631348e-01,-5.453473329544067383e-01,-1.658643633127212524e-01,2.433954179286956787e-01
3.006764650344848633e-01,-5.046716332435607910e-01,-1.777518242597579956e-01,2.485405951738357544e-01
3.002260029315948486e-01,-4.656751453876495361e-01,-1.882977932691574097e-01,2.529547512531280518e-01
2.995981276035308838e-01,-4.282146692276000977e-01,-1.978250741958618164e-01,2.568212747573852539e-01
2.988656759262084961e-01,-3.921486735343933105e-01,-2.066207528114318848e-01,2.603052854537963867e-01
2.980654537677764893e-01,-3.573849797248840332e-01,-2.148350030183792114e-01,2.634924650192260742e-01
2.972167134284973145e-01,-3.238588869571685791e-01,-2.225507348775863647e-01,2.664299905300140381e-01
2.963393032550811768e-01,-2.914957404136657715e-01,-2.298544049263000488e-01,2.691667675971984863e-01
2.954435348510742188e-01,-2.602519989013671875e-01,-2.367915213108062744e-01,2.717291116714477539e-01
2.945389449596405029e-01,-2.300745099782943726e-01,-2.434067130088806152e-01,2.741421759128570557e-01
2.936303019523620605e-01,-2.009251117706298828e-01,-2.497265636920928955e-01,2.764206528663635254e-01
2.927231192588806152e-01,-1.727648973464965820e-01,-2.557778656482696533e-01,2.785798311233520508e-01
2.918217778205871582e-01,-1.455417871475219727e-01,-2.615897059440612793e-01,2.806354761123657227e-01
2.909305989742279053e-01,-1.192167550325393677e-01,-2.671850323677062988e-01,2.826004922389984131e-01
2.900471687316894531e-01,-9.376504272222518921e-02,-2.725624442100524902e-01,2.844730913639068604e-01
2.891751229763031006e-01,-6.914679706096649170e-02,-2.777431905269622803e-01,2.862650752067565918e-01
2.883142232894897461e-01,-4.533516615629196167e-02,-2.827334702014923096e-01,2.879791855812072754e-01
2.874645590782165527e-01,-2.230196818709373474e-02,-2.875407934188842773e-01,2.896191179752349854e-01
2.866273224353790283e-01,-1.601129770278930664e-05,-2.921765744686126709e-01,2.911907434463500977e-01
2.858011424541473389e-01,2.154544368386268616e-02,-2.966421544551849365e-01,2.926941215991973877e-01
2.849866747856140137e-01,4.241105169057846069e-02,-3.009473085403442383e-01,2.941339910030364990e-01
2.841838300228118896e-01,6.260333210229873657e-02,-3.050973415374755859e-01,2.955128550529479980e-01
2.833928167819976807e-01,8.214459568262100220e-02,-3.090977072715759277e-01,2.968333363533020020e-01
2.826129198074340820e-01,1.010587587952613831e-01,-3.129540979862213135e-01,2.980977892875671387e-01
2.818447947502136230e-01,1.193634569644927979e-01,-3.166720271110534668e-01,2.993090450763702393e-01
2.810881733894348145e-01,1.370813548564910889e-01,-3.202567398548126221e-01,3.004693090915679932e-01
2.803429365158081055e-01,1.542332917451858521e-01,-3.237137794494628906e-01,3.015812337398529053e-01
2.796091139316558838e-01,1.708396226167678833e-01,-3.270480632781982422e-01,3.026468455791473389e-01
2.788862287998199463e-01,1.869197487831115723e-01,-3.302641510963439941e-01,3.036682009696960449e-01
2.781747579574584961e-01,2.024847418069839478e-01,-3.333656489849090576e-01,3.046470582485198975e-01
2.774741649627685547e-01,2.175575494766235352e-01,-3.363577127456665039e-01,3.055855631828308105e-01
2.767844200134277344e-01,2.321564853191375732e-01,-3.392448425292968750e-01,3.064856529235839844e-01
2.761051058769226074e-01,2.462994456291198730e-01,-3.420314490795135498e-01,3.073491156101226807e-01
2.754361033439636230e-01,2.600035667419433594e-01,-3.447215557098388672e-01,3.081776201725006104e-01
2.747779190540313721e-01,2.732666730880737305e-01,-3.473153114318847656e-01,3.089717328548431396e-01
2.741298675537109375e-01,2.861151695251464844e-01,-3.498186469078063965e-01,3.097336292266845703e-01
2.734917998313903809e-01,2.985641956329345703e-01,-3.522352576255798340e-01,3.104647696018218994e-01
2.728634178638458252e-01,3.106291294097900391e-01,-3.545688390731811523e-01,3.111667633056640625e-01
2.722446322441101074e-01,3.223247826099395752e-01,-3.568228781223297119e-01,3.118410706520080566e-01
2.716356515884399414e-01,3.336449265480041504e-01,-3.589959144592285156e-01,3.124871850013732910e-01
2.710358202457427979e-01,3.446134030818939209e-01,-3.610935211181640625e-01,3.131072521209716797e-01
2.704452276229858398e-01,3.552432060241699219e-01,-3.631188273429870605e-01,3.137025833129882812e-01
2.698633670806884766e-01,3.655466437339782715e-01,-3.650746047496795654e-01,3.142742514610290527e-01
2.692902088165283203e-01,3.755359947681427002e-01,-3.669636249542236328e-01,3.148232698440551758e-01
2.687256336212158203e-01,3.852078914642333984e-01,-3.687851727008819580e-01,3.153495192527770996e-01
2.681697607040405273e-01,3.945801556110382080e-01,-3.705435395240783691e-01,3.158547580242156982e-01
2.676219642162322998e-01,4.036640226840972900e-01,-3.722411096096038818e-01,3.163397312164306641e-01
2.670818865299224854e-01,4.124699831008911133e-01,-3.738800883293151855e-01,3.168052136898040771e-01
2.665498256683349609e-01,4.210084676742553711e-01,-3.754632174968719482e-01,3.172525167465209961e-01
2.660252451896667480e-01,4.292813241481781006e-01,-3.769905269145965576e-01,3.176815211772918701e-01
2.655082345008850098e-01,4.372997581958770752e-01,-3.784648478031158447e-01,3.180931210517883301e-01
2.649983763694763184e-01,4.450727701187133789e-01,-3.798880875110626221e-01,3.184882998466491699e-01
2.644957602024078369e-01,4.526081681251525879e-01,-3.812620937824249268e-01,3.188676834106445312e-01
2.639999985694885254e-01,4.599137902259826660e-01,-3.825884759426116943e-01,3.192318677902221680e-01
2.635107636451721191e-01,4.669967889785766602e-01,-3.838688433170318604e-01,3.195813596248626709e-01
2.630282640457153320e-01,4.738641977310180664e-01,-3.851049244403839111e-01,3.199167847633361816e-01
2.625520229339599609e-01,4.805230498313903809e-01,-3.862979412078857422e-01,3.202386200428009033e-01
2.620820105075836182e-01,4.869800508022308350e-01,-3.874496221542358398e-01,3.205476105213165283e-01
2.616181373596191406e-01,4.932412803173065186e-01,-3.885613083839416504e-01,3.208441734313964844e-01
2.611601352691650391e-01,4.993118941783905029e-01,-3.896340429782867432e-01,3.211285471916198730e-01
2.607078552246093750e-01,5.051980018615722656e-01,-3.906691074371337891e-01,3.214013278484344482e-01
2.602611780166625977e-01,5.109053850173950195e-01,-3.916676640510559082e-01,3.216629028320312500e-01
2.598200440406799316e-01,5.164393186569213867e-01,-3.926312029361724854e-01,3.219137489795684814e-01
2.593842744827270508e-01,5.218045711517333984e-01,-3.935605287551879883e-01,3.221542835235595703e-01
2.589536607265472412e-01,5.270059108734130859e-01,-3.944567441940307617e-01,3.223846852779388428e-01
2.585280835628509521e-01,5.320478677749633789e-01,-3.953205943107604980e-01,3.226052224636077881e-01
2.581075727939605713e-01,5.369348526000976562e-01,-3.961533010005950928e-01,3.228166103363037109e-01
2.576918601989746094e-01,5.416706800460815430e-01,-3.969556093215942383e-01,3.230187594890594482e-01
2.572809159755706787e-01,5.462594628334045410e-01,-3.977283835411071777e-01,3.232121467590332031e-01
2.568742930889129639e-01,5.507149696350097656e-01,-3.984744250774383545e-01,3.233976960182189941e-01
2.564719319343566895e-01,5.550398230552673340e-01,-3.991945981979370117e-01,3.235755860805511475e-01
2.560738623142242432e-01,5.592339038848876953e-01,-3.998888134956359863e-01,3.237459957599639893e-01
2.556798458099365234e-01,5.633010864257812500e-01,-4.005576074123382568e-01,3.239088356494903564e-01
2.552900314331054688e-01,5.672453045845031738e-01,-4.012022018432617188e-01,3.240647912025451660e-01
2.549040615558624268e-01,5.710698366165161133e-01,-4.018229842185974121e-01,3.242138922214508057e-01
2.545218765735626221e-01,5.747781395912170410e-01,-4.024208188056945801e-01,3.243562877178192139e-01
2.541434764862060547e-01,5.783732533454895020e-01,-4.029963612556457520e-01,3.244922757148742676e-01
2.537687420845031738e-01,5.818582177162170410e-01,-4.035502076148986816e-01,3.246221244335174561e-01
2.533976137638092041e-01,5.852360725402832031e-01,-4.040829837322235107e-01,3.247460126876831055e-01
2.530298829078674316e-01,5.885153412818908691e-01,-4.045966267585754395e-01,3.248645961284637451e-01
2.526651322841644287e-01,5.916992425918579102e-01,-4.050914347171783447e-01,3.249777853488922119e-01
2.523034512996673584e-01,5.947872996330261230e-01,-4.055673480033874512e-01,3.250856101512908936e-01
2.519450783729553223e-01,5.977829098701477051e-01,-4.060254693031311035e-01,3.251886367797851562e-01
2.515895962715148926e-01,6.006881594657897949e-01,-4.064657986164093018e-01,3.252864778041839600e-01
2.512370347976684570e-01,6.035057306289672852e-01,-4.068892002105712891e-01,3.253796398639678955e-01
2.508872449398040771e-01,6.062380075454711914e-01,-4.072958528995513916e-01,3.254682421684265137e-01
2.505403459072113037e-01,6.088876724243164062e-01,-4.076866507530212402e-01,3.255524635314941406e-01
2.501962184906005859e-01,6.114567518234252930e-01,-4.080618917942047119e-01,3.256326019763946533e-01
2.498547285795211792e-01,6.139469146728515625e-01,-4.084219932556152344e-01,3.257084786891937256e-01
2.495154589414596558e-01,6.163645386695861816e-01,-4.087679088115692139e-01,3.257803916931152344e-01
2.491785287857055664e-01,6.187134981155395508e-01,-4.091005921363830566e-01,3.258488178253173828e-01
2.488440871238708496e-01,6.209927201271057129e-01,-4.094200730323791504e-01,3.259138166904449463e-01
2.485117167234420776e-01,6.232041120529174805e-01,-4.097262322902679443e-01,3.259750008583068848e-01
2.481817007064819336e-01,6.253497004508972168e-01,-4.100200831890106201e-01,3.260330259799957275e-01
2.478537559509277344e-01,6.274312734603881836e-01,-4.103017747402191162e-01,3.260878026485443115e-01
2.475278824567794800e-01,6.294508576393127441e-01,-4.105712771415710449e-01,3.261392712593078613e-01
2.472041249275207520e-01,6.314099431037902832e-01,-4.108295440673828125e-01,3.261879980564117432e-01
2.468821257352828979e-01,6.333101391792297363e-01,-4.110764563083648682e-01,3.262333869934082031e-01
2.465621531009674072e-01,6.351530551910400391e-01,-4.113125205039978027e-01,3.262760937213897705e-01
2.462439537048339844e-01,6.369425654411315918e-01,-4.115385115146636963e-01,3.263161778450012207e-01
2.459273338317871094e-01,6.386820077896118164e-01,-4.117548167705535889e-01,3.263536095619201660e-01
2.456124573945999146e-01,6.403707265853881836e-01,-4.119617640972137451e-01,3.263887763023376465e-01
2.452991902828216553e-01,6.420101523399353027e-01,-4.121593534946441650e-01,3.264214396476745605e-01
2.449875473976135254e-01,6.436014175415039062e-01,-4.123479723930358887e-01,3.264518082141876221e-01
2.446775287389755249e-01,6.451464295387268066e-01,-4.125279188156127930e-01,3.264800012111663818e-01
2.443689107894897461e-01,6.466458439826965332e-01,-4.126992821693420410e-01,3.265059590339660645e-01
2.440617084503173828e-01,6.481012105941772461e-01,-4.128623008728027344e-01,3.265297412872314453e-01
2.437559813261032104e-01,6.495139002799987793e-01,-4.130174219608306885e-01,3.265515863895416260e-01
2.434515208005905151e-01,6.508847475051879883e-01,-4.131646156311035156e-01,3.265713453292846680e-01
2.431485801935195923e-01,6.522160172462463379e-01,-4.133046269416809082e-01,3.265894949436187744e-01
2.428466230630874634e-01,6.535102128982543945e-01,-4.134376049041748047e-01,3.266056776046752930e-01
2.425460219383239746e-01,6.547673344612121582e-01,-4.135639071464538574e-01,3.266201615333557129e-01
2.422465234994888306e-01,6.559884548187255859e-01,-4.136833548545837402e-01,3.266330361366271973e-01
2.419482469558715820e-01,6.571747064590454102e-01,-4.137964844703674316e-01,3.266444802284240723e-01
2.416510432958602905e-01,6.583266258239746094e-01,-4.139032959938049316e-01,3.266541659832000732e-01
2.413549274206161499e-01,6.594461202621459961e-01,-4.140042066574096680e-01,3.266624808311462402e-01
2.410597205162048340e-01,6.605334281921386719e-01,-4.140990972518920898e-01,3.266692757606506348e-01
2.407655417919158936e-01,6.615899205207824707e-01,-4.141882956027984619e-01,3.266746997833251953e-01
2.404724359512329102e-01,6.626166701316833496e-01,-4.142721891403198242e-01,3.266788721084594727e-01
2.401802390813827515e-01,6.636143326759338379e-01,-4.143507182598114014e-01,3.266817033290863037e-01
2.398889660835266113e-01,6.645843982696533203e-01,-4.144243896007537842e-01,3.266834318637847900e-01
2.395984679460525513e-01,6.655271649360656738e-01,-4.144929647445678711e-01,3.266839087009429932e-01
2.393088340759277344e-01,6.664440035820007324e-01,-4.145568013191223145e-01,3.266832828521728516e-01
2.390200346708297729e-01,6.673351526260375977e-01,-4.146161079406738281e-01,3.266814947128295898e-01
2.387319654226303101e-01,6.682021021842956543e-01,-4.146709740161895752e-01,3.266786634922027588e-01
2.384447306394577026e-01,6.690453886985778809e-01,-4.147217869758605957e-01,3.266749978065490723e-01
2.381581068038940430e-01,6.698660850524902344e-01,-4.147683084011077881e-01,3.266702592372894287e-01
2.378723025321960449e-01,6.706644892692565918e-01,-4.148109853267669678e-01,3.266645669937133789e-01
2.375869005918502808e-01,6.714419722557067871e-01,-4.148497879505157471e-01,3.266579508781433105e-01
2.373024374246597290e-01,6.721987128257751465e-01,-4.148851633071899414e-01,3.266507685184478760e-01
2.370186001062393188e-01,6.729339361190795898e-01,-4.149166047573089600e-01,3.266426026821136475e-01
2.367351949214935303e-01,6.736494302749633789e-01,-4.149443805217742920e-01,3.266333639621734619e-01
2.364526391029357910e-01,6.743459105491638184e-01,-4.149690568447113037e-01,3.266236782073974609e-01
2.361703962087631226e-01,6.750239729881286621e-01,-4.149902462959289551e-01,3.266130089759826660e-01
2.358888685703277588e-01,6.756838560104370117e-01,-4.150083363056182861e-01,3.266015946865081787e-01
2.356078326702117920e-01,6.763263940811157227e-01,-4.150235056877136230e-01,3.265897929668426514e-01
2.353273332118988037e-01,6.769521832466125488e-01,-4.150356054306030273e-01,3.265770077705383301e-01
2.350472509860992432e-01,6.775615811347961426e-01,-4.150447845458984375e-01,3.265637755393981934e-01
2.347677648067474365e-01,6.781549453735351562e-01,-4.150513410568237305e-01,3.265498876571655273e-01
2.344886809587478638e-01,6.787332296371459961e-01,-4.150551557540893555e-01,3.265354037284851074e-01
2.342100292444229126e-01,6.792961359024047852e-01,-4.150562882423400879e-01,3.265202343463897705e-01
2.339318990707397461e-01,6.798446774482727051e-01,-4.150550961494445801e-01,3.265047073364257812e-01
2.336542159318923950e-01,6.803793907165527344e-01,-4.150514304637908936e-01,3.264885842800140381e-01
2.333768159151077271e-01,6.809001564979553223e-01,-4.150453209877014160e-01,3.264718651771545410e-01
2.331000119447708130e-01,6.814076900482177734e-01,-4.150370955467224121e-01,3.264548480510711670e-01
2.328234910964965820e-01,6.819021701812744141e-01,-4.150264859199523926e-01,3.264371454715728760e-01
2.325472235679626465e-01,6.823843717575073242e-01,-4.150137901306152344e-01,3.264189660549163818e-01
2.322714179754257202e-01,6.828543543815612793e-01,-4.149991273880004883e-01,3.264003992080688477e-01
2.319959104061126709e-01,6.833124160766601562e-01,-4.149821102619171143e-01,3.263813555240631104e-01
2.317208051681518555e-01,6.837589740753173828e-01,-4.149634838104248047e-01,3.263619542121887207e-01
2.314457744359970093e-01,6.842023730278015137e-01,-4.149444997310638428e-01,3.263426423072814941e-01
2.311708480119705200e-01,6.846367716789245605e-01,-4.149239659309387207e-01,3.263228237628936768e-01
2.308962047100067139e-01,6.850621104240417480e-01,-4.149019420146942139e-01,3.263028562068939209e-01
2.306218892335891724e-01,6.854789853096008301e-01,-4.148787558078765869e-01,3.262827694416046143e-01
2.303479015827178955e-01,6.858875751495361328e-01,-4.148542881011962891e-01,3.262624442577362061e-01
2.300738692283630371e-01,6.862881183624267578e-01,-4.148281514644622803e-01,3.262415528297424316e-01
2.298001497983932495e-01,6.866811513900756836e-01,-4.148010611534118652e-01,3.262206912040710449e-01
2.295267581939697266e-01,6.870671510696411133e-01,-4.147729575634002686e-01,3.261996805667877197e-01
2.292534112930297852e-01,6.874457597732543945e-01,-4.147435724735260010e-01,3.261782824993133545e-01
2.289802730083465576e-01,6.878182291984558105e-01,-4.147133529186248779e-01,3.261569142341613770e-01
2.287071794271469116e-01,6.881838440895080566e-01,-4.146819114685058594e-01,3.261349499225616455e-01
2.284343838691711426e-01,6.885437369346618652e-01,-4.146497547626495361e-01,3.261131942272186279e-01
2.281616777181625366e-01,6.888976693153381348e-01,-4.146165847778320312e-01,3.260912299156188965e-01
2.278890758752822876e-01,6.892460584640502930e-01,-4.145826697349548340e-01,3.260690569877624512e-01
2.276168018579483032e-01,6.895892024040222168e-01,-4.145480394363403320e-01,3.260469138622283936e-01
2.273444086313247681e-01,6.899272203445434570e-01,-4.145125448703765869e-01,3.260245323181152344e-01
2.270723730325698853e-01,6.902600526809692383e-01,-4.144763946533203125e-01,3.260021209716796875e-01
2.268003821372985840e-01,6.905882954597473145e-01,-4.144395589828491211e-01,3.259796202182769775e-01
2.265282720327377319e-01,6.909117698669433594e-01,-4.144018888473510742e-01,3.259567320346832275e-01
2.262564897537231445e-01,6.912308931350708008e-01,-4.143637120723724365e-01,3.259339034557342529e-01
2.259848713874816895e-01,6.915442943572998047e-01,-4.143247902393341064e-01,3.259110450744628906e-01
2.257132828235626221e-01,6.918524503707885742e-01,-4.142848551273345947e-01,3.258878588676452637e-01
2.254418879747390747e-01,6.921563744544982910e-01,-4.142443835735321045e-01,3.258646726608276367e-01
2.251705527305603027e-01,6.924558877944946289e-01,-4.142033755779266357e-01,3.258413374423980713e-01
2.248993068933486938e-01,6.927512288093566895e-01,-4.141615927219390869e-01,3.258179426193237305e-01
2.246282547712326050e-01,6.930420398712158203e-01,-4.141192436218261719e-01,3.257943391799926758e-01
2.243572324514389038e-01,6.933291554450988770e-01,-4.140764474868774414e-01,3.257708549499511719e-01
2.240863293409347534e-01,6.936114430427551270e-01,-4.140328466892242432e-01,3.257469832897186279e-01
2.238155454397201538e-01,6.938898563385009766e-01,-4.139886200428009033e-01,3.257231116294860840e-01
2.235449552536010742e-01,6.941641569137573242e-01,-4.139440357685089111e-01,3.256992399692535400e-01
2.232743948698043823e-01,6.944341659545898438e-01,-4.138986170291900635e-01,3.256751894950866699e-01
2.230038940906524658e-01,6.946997046470642090e-01,-4.138524532318115234e-01,3.256508708000183105e-01
2.227335274219512939e-01,6.949612498283386230e-01,-4.138057827949523926e-01,3.256265223026275635e-01
2.224632203578948975e-01,6.952182054519653320e-01,-4.137583374977111816e-01,3.256018757820129395e-01
2.221931070089340210e-01,6.954707503318786621e-01,-4.137102961540222168e-01,3.255773186683654785e-01
2.219232320785522461e-01,6.957189440727233887e-01,-4.136616587638854980e-01,3.255526125431060791e-01
2.216533124446868896e-01,6.959623694419860840e-01,-4.136120975017547607e-01,3.255276679992675781e-01
2.213835865259170532e-01,6.962006688117980957e-01,-4.135617911815643311e-01,3.255023956298828125e-01
2.211137413978576660e-01,6.964419484138488770e-01,-4.135122299194335938e-01,3.254776000976562500e-01
2.208438068628311157e-01,6.966845989227294922e-01,-4.134631752967834473e-01,3.254528343677520752e-01
2.205740064382553101e-01,6.969252228736877441e-01,-4.134139120578765869e-01,3.254281878471374512e-01
2.203040271997451782e-01,6.971631050109863281e-01,-4.133640527725219727e-01,3.254032135009765625e-01
2.200343608856201172e-01,6.973980665206909180e-01,-4.133141040802001953e-01,3.253782987594604492e-01
2.197646647691726685e-01,6.976307034492492676e-01,-4.132635593414306641e-01,3.253532946109771729e-01
2.194950133562088013e-01,6.978608369827270508e-01,-4.132128655910491943e-01,3.253284096717834473e-01
2.192254662513732910e-01,6.980887055397033691e-01,-4.131618440151214600e-01,3.253033161163330078e-01
2.189559489488601685e-01,6.983136534690856934e-01,-4.131104052066802979e-01,3.252780735492706299e-01
2.186864018440246582e-01,6.985362768173217773e-01,-4.130586087703704834e-01,3.252528607845306396e-01
2.184171229600906372e-01,6.987562179565429688e-01,-4.130066335201263428e-01,3.252275884151458740e-01
2.181477993726730347e-01,6.989737153053283691e-01,-4.129541218280792236e-01,3.252022266387939453e-01
2.178785949945449829e-01,6.991884708404541016e-01,-4.129012525081634521e-01,3.251767754554748535e-01
2.176093459129333496e-01,6.994006037712097168e-01,-4.128480255603790283e-01,3.251510858535766602e-01
2.173401862382888794e-01,6.996100544929504395e-01,-4.127942919731140137e-01,3.251253962516784668e-01
2.170712202787399292e-01,6.998167037963867188e-01,-4.127403795719146729e-01,3.250997364521026611e-01
2.168021351099014282e-01,7.000204920768737793e-01,-4.126857519149780273e-01,3.250736296176910400e-01
2.165331840515136719e-01,7.002213597297668457e-01,-4.126306176185607910e-01,3.250476419925689697e-01
2.162642925977706909e-01,7.004227638244628906e-01,-4.125760197639465332e-01,3.250217735767364502e-01
2.159952819347381592e-01,7.006264925003051758e-01,-4.125218987464904785e-01,3.249959349632263184e-01
2.157262563705444336e-01,7.008290290832519531e-01,-4.124676287174224854e-01,3.249700367450714111e-01
2.154573500156402588e-01,7.010300755500793457e-01,-4.124132990837097168e-01,3.249443769454956055e-01
2.151884436607360840e-01,7.012299299240112305e-01,-4.123587608337402344e-01,3.249186575412750244e-01
2.149194777011871338e-01,7.014282345771789551e-01,-4.123039245605468750e-01,3.248924612998962402e-01
2.146506160497665405e-01,7.016255259513854980e-01,-4.122492074966430664e-01,3.248667120933532715e-01
2.143817543983459473e-01,7.018214464187622070e-01,-4.121941328048706055e-01,3.248407542705535889e-01
2.141128480434417725e-01,7.020161151885986328e-01,-4.121390283107757568e-01,3.248146176338195801e-01
2.138439714908599854e-01,7.022094726562500000e-01,-4.120836555957794189e-01,3.247884809970855713e-01
2.135751992464065552e-01,7.024019360542297363e-01,-4.120282530784606934e-01,3.247623443603515625e-01
2.133064270019531250e-01,7.025930881500244141e-01,-4.119728505611419678e-01,3.247362673282623291e-01
2.130377143621444702e-01,7.027832269668579102e-01,-4.119170904159545898e-01,3.247100412845611572e-01
2.127689421176910400e-01,7.029724121093750000e-01,-4.118613898754119873e-01,3.246839046478271484e-01
2.125003337860107422e-01,7.031604051589965820e-01,-4.118055999279022217e-01,3.246576189994812012e-01
2.122316807508468628e-01,7.033472657203674316e-01,-4.117496609687805176e-01,3.246313035488128662e-01
2.119629979133605957e-01,7.035331726074218750e-01,-4.116934835910797119e-01,3.246049582958221436e-01
2.116942852735519409e-01,7.037179470062255859e-01,-4.116370081901550293e-01,3.245784342288970947e-01
2.114256024360656738e-01,7.039020657539367676e-01,-4.115807712078094482e-01,3.245519101619720459e-01
2.111571580171585083e-01,7.040871381759643555e-01,-4.115249812602996826e-01,3.245258033275604248e-01
2.108885198831558228e-01,7.042714357376098633e-01,-4.114687740802764893e-01,3.244993090629577637e-01
2.106197178363800049e-01,7.044551372528076172e-01,-4.114124774932861328e-01,3.244726955890655518e-01
2.103510200977325439e-01,7.046383619308471680e-01,-4.113563299179077148e-01,3.244462907314300537e-01
2.100823819637298584e-01,7.048209905624389648e-01,-4.113000333309173584e-01,3.244197368621826172e-01
2.098139822483062744e-01,7.050031423568725586e-01,-4.112440347671508789e-01,3.243933320045471191e-01
2.095453143119812012e-01,7.051849365234375000e-01,-4.111877381801605225e-01,3.243666291236877441e-01
2.092766463756561279e-01,7.053661346435546875e-01,-4.111313521862030029e-01,3.243401050567626953e-01
2.090082466602325439e-01,7.055471539497375488e-01,-4.110752642154693604e-01,3.243136703968048096e-01
2.087395489215850830e-01,7.057276368141174316e-01,-4.110188484191894531e-01,3.242868781089782715e-01
2.084711343050003052e-01,7.059079408645629883e-01,-4.109627306461334229e-01,3.242603540420532227e-01
2.082023322582244873e-01,7.060878276824951172e-01,-4.109062254428863525e-01,3.242335319519042969e-01
2.079338580369949341e-01,7.062673568725585938e-01,-4.108500778675079346e-01,3.242068290710449219e-01
2.076652497053146362e-01,7.064468860626220703e-01,-4.107936918735504150e-01,3.241802155971527100e-01
2.073968201875686646e-01,7.066258192062377930e-01,-4.107374846935272217e-01,3.241534233093261719e-01
2.071281224489212036e-01,7.068045735359191895e-01,-4.106810986995697021e-01,3.241265118122100830e-01
2.068596482276916504e-01,7.069832682609558105e-01,-4.106248617172241211e-01,3.240998089313507080e-01
2.065910249948501587e-01,7.071616649627685547e-01,-4.105685949325561523e-01,3.240728974342346191e-01
2.063225805759429932e-01,7.073403000831604004e-01,-4.105123579502105713e-01,3.240461051464080811e-01
2.060539573431015015e-01,7.075182795524597168e-01,-4.104560017585754395e-01,3.240191042423248291e-01
2.057853639125823975e-01,7.076961994171142578e-01,-4.103999137878417969e-01,3.239922225475311279e-01
2.055169343948364258e-01,7.078740596771240234e-01,-4.103437662124633789e-01,3.239653408527374268e-01
2.052483409643173218e-01,7.080516219139099121e-01,-4.102874696254730225e-01,3.239381909370422363e-01
2.049798220396041870e-01,7.082294821739196777e-01,-4.102312326431274414e-01,3.239113390445709229e-01
2.047113776206970215e-01,7.084067463874816895e-01,-4.101750850677490234e-01,3.238841593265533447e-01
2.044427543878555298e-01,7.085841894149780273e-01,-4.101189076900482178e-01,3.238570690155029297e-01
2.041742950677871704e-01,7.087616920471191406e-01,-4.100629091262817383e-01,3.238300383090972900e-01
2.039057016372680664e-01,7.089388966560363770e-01,-4.100066721439361572e-01,3.238028883934020996e-01
2.036371976137161255e-01,7.091161012649536133e-01,-4.099506437778472900e-01,3.237756788730621338e-01
2.033686339855194092e-01,7.092933058738708496e-01,-4.098945856094360352e-01,3.237484097480773926e-01
2.031002342700958252e-01,7.094701528549194336e-01,-4.098385870456695557e-01,3.237212300300598145e-01
2.028315663337707520e-01,7.096470594406127930e-01,-4.097822904586791992e-01,3.236937522888183594e-01
2.025630474090576172e-01,7.098238468170166016e-01,-4.097262322902679443e-01,3.236664533615112305e-01
2.022946476936340332e-01,7.100004553794860840e-01,-4.096701741218566895e-01,3.236390948295593262e-01
2.020261287689208984e-01,7.101772427558898926e-01,-4.096142351627349854e-01,3.236117660999298096e-01
2.017576694488525391e-01,7.103535532951354980e-01,-4.095581173896789551e-01,3.235841989517211914e-01
2.014891207218170166e-01,7.105309963226318359e-01,-4.095023572444915771e-01,3.235569000244140625e-01
2.012206166982650757e-01,7.107080221176147461e-01,-4.094463884830474854e-01,3.235293030738830566e-01
2.009521722793579102e-01,7.108854055404663086e-01,-4.093905985355377197e-01,3.235018551349639893e-01
2.006837278604507446e-01,7.110625505447387695e-01,-4.093348085880279541e-01,3.234743475914001465e-01
2.004152387380599976e-01,7.112399935722351074e-01,-4.092790484428405762e-01,3.234467804431915283e-01
2.001466453075408936e-01,7.114173173904418945e-01,-4.092231094837188721e-01,3.234189748764038086e-01
1.998781561851501465e-01,7.115947604179382324e-01,-4.091674387454986572e-01,3.233913183212280273e-01
1.996098011732101440e-01,7.117723226547241211e-01,-4.091117978096008301e-01,3.233636915683746338e-01
1.993413269519805908e-01,7.119497656822204590e-01,-4.090560376644134521e-01,3.233359158039093018e-01
1.990729123353958130e-01,7.121272683143615723e-01,-4.090003371238708496e-01,3.233080208301544189e-01
1.988043934106826782e-01,7.123048305511474609e-01,-4.089446067810058594e-01,3.232801258563995361e-01
1.985359638929367065e-01,7.124824523925781250e-01,-4.088889360427856445e-01,3.232522606849670410e-01
1.982674747705459595e-01,7.126601338386535645e-01,-4.088332653045654297e-01,3.232243061065673828e-01
1.979991197586059570e-01,7.128377556800842285e-01,-4.087775945663452148e-01,3.231963217258453369e-01
1.977306455373764038e-01,7.130155563354492188e-01,-4.087221026420593262e-01,3.231683969497680664e-01
1.974621117115020752e-01,7.131931781768798828e-01,-4.086662530899047852e-01,3.231401145458221436e-01
1.971937865018844604e-01,7.133708596229553223e-01,-4.086106121540069580e-01,3.231118917465209961e-01
1.969254910945892334e-01,7.135484814643859863e-01,-4.085550904273986816e-01,3.230838179588317871e-01
1.966569125652313232e-01,7.137262821197509766e-01,-4.084993302822113037e-01,3.230554163455963135e-01
1.963886618614196777e-01,7.139039039611816406e-01,-4.084437191486358643e-01,3.230271935462951660e-01
1.961203068494796753e-01,7.140816450119018555e-01,-4.083881676197052002e-01,3.229989111423492432e-01
1.958518475294113159e-01,7.142592668533325195e-01,-4.083324670791625977e-01,3.229704499244689941e-01
1.955835074186325073e-01,7.144366502761840820e-01,-4.082767069339752197e-01,3.229418694972991943e-01
1.953150331974029541e-01,7.146140933036804199e-01,-4.082207977771759033e-01,3.229131698608398438e-01
1.950468271970748901e-01,7.147914767265319824e-01,-4.081651866436004639e-01,3.228845894336700439e-01
1.947785317897796631e-01,7.149688005447387695e-01,-4.081094563007354736e-01,3.228559792041778564e-01
1.945102661848068237e-01,7.151460647583007812e-01,-4.080537259578704834e-01,3.228273987770080566e-01
1.942418813705444336e-01,7.153227925300598145e-01,-4.079976379871368408e-01,3.227983415126800537e-01
1.939736753702163696e-01,7.154998779296875000e-01,-4.079419672489166260e-01,3.227695524692535400e-01
1.937053650617599487e-01,7.156766057014465332e-01,-4.078860282897949219e-01,3.227405846118927002e-01
1.934372335672378540e-01,7.158532738685607910e-01,-4.078301787376403809e-01,3.227117061614990234e-01
1.931689381599426270e-01,7.160297036170959473e-01,-4.077740907669067383e-01,3.226825892925262451e-01
1.929006725549697876e-01,7.162056565284729004e-01,-4.077179729938507080e-01,3.226533532142639160e-01
1.926325559616088867e-01,7.163815498352050781e-01,-4.076618552207946777e-01,3.226240873336791992e-01
1.923643201589584351e-01,7.165572643280029297e-01,-4.076055288314819336e-01,3.225947916507720947e-01
1.920962631702423096e-01,7.167326211929321289e-01,-4.075493812561035156e-01,3.225654959678649902e-01
1.918279975652694702e-01,7.169088125228881836e-01,-4.074931442737579346e-01,3.225358724594116211e-01
1.915598958730697632e-01,7.170859575271606445e-01,-4.074372351169586182e-01,3.225065767765045166e-01
1.912917792797088623e-01,7.172632217407226562e-01,-4.073812961578369141e-01,3.224771618843078613e-01
1.910236328840255737e-01,7.174402475357055664e-01,-4.073252677917480469e-01,3.224475979804992676e-01
1.907556205987930298e-01,7.176173329353332520e-01,-4.072693586349487305e-01,3.224181234836578369e-01
1.904874145984649658e-01,7.177939414978027344e-01,-4.072131812572479248e-01,3.223882317543029785e-01
1.902193129062652588e-01,7.179707884788513184e-01,-4.071570932865142822e-01,3.223585188388824463e-01
1.899511218070983887e-01,7.181473970413208008e-01,-4.071007966995239258e-01,3.223286569118499756e-01
1.896831691265106201e-01,7.183238863945007324e-01,-4.070446491241455078e-01,3.222988247871398926e-01
1.894150376319885254e-01,7.185001373291015625e-01,-4.069883823394775391e-01,3.222686946392059326e-01
1.891471743583679199e-01,7.186762690544128418e-01,-4.069320559501647949e-01,3.222388327121734619e-01
1.888790428638458252e-01,7.188521623611450195e-01,-4.068754315376281738e-01,3.222085237503051758e-01
1.886110901832580566e-01,7.190281748771667480e-01,-4.068191945552825928e-01,3.221783936023712158e-01
1.883430629968643188e-01,7.192034721374511719e-01,-4.067625999450683594e-01,3.221480548381805420e-01
1.880752146244049072e-01,7.193789482116699219e-01,-4.067061245441436768e-01,3.221178054809570312e-01
1.878072023391723633e-01,7.195541858673095703e-01,-4.066492915153503418e-01,3.220872879028320312e-01
1.875393241643905640e-01,7.197290062904357910e-01,-4.065926969051361084e-01,3.220567107200622559e-01
1.872715055942535400e-01,7.199036478996276855e-01,-4.065358936786651611e-01,3.220261931419372559e-01
1.870037466287612915e-01,7.200779914855957031e-01,-4.064790904521942139e-01,3.219955861568450928e-01
1.867357641458511353e-01,7.202520370483398438e-01,-4.064220488071441650e-01,3.219646513462066650e-01
1.864678859710693359e-01,7.204254269599914551e-01,-4.063647687435150146e-01,3.219336867332458496e-01
1.862001717090606689e-01,7.205989956855773926e-01,-4.063076972961425781e-01,3.219027817249298096e-01
1.859323680400848389e-01,7.207719683647155762e-01,-4.062504470348358154e-01,3.218717277050018311e-01
1.856646984815597534e-01,7.209447622299194336e-01,-4.061931669712066650e-01,3.218407034873962402e-01
1.853969246149063110e-01,7.211171388626098633e-01,-4.061357676982879639e-01,3.218095004558563232e-01
1.851292401552200317e-01,7.212890386581420898e-01,-4.060781002044677734e-01,3.217782080173492432e-01
1.848616003990173340e-01,7.214604616165161133e-01,-4.060204029083251953e-01,3.217467963695526123e-01
1.845939159393310547e-01,7.216312885284423828e-01,-4.059625267982482910e-01,3.217151463031768799e-01
1.843263208866119385e-01,7.218020558357238770e-01,-4.059046506881713867e-01,3.216836750507354736e-01
1.840587407350540161e-01,7.219719886779785156e-01,-4.058465957641601562e-01,3.216519951820373535e-01
1.837912201881408691e-01,7.221415638923645020e-01,-4.057885408401489258e-01,3.216202855110168457e-01
1.835237443447113037e-01,7.223105430603027344e-01,-4.057300984859466553e-01,3.215883672237396240e-01
1.832562088966369629e-01,7.224789857864379883e-01,-4.056717157363891602e-01,3.215562999248504639e-01
1.829888224601745605e-01,7.226468324661254883e-01,-4.056131243705749512e-01,3.215242326259613037e-01
1.827214211225509644e-01,7.228140234947204590e-01,-4.055544137954711914e-01,3.214921057224273682e-01
1.824539005756378174e-01,7.229807972908020020e-01,-4.054954946041107178e-01,3.214597404003143311e-01
1.821865886449813843e-01,7.231478095054626465e-01,-4.054366648197174072e-01,3.214274644851684570e-01
1.819192618131637573e-01,7.233172655105590820e-01,-4.053783118724822998e-01,3.213953077793121338e-01
1.816517412662506104e-01,7.234864830970764160e-01,-4.053195416927337646e-01,3.213626742362976074e-01
1.813844144344329834e-01,7.236553430557250977e-01,-4.052610099315643311e-01,3.213302493095397949e-01
1.811171621084213257e-01,7.238240838050842285e-01,-4.052024483680725098e-01,3.212978541851043701e-01
1.808497309684753418e-01,7.239925265312194824e-01,-4.051435291767120361e-01,3.212650418281555176e-01
1.805824935436248779e-01,7.241606116294860840e-01,-4.050846397876739502e-01,3.212322294712066650e-01
1.803152561187744141e-01,7.243285775184631348e-01,-4.050256907939910889e-01,3.211995661258697510e-01
1.800480633974075317e-01,7.244959473609924316e-01,-4.049666523933410645e-01,3.211665451526641846e-01
1.797808259725570679e-01,7.246633768081665039e-01,-4.049074947834014893e-01,3.211336731910705566e-01
1.795136779546737671e-01,7.248302102088928223e-01,-4.048481285572052002e-01,3.211005330085754395e-01
1.792463958263397217e-01,7.249966859817504883e-01,-4.047886431217193604e-01,3.210672140121459961e-01
1.789793968200683594e-01,7.251629829406738281e-01,-4.047293365001678467e-01,3.210340738296508789e-01
1.787122040987014771e-01,7.253289818763732910e-01,-4.046696126461029053e-01,3.210006654262542725e-01
1.784451305866241455e-01,7.254946231842041016e-01,-4.046099483966827393e-01,3.209671974182128906e-01
1.781781762838363647e-01,7.256598472595214844e-01,-4.045502543449401855e-01,3.209336400032043457e-01
1.779112219810485840e-01,7.258249521255493164e-01,-4.044904410839080811e-01,3.209001123905181885e-01
1.776441186666488647e-01,7.259894609451293945e-01,-4.044302999973297119e-01,3.208663463592529297e-01
1.773771494626998901e-01,7.261536121368408203e-01,-4.043701291084289551e-01,3.208324313163757324e-01
1.771102249622344971e-01,7.263175845146179199e-01,-4.043099582195281982e-01,3.207985162734985352e-01
1.768434643745422363e-01,7.264810800552368164e-01,-4.042497575283050537e-01,3.207646310329437256e-01
1.765765994787216187e-01,7.266440987586975098e-01,-4.041893780231475830e-01,3.207305371761322021e-01
1.763097643852233887e-01,7.268071174621582031e-01,-4.041288495063781738e-01,3.206963539123535156e-01
1.760428845882415771e-01,7.269691228866577148e-01,-4.040680527687072754e-01,3.206619024276733398e-01
1.757761985063552856e-01,7.271312475204467773e-01,-4.040072858333587646e-01,3.206277191638946533e-01
1.755094528198242188e-01,7.272928357124328613e-01,-4.039464294910430908e-01,3.205931782722473145e-01
1.752426922321319580e-01,7.274541258811950684e-01,-4.038854837417602539e-01,3.205585777759552002e-01
1.749760359525680542e-01,7.276149988174438477e-01,-4.038243591785430908e-01,3.205240666866302490e-01
1.747094541788101196e-01,7.277752757072448730e-01,-4.037630558013916016e-01,3.204892575740814209e-01
1.744427531957626343e-01,7.279352545738220215e-01,-4.037017226219177246e-01,3.204543888568878174e-01
1.741761863231658936e-01,7.280946373939514160e-01,-4.036402106285095215e-01,3.204194605350494385e-01
1.739097833633422852e-01,7.282537817955017090e-01,-4.035787284374237061e-01,3.203845322132110596e-01
1.736432164907455444e-01,7.284123897552490234e-01,-4.035169780254364014e-01,3.203493952751159668e-01
1.733766496181488037e-01,7.285706996917724609e-01,-4.034550786018371582e-01,3.203141391277313232e-01
1.731101870536804199e-01,7.287285327911376953e-01,-4.033932089805603027e-01,3.202788829803466797e-01
1.728438735008239746e-01,7.288857698440551758e-01,-4.033311307430267334e-01,3.202435970306396484e-01
1.725774407386779785e-01,7.290427088737487793e-01,-4.032688438892364502e-01,3.202080726623535156e-01
1.723110973834991455e-01,7.292003631591796875e-01,-4.032068252563476562e-01,3.201725184917449951e-01
1.720448881387710571e-01,7.293580174446105957e-01,-4.031446874141693115e-01,3.201368749141693115e-01
1.717783063650131226e-01,7.295153141021728516e-01,-4.030821025371551514e-01,3.201010823249816895e-01
1.715121269226074219e-01,7.296724915504455566e-01,-4.030199050903320312e-01,3.200653791427612305e-01
1.712459027767181396e-01,7.298291921615600586e-01,-4.029574990272521973e-01,3.200295567512512207e-01
1.709796190261840820e-01,7.299854755401611328e-01,-4.028947949409484863e-01,3.199934661388397217e-01
1.707134842872619629e-01,7.301416397094726562e-01,-4.028321802616119385e-01,3.199574947357177734e-01
1.704473793506622314e-01,7.302973866462707520e-01,-4.027693271636962891e-01,3.199214339256286621e-01
1.701811403036117554e-01,7.304528355598449707e-01,-4.027064442634582520e-01,3.198851048946380615e-01
1.699150949716567993e-01,7.306082248687744141e-01,-4.026434719562530518e-01,3.198488950729370117e-01
1.696490198373794556e-01,7.307626605033874512e-01,-4.025802016258239746e-01,3.198122084140777588e-01
1.693829298019409180e-01,7.309173941612243652e-01,-4.025170803070068359e-01,3.197759091854095459e-01
1.691168993711471558e-01,7.310715913772583008e-01,-4.024537205696105957e-01,3.197391629219055176e-01
1.688510179519653320e-01,7.312257289886474609e-01,-4.023904502391815186e-01,3.197027146816253662e-01
1.685850620269775391e-01,7.313790321350097656e-01,-4.023267924785614014e-01,3.196658194065093994e-01
1.683190912008285522e-01,7.315325140953063965e-01,-4.022632241249084473e-01,3.196289837360382080e-01
1.680532544851303101e-01,7.316856384277343750e-01,-4.021995961666107178e-01,3.195920586585998535e-01
1.677874177694320679e-01,7.318383455276489258e-01,-4.021357595920562744e-01,3.195551931858062744e-01
1.675215661525726318e-01,7.319908142089843750e-01,-4.020718932151794434e-01,3.195179700851440430e-01
1.672558784484863281e-01,7.321428656578063965e-01,-4.020079672336578369e-01,3.194808363914489746e-01
1.669900119304656982e-01,7.322947978973388672e-01,-4.019438326358795166e-01,3.194435536861419678e-01
1.667243838310241699e-01,7.324466109275817871e-01,-4.018797874450683594e-01,3.194063901901245117e-01
1.664585322141647339e-01,7.325977683067321777e-01,-4.018152952194213867e-01,3.193687796592712402e-01
1.661929339170455933e-01,7.327489256858825684e-01,-4.017510116100311279e-01,3.193313479423522949e-01
1.659272313117980957e-01,7.328995466232299805e-01,-4.016864299774169922e-01,3.192936182022094727e-01
1.656617820262908936e-01,7.330502867698669434e-01,-4.016221463680267334e-01,3.192561864852905273e-01
1.653962284326553345e-01,7.332003116607666016e-01,-4.015574157238006592e-01,3.192183375358581543e-01
1.651306599378585815e-01,7.333503961563110352e-01,-4.014927446842193604e-01,3.191805779933929443e-01
1.648651957511901855e-01,7.335000634193420410e-01,-4.014278650283813477e-01,3.191426992416381836e-01
1.645996868610382080e-01,7.336495518684387207e-01,-4.013630449771881104e-01,3.191047608852386475e-01
1.643342971801757812e-01,7.337985038757324219e-01,-4.012980759143829346e-01,3.190666139125823975e-01
1.640688180923461914e-01,7.339475750923156738e-01,-4.012329280376434326e-01,3.190284967422485352e-01
1.638034731149673462e-01,7.340963482856750488e-01,-4.011677801609039307e-01,3.189903497695922852e-01
1.635381877422332764e-01,7.342446446418762207e-01,-4.011025726795196533e-01,3.189520835876464844e-01
1.632729023694992065e-01,7.343927621841430664e-01,-4.010372757911682129e-01,3.189136981964111328e-01
1.630075722932815552e-01,7.345407605171203613e-01,-4.009718000888824463e-01,3.188752532005310059e-01
1.627424061298370361e-01,7.346882820129394531e-01,-4.009063839912414551e-01,3.188368082046508789e-01
1.624771803617477417e-01,7.348351478576660156e-01,-4.008406102657318115e-01,3.187980055809020996e-01
1.622119396924972534e-01,7.349816560745239258e-01,-4.007746577262878418e-01,3.187592625617980957e-01
1.619468778371810913e-01,7.351280450820922852e-01,-4.007087945938110352e-01,3.187204003334045410e-01
1.616818308830261230e-01,7.352742552757263184e-01,-4.006428718566894531e-01,3.186816275119781494e-01
1.614167392253875732e-01,7.354199886322021484e-01,-4.005767703056335449e-01,3.186425566673278809e-01
1.611515879631042480e-01,7.355656027793884277e-01,-4.005104005336761475e-01,3.186035156250000000e-01
1.608867496252059937e-01,7.357108592987060547e-01,-4.004442095756530762e-01,3.185643851757049561e-01
1.606217920780181885e-01,7.358557581901550293e-01,-4.003778398036956787e-01,3.185251653194427490e-01
1.603568047285079956e-01,7.360005974769592285e-01,-4.003114104270935059e-01,3.184859156608581543e-01
1.600919961929321289e-01,7.361449599266052246e-01,-4.002448320388793945e-01,3.184465467929840088e-01
1.598271280527114868e-01,7.362890839576721191e-01,-4.001781344413757324e-01,3.184070289134979248e-01
1.595622748136520386e-01,7.364332675933837891e-01,-4.001115262508392334e-01,3.183676004409790039e-01
1.592974662780761719e-01,7.365769147872924805e-01,-4.000446498394012451e-01,3.183280229568481445e-01
1.590327620506286621e-01,7.367202639579772949e-01,-3.999777436256408691e-01,3.182883858680725098e-01
1.587679386138916016e-01,7.368634343147277832e-01,-3.999106585979461670e-01,3.182485401630401611e-01
1.585033088922500610e-01,7.370063662528991699e-01,-3.998437523841857910e-01,3.182087242603302002e-01
1.582386642694473267e-01,7.371491789817810059e-01,-3.997764289379119873e-01,3.181687593460083008e-01
1.579740196466445923e-01,7.372914552688598633e-01,-3.997091352939605713e-01,3.181287646293640137e-01
1.577095240354537964e-01,7.374336123466491699e-01,-3.996419310569763184e-01,3.180887997150421143e-01
1.574450433254241943e-01,7.375756502151489258e-01,-3.995745182037353516e-01,3.180487751960754395e-01
1.571804285049438477e-01,7.377172708511352539e-01,-3.995069563388824463e-01,3.180084526538848877e-01
1.569158881902694702e-01,7.378588914871215820e-01,-3.994393348693847656e-01,3.179682195186614990e-01
1.566514521837234497e-01,7.379997968673706055e-01,-3.993716835975646973e-01,3.179277181625366211e-01
1.563871204853057861e-01,7.381408214569091797e-01,-3.993039429187774658e-01,3.178873956203460693e-01
1.561228036880493164e-01,7.382817864418029785e-01,-3.992362022399902344e-01,3.178470134735107422e-01
1.558583378791809082e-01,7.384220957756042480e-01,-3.991681635379791260e-01,3.178063035011291504e-01
1.555939763784408569e-01,7.385625243186950684e-01,-3.991001844406127930e-01,3.177657127380371094e-01
1.553297042846679688e-01,7.387026548385620117e-01,-3.990321755409240723e-01,3.177249729633331299e-01
1.550655812025070190e-01,7.388425469398498535e-01,-3.989641666412353516e-01,3.176843225955963135e-01
1.548012793064117432e-01,7.389823794364929199e-01,-3.988958299160003662e-01,3.176434338092803955e-01
1.545370370149612427e-01,7.391216754913330078e-01,-3.988275229930877686e-01,3.176024854183197021e-01
1.542729586362838745e-01,7.392611503601074219e-01,-3.987592458724975586e-01,3.175616264343261719e-01
1.540089696645736694e-01,7.393999695777893066e-01,-3.986908495426177979e-01,3.175206184387207031e-01
1.537449061870574951e-01,7.395389676094055176e-01,-3.986222743988037109e-01,3.174794316291809082e-01
1.534808278083801270e-01,7.396777272224426270e-01,-3.985537886619567871e-01,3.174383342266082764e-01
1.532167792320251465e-01,7.398160099983215332e-01,-3.984850347042083740e-01,3.173970580101013184e-01
1.529527902603149414e-01,7.399536967277526855e-01,-3.984162211418151855e-01,3.173557519912719727e-01
1.526888608932495117e-01,7.400907874107360840e-01,-3.983470499515533447e-01,3.173141181468963623e-01
1.524251103401184082e-01,7.402278184890747070e-01,-3.982782363891601562e-01,3.172727227210998535e-01
1.521611958742141724e-01,7.403646707534790039e-01,-3.982090950012207031e-01,3.172311782836914062e-01
1.518974304199218750e-01,7.405010461807250977e-01,-3.981397747993469238e-01,3.171896040439605713e-01
1.516335755586624146e-01,7.406373023986816406e-01,-3.980704545974731445e-01,3.171477317810058594e-01
1.513698995113372803e-01,7.407732009887695312e-01,-3.980011343955993652e-01,3.171059787273406982e-01
1.511062383651733398e-01,7.409087419509887695e-01,-3.979316353797912598e-01,3.170642256736755371e-01
1.508425772190093994e-01,7.410441637039184570e-01,-3.978620171546936035e-01,3.170221149921417236e-01
1.505789309740066528e-01,7.411794662475585938e-01,-3.977924585342407227e-01,3.169801831245422363e-01
1.503154188394546509e-01,7.413145899772644043e-01,-3.977227210998535156e-01,3.169382512569427490e-01
1.500518321990966797e-01,7.414491772651672363e-01,-3.976528346538543701e-01,3.168960511684417725e-01
1.497883349657058716e-01,7.415835857391357422e-01,-3.975829780101776123e-01,3.168538510799407959e-01
1.495248079299926758e-01,7.417178750038146973e-01,-3.975130319595336914e-01,3.168116211891174316e-01
1.492614150047302246e-01,7.418515086174011230e-01,-3.974429070949554443e-01,3.167691826820373535e-01
1.489979624748229980e-01,7.419852614402770996e-01,-3.973728120326995850e-01,3.167267441749572754e-01
1.487345248460769653e-01,7.421184778213500977e-01,-3.973023593425750732e-01,3.166841566562652588e-01
1.484713852405548096e-01,7.422516345977783203e-01,-3.972322642803192139e-01,3.166417777538299561e-01
1.482080668210983276e-01,7.423845529556274414e-01,-3.971619606018066406e-01,3.165992498397827148e-01
1.479447185993194580e-01,7.425170540809631348e-01,-3.970912396907806396e-01,3.165564239025115967e-01
1.476815640926361084e-01,7.426496148109436035e-01,-3.970208764076232910e-01,3.165138363838195801e-01
1.474183350801467896e-01,7.427814602851867676e-01,-3.969500064849853516e-01,3.164708614349365234e-01
1.471552252769470215e-01,7.429134249687194824e-01,-3.968794643878936768e-01,3.164281249046325684e-01
1.468920856714248657e-01,7.430450916290283203e-01,-3.968086540699005127e-01,3.163850903511047363e-01
1.466290652751922607e-01,7.431764602661132812e-01,-3.967378437519073486e-01,3.163420855998992920e-01
1.463659703731536865e-01,7.433072328567504883e-01,-3.966666758060455322e-01,3.162989914417266846e-01
1.461030542850494385e-01,7.434378862380981445e-01,-3.965958058834075928e-01,3.162557780742645264e-01
1.458400785923004150e-01,7.435686588287353516e-01,-3.965246975421905518e-01,3.162127137184143066e-01
1.455771476030349731e-01,7.436990141868591309e-01,-3.964534401893615723e-01,3.161694407463073730e-01
1.453142017126083374e-01,7.438290119171142578e-01,-3.963821232318878174e-01,3.161260485649108887e-01
1.450515091419219971e-01,7.439588308334350586e-01,-3.963109552860260010e-01,3.160828351974487305e-01
1.447886824607849121e-01,7.440882921218872070e-01,-3.962393999099731445e-01,3.160393536090850830e-01
1.445258855819702148e-01,7.442175149917602539e-01,-3.961678743362426758e-01,3.159957528114318848e-01
1.442632675170898438e-01,7.443466782569885254e-01,-3.960964679718017578e-01,3.159523010253906250e-01
1.440005004405975342e-01,7.444753646850585938e-01,-3.960247933864593506e-01,3.159086406230926514e-01
1.437378376722335815e-01,7.446036338806152344e-01,-3.959529995918273926e-01,3.158648312091827393e-01
1.434752792119979858e-01,7.447320818901062012e-01,-3.958811759948730469e-01,3.158211708068847656e-01
1.432128101587295532e-01,7.448599934577941895e-01,-3.958093523979187012e-01,3.157773315906524658e-01
1.429501473903656006e-01,7.449876666069030762e-01,-3.957372307777404785e-01,3.157334029674530029e-01
1.426875591278076172e-01,7.451148033142089844e-01,-3.956650495529174805e-01,3.156892955303192139e-01
1.424251198768615723e-01,7.452419996261596680e-01,-3.955929577350616455e-01,3.156453371047973633e-01
1.421627700328826904e-01,7.453689575195312500e-01,-3.955207765102386475e-01,3.156012892723083496e-01
1.419002860784530640e-01,7.454957962036132812e-01,-3.954484164714813232e-01,3.155571818351745605e-01
1.416380107402801514e-01,7.456220388412475586e-01,-3.953761160373687744e-01,3.155130147933959961e-01
1.413757354021072388e-01,7.457482218742370605e-01,-3.953036069869995117e-01,3.154687881469726562e-01
1.411134898662567139e-01,7.458741068840026855e-01,-3.952311575412750244e-01,3.154244720935821533e-01
1.408513188362121582e-01,7.459994554519653320e-01,-3.951584696769714355e-01,3.153801262378692627e-01
1.405891031026840210e-01,7.461249828338623047e-01,-3.950858116149902344e-01,3.153355717658996582e-01
1.403268128633499146e-01,7.462498545646667480e-01,-3.950129449367523193e-01,3.152908980846405029e-01
1.400647759437561035e-01,7.463745474815368652e-01,-3.949401378631591797e-01,3.152464032173156738e-01
1.398027390241622925e-01,7.464990019798278809e-01,-3.948671817779541016e-01,3.152017891407012939e-01
1.395407170057296753e-01,7.466232776641845703e-01,-3.947941660881042480e-01,3.151570856571197510e-01
1.392787843942642212e-01,7.467472553253173828e-01,-3.947211802005767822e-01,3.151124715805053711e-01
1.390166133642196655e-01,7.468709349632263184e-01,-3.946477174758911133e-01,3.150674402713775635e-01
1.387549340724945068e-01,7.469944357872009277e-01,-3.945747613906860352e-01,3.150227963924407959e-01
1.384930908679962158e-01,7.471176385879516602e-01,-3.945014178752899170e-01,3.149778246879577637e-01
1.382311135530471802e-01,7.472406029701232910e-01,-3.944278955459594727e-01,3.149327933788299561e-01
1.379692703485488892e-01,7.473632693290710449e-01,-3.943545818328857422e-01,3.148878216743469238e-01
1.377075314521789551e-01,7.474856376647949219e-01,-3.942809998989105225e-01,3.148428201675415039e-01
1.374458372592926025e-01,7.476075291633605957e-01,-3.942072987556457520e-01,3.147974312305450439e-01
1.371841728687286377e-01,7.477293610572814941e-01,-3.941335678100585938e-01,3.147523105144500732e-01
1.369225531816482544e-01,7.478510737419128418e-01,-3.940598666667938232e-01,3.147070407867431641e-01
1.366608738899230957e-01,7.479723691940307617e-01,-3.939859569072723389e-01,3.146616816520690918e-01
1.363993883132934570e-01,7.480931282043457031e-01,-3.939120173454284668e-01,3.146162331104278564e-01
1.361378133296966553e-01,7.482139468193054199e-01,-3.938379585742950439e-01,3.145708143711090088e-01
1.358763724565505981e-01,7.483345270156860352e-01,-3.937639892101287842e-01,3.145253658294677734e-01
1.356149911880493164e-01,7.484548091888427734e-01,-3.936899304389953613e-01,3.144799768924713135e-01
1.353534460067749023e-01,7.485745549201965332e-01,-3.936154544353485107e-01,3.144340813159942627e-01
1.350922137498855591e-01,7.486943602561950684e-01,-3.935413360595703125e-01,3.143885433673858643e-01
1.348308324813842773e-01,7.488139271736145020e-01,-3.934670090675354004e-01,3.143429458141326904e-01
1.345695555210113525e-01,7.489328384399414062e-01,-3.933924734592437744e-01,3.142971098423004150e-01
1.343083232641220093e-01,7.490516901016235352e-01,-3.933179378509521484e-01,3.142512142658233643e-01
1.340470910072326660e-01,7.491703629493713379e-01,-3.932433724403381348e-01,3.142053782939910889e-01
1.337859183549880981e-01,7.492890357971191406e-01,-3.931688070297241211e-01,3.141594827175140381e-01
1.335247308015823364e-01,7.494073510169982910e-01,-3.930939733982086182e-01,3.141134977340698242e-01
1.332638263702392578e-01,7.495253682136535645e-01,-3.930193483829498291e-01,3.140674531459808350e-01
1.330027282238006592e-01,7.496433258056640625e-01,-3.929445445537567139e-01,3.140213489532470703e-01
1.327416449785232544e-01,7.497607469558715820e-01,-3.928694128990173340e-01,3.139751553535461426e-01
1.324807256460189819e-01,7.498780488967895508e-01,-3.927945196628570557e-01,3.139289617538452148e-01
1.322197765111923218e-01,7.499951124191284180e-01,-3.927194774150848389e-01,3.138826489448547363e-01
1.319589465856552124e-01,7.501121163368225098e-01,-3.926444053649902344e-01,3.138364851474761963e-01
1.316981911659240723e-01,7.502288818359375000e-01,-3.925693929195404053e-01,3.137902021408081055e-01
1.314371973276138306e-01,7.503451108932495117e-01,-3.924939036369323730e-01,3.137435913085937500e-01
1.311765462160110474e-01,7.504612207412719727e-01,-3.924187719821929932e-01,3.136972486972808838e-01
1.309157460927963257e-01,7.505773305892944336e-01,-3.923432826995849609e-01,3.136508464813232422e-01
1.306550502777099609e-01,7.506929636001586914e-01,-3.922678232192993164e-01,3.136042654514312744e-01
1.303945183753967285e-01,7.508083581924438477e-01,-3.921924531459808350e-01,3.135577440261840820e-01
1.301337778568267822e-01,7.509235143661499023e-01,-3.921168148517608643e-01,3.135109841823577881e-01
1.298732757568359375e-01,7.510386109352111816e-01,-3.920412361621856689e-01,3.134643435478210449e-01
1.296126693487167358e-01,7.511531710624694824e-01,-3.919653594493865967e-01,3.134174644947052002e-01
1.293522268533706665e-01,7.512676715850830078e-01,-3.918896913528442383e-01,3.133707940578460693e-01
1.290917545557022095e-01,7.513819932937622070e-01,-3.918139338493347168e-01,3.133238852024078369e-01
1.288313269615173340e-01,7.514960765838623047e-01,-3.917379975318908691e-01,3.132769465446472168e-01
1.285710930824279785e-01,7.516099214553833008e-01,-3.916621208190917969e-01,3.132300674915313721e-01
1.283106207847595215e-01,7.517234683036804199e-01,-3.915859758853912354e-01,3.131830394268035889e-01
1.280503273010253906e-01,7.518368959426879883e-01,-3.915099203586578369e-01,3.131360709667205811e-01
1.277900487184524536e-01,7.519498467445373535e-01,-3.914337456226348877e-01,3.130888640880584717e-01
1.275299191474914551e-01,7.520626783370971680e-01,-3.913575708866119385e-01,3.130417764186859131e-01
1.272697001695632935e-01,7.521753311157226562e-01,-3.912812769412994385e-01,3.129945695400238037e-01
1.270097345113754272e-01,7.522877454757690430e-01,-3.912051618099212646e-01,3.129474818706512451e-01
1.267495006322860718e-01,7.523999810218811035e-01,-3.911284804344177246e-01,3.129000067710876465e-01
1.264894306659698486e-01,7.525119781494140625e-01,-3.910521268844604492e-01,3.128527402877807617e-01
1.262294948101043701e-01,7.526237964630126953e-01,-3.909756839275360107e-01,3.128054738044738770e-01
1.259695440530776978e-01,7.527351379394531250e-01,-3.908991515636444092e-01,3.127579987049102783e-01
1.257095932960510254e-01,7.528467774391174316e-01,-3.908226191997528076e-01,3.127106726169586182e-01
1.254495978355407715e-01,7.529577612876892090e-01,-3.907457888126373291e-01,3.126630783081054688e-01
1.251899003982543945e-01,7.530686259269714355e-01,-3.906691670417785645e-01,3.126156330108642578e-01
1.249300241470336914e-01,7.531793117523193359e-01,-3.905923366546630859e-01,3.125680088996887207e-01
1.246702075004577637e-01,7.532896399497985840e-01,-3.905153870582580566e-01,3.125202357769012451e-01
1.244105473160743713e-01,7.534000277519226074e-01,-3.904386162757873535e-01,3.124726712703704834e-01
1.241508796811103821e-01,7.535101175308227539e-01,-3.903616368770599365e-01,3.124249875545501709e-01
1.238911747932434082e-01,7.536197304725646973e-01,-3.902845680713653564e-01,3.123772144317626953e-01
1.236315369606018066e-01,7.537293434143066406e-01,-3.902074396610260010e-01,3.123293220996856689e-01
1.233719736337661743e-01,7.538385391235351562e-01,-3.901303112506866455e-01,3.122813999652862549e-01
1.231123507022857666e-01,7.539477944374084473e-01,-3.900530636310577393e-01,3.122334778308868408e-01
1.228529363870620728e-01,7.540568113327026367e-01,-3.899758756160736084e-01,3.121857047080993652e-01
1.225934475660324097e-01,7.541655302047729492e-01,-3.898985385894775391e-01,3.121375739574432373e-01
1.223341226577758789e-01,7.542742490768432617e-01,-3.898212909698486328e-01,3.120897412300109863e-01
1.220747157931327820e-01,7.543822526931762695e-01,-3.897437453269958496e-01,3.120415806770324707e-01
1.218154355883598328e-01,7.544904351234436035e-01,-3.896663784980773926e-01,3.119935095310211182e-01
1.215560883283615112e-01,7.545983791351318359e-01,-3.895888328552246094e-01,3.119454085826873779e-01
1.212969943881034851e-01,7.547062635421752930e-01,-3.895114660263061523e-01,3.118973374366760254e-01
1.210377067327499390e-01,7.548135519027709961e-01,-3.894336819648742676e-01,3.118490576744079590e-01
1.207784488797187805e-01,7.549208998680114746e-01,-3.893560171127319336e-01,3.118007183074951172e-01
1.205194145441055298e-01,7.550281286239624023e-01,-3.892784118652343750e-01,3.117524981498718262e-01
1.202604323625564575e-01,7.551351189613342285e-01,-3.892007172107696533e-01,3.117042779922485352e-01
1.200012192130088806e-01,7.552416920661926270e-01,-3.891227245330810547e-01,3.116557002067565918e-01
1.197422444820404053e-01,7.553482651710510254e-01,-3.890448510646820068e-01,3.116073310375213623e-01
1.194833964109420776e-01,7.554546594619750977e-01,-3.889670968055725098e-01,3.115589618682861328e-01
1.192244216799736023e-01,7.555608749389648438e-01,-3.888891637325286865e-01,3.115105628967285156e-01
1.189654693007469177e-01,7.556666135787963867e-01,-3.888109922409057617e-01,3.114618062973022461e-01
1.187066882848739624e-01,7.557725310325622559e-01,-3.887330591678619385e-01,3.114134073257446289e-01
1.184478029608726501e-01,7.558779716491699219e-01,-3.886548280715942383e-01,3.113646507263183594e-01
1.181890666484832764e-01,7.559834718704223633e-01,-3.885767161846160889e-01,3.113160133361816406e-01
1.179304122924804688e-01,7.560886144638061523e-01,-3.884986639022827148e-01,3.112674653530120850e-01
1.176717653870582581e-01,7.561935782432556152e-01,-3.884203732013702393e-01,3.112187981605529785e-01
1.174130812287330627e-01,7.562985420227050781e-01,-3.883420526981353760e-01,3.111699819564819336e-01
1.171545237302780151e-01,7.564032077789306641e-01,-3.882637917995452881e-01,3.111212551593780518e-01
1.168957874178886414e-01,7.565075755119323730e-01,-3.881853520870208740e-01,3.110723197460174561e-01
1.166373416781425476e-01,7.566118240356445312e-01,-3.881069421768188477e-01,3.110235035419464111e-01
1.163787767291069031e-01,7.567161321640014648e-01,-3.880284130573272705e-01,3.109745383262634277e-01
1.161204129457473755e-01,7.568197250366210938e-01,-3.879499435424804688e-01,3.109256029129028320e-01
1.158620566129684448e-01,7.569237351417541504e-01,-3.878714442253112793e-01,3.108767867088317871e-01
1.156036630272865295e-01,7.570275068283081055e-01,-3.877929449081420898e-01,3.108278214931488037e-01
1.153453737497329712e-01,7.571308016777038574e-01,-3.877142965793609619e-01,3.107786774635314941e-01
1.150871664285659790e-01,7.572337388992309570e-01,-3.876354992389678955e-01,3.107296526432037354e-01
1.148289293050765991e-01,7.573364377021789551e-01,-3.875567913055419922e-01,3.106806278228759766e-01
1.145706847310066223e-01,7.574387788772583008e-01,-3.874778449535369873e-01,3.106314241886138916e-01
1.143125295639038086e-01,7.575408816337585449e-01,-3.873990178108215332e-01,3.105821609497070312e-01
1.140544041991233826e-01,7.576431035995483398e-01,-3.873200714588165283e-01,3.105330169200897217e-01
1.137963086366653442e-01,7.577449679374694824e-01,-3.872412145137786865e-01,3.104837238788604736e-01
1.135383918881416321e-01,7.578467130661010742e-01,-3.871622085571289062e-01,3.104345500469207764e-01
1.132802814245223999e-01,7.579479217529296875e-01,-3.870829343795776367e-01,3.103850185871124268e-01
1.130224615335464478e-01,7.580491304397583008e-01,-3.870039582252502441e-01,3.103356957435607910e-01
1.127643883228302002e-01,7.581503391265869141e-01,-3.869246244430541992e-01,3.102863132953643799e-01
1.125066429376602173e-01,7.582514286041259766e-01,-3.868456184864044189e-01,3.102369606494903564e-01
1.122488081455230713e-01,7.583522200584411621e-01,-3.867662549018859863e-01,3.101875185966491699e-01
1.119909584522247314e-01,7.584525346755981445e-01,-3.866868913173675537e-01,3.101378679275512695e-01
1.117332801222801208e-01,7.585529088973999023e-01,-3.866077065467834473e-01,3.100884854793548584e-01
1.114755943417549133e-01,7.586529850959777832e-01,-3.865283131599426270e-01,3.100389242172241211e-01
1.112178564071655273e-01,7.587531208992004395e-01,-3.864489197731018066e-01,3.099892735481262207e-01
1.109602749347686768e-01,7.588528394699096680e-01,-3.863694667816162109e-01,3.099396824836730957e-01
1.107027456164360046e-01,7.589524388313293457e-01,-3.862899243831634521e-01,3.098899722099304199e-01
1.104451343417167664e-01,7.590519785881042480e-01,-3.862104713916778564e-01,3.098403215408325195e-01
1.101876571774482727e-01,7.591512203216552734e-01,-3.861308097839355469e-01,3.097906410694122314e-01
1.099301278591156006e-01,7.592502236366271973e-01,-3.860511481761932373e-01,3.097409009933471680e-01
1.096728816628456116e-01,7.593494057655334473e-01,-3.859717845916748047e-01,3.096912503242492676e-01
1.094154864549636841e-01,7.594479322433471680e-01,-3.858920633792877197e-01,3.096415102481842041e-01
1.091581284999847412e-01,7.595462799072265625e-01,-3.858121931552886963e-01,3.095914721488952637e-01
1.089007481932640076e-01,7.596447467803955078e-01,-3.857325315475463867e-01,3.095417022705078125e-01
1.086436212062835693e-01,7.597431540489196777e-01,-3.856527507305145264e-01,3.094919621944427490e-01
1.083862930536270142e-01,7.598409056663513184e-01,-3.855727910995483398e-01,3.094418346881866455e-01
1.081290841102600098e-01,7.599387764930725098e-01,-3.854928612709045410e-01,3.093918561935424805e-01
1.078719347715377808e-01,7.600365281105041504e-01,-3.854130208492279053e-01,3.093419671058654785e-01
1.076150089502334595e-01,7.601341605186462402e-01,-3.853332698345184326e-01,3.092921376228332520e-01
1.073578968644142151e-01,7.602313160896301270e-01,-3.852531909942626953e-01,3.092419803142547607e-01
1.071008369326591492e-01,7.603284716606140137e-01,-3.851730823516845703e-01,3.091918230056762695e-01
1.068438366055488586e-01,7.604255080223083496e-01,-3.850930333137512207e-01,3.091418445110321045e-01
1.065869107842445374e-01,7.605222463607788086e-01,-3.850128352642059326e-01,3.090916574001312256e-01
1.063299849629402161e-01,7.606189250946044922e-01,-3.849327564239501953e-01,3.090415000915527344e-01
1.060731112957000732e-01,7.607154250144958496e-01,-3.848526477813720703e-01,3.089913427829742432e-01
1.058163195848464966e-01,7.608116865158081055e-01,-3.847723901271820068e-01,3.089411556720733643e-01
1.055595055222511292e-01,7.609077095985412598e-01,-3.846921622753143311e-01,3.088908493518829346e-01
1.053028851747512817e-01,7.610038518905639648e-01,-3.846120238304138184e-01,3.088408112525939941e-01
1.050462946295738220e-01,7.610996961593627930e-01,-3.845319449901580811e-01,3.087906241416931152e-01
1.047896742820739746e-01,7.611950635910034180e-01,-3.844514787197113037e-01,3.087402284145355225e-01
1.045329049229621887e-01,7.612906098365783691e-01,-3.843710124492645264e-01,3.086897432804107666e-01
1.042764559388160706e-01,7.613859772682189941e-01,-3.842908143997192383e-01,3.086396455764770508e-01
1.040198206901550293e-01,7.614811062812805176e-01,-3.842102289199829102e-01,3.085891306400299072e-01
1.037633121013641357e-01,7.615759372711181641e-01,-3.841297626495361328e-01,3.085386455059051514e-01
1.035069674253463745e-01,7.616712450981140137e-01,-3.840494751930236816e-01,3.084883987903594971e-01
1.032504811882972717e-01,7.617658972740173340e-01,-3.839689195156097412e-01,3.084379732608795166e-01
1.029942855238914490e-01,7.618600726127624512e-01,-3.838884234428405762e-01,3.083875179290771484e-01
1.027378588914871216e-01,7.619544863700866699e-01,-3.838078379631042480e-01,3.083369731903076172e-01
1.024815291166305542e-01,7.620489001274108887e-01,-3.837272226810455322e-01,3.082864582538604736e-01
1.022252663969993591e-01,7.621427178382873535e-01,-3.836465179920196533e-01,3.082358837127685547e-01
1.019690707325935364e-01,7.622365355491638184e-01,-3.835658431053161621e-01,3.081853091716766357e-01
1.017129495739936829e-01,7.623304724693298340e-01,-3.834852576255798340e-01,3.081347346305847168e-01
1.014568582177162170e-01,7.624241113662719727e-01,-3.834045231342315674e-01,3.080841898918151855e-01
1.012007147073745728e-01,7.625176310539245605e-01,-3.833237290382385254e-01,3.080335259437561035e-01
1.009446233510971069e-01,7.626106142997741699e-01,-3.832429051399230957e-01,3.079827725887298584e-01
1.006887033581733704e-01,7.627038359642028809e-01,-3.831622600555419922e-01,3.079321980476379395e-01
1.004327163100242615e-01,7.627969384193420410e-01,-3.830814957618713379e-01,3.078815639019012451e-01
1.001768112182617188e-01,7.628896832466125488e-01,-3.830004930496215820e-01,3.078307509422302246e-01
9.992096573114395142e-02,7.629824876785278320e-01,-3.829198181629180908e-01,3.077801465988159180e-01
9.966512769460678101e-02,7.630750536918640137e-01,-3.828387856483459473e-01,3.077294230461120605e-01
9.940946847200393677e-02,7.631674408912658691e-01,-3.827581107616424561e-01,3.076787590980529785e-01
9.915342926979064941e-02,7.632594704627990723e-01,-3.826767802238464355e-01,3.076276481151580811e-01
9.889781475067138672e-02,7.633518576622009277e-01,-3.825960457324981689e-01,3.075769543647766113e-01
9.864223003387451172e-02,7.634438276290893555e-01,-3.825152516365051270e-01,3.075262606143951416e-01
9.838646650314331055e-02,7.635354995727539062e-01,-3.824340105056762695e-01,3.074752986431121826e-01
9.813082218170166016e-02,7.636272907257080078e-01,-3.823529779911041260e-01,3.074243068695068359e-01
9.787538647651672363e-02,7.637187242507934570e-01,-3.822719752788543701e-01,3.073734939098358154e-01
9.761981666088104248e-02,7.638102173805236816e-01,-3.821907639503479004e-01,3.073226213455200195e-01
9.736438095569610596e-02,7.639014720916748047e-01,-3.821097612380981445e-01,3.072716891765594482e-01
9.710893034934997559e-02,7.639925479888916016e-01,-3.820286095142364502e-01,3.072207570075988770e-01
9.685358405113220215e-02,7.640833854675292969e-01,-3.819475173950195312e-01,3.071697652339935303e-01
9.659823775291442871e-02,7.641745209693908691e-01,-3.818664252758026123e-01,3.071188032627105713e-01
9.634287655353546143e-02,7.642651796340942383e-01,-3.817851245403289795e-01,3.070677518844604492e-01
9.608751535415649414e-02,7.643557786941528320e-01,-3.817037642002105713e-01,3.070166110992431641e-01
9.583238512277603149e-02,7.644463777542114258e-01,-3.816225826740264893e-01,3.069655597209930420e-01
9.557726979255676270e-02,7.645370364189147949e-01,-3.815414905548095703e-01,3.069146275520324707e-01
9.532199800014495850e-02,7.646270990371704102e-01,-3.814599514007568359e-01,3.068633079528808594e-01
9.506694972515106201e-02,7.647174596786499023e-01,-3.813787400722503662e-01,3.068122863769531250e-01
9.481193870306015015e-02,7.648074030876159668e-01,-3.812973797321319580e-01,3.067611753940582275e-01
9.455700963735580444e-02,7.648973464965820312e-01,-3.812161386013031006e-01,3.067101240158081055e-01
9.430190920829772949e-02,7.649873495101928711e-01,-3.811346888542175293e-01,3.066588342189788818e-01
9.404692053794860840e-02,7.650768756866455078e-01,-3.810532689094543457e-01,3.066075742244720459e-01
9.379199892282485962e-02,7.651666402816772461e-01,-3.809718787670135498e-01,3.065563738346099854e-01
9.353718161582946777e-02,7.652559280395507812e-01,-3.808904588222503662e-01,3.065051436424255371e-01
9.328237920999526978e-02,7.653451561927795410e-01,-3.808090090751647949e-01,3.064538538455963135e-01
9.302765130996704102e-02,7.654346227645874023e-01,-3.807275295257568359e-01,3.064027130603790283e-01
9.277285635471343994e-02,7.655234932899475098e-01,-3.806459605693817139e-01,3.063513636589050293e-01
9.251818805932998657e-02,7.656127810478210449e-01,-3.805645406246185303e-01,3.063000738620758057e-01
9.226357191801071167e-02,7.657014131546020508e-01,-3.804830610752105713e-01,3.062487840652465820e-01
9.200887382030487061e-02,7.657903432846069336e-01,-3.804014623165130615e-01,3.061973750591278076e-01
9.175432473421096802e-02,7.658789753913879395e-01,-3.803198337554931641e-01,3.061461448669433594e-01
9.149968624114990234e-02,7.659674882888793945e-01,-3.802382051944732666e-01,3.060946166515350342e-01
9.124526381492614746e-02,7.660557031631469727e-01,-3.801567256450653076e-01,3.060432672500610352e-01
9.099088609218597412e-02,7.661442756652832031e-01,-3.800752162933349609e-01,3.059920668601989746e-01
9.073638916015625000e-02,7.662322521209716797e-01,-3.799934387207031250e-01,3.059404194355010986e-01
9.048207849264144897e-02,7.663205265998840332e-01,-3.799118995666503906e-01,3.058890700340270996e-01
9.022775292396545410e-02,7.664085626602172852e-01,-3.798303008079528809e-01,3.058377206325531006e-01
8.997347205877304077e-02,7.664966583251953125e-01,-3.797487020492553711e-01,3.057863116264343262e-01
8.971919864416122437e-02,7.665842771530151367e-01,-3.796669542789459229e-01,3.057346940040588379e-01
8.946493268013000488e-02,7.666718959808349609e-01,-3.795851469039916992e-01,3.056831955909729004e-01
8.921077102422714233e-02,7.667597532272338867e-01,-3.795035779476165771e-01,3.056318759918212891e-01
8.895664662122726440e-02,7.668471336364746094e-01,-3.794218003749847412e-01,3.055803477764129639e-01
8.870256692171096802e-02,7.669343948364257812e-01,-3.793400526046752930e-01,3.055287003517150879e-01
8.844837546348571777e-02,7.670215368270874023e-01,-3.792580962181091309e-01,3.054769933223724365e-01
8.819453418254852295e-02,7.671087980270385742e-01,-3.791765868663787842e-01,3.054256141185760498e-01
8.794043213129043579e-02,7.671958804130554199e-01,-3.790946304798126221e-01,3.053739368915557861e-01
8.768659085035324097e-02,7.672830224037170410e-01,-3.790130615234375000e-01,3.053224384784698486e-01
8.743275701999664307e-02,7.673698067665100098e-01,-3.789312243461608887e-01,3.052708506584167480e-01
8.717880398035049438e-02,7.674567103385925293e-01,-3.788494467735290527e-01,3.052192032337188721e-01
8.692504465579986572e-02,7.675435543060302734e-01,-3.787676095962524414e-01,3.051676154136657715e-01
8.667130023241043091e-02,7.676302194595336914e-01,-3.786858916282653809e-01,3.051160573959350586e-01
8.641760051250457764e-02,7.677165269851684570e-01,-3.786039948463439941e-01,3.050643801689147949e-01
8.616393804550170898e-02,7.678030729293823242e-01,-3.785222172737121582e-01,3.050127029418945312e-01
8.591017127037048340e-02,7.678895592689514160e-01,-3.784402012825012207e-01,3.049609065055847168e-01
8.565653860569000244e-02,7.679757475852966309e-01,-3.783583343029022217e-01,3.049091696739196777e-01
8.540317416191101074e-02,7.680622339248657227e-01,-3.782768249511718750e-01,3.048578500747680664e-01
8.514961600303649902e-02,7.681483030319213867e-01,-3.781948685646057129e-01,3.048060834407806396e-01
8.489611744880676270e-02,7.682341933250427246e-01,-3.781129717826843262e-01,3.047542572021484375e-01
8.464271575212478638e-02,7.683200836181640625e-01,-3.780311048030853271e-01,3.047026097774505615e-01
8.438923954963684082e-02,7.684058547019958496e-01,-3.779491782188415527e-01,3.046507835388183594e-01
8.413589000701904297e-02,7.684916257858276367e-01,-3.778672814369201660e-01,3.045989274978637695e-01
8.388248085975646973e-02,7.685773968696594238e-01,-3.777852058410644531e-01,3.045471906661987305e-01
8.362918347120285034e-02,7.686631679534912109e-01,-3.777033686637878418e-01,3.044954240322113037e-01
8.337591588497161865e-02,7.687485218048095703e-01,-3.776213526725769043e-01,3.044435381889343262e-01
8.312272280454635620e-02,7.688341736793518066e-01,-3.775394856929779053e-01,3.043918013572692871e-01
8.286964893341064453e-02,7.689195275306701660e-01,-3.774577081203460693e-01,3.043400943279266357e-01
8.261644840240478516e-02,7.690049409866333008e-01,-3.773757219314575195e-01,3.042881786823272705e-01
8.236344158649444580e-02,7.690899372100830078e-01,-3.772937059402465820e-01,3.042363524436950684e-01
8.211037516593933105e-02,7.691752910614013672e-01,-3.772119283676147461e-01,3.041846156120300293e-01
8.185738325119018555e-02,7.692605853080749512e-01,-3.771299123764038086e-01,3.041328489780426025e-01
8.160431683063507080e-02,7.693456411361694336e-01,-3.770478367805480957e-01,3.040809035301208496e-01
8.135147392749786377e-02,7.694306373596191406e-01,-3.769660890102386475e-01,3.040291070938110352e-01
8.109858632087707520e-02,7.695154547691345215e-01,-3.768841028213500977e-01,3.039772510528564453e-01
8.084584772586822510e-02,7.696002721786499023e-01,-3.768021464347839355e-01,3.039253652095794678e-01
8.059301972389221191e-02,7.696852684020996094e-01,-3.767203092575073242e-01,3.038735389709472656e-01
8.034020662307739258e-02,7.697700262069702148e-01,-3.766382336616516113e-01,3.038215637207031250e-01
8.008752018213272095e-02,7.698545455932617188e-01,-3.765562772750854492e-01,3.037696480751037598e-01
7.983483374118804932e-02,7.699392437934875488e-01,-3.764744400978088379e-01,3.037178814411163330e-01
7.958219200372695923e-02,7.700237631797790527e-01,-3.763923645019531250e-01,3.036658763885498047e-01
7.932955026626586914e-02,7.701082825660705566e-01,-3.763103187084197998e-01,3.036138713359832764e-01
7.907703518867492676e-02,7.701926231384277344e-01,-3.762284219264984131e-01,3.035618960857391357e-01
7.882446050643920898e-02,7.702771425247192383e-01,-3.761464655399322510e-01,3.035100996494293213e-01
7.857208698987960815e-02,7.703614830970764160e-01,-3.760645389556884766e-01,3.034581542015075684e-01
7.831958681344985962e-02,7.704459428787231445e-01,-3.759826123714447021e-01,3.034061789512634277e-01
7.806713879108428955e-02,7.705297470092773438e-01,-3.759005665779113770e-01,3.033542037010192871e-01
7.781486213207244873e-02,7.706134319305419922e-01,-3.758184909820556641e-01,3.033021986484527588e-01
7.756250351667404175e-02,7.706968188285827637e-01,-3.757363557815551758e-01,3.032501935958862305e-01
7.731026411056518555e-02,7.707803249359130859e-01,-3.756543695926666260e-01,3.031981885433197021e-01
7.705812156200408936e-02,7.708636522293090820e-01,-3.755722343921661377e-01,3.031462430953979492e-01
7.680581510066986084e-02,7.709469795227050781e-01,-3.754900693893432617e-01,3.030940592288970947e-01
7.655370235443115234e-02,7.710301280021667480e-01,-3.754079937934875488e-01,3.030420243740081787e-01
7.630158215761184692e-02,7.711132168769836426e-01,-3.753258287906646729e-01,3.029900193214416504e-01
7.604953646659851074e-02,7.711961865425109863e-01,-3.752437233924865723e-01,3.029378652572631836e-01
7.579746842384338379e-02,7.712791562080383301e-01,-3.751615881919860840e-01,3.028858006000518799e-01
7.554556429386138916e-02,7.713620662689208984e-01,-3.750795722007751465e-01,3.028337955474853516e-01
7.529356330633163452e-02,7.714449763298034668e-01,-3.749973773956298828e-01,3.027817010879516602e-01
7.504173368215560913e-02,7.715277671813964844e-01,-3.749153316020965576e-01,3.027296662330627441e-01
7.478982210159301758e-02,7.716103792190551758e-01,-3.748331367969512939e-01,3.026775717735290527e-01
7.453805953264236450e-02,7.716931104660034180e-01,-3.747510612010955811e-01,3.026254773139953613e-01
7.428629696369171143e-02,7.717756032943725586e-01,-3.746689856052398682e-01,3.025733232498168945e-01
7.403429597616195679e-02,7.718579769134521484e-01,-3.745865225791931152e-01,3.025209605693817139e-01
7.378283143043518066e-02,7.719403505325317383e-01,-3.745046854019165039e-01,3.024690449237823486e-01
7.353119552135467529e-02,7.720225453376770020e-01,-3.744224607944488525e-01,3.024168610572814941e-01
7.327950000762939453e-02,7.721048593521118164e-01,-3.743402659893035889e-01,3.023646771907806396e-01
7.302796095609664917e-02,7.721869945526123047e-01,-3.742582201957702637e-01,3.023125529289245605e-01
7.277644425630569458e-02,7.722692489624023438e-01,-3.741761744022369385e-01,3.022603690624237061e-01
7.252487540245056152e-02,7.723512649536132812e-01,-3.740938305854797363e-01,3.022082448005676270e-01
7.227332890033721924e-02,7.724331021308898926e-01,-3.740115165710449219e-01,3.021559715270996094e-01
7.202202081680297852e-02,7.725149989128112793e-01,-3.739294707775115967e-01,3.021038472652435303e-01
7.177069038152694702e-02,7.725970745086669922e-01,-3.738474249839782715e-01,3.020517528057098389e-01
7.151918858289718628e-02,7.726787328720092773e-01,-3.737651705741882324e-01,3.019993901252746582e-01
7.126805931329727173e-02,7.727603316307067871e-01,-3.736830353736877441e-01,3.019472360610961914e-01
7.101668417453765869e-02,7.728421092033386230e-01,-3.736008107662200928e-01,3.018951117992401123e-01
7.076548039913177490e-02,7.729233503341674805e-01,-3.735185563564300537e-01,3.018426895141601562e-01
7.051427662372589111e-02,7.730051875114440918e-01,-3.734365105628967285e-01,3.017905950546264648e-01
7.026319950819015503e-02,7.730864882469177246e-01,-3.733543157577514648e-01,3.017383515834808350e-01
7.001206278800964355e-02,7.731678485870361328e-01,-3.732722699642181396e-01,3.016861677169799805e-01
6.976100057363510132e-02,7.732490897178649902e-01,-3.731899857521057129e-01,3.016338646411895752e-01
6.950998306274414062e-02,7.733303308486938477e-01,-3.731077909469604492e-01,3.015815615653991699e-01
6.925915926694869995e-02,7.734117507934570312e-01,-3.730258643627166748e-01,3.015295565128326416e-01
6.900815665721893311e-02,7.734926939010620117e-01,-3.729436397552490234e-01,3.014771938323974609e-01
6.875721365213394165e-02,7.735738158226013184e-01,-3.728613555431365967e-01,3.014249503612518311e-01
6.850636005401611328e-02,7.736546397209167480e-01,-3.727791607379913330e-01,3.013725876808166504e-01
6.825560331344604492e-02,7.737356424331665039e-01,-3.726970553398132324e-01,3.013204038143157959e-01
6.800475716590881348e-02,7.738165855407714844e-01,-3.726148903369903564e-01,3.012680411338806152e-01
6.775397062301635742e-02,7.738975286483764648e-01,-3.725326955318450928e-01,3.012157678604125977e-01
6.750331819057464600e-02,7.739781737327575684e-01,-3.724505901336669922e-01,3.011634647846221924e-01
6.725261360406875610e-02,7.740586996078491211e-01,-3.723683655261993408e-01,3.011110424995422363e-01
6.700208038091659546e-02,7.741392254829406738e-01,-3.722862005233764648e-01,3.010587692260742188e-01
6.675157696008682251e-02,7.742198109626770020e-01,-3.722041249275207520e-01,3.010065257549285889e-01
6.650099903345108032e-02,7.743004560470581055e-01,-3.721219599246978760e-01,3.009542822837829590e-01
6.625053286552429199e-02,7.743809223175048828e-01,-3.720397949218750000e-01,3.009019196033477783e-01
6.600001454353332520e-02,7.744612097740173340e-01,-3.719575703144073486e-01,3.008495867252349854e-01
6.574966758489608765e-02,7.745416760444641113e-01,-3.718756139278411865e-01,3.007974028587341309e-01
6.549933552742004395e-02,7.746219038963317871e-01,-3.717933297157287598e-01,3.007449507713317871e-01
6.524895131587982178e-02,7.747020125389099121e-01,-3.717111647129058838e-01,3.006925880908966064e-01
6.499862670898437500e-02,7.747820615768432617e-01,-3.716289401054382324e-01,3.006401658058166504e-01
6.474843621253967285e-02,7.748621106147766113e-01,-3.715468049049377441e-01,3.005878925323486328e-01
6.449824571609497070e-02,7.749422788619995117e-01,-3.714647293090820312e-01,3.005355596542358398e-01
6.424799561500549316e-02,7.750220894813537598e-01,-3.713825345039367676e-01,3.004831075668334961e-01
6.399785727262496948e-02,7.751021981239318848e-01,-3.713004887104034424e-01,3.004308044910430908e-01
6.374783813953399658e-02,7.751822471618652344e-01,-3.712182641029357910e-01,3.003785610198974609e-01
6.349776685237884521e-02,7.752618789672851562e-01,-3.711361289024353027e-01,3.003260493278503418e-01
6.324779987335205078e-02,7.753415107727050781e-01,-3.710540831089019775e-01,3.002737462520599365e-01
6.299783289432525635e-02,7.754212617874145508e-01,-3.709719777107238770e-01,3.002214431762695312e-01
6.274789571762084961e-02,7.755008935928344727e-01,-3.708897531032562256e-01,3.001690208911895752e-01
6.249801442027091980e-02,7.755804657936096191e-01,-3.708077073097229004e-01,3.001166582107543945e-01
6.224814057350158691e-02,7.756599783897399902e-01,-3.707255423069000244e-01,3.000642657279968262e-01
6.199836730957031250e-02,7.757395505905151367e-01,-3.706434369087219238e-01,3.000118434429168701e-01
6.174858659505844116e-02,7.758188247680664062e-01,-3.705612421035766602e-01,2.999593913555145264e-01
6.149885058403015137e-02,7.758980989456176758e-01,-3.704791367053985596e-01,2.999069690704345703e-01
6.124933809041976929e-02,7.759776115417480469e-01,-3.703972101211547852e-01,2.998547554016113281e-01
6.099954247474670410e-02,7.760567665100097656e-01,-3.703149259090423584e-01,2.998021245002746582e-01
6.075000762939453125e-02,7.761361598968505859e-01,-3.702329397201538086e-01,2.997499108314514160e-01
6.050037965178489685e-02,7.762152552604675293e-01,-3.701508045196533203e-01,2.996974289417266846e-01
6.025090068578720093e-02,7.762945294380187988e-01,-3.700687587261199951e-01,2.996450662612915039e-01
6.000143289566040039e-02,7.763736248016357422e-01,-3.699866533279418945e-01,2.995926439762115479e-01
5.975204706192016602e-02,7.764522433280944824e-01,-3.699045777320861816e-01,2.995401620864868164e-01
5.950265377759933472e-02,7.765312790870666504e-01,-3.698225617408752441e-01,2.994878590106964111e-01
5.925332382321357727e-02,7.766101360321044922e-01,-3.697404265403747559e-01,2.994353771209716797e-01
5.900388956069946289e-02,7.766887545585632324e-01,-3.696582019329071045e-01,2.993828356266021729e-01
5.875463783740997314e-02,7.767674326896667480e-01,-3.695761561393737793e-01,2.993304729461669922e-01
5.850553512573242188e-02,7.768462300300598145e-01,-3.694942891597747803e-01,2.992782294750213623e-01
5.825624614953994751e-02,7.769247293472290039e-01,-3.694121539592742920e-01,2.992255985736846924e-01
5.800708383321762085e-02,7.770031690597534180e-01,-3.693300485610961914e-01,2.991731464862823486e-01
5.775804072618484497e-02,7.770816683769226074e-01,-3.692480027675628662e-01,2.991207540035247803e-01
5.750893056392669678e-02,7.771601080894470215e-01,-3.691659569740295410e-01,2.990683317184448242e-01
5.725979059934616089e-02,7.772385478019714355e-01,-3.690837621688842773e-01,2.990158200263977051e-01
5.701084434986114502e-02,7.773168683052062988e-01,-3.690018355846405029e-01,2.989633977413177490e-01
5.676197260618209839e-02,7.773950099945068359e-01,-3.689198493957519531e-01,2.989109456539154053e-01
5.651295930147171021e-02,7.774732708930969238e-01,-3.688377737998962402e-01,2.988584935665130615e-01
5.626416951417922974e-02,7.775514721870422363e-01,-3.687558770179748535e-01,2.988060712814331055e-01
5.601522326469421387e-02,7.776294350624084473e-01,-3.686735332012176514e-01,2.987534999847412109e-01
5.576653406023979187e-02,7.777075767517089844e-01,-3.685916662216186523e-01,2.987011671066284180e-01
5.551763623952865601e-02,7.777856588363647461e-01,-3.685095012187957764e-01,2.986485660076141357e-01
5.526901781558990479e-02,7.778635621070861816e-01,-3.684276938438415527e-01,2.985962927341461182e-01
5.502045154571533203e-02,7.779414057731628418e-01,-3.683456480503082275e-01,2.985438108444213867e-01
5.477178469300270081e-02,7.780193090438842773e-01,-3.682636618614196777e-01,2.984913885593414307e-01
5.452306196093559265e-02,7.780970931053161621e-01,-3.681815266609191895e-01,2.984387874603271484e-01
5.427464842796325684e-02,7.781746983528137207e-01,-3.680996000766754150e-01,2.983863949775695801e-01
5.402607470750808716e-02,7.782526016235351562e-01,-3.680176734924316406e-01,2.983339726924896240e-01
5.377768725156784058e-02,7.783300876617431641e-01,-3.679358065128326416e-01,2.982814610004425049e-01
5.352926626801490784e-02,7.784075140953063965e-01,-3.678537011146545410e-01,2.982289493083953857e-01
5.328091979026794434e-02,7.784851789474487305e-01,-3.677718341350555420e-01,2.981765270233154297e-01
5.303245410323143005e-02,7.785627245903015137e-01,-3.676896691322326660e-01,2.981239557266235352e-01
5.278414487838745117e-02,7.786399722099304199e-01,-3.676076829433441162e-01,2.980714738368988037e-01
5.253591388463973999e-02,7.787173986434936523e-01,-3.675257563591003418e-01,2.980190813541412354e-01
5.228768289089202881e-02,7.787946462631225586e-01,-3.674439191818237305e-01,2.979665100574493408e-01
5.203938111662864685e-02,7.788716554641723633e-01,-3.673617839813232422e-01,2.979140281677246094e-01
5.179144814610481262e-02,7.789491415023803711e-01,-3.672800362110137939e-01,2.978616356849670410e-01
5.154328420758247375e-02,7.790260910987854004e-01,-3.671980500221252441e-01,2.978091835975646973e-01
5.129512399435043335e-02,7.791033983230590820e-01,-3.671160936355590820e-01,2.977566421031951904e-01
5.104710906744003296e-02,7.791803479194641113e-01,-3.670340776443481445e-01,2.977041602134704590e-01
5.079918354749679565e-02,7.792571187019348145e-01,-3.669522106647491455e-01,2.976515293121337891e-01
5.055127292871475220e-02,7.793341279029846191e-01,-3.668704032897949219e-01,2.975991070270538330e-01
5.030325800180435181e-02,7.794110774993896484e-01,-3.667883276939392090e-01,2.975466251373291016e-01
5.005549266934394836e-02,7.794879078865051270e-01,-3.667065501213073730e-01,2.974941432476043701e-01
4.980760067701339722e-02,7.795646786689758301e-01,-3.666245639324188232e-01,2.974415719509124756e-01
4.955986142158508301e-02,7.796415090560913086e-01,-3.665427565574645996e-01,2.973891794681549072e-01
4.931221157312393188e-02,7.797179222106933594e-01,-3.664608895778656006e-01,2.973366975784301758e-01
4.906444996595382690e-02,7.797943949699401855e-01,-3.663788139820098877e-01,2.972840070724487305e-01
4.881679266691207886e-02,7.798711657524108887e-01,-3.662971258163452148e-01,2.972316145896911621e-01
4.856912046670913696e-02,7.799475193023681641e-01,-3.662151396274566650e-01,2.971790730953216553e-01
4.832155629992485046e-02,7.800241112709045410e-01,-3.661333024501800537e-01,2.971266210079193115e-01
4.807405173778533936e-02,7.801004052162170410e-01,-3.660513758659362793e-01,2.970740199089050293e-01
4.782655090093612671e-02,7.801768183708190918e-01,-3.659695684909820557e-01,2.970216572284698486e-01
4.757906123995780945e-02,7.802528738975524902e-01,-3.658877015113830566e-01,2.969690561294555664e-01
4.733179509639739990e-02,7.803293466567993164e-01,-3.658059239387512207e-01,2.969166934490203857e-01
4.708434641361236572e-02,7.804054617881774902e-01,-3.657240867614746094e-01,2.968641221523284912e-01
4.683687537908554077e-02,7.804815769195556641e-01,-3.656419813632965088e-01,2.968114912509918213e-01
4.658965021371841431e-02,7.805574536323547363e-01,-3.655602037906646729e-01,2.967588901519775391e-01
4.634231328964233398e-02,7.806335687637329102e-01,-3.654784262180328369e-01,2.967064082622528076e-01
4.609512537717819214e-02,7.807093262672424316e-01,-3.653965890407562256e-01,2.966538369655609131e-01
4.584803432226181030e-02,7.807854413986206055e-01,-3.653148710727691650e-01,2.966014742851257324e-01
4.560091346502304077e-02,7.808612585067749023e-01,-3.652329742908477783e-01,2.965489029884338379e-01
4.535366594791412354e-02,7.809368371963500977e-01,-3.651510179042816162e-01,2.964961528778076172e-01
4.510666429996490479e-02,7.810125946998596191e-01,-3.650692999362945557e-01,2.964437603950500488e-01
4.485969990491867065e-02,7.810881137847900391e-01,-3.649874925613403320e-01,2.963912487030029297e-01
4.461277276277542114e-02,7.811638116836547852e-01,-3.649056851863861084e-01,2.963387072086334229e-01
4.436571151018142700e-02,7.812392711639404297e-01,-3.648237586021423340e-01,2.962860763072967529e-01
4.411891102790832520e-02,7.813147306442260742e-01,-3.647421300411224365e-01,2.962336242198944092e-01
4.387208819389343262e-02,7.813901901245117188e-01,-3.646602630615234375e-01,2.961811125278472900e-01
4.362519830465316772e-02,7.814655900001525879e-01,-3.645783960819244385e-01,2.961284518241882324e-01
4.337843134999275208e-02,7.815409898757934570e-01,-3.644966781139373779e-01,2.960759997367858887e-01
4.313173145055770874e-02,7.816161513328552246e-01,-3.644149303436279297e-01,2.960234880447387695e-01
4.288507625460624695e-02,7.816914916038513184e-01,-3.643331825733184814e-01,2.959710359573364258e-01
4.263837635517120361e-02,7.817665338516235352e-01,-3.642514944076538086e-01,2.959183752536773682e-01
4.239178448915481567e-02,7.818416953086853027e-01,-3.641697168350219727e-01,2.958658337593078613e-01
4.214520752429962158e-02,7.819167375564575195e-01,-3.640878796577453613e-01,2.958133220672607422e-01
4.189861938357353210e-02,7.819917201995849609e-01,-3.640060424804687500e-01,2.957607209682464600e-01
4.165214300155639648e-02,7.820670008659362793e-01,-3.639244735240936279e-01,2.957082688808441162e-01
4.140579700469970703e-02,7.821420431137084961e-01,-3.638428449630737305e-01,2.956557571887969971e-01
4.115930199623107910e-02,7.822170257568359375e-01,-3.637611567974090576e-01,2.956031858921051025e-01
4.091296717524528503e-02,7.822921872138977051e-01,-3.636795878410339355e-01,2.955507636070251465e-01
4.066667705774307251e-02,7.823674082756042480e-01,-3.635979890823364258e-01,2.954982817173004150e-01
4.042032733559608459e-02,7.824422121047973633e-01,-3.635162413120269775e-01,2.954456508159637451e-01
4.017401114106178284e-02,7.825173139572143555e-01,-3.634346127510070801e-01,2.953931987285614014e-01
3.992792591452598572e-02,7.825919389724731445e-01,-3.633531630039215088e-01,2.953406572341918945e-01
3.968171030282974243e-02,7.826669216156005859e-01,-3.632713854312896729e-01,2.952880859375000000e-01
3.943547978997230530e-02,7.827415466308593750e-01,-3.631897270679473877e-01,2.952355742454528809e-01
3.918937593698501587e-02,7.828163504600524902e-01,-3.631080687046051025e-01,2.951830327510833740e-01
3.894349187612533569e-02,7.828912138938903809e-01,-3.630267977714538574e-01,2.951307892799377441e-01
3.869736194610595703e-02,7.829658985137939453e-01,-3.629450201988220215e-01,2.950781285762786865e-01
