X0,X1,X2,X3,X4,X5,Y0,Y1,Y2,U0,U1,U2,U3
-2.801023721694946289e-01,5.133865773677825928e-02,7.064811885356903076e-02,-5.680984258651733398e-02,1.687363237142562866e-01,-2.905479371547698975e-01,2.490321695804595947e-01,5.323309302330017090e-01,2.337176203727722168e-01,8.387715229696520725e-01,8.387715229696520725e-01,8.387715229696520725e-01,8.387715229696520725e-01
-2.888694107532501221e-01,5.094863474369049072e-02,7.113524526357650757e-02,-4.885131120681762695e-02,1.771074384450912476e-01,-3.049558699131011963e-01,2.483614087104797363e-01,5.636596083641052246e-01,2.384606897830963135e-01,8.564590634128068647e-01,8.564590634128068647e-01,8.564590634128068647e-01,8.564590634128068647e-01
-2.973091900348663330e-01,4.967132955789566040e-02,7.114656269550323486e-02,-4.126548767089843750e-02,1.864594817161560059e-01,-3.191654682159423828e-01,2.479017078876495361e-01,5.955590009689331055e-01,2.425212860107421875e-01,8.732664887667168641e-01,8.732664887667168641e-01,8.732664887667168641e-01,8.732664887667168641e-01
-3.055393099784851074e-01,4.784221202135086060e-02,7.064110040664672852e-02,-3.387734293937683105e-02,1.964000165462493896e-01,-3.333710432052612305e-01,2.474943250417709351e-01,6.280438303947448730e-01,2.460688650608062744e-01,8.891557965605892955e-01,8.891557965605892955e-01,8.891557965605892955e-01,8.891557965605892955e-01
-3.136574923992156982e-01,4.561825841665267944e-02,6.976148486137390137e-02,-2.654173970222473145e-02,2.068125754594802856e-01,-3.475766181945800781e-01,2.471541166305541992e-01,6.610596179962158203e-01,2.492203563451766968e-01,9.040913905356044999e-01,9.040913905356044999e-01,9.040913905356044999e-01,9.040913905356044999e-01
-3.916097879409790039e-01,4.941543936729431152e-02,6.971877813339233398e-02,3.389924764633178711e-03,2.699383497238159180e-01,-4.459100365638732910e-01,2.910142242908477783e-01,8.751443028450012207e-01,2.915250062942504883e-01,9.180401501157187116e-01,9.180401501157187116e-01,9.180401501157187116e-01,9.180401501157187116e-01
-3.983331918716430664e-01,4.566385596990585327e-02,6.657358258962631226e-02,1.112851500511169434e-02,2.828603982925415039e-01,-4.582427144050598145e-01,2.916879653930664062e-01,9.088000655174255371e-01,2.911571562290191650e-01,9.309714932607593418e-01,9.309714932607593418e-01,9.309714932607593418e-01,9.309714932607593418e-01
-4.048897624015808105e-01,4.212679713964462280e-02,6.307038664817810059e-02,1.878100633621215820e-02,2.955620586872100830e-01,-4.710778892040252686e-01,2.918982505798339844e-01,9.428192377090454102e-01,2.908325791358947754e-01,9.428574326205216849e-01,9.428574326205216849e-01,9.428574326205216849e-01,9.428574326205216849e-01
-4.116322994232177734e-01,3.852941095829010010e-02,5.959878861904144287e-02,2.658998966217041016e-02,3.083919286727905273e-01,-4.839621186256408691e-01,2.922351360321044922e-01,9.771698713302612305e-01,2.905254364013671875e-01,9.536726249259865895e-01,9.536726249259865895e-01,9.536726249259865895e-01,9.536726249259865895e-01
-4.184403717517852783e-01,3.493630886077880859e-02,5.606003105640411377e-02,3.446108102798461914e-02,3.212558627128601074e-01,-4.969905614852905273e-01,2.925386130809783936e-01,1.011799573898315430e+00,2.902345359325408936e-01,9.633944135710799106e-01,9.633944135710799106e-01,9.633944135710799106e-01,9.633944135710799106e-01
-4.253315031528472900e-01,3.132585436105728149e-02,5.247861146926879883e-02,4.239788651466369629e-02,3.341653048992156982e-01,-5.101152658462524414e-01,2.928518354892730713e-01,1.046669006347656250e+00,2.899543046951293945e-01,9.720028643555724823e-01,9.720028643555724823e-01,9.720028643555724823e-01,9.720028643555724823e-01
-4.322876632213592529e-01,2.770267426967620850e-02,4.884985089302062988e-02,5.038103461265563965e-02,3.471015691757202148e-01,-5.233262777328491211e-01,2.931638360023498535e-01,1.081733345985412598e+00,2.896828353404998779e-01,9.794807943766976610e-01,9.794807943766976610e-01,9.794807943766976610e-01,9.794807943766976610e-01
-4.393009841442108154e-01,2.406706660985946655e-02,4.517824947834014893e-02,5.839911103248596191e-02,3.600516021251678467e-01,-5.366041660308837891e-01,2.934772968292236328e-01,1.116948485374450684e+00,2.894188165664672852e-01,9.858137940738402882e-01,9.858137940738402882e-01,9.858137940738402882e-01,9.858137940738402882e-01
-4.463611543178558350e-01,2.042176574468612671e-02,4.146710038185119629e-02,6.643971800804138184e-02,3.729996085166931152e-01,-5.499321222305297852e-01,2.937906980514526367e-01,1.152269363403320312e+00,2.891617715358734131e-01,9.909902424471630500e-01,9.909902424471630500e-01,9.909902424471630500e-01,9.909902424471630500e-01
-4.534589052200317383e-01,1.676987111568450928e-02,3.772068023681640625e-02,7.449153065681457520e-02,3.859295547008514404e-01,-5.632930397987365723e-01,2.941031754016876221e-01,1.187650561332702637e+00,2.889116108417510986e-01,9.950013154872523469e-01,9.950013154872523469e-01,9.950013154872523469e-01,9.950013154872523469e-01
-4.620809853076934814e-01,1.245534420013427734e-02,3.549841046333312988e-02,8.416894078254699707e-02,3.984791636466979980e-01,-5.810406804084777832e-01,2.910358011722564697e-01,1.228822231292724609e+00,2.915578782558441162e-01,9.978409878687641843e-01,9.978409878687641843e-01,9.978409878687641843e-01,9.978409878687641843e-01
-4.693602919578552246e-01,8.556962013244628906e-03,3.173463046550750732e-02,9.234344959259033203e-02,4.116962850093841553e-01,-5.940189361572265625e-01,2.918100953102111816e-01,1.264209508895874023e+00,2.910633087158203125e-01,9.995060279765779487e-01,9.995060279765779487e-01,9.995060279765779487e-01,9.995060279765779487e-01
-4.763653278350830078e-01,4.906840622425079346e-03,2.770330011844635010e-02,1.002947390079498291e-01,4.245576262474060059e-01,-6.073293089866638184e-01,2.921048700809478760e-01,1.299486041069030762e+00,2.906390726566314697e-01,9.999959863481092670e-01,9.999959863481092670e-01,9.999959863481092670e-01,9.999959863481092670e-01
-4.834680557250976562e-01,1.215122640132904053e-03,2.374543249607086182e-02,1.082847416400909424e-01,4.373894929885864258e-01,-6.205193996429443359e-01,2.925232052803039551e-01,1.334649801254272461e+00,2.902334928512573242e-01,9.993131776301424907e-01,9.993131776301424907e-01,9.993131776301424907e-01,9.993131776301424907e-01
-4.905440807342529297e-01,-2.435378730297088623e-03,1.977142691612243652e-02,1.162192523479461670e-01,4.500867724418640137e-01,-6.336931586265563965e-01,2.928918600082397461e-01,1.369640588760375977e+00,2.898582518100738525e-01,9.974626561628112675e-01,9.974626561628112675e-01,9.974626561628112675e-01,9.974626561628112675e-01
-4.976148605346679688e-01,-6.066583096981048584e-03,1.581001281738281250e-02,1.241088509559631348e-01,4.626618325710296631e-01,-6.467981338500976562e-01,2.932593524456024170e-01,1.404418468475341797e+00,2.895069718360900879e-01,9.944521853171389703e-01,9.944521853171389703e-01,9.944521853171389703e-01,9.944521853171389703e-01
-5.046613812446594238e-01,-9.669452905654907227e-03,1.185778528451919556e-02,1.319355070590972900e-01,4.750930070877075195e-01,-6.598267555236816406e-01,2.936114072799682617e-01,1.438938260078430176e+00,2.891799807548522949e-01,9.902922007258274650e-01,9.902922007258274650e-01,9.902922007258274650e-01,9.902922007258274650e-01
-5.116756558418273926e-01,-1.324263960123062134e-02,7.921338081359863281e-03,1.396903395652770996e-01,4.873681664466857910e-01,-6.727591753005981445e-01,2.939511537551879883e-01,1.473156690597534180e+00,2.888759374618530273e-01,9.849957675597353912e-01,9.849957675597353912e-01,9.849957675597353912e-01,9.849957675597353912e-01
-5.186480879783630371e-01,-1.678244024515151978e-02,4.004403948783874512e-03,1.473626792430877686e-01,4.994720816612243652e-01,-6.855794191360473633e-01,2.942772507667541504e-01,1.507031083106994629e+00,2.885946631431579590e-01,9.785785320146864752e-01,9.785785320146864752e-01,9.785785320146864752e-01,9.785785320146864752e-01
-5.255688428878784180e-01,-2.028522640466690063e-02,1.119524240493774414e-04,1.549426913261413574e-01,5.113906860351562500e-01,-6.982712149620056152e-01,2.945889234542846680e-01,1.540519356727600098e+00,2.883356809616088867e-01,9.710586671848775442e-01,9.710586671848775442e-01,9.710586671848775442e-01,9.710586671848775442e-01
-5.333425998687744141e-01,-2.420156449079513550e-02,-1.282297074794769287e-03,1.631184518337249756e-01,5.211111903190612793e-01,-7.142423391342163086e-01,2.911956310272216797e-01,1.575784087181091309e+00,2.916685938835144043e-01,9.624568135101962962e-01,9.624568135101962962e-01,9.624568135101962962e-01,9.624568135101962962e-01
-5.402784347534179688e-01,-2.779838442802429199e-02,-5.140714347362518311e-03,1.706455051898956299e-01,5.329508781433105469e-01,-7.262511849403381348e-01,2.919587492942810059e-01,1.608424663543701172e+00,2.911702096462249756e-01,9.527960139951898721e-01,9.527960139951898721e-01,9.527960139951898721e-01,9.527960139951898721e-01
-5.468545556068420410e-01,-3.112690895795822144e-02,-9.151026606559753418e-03,1.778537034988403320e-01,5.443361401557922363e-01,-7.383925914764404297e-01,2.922666370868682861e-01,1.640506386756896973e+00,2.907558381557464600e-01,9.421016444072416451e-01,9.421016444072416451e-01,9.421016444072416451e-01,9.421016444072416451e-01
-5.534362792968750000e-01,-3.446861356496810913e-02,-1.304309070110321045e-02,1.849917769432067871e-01,5.555394291877746582e-01,-7.502615451812744141e-01,2.926822006702423096e-01,1.672056674957275391e+00,2.903654575347900391e-01,9.304013386706881938e-01,9.304013386706881938e-01,9.304013386706881938e-01,9.304013386706881938e-01
-5.599009990692138672e-01,-3.773169964551925659e-02,-1.689546555280685425e-02,1.919736415147781372e-01,5.664606690406799316e-01,-7.619633078575134277e-01,2.930329144001007080e-01,1.703019738197326660e+00,2.900161743164062500e-01,9.177249096821431529e-01,9.177249096821431529e-01,9.177249096821431529e-01,9.177249096821431529e-01
-5.662755370140075684e-01,-4.094028472900390625e-02,-2.067883312702178955e-02,1.988160610198974609e-01,5.771163702011108398e-01,-7.734463214874267578e-01,2.933726608753204346e-01,1.733366966247558594e+00,2.897010147571563721e-01,9.041042657801666715e-01,9.041042657801666715e-01,9.041042657801666715e-01,9.041042657801666715e-01
-5.725405812263488770e-01,-4.408235847949981689e-02,-2.439733594655990601e-02,2.055043280124664307e-01,5.874875783920288086e-01,-7.847083806991577148e-01,2.936848998069763184e-01,1.763062715530395508e+00,2.894202470779418945e-01,8.895733231096409899e-01,8.895733231096409899e-01,8.895733231096409899e-01,8.895733231096409899e-01
-5.786918401718139648e-01,-4.715731739997863770e-02,-2.804492413997650146e-02,2.120341509580612183e-01,5.975670814514160156e-01,-7.957324981689453125e-01,2.939749360084533691e-01,1.792075395584106445e+00,2.891721129417419434e-01,8.741679141277430842e-01,8.741679141277430842e-01,8.741679141277430842e-01,8.741679141277430842e-01
-5.847201347351074219e-01,-5.016113817691802979e-02,-3.161916509270668030e-02,2.183980643749237061e-01,6.073449254035949707e-01,-8.065071702003479004e-01,2.942415475845336914e-01,1.820374488830566406e+00,2.889552116394042969e-01,8.579256925042896276e-01,8.579256925042896276e-01,8.579256925042896276e-01,8.579256925042896276e-01
-5.906190872192382812e-01,-5.309127271175384521e-02,-3.511627018451690674e-02,2.245901376008987427e-01,6.168130040168762207e-01,-8.170199394226074219e-01,2.944861352443695068e-01,1.847931027412414551e+00,2.887684106826782227e-01,8.408860346744080339e-01,8.408860346744080339e-01,8.408860346744080339e-01,8.408860346744080339e-01
-5.964713096618652344e-01,-5.601422488689422607e-02,-3.588425740599632263e-02,2.305236607789993286e-01,6.229508519172668457e-01,-8.290129303932189941e-01,2.914919257164001465e-01,1.873280167579650879e+00,2.918192148208618164e-01,8.230899383060115149e-01,8.230899383060115149e-01,8.230899383060115149e-01,8.230899383060115149e-01
-6.022391319274902344e-01,-5.894440412521362305e-02,-3.931276872754096985e-02,2.364546060562133789e-01,6.320500969886779785e-01,-8.386634588241577148e-01,2.921255230903625488e-01,1.899348735809326172e+00,2.914331555366516113e-01,8.045799179483850150e-01,8.045799179483850150e-01,8.045799179483850150e-01,8.045799179483850150e-01
-6.076011657714843750e-01,-6.159883737564086914e-02,-4.276046156883239746e-02,2.420477569103240967e-01,6.406663060188293457e-01,-8.482525348663330078e-01,2.923747897148132324e-01,1.924528837203979492e+00,2.911266088485717773e-01,7.853998981313572436e-01,7.853998981313572436e-01,7.853998981313572436e-01,7.853998981313572436e-01
-6.128904819488525391e-01,-6.422421336174011230e-02,-4.605904221534729004e-02,2.474997639656066895e-01,6.489831805229187012e-01,-8.574733734130859375e-01,2.927058935165405273e-01,1.948881864547729492e+00,2.908500432968139648e-01,7.655951041870161511e-01,7.655951041870161511e-01,7.655951041870161511e-01,7.655951041870161511e-01
-6.179982423782348633e-01,-6.673894822597503662e-02,-4.927175492048263550e-02,2.527410089969635010e-01,6.569291353225708008e-01,-8.664158582687377930e-01,2.929719090461730957e-01,1.972369909286499023e+00,2.906152009963989258e-01,7.452119510677520653e-01,7.452119510677520653e-01,7.452119510677520653e-01,7.452119510677520653e-01
-6.229534149169921875e-01,-6.916972994804382324e-02,-5.237510800361633301e-02,2.577884495258331299e-01,6.645259261131286621e-01,-8.750365972518920898e-01,2.932252883911132812e-01,1.994979858398437500e+00,2.904138565063476562e-01,7.242979304355741110e-01,7.242979304355741110e-01,7.242979304355741110e-01,7.242979304355741110e-01
-6.277387738227844238e-01,-7.150535285472869873e-02,-5.537624284625053406e-02,2.626307010650634766e-01,6.717628240585327148e-01,-8.833400011062622070e-01,2.934495806694030762e-01,2.016695261001586914e+00,2.902449071407318115e-01,7.029014962981533499e-01,7.029014962981533499e-01,7.029014962981533499e-01,7.029014962981533499e-01
-6.323542594909667969e-01,-7.374833524227142334e-02,-5.827123299241065979e-02,2.672672867774963379e-01,6.786412596702575684e-01,-8.913143873214721680e-01,2.936528623104095459e-01,2.037503242492675781e+00,2.901052236557006836e-01,6.810719494669207341e-01,6.810719494669207341e-01,6.810719494669207341e-01,6.810719494669207341e-01
-6.367939710617065430e-01,-7.589603960514068604e-02,-6.106041371822357178e-02,2.716941535472869873e-01,6.851587891578674316e-01,-8.989552259445190430e-01,2.938339710235595703e-01,2.057390689849853516e+00,2.899928689002990723e-01,6.588593211117736992e-01,6.588593211117736992e-01,6.588593211117736992e-01,6.588593211117736992e-01
-6.410549879074096680e-01,-7.794781029224395752e-02,-6.374249607324600220e-02,2.759099304676055908e-01,6.913157105445861816e-01,-9.062562584877014160e-01,2.939956784248352051e-01,2.076349020004272461e+00,2.899051904678344727e-01,6.363142556855732046e-01,6.363142556855732046e-01,6.363142556855732046e-01,6.363142556855732046e-01
-6.444176435470581055e-01,-7.952594757080078125e-02,-6.411041319370269775e-02,2.793316543102264404e-01,6.938501000404357910e-01,-9.130977392196655273e-01,2.918833494186401367e-01,2.090068578720092773e+00,2.919510304927825928e-01,6.134878934896142999e-01,6.134878934896142999e-01,6.134878934896142999e-01,6.134878934896142999e-01
-6.484508514404296875e-01,-8.155745267868041992e-02,-6.672817468643188477e-02,2.831062078475952148e-01,6.994853019714355469e-01,-9.195132851600646973e-01,2.923212945461273193e-01,2.107252359390258789e+00,2.917161881923675537e-01,5.904317531486773518e-01,5.904317531486773518e-01,5.904317531486773518e-01,5.904317531486773518e-01
-6.520813107490539551e-01,-8.332255482673645020e-02,-6.923669576644897461e-02,2.866021394729614258e-01,7.046887278556823730e-01,-9.257172346115112305e-01,2.924830615520477295e-01,2.123401165008544922e+00,2.915413677692413330e-01,5.671976142611104832e-01,5.671976142611104832e-01,5.671976142611104832e-01,5.671976142611104832e-01
-6.555879712104797363e-01,-8.501246571540832520e-02,-7.159228622913360596e-02,2.899348735809326172e-01,7.095371484756469727e-01,-9.315348863601684570e-01,2.926951050758361816e-01,2.138614177703857422e+00,2.913984060287475586e-01,5.438374004856629806e-01,5.438374004856629806e-01,5.438374004856629806e-01,5.438374004856629806e-01
-6.588909029960632324e-01,-8.657763898372650146e-02,-7.383494079113006592e-02,2.930561304092407227e-01,7.140063047409057617e-01,-9.370229244232177734e-01,2.928613424301147461e-01,2.152873992919921875e+00,2.912867963314056396e-01,5.204030633225599223e-01,5.204030633225599223e-01,5.204030633225599223e-01,5.204030633225599223e-01
-6.620130538940429688e-01,-8.804309368133544922e-02,-7.595411688089370728e-02,2.959751486778259277e-01,7.181190848350524902e-01,-9.421564340591430664e-01,2.930186390876770020e-01,2.166188716888427734e+00,2.911987900733947754e-01,4.969464668414841912e-01,4.969464668414841912e-01,4.969464668414841912e-01,4.969464668414841912e-01
-6.649441123008728027e-01,-8.940385282039642334e-02,-7.795840501785278320e-02,2.986848056316375732e-01,7.218769192695617676e-01,-9.469435214996337891e-01,2.931557893753051758e-01,2.178561687469482422e+00,2.911316156387329102e-01,4.735192736038926209e-01,4.735192736038926209e-01,4.735192736038926209e-01,4.735192736038926209e-01
-6.676866412162780762e-01,-9.066513180732727051e-02,-7.984764128923416138e-02,3.011866211891174316e-01,7.252889275550842285e-01,-9.513808488845825195e-01,2.932793498039245605e-01,2.189999580383300781e+00,2.910814285278320312e-01,4.501728320212771139e-01,4.501728320212771139e-01,4.501728320212771139e-01,4.501728320212771139e-01
-6.702394485473632812e-01,-9.182715415954589844e-02,-8.162435144186019897e-02,3.034808039665222168e-01,7.283608913421630859e-01,-9.554713964462280273e-01,2.933886945247650146e-01,2.200511455535888672e+00,2.910459041595458984e-01,4.269580653847872553e-01,4.269580653847872553e-01,4.269580653847872553e-01,4.269580653847872553e-01
-6.726037263870239258e-01,-9.289185702800750732e-02,-8.328966051340103149e-02,3.055692911148071289e-01,7.311003208160400391e-01,-9.592168331146240234e-01,2.934860587120056152e-01,2.210106372833251953e+00,2.910228967666625977e-01,4.039253627949377923e-01,4.039253627949377923e-01,4.039253627949377923e-01,4.039253627949377923e-01
-6.735258698463439941e-01,-9.311845898628234863e-02,-8.323282748460769653e-02,3.065927028656005859e-01,7.304238677024841309e-01,-9.610593318939208984e-01,2.922903895378112793e-01,2.212759494781494141e+00,2.920213341712951660e-01,3.811244722130276985e-01,3.811244722130276985e-01,3.811244722130276985e-01,3.811244722130276985e-01
-6.756353974342346191e-01,-9.419789910316467285e-02,-8.486971259117126465e-02,3.081562817096710205e-01,7.326520085334777832e-01,-9.640346765518188477e-01,2.925444245338439941e-01,2.220684289932250977e+00,2.918919324874877930e-01,3.586043958484334548e-01,3.586043958484334548e-01,3.586043958484334548e-01,3.586043958484334548e-01
-6.773879528045654297e-01,-9.503263235092163086e-02,-8.630759268999099731e-02,3.095459938049316406e-01,7.345566749572753906e-01,-9.667347073554992676e-01,2.926303148269653320e-01,2.227632284164428711e+00,2.918003797531127930e-01,3.364132880880504328e-01,3.364132880880504328e-01,3.364132880880504328e-01,3.364132880880504328e-01
-6.790052652359008789e-01,-9.576472640037536621e-02,-8.761333674192428589e-02,3.107967376708984375e-01,7.361274361610412598e-01,-9.691045284271240234e-01,2.927387952804565430e-01,2.233735799789428711e+00,2.917376458644866943e-01,3.145983561659714267e-01,3.145983561659714267e-01,3.145983561659714267e-01,3.145983561659714267e-01
-6.804400682449340820e-01,-9.638316929340362549e-02,-8.880147337913513184e-02,3.118790388107299805e-01,7.373860478401184082e-01,-9.711655378341674805e-01,2.928263247013092041e-01,2.238996267318725586e+00,2.916930317878723145e-01,2.932057637629413294e-01,2.932057637629413294e-01,2.932057637629413294e-01,2.932057637629413294e-01
-6.817054748535156250e-01,-9.690669178962707520e-02,-8.987691253423690796e-02,3.127923011779785156e-01,7.383528351783752441e-01,-9.729148149490356445e-01,2.929084002971649170e-01,2.243438720703125000e+00,2.916600108146667480e-01,2.722805377163055596e-01,2.722805377163055596e-01,2.722805377163055596e-01,2.722805377163055596e-01
-6.827993392944335938e-01,-9.733900427818298340e-02,-9.084706753492355347e-02,3.135340213775634766e-01,7.390406727790832520e-01,-9.743618965148925781e-01,2.929802238941192627e-01,2.247085571289062500e+00,2.916348576545715332e-01,2.518664780120543623e-01,2.518664780120543623e-01,2.518664780120543623e-01,2.518664780120543623e-01
-6.837266087532043457e-01,-9.768623113632202148e-02,-9.171517938375473022e-02,3.141074180603027344e-01,7.394632697105407715e-01,-9.755128622055053711e-01,2.930451035499572754e-01,2.249960422515869141e+00,2.916147708892822266e-01,2.320060712212075327e-01,2.320060712212075327e-01,2.320060712212075327e-01,2.320060712212075327e-01
-6.844902038574218750e-01,-9.795185923576354980e-02,-9.248509258031845093e-02,3.145160079002380371e-01,7.396326065063476562e-01,-9.763769507408142090e-01,2.931023836135864258e-01,2.252088546752929688e+00,2.915979027748107910e-01,2.127404075332052780e-01,2.127404075332052780e-01,2.127404075332052780e-01,2.127404075332052780e-01
-6.850949525833129883e-01,-9.813964366912841797e-02,-9.315959364175796509e-02,3.147655129432678223e-01,7.395610213279724121e-01,-9.769631028175354004e-01,2.931535840034484863e-01,2.253497123718261719e+00,2.915827631950378418e-01,1.941091015291737665e-01,1.941091015291737665e-01,1.941091015291737665e-01,1.941091015291737665e-01
-6.841714382171630859e-01,-9.729899466037750244e-02,-9.250921756029129028e-02,3.138772249221801758e-01,7.364341020584106445e-01,-9.751102328300476074e-01,2.926175594329833984e-01,2.247680902481079102e+00,2.920263409614562988e-01,1.761502168279885927e-01,1.761502168279885927e-01,1.761502168279885927e-01,1.761502168279885927e-01
-6.845747828483581543e-01,-9.757013618946075439e-02,-9.319756180047988892e-02,3.136486709117889404e-01,7.360229492187500000e-01,-9.751263260841369629e-01,2.927614450454711914e-01,2.247857570648193359e+00,2.919198274612426758e-01,1.589001947279347071e-01,1.589001947279347071e-01,1.589001947279347071e-01,1.589001947279347071e-01
-6.846846938133239746e-01,-9.761556982994079590e-02,-9.367348998785018921e-02,3.133516311645507812e-01,7.354083061218261719e-01,-9.749236106872558594e-01,2.927886843681335449e-01,2.247300386428833008e+00,2.918386757373809814e-01,1.423937869565380376e-01,1.423937869565380376e-01,1.423937869565380376e-01,1.423937869565380376e-01
-6.846994161605834961e-01,-9.757192432880401611e-02,-9.404460340738296509e-02,3.129787147045135498e-01,7.345564961433410645e-01,-9.744935631752014160e-01,2.928329706192016602e-01,2.246155977249145508e+00,2.917819023132324219e-01,1.266639926307915331e-01,1.266639926307915331e-01,1.266639926307915331e-01,1.266639926307915331e-01
-6.845821738243103027e-01,-9.744267165660858154e-02,-9.431730955839157104e-02,3.125061690807342529e-01,7.335087060928344727e-01,-9.738481640815734863e-01,2.928672730922698975e-01,2.244439125061035156e+00,2.917350530624389648e-01,1.117419995196012317e-01,1.117419995196012317e-01,1.117419995196012317e-01,1.117419995196012317e-01
-6.843441128730773926e-01,-9.724591672420501709e-02,-9.450312703847885132e-02,3.119304478168487549e-01,7.322860956192016602e-01,-9.729954004287719727e-01,2.928984463214874268e-01,2.242187023162841797e+00,2.916925549507141113e-01,9.765712968979645137e-02,9.765712968979645137e-02,9.765712968979645137e-02,9.765712968979645137e-02
-6.839879751205444336e-01,-9.698916971683502197e-02,-9.460935741662979126e-02,3.112522065639495850e-01,7.309063076972961426e-01,-9.719481468200683594e-01,2.929236888885498047e-01,2.239433765411376953e+00,2.916511595249176025e-01,8.443678960656647581e-02,8.443678960656647581e-02,8.443678960656647581e-02,8.443678960656647581e-02
-6.835205554962158203e-01,-9.667962789535522461e-02,-9.464096277952194214e-02,3.104762136936187744e-01,7.293857336044311523e-01,-9.707183241844177246e-01,2.929441928863525391e-01,2.236214876174926758e+00,2.916090190410614014e-01,7.210642474867884344e-02,7.210642474867884344e-02,7.210642474867884344e-02,7.210642474867884344e-02
-6.829477548599243164e-01,-9.632208943367004395e-02,-9.460253268480300903e-02,3.096087276935577393e-01,7.277391552925109863e-01,-9.693194627761840820e-01,2.929593920707702637e-01,2.232566356658935547e+00,2.915651798248291016e-01,6.068947878835417864e-02,6.068947878835417864e-02,6.068947878835417864e-02,6.068947878835417864e-02
-6.822767257690429688e-01,-9.592145681381225586e-02,-9.449788182973861694e-02,3.086572885513305664e-01,7.259815335273742676e-01,-9.677652716636657715e-01,2.929698526859283447e-01,2.228524446487426758e+00,2.915189862251281738e-01,5.020735737523912556e-02,5.020735737523912556e-02,5.020735737523912556e-02,5.020735737523912556e-02
-6.804522275924682617e-01,-9.447771310806274414e-02,-9.321727603673934937e-02,3.066854774951934814e-01,7.215986847877502441e-01,-9.641925096511840820e-01,2.927872240543365479e-01,2.218365430831909180e+00,2.919960618019104004e-01,4.067939655353264294e-02,4.067939655353264294e-02,4.067939655353264294e-02,4.067939655353264294e-02
-6.797043085098266602e-01,-9.424835443496704102e-02,-9.314773231744766235e-02,3.054186105728149414e-01,7.197979688644409180e-01,-9.622939825057983398e-01,2.929130792617797852e-01,2.213745832443237305e+00,2.918499410152435303e-01,3.212283583103670015e-02,3.212283583103670015e-02,3.212283583103670015e-02,3.212283583103670015e-02
-6.787201166152954102e-01,-9.379819035530090332e-02,-9.294892102479934692e-02,3.041563332080841064e-01,7.178849577903747559e-01,-9.603534936904907227e-01,2.928832173347473145e-01,2.208765745162963867e+00,2.917288243770599365e-01,2.455279590870973472e-02,2.455279590870973472e-02,2.455279590870973472e-02,2.455279590870973472e-02
-6.777302622795104980e-01,-9.331667423248291016e-02,-9.266067296266555786e-02,3.029089570045471191e-01,7.158865928649902344e-01,-9.583021402359008789e-01,2.929005622863769531e-01,2.203557252883911133e+00,2.916305065155029297e-01,1.798226106924899481e-02,1.798226106924899481e-02,1.798226106924899481e-02,1.798226106924899481e-02
-6.766693592071533203e-01,-9.278078377246856689e-02,-9.231469780206680298e-02,3.016403913497924805e-01,7.138258218765258789e-01,-9.561840295791625977e-01,2.928939461708068848e-01,2.198140621185302734e+00,2.915408909320831299e-01,1.242206621330255167e-02,1.242206621330255167e-02,1.242206621330255167e-02,1.242206621330255167e-02
-6.755651235580444336e-01,-9.222207963466644287e-02,-9.191323071718215942e-02,3.003545999526977539e-01,7.117317914962768555e-01,-9.539970159530639648e-01,2.928895354270935059e-01,2.192559957504272461e+00,2.914556264877319336e-01,7.880888522174334110e-03,7.880888522174334110e-03,7.880888522174334110e-03,7.880888522174334110e-03
-6.744148135185241699e-01,-9.164258837699890137e-02,-9.146807342767715454e-02,2.990505695343017578e-01,7.096198797225952148e-01,-9.517616033554077148e-01,2.928758263587951660e-01,2.186852931976318359e+00,2.913717627525329590e-01,4.365243716313083056e-03,4.365243716313083056e-03,4.365243716313083056e-03,4.365243716313083056e-03
-6.732294559478759766e-01,-9.105217456817626953e-02,-9.098301082849502563e-02,2.977352142333984375e-01,7.075073719024658203e-01,-9.494894146919250488e-01,2.928573787212371826e-01,2.181059122085571289e+00,2.912884354591369629e-01,1.879486869511726166e-03,1.879486869511726166e-03,1.879486869511726166e-03,1.879486869511726166e-03
-6.720149517059326172e-01,-9.045478701591491699e-02,-9.046361595392227173e-02,2.964152693748474121e-01,7.054086923599243164e-01,-9.471964240074157715e-01,2.928318977355957031e-01,2.175216197967529297e+00,2.912048995494842529e-01,4.258177296033727188e-04,4.258177296033727188e-04,4.258177296033727188e-04,4.258177296033727188e-04
-6.707797050476074219e-01,-8.985574543476104736e-02,-8.991385251283645630e-02,2.950989305973052979e-01,7.033384442329406738e-01,-9.448969364166259766e-01,2.928004264831542969e-01,2.169364452362060547e+00,2.911211252212524414e-01,4.290487521096952861e-06,4.290487521096952861e-06,4.290487521096952861e-06,4.290487521096952861e-06
-6.691041588783264160e-01,-8.833514153957366943e-02,-8.826538175344467163e-02,2.930904924869537354e-01,6.992524266242980957e-01,-9.417092800140380859e-01,2.927733659744262695e-01,2.159721136093139648e+00,2.919670641422271729e-01,6.128279279306036997e-04,6.128279279306036997e-04,6.128279279306036997e-04,6.128279279306036997e-04
-6.679586172103881836e-01,-8.800756931304931641e-02,-8.773962408304214478e-02,2.916839718818664551e-01,6.974961161613464355e-01,-9.392732977867126465e-01,2.929485142230987549e-01,2.154015064239501953e+00,2.917634248733520508e-01,2.247239886249252638e-03,2.247239886249252638e-03,2.247239886249252638e-03,2.247239886249252638e-03
-6.666142344474792480e-01,-8.744436502456665039e-02,-8.724797517061233521e-02,2.903143763542175293e-01,6.956673860549926758e-01,-9.370529055595397949e-01,2.928469181060791016e-01,2.148372888565063477e+00,2.915937304496765137e-01,4.901245928737807400e-03,4.901245928737807400e-03,4.901245928737807400e-03,4.901245928737807400e-03
-6.653856039047241211e-01,-8.693560957908630371e-02,-8.666462451219558716e-02,2.890640497207641602e-01,6.939263343811035156e-01,-9.348247647285461426e-01,2.928556799888610840e-01,2.142885208129882812e+00,2.914483845233917236e-01,8.566502164530864771e-03,8.566502164530864771e-03,8.566502164530864771e-03,8.566502164530864771e-03
-6.641417145729064941e-01,-8.639641106128692627e-02,-8.607838302850723267e-02,2.878661155700683594e-01,6.922460794448852539e-01,-9.327005147933959961e-01,2.928061485290527344e-01,2.137570381164550781e+00,2.913151979446411133e-01,1.323263209093983317e-02,1.323263209093983317e-02,1.323263209093983317e-02,1.323263209093983317e-02
-6.629447937011718750e-01,-8.588565886020660400e-02,-8.546761423349380493e-02,2.867403924465179443e-01,6.906713247299194336e-01,-9.306474924087524414e-01,2.927705347537994385e-01,2.132472753524780273e+00,2.911905944347381592e-01,1.888726136615076490e-02,1.888726136615076490e-02,1.888726136615076490e-02,1.888726136615076490e-02
-6.617757081985473633e-01,-8.539137244224548340e-02,-8.485385030508041382e-02,2.856790423393249512e-01,6.892070770263671875e-01,-9.286982417106628418e-01,2.927166819572448730e-01,2.127624511718750000e+00,2.910716831684112549e-01,2.551605639655607494e-02,2.551605639655607494e-02,2.551605639655607494e-02,2.551605639655607494e-02
-6.606522798538208008e-01,-8.492828905582427979e-02,-8.423648029565811157e-02,2.846915721893310547e-01,6.878720521926879883e-01,-9.268569946289062500e-01,2.926583290100097656e-01,2.123062133789062500e+00,2.909577488899230957e-01,3.310276661939792753e-02,3.310276661939792753e-02,3.310276661939792753e-02,3.310276661939792753e-02
-6.595765352249145508e-01,-8.449724316596984863e-02,-8.362295478582382202e-02,2.837822139263153076e-01,6.866767406463623047e-01,-9.251405596733093262e-01,2.925898432731628418e-01,2.118818759918212891e+00,2.908480167388916016e-01,4.162927035519697894e-02,4.162927035519697894e-02,4.162927035519697894e-02,4.162927035519697894e-02
-6.585576534271240234e-01,-8.410391211509704590e-02,-8.301649242639541626e-02,2.829586565494537354e-01,6.856337785720825195e-01,-9.235602617263793945e-01,2.925134301185607910e-01,2.114928483963012695e+00,2.907425761222839355e-01,5.107562409856930552e-02,5.107562409856930552e-02,5.107562409856930552e-02,5.107562409856930552e-02
-6.579625010490417480e-01,-8.297231793403625488e-02,-8.150520175695419312e-02,2.819695174694061279e-01,6.834511756896972656e-01,-9.225401878356933594e-01,2.926104366779327393e-01,2.110380887985229492e+00,2.919563949108123779e-01,6.142011511053974138e-02,6.142011511053974138e-02,6.142011511053974138e-02,6.142011511053974138e-02
-6.572068929672241211e-01,-8.296127617359161377e-02,-8.089178055524826050e-02,2.812748849391937256e-01,6.830659508705139160e-01,-9.209813475608825684e-01,2.928630113601684570e-01,2.107290983200073242e+00,2.917080819606781006e-01,7.263931717030447377e-02,7.263931717030447377e-02,7.263931717030447377e-02,7.263931717030447377e-02
-6.562643647193908691e-01,-8.267553150653839111e-02,-8.050594478845596313e-02,2.806186079978942871e-01,6.825941801071166992e-01,-9.199142456054687500e-01,2.926745414733886719e-01,2.104647874832153320e+00,2.915099263191223145e-01,8.470814933963283222e-02,8.470814933963283222e-02,8.470814933963283222e-02,8.470814933963283222e-02
-6.555606126785278320e-01,-8.253021538257598877e-02,-8.001672476530075073e-02,2.801822423934936523e-01,6.823662519454956055e-01,-9.189125299453735352e-01,2.926752567291259766e-01,2.102491378784179688e+00,2.913368344306945801e-01,9.759993758868484859e-02,9.759993758868484859e-02,9.759993758868484859e-02,9.759993758868484859e-02
-6.548868417739868164e-01,-8.236928284168243408e-02,-7.958001643419265747e-02,2.798567712306976318e-01,6.822912693023681641e-01,-9.181669354438781738e-01,2.925791740417480469e-01,2.100830078125000000e+00,2.911806106567382812e-01,1.112864791279969401e-01,1.112864791279969401e-01,1.112864791279969401e-01,1.112864791279969401e-01
-6.543400287628173828e-01,-8.228008449077606201e-02,-7.914780825376510620e-02,2.796792685985565186e-01,6.824315190315246582e-01,-9.176076650619506836e-01,2.925099134445190430e-01,2.099702835083007812e+00,2.910367250442504883e-01,1.257381092877418727e-01,1.257381092877418727e-01,1.257381092877418727e-01,1.257381092877418727e-01
-6.538842916488647461e-01,-8.223655819892883301e-02,-7.875090092420578003e-02,2.796325087547302246e-01,6.827793717384338379e-01,-9.172766208648681641e-01,2.924152612686157227e-01,2.099129438400268555e+00,2.909026741981506348e-01,1.409237707820796270e-01,1.409237707820796270e-01,1.409237707820796270e-01,1.409237707820796270e-01
-6.535413265228271484e-01,-8.225703239440917969e-02,-7.838446646928787231e-02,2.797268629074096680e-01,6.833527088165283203e-01,-9.171685576438903809e-01,2.923173308372497559e-01,2.099136829376220703e+00,2.907767891883850098e-01,1.568110851935499706e-01,1.568110851935499706e-01,1.568110851935499706e-01,1.568110851935499706e-01
-6.533091068267822266e-01,-8.233913779258728027e-02,-7.805693894624710083e-02,2.799629569053649902e-01,6.841564178466796875e-01,-9.172977805137634277e-01,2.922074496746063232e-01,2.099747180938720703e+00,2.906585633754730225e-01,1.733664265099194579e-01,1.733664265099194579e-01,1.733664265099194579e-01,1.733664265099194579e-01
-6.531953811645507812e-01,-8.248808979988098145e-02,-7.777049392461776733e-02,2.803462147712707520e-01,6.851993203163146973e-01,-9.176698327064514160e-01,2.920904755592346191e-01,2.100982427597045898e+00,2.905470728874206543e-01,1.905549965437757232e-01,1.905549965437757232e-01,1.905549965437757232e-01,1.905549965437757232e-01
-6.543413996696472168e-01,-8.205908536911010742e-02,-7.691640406847000122e-02,2.812066078186035156e-01,6.861492991447448730e-01,-9.200204014778137207e-01,2.923806905746459961e-01,2.104895353317260742e+00,2.919576764106750488e-01,2.083409020634088837e-01,2.083409020634088837e-01,2.083409020634088837e-01,2.083409020634088837e-01
-6.546416878700256348e-01,-8.270786702632904053e-02,-7.659790664911270142e-02,2.818765640258789062e-01,6.881206035614013672e-01,-9.204944372177124023e-01,2.927197813987731934e-01,2.107403039932250977e+00,2.916737794876098633e-01,2.266872334621203855e-01,2.266872334621203855e-01,2.266872334621203855e-01,2.266872334621203855e-01
-6.547359824180603027e-01,-8.301395177841186523e-02,-7.667348533868789673e-02,2.825635671615600586e-01,6.899440288543701172e-01,-9.216970205307006836e-01,2.924492359161376953e-01,2.110615015029907227e+00,2.914661169052124023e-01,2.455561447921185692e-01,2.455561447921185692e-01,2.455561447921185692e-01,2.455561447921185692e-01
-6.551660299301147461e-01,-8.352610468864440918e-02,-7.663477212190628052e-02,2.835522890090942383e-01,6.921207904815673828e-01,-9.229971766471862793e-01,2.924421131610870361e-01,2.114536285400390625e+00,2.912771105766296387e-01,2.649089349884871658e-01,2.649089349884871658e-01,2.649089349884871658e-01,2.649089349884871658e-01
-6.556560993194580078e-01,-8.402690291404724121e-02,-7.669188082218170166e-02,2.846864163875579834e-01,6.944965720176696777e-01,-9.246562123298645020e-01,2.923091053962707520e-01,2.119157552719116211e+00,2.911107838153839111e-01,2.847061301084621854e-01,2.847061301084621854e-01,2.847061301084621854e-01,2.847061301084621854e-01
-6.563261747360229492e-01,-8.462455868721008301e-02,-7.677751779556274414e-02,2.860175669193267822e-01,6.971496343612670898e-01,-9.265701174736022949e-01,2.922145724296569824e-01,2.124506235122680664e+00,2.909564673900604248e-01,3.049075664113184425e-01,3.049075664113184425e-01,3.049075664113184425e-01,3.049075664113184425e-01
-6.571282148361206055e-01,-8.528377115726470947e-02,-7.692819833755493164e-02,2.875183820724487305e-01,7.000597119331359863e-01,-9.287852644920349121e-01,2.920919060707092285e-01,2.130586862564086914e+00,2.908133566379547119e-01,3.254724741046039482e-01,3.254724741046039482e-01,3.254724741046039482e-01,3.254724741046039482e-01
-6.580844521522521973e-01,-8.602426946163177490e-02,-7.713606953620910645e-02,2.891981303691864014e-01,7.032426595687866211e-01,-9.312866330146789551e-01,2.919695377349853516e-01,2.137413024902343750e+00,2.906785011291503906e-01,3.463595615832422703e-01,3.463595615832422703e-01,3.463595615832422703e-01,3.463595615832422703e-01
-6.591882705688476562e-01,-8.684118092060089111e-02,-7.740960270166397095e-02,2.910528182983398438e-01,7.066970467567443848e-01,-9.340837597846984863e-01,2.918369174003601074e-01,2.144990444183349609e+00,2.905506789684295654e-01,3.675270999891330215e-01,3.675270999891330215e-01,3.675270999891330215e-01,3.675270999891330215e-01
-6.604447364807128906e-01,-8.773855865001678467e-02,-7.774962484836578369e-02,2.930846512317657471e-01,7.104268074035644531e-01,-9.371755719184875488e-01,2.916993498802185059e-01,2.153326034545898438e+00,2.904286384582519531e-01,3.889330079203496826e-01,3.889330079203496826e-01,3.889330079203496826e-01,3.889330079203496826e-01
-6.636412143707275391e-01,-8.815458416938781738e-02,-7.782465964555740356e-02,2.962042391300201416e-01,7.149764299392700195e-01,-9.434407353401184082e-01,2.921796143054962158e-01,2.167194843292236328e+00,2.919539213180541992e-01,4.105349361207769610e-01,4.105349361207769610e-01,4.105349361207769610e-01,4.105349361207769610e-01
-6.654196977615356445e-01,-8.965443074703216553e-02,-7.813297957181930542e-02,2.986003756523132324e-01,7.197933793067932129e-01,-9.466133713722229004e-01,2.926268279552459717e-01,2.177018880844116211e+00,2.916120290756225586e-01,4.322903519831498009e-01,4.322903519831498009e-01,4.322903519831498009e-01,4.322903519831498009e-01
-6.669389009475708008e-01,-9.072294831275939941e-02,-7.893741875886917114e-02,3.009651601314544678e-01,7.243655323982238770e-01,-9.506745338439941406e-01,2.923137247562408447e-01,2.187624692916870117e+00,2.913851141929626465e-01,4.541566237008248796e-01,4.541566237008248796e-01,4.541566237008248796e-01,4.541566237008248796e-01
-6.688484549522399902e-01,-9.203542768955230713e-02,-7.962086051702499390e-02,3.036801815032958984e-01,7.293384671211242676e-01,-9.548176527023315430e-01,2.923233509063720703e-01,2.199018239974975586e+00,2.911617159843444824e-01,4.760911039063213113e-01,4.760911039063213113e-01,4.760911039063213113e-01,4.760911039063213113e-01
-6.708265542984008789e-01,-9.332877397537231445e-02,-8.042384684085845947e-02,3.065444827079772949e-01,7.345017790794372559e-01,-9.593573808670043945e-01,2.921894788742065430e-01,2.211161851882934570e+00,2.909678816795349121e-01,4.980512126376200333e-01,4.980512126376200333e-01,4.980512126376200333e-01,4.980512126376200333e-01
-6.730028390884399414e-01,-9.472353756427764893e-02,-8.126924186944961548e-02,3.096200227737426758e-01,7.399472594261169434e-01,-9.641626477241516113e-01,2.921030521392822266e-01,2.224072456359863281e+00,2.907826006412506104e-01,5.199945194764961087e-01,5.199945194764961087e-01,5.199945194764961087e-01,5.199945194764961087e-01
-6.753227114677429199e-01,-9.617967903614044189e-02,-8.219505846500396729e-02,3.128702044486999512e-01,7.456436753273010254e-01,-9.692795872688293457e-01,2.919903397560119629e-01,2.237737178802490234e+00,2.906078994274139404e-01,5.418788247066299579e-01,5.418788247066299579e-01,5.418788247066299579e-01,5.418788247066299579e-01
-6.778053045272827148e-01,-9.771633148193359375e-02,-8.319206535816192627e-02,3.163013458251953125e-01,7.516037225723266602e-01,-9.746851325035095215e-01,2.918815016746520996e-01,2.252153396606445312e+00,2.904388904571533203e-01,5.636622393430424927e-01,5.636622393430424927e-01,5.636622393430424927e-01,5.636622393430424927e-01
-6.804412603378295898e-01,-9.932748973369598389e-02,-8.426723629236221313e-02,3.199053704738616943e-01,7.578201293945312500e-01,-9.803828597068786621e-01,2.917662560939788818e-01,2.267311811447143555e+00,2.902746200561523438e-01,5.853032638884012595e-01,5.853032638884012595e-01,5.853032638884012595e-01,5.853032638884012595e-01
-6.832318902015686035e-01,-1.010154634714126587e-01,-8.542039990425109863e-02,3.236805200576782227e-01,7.642915248870849609e-01,-9.863656163215637207e-01,2.916494011878967285e-01,2.283203363418579102e+00,2.901133298873901367e-01,6.067608656759607699e-01,6.067608656759607699e-01,6.067608656759607699e-01,6.067608656759607699e-01
-6.884001493453979492e-01,-1.022858917713165283e-01,-8.628021180629730225e-02,3.289308249950408936e-01,7.719403505325317383e-01,-9.964361786842346191e-01,2.920871078968048096e-01,2.306352376937866211e+00,2.919398546218872070e-01,6.279945546633994846e-01,6.279945546633994846e-01,6.279945546633994846e-01,6.279945546633994846e-01
-6.917616128921508789e-01,-1.046231538057327271e-01,-8.742620795965194702e-02,3.330839872360229492e-01,7.795277833938598633e-01,-1.002370119094848633e+00,2.926852107048034668e-01,2.323658704757690430e+00,2.914879024028778076e-01,6.489644575464287302e-01,6.489644575464287302e-01,6.489644575464287302e-01,6.489644575464287302e-01
-6.947869062423706055e-01,-1.064443290233612061e-01,-8.909852802753448486e-02,3.371209204196929932e-01,7.867522239685058594e-01,-1.009258389472961426e+00,2.924069464206695557e-01,2.341641426086425781e+00,2.912006378173828125e-01,6.696313900659478513e-01,6.696313900659478513e-01,6.696313900659478513e-01,6.696313900659478513e-01
-6.982079744338989258e-01,-1.085244119167327881e-01,-9.064504504203796387e-02,3.415111899375915527e-01,7.943621873855590820e-01,-1.016165494918823242e+00,2.924875915050506592e-01,2.360332489013671875e+00,2.908958196640014648e-01,6.899569273875190145e-01,6.899569273875190145e-01,6.899569273875190145e-01,6.899569273875190145e-01
-7.016803622245788574e-01,-1.105667650699615479e-01,-9.231285005807876587e-02,3.460195362567901611e-01,8.021010756492614746e-01,-1.023441553115844727e+00,2.924150526523590088e-01,2.379666566848754883e+00,2.906293570995330811e-01,7.099034724371637850e-01,7.099034724371637850e-01,7.099034724371637850e-01,7.099034724371637850e-01
-7.053341865539550781e-01,-1.126991212368011475e-01,-9.402151405811309814e-02,3.507156372070312500e-01,8.100706338882446289e-01,-1.030936717987060547e+00,2.923935055732727051e-01,2.399650573730468750e+00,2.903683781623840332e-01,7.294343220828281016e-01,7.294343220828281016e-01,7.294343220828281016e-01,7.294343220828281016e-01
-7.091121673583984375e-01,-1.148774325847625732e-01,-9.580790251493453979e-02,3.555555939674377441e-01,8.182299137115478516e-01,-1.038695096969604492e+00,2.923464179039001465e-01,2.420256137847900391e+00,2.901189029216766357e-01,7.485137310563614310e-01,7.485137310563614310e-01,7.485137310563614310e-01,7.485137310563614310e-01
-7.130300402641296387e-01,-1.171206533908843994e-01,-9.766130149364471436e-02,3.605435788631439209e-01,8.265889286994934082e-01,-1.046686768531799316e+00,2.923049330711364746e-01,2.441466331481933594e+00,2.898742854595184326e-01,7.671069735164912640e-01,7.671069735164912640e-01,7.671069735164912640e-01,7.671069735164912640e-01
-7.170754671096801758e-01,-1.194209754467010498e-01,-9.958726167678833008e-02,3.656674027442932129e-01,8.351350426673889160e-01,-1.054910659790039062e+00,2.922576665878295898e-01,2.463258266448974609e+00,2.896342277526855469e-01,7.851804021590086391e-01,7.851804021590086391e-01,7.851804021590086391e-01,7.851804021590086391e-01
-7.212472558021545410e-01,-1.217799484729766846e-01,-1.015835329890251160e-01,3.709221780300140381e-01,8.438630700111389160e-01,-1.063353896141052246e+00,2.922102808952331543e-01,2.485609292984008789e+00,2.893970608711242676e-01,8.027015047862339214e-01,8.027015047862339214e-01,8.027015047862339214e-01,8.027015047862339214e-01
-7.279254794120788574e-01,-1.238314807415008545e-01,-1.027091518044471741e-01,3.776623308658599854e-01,8.532547950744628906e-01,-1.076499938964843750e+00,2.921546995639801025e-01,2.515360832214355469e+00,2.919300198554992676e-01,8.196389582537573215e-01,8.196389582537573215e-01,8.196389582537573215e-01,8.196389582537573215e-01
-7.326490879058837891e-01,-1.267963647842407227e-01,-1.047261729836463928e-01,3.832685947418212891e-01,8.629938364028930664e-01,-1.084676504135131836e+00,2.929444909095764160e-01,2.538776159286499023e+00,2.913219034671783447e-01,8.359626797184798175e-01,8.359626797184798175e-01,8.359626797184798175e-01,8.359626797184798175e-01
-7.369544506072998047e-01,-1.291865706443786621e-01,-1.072425097227096558e-01,3.886425495147705078e-01,8.722479343414306641e-01,-1.093778491020202637e+00,2.927910089492797852e-01,2.562615633010864258e+00,2.909289598464965820e-01,8.516438751180286371e-01,8.516438751180286371e-01,8.516438751180286371e-01,8.516438751180286371e-01
-7.416170835494995117e-01,-1.318380832672119141e-01,-1.096249520778656006e-01,3.943234384059906006e-01,8.818212747573852539e-01,-1.102797508239746094e+00,2.930071353912353516e-01,2.586947441101074219e+00,2.904974818229675293e-01,8.666550848177689836e-01,8.666550848177689836e-01,8.666550848177689836e-01,8.666550848177689836e-01
-7.462882995605468750e-01,-1.344277858734130859e-01,-1.121110171079635620e-01,4.000571072101593018e-01,8.914196491241455078e-01,-1.112105369567871094e+00,2.930602729320526123e-01,2.611683607101440430e+00,2.901157438755035400e-01,8.809702263677984257e-01,8.809702263677984257e-01,8.809702263677984257e-01,8.809702263677984257e-01
-7.510955929756164551e-01,-1.370874941349029541e-01,-1.146185100078582764e-01,4.059205651283264160e-01,9.011520147323608398e-01,-1.121538877487182617e+00,2.931607663631439209e-01,2.636822700500488281e+00,2.897401750087738037e-01,8.945646343184754379e-01,8.945646343184754379e-01,8.945646343184754379e-01,8.945646343184754379e-01
-7.559801936149597168e-01,-1.397681832313537598e-01,-1.171817034482955933e-01,4.118659496307373047e-01,9.109683036804199219e-01,-1.131142616271972656e+00,2.932297885417938232e-01,2.662324428558349609e+00,2.893824577331542969e-01,9.074150970492786961e-01,9.074150970492786961e-01,9.074150970492786961e-01,9.074150970492786961e-01
-7.609558105468750000e-01,-1.424882560968399048e-01,-1.197879910469055176e-01,4.178969264030456543e-01,9.208767414093017578e-01,-1.140880942344665527e+00,2.932992577552795410e-01,2.688163995742797852e+00,2.890345454216003418e-01,9.194998905719482529e-01,9.194998905719482529e-01,9.194998905719482529e-01,9.194998905719482529e-01
-7.660086154937744141e-01,-1.452387571334838867e-01,-1.224415823817253113e-01,4.239986836910247803e-01,9.308605790138244629e-01,-1.150750279426574707e+00,2.933580875396728516e-01,2.714308261871337891e+00,2.886971533298492432e-01,9.307988092751029452e-01,9.307988092751029452e-01,9.307988092751029452e-01,9.307988092751029452e-01
-7.711347341537475586e-01,-1.480202376842498779e-01,-1.251383572816848755e-01,4.301649034023284912e-01,9.409117698669433594e-01,-1.160734057426452637e+00,2.934108376502990723e-01,2.740725517272949219e+00,2.883685827255249023e-01,9.412931935836557074e-01,9.412931935836557074e-01,9.412931935836557074e-01,9.412931935836557074e-01
-7.785362005233764648e-01,-1.506990492343902588e-01,-1.258879303932189941e-01,4.374359250068664551e-01,9.502573013305664062e-01,-1.175659656524658203e+00,2.923957705497741699e-01,2.773037672042846680e+00,2.919510006904602051e-01,9.509659545125161983e-01,9.509659545125161983e-01,9.509659545125161983e-01,9.509659545125161983e-01
-7.841331958770751953e-01,-1.539544314146041870e-01,-1.286125034093856812e-01,4.438928067684173584e-01,9.610954523086547852e-01,-1.185118198394775391e+00,2.933821976184844971e-01,2.799954891204833984e+00,2.911931872367858887e-01,9.598015951001435120e-01,9.598015951001435120e-01,9.598015951001435120e-01,9.598015951001435120e-01
-7.892410159111022949e-01,-1.566128134727478027e-01,-1.317698955535888672e-01,4.499960541725158691e-01,9.713438749313354492e-01,-1.195388793945312500e+00,2.934144139289855957e-01,2.826957702636718750e+00,2.906869649887084961e-01,9.677862287135494679e-01,9.677862287135494679e-01,9.677862287135494679e-01,9.677862287135494679e-01
-7.946367263793945312e-01,-1.595266461372375488e-01,-1.347794681787490845e-01,4.563197195529937744e-01,9.818086624145507812e-01,-1.205453276634216309e+00,2.938033342361450195e-01,2.854144573211669922e+00,2.901272177696228027e-01,9.749075942223299762e-01,9.749075942223299762e-01,9.749075942223299762e-01,9.749075942223299762e-01
-7.999796271324157715e-01,-1.623533070087432861e-01,-1.378598809242248535e-01,4.626070261001586914e-01,9.921709895133972168e-01,-1.215693950653076172e+00,2.940161526203155518e-01,2.881413698196411133e+00,2.896310389041900635e-01,9.811550680451739392e-01,9.811550680451739392e-01,9.811550680451739392e-01,9.811550680451739392e-01
-8.053950071334838867e-01,-1.652279049158096313e-01,-1.409267783164978027e-01,4.689433574676513672e-01,1.002544403076171875e+00,-1.225939154624938965e+00,2.942663133144378662e-01,2.908760547637939453e+00,2.891473174095153809e-01,9.865196730781231604e-01,9.865196730781231604e-01,9.865196730781231604e-01,9.865196730781231604e-01
-8.108227252960205078e-01,-1.680945754051208496e-01,-1.440119445323944092e-01,4.752799570560455322e-01,1.012870073318481445e+00,-1.236236810684204102e+00,2.944704294204711914e-01,2.936139583587646484e+00,2.886933684349060059e-01,9.909940845195410741e-01,9.909940845195410741e-01,9.909940845195410741e-01,9.909940845195410741e-01
-8.162765502929687500e-01,-1.709722131490707397e-01,-1.471002697944641113e-01,4.816224873065948486e-01,1.023156881332397461e+00,-1.246547698974609375e+00,2.946634590625762939e-01,2.963520765304565430e+00,2.882598638534545898e-01,9.945726326123656147e-01,9.945726326123656147e-01,9.945726326123656147e-01,9.945726326123656147e-01
-8.217411637306213379e-01,-1.738492250442504883e-01,-1.501949131488800049e-01,4.879562556743621826e-01,1.033384799957275391e+00,-1.256867885589599609e+00,2.948324978351593018e-01,2.990867614746093750e+00,2.878490984439849854e-01,9.972513023296935009e-01,9.972513023296935009e-01,9.972513023296935009e-01,9.972513023296935009e-01
-8.272122144699096680e-01,-1.767259389162063599e-01,-1.532903313636779785e-01,4.942744672298431396e-01,1.043545961380004883e+00,-1.267179727554321289e+00,2.949835062026977539e-01,3.018146753311157227e+00,2.874594330787658691e-01,9.990277300351073642e-01,9.990277300351073642e-01,9.990277300351073642e-01,9.990277300351073642e-01
-8.343514800071716309e-01,-1.797523349523544312e-01,-1.532379686832427979e-01,5.011001825332641602e-01,1.051201701164245605e+00,-1.282147407531738281e+00,2.927947640419006348e-01,3.048568248748779297e+00,2.920209765434265137e-01,9.999011971543856347e-01,9.999011971543856347e-01,9.999011971543856347e-01,9.999011971543856347e-01
-8.401677012443542480e-01,-1.829244345426559448e-01,-1.563434451818466187e-01,5.076019763946533203e-01,1.061845421791076660e+00,-1.291695356369018555e+00,2.939215302467346191e-01,3.075680494308471680e+00,2.911912202835083008e-01,9.998726209003228060e-01,9.998726209003228060e-01,9.998726209003228060e-01,9.998726209003228060e-01
-8.454474210739135742e-01,-1.855131685733795166e-01,-1.597857624292373657e-01,5.136597156524658203e-01,1.071834444999694824e+00,-1.301875829696655273e+00,2.941447794437408447e-01,3.102520227432250977e+00,2.906229496002197266e-01,9.989445420973253054e-01,9.989445420973253054e-01,9.989445420973253054e-01,9.989445420973253054e-01
-8.509311676025390625e-01,-1.883391141891479492e-01,-1.630622446537017822e-01,5.198321938514709473e-01,1.081913828849792480e+00,-1.311732172966003418e+00,2.946909666061401367e-01,3.129204511642456055e+00,2.899991273880004883e-01,9.971211101572403646e-01,9.971211101572403646e-01,9.971211101572403646e-01,9.971211101572403646e-01
-8.562924861907958984e-01,-1.910522133111953735e-01,-1.663667857646942139e-01,5.258767604827880859e-01,1.091763019561767578e+00,-1.321640729904174805e+00,2.950479090213775635e-01,3.155628681182861328e+00,2.894521057605743408e-01,9.944080652624955885e-01,9.944080652624955885e-01,9.944080652624955885e-01,9.944080652624955885e-01
-8.616575598716735840e-01,-1.937910169363021851e-01,-1.696152091026306152e-01,5.318854451179504395e-01,1.101496577262878418e+00,-1.331427097320556641e+00,2.954299747943878174e-01,3.181789875030517578e+00,2.889259457588195801e-01,9.908127178170864635e-01,9.908127178170864635e-01,9.908127178170864635e-01,9.908127178170864635e-01
-8.669633865356445312e-01,-1.964917778968811035e-01,-1.728373914957046509e-01,5.378108024597167969e-01,1.111051082611083984e+00,-1.341144919395446777e+00,2.957487404346466064e-01,3.207643032073974609e+00,2.884427905082702637e-01,9.863439252302393934e-01,9.863439252302393934e-01,9.863439252302393934e-01,9.863439252302393934e-01
-8.722273111343383789e-01,-1.991757154464721680e-01,-1.760163605213165283e-01,5.436629056930541992e-01,1.120437622070312500e+00,-1.350753188133239746e+00,2.960445582866668701e-01,3.233160972595214844e+00,2.879923582077026367e-01,9.810120661016790145e-01,9.810120661016790145e-01,9.810120661016790145e-01,9.810120661016790145e-01
-8.774319887161254883e-01,-2.018277347087860107e-01,-1.791552603244781494e-01,5.494275093078613281e-01,1.129636526107788086e+00,-1.360250949859619141e+00,2.963020503520965576e-01,3.258310794830322266e+00,2.875776588916778564e-01,9.748290118813571770e-01,9.748290118813571770e-01,9.748290118813571770e-01,9.748290118813571770e-01
-8.825752735137939453e-01,-2.044489532709121704e-01,-1.822483390569686890e-01,5.551008582115173340e-01,1.138642311096191406e+00,-1.369620323181152344e+00,2.965300977230072021e-01,3.283062934875488281e+00,2.871959507465362549e-01,9.678080960802371013e-01,9.678080960802371013e-01,9.678080960802371013e-01,9.678080960802371013e-01
-8.884629011154174805e-01,-2.074145525693893433e-01,-1.813700646162033081e-01,5.607401728630065918e-01,1.143554687500000000e+00,-1.382735610008239746e+00,2.933067977428436279e-01,3.307702541351318359e+00,2.921354770660400391e-01,9.599640811122751582e-01,9.599640811122751582e-01,9.599640811122751582e-01,9.599640811122751582e-01
-8.938042521476745605e-01,-2.101621776819229126e-01,-1.844500154256820679e-01,5.664365291595458984e-01,1.152718544006347656e+00,-1.391181468963623047e+00,2.944663465023040771e-01,3.331659078598022461e+00,2.913558781147003174e-01,9.513131228510833814e-01,9.513131228510833814e-01,9.513131228510833814e-01,9.513131228510833814e-01
-8.985967636108398438e-01,-2.123784869909286499e-01,-1.877451539039611816e-01,5.716609358787536621e-01,1.161223411560058594e+00,-1.400032520294189453e+00,2.948366403579711914e-01,3.355028629302978516e+00,2.908142209053039551e-01,9.418727329879277299e-01,9.418727329879277299e-01,9.418727329879277299e-01,9.418727329879277299e-01
-9.035010933876037598e-01,-2.147876322269439697e-01,-1.908589005470275879e-01,5.768978595733642578e-01,1.169682621955871582e+00,-1.408478856086730957e+00,2.954737246036529541e-01,3.377930879592895508e+00,2.902309298515319824e-01,9.316617392806433307e-01,9.316617392806433307e-01,9.316617392806433307e-01,9.316617392806433307e-01
-9.082250595092773438e-01,-2.170635759830474854e-01,-1.939549148082733154e-01,5.819401741027832031e-01,1.177809834480285645e+00,-1.416857242584228516e+00,2.959232628345489502e-01,3.400277137756347656e+00,2.897293567657470703e-01,9.207002437858220478e-01,9.207002437858220478e-01,9.207002437858220478e-01,9.207002437858220478e-01
-9.128876924514770508e-01,-2.193394452333450317e-01,-1.969549208879470825e-01,5.868755578994750977e-01,1.185714602470397949e+00,-1.425006151199340820e+00,2.963865995407104492e-01,3.422067165374755859e+00,2.892562150955200195e-01,9.090095791691468197e-01,9.090095791691468197e-01,9.090095791691468197e-01,9.090095791691468197e-01
-9.174295663833618164e-01,-2.215493023395538330e-01,-1.998883336782455444e-01,5.916616916656494141e-01,1.193336009979248047e+00,-1.432981014251708984e+00,2.967796921730041504e-01,3.443265914916992188e+00,2.888337373733520508e-01,8.966122631911064289e-01,8.966122631911064289e-01,8.966122631911064289e-01,8.966122631911064289e-01
-9.218684434890747070e-01,-2.237156629562377930e-01,-2.027380913496017456e-01,5.963116884231567383e-01,1.200690150260925293e+00,-1.440742850303649902e+00,2.971422374248504639e-01,3.463853597640991211e+00,2.884503006935119629e-01,8.835319514674304653e-01,8.835319514674304653e-01,8.835319514674304653e-01,8.835319514674304653e-01
-9.261892437934875488e-01,-2.258228808641433716e-01,-2.055093944072723389e-01,6.008135676383972168e-01,1.207760334014892578e+00,-1.448294281959533691e+00,2.974613308906555176e-01,3.483806848526000977e+00,2.881085872650146484e-01,8.697933886055230213e-01,8.697933886055230213e-01,8.697933886055230213e-01,8.697933886055230213e-01
-9.303917288780212402e-01,-2.278732359409332275e-01,-2.081970870494842529e-01,6.051664352416992188e-01,1.214545488357543945e+00,-1.455620288848876953e+00,2.977463901042938232e-01,3.503106355667114258e+00,2.878053188323974609e-01,8.554223578198725253e-01,8.554223578198725253e-01,8.554223578198725253e-01,8.554223578198725253e-01
-9.342565536499023438e-01,-2.303361296653747559e-01,-2.067607045173645020e-01,6.091784238815307617e-01,1.216335058212280273e+00,-1.465253710746765137e+00,2.938662469387054443e-01,3.519274950027465820e+00,2.922652661800384521e-01,8.404456291309195803e-01,8.404456291309195803e-01,8.404456291309195803e-01,8.404456291309195803e-01
-9.385117292404174805e-01,-2.323935627937316895e-01,-2.094331681728363037e-01,6.133579611778259277e-01,1.222995042800903320e+00,-1.471612572669982910e+00,2.949344217777252197e-01,3.537316799163818359e+00,2.916429936885833740e-01,8.248909062531686320e-01,8.248909062531686320e-01,8.248909062531686320e-01,8.248909062531686320e-01
-9.422472715377807617e-01,-2.340100109577178955e-01,-2.121768891811370850e-01,6.171157360076904297e-01,1.229064464569091797e+00,-1.478126883506774902e+00,2.953878343105316162e-01,3.554544925689697266e+00,2.912041842937469482e-01,8.087867722793955494e-01,8.087867722793955494e-01,8.087867722793955494e-01,8.087867722793955494e-01
-9.460028409957885742e-01,-2.357430458068847656e-01,-2.147379815578460693e-01,6.208052635192871094e-01,1.234958410263061523e+00,-1.484216213226318359e+00,2.960300147533416748e-01,3.571082592010498047e+00,2.907500863075256348e-01,7.921626342687067002e-01,7.921626342687067002e-01,7.921626342687067002e-01,7.921626342687067002e-01
-9.495457410812377930e-01,-2.373337000608444214e-01,-2.172391414642333984e-01,6.242746710777282715e-01,1.240470051765441895e+00,-1.490135908126831055e+00,2.965139746665954590e-01,3.586864948272705078e+00,2.903696298599243164e-01,7.750486668468639095e-01,7.750486668468639095e-01,7.750486668468639095e-01,7.750486668468639095e-01
-9.529769420623779297e-01,-2.388959825038909912e-01,-2.196189314126968384e-01,6.275930404663085938e-01,1.245690345764160156e+00,-1.495756626129150391e+00,2.970041632652282715e-01,3.601899147033691406e+00,2.900192439556121826e-01,7.574757549277650881e-01,7.574757549277650881e-01,7.574757549277650881e-01,7.574757549277650881e-01
-9.562445878982543945e-01,-2.403708696365356445e-01,-2.219051718711853027e-01,6.307261586189270020e-01,1.250572800636291504e+00,-1.501129508018493652e+00,2.974289953708648682e-01,3.616163492202758789e+00,2.897163927555084229e-01,7.394754356652634142e-01,7.394754356652634142e-01,7.394754356652634142e-01,7.394754356652634142e-01
-9.593694210052490234e-01,-2.417822778224945068e-01,-2.240840643644332886e-01,6.336876153945922852e-01,1.255136966705322266e+00,-1.506221175193786621e+00,2.978277206420898438e-01,3.629651308059692383e+00,2.894495129585266113e-01,7.210798397445337127e-01,7.210798397445337127e-01,7.210798397445337127e-01,7.210798397445337127e-01
-9.623371362686157227e-01,-2.431149482727050781e-01,-2.261618375778198242e-01,6.364683508872985840e-01,1.259372472763061523e+00,-1.511038899421691895e+00,2.981862425804138184e-01,3.642352819442749023e+00,2.892204523086547852e-01,7.023216321221452674e-01,7.023216321221452674e-01,7.023216321221452674e-01,7.023216321221452674e-01
-9.651510715484619141e-01,-2.443730533123016357e-01,-2.281358838081359863e-01,6.390700340270996094e-01,1.263283967971801758e+00,-1.515571117401123047e+00,2.985159754753112793e-01,3.654259204864501953e+00,2.890243530273437500e-01,6.832339523236111711e-01,6.832339523236111711e-01,6.832339523236111711e-01,6.832339523236111711e-01
-9.666143655776977539e-01,-2.459975481033325195e-01,-2.264087051153182983e-01,6.412495970726013184e-01,1.262030839920043945e+00,-1.520773410797119141e+00,2.943976521492004395e-01,3.660717010498046875e+00,2.923712134361267090e-01,6.638503544067491102e-01,6.638503544067491102e-01,6.638503544067491102e-01,6.638503544067491102e-01
-9.693562984466552734e-01,-2.472031116485595703e-01,-2.283984720706939697e-01,6.434896588325500488e-01,1.265619874000549316e+00,-1.524418592453002930e+00,2.952735424041748047e-01,3.671150207519531250e+00,2.919494509696960449e-01,6.442047466984622828e-01,6.442047466984622828e-01,6.442047466984622828e-01,6.442047466984622828e-01
-9.716542363166809082e-01,-2.480892837047576904e-01,-2.303077429533004761e-01,6.454248428344726562e-01,1.268751859664916992e+00,-1.527981877326965332e+00,2.957554757595062256e-01,3.680665731430053711e+00,2.916386127471923828e-01,6.243313314116942792e-01,6.243313314116942792e-01,6.243313314116942792e-01,6.243313314116942792e-01
-9.738845229148864746e-01,-2.489901781082153320e-01,-2.320567667484283447e-01,6.472427845001220703e-01,1.271606683731079102e+00,-1.531167626380920410e+00,2.963297069072723389e-01,3.689388751983642578e+00,2.913419604301452637e-01,6.042645442482877938e-01,6.042645442482877938e-01,6.042645442482877938e-01,6.042645442482877938e-01
-9.759087562561035156e-01,-2.497636973857879639e-01,-2.337114810943603516e-01,6.488596200942993164e-01,1.274092674255371094e+00,-1.534110069274902344e+00,2.968034744262695312e-01,3.697287797927856445e+00,2.910979390144348145e-01,5.840389940922280365e-01,5.840389940922280365e-01,5.840389940922280365e-01,5.840389940922280365e-01
-9.777884483337402344e-01,-2.504789829254150391e-01,-2.352418303489685059e-01,6.503096818923950195e-01,1.276265382766723633e+00,-1.536738634109497070e+00,2.972730994224548340e-01,3.704375982284545898e+00,2.908813953399658203e-01,5.636894028964092307e-01,5.636894028964092307e-01,5.636894028964092307e-01,5.636894028964092307e-01
-9.794924855232238770e-01,-2.511020898818969727e-01,-2.366670370101928711e-01,6.515736579895019531e-01,1.278105258941650391e+00,-1.539084911346435547e+00,2.976959347724914551e-01,3.710648536682128906e+00,2.906988859176635742e-01,5.432505458644873997e-01,5.432505458644873997e-01,5.432505458644873997e-01,5.432505458644873997e-01
-9.810355901718139648e-01,-2.516497373580932617e-01,-2.379810214042663574e-01,6.526598334312438965e-01,1.279629230499267578e+00,-1.541131019592285156e+00,2.980969250202178955e-01,3.716110706329345703e+00,2.905426621437072754e-01,5.227571920277158668e-01,5.227571920277158668e-01,5.227571920277158668e-01,5.227571920277158668e-01
-9.824112653732299805e-01,-2.521139383316040039e-01,-2.391898483037948608e-01,6.535639762878417969e-01,1.280836582183837891e+00,-1.542884826660156250e+00,2.984694242477416992e-01,3.720766782760620117e+00,2.904124259948730469e-01,5.022440453147709594e-01,5.022440453147709594e-01,5.022440453147709594e-01,5.022440453147709594e-01
-9.836230278015136719e-01,-2.524985074996948242e-01,-2.402934730052947998e-01,6.542889475822448730e-01,1.281735658645629883e+00,-1.544342517852783203e+00,2.988201677799224854e-01,3.724622726440429688e+00,2.903042435646057129e-01,4.817456862106237470e-01,4.817456862106237470e-01,4.817456862106237470e-01,4.817456862106237470e-01
-9.827604293823242188e-01,-2.531314790248870850e-01,-2.383440732955932617e-01,6.546126604080200195e-01,1.277759075164794922e+00,-1.545047521591186523e+00,2.948268055915832520e-01,3.721563816070556641e+00,2.924238443374633789e-01,4.612965140983292800e-01,4.612965140983292800e-01,4.612965140983292800e-01,4.612965140983292800e-01
-9.838174581527709961e-01,-2.534531950950622559e-01,-2.395222783088684082e-01,6.548476219177246094e-01,1.278254628181457520e+00,-1.545790314674377441e+00,2.954650521278381348e-01,3.723993778228759766e+00,2.921688854694366455e-01,4.409306903753864582e-01,4.409306903753864582e-01,4.409306903753864582e-01,4.409306903753864582e-01
-9.845391511917114258e-01,-2.535848319530487061e-01,-2.404847443103790283e-01,6.549276113510131836e-01,1.278461098670959473e+00,-1.546271562576293945e+00,2.959364056587219238e-01,3.725533246994018555e+00,2.919573485851287842e-01,4.206820824338675102e-01,4.206820824338675102e-01,4.206820824338675102e-01,4.206820824338675102e-01
-9.851248264312744141e-01,-2.536306977272033691e-01,-2.413307130336761475e-01,6.548774242401123047e-01,1.278339147567749023e+00,-1.546477437019348145e+00,2.963976860046386719e-01,3.726316690444946289e+00,2.917830348014831543e-01,4.005842085910451544e-01,4.005842085910451544e-01,4.005842085910451544e-01,4.005842085910451544e-01
-9.855470657348632812e-01,-2.535882592201232910e-01,-2.420595288276672363e-01,6.546779870986938477e-01,1.277917861938476562e+00,-1.546407699584960938e+00,2.968303263187408447e-01,3.726339340209960938e+00,2.916362285614013672e-01,3.806701840545748672e-01,3.806701840545748672e-01,3.806701840545748672e-01,3.806701840545748672e-01
-9.858116507530212402e-01,-2.534644901752471924e-01,-2.426812648773193359e-01,6.543239951133728027e-01,1.277209281921386719e+00,-1.546064734458923340e+00,2.972390055656433105e-01,3.725618600845336914e+00,2.915116548538208008e-01,3.609726680035599267e-01,3.609726680035599267e-01,3.609726680035599267e-01,3.609726680035599267e-01
-9.859204888343811035e-01,-2.532637119293212891e-01,-2.432005107402801514e-01,6.538134813308715820e-01,1.276225090026855469e+00,-1.545450687408447266e+00,2.976259589195251465e-01,3.724168539047241211e+00,2.914049923419952393e-01,3.415238118639742915e-01,3.415238118639742915e-01,3.415238118639742915e-01,3.415238118639742915e-01
-9.858756065368652344e-01,-2.529883980751037598e-01,-2.436217963695526123e-01,6.531471014022827148e-01,1.274974822998046875e+00,-1.544569492340087891e+00,2.979921996593475342e-01,3.722004175186157227e+00,2.913134992122650146e-01,3.223552088539690663e-01,3.223552088539690663e-01,3.223552088539690663e-01,3.223552088539690663e-01
-9.856796264648437500e-01,-2.526404857635498047e-01,-2.439481317996978760e-01,6.523267030715942383e-01,1.273468255996704102e+00,-1.543425917625427246e+00,2.983400523662567139e-01,3.719141721725463867e+00,2.912348508834838867e-01,3.034978448715583976e-01,3.034978448715583976e-01,3.034978448715583976e-01,3.034978448715583976e-01
-9.853356480598449707e-01,-2.522224783897399902e-01,-2.441825568675994873e-01,6.513555049896240234e-01,1.271714210510253906e+00,-1.542024850845336914e+00,2.986703515052795410e-01,3.715598106384277344e+00,2.911667227745056152e-01,2.849820507940640235e-01,2.849820507940640235e-01,2.849820507940640235e-01,2.849820507940640235e-01
-9.826281070709228516e-01,-2.518920898437500000e-01,-2.419101595878601074e-01,6.499984860420227051e-01,1.265520334243774414e+00,-1.538999676704406738e+00,2.950958609580993652e-01,3.704549312591552734e+00,2.924174070358276367e-01,2.668374562554802765e-01,2.668374562554802765e-01,2.668374562554802765e-01,2.668374562554802765e-01
-9.821060895919799805e-01,-2.514402270317077637e-01,-2.422859668731689453e-01,6.485025882720947266e-01,1.263414263725280762e+00,-1.537096142768859863e+00,2.955143451690673828e-01,3.699859142303466797e+00,2.922460436820983887e-01,2.490929449646978044e-01,2.490929449646978044e-01,2.490929449646978044e-01,2.490929449646978044e-01
-9.813618659973144531e-01,-2.508978843688964844e-01,-2.423619031906127930e-01,6.469923853874206543e-01,1.261173844337463379e+00,-1.534858703613281250e+00,2.959370315074920654e-01,3.694429397583007812e+00,2.920784354209899902e-01,2.317766116241460339e-01,2.317766116241460339e-01,2.317766116241460339e-01,2.317766116241460339e-01
-9.804539084434509277e-01,-2.502077817916870117e-01,-2.423695623874664307e-01,6.453772783279418945e-01,1.258622884750366211e+00,-1.532467842102050781e+00,2.962739169597625732e-01,3.688400983810424805e+00,2.919572591781616211e-01,2.149157205050745700e-01,2.149157205050745700e-01,2.149157205050745700e-01,2.149157205050745700e-01
-9.794449806213378906e-01,-2.494772970676422119e-01,-2.422548830509185791e-01,6.436787843704223633e-01,1.255873441696166992e+00,-1.529826402664184570e+00,2.966388463973999023e-01,3.681788921356201172e+00,2.918463349342346191e-01,1.985366657322125694e-01,1.985366657322125694e-01,1.985366657322125694e-01,1.985366657322125694e-01
-9.782913923263549805e-01,-2.486610114574432373e-01,-2.420613467693328857e-01,6.418635249137878418e-01,1.252904653549194336e+00,-1.526993513107299805e+00,2.969596385955810547e-01,3.674613475799560547e+00,2.917519509792327881e-01,1.826649333271131437e-01,1.826649333271131437e-01,1.826649333271131437e-01,1.826649333271131437e-01
-9.770247936248779297e-01,-2.477965056896209717e-01,-2.417793273925781250e-01,6.399437189102172852e-01,1.249752283096313477e+00,-1.523947000503540039e+00,2.972777485847473145e-01,3.666901350021362305e+00,2.916634380817413330e-01,1.673250650559378605e-01,1.673250650559378605e-01,1.673250650559378605e-01,1.673250650559378605e-01
-9.756339788436889648e-01,-2.468715906143188477e-01,-2.414227426052093506e-01,6.379131674766540527e-01,1.246418237686157227e+00,-1.520710468292236328e+00,2.975705564022064209e-01,3.658675193786621094e+00,2.915824055671691895e-01,1.525406241238966842e-01,1.525406241238966842e-01,1.525406241238966842e-01,1.525406241238966842e-01
-9.741320610046386719e-01,-2.458992004394531250e-01,-2.409907281398773193e-01,6.357797384262084961e-01,1.242919921875000000e+00,-1.517283797264099121e+00,2.978513836860656738e-01,3.649960994720458984e+00,2.915050685405731201e-01,1.383341627550168096e-01,1.383341627550168096e-01,1.383341627550168096e-01,1.383341627550168096e-01
-9.725191593170166016e-01,-2.448776066303253174e-01,-2.404893934726715088e-01,6.335459947586059570e-01,1.239265441894531250e+00,-1.513680696487426758e+00,2.981140315532684326e-01,3.640783071517944336e+00,2.914314866065979004e-01,1.247271916922753632e-01,1.247271916922753632e-01,1.247271916922753632e-01,1.247271916922753632e-01
-9.687294960021972656e-01,-2.437645494937896729e-01,-2.377954125404357910e-01,6.309214830398559570e-01,1.231617450714111328e+00,-1.508288979530334473e+00,2.951736152172088623e-01,3.624425172805786133e+00,2.923699021339416504e-01,1.117401516495890590e-01,1.117401516495890590e-01,1.117401516495890590e-01,1.117401516495890590e-01
-9.669847488403320312e-01,-2.427725493907928467e-01,-2.374861240386962891e-01,6.282272338867187500e-01,1.227787494659423828e+00,-1.504385471343994141e+00,2.954425811767578125e-01,3.614548206329345703e+00,2.921966314315795898e-01,9.939238674350181491e-02,9.939238674350181491e-02,9.939238674350181491e-02,9.939238674350181491e-02
-9.651027321815490723e-01,-2.417292296886444092e-01,-2.368740141391754150e-01,6.256182193756103516e-01,1.223927497863769531e+00,-1.500209093093872070e+00,2.957773506641387939e-01,3.604179143905639648e+00,2.920204997062683105e-01,8.770211992884568986e-02,8.770211992884568986e-02,8.770211992884568986e-02,8.770211992884568986e-02
-9.630882143974304199e-01,-2.405427694320678711e-01,-2.362251579761505127e-01,6.229635477066040039e-01,1.219843626022338867e+00,-1.495986223220825195e+00,2.960075139999389648e-01,3.593457221984863281e+00,2.918882369995117188e-01,7.668643045903167366e-02,7.668643045903167366e-02,7.668643045903167366e-02,7.668643045903167366e-02
-9.610302448272705078e-01,-2.393502295017242432e-01,-2.354712784290313721e-01,6.202912330627441406e-01,1.215667247772216797e+00,-1.491599559783935547e+00,2.962801754474639893e-01,3.582405567169189453e+00,2.917612493038177490e-01,6.636123338806815264e-02,6.636123338806815264e-02,6.636123338806815264e-02,6.636123338806815264e-02
-9.588712453842163086e-01,-2.380935251712799072e-01,-2.346666455268859863e-01,6.175619959831237793e-01,1.211371660232543945e+00,-1.487123012542724609e+00,2.965027987957000732e-01,3.571048021316528320e+00,2.916463017463684082e-01,5.674126112781063824e-02,5.674126112781063824e-02,5.674126112781063824e-02,5.674126112781063824e-02
-9.566525816917419434e-01,-2.368200421333312988e-01,-2.337975203990936279e-01,6.147905588150024414e-01,1.206997752189636230e+00,-1.482530236244201660e+00,2.967262566089630127e-01,3.559417247772216797e+00,2.915337979793548584e-01,4.784004707045491633e-02,4.784004707045491633e-02,4.784004707045491633e-02,4.784004707045491633e-02
-9.543595910072326660e-01,-2.355136871337890625e-01,-2.328804731369018555e-01,6.119709014892578125e-01,1.202546358108520508e+00,-1.477850914001464844e+00,2.969222068786621094e-01,3.547540664672851562e+00,2.914257049560546875e-01,3.966991128273694711e-02,3.966991128273694711e-02,3.966991128273694711e-02,3.966991128273694711e-02
-9.520090818405151367e-01,-2.341906726360321045e-01,-2.319137454032897949e-01,6.091122627258300781e-01,1.198037028312683105e+00,-1.473085165023803711e+00,2.971060872077941895e-01,3.535448312759399414e+00,2.913188338279724121e-01,3.224194827485171722e-02,3.224194827485171722e-02,3.224194827485171722e-02,3.224194827485171722e-02
-9.496006369590759277e-01,-2.328481376171112061e-01,-2.309041619300842285e-01,6.062176823616027832e-01,1.193477630615234375e+00,-1.468249559402465820e+00,2.972697019577026367e-01,3.523169279098510742e+00,2.912136316299438477e-01,2.556601684368275951e-02,2.556601684368275951e-02,2.556601684368275951e-02,2.556601684368275951e-02
-9.455984830856323242e-01,-2.312481999397277832e-01,-2.278442084789276123e-01,6.029606461524963379e-01,1.185408473014831543e+00,-1.462120890617370605e+00,2.950621545314788818e-01,3.504945278167724609e+00,2.923104763031005859e-01,1.965073198652583786e-02,1.965073198652583786e-02,1.965073198652583786e-02,1.965073198652583786e-02
-9.431643486022949219e-01,-2.300285696983337402e-01,-2.270420193672180176e-01,5.997472405433654785e-01,1.180940866470336914e+00,-1.457145214080810547e+00,2.952707707881927490e-01,3.492496967315673828e+00,2.920792102813720703e-01,1.450345887818521584e-02,1.450345887818521584e-02,1.450345887818521584e-02,1.450345887818521584e-02
-9.406296610832214355e-01,-2.287271618843078613e-01,-2.260261178016662598e-01,5.966638326644897461e-01,1.176479101181030273e+00,-1.452081322669982910e+00,2.954796254634857178e-01,3.479866266250610352e+00,2.918657660484313965e-01,1.013030890102167847e-02,1.013030890102167847e-02,1.013030890102167847e-02,1.013030890102167847e-02
-9.380542635917663574e-01,-2.273555099964141846e-01,-2.249740362167358398e-01,5.936197638511657715e-01,1.171932935714721680e+00,-1.447041749954223633e+00,2.956349551677703857e-01,3.467170715332031250e+00,2.916869223117828369e-01,6.536137714334089299e-03,6.536137714334089299e-03,6.536137714334089299e-03,6.536137714334089299e-03
-9.354723095893859863e-01,-2.259855866432189941e-01,-2.238580584526062012e-01,5.906142592430114746e-01,1.167385816574096680e+00,-1.441973447799682617e+00,2.957995235919952393e-01,3.454432249069213867e+00,2.915187478065490723e-01,3.724545346294572123e-03,3.724545346294572123e-03,3.724545346294572123e-03,3.724545346294572123e-03
-9.328600168228149414e-01,-2.245972454547882080e-01,-2.227121293544769287e-01,5.876242518424987793e-01,1.162835359573364258e+00,-1.436916828155517578e+00,2.959291040897369385e-01,3.441680192947387695e+00,2.913613915443420410e-01,1.697878288576537553e-03,1.697878288576537553e-03,1.697878288576537553e-03,1.697878288576537553e-03
-9.302406907081604004e-01,-2.232174277305603027e-01,-2.215333580970764160e-01,5.846562385559082031e-01,1.158308982849121094e+00,-1.431864976882934570e+00,2.960474491119384766e-01,3.428946018218994141e+00,2.912088632583618164e-01,4.572335708136754384e-04,4.572335708136754384e-04,4.572335708136754384e-04,4.572335708136754384e-04
-9.276098608970642090e-01,-2.218410372734069824e-01,-2.203322947025299072e-01,5.817087292671203613e-01,1.153814077377319336e+00,-1.426837205886840820e+00,2.961416244506835938e-01,3.416257381439208984e+00,2.910619974136352539e-01,2.464789087164298564e-06,2.464789087164298564e-06,2.464789087164298564e-06,2.464789087164298564e-06
-9.249789118766784668e-01,-2.204774022102355957e-01,-2.191109061241149902e-01,5.787886381149291992e-01,1.149364948272705078e+00,-1.421839952468872070e+00,2.962189018726348877e-01,3.403643846511840820e+00,2.909184098243713379e-01,3.321900597934579480e-04,3.321900597934579480e-04,3.321900597934579480e-04,3.321900597934579480e-04
-9.223511219024658203e-01,-2.191279232501983643e-01,-2.178739607334136963e-01,5.759001970291137695e-01,1.144971728324890137e+00,-1.416885852813720703e+00,2.962757945060729980e-01,3.391134500503540039e+00,2.907787263393402100e-01,1.443801867479388434e-03,1.443801867479388434e-03,1.443801867479388434e-03,1.443801867479388434e-03
-9.189594984054565430e-01,-2.173931598663330078e-01,-2.147000730037689209e-01,5.727791786193847656e-01,1.137680053710937500e+00,-1.411602854728698730e+00,2.947977781295776367e-01,3.374711275100708008e+00,2.922652363777160645e-01,3.333478772544751223e-03,3.333478772544751223e-03,3.333478772544751223e-03,3.333478772544751223e-03
-9.164496064186096191e-01,-2.162823081016540527e-01,-2.136474549770355225e-01,5.697530508041381836e-01,1.133685827255249023e+00,-1.406616926193237305e+00,2.950244247913360596e-01,3.362566709518432617e+00,2.919591963291168213e-01,5.996198942133712517e-03,5.996198942133712517e-03,5.996198942133712517e-03,5.996198942133712517e-03
-9.138274788856506348e-01,-2.150033712387084961e-01,-2.125414609909057617e-01,5.668538808822631836e-01,1.129669070243835449e+00,-1.401807785034179688e+00,2.950821518898010254e-01,3.350557804107666016e+00,2.917063236236572266e-01,9.425755465034102443e-03,9.425755465034102443e-03,9.425755465034102443e-03,9.425755465034102443e-03
-9.112961292266845703e-01,-2.137697339057922363e-01,-2.113730013370513916e-01,5.640912055969238281e-01,1.125729322433471680e+00,-1.397054433822631836e+00,2.951923608779907227e-01,3.338771343231201172e+00,2.914772629737854004e-01,1.361477340900618671e-02,1.361477340900618671e-02,1.361477340900618671e-02,1.361477340900618671e-02
-9.087734222412109375e-01,-2.125226557254791260e-01,-2.101966738700866699e-01,5.614095330238342285e-01,1.121858596801757812e+00,-1.392427444458007812e+00,2.952467203140258789e-01,3.327218770980834961e+00,2.912690639495849609e-01,1.855472857666556896e-02,1.855472857666556896e-02,1.855472857666556896e-02,1.855472857666556896e-02
-9.063045382499694824e-01,-2.113140821456909180e-01,-2.090041339397430420e-01,5.588167905807495117e-01,1.118096828460693359e+00,-1.387899994850158691e+00,2.952983081340789795e-01,3.315934181213378906e+00,2.910723090171813965e-01,2.423596791383553217e-02,2.423596791383553217e-02,2.423596791383553217e-02,2.423596791383553217e-02
-9.038730859756469727e-01,-2.101303637027740479e-01,-2.078136205673217773e-01,5.563027858734130859e-01,1.114446640014648438e+00,-1.383498668670654297e+00,2.953180968761444092e-01,3.304940700531005859e+00,2.908861339092254639e-01,3.064773152220218178e-02,3.064773152220218178e-02,3.064773152220218178e-02,3.064773152220218178e-02
-9.014953970909118652e-01,-2.089870572090148926e-01,-2.066246569156646729e-01,5.538740158081054688e-01,1.110925197601318359e+00,-1.379223227500915527e+00,2.953217029571533203e-01,3.294264554977416992e+00,2.907082438468933105e-01,3.777817622609580539e-02,3.777817622609580539e-02,3.777817622609580539e-02,3.777817622609580539e-02
-8.991712331771850586e-01,-2.078818976879119873e-01,-2.054444849491119385e-01,5.515321493148803711e-01,1.107539176940917969e+00,-1.375087380409240723e+00,2.953019738197326660e-01,3.283931255340576172e+00,2.905384302139282227e-01,4.561440064135274808e-02,4.561440064135274808e-02,4.561440064135274808e-02,4.561440064135274808e-02
-8.969084024429321289e-01,-2.068209648132324219e-01,-2.042750120162963867e-01,5.492823123931884766e-01,1.104299306869506836e+00,-1.371096968650817871e+00,2.952640652656555176e-01,3.273961782455444336e+00,2.903753519058227539e-01,5.414247169241492852e-02,5.414247169241492852e-02,5.414247169241492852e-02,5.414247169241492852e-02
-8.947834968566894531e-01,-2.052927017211914062e-01,-2.013643085956573486e-01,5.470637083053588867e-01,1.098938941955566406e+00,-1.367953896522521973e+00,2.944469749927520752e-01,3.262629032135009766e+00,2.922429442405700684e-01,6.334745252218332290e-02,6.334745252218332290e-02,6.334745252218332290e-02,6.334745252218332290e-02
-8.927931189537048340e-01,-2.046002745628356934e-01,-2.003309130668640137e-01,5.448547005653381348e-01,1.096394777297973633e+00,-1.363985657691955566e+00,2.947424352169036865e-01,3.253487825393676758e+00,2.918707132339477539e-01,7.321343173754585321e-02,7.321343173754585321e-02,7.321343173754585321e-02,7.321343173754585321e-02
-8.906412124633789062e-01,-2.036185264587402344e-01,-1.994342207908630371e-01,5.427359342575073242e-01,1.093749523162841797e+00,-1.360482335090637207e+00,2.946464419364929199e-01,3.244759559631347656e+00,2.915935516357421875e-01,8.372355393208413821e-02,8.372355393208413821e-02,8.372355393208413821e-02,8.372355393208413821e-02
-8.887189030647277832e-01,-2.028051018714904785e-01,-1.984363198280334473e-01,5.408487319946289062e-01,1.091334104537963867e+00,-1.357033967971801758e+00,2.947333455085754395e-01,3.236497640609741211e+00,2.913275659084320068e-01,9.486005142611708685e-02,9.486005142611708685e-02,9.486005142611708685e-02,9.486005142611708685e-02
-8.868070840835571289e-01,-2.019530236721038818e-01,-1.974875330924987793e-01,5.390703082084655762e-01,1.089031934738159180e+00,-1.353853940963745117e+00,2.946912348270416260e-01,3.228697299957275391e+00,2.910940051078796387e-01,1.066042771629979735e-01,1.066042771629979735e-01,1.066042771629979735e-01,1.066042771629979735e-01
-8.850254416465759277e-01,-2.011902034282684326e-01,-1.965328156948089600e-01,5.374436378479003906e-01,1.086930036544799805e+00,-1.350839257240295410e+00,2.946819961071014404e-01,3.221395254135131836e+00,2.908717989921569824e-01,1.189367386995072162e-01,1.189367386995072162e-01,1.189367386995072162e-01,1.189367386995072162e-01
-8.833172321319580078e-01,-2.004622817039489746e-01,-1.956124305725097656e-01,5.359390974044799805e-01,1.085003256797790527e+00,-1.348051071166992188e+00,2.946220040321350098e-01,3.214601516723632812e+00,2.906659543514251709e-01,1.318371332271398022e-01,1.318371332271398022e-01,1.318371332271398022e-01,1.318371332271398022e-01
-8.817170858383178711e-01,-1.998040974140167236e-01,-1.947145462036132812e-01,5.345709323883056641e-01,1.083278417587280273e+00,-1.345466494560241699e+00,2.945555448532104492e-01,3.208339214324951172e+00,2.904703617095947266e-01,1.452843835602382061e-01,1.452843835602382061e-01,1.452843835602382061e-01,1.452843835602382061e-01
-8.802130222320556641e-01,-1.992021203041076660e-01,-1.938513815402984619e-01,5.333339571952819824e-01,1.081753492355346680e+00,-1.343105554580688477e+00,2.944619357585906982e-01,3.202620506286621094e+00,2.902859747409820557e-01,1.592566750261257269e-01,1.592566750261257269e-01,1.592566750261257269e-01,1.592566750261257269e-01
-8.788167238235473633e-01,-1.986663043498992920e-01,-1.930221915245056152e-01,5.322340726852416992e-01,1.080439090728759766e+00,-1.340967416763305664e+00,2.943529486656188965e-01,3.197465658187866211e+00,2.901112437248229980e-01,1.737314931917248173e-01,1.737314931917248173e-01,1.737314931917248173e-01,1.737314931917248173e-01
-8.783929347991943359e-01,-1.976178884506225586e-01,-1.907343268394470215e-01,5.315420627593994141e-01,1.077876448631286621e+00,-1.340855479240417480e+00,2.940895855426788330e-01,3.193644762039184570e+00,2.922383546829223633e-01,1.886856623606372740e-01,1.886856623606372740e-01,1.886856623606372740e-01,1.886856623606372740e-01
-8.774119615554809570e-01,-1.975824832916259766e-01,-1.899910271167755127e-01,5.306258201599121094e-01,1.077503442764282227e+00,-1.338734984397888184e+00,2.944856882095336914e-01,3.189652442932128906e+00,2.918077707290649414e-01,2.040953847741464044e-01,2.040953847741464044e-01,2.040953847741464044e-01,2.040953847741464044e-01
-8.761942386627197266e-01,-1.971202492713928223e-01,-1.895583271980285645e-01,5.297402143478393555e-01,1.076916933059692383e+00,-1.337342381477355957e+00,2.942589521408081055e-01,3.186261415481567383e+00,2.915209531784057617e-01,2.199362804493639190e-01,2.199362804493639190e-01,2.199362804493639190e-01,2.199362804493639190e-01
-8.753232955932617188e-01,-1.969304084777832031e-01,-1.889871656894683838e-01,5.291687250137329102e-01,1.076680898666381836e+00,-1.335977315902709961e+00,2.943398356437683105e-01,3.183506250381469727e+00,2.912272512912750244e-01,2.361834275874205580e-01,2.361834275874205580e-01,2.361834275874205580e-01,2.361834275874205580e-01
-8.744589090347290039e-01,-1.966760754585266113e-01,-1.885116696357727051e-01,5.287166833877563477e-01,1.076573133468627930e+00,-1.334985256195068359e+00,2.942310869693756104e-01,3.181359291076660156e+00,2.909783422946929932e-01,2.528114034845798663e-01,2.528114034845798663e-01,2.528114034845798663e-01,2.528114034845798663e-01
-8.737778663635253906e-01,-1.965443193912506104e-01,-1.880385875701904297e-01,5.284600853919982910e-01,1.076723337173461914e+00,-1.334196090698242188e+00,2.941837906837463379e-01,3.179857492446899414e+00,2.907378673553466797e-01,2.697943258790588827e-01,2.697943258790588827e-01,2.697943258790588827e-01,2.697943258790588827e-01
-8.731945753097534180e-01,-1.964523792266845703e-01,-1.876247823238372803e-01,5.283508300781250000e-01,1.077081680297851562e+00,-1.333695411682128906e+00,2.940758168697357178e-01,3.178997278213500977e+00,2.905174195766448975e-01,2.871058946664996059e-01,2.871058946664996059e-01,2.871058946664996059e-01,2.871058946664996059e-01
-8.727536797523498535e-01,-1.964458227157592773e-01,-1.872499883174896240e-01,5.284083485603332520e-01,1.077682137489318848e+00,-1.333443880081176758e+00,2.939690351486206055e-01,3.178793191909790039e+00,2.903074026107788086e-01,3.047194339171861444e-01,3.047194339171861444e-01,3.047194339171861444e-01,3.047194339171861444e-01
-8.724359273910522461e-01,-1.965055465698242188e-01,-1.869295537471771240e-01,5.286216139793395996e-01,1.078514337539672852e+00,-1.333463311195373535e+00,2.938346862792968750e-01,3.179249525070190430e+00,2.901098728179931641e-01,3.226079341284272539e-01,3.226079341284272539e-01,3.226079341284272539e-01,3.226079341284272539e-01
-8.722534179687500000e-01,-1.966424286365509033e-01,-1.866605579853057861e-01,5.289956927299499512e-01,1.079587697982788086e+00,-1.333745479583740234e+00,2.936890721321105957e-01,3.180373191833496094e+00,2.899219393730163574e-01,3.407440946458990538e-01,3.407440946458990538e-01,3.407440946458990538e-01,3.407440946458990538e-01
-8.737186789512634277e-01,-1.962520629167556763e-01,-1.851839423179626465e-01,5.301883220672607422e-01,1.080184698104858398e+00,-1.337116956710815430e+00,2.938069105148315430e-01,3.185258865356445312e+00,2.922389805316925049e-01,3.591003661882484765e-01,3.591003661882484765e-01,3.591003661882484765e-01,3.591003661882484765e-01
-8.740653991699218750e-01,-1.970022618770599365e-01,-1.849686205387115479e-01,5.308388471603393555e-01,1.082368135452270508e+00,-1.337352037429809570e+00,2.943303883075714111e-01,3.187716007232666016e+00,2.917397618293762207e-01,3.776489934098510859e-01,3.776489934098510859e-01,3.776489934098510859e-01,3.776489934098510859e-01
-8.740856647491455078e-01,-1.971900463104248047e-01,-1.851883232593536377e-01,5.314418673515319824e-01,1.084208250045776367e+00,-1.338516831398010254e+00,2.940277159214019775e-01,3.190843105316162109e+00,2.914401888847351074e-01,3.963620574372521133e-01,3.963620574372521133e-01,3.963620574372521133e-01,3.963620574372521133e-01
-8.745298385620117188e-01,-1.977229118347167969e-01,-1.852441281080245972e-01,5.324175357818603516e-01,1.086472988128662109e+00,-1.339660167694091797e+00,2.941292226314544678e-01,3.194680213928222656e+00,2.911086380481719971e-01,4.152115183156639411e-01,4.152115183156639411e-01,4.152115183156639411e-01,4.152115183156639411e-01
-8.749715089797973633e-01,-1.981680393218994141e-01,-1.854228675365447998e-01,5.335049033164978027e-01,1.088850021362304688e+00,-1.341230273246765137e+00,2.940007150173187256e-01,3.199173927307128906e+00,2.908351719379425049e-01,4.341692573026689206e-01,4.341692573026689206e-01,4.341692573026689206e-01,4.341692573026689206e-01
-8.756201267242431641e-01,-1.987495124340057373e-01,-1.856100708246231079e-01,5.348065495491027832e-01,1.091502189636230469e+00,-1.343007802963256836e+00,2.939531207084655762e-01,3.204357862472534180e+00,2.905647158622741699e-01,4.532071189472732797e-01,4.532071189472732797e-01,4.532071189472732797e-01,4.532071189472732797e-01
-8.763754367828369141e-01,-1.993688941001892090e-01,-1.858695149421691895e-01,5.362598896026611328e-01,1.094361305236816406e+00,-1.345092296600341797e+00,2.938403487205505371e-01,3.210215091705322266e+00,2.903168499469757080e-01,4.722969528934483630e-01,4.722969528934483630e-01,4.722969528934483630e-01,4.722969528934483630e-01
-8.772836923599243164e-01,-2.000761628150939941e-01,-1.861780583858489990e-01,5.378862619400024414e-01,1.097463846206665039e+00,-1.347433090209960938e+00,2.937335669994354248e-01,3.216751813888549805e+00,2.900776267051696777e-01,4.914106553484169915e-01,4.914106553484169915e-01,4.914106553484169915e-01,4.914106553484169915e-01
-8.783228397369384766e-01,-2.008495330810546875e-01,-1.865508556365966797e-01,5.396704673767089844e-01,1.100793957710266113e+00,-1.350050449371337891e+00,2.936015725135803223e-01,3.223960638046264648e+00,2.898504137992858887e-01,5.105202101571109097e-01,5.105202101571109097e-01,5.105202101571109097e-01,5.105202101571109097e-01
-8.795026540756225586e-01,-2.016994059085845947e-01,-1.869841217994689941e-01,5.416154861450195312e-01,1.104358196258544922e+00,-1.352930784225463867e+00,2.934612929821014404e-01,3.231838226318359375e+00,2.896310985088348389e-01,5.295977294254613499e-01,5.295977294254613499e-01,5.295977294254613499e-01,5.295977294254613499e-01
-8.827866315841674805e-01,-2.020598053932189941e-01,-1.862331032752990723e-01,5.447069406509399414e-01,1.107841849327087402e+00,-1.359802722930908203e+00,2.936621308326721191e-01,3.245205402374267578e+00,2.922372817993164062e-01,5.486154936365498225e-01,5.486154936365498225e-01,5.486154936365498225e-01,5.486154936365498225e-01
-8.845688104629516602e-01,-2.035894244909286499e-01,-1.867119073867797852e-01,5.469768643379211426e-01,1.112595081329345703e+00,-1.362507581710815430e+00,2.943510711193084717e-01,3.254403591156005859e+00,2.916371822357177734e-01,5.675459912049773958e-01,5.675459912049773958e-01,5.675459912049773958e-01,5.675459912049773958e-01
-8.859304189682006836e-01,-2.044405192136764526e-01,-1.876907050609588623e-01,5.491003394126892090e-01,1.116869568824768066e+00,-1.366266846656799316e+00,2.940515577793121338e-01,3.264214277267456055e+00,2.912986874580383301e-01,5.863619574163180248e-01,5.863619574163180248e-01,5.863619574163180248e-01,5.863619574163180248e-01
-8.877475261688232422e-01,-2.056804895401000977e-01,-1.884900778532028198e-01,5.516218543052673340e-01,1.121595501899719238e+00,-1.369934797286987305e+00,2.942194938659667969e-01,3.274707317352294922e+00,2.908986210823059082e-01,6.050364126999950853e-01,6.050364126999950853e-01,6.050364126999950853e-01,6.050364126999950853e-01
-8.895446062088012695e-01,-2.068109363317489624e-01,-1.894214302301406860e-01,5.542271137237548828e-01,1.126385569572448730e+00,-1.374033451080322266e+00,2.941336035728454590e-01,3.285800933837890625e+00,2.905702590942382812e-01,6.235427001855080587e-01,6.235427001855080587e-01,6.235427001855080587e-01,6.235427001855080587e-01
-8.915444612503051758e-01,-2.080767154693603516e-01,-1.903601884841918945e-01,5.570391416549682617e-01,1.131428003311157227e+00,-1.378309369087219238e+00,2.941356599330902100e-01,3.297526359558105469e+00,2.902396917343139648e-01,6.418545224935849891e-01,6.418545224935849891e-01,6.418545224935849891e-01,6.418545224935849891e-01
-8.936405181884765625e-01,-2.093705236911773682e-01,-1.913715600967407227e-01,5.599843859672546387e-01,1.136640191078186035e+00,-1.382869005203247070e+00,2.940716445446014404e-01,3.309853315353393555e+00,2.899342775344848633e-01,6.599459777154588203e-01,6.599459777154588203e-01,6.599459777154588203e-01,6.599459777154588203e-01
-8.958779573440551758e-01,-2.107438743114471436e-01,-1.924312263727188110e-01,5.630856156349182129e-01,1.142059564590454102e+00,-1.387653827667236328e+00,2.940142452716827393e-01,3.322779655456542969e+00,2.896357774734497070e-01,6.777915945352570581e-01,6.777915945352570581e-01,6.777915945352570581e-01,6.777915945352570581e-01
-8.982330560684204102e-01,-2.121732831001281738e-01,-1.935534477233886719e-01,5.663231611251831055e-01,1.147665262222290039e+00,-1.392681837081909180e+00,2.939328551292419434e-01,3.336288213729858398e+00,2.893500328063964844e-01,6.953663664522098387e-01,6.953663664522098387e-01,6.953663664522098387e-01,6.953663664522098387e-01
-9.007130861282348633e-01,-2.136688679456710815e-01,-1.947332471609115601e-01,5.696991086006164551e-01,1.153461813926696777e+00,-1.397935152053833008e+00,2.938435971736907959e-01,3.350366830825805664e+00,2.890715003013610840e-01,7.126457850612456513e-01,7.126457850612456513e-01,7.126457850612456513e-01,7.126457850612456513e-01
-9.054898023605346680e-01,-2.148073464632034302e-01,-1.943500936031341553e-01,5.743494033813476562e-01,1.158948183059692383e+00,-1.407903909683227539e+00,2.936953008174896240e-01,3.370604515075683594e+00,2.922366261482238770e-01,7.296058723523343170e-01,7.296058723523343170e-01,7.296058723523343170e-01,7.296058723523343170e-01
-9.085965156555175781e-01,-2.169773280620574951e-01,-1.955831050872802734e-01,5.780666470527648926e-01,1.165915727615356445e+00,-1.412800669670104980e+00,2.945892214775085449e-01,3.385806083679199219e+00,2.914995849132537842e-01,7.462232119908853711e-01,7.462232119908853711e-01,7.462232119908853711e-01,7.462232119908853711e-01
-9.111969470977783203e-01,-2.183860391378402710e-01,-1.973274648189544678e-01,5.815218687057495117e-01,1.172277450561523438e+00,-1.418794393539428711e+00,2.943877875804901123e-01,3.401457071304321289e+00,2.910854518413543701e-01,7.624749795433842792e-01,7.624749795433842792e-01,7.624749795433842792e-01,7.624749795433842792e-01
-9.142423868179321289e-01,-2.202070206403732300e-01,-1.988841593265533447e-01,5.853619575500488281e-01,1.179074287414550781e+00,-1.424609661102294922e+00,2.946810126304626465e-01,3.417667150497436523e+00,2.905791699886322021e-01,7.783389716144057946e-01,7.783389716144057946e-01,7.783389716144057946e-01,7.783389716144057946e-01
-9.172384142875671387e-01,-2.218980044126510620e-01,-2.005651295185089111e-01,5.892366170883178711e-01,1.185859918594360352e+00,-1.430816769599914551e+00,2.947036921977996826e-01,3.434328079223632812e+00,2.901597023010253906e-01,7.937936338631252919e-01,7.937936338631252919e-01,7.937936338631252919e-01,7.937936338631252919e-01
-9.204096794128417969e-01,-2.237148284912109375e-01,-2.022426128387451172e-01,5.932854413986206055e-01,1.192840814590454102e+00,-1.437139272689819336e+00,2.948137223720550537e-01,3.451469421386718750e+00,2.897341549396514893e-01,8.088180878694199993e-01,8.088180878694199993e-01,8.088180878694199993e-01,8.088180878694199993e-01
-9.236483573913574219e-01,-2.255434691905975342e-01,-2.039801478385925293e-01,5.974277853965759277e-01,1.199921250343322754e+00,-1.443688988685607910e+00,2.948520481586456299e-01,3.469050407409667969e+00,2.893393635749816895e-01,8.233921568216850950e-01,8.233921568216850950e-01,8.233921568216850950e-01,8.233921568216850950e-01
-9.269980192184448242e-01,-2.274363487958908081e-01,-2.057526260614395142e-01,6.016873121261596680e-01,1.207139968872070312e+00,-1.450401186943054199e+00,2.948933541774749756e-01,3.487063169479370117e+00,2.889536023139953613e-01,8.374963900004896988e-01,8.374963900004896988e-01,8.374963900004896988e-01,8.374963900004896988e-01
-9.304327964782714844e-01,-2.293682098388671875e-01,-2.075726240873336792e-01,6.060424447059631348e-01,1.214471936225891113e+00,-1.457291841506958008e+00,2.949056625366210938e-01,3.505481481552124023e+00,2.885836958885192871e-01,8.511120860342669125e-01,8.511120860342669125e-01,8.511120860342669125e-01,8.511120860342669125e-01
-9.339586496353149414e-01,-2.313483506441116333e-01,-2.094343602657318115e-01,6.104933619499206543e-01,1.221919655799865723e+00,-1.464340090751647949e+00,2.949062585830688477e-01,3.524286031723022461e+00,2.882241606712341309e-01,8.642213149052361265e-01,8.642213149052361265e-01,8.642213149052361265e-01,8.642213149052361265e-01
-9.396692514419555664e-01,-2.332347333431243896e-01,-2.089129686355590820e-01,6.160943508148193359e-01,1.228115797042846680e+00,-1.476601123809814453e+00,2.939172089099884033e-01,3.548689603805541992e+00,2.922500967979431152e-01,8.768069386858518000e-01,8.768069386858518000e-01,8.768069386858518000e-01,8.768069386858518000e-01
-9.437963962554931641e-01,-2.358063012361526489e-01,-2.108350843191146851e-01,6.208778619766235352e-01,1.236621141433715820e+00,-1.483082413673400879e+00,2.950397431850433350e-01,3.568260431289672852e+00,2.913638353347778320e-01,8.888526309880880882e-01,8.888526309880880882e-01,8.888526309880880882e-01,8.888526309880880882e-01
-9.473482370376586914e-01,-2.375734448432922363e-01,-2.132396399974822998e-01,6.252802610397338867e-01,1.244415521621704102e+00,-1.490625143051147461e+00,2.950186431407928467e-01,3.588043928146362305e+00,2.908499240875244141e-01,9.003428951099452515e-01,9.003428951099452515e-01,9.003428951099452515e-01,9.003428951099452515e-01
-9.513043165206909180e-01,-2.397629469633102417e-01,-2.154505848884582520e-01,6.300182342529296875e-01,1.252594232559204102e+00,-1.497891664505004883e+00,2.954906821250915527e-01,3.608187913894653320e+00,2.902182042598724365e-01,9.112630808656085879e-01,9.112630808656085879e-01,9.112630808656085879e-01,9.112630808656085879e-01
-9.551693797111511230e-01,-2.418026924133300781e-01,-2.177660018205642700e-01,6.347241997718811035e-01,1.260667085647583008e+00,-1.505481004714965820e+00,2.956776320934295654e-01,3.628566026687622070e+00,2.896889746189117432e-01,9.215994000877205661e-01,9.215994000877205661e-01,9.215994000877205661e-01,9.215994000877205661e-01
-9.591665267944335938e-01,-2.439568936824798584e-01,-2.200564593076705933e-01,6.395515203475952148e-01,1.268853902816772461e+00,-1.513100743293762207e+00,2.959422469139099121e-01,3.649204730987548828e+00,2.891538143157958984e-01,9.313389407922807450e-01,9.313389407922807450e-01,9.313389407922807450e-01,9.313389407922807450e-01
-9.631869792938232422e-01,-2.461027204990386963e-01,-2.223834395408630371e-01,6.444156169891357422e-01,1.277046442031860352e+00,-1.520868659019470215e+00,2.961232662200927734e-01,3.670058250427246094e+00,2.886583507061004639e-01,9.404696799986829170e-01,9.404696799986829170e-01,9.404696799986829170e-01,9.404696799986829170e-01
-9.672737121582031250e-01,-2.482944130897521973e-01,-2.247194796800613403e-01,6.493428945541381836e-01,1.285285115242004395e+00,-1.528714656829833984e+00,2.962979972362518311e-01,3.691111326217651367e+00,2.881783545017242432e-01,9.489804951994409432e-01,9.489804951994409432e-01,9.489804951994409432e-01,9.489804951994409432e-01
-9.713997840881347656e-01,-2.505041062831878662e-01,-2.270760834217071533e-01,6.543103456497192383e-01,1.293541312217712402e+00,-1.536655068397521973e+00,2.964332401752471924e-01,3.712335109710693359e+00,2.877224385738372803e-01,9.568611744760939786e-01,9.568611744760939786e-01,9.568611744760939786e-01,9.568611744760939786e-01
-9.755696654319763184e-01,-2.527409791946411133e-01,-2.294471114873886108e-01,6.593181490898132324e-01,1.301816225051879883e+00,-1.544666647911071777e+00,2.965455651283264160e-01,3.733705759048461914e+00,2.872845530509948730e-01,9.641024252597958366e-01,9.641024252597958366e-01,9.641024252597958366e-01,9.641024252597958366e-01
-9.814891815185546875e-01,-2.552684545516967773e-01,-2.283363044261932373e-01,6.651555299758911133e-01,1.307357549667358398e+00,-1.558071613311767578e+00,2.943107783794403076e-01,3.759005308151245117e+00,2.922923862934112549e-01,9.706958817370092696e-01,9.706958817370092696e-01,9.706958817370092696e-01,9.706958817370092696e-01
-9.861905574798583984e-01,-2.579529881477355957e-01,-2.307624816894531250e-01,6.704550981521606445e-01,1.316493272781372070e+00,-1.565312027931213379e+00,2.956476211547851562e-01,3.780671358108520508e+00,2.912913560867309570e-01,9.766341109026501766e-01,9.766341109026501766e-01,9.766341109026501766e-01,9.766341109026501766e-01
-9.902726411819458008e-01,-2.598324418067932129e-01,-2.336124181747436523e-01,6.752743721008300781e-01,1.324849843978881836e+00,-1.573507905006408691e+00,2.958554029464721680e-01,3.802285909652709961e+00,2.906879186630249023e-01,9.819106172649277875e-01,9.819106172649277875e-01,9.819106172649277875e-01,9.819106172649277875e-01
-9.946963787078857422e-01,-2.621297240257263184e-01,-2.362627238035202026e-01,6.803520321846008301e-01,1.333510875701904297e+00,-1.581333518028259277e+00,2.965265512466430664e-01,3.824014663696289062e+00,2.899529635906219482e-01,9.865198462079671771e-01,9.865198462079671771e-01,9.865198462079671771e-01,9.865198462079671771e-01
-9.989823102951049805e-01,-2.642601728439331055e-01,-2.389884889125823975e-01,6.853242516517639160e-01,1.341966032981872559e+00,-1.589392781257629395e+00,2.969030737876892090e-01,3.845725059509277344e+00,2.893345952033996582e-01,9.904571860201557554e-01,9.904571860201557554e-01,9.904571860201557554e-01,9.904571860201557554e-01
-1.003347992897033691e+00,-2.664921283721923828e-01,-2.416609227657318115e-01,6.903530359268188477e-01,1.350440502166748047e+00,-1.597387433052062988e+00,2.973431050777435303e-01,3.867443084716796875e+00,2.887142002582550049e-01,9.937189685979198606e-01,9.937189685979198606e-01,9.937189685979198606e-01,9.937189685979198606e-01
-1.007684469223022461e+00,-2.686942219734191895e-01,-2.443376034498214722e-01,6.953538656234741211e-01,1.358816385269165039e+00,-1.605440974235534668e+00,2.976834475994110107e-01,3.889117717742919922e+00,2.881461381912231445e-01,9.963024688364161552e-01,9.963024688364161552e-01,9.963024688364161552e-01,9.963024688364161552e-01
-1.012034893035888672e+00,-2.709237337112426758e-01,-2.469895929098129272e-01,7.003570795059204102e-01,1.367137193679809570e+00,-1.613478183746337891e+00,2.980039715766906738e-01,3.910733938217163086e+00,2.876018583774566650e-01,9.982059027203320500e-01,9.982059027203320500e-01,9.982059027203320500e-01,9.982059027203320500e-01
-1.016371250152587891e+00,-2.731480002403259277e-01,-2.496283948421478271e-01,7.053385972976684570e-01,1.375370025634765625e+00,-1.621518850326538086e+00,2.982705235481262207e-01,3.932260990142822266e+00,2.870935499668121338e-01,9.994284241296630400e-01,9.994284241296630400e-01,9.994284241296630400e-01,9.994284241296630400e-01
-1.020699739456176758e+00,-2.753781080245971680e-01,-2.522462606430053711e-01,7.103013992309570312e-01,1.383518695831298828e+00,-1.629537343978881836e+00,2.985026836395263672e-01,3.953677177429199219e+00,2.866134643554687500e-01,9.999701203769770785e-01,9.999701203769770785e-01,9.999701203769770785e-01,9.999701203769770785e-01
-1.026033878326416016e+00,-2.783330678939819336e-01,-2.503355145454406738e-01,7.157293558120727539e-01,1.387307405471801758e+00,-1.642701148986816406e+00,2.948297262191772461e-01,3.976630687713623047e+00,2.923694849014282227e-01,9.998320064942627372e-01,9.998320064942627372e-01,9.998320064942627372e-01,9.998320064942627372e-01
-1.030791878700256348e+00,-2.808434963226318359e-01,-2.529929578304290771e-01,7.208986878395080566e-01,1.396063089370727539e+00,-1.649791240692138672e+00,2.963228523731231689e-01,3.997837066650390625e+00,2.913372516632080078e-01,9.990160182890028828e-01,9.990160182890028828e-01,9.990160182890028828e-01,9.990160182890028828e-01
-1.034913897514343262e+00,-2.825900316238403320e-01,-2.559903860092163086e-01,7.255313396453857422e-01,1.404021978378295898e+00,-1.657669067382812500e+00,2.967604100704193115e-01,4.018729209899902344e+00,2.906940579414367676e-01,9.975250041906145171e-01,9.975250041906145171e-01,9.975250041906145171e-01,9.975250041906145171e-01
-1.039303541183471680e+00,-2.847289144992828369e-01,-2.587832212448120117e-01,7.303320169448852539e-01,1.412181377410888672e+00,-1.665103912353515625e+00,2.976109087467193604e-01,4.039481163024902344e+00,2.899228632450103760e-01,9.953627159098423771e-01,9.953627159098423771e-01,9.953627159098423771e-01,9.953627159098423771e-01
-1.043508172035217285e+00,-2.866874337196350098e-01,-2.616162896156311035e-01,7.349617481231689453e-01,1.420043587684631348e+00,-1.672675013542175293e+00,2.981633543968200684e-01,4.059963226318359375e+00,2.892772555351257324e-01,9.925337979350959960e-01,9.925337979350959960e-01,9.925337979350959960e-01,9.925337979350959960e-01
-1.047739744186401367e+00,-2.887321114540100098e-01,-2.643649280071258545e-01,7.395837306976318359e-01,1.427830576896667480e+00,-1.680089235305786133e+00,2.987648546695709229e-01,4.080201148986816406e+00,2.886362075805664062e-01,9.890437758910612942e-01,9.890437758910612942e-01,9.890437758910612942e-01,9.890437758910612942e-01
-1.051888465881347656e+00,-2.907252311706542969e-01,-2.670837044715881348e-01,7.441158294677734375e-01,1.435420751571655273e+00,-1.687473654747009277e+00,2.992533445358276367e-01,4.100145816802978516e+00,2.880579829216003418e-01,9.848990437862205072e-01,9.848990437862205072e-01,9.848990437862205072e-01,9.848990437862205072e-01
-1.055999755859375000e+00,-2.927262187004089355e-01,-2.697429358959197998e-01,7.485922574996948242e-01,1.442860603332519531e+00,-1.694751739501953125e+00,2.997108101844787598e-01,4.119785785675048828e+00,2.875127792358398438e-01,9.801068501771471597e-01,9.801068501771471597e-01,9.801068501771471597e-01,9.801068501771471597e-01
-1.060045123100280762e+00,-2.947003841400146484e-01,-2.723539173603057861e-01,7.529902458190917969e-01,1.450116395950317383e+00,-1.701945185661315918e+00,3.001034259796142578e-01,4.139091968536376953e+00,2.870133817195892334e-01,9.746752832786342857e-01,9.746752832786342857e-01,9.746752832786342857e-01,9.746752832786342857e-01
-1.064031362533569336e+00,-2.966582775115966797e-01,-2.749089300632476807e-01,7.573137283325195312e-01,1.457194209098815918e+00,-1.709029316902160645e+00,3.004514276981353760e-01,4.158044815063476562e+00,2.865517139434814453e-01,9.686132550498458560e-01,9.686132550498458560e-01,9.686132550498458560e-01,9.686132550498458560e-01
-1.068046927452087402e+00,-2.997270524501800537e-01,-2.722862660884857178e-01,7.618595361709594727e-01,1.458597898483276367e+00,-1.720516562461853027e+00,2.954118251800537109e-01,4.175942897796630859e+00,2.924728095531463623e-01,9.619304842877499651e-01,9.619304842877499651e-01,9.619304842877499651e-01,9.619304842877499651e-01
-1.072342157363891602e+00,-3.018118441104888916e-01,-2.748685777187347412e-01,7.662568092346191406e-01,1.466009855270385742e+00,-1.726593255996704102e+00,2.969627380371093750e-01,4.194228649139404297e+00,2.915164828300476074e-01,9.546374787601190626e-01,9.546374787601190626e-01,9.546374787601190626e-01,9.546374787601190626e-01
-1.076018571853637695e+00,-3.032194674015045166e-01,-2.776842415332794189e-01,7.701226472854614258e-01,1.472668528556823730e+00,-1.733240962028503418e+00,2.975915074348449707e-01,4.211976528167724609e+00,2.909036874771118164e-01,9.467455164113300903e-01,9.467455164113300903e-01,9.467455164113300903e-01,9.467455164113300903e-01
-1.079878330230712891e+00,-3.049610257148742676e-01,-2.802948653697967529e-01,7.740656137466430664e-01,1.479403972625732422e+00,-1.739413380622863770e+00,2.985603213310241699e-01,4.229353427886962891e+00,2.901865243911743164e-01,9.382666256751205358e-01,9.382666256751205358e-01,9.382666256751205358e-01,9.382666256751205358e-01
-1.083519816398620605e+00,-3.065177500247955322e-01,-2.829071283340454102e-01,7.777969241142272949e-01,1.485778212547302246e+00,-1.745622038841247559e+00,2.992491126060485840e-01,4.246247291564941406e+00,2.895928323268890381e-01,9.292135649292703192e-01,9.292135649292703192e-01,9.292135649292703192e-01,9.292135649292703192e-01
-1.087137222290039062e+00,-3.081376552581787109e-01,-2.854085862636566162e-01,7.814650535583496094e-01,1.491994142532348633e+00,-1.751599907875061035e+00,2.999732494354248047e-01,4.262681961059570312e+00,2.890110611915588379e-01,9.195998011279906681e-01,9.195998011279906681e-01,9.195998011279906681e-01,9.195998011279906681e-01
-1.090626955032348633e+00,-3.096868395805358887e-01,-2.878507971763610840e-01,7.849963307380676270e-01,1.497937679290771484e+00,-1.757469296455383301e+00,3.005802333354949951e-01,4.278617382049560547e+00,2.884967029094696045e-01,9.094394876485163426e-01,9.094394876485163426e-01,9.094394876485163426e-01,9.094394876485163426e-01
-1.094035744667053223e+00,-3.112247288227081299e-01,-2.902042269706726074e-01,7.884261608123779297e-01,1.503657102584838867e+00,-1.763156414031982422e+00,3.011526167392730713e-01,4.294046878814697266e+00,2.880200743675231934e-01,8.987474413890548242e-01,8.987474413890548242e-01,8.987474413890548242e-01,8.987474413890548242e-01
-1.097334861755371094e+00,-3.127151131629943848e-01,-2.924818694591522217e-01,7.917325496673583984e-01,1.509120702743530273e+00,-1.768686294555664062e+00,3.016567826271057129e-01,4.308948040008544922e+00,2.875935733318328857e-01,8.875391191558755777e-01,8.875391191558755777e-01,8.875391191558755777e-01,8.875391191558755777e-01
-1.100533604621887207e+00,-3.141703605651855469e-01,-2.946762144565582275e-01,7.949222922325134277e-01,1.514338254928588867e+00,-1.774034261703491211e+00,3.021151125431060791e-01,4.323308467864990234e+00,2.872085571289062500e-01,8.758305933778409713e-01,8.758305933778409713e-01,8.758305933778409713e-01,8.758305933778409713e-01
-1.102686524391174316e+00,-3.170019984245300293e-01,-2.916145920753479004e-01,7.982904911041259766e-01,1.513175129890441895e+00,-1.782615780830383301e+00,2.959819734096527100e-01,4.334271907806396484e+00,2.925806045532226562e-01,8.636385271871970248e-01,8.636385271871970248e-01,8.636385271871970248e-01,8.636385271871970248e-01
-1.106066465377807617e+00,-3.184676766395568848e-01,-2.938424348831176758e-01,8.013856410980224609e-01,1.518471837043762207e+00,-1.786975145339965820e+00,2.974755764007568359e-01,4.347624778747558594e+00,2.917936444282531738e-01,8.509801489058534951e-01,8.509801489058534951e-01,8.509801489058534951e-01,8.509801489058534951e-01
-1.108882665634155273e+00,-3.193873763084411621e-01,-2.961761653423309326e-01,8.040218353271484375e-01,1.523121953010559082e+00,-1.791654825210571289e+00,2.982359528541564941e-01,4.360277175903320312e+00,2.912707030773162842e-01,8.378732259767524004e-01,8.378732259767524004e-01,8.378732259767524004e-01,8.378732259767524004e-01
-1.111790060997009277e+00,-3.205451965332031250e-01,-2.983153164386749268e-01,8.066548109054565430e-01,1.527716755867004395e+00,-1.795881271362304688e+00,2.992413043975830078e-01,4.372384548187255859e+00,2.906848192214965820e-01,8.243360383802582625e-01,8.243360383802582625e-01,8.243360383802582625e-01,8.243360383802582625e-01
-1.114468574523925781e+00,-3.215289711952209473e-01,-3.004189133644104004e-01,8.090693354606628418e-01,1.531927227973937988e+00,-1.800046801567077637e+00,3.000132739543914795e-01,4.383861541748046875e+00,2.902054190635681152e-01,8.103873515757145096e-01,8.103873515757145096e-01,8.103873515757145096e-01,8.103873515757145096e-01
-1.117078781127929688e+00,-3.225443065166473389e-01,-3.023967444896697998e-01,8.113811016082763672e-01,1.535917758941650391e+00,-1.803938508033752441e+00,3.008057773113250732e-01,4.394732952117919922e+00,2.897441685199737549e-01,7.960463890085682781e-01,7.960463890085682781e-01,7.960463890085682781e-01,7.960463890085682781e-01
-1.119533061981201172e+00,-3.234753906726837158e-01,-3.042942881584167480e-01,8.135313987731933594e-01,1.539596796035766602e+00,-1.807659506797790527e+00,3.014931380748748779e-01,4.404967784881591797e+00,2.893449962139129639e-01,7.813328042235301307e-01,7.813328042235301307e-01,7.813328042235301307e-01,7.813328042235301307e-01
-1.121874928474426270e+00,-3.243772089481353760e-01,-3.060868382453918457e-01,8.155505657196044922e-01,1.543009161949157715e+00,-1.811147212982177734e+00,3.021496832370758057e-01,4.414567947387695312e+00,2.889819145202636719e-01,7.662666526243945286e-01,7.662666526243945286e-01,7.662666526243945286e-01,7.662666526243945286e-01
-1.124078392982482910e+00,-3.252154588699340820e-01,-3.077878057956695557e-01,8.174207210540771484e-01,1.546130418777465820e+00,-1.814426064491271973e+00,3.027439713478088379e-01,4.423519611358642578e+00,2.886652350425720215e-01,7.508683629211081456e-01,7.508683629211081456e-01,7.508683629211081456e-01,7.508683629211081456e-01
-1.126154661178588867e+00,-3.260041475296020508e-01,-3.093909919261932373e-01,8.191490173339843750e-01,1.548973441123962402e+00,-1.817475795745849609e+00,3.032989501953125000e-01,4.431819915771484375e+00,2.883857488632202148e-01,7.351587083046950966e-01,7.351587083046950966e-01,7.351587083046950966e-01,7.351587083046950966e-01
-1.126183986663818359e+00,-3.282927572727203369e-01,-3.061571121215820312e-01,8.211635947227478027e-01,1.545353174209594727e+00,-1.822363376617431641e+00,2.964699268341064453e-01,4.434885025024414062e+00,2.926666140556335449e-01,7.191587773905294689e-01,7.191587773905294689e-01,7.191587773905294689e-01,7.191587773905294689e-01
-1.128319263458251953e+00,-3.290182948112487793e-01,-3.078264594078063965e-01,8.226232528686523438e-01,1.548066377639770508e+00,-1.824538707733154297e+00,2.977980971336364746e-01,4.441999912261962891e+00,2.920953929424285889e-01,7.028899449703340796e-01,7.028899449703340796e-01,7.028899449703340796e-01,7.028899449703340796e-01
-1.129984617233276367e+00,-3.293661475181579590e-01,-3.094593882560729980e-01,8.237524032592773438e-01,1.550295591354370117e+00,-1.826773405075073242e+00,2.986306548118591309e-01,4.448331356048583984e+00,2.916878759860992432e-01,6.863738426130958636e-01,6.863738426130958636e-01,6.863738426130958636e-01,6.863738426130958636e-01
-1.131643414497375488e+00,-3.298222124576568604e-01,-3.109279274940490723e-01,8.248158693313598633e-01,1.552342176437377930e+00,-1.828634381294250488e+00,2.995904684066772461e-01,4.454019069671630859e+00,2.912674844264984131e-01,6.696323291548131884e-01,6.696323291548131884e-01,6.696323291548131884e-01,6.696323291548131884e-01
-1.133094072341918945e+00,-3.301397562026977539e-01,-3.123244941234588623e-01,8.256886601448059082e-01,1.554032087326049805e+00,-1.830345392227172852e+00,3.003930449485778809e-01,4.459016323089599609e+00,2.909227013587951660e-01,6.526874611167721163e-01,6.526874611167721163e-01,6.526874611167721163e-01,6.526874611167721163e-01
-1.134439349174499512e+00,-3.304470777511596680e-01,-3.135978281497955322e-01,8.264362215995788574e-01,1.555464982986450195e+00,-1.831780314445495605e+00,3.011957406997680664e-01,4.463339328765869141e+00,2.906021773815155029e-01,6.355614630916260888e-01,6.355614630916260888e-01,6.355614630916260888e-01,6.355614630916260888e-01
-1.135623455047607422e+00,-3.306708335876464844e-01,-3.147792518138885498e-01,8.270224332809448242e-01,1.556590795516967773e+00,-1.833003401756286621e+00,3.019209504127502441e-01,4.466979503631591797e+00,2.903288602828979492e-01,6.182766981362421976e-01,6.182766981362421976e-01,6.182766981362421976e-01,6.182766981362421976e-01
-1.136676907539367676e+00,-3.308486938476562500e-01,-3.158548474311828613e-01,8.274658918380737305e-01,1.557441592216491699e+00,-1.833975315093994141e+00,3.026178479194641113e-01,4.469940185546875000e+00,2.900856435298919678e-01,6.008556382097791637e-01,6.008556382097791637e-01,6.008556382097791637e-01,6.008556382097791637e-01
-1.137582659721374512e+00,-3.309580087661743164e-01,-3.168349564075469971e-01,8.277562260627746582e-01,1.558005332946777344e+00,-1.834714174270629883e+00,3.032662272453308105e-01,4.472219467163085938e+00,2.898775041103363037e-01,5.833208346950481404e-01,5.833208346950481404e-01,5.833208346950481404e-01,5.833208346950481404e-01
-1.138350486755371094e+00,-3.310093879699707031e-01,-3.177164494991302490e-01,8.278986215591430664e-01,1.558294534683227539e+00,-1.835207462310791016e+00,3.038834929466247559e-01,4.473821163177490234e+00,2.896978557109832764e-01,5.656948890406219288e-01,5.656948890406219288e-01,5.656948890406219288e-01,5.656948890406219288e-01
-1.136305809020996094e+00,-3.325465321540832520e-01,-3.144337534904479980e-01,8.284680247306823730e-01,1.552461504936218262e+00,-1.836182117462158203e+00,2.968148589134216309e-01,4.468910217285156250e+00,2.927100360393524170e-01,5.480004235606305008e-01,5.480004235606305008e-01,5.480004235606305008e-01,5.480004235606305008e-01
-1.137030363082885742e+00,-3.324991762638092041e-01,-3.154360651969909668e-01,8.281986117362976074e-01,1.552485942840576172e+00,-1.835982918739318848e+00,2.979049682617187500e-01,4.469323158264160156e+00,2.923407852649688721e-01,5.302600524285759898e-01,5.302600524285759898e-01,5.302600524285759898e-01,5.302600524285759898e-01
-1.137408256530761719e+00,-3.322545886039733887e-01,-3.162628412246704102e-01,8.277553915977478027e-01,1.552214860916137695e+00,-1.835612416267395020e+00,2.987524867057800293e-01,4.468951225280761719e+00,2.920380532741546631e-01,5.124963529008098595e-01,5.124963529008098595e-01,5.124963529008098595e-01,5.124963529008098595e-01
-1.137685775756835938e+00,-3.319770991802215576e-01,-3.169727325439453125e-01,8.272091746330261230e-01,1.551663637161254883e+00,-1.834987878799438477e+00,2.996005415916442871e-01,4.467929363250732422e+00,2.917677462100982666e-01,4.947318368046922932e-01,4.947318368046922932e-01,4.947318368046922932e-01,4.947318368046922932e-01
-1.137806177139282227e+00,-3.316189646720886230e-01,-3.175802528858184814e-01,8.265251517295837402e-01,1.550824165344238281e+00,-1.834146261215209961e+00,3.003852367401123047e-01,4.466241359710693359e+00,2.915371358394622803e-01,4.769889223256637001e-01,4.769889223256637001e-01,4.769889223256637001e-01,4.769889223256637001e-01
-1.137792944908142090e+00,-3.312065601348876953e-01,-3.180829882621765137e-01,8.257102370262145996e-01,1.549721240997314453e+00,-1.833065152168273926e+00,3.011401295661926270e-01,4.463900566101074219e+00,2.913340032100677490e-01,4.592899061267539107e-01,4.592899061267539107e-01,4.592899061267539107e-01,4.592899061267539107e-01
-1.137637138366699219e+00,-3.307280838489532471e-01,-3.184915184974670410e-01,8.247557282447814941e-01,1.548353791236877441e+00,-1.831757068634033203e+00,3.018536567687988281e-01,4.460913181304931641e+00,2.911592125892639160e-01,4.416569358332262940e-01,4.416569358332262940e-01,4.416569358332262940e-01,4.416569358332262940e-01
-1.137345790863037109e+00,-3.301917016506195068e-01,-3.188050389289855957e-01,8.236652016639709473e-01,1.546734571456909180e+00,-1.830215454101562500e+00,3.025369644165039062e-01,4.457287788391113281e+00,2.910067737102508545e-01,4.241119829142276365e-01,4.241119829142276365e-01,4.241119829142276365e-01,4.241119829142276365e-01
-1.136917471885681152e+00,-3.295937478542327881e-01,-3.190294504165649414e-01,8.224370479583740234e-01,1.544866800308227539e+00,-1.828446388244628906e+00,3.031876087188720703e-01,4.453033447265625000e+00,2.908760905265808105e-01,4.066768159924932236e-01,4.066768159924932236e-01,4.066768159924932236e-01,4.066768159924932236e-01
-1.136356234550476074e+00,-3.289373517036437988e-01,-3.191661536693572998e-01,8.210734128952026367e-01,1.542758941650390625e+00,-1.826449155807495117e+00,3.038113117218017578e-01,4.448159217834472656e+00,2.907637059688568115e-01,3.893729746122024382e-01,3.893729746122024382e-01,3.893729746122024382e-01,3.893729746122024382e-01
-1.132576704025268555e+00,-3.296282887458801270e-01,-3.158042430877685547e-01,8.202071785926818848e-01,1.535048723220825195e+00,-1.823868274688720703e+00,2.969851493835449219e-01,4.436052799224853516e+00,2.927022576332092285e-01,3.722217434942451941e-01,3.722217434942451941e-01,3.722217434942451941e-01,3.722217434942451941e-01
-1.131906032562255859e+00,-3.288703262805938721e-01,-3.161275386810302734e-01,8.183474540710449219e-01,1.532634258270263672e+00,-1.821388483047485352e+00,2.978120148181915283e-01,4.430145263671875000e+00,2.924746274948120117e-01,3.552441273071428318e-01,3.552441273071428318e-01,3.552441273071428318e-01,3.552441273071428318e-01
-1.131020307540893555e+00,-3.280728459358215332e-01,-3.161605000495910645e-01,8.164681792259216309e-01,1.530102968215942383e+00,-1.818577289581298828e+00,2.986236214637756348e-01,4.423532485961914062e+00,2.922405302524566650e-01,3.384608259809490094e-01,3.384608259809490094e-01,3.384608259809490094e-01,3.384608259809490094e-01
-1.129963517189025879e+00,-3.271235525608062744e-01,-3.161326944828033447e-01,8.144775629043579102e-01,1.527242898941040039e+00,-1.815647125244140625e+00,2.993209064006805420e-01,4.416347980499267578e+00,2.920696735382080078e-01,3.218922105904445941e-01,3.218922105904445941e-01,3.218922105904445941e-01,3.218922105904445941e-01
-1.128818035125732422e+00,-3.261600434780120850e-01,-3.159809112548828125e-01,8.124122023582458496e-01,1.524186849594116211e+00,-1.812467575073242188e+00,3.000452220439910889e-01,4.408598899841308594e+00,2.919083535671234131e-01,3.055582998329299249e-01,3.055582998329299249e-01,3.055582998329299249e-01,3.055582998329299249e-01
-1.127524137496948242e+00,-3.251076042652130127e-01,-3.157536387443542480e-01,8.102283477783203125e-01,1.520891427993774414e+00,-1.809116125106811523e+00,3.007043302059173584e-01,4.400296211242675781e+00,2.917756140232086182e-01,2.894787371248970231e-01,2.894787371248970231e-01,2.894787371248970231e-01,2.894787371248970231e-01
-1.126124620437622070e+00,-3.240192234516143799e-01,-3.154360055923461914e-01,8.079434633255004883e-01,1.517401218414306641e+00,-1.805552482604980469e+00,3.013558089733123779e-01,4.391460418701171875e+00,2.916536629199981689e-01,2.736727683407896849e-01,2.736727683407896849e-01,2.736727683407896849e-01,2.736727683407896849e-01
-1.124598860740661621e+00,-3.228692412376403809e-01,-3.150445818901062012e-01,8.055449724197387695e-01,1.513707399368286133e+00,-1.801805615425109863e+00,3.019691407680511475e-01,4.382101535797119141e+00,2.915479838848114014e-01,2.581592202160344351e-01,2.581592202160344351e-01,2.581592202160344351e-01,2.581592202160344351e-01
-1.122963547706604004e+00,-3.216763436794281006e-01,-3.145757913589477539e-01,8.030415773391723633e-01,1.509829282760620117e+00,-1.797865152359008789e+00,3.025638461112976074e-01,4.372239112854003906e+00,2.914516925811767578e-01,2.429564794353842316e-01,2.429564794353842316e-01,2.429564794353842316e-01,2.429564794353842316e-01
-1.121213674545288086e+00,-3.204326331615447998e-01,-3.140369057655334473e-01,8.004315495491027832e-01,1.505768895149230957e+00,-1.793744921684265137e+00,3.031308352947235107e-01,4.361886024475097656e+00,2.913658916950225830e-01,2.280824724265799741e-01,2.280824724265799741e-01,2.280824724265799741e-01,2.280824724265799741e-01
-1.116246223449707031e+00,-3.202982246875762939e-01,-3.105011582374572754e-01,7.982851266860961914e-01,1.496639609336853027e+00,-1.788435101509094238e+00,2.969717085361480713e-01,4.344152450561523438e+00,2.926513254642486572e-01,2.135546458781838464e-01,2.135546458781838464e-01,2.135546458781838464e-01,2.135546458781838464e-01
-1.114370346069335938e+00,-3.189801275730133057e-01,-3.102106153964996338e-01,7.951676845550537109e-01,1.492330551147460938e+00,-1.784029483795166016e+00,2.975584268569946289e-01,4.333045482635498047e+00,2.924848198890686035e-01,1.993899479993437862e-01,1.993899479993437862e-01,1.993899479993437862e-01,1.993899479993437862e-01
-1.112392187118530273e+00,-3.177244961261749268e-01,-3.095649480819702148e-01,7.921525239944458008e-01,1.488039016723632812e+00,-1.779236197471618652e+00,2.982856333255767822e-01,4.321381568908691406e+00,2.922769486904144287e-01,1.856048105381202795e-01,1.856048105381202795e-01,1.856048105381202795e-01,1.856048105381202795e-01
-1.110213994979858398e+00,-3.162518739700317383e-01,-3.089063167572021484e-01,7.890489697456359863e-01,1.483431816101074219e+00,-1.774442315101623535e+00,2.988229990005493164e-01,4.309293270111083984e+00,2.921430170536041260e-01,1.722151315738455479e-01,1.722151315738455479e-01,1.722151315738455479e-01,1.722151315738455479e-01
-1.108013510704040527e+00,-3.148202002048492432e-01,-3.081178963184356689e-01,7.859308719635009766e-01,1.478722810745239258e+00,-1.769417762756347656e+00,2.994465231895446777e-01,4.296804428100585938e+00,2.920026779174804688e-01,1.592362590979081727e-01,1.592362590979081727e-01,1.592362590979081727e-01,1.592362590979081727e-01
-1.105672597885131836e+00,-3.132874965667724609e-01,-3.072845041751861572e-01,7.827255725860595703e-01,1.473828196525573730e+00,-1.764302730560302734e+00,2.999774217605590820e-01,4.283922672271728516e+00,2.918888926506042480e-01,1.466829753961141347e-01,1.466829753961141347e-01,1.466829753961141347e-01,1.466829753961141347e-01
-1.103270888328552246e+00,-3.117509782314300537e-01,-3.063715100288391113e-01,7.794653177261352539e-01,1.468820333480834961e+00,-1.759022235870361328e+00,3.005242347717285156e-01,4.270676612854003906e+00,2.917761802673339844e-01,1.345694822447457972e-01,1.345694822447457972e-01,1.345694822447457972e-01,1.345694822447457972e-01
-1.100767016410827637e+00,-3.101607561111450195e-01,-3.054084777832031250e-01,7.761292457580566406e-01,1.463675737380981445e+00,-1.753629922866821289e+00,3.010231554508209229e-01,4.257080554962158203e+00,2.916749715805053711e-01,1.229093869311921328e-01,1.229093869311921328e-01,1.229093869311921328e-01,1.229093869311921328e-01
-1.098191976547241211e+00,-3.085518479347229004e-01,-3.043844103813171387e-01,7.727321386337280273e-01,1.458424568176269531e+00,-1.748104214668273926e+00,3.015131056308746338e-01,4.243158340454101562e+00,2.915762960910797119e-01,1.117156891089389759e-01,1.117156891089389759e-01,1.117156891089389759e-01,1.117156891089389759e-01
-1.095533013343811035e+00,-3.069076836109161377e-01,-3.033110797405242920e-01,7.692697644233703613e-01,1.453064203262329102e+00,-1.742469072341918945e+00,3.019713163375854492e-01,4.228926658630371094e+00,2.914835810661315918e-01,1.010007684955362417e-01,1.010007684955362417e-01,1.010007684955362417e-01,1.010007684955362417e-01
-1.090035080909729004e+00,-3.060694336891174316e-01,-2.995494604110717773e-01,7.661625146865844727e-01,1.443136453628540039e+00,-1.735550761222839355e+00,2.967838943004608154e-01,4.207761287689208984e+00,2.925755977630615234e-01,9.077637342102740092e-02,9.077637342102740092e-02,9.077637342102740092e-02,9.077637342102740092e-02
-1.087286829948425293e+00,-3.044085502624511719e-01,-2.987651228904724121e-01,7.622503042221069336e-01,1.437675714492797852e+00,-1.729786515235900879e+00,2.971949279308319092e-01,4.193135261535644531e+00,2.923980355262756348e-01,8.105361023318369273e-02,8.105361023318369273e-02,8.105361023318369273e-02,8.105361023318369273e-02
-1.084506750106811523e+00,-3.028350472450256348e-01,-2.976297438144683838e-01,7.585149407386779785e-01,1.432302713394165039e+00,-1.723695755004882812e+00,2.977929413318634033e-01,4.178154468536376953e+00,2.921822071075439453e-01,7.184293356476162407e-02,7.184293356476162407e-02,7.184293356476162407e-02,7.184293356476162407e-02
-1.081554532051086426e+00,-3.010528683662414551e-01,-2.965056300163269043e-01,7.547417879104614258e-01,1.426688551902770996e+00,-1.717684268951416016e+00,2.981905639171600342e-01,4.162944793701171875e+00,2.920345664024353027e-01,6.315413746686887597e-02,6.315413746686887597e-02,6.315413746686887597e-02,6.315413746686887597e-02
-1.078625679016113281e+00,-2.993358075618743896e-01,-2.952668666839599609e-01,7.510032653808593750e-01,1.421050786972045898e+00,-1.711513876914978027e+00,2.986829876899719238e-01,4.147532939910888672e+00,2.918798923492431641e-01,5.499634741142689354e-02,5.499634741142689354e-02,5.499634741142689354e-02,5.499634741142689354e-02
-1.075592160224914551e+00,-2.975358664989471436e-01,-2.940060496330261230e-01,7.472248673439025879e-01,1.415306091308593750e+00,-1.705331563949584961e+00,2.990802228450775146e-01,4.131928443908691406e+00,2.917475998401641846e-01,4.737801316459505641e-02,4.737801316459505641e-02,4.737801316459505641e-02,4.737801316459505641e-02
-1.072539925575256348e+00,-2.957561314105987549e-01,-2.926847934722900391e-01,7.434398531913757324e-01,1.409527778625488281e+00,-1.699060440063476562e+00,2.994947433471679688e-01,4.116164207458496094e+00,2.916144728660583496e-01,4.030690253193303096e-02,4.030690253193303096e-02,4.030690253193303096e-02,4.030690253193303096e-02
-1.069424629211425781e+00,-2.939439117908477783e-01,-2.913349866867065430e-01,7.396268248558044434e-01,1.403692960739135742e+00,-1.692756891250610352e+00,2.998595237731933594e-01,4.100255489349365234e+00,2.914902567863464355e-01,3.379009597501331230e-02,3.379009597501331230e-02,3.379009597501331230e-02,3.379009597501331230e-02
-1.066279768943786621e+00,-2.921363711357116699e-01,-2.899443209171295166e-01,7.358012795448303223e-01,1.397831201553344727e+00,-1.686399936676025391e+00,3.002156019210815430e-01,4.084228038787841797e+00,2.913673818111419678e-01,2.783398209810195034e-02,2.783398209810195034e-02,2.783398209810195034e-02,2.783398209810195034e-02
-1.063092470169067383e+00,-2.903161942958831787e-01,-2.885255813598632812e-01,7.319592833518981934e-01,1.391939878463745117e+00,-1.680014610290527344e+00,3.005390465259552002e-01,4.068100929260253906e+00,2.912490665912628174e-01,2.244425400250438241e-02,2.244425400250438241e-02,2.244425400250438241e-02,2.244425400250438241e-02
-1.057727098464965820e+00,-2.889819443225860596e-01,-2.845979034900665283e-01,7.283604145050048828e-01,1.381987452507019043e+00,-1.672711849212646484e+00,2.964558899402618408e-01,4.046083927154541016e+00,2.924973368644714355e-01,1.762590650509948675e-02,1.762590650509948675e-02,1.762590650509948675e-02,1.762590650509948675e-02
-1.054532170295715332e+00,-2.872297763824462891e-01,-2.834759354591369629e-01,7.241791486740112305e-01,1.376209259033203125e+00,-1.666302680969238281e+00,2.967714071273803711e-01,4.029955863952636719e+00,2.922642827033996582e-01,1.338323421661252732e-02,1.338323421661252732e-02,1.338323421661252732e-02,1.338323421661252732e-02
-1.051324129104614258e+00,-2.855153381824493408e-01,-2.820803523063659668e-01,7.201998233795166016e-01,1.370522975921630859e+00,-1.659729599952697754e+00,2.972064912319183350e-01,4.013705253601074219e+00,2.920218110084533691e-01,9.719830474132051812e-03,9.719830474132051812e-03,9.719830474132051812e-03,9.719830474132051812e-03
-1.048026084899902344e+00,-2.836669087409973145e-01,-2.806893885135650635e-01,7.162532806396484375e-01,1.364714145660400391e+00,-1.653270840644836426e+00,2.974986433982849121e-01,3.997441291809082031e+00,2.918327450752258301e-01,6.638587121420957970e-03,6.638587121420957970e-03,6.638587121420957970e-03,6.638587121420957970e-03
-1.044769406318664551e+00,-2.818739712238311768e-01,-2.792201638221740723e-01,7.123775482177734375e-01,1.358939647674560547e+00,-1.646766662597656250e+00,2.978471517562866211e-01,3.981186866760253906e+00,2.916461825370788574e-01,4.141695129608213843e-03,4.141695129608213843e-03,4.141695129608213843e-03,4.141695129608213843e-03
-1.041468620300292969e+00,-2.800424396991729736e-01,-2.777408957481384277e-01,7.085192203521728516e-01,1.353150367736816406e+00,-1.640316963195800781e+00,2.981214821338653564e-01,3.964957237243652344e+00,2.914777994155883789e-01,2.230646049889428717e-03,2.230646049889428717e-03,2.230646049889428717e-03,2.230646049889428717e-03
-1.038182973861694336e+00,-2.782422304153442383e-01,-2.762273550033569336e-01,7.046988010406494141e-01,1.347398519515991211e+00,-1.633873701095581055e+00,2.983984351158142090e-01,3.948780775070190430e+00,2.913128733634948730e-01,9.062342889703534077e-04,9.062342889703534077e-04,9.062342889703534077e-04,9.062342889703534077e-04
-1.034884572029113770e+00,-2.764411270618438721e-01,-2.747028470039367676e-01,7.009025216102600098e-01,1.341672658920288086e+00,-1.627475976943969727e+00,2.986331880092620850e-01,3.932674407958984375e+00,2.911565005779266357e-01,1.685601970686789741e-04,1.685601970686789741e-04,1.685601970686789741e-04,1.685601970686789741e-04
-1.031596660614013672e+00,-2.746633291244506836e-01,-2.731601595878601074e-01,6.971414685249328613e-01,1.335994958877563477e+00,-1.621112823486328125e+00,2.988526523113250732e-01,3.916662216186523438e+00,2.910038828849792480e-01,1.703395743080093894e-05,1.703395743080093894e-05,1.703395743080093894e-05,1.703395743080093894e-05
-1.028312802314758301e+00,-2.728991210460662842e-01,-2.716088891029357910e-01,6.934142708778381348e-01,1.330366373062133789e+00,-1.614802956581115723e+00,2.990422248840332031e-01,3.900763988494873047e+00,2.908567488193511963e-01,4.503802654653998871e-04,4.503802654653998871e-04,4.503802654653998871e-04,4.503802654653998871e-04
-1.023666620254516602e+00,-2.713315188884735107e-01,-2.676964998245239258e-01,6.898851990699768066e-01,1.321244955062866211e+00,-1.608274936676025391e+00,2.960322797298431396e-01,3.880548000335693359e+00,2.924340963363647461e-01,1.466643784773791204e-03,1.466643784773791204e-03,1.466643784773791204e-03,1.466643784773791204e-03
-1.020487070083618164e+00,-2.697414159774780273e-01,-2.664167881011962891e-01,6.859588027000427246e-01,1.315972924232482910e+00,-1.601997494697570801e+00,2.963269650936126709e-01,3.865033388137817383e+00,2.921296954154968262e-01,3.063195366555193644e-03,3.063195366555193644e-03,3.063195366555193644e-03,3.063195366555193644e-03
-1.017265677452087402e+00,-2.680832445621490479e-01,-2.649979591369628906e-01,6.822181344032287598e-01,1.310742139816284180e+00,-1.595787048339843750e+00,2.965829372406005859e-01,3.849631309509277344e+00,2.918591797351837158e-01,5.236739018101510545e-03,5.236739018101510545e-03,5.236739018101510545e-03,5.236739018101510545e-03
-1.014073252677917480e+00,-2.664080560207366943e-01,-2.635524570941925049e-01,6.785911321640014648e-01,1.305529117584228516e+00,-1.589686989784240723e+00,2.968058586120605469e-01,3.834427595138549805e+00,2.916237413883209229e-01,7.983319605337546587e-03,7.983319605337546587e-03,7.983319605337546587e-03,7.983319605337546587e-03
-1.010917186737060547e+00,-2.647542953491210938e-01,-2.620787024497985840e-01,6.750585436820983887e-01,1.300387859344482422e+00,-1.583674192428588867e+00,2.970139682292938232e-01,3.819435596466064453e+00,2.914050817489624023e-01,1.129833127365864609e-02,1.129833127365864609e-02,1.129833127365864609e-02,1.129833127365864609e-02
-1.007790327072143555e+00,-2.631185352802276611e-01,-2.605983316898345947e-01,6.716023087501525879e-01,1.295324325561523438e+00,-1.577767848968505859e+00,2.971881628036499023e-01,3.804675579071044922e+00,2.912012338638305664e-01,1.517652657061796528e-02,1.517652657061796528e-02,1.517652657061796528e-02,1.517652657061796528e-02
-1.004703760147094727e+00,-2.615163326263427734e-01,-2.591136097908020020e-01,6.682220697402954102e-01,1.290356755256652832e+00,-1.571965217590332031e+00,2.973396778106689453e-01,3.790167570114135742e+00,2.910070419311523438e-01,1.961202625335495275e-02,1.961202625335495275e-02,1.961202625335495275e-02,1.961202625335495275e-02
-1.001657247543334961e+00,-2.599463462829589844e-01,-2.576319277286529541e-01,6.649160981178283691e-01,1.285491466522216797e+00,-1.566277623176574707e+00,2.974617481231689453e-01,3.775930643081665039e+00,2.908224463462829590e-01,2.459832976303033547e-02,2.459832976303033547e-02,2.459832976303033547e-02,2.459832976303033547e-02
-9.986577033996582031e-01,-2.584144473075866699e-01,-2.561554312705993652e-01,6.616873741149902344e-01,1.280738234519958496e+00,-1.560708522796630859e+00,2.975609898567199707e-01,3.761983871459960938e+00,2.906457185745239258e-01,3.012832634791923203e-02,3.012832634791923203e-02,3.012832634791923203e-02,3.012832634791923203e-02
-9.957072138786315918e-01,-2.569207549095153809e-01,-2.546877861022949219e-01,6.585382223129272461e-01,1.276103496551513672e+00,-1.555266380310058594e+00,2.976345717906951904e-01,3.748344659805297852e+00,2.904765009880065918e-01,3.619430681624519197e-02,3.619430681624519197e-02,3.619430681624519197e-02,3.619430681624519197e-02
-9.922443032264709473e-01,-2.553929090499877930e-01,-2.510495781898498535e-01,6.556524038314819336e-01,1.268640756607055664e+00,-1.550486564636230469e+00,2.955687344074249268e-01,3.732345342636108398e+00,2.923929393291473389e-01,4.278797589928562406e-02,4.278797589928562406e-02,4.278797589928562406e-02,4.278797589928562406e-02
-9.895222783088684082e-01,-2.541921138763427734e-01,-2.498042881488800049e-01,6.524479985237121582e-01,1.264604330062866211e+00,-1.545089602470397949e+00,2.958997189998626709e-01,3.719427108764648438e+00,2.920212149620056152e-01,4.990046520478541581e-02,4.990046520478541581e-02,4.990046520478541581e-02,4.990046520478541581e-02
-9.866957664489746094e-01,-2.527858316898345947e-01,-2.485841512680053711e-01,6.493844985961914062e-01,1.260519027709960938e+00,-1.540017604827880859e+00,2.959803342819213867e-01,3.706831216812133789e+00,2.917313575744628906e-01,5.752234674019085503e-02,5.752234674019085503e-02,5.752234674019085503e-02,5.752234674019085503e-02
-9.840286970138549805e-01,-2.514910399913787842e-01,-2.472927570343017578e-01,6.465163826942443848e-01,1.256589889526367188e+00,-1.535025358200073242e+00,2.961634695529937744e-01,3.694618940353393555e+00,2.914581298828125000e-01,6.564364698480767979e-02,6.564364698480767979e-02,6.564364698480767979e-02,6.564364698480767979e-02
-9.813803434371948242e-01,-2.501743137836456299e-01,-2.460259497165679932e-01,6.437548995018005371e-01,1.252752780914306641e+00,-1.530247688293457031e+00,2.962503731250762939e-01,3.682788372039794922e+00,2.912160754203796387e-01,7.425386148952245469e-02,7.425386148952245469e-02,7.425386148952245469e-02,7.425386148952245469e-02
-9.788317680358886719e-01,-2.489295601844787598e-01,-2.447527050971984863e-01,6.411226987838745117e-01,1.249072790145874023e+00,-1.525613546371459961e+00,2.963479757308959961e-01,3.671365737915039062e+00,2.909855842590332031e-01,8.334196998236587106e-02,8.334196998236587106e-02,8.334196998236587106e-02,8.334196998236587106e-02
-9.763426780700683594e-01,-2.477166652679443359e-01,-2.435029447078704834e-01,6.385959386825561523e-01,1.245532989501953125e+00,-1.521167993545532227e+00,2.963976860046386719e-01,3.660360574722290039e+00,2.907717823982238770e-01,9.289645195780399378e-02,9.289645195780399378e-02,9.289645195780399378e-02,9.289645195780399378e-02
-9.739402532577514648e-01,-2.465638220310211182e-01,-2.422685623168945312e-01,6.361848711967468262e-01,1.242156267166137695e+00,-1.516892433166503906e+00,2.964342236518859863e-01,3.649791479110717773e+00,2.905681729316711426e-01,1.029053027273279519e-01,1.029053027273279519e-01,1.029053027273279519e-01,1.029053027273279519e-01
-9.716144800186157227e-01,-2.454596161842346191e-01,-2.410599887371063232e-01,6.338841915130615234e-01,1.238941073417663574e+00,-1.512804388999938965e+00,2.964393496513366699e-01,3.639670133590698242e+00,2.903760671615600586e-01,1.133560499086202489e-01,1.133560499086202489e-01,1.133560499086202489e-01,1.133560499086202489e-01
-9.693754911422729492e-01,-2.444130778312683105e-01,-2.398763895034790039e-01,6.316990852355957031e-01,1.235897302627563477e+00,-1.508901476860046387e+00,2.964248657226562500e-01,3.630010604858398438e+00,2.901932895183563232e-01,1.242357703302704452e-01,1.242357703302704452e-01,1.242357703302704452e-01,1.242357703302704452e-01
-9.674133062362670898e-01,-2.431677579879760742e-01,-2.367668747901916504e-01,6.299570202827453613e-01,1.230755805969238281e+00,-1.506592512130737305e+00,2.951233088970184326e-01,3.620127677917480469e+00,2.923726737499237061e-01,1.355311073288134605e-01,1.355311073288134605e-01,1.355311073288134605e-01,1.355311073288134605e-01
-9.655239582061767578e-01,-2.425352036952972412e-01,-2.357480823993682861e-01,6.278433799743652344e-01,1.228524208068847656e+00,-1.502708673477172852e+00,2.955286502838134766e-01,3.611449480056762695e+00,2.919414043426513672e-01,1.472282884146130510e-01,1.472282884146130510e-01,1.472282884146130510e-01,1.472282884146130510e-01
-9.634469151496887207e-01,-2.415489256381988525e-01,-2.349165976047515869e-01,6.258073449134826660e-01,1.226129531860351562e+00,-1.499397039413452148e+00,2.954595386981964111e-01,3.603251934051513672e+00,2.916426360607147217e-01,1.593131432829714700e-01,1.593131432829714700e-01,1.593131432829714700e-01,1.593131432829714700e-01
-9.616473913192749023e-01,-2.407900393009185791e-01,-2.339690327644348145e-01,6.240415573120117188e-01,1.224009752273559570e+00,-1.496118903160095215e+00,2.956245839595794678e-01,3.595578432083129883e+00,2.913396954536437988e-01,1.717711221466576288e-01,1.717711221466576288e-01,1.717711221466576288e-01,1.717711221466576288e-01
-9.598469138145446777e-01,-2.399684786796569824e-01,-2.330913245677947998e-01,6.223843693733215332e-01,1.221985936164855957e+00,-1.493158221244812012e+00,2.956214547157287598e-01,3.588407039642333984e+00,2.910825014114379883e-01,1.845873143659566562e-01,1.845873143659566562e-01,1.845873143659566562e-01,1.845873143659566562e-01
-9.582004547119140625e-01,-2.392591238021850586e-01,-2.322075664997100830e-01,6.208969354629516602e-01,1.220176696777343750e+00,-1.490363717079162598e+00,2.956676483154296875e-01,3.581770420074462891e+00,2.908330559730529785e-01,1.977464673522336680e-01,1.977464673522336680e-01,1.977464673522336680e-01,1.977464673522336680e-01
-9.566282033920288086e-01,-2.385792136192321777e-01,-2.313696444034576416e-01,6.195347905158996582e-01,1.218535184860229492e+00,-1.487817406654357910e+00,2.956488728523254395e-01,3.575667142868041992e+00,2.906048297882080078e-01,2.112330057209404477e-01,2.112330057209404477e-01,2.112330057209404477e-01,2.112330057209404477e-01
-9.551753997802734375e-01,-2.379775047302246094e-01,-2.305578887462615967e-01,6.183160543441772461e-01,1.217096567153930664e+00,-1.485479116439819336e+00,2.956273853778839111e-01,3.570111751556396484e+00,2.903872728347778320e-01,2.250310506699874091e-01,2.250310506699874091e-01,2.250310506699874091e-01,2.250310506699874091e-01
-9.538208842277526855e-01,-2.374312281608581543e-01,-2.297880947589874268e-01,6.172297000885009766e-01,1.215849637985229492e+00,-1.483372926712036133e+00,2.955718934535980225e-01,3.565108776092529297e+00,2.901829481124877930e-01,2.391244395593433159e-01,2.391244395593433159e-01,2.391244395593433159e-01,2.391244395593433159e-01
-9.525790214538574219e-01,-2.369541823863983154e-01,-2.290560305118560791e-01,6.162819266319274902e-01,1.214806079864501953e+00,-1.481489181518554688e+00,2.955017089843750000e-01,3.560667991638183594e+00,2.899888753890991211e-01,2.534967456678232089e-01,2.534967456678232089e-01,2.534967456678232089e-01,2.534967456678232089e-01
-9.522812366485595703e-01,-2.361785471439361572e-01,-2.266394197940826416e-01,6.160337328910827637e-01,1.212358832359313965e+00,-1.482098221778869629e+00,2.947528660297393799e-01,3.558072090148925781e+00,2.923644483089447021e-01,2.681312981029919662e-01,2.681312981029919662e-01,2.681312981029919662e-01,2.681312981029919662e-01
-9.514951705932617188e-01,-2.362271547317504883e-01,-2.260229289531707764e-01,6.152544021606445312e-01,1.212296247482299805e+00,-1.480170130729675293e+00,2.952624559402465820e-01,3.554775476455688477e+00,2.918728291988372803e-01,2.830112018402652918e-01,2.830112018402652918e-01,2.830112018402652918e-01,2.830112018402652918e-01
-9.504284858703613281e-01,-2.357771992683410645e-01,-2.257277071475982666e-01,6.144767999649047852e-01,1.211943745613098145e+00,-1.479025363922119141e+00,2.950855791568756104e-01,3.552042961120605469e+00,2.915670871734619141e-01,2.981193578673453359e-01,2.981193578673453359e-01,2.981193578673453359e-01,2.981193578673453359e-01
-9.497299194335937500e-01,-2.356455326080322266e-01,-2.252797186374664307e-01,6.140301823616027832e-01,1.211955189704895020e+00,-1.477856874465942383e+00,2.952566742897033691e-01,3.549917697906494141e+00,2.912328839302062988e-01,3.134384834102598161e-01,3.134384834102598161e-01,3.134384834102598161e-01,3.134384834102598161e-01
-9.490113854408264160e-01,-2.354175448417663574e-01,-2.249343395233154297e-01,6.136834621429443359e-01,1.212049484252929688e+00,-1.477074861526489258e+00,2.952039539813995361e-01,3.548356533050537109e+00,2.909585237503051758e-01,3.289511322174799579e-01,3.289511322174799579e-01,3.289511322174799579e-01,3.289511322174799579e-01
-9.484806060791015625e-01,-2.353260219097137451e-01,-2.245832681655883789e-01,6.135318875312805176e-01,1.212389707565307617e+00,-1.476464033126831055e+00,2.952293157577514648e-01,3.547394990921020508e+00,2.906867265701293945e-01,3.446397148786876086e-01,3.446397148786876086e-01,3.446397148786876086e-01,3.446397148786876086e-01
-9.480308890342712402e-01,-2.352598905563354492e-01,-2.242923974990844727e-01,6.135122179985046387e-01,1.212904691696166992e+00,-1.476132631301879883e+00,2.951786518096923828e-01,3.547020196914672852e+00,2.904400527477264404e-01,3.604865191550677972e-01,3.604865191550677972e-01,3.604865191550677972e-01,3.604865191550677972e-01
-9.477177858352661133e-01,-2.352799475193023682e-01,-2.240355014801025391e-01,6.136498451232910156e-01,1.213637590408325195e+00,-1.476024150848388672e+00,2.951330840587615967e-01,3.547242403030395508e+00,2.902024984359741211e-01,3.764737302981502887e-01,3.764737302981502887e-01,3.764737302981502887e-01,3.764737302981502887e-01
-9.475136995315551758e-01,-2.353573739528656006e-01,-2.238305509090423584e-01,6.139277815818786621e-01,1.214570760726928711e+00,-1.476165771484375000e+00,2.950538992881774902e-01,3.548058748245239258e+00,2.899790406227111816e-01,3.925834513345234367e-01,3.925834513345234367e-01,3.925834513345234367e-01,3.925834513345234367e-01
-9.474332332611083984e-01,-2.355074882507324219e-01,-2.236721217632293701e-01,6.143520474433898926e-01,1.215715527534484863e+00,-1.476543188095092773e+00,2.949623465538024902e-01,3.549471855163574219e+00,2.897649407386779785e-01,4.087977232939988270e-01,4.087977232939988270e-01,4.087977232939988270e-01,4.087977232939988270e-01
-9.488054513931274414e-01,-2.353281974792480469e-01,-2.219527661800384521e-01,6.157443523406982422e-01,1.215955257415771484e+00,-1.480242729187011719e+00,2.945017814636230469e-01,3.554472208023071289e+00,2.923615574836730957e-01,4.250985453591392682e-01,4.250985453591392682e-01,4.250985453591392682e-01,4.250985453591392682e-01
-9.492648839950561523e-01,-2.360896170139312744e-01,-2.218780964612960815e-01,6.164038181304931641e-01,1.218194007873535156e+00,-1.480473041534423828e+00,2.951466739177703857e-01,3.557081699371337891e+00,2.917923331260681152e-01,4.414678949143132081e-01,4.414678949143132081e-01,4.414678949143132081e-01,4.414678949143132081e-01
-9.493478536605834961e-01,-2.362221777439117432e-01,-2.222172617912292480e-01,6.169760823249816895e-01,1.220013141632080078e+00,-1.481647014617919922e+00,2.949223518371582031e-01,3.560256481170654297e+00,2.914673089981079102e-01,4.578877474728645924e-01,4.578877474728645924e-01,4.578877474728645924e-01,4.578877474728645924e-01
-9.498558044433593750e-01,-2.367379963397979736e-01,-2.223778814077377319e-01,6.179208755493164062e-01,1.222251892089843750e+00,-1.482731461524963379e+00,2.951316535472869873e-01,3.564058780670166016e+00,2.910854518413543701e-01,4.743400964612914383e-01,4.743400964612914383e-01,4.743400964612914383e-01,4.743400964612914383e-01
-9.503247737884521484e-01,-2.371308207511901855e-01,-2.226590812206268311e-01,6.189456582069396973e-01,1.224541902542114258e+00,-1.484235048294067383e+00,2.950785756111145020e-01,3.568420648574829102e+00,2.907776832580566406e-01,4.908069728397078113e-01,4.908069728397078113e-01,4.908069728397078113e-01,4.908069728397078113e-01
-9.509928226470947266e-01,-2.376698851585388184e-01,-2.229332029819488525e-01,6.201732158660888672e-01,1.227081298828125000e+00,-1.485895633697509766e+00,2.951193749904632568e-01,3.573379993438720703e+00,2.904666662216186523e-01,5.072704645383255828e-01,5.072704645383255828e-01,5.072704645383255828e-01,5.072704645383255828e-01
-9.517397880554199219e-01,-2.382280528545379639e-01,-2.232733368873596191e-01,6.215265393257141113e-01,1.229780197143554688e+00,-1.487837314605712891e+00,2.950795292854309082e-01,3.578913211822509766e+00,2.901840209960937500e-01,5.237127356900135311e-01,5.237127356900135311e-01,5.237127356900135311e-01,5.237127356900135311e-01
-9.526236057281494141e-01,-2.388713061809539795e-01,-2.236495912075042725e-01,6.230344772338867188e-01,1.232687234878540039e+00,-1.489993095397949219e+00,2.950473725795745850e-01,3.585026025772094727e+00,2.899088859558105469e-01,5.401160456395127651e-01,5.401160456395127651e-01,5.401160456395127651e-01,5.401160456395127651e-01
-9.536150097846984863e-01,-2.395683526992797852e-01,-2.240807414054870605e-01,6.246764659881591797e-01,1.235779047012329102e+00,-1.492390871047973633e+00,2.949821352958679199e-01,3.591708183288574219e+00,2.896482646465301514e-01,5.564627677102974568e-01,5.564627677102974568e-01,5.564627677102974568e-01,5.564627677102974568e-01
-9.547269344329833984e-01,-2.403344810009002686e-01,-2.245600521564483643e-01,6.264576911926269531e-01,1.239066839218139648e+00,-1.495012402534484863e+00,2.949063479900360107e-01,3.598957300186157227e+00,2.893966436386108398e-01,5.727354077105436536e-01,5.727354077105436536e-01,5.727354077105436536e-01,5.727354077105436536e-01
-9.576165676116943359e-01,-2.408234477043151855e-01,-2.233591824769973755e-01,6.294064521789550781e-01,1.241578340530395508e+00,-1.501703739166259766e+00,2.944051027297973633e-01,3.610954284667968750e+00,2.923603057861328125e-01,5.889166221601549456e-01,5.889166221601549456e-01,5.889166221601549456e-01,5.889166221601549456e-01
-9.593222737312316895e-01,-2.422427833080291748e-01,-2.239095568656921387e-01,6.314654350280761719e-01,1.246013045310974121e+00,-1.504039287567138672e+00,2.952188253402709961e-01,3.619333744049072266e+00,2.916854619979858398e-01,6.049892362212958563e-01,6.049892362212958563e-01,6.049892362212958563e-01,6.049892362212958563e-01
-9.605619311332702637e-01,-2.429272830486297607e-01,-2.249237596988677979e-01,6.333363056182861328e-01,1.249901771545410156e+00,-1.507421493530273438e+00,2.950201332569122314e-01,3.628202438354492188e+00,2.913157343864440918e-01,6.209362613153984745e-01,6.209362613153984745e-01,6.209362613153984745e-01,6.209362613153984745e-01
-9.622493386268615723e-01,-2.440386116504669189e-01,-2.257432937622070312e-01,6.355960965156555176e-01,1.254233717918395996e+00,-1.510640859603881836e+00,2.953090667724609375e-01,3.637654304504394531e+00,2.908590734004974365e-01,6.367409124101003348e-01,6.367409124101003348e-01,6.367409124101003348e-01,6.367409124101003348e-01
-9.638760685920715332e-01,-2.450050115585327148e-01,-2.266871482133865356e-01,6.379039287567138672e-01,1.258567452430725098e+00,-1.514278531074523926e+00,2.953104078769683838e-01,3.647596836090087891e+00,2.904916107654571533e-01,6.523866249601659728e-01,6.523866249601659728e-01,6.523866249601659728e-01,6.523866249601659728e-01
-9.656937122344970703e-01,-2.461175322532653809e-01,-2.276189625263214111e-01,6.404045224189758301e-01,1.263128042221069336e+00,-1.518039226531982422e+00,2.954112887382507324e-01,3.658070564270019531e+00,2.901152670383453369e-01,6.678570714869408453e-01,6.678570714869408453e-01,6.678570714869408453e-01,6.678570714869408453e-01
-9.675765037536621094e-01,-2.472396194934844971e-01,-2.286131381988525391e-01,6.430107951164245605e-01,1.267811059951782227e+00,-1.522057294845581055e+00,2.954260706901550293e-01,3.669041156768798828e+00,2.897714972496032715e-01,6.831361777814592973e-01,6.831361777814592973e-01,6.831361777814592973e-01,6.831361777814592973e-01
-9.695829749107360840e-01,-2.484395802021026611e-01,-2.296383678913116455e-01,6.457543969154357910e-01,1.272668123245239258e+00,-1.526257991790771484e+00,2.954488992691040039e-01,3.680510520935058594e+00,2.894350886344909668e-01,6.982081387169138953e-01,6.982081387169138953e-01,6.982081387169138953e-01,6.982081387169138953e-01
-9.716817140579223633e-01,-2.496840357780456543e-01,-2.307133674621582031e-01,6.486114263534545898e-01,1.277671933174133301e+00,-1.530669331550598145e+00,2.954364717006683350e-01,3.692463397979736328e+00,2.891148626804351807e-01,7.130574336567639948e-01,7.130574336567639948e-01,7.130574336567639948e-01,7.130574336567639948e-01
-9.738849401473999023e-01,-2.509887218475341797e-01,-2.318308949470520020e-01,6.515868902206420898e-01,1.282832384109497070e+00,-1.535269498825073242e+00,2.954117953777313232e-01,3.704889535903930664e+00,2.888038158416748047e-01,7.276688414453124087e-01,7.276688414453124087e-01,7.276688414453124087e-01,7.276688414453124087e-01
-9.779809713363647461e-01,-2.521765828132629395e-01,-2.308176159858703613e-01,6.557939052581787109e-01,1.286846399307250977e+00,-1.544586658477783203e+00,2.944773733615875244e-01,3.722447395324707031e+00,2.923653125762939453e-01,7.420274549682286391e-01,7.420274549682286391e-01,7.420274549682286391e-01,7.420274549682286391e-01
-9.807995557785034180e-01,-2.541212737560272217e-01,-2.320050448179244995e-01,6.590726375579833984e-01,1.293142795562744141e+00,-1.548733711242675781e+00,2.954934239387512207e-01,3.735826492309570312e+00,2.915595173835754395e-01,7.561186952710667875e-01,7.561186952710667875e-01,7.561186952710667875e-01,7.561186952710667875e-01
-9.830733537673950195e-01,-2.552539706230163574e-01,-2.336688041687011719e-01,6.620539426803588867e-01,1.298779249191284180e+00,-1.553973078727722168e+00,2.953957021236419678e-01,3.749553918838500977e+00,2.911175191402435303e-01,7.699283252244220055e-01,7.699283252244220055e-01,7.699283252244220055e-01,7.699283252244220055e-01
-9.857888221740722656e-01,-2.568424344062805176e-01,-2.351283729076385498e-01,6.654143333435058594e-01,1.304854869842529297e+00,-1.558968901634216309e+00,2.958121597766876221e-01,3.763761997222900391e+00,2.905579805374145508e-01,7.834424627249916284e-01,7.834424627249916284e-01,7.834424627249916284e-01,7.834424627249916284e-01
-9.884165525436401367e-01,-2.582672238349914551e-01,-2.367062866687774658e-01,6.687775850296020508e-01,1.310866832733154297e+00,-1.564355850219726562e+00,2.959214150905609131e-01,3.778337955474853516e+00,2.901039719581604004e-01,7.966475934224535038e-01,7.966475934224535038e-01,7.966475934224535038e-01,7.966475934224535038e-01
-9.912116527557373047e-01,-2.598340511322021484e-01,-2.382601648569107056e-01,6.723076105117797852e-01,1.317062735557556152e+00,-1.569813489913940430e+00,2.961278259754180908e-01,3.793320178985595703e+00,2.896370887756347656e-01,8.095305829626349148e-01,8.095305829626349148e-01,8.095305829626349148e-01,8.095305829626349148e-01
-9.940476417541503906e-01,-2.613975703716278076e-01,-2.398646771907806396e-01,6.759107112884521484e-01,1.323323488235473633e+00,-1.575484633445739746e+00,2.962403297424316406e-01,3.808670520782470703e+00,2.892090678215026855e-01,8.220786887381059671e-01,8.220786887381059671e-01,8.220786887381059671e-01,8.220786887381059671e-01
-9.969815015792846680e-01,-2.630281448364257812e-01,-2.414876818656921387e-01,6.796206235885620117e-01,1.329703807830810547e+00,-1.581288576126098633e+00,2.963547110557556152e-01,3.824385166168212891e+00,2.887902259826660156e-01,8.342795711379482615e-01,8.342795711379482615e-01,8.342795711379482615e-01,8.342795711379482615e-01
-9.999813437461853027e-01,-2.646907269954681396e-01,-2.431462556123733521e-01,6.834117174148559570e-01,1.336173057556152344e+00,-1.587253570556640625e+00,2.964273989200592041e-01,3.840443849563598633e+00,2.883920371532440186e-01,8.461213042890869396e-01,8.461213042890869396e-01,8.461213042890869396e-01,8.461213042890869396e-01
-1.003058075904846191e+00,-2.664000988006591797e-01,-2.448331415653228760e-01,6.872886419296264648e-01,1.342740058898925781e+00,-1.593354940414428711e+00,2.964828312397003174e-01,3.856832504272460938e+00,2.880062460899353027e-01,8.575923862821650534e-01,8.575923862821650534e-01,8.575923862821650534e-01,8.575923862821650534e-01
-1.007910966873168945e+00,-2.682738006114959717e-01,-2.436147034168243408e-01,6.923013925552368164e-01,1.347272396087646484e+00,-1.604676246643066406e+00,2.947201728820800781e-01,3.877879858016967773e+00,2.923837900161743164e-01,8.686817488756262140e-01,8.686817488756262140e-01,8.686817488756262140e-01,8.686817488756262140e-01
-1.011591672897338867e+00,-2.705538272857666016e-01,-2.453725636005401611e-01,6.964911222457885742e-01,1.354900836944580078e+00,-1.610145330429077148e+00,2.959564328193664551e-01,3.894946098327636719e+00,2.914398312568664551e-01,8.793787666722148177e-01,8.793787666722148177e-01,8.793787666722148177e-01,8.793787666722148177e-01
-1.014666318893432617e+00,-2.719763517379760742e-01,-2.475908249616622925e-01,7.002757787704467773e-01,1.361776113510131836e+00,-1.616697192192077637e+00,2.960262298583984375e-01,3.912180423736572266e+00,2.909089624881744385e-01,8.896732657628303453e-01,8.896732657628303453e-01,8.896732657628303453e-01,8.896732657628303453e-01
-1.018154859542846680e+00,-2.738740444183349609e-01,-2.495994269847869873e-01,7.044050693511962891e-01,1.369063138961791992e+00,-1.622922420501708984e+00,2.966111600399017334e-01,3.929746150970458984e+00,2.902334928512573242e-01,8.995555318331994732e-01,8.995555318331994732e-01,8.995555318331994732e-01,8.995555318331994732e-01
-1.021521925926208496e+00,-2.755905389785766602e-01,-2.517109513282775879e-01,7.084823250770568848e-01,1.376211166381835938e+00,-1.629491448402404785e+00,2.968725264072418213e-01,3.947514533996582031e+00,2.896800637245178223e-01,9.090163177295123020e-01,9.090163177295123020e-01,9.090163177295123020e-01,9.090163177295123020e-01
-1.025024175643920898e+00,-2.774443030357360840e-01,-2.537821233272552490e-01,7.126873135566711426e-01,1.383483886718750000e+00,-1.636066675186157227e+00,2.972210347652435303e-01,3.965526819229125977e+00,2.891128063201904297e-01,9.180468504797767437e-01,9.180468504797767437e-01,9.180468504797767437e-01,9.180468504797767437e-01
-1.028532981872558594e+00,-2.792804539203643799e-01,-2.558841109275817871e-01,7.169219851493835449e-01,1.390749812126159668e+00,-1.642797470092773438e+00,2.974638640880584717e-01,3.983736515045166016e+00,2.885929346084594727e-01,9.266388377682170940e-01,9.266388377682170940e-01,9.266388377682170940e-01,9.266388377682170940e-01
-1.032105922698974609e+00,-2.811713218688964844e-01,-2.579843997955322266e-01,7.212239503860473633e-01,1.398066520690917969e+00,-1.649599075317382812e+00,2.976988554000854492e-01,4.002140522003173828e+00,2.880877256393432617e-01,9.347844738607269388e-01,9.347844738607269388e-01,9.347844738607269388e-01,9.347844738607269388e-01
-1.035709381103515625e+00,-2.830789089202880859e-01,-2.600989639759063721e-01,7.255660891532897949e-01,1.405399322509765625e+00,-1.656499862670898438e+00,2.978815734386444092e-01,4.020710945129394531e+00,2.876101136207580566e-01,9.424764449799127863e-01,9.424764449799127863e-01,9.424764449799127863e-01,9.424764449799127863e-01
-1.039354681968688965e+00,-2.850187420845031738e-01,-2.622201740741729736e-01,7.299537658691406250e-01,1.412757396697998047e+00,-1.663473844528198242e+00,2.980367243289947510e-01,4.039436340332031250e+00,2.871517241001129150e-01,9.497079341289221821e-01,9.497079341289221821e-01,9.497079341289221821e-01,9.497079341289221821e-01
-1.044412136077880859e+00,-2.875115871429443359e-01,-2.604604363441467285e-01,7.352629303932189941e-01,1.416802406311035156e+00,-1.675953626632690430e+00,2.951144278049468994e-01,4.061570167541503906e+00,2.924250364303588867e-01,9.564726253638138331e-01,9.564726253638138331e-01,9.564726253638138331e-01,9.564726253638138331e-01
-1.048619866371154785e+00,-2.899091243743896484e-01,-2.626476287841796875e-01,7.399495840072631836e-01,1.425090074539184570e+00,-1.682126045227050781e+00,2.965654730796813965e-01,4.080626487731933594e+00,2.913683950901031494e-01,9.627647075148089151e-01,9.627647075148089151e-01,9.627647075148089151e-01,9.627647075148089151e-01
-1.052180290222167969e+00,-2.914363741874694824e-01,-2.652581930160522461e-01,7.441412210464477539e-01,1.432560205459594727e+00,-1.689319610595703125e+00,2.968440651893615723e-01,4.099650859832763672e+00,2.907544970512390137e-01,9.685788773573715815e-01,9.685788773573715815e-01,9.685788773573715815e-01,9.685788773573715815e-01
-1.056111812591552734e+00,-2.934460639953613281e-01,-2.676545083522796631e-01,7.486233711242675781e-01,1.440394401550292969e+00,-1.696108698844909668e+00,2.976182997226715088e-01,4.118829727172851562e+00,2.899788916110992432e-01,9.739103422345967154e-01,9.739103422345967154e-01,9.739103422345967154e-01,9.739103422345967154e-01
-1.059885144233703613e+00,-2.952601611614227295e-01,-2.701336145401000977e-01,7.529946565628051758e-01,1.448010206222534180e+00,-1.703181982040405273e+00,2.980545461177825928e-01,4.138025283813476562e+00,2.893399298191070557e-01,9.787548221329808174e-01,9.787548221329808174e-01,9.787548221329808174e-01,9.787548221329808174e-01
-1.063755512237548828e+00,-2.972064912319183350e-01,-2.725502252578735352e-01,7.574472427368164062e-01,1.455683946609497070e+00,-1.710188150405883789e+00,2.985667884349822998e-01,4.157278060913085938e+00,2.886879146099090576e-01,9.831085512141740645e-01,9.831085512141740645e-01,9.831085512141740645e-01,9.831085512141740645e-01
-1.067592382431030273e+00,-2.991187572479248047e-01,-2.749743163585662842e-01,7.618803977966308594e-01,1.463271141052246094e+00,-1.717286825180053711e+00,2.989577353000640869e-01,4.176537513732910156e+00,2.880941331386566162e-01,9.869682788058889988e-01,9.869682788058889988e-01,9.869682788058889988e-01,9.869682788058889988e-01
-1.071454763412475586e+00,-3.010743558406829834e-01,-2.773708701133728027e-01,7.663366794586181641e-01,1.470834255218505859e+00,-1.724386811256408691e+00,2.993279993534088135e-01,4.195801734924316406e+00,2.875217795372009277e-01,9.903312698556432370e-01,9.903312698556432370e-01,9.903312698556432370e-01,9.903312698556432370e-01
-1.075307965278625488e+00,-3.030301332473754883e-01,-2.797558903694152832e-01,7.707879543304443359e-01,1.478334188461303711e+00,-1.731520295143127441e+00,2.996332049369812012e-01,4.215042114257812500e+00,2.869869470596313477e-01,9.931953048515560489e-01,9.931953048515560489e-01,9.931953048515560489e-01,9.931953048515560489e-01
-1.079164147377014160e+00,-3.050036728382110596e-01,-2.821208834648132324e-01,7.752410173416137695e-01,1.485782027244567871e+00,-1.738657951354980469e+00,2.998996078968048096e-01,4.234244346618652344e+00,2.864791154861450195e-01,9.955586792149309083e-01,9.955586792149309083e-01,9.955586792149309083e-01,9.955586792149309083e-01
-1.083829164505004883e+00,-3.079783916473388672e-01,-2.796469330787658691e-01,7.803770303726196289e-01,1.488507151603698730e+00,-1.751287937164306641e+00,2.956214249134063721e-01,4.255070209503173828e+00,2.924914062023162842e-01,9.974202021698518328e-01,9.974202021698518328e-01,9.974202021698518328e-01,9.974202021698518328e-01
-1.088181614875793457e+00,-3.102757930755615234e-01,-2.820679247379302979e-01,7.850832939147949219e-01,1.496706724166870117e+00,-1.757490396499633789e+00,2.972495257854461670e-01,4.274230480194091797e+00,2.913801074028015137e-01,9.987791950955147158e-01,9.987791950955147158e-01,9.987791950955147158e-01,9.987791950955147158e-01
-1.091867923736572266e+00,-3.117241561412811279e-01,-2.848550975322723389e-01,7.892370223999023438e-01,1.504064083099365234e+00,-1.764604330062866211e+00,2.977461814880371094e-01,4.293161869049072266e+00,2.907163798809051514e-01,9.996354893674971320e-01,9.996354893674971320e-01,9.996354893674971320e-01,9.996354893674971320e-01
-1.095873355865478516e+00,-3.136456608772277832e-01,-2.874258160591125488e-01,7.936149835586547852e-01,1.511717081069946289e+00,-1.771252155303955078e+00,2.987026572227478027e-01,4.312061309814453125e+00,2.898861169815063477e-01,9.999894236946309523e-01,9.999894236946309523e-01,9.999894236946309523e-01,9.999894236946309523e-01
-1.099684000015258789e+00,-3.153594434261322021e-01,-2.900539338588714600e-01,7.978289127349853516e-01,1.519079089164733887e+00,-1.778115630149841309e+00,2.993141412734985352e-01,4.330787658691406250e+00,2.892031371593475342e-01,9.998418409586025124e-01,9.998418409586025124e-01,9.998418409586025124e-01,9.998418409586025124e-01
-1.103552579879760742e+00,-3.171986341476440430e-01,-2.925968170166015625e-01,8.020759820938110352e-01,1.526429414749145508e+00,-1.784842014312744141e+00,2.999876141548156738e-01,4.349383354187011719e+00,2.885105609893798828e-01,9.991940845638407342e-01,9.991940845638407342e-01,9.991940845638407342e-01,9.991940845638407342e-01
-1.107346534729003906e+00,-3.189873397350311279e-01,-2.951214611530303955e-01,8.062558174133300781e-01,1.533615827560424805e+00,-1.791596174240112305e+00,3.005255758762359619e-01,4.367797851562500000e+00,2.878866791725158691e-01,9.980479943056861369e-01,9.980479943056861369e-01,9.980479943056861369e-01,9.980479943056861369e-01
-1.111127376556396484e+00,-3.208076357841491699e-01,-2.975914180278778076e-01,8.104150295257568359e-01,1.540705442428588867e+00,-1.798283100128173828e+00,3.010331392288208008e-01,4.386029720306396484e+00,2.872910499572753906e-01,9.964059017652473482e-01,9.964059017652473482e-01,9.964059017652473482e-01,9.964059017652473482e-01
-1.114858865737915039e+00,-3.226119875907897949e-01,-3.000233173370361328e-01,8.145254850387573242e-01,1.547655940055847168e+00,-1.804938197135925293e+00,3.014627993106842041e-01,4.404051303863525391e+00,2.867418825626373291e-01,9.942706252397508493e-01,9.942706252397508493e-01,9.942706252397508493e-01,9.942706252397508493e-01
-1.118554711341857910e+00,-3.244187831878662109e-01,-3.024081587791442871e-01,8.185960054397583008e-01,1.554480552673339844e+00,-1.811531782150268555e+00,3.018445372581481934e-01,4.421851158142089844e+00,2.862278819084167480e-01,9.916454642175815959e-01,9.916454642175815959e-01,9.916454642175815959e-01,9.916454642175815959e-01
-1.122259736061096191e+00,-3.276644349098205566e-01,-2.992486655712127686e-01,8.231885433197021484e-01,1.555345654487609863e+00,-1.823236703872680664e+00,2.961899638175964355e-01,4.439262390136718750e+00,2.925794720649719238e-01,9.885341934075795312e-01,9.885341934075795312e-01,9.885341934075795312e-01,9.885341934075795312e-01
-1.126368045806884766e+00,-3.296639919281005859e-01,-3.016800284385681152e-01,8.274275064468383789e-01,1.562718629837036133e+00,-1.828817844390869141e+00,2.979279160499572754e-01,4.456665039062500000e+00,2.914951443672180176e-01,9.849410563325251555e-01,9.849410563325251555e-01,9.849410563325251555e-01,9.849410563325251555e-01
-1.129817485809326172e+00,-3.308738470077514648e-01,-3.044027686119079590e-01,8.311018943786621094e-01,1.569271087646484375e+00,-1.835155606269836426e+00,2.986233234405517578e-01,4.473661422729492188e+00,2.908313870429992676e-01,9.808707584970737248e-01,9.808707584970737248e-01,9.808707584970737248e-01,9.808707584970737248e-01
-1.133524656295776367e+00,-3.325228095054626465e-01,-3.069088160991668701e-01,8.349295258522033691e-01,1.576031208038330078e+00,-1.840994358062744141e+00,2.997240424156188965e-01,4.490447044372558594e+00,2.900142967700958252e-01,9.763284601407582475e-01,9.763284601407582475e-01,9.763284601407582475e-01,9.763284601407582475e-01
-1.137008309364318848e+00,-3.339579701423645020e-01,-3.094449341297149658e-01,8.385552763938903809e-01,1.582443714141845703e+00,-1.846975803375244141e+00,3.004874587059020996e-01,4.506891727447509766e+00,2.893469035625457764e-01,9.713197685869559006e-01,9.713197685869559006e-01,9.713197685869559006e-01,9.713197685869559006e-01
-1.140512108802795410e+00,-3.355063796043395996e-01,-3.118740022182464600e-01,8.421704769134521484e-01,1.588780045509338379e+00,-1.852757811546325684e+00,3.013024926185607910e-01,4.523034095764160156e+00,2.886740565299987793e-01,9.658507301990512106e-01,9.658507301990512106e-01,9.658507301990512106e-01,9.658507301990512106e-01
-1.143903970718383789e+00,-3.369875848293304443e-01,-3.142617344856262207e-01,8.456777334213256836e-01,1.594886660575866699e+00,-1.858509182929992676e+00,3.019722104072570801e-01,4.538829326629638672e+00,2.880775928497314453e-01,9.599278219552911384e-01,9.599278219552911384e-01,9.599278219552911384e-01,9.599278219552911384e-01
-1.147248625755310059e+00,-3.384887576103210449e-01,-3.165707886219024658e-01,8.491272926330566406e-01,1.600834608078002930e+00,-1.864130854606628418e+00,3.026075363159179688e-01,4.554276466369628906e+00,2.875134944915771484e-01,9.535579426540990999e-01,9.535579426540990999e-01,9.535579426540990999e-01,9.535579426540990999e-01
-1.150507926940917969e+00,-3.399574160575866699e-01,-3.188191652297973633e-01,8.524904251098632812e-01,1.606580018997192383e+00,-1.869663238525390625e+00,3.031578660011291504e-01,4.569353580474853516e+00,2.870022058486938477e-01,9.467484037618807413e-01,9.467484037618807413e-01,9.467484037618807413e-01,9.467484037618807413e-01
-1.153697609901428223e+00,-3.414147198200225830e-01,-3.209967613220214844e-01,8.557779192924499512e-01,1.612140297889709473e+00,-1.875074505805969238e+00,3.036562204360961914e-01,4.584049701690673828e+00,2.865304350852966309e-01,9.395069199155778872e-01,9.395069199155778872e-01,9.395069199155778872e-01,9.395069199155778872e-01
-1.155977606773376465e+00,-3.446747660636901855e-01,-3.173412382602691650e-01,8.595724105834960938e-01,1.610917091369628906e+00,-1.884853363037109375e+00,2.967569231986999512e-01,4.596432685852050781e+00,2.926765680313110352e-01,9.318415990924742154e-01,9.318415990924742154e-01,9.318415990924742154e-01,9.318415990924742154e-01
-1.159484386444091797e+00,-3.462144136428833008e-01,-3.195660412311553955e-01,8.629085421562194824e-01,1.616814851760864258e+00,-1.889247894287109375e+00,2.985151410102844238e-01,4.610438346862792969e+00,2.917033433914184570e-01,9.237609324599217464e-01,9.237609324599217464e-01,9.237609324599217464e-01,9.237609324599217464e-01
-1.162368297576904297e+00,-3.470640182495117188e-01,-3.219889998435974121e-01,8.657202720642089844e-01,1.621967554092407227e+00,-1.894204974174499512e+00,2.993693947792053223e-01,4.623899936676025391e+00,2.910908460617065430e-01,9.152737839179156953e-01,9.152737839179156953e-01,9.152737839179156953e-01,9.152737839179156953e-01
-1.165439009666442871e+00,-3.482856452465057373e-01,-3.242023885250091553e-01,8.686158061027526855e-01,1.627221345901489258e+00,-1.898670434951782227e+00,3.005554676055908203e-01,4.636999130249023438e+00,2.903560698032379150e-01,9.063893793475490401e-01,9.063893793475490401e-01,9.063893793475490401e-01,9.063893793475490401e-01
-1.168272733688354492e+00,-3.492998480796813965e-01,-3.264162838459014893e-01,8.712949752807617188e-01,1.632098674774169922e+00,-1.903200626373291016e+00,3.014323115348815918e-01,4.649621963500976562e+00,2.897613942623138428e-01,8.971172955786058667e-01,8.971172955786058667e-01,8.971172955786058667e-01,8.971172955786058667e-01
-1.171090364456176758e+00,-3.504053652286529541e-01,-3.285082280635833740e-01,8.739271163940429688e-01,1.636842966079711914e+00,-1.907489895820617676e+00,3.023492693901062012e-01,4.661809444427490234e+00,2.891682982444763184e-01,8.874674490896474754e-01,8.874674490896474754e-01,8.874674490896474754e-01,8.874674490896474754e-01
-1.173769474029541016e+00,-3.514316380023956299e-01,-3.305404782295227051e-01,8.764252066612243652e-01,1.641313791275024414e+00,-1.911695122718811035e+00,3.031257390975952148e-01,4.673520088195800781e+00,2.886505722999572754e-01,8.774500844541186506e-01,8.774500844541186506e-01,8.774500844541186506e-01,8.774500844541186506e-01
-1.176373243331909180e+00,-3.524634838104248047e-01,-3.324766457080841064e-01,8.788368701934814453e-01,1.645581960678100586e+00,-1.915722370147705078e+00,3.038686513900756836e-01,4.684758663177490234e+00,2.881664931774139404e-01,8.670757625460917550e-01,8.670757625460917550e-01,8.670757625460917550e-01,8.670757625460917550e-01
-1.178864479064941406e+00,-3.534482419490814209e-01,-3.343369066715240479e-01,8.811349272727966309e-01,1.649604797363281250e+00,-1.919613957405090332e+00,3.045275807380676270e-01,4.695507526397705078e+00,2.877359688282012939e-01,8.563553485193673431e-01,8.563553485193673431e-01,8.563553485193673431e-01,8.563553485193673431e-01
-1.181260943412780762e+00,-3.544098436832427979e-01,-3.361105024814605713e-01,8.833317756652832031e-01,1.653404474258422852e+00,-1.923337936401367188e+00,3.051385283470153809e-01,4.705761909484863281e+00,2.873444557189941406e-01,8.452999995737638939e-01,8.452999995737638939e-01,8.452999995737638939e-01,8.452999995737638939e-01
-1.181819438934326172e+00,-3.574213981628417969e-01,-3.322045803070068359e-01,8.861545920372009277e-01,1.650102615356445312e+00,-1.930398583412170410e+00,2.972604036331176758e-01,4.712056636810302734e+00,2.927650809288024902e-01,8.339211525224606847e-01,8.339211525224606847e-01,8.339211525224606847e-01,8.339211525224606847e-01
-1.184430122375488281e+00,-3.583828210830688477e-01,-3.340432643890380859e-01,8.882565498352050781e-01,1.654041886329650879e+00,-1.933176755905151367e+00,2.989429831504821777e-01,4.721420764923095703e+00,2.919653654098510742e-01,8.222305111743519745e-01,8.222305111743519745e-01,8.222305111743519745e-01,8.222305111743519745e-01
-1.186486840248107910e+00,-3.587939739227294922e-01,-3.359699547290802002e-01,8.899254798889160156e-01,1.657360076904296875e+00,-1.936295032501220703e+00,2.999047040939331055e-01,4.730146408081054688e+00,2.914408147335052490e-01,8.102400335453796565e-01,8.102400335453796565e-01,8.102400335453796565e-01,8.102400335453796565e-01
-1.188648939132690430e+00,-3.594743013381958008e-01,-3.377057909965515137e-01,8.916143178939819336e-01,1.660661697387695312e+00,-1.938975095748901367e+00,3.011046051979064941e-01,4.738396167755126953e+00,2.908400893211364746e-01,7.979619189128748236e-01,7.979619189128748236e-01,7.979619189128748236e-01,7.979619189128748236e-01
-1.190581917762756348e+00,-3.599722087383270264e-01,-3.394112288951873779e-01,8.930996060371398926e-01,1.663594007492065430e+00,-1.941638112068176270e+00,3.020508885383605957e-01,4.746089458465576172e+00,2.903557121753692627e-01,7.854085947269129342e-01,7.854085947269129342e-01,7.854085947269129342e-01,7.854085947269129342e-01
-1.192465066909790039e+00,-3.605275750160217285e-01,-3.409911394119262695e-01,8.945094943046569824e-01,1.666347026824951172e+00,-1.944045186042785645e+00,3.030214905738830566e-01,4.753256320953369141e+00,2.898809909820556641e-01,7.725927033927201260e-01,7.725927033927201260e-01,7.725927033927201260e-01,7.725927033927201260e-01
-1.194197654724121094e+00,-3.609993457794189453e-01,-3.424980640411376953e-01,8.957765102386474609e-01,1.668812274932861328e+00,-1.946323394775390625e+00,3.038722276687622070e-01,4.759870052337646484e+00,2.894726991653442383e-01,7.595270889381253721e-01,7.595270889381253721e-01,7.595270889381253721e-01,7.595270889381253721e-01
-1.195834040641784668e+00,-3.614606857299804688e-01,-3.439032435417175293e-01,8.969384431838989258e-01,1.671050071716308594e+00,-1.948395967483520508e+00,3.046902418136596680e-01,4.765937328338623047e+00,2.890959978103637695e-01,7.462247835800532858e-01,7.462247835800532858e-01,7.462247835800532858e-01,7.462247835800532858e-01
-1.197343349456787109e+00,-3.618664741516113281e-01,-3.452241718769073486e-01,8.979734182357788086e-01,1.673027873039245605e+00,-1.950298905372619629e+00,3.054361343383789062e-01,4.771447181701660156e+00,2.887662947177886963e-01,7.326989942039844328e-01,7.326989942039844328e-01,7.326989942039844328e-01,7.326989942039844328e-01
-1.198741912841796875e+00,-3.622373640537261963e-01,-3.464532792568206787e-01,8.988920450210571289e-01,1.674765706062316895e+00,-1.952006697654724121e+00,3.061408996582031250e-01,4.776401519775390625e+00,2.884715199470520020e-01,7.189630887702582740e-01,7.189630887702582740e-01,7.189630887702582740e-01,7.189630887702582740e-01
-1.197483658790588379e+00,-3.647741079330444336e-01,-3.424913287162780762e-01,9.006209969520568848e-01,1.669529676437377930e+00,-1.955877900123596191e+00,2.976461648941040039e-01,4.776116371154785156e+00,2.928286790847778320e-01,7.050305826610497872e-01,7.050305826610497872e-01,7.050305826610497872e-01,7.050305826610497872e-01
-1.198996186256408691e+00,-3.650911450386047363e-01,-3.438206315040588379e-01,9.013005495071411133e-01,1.671239852905273438e+00,-1.956775307655334473e+00,2.991672754287719727e-01,4.780088901519775391e+00,2.922290265560150146e-01,6.909151249817451212e-01,6.909151249817451212e-01,6.909151249817451212e-01,6.909151249817451212e-01
-1.200051665306091309e+00,-3.650261461734771729e-01,-3.451180458068847656e-01,9.016754627227783203e-01,1.672491312026977539e+00,-1.957782030105590820e+00,3.001838326454162598e-01,4.783380985260009766e+00,2.918047606945037842e-01,6.766304848303257291e-01,6.766304848303257291e-01,6.766304848303257291e-01,6.766304848303257291e-01
-1.201125144958496094e+00,-3.651012480258941650e-01,-3.462573289871215820e-01,9.020178318023681641e-01,1.673610925674438477e+00,-1.958443880081176758e+00,3.013288974761962891e-01,4.786138057708740234e+00,2.913570702075958252e-01,6.621905375483345679e-01,6.621905375483345679e-01,6.621905375483345679e-01,6.621905375483345679e-01
-1.202000856399536133e+00,-3.650384545326232910e-01,-3.473362624645233154e-01,9.021927118301391602e-01,1.674401879310607910e+00,-1.959010004997253418e+00,3.022990822792053223e-01,4.788309097290039062e+00,2.909916639328002930e-01,6.476092509668043284e-01,6.476092509668043284e-01,6.476092509668043284e-01,6.476092509668043284e-01
-1.202795267105102539e+00,-3.649902343750000000e-01,-3.482982516288757324e-01,9.022740721702575684e-01,1.674983263015747070e+00,-1.959333658218383789e+00,3.032709360122680664e-01,4.789919376373291016e+00,2.906441390514373779e-01,6.329006716604451688e-01,6.329006716604451688e-01,6.329006716604451688e-01,6.329006716604451688e-01
-1.203443169593811035e+00,-3.648658394813537598e-01,-3.491799831390380859e-01,9.022191762924194336e-01,1.675291538238525391e+00,-1.959496021270751953e+00,3.041517138481140137e-01,4.790955066680908203e+00,2.903472483158111572e-01,6.180789112232183413e-01,6.180789112232183413e-01,6.180789112232183413e-01,6.180789112232183413e-01
-1.203983783721923828e+00,-3.647154569625854492e-01,-3.499634265899658203e-01,9.020519256591796875e-01,1.675368547439575195e+00,-1.959446668624877930e+00,3.050039410591125488e-01,4.791425228118896484e+00,2.900781333446502686e-01,6.031581325782775505e-01,6.031581325782775505e-01,6.031581325782775505e-01,6.031581325782775505e-01
-1.204394221305847168e+00,-3.645070195198059082e-01,-3.506630361080169678e-01,9.017574787139892578e-01,1.675195693969726562e+00,-1.959212303161621094e+00,3.057977557182312012e-01,4.791325569152832031e+00,2.898454070091247559e-01,5.881525363351335356e-01,5.881525363351335356e-01,5.881525363351335356e-01,5.881525363351335356e-01
-1.204689502716064453e+00,-3.642575144767761230e-01,-3.512737154960632324e-01,9.013444185256958008e-01,1.674789667129516602e+00,-1.958774209022521973e+00,3.065580129623413086e-01,4.790661811828613281e+00,2.896399199962615967e-01,5.730763472066384701e-01,5.730763472066384701e-01,5.730763472066384701e-01,5.730763472066384701e-01
-1.201721072196960449e+00,-3.661500811576843262e-01,-3.473406434059143066e-01,9.018940329551696777e-01,1.667820215225219727e+00,-1.959350824356079102e+00,2.978807091712951660e-01,4.783833980560302734e+00,2.928539514541625977e-01,5.579438004982796295e-01,5.579438004982796295e-01,5.579438004982796295e-01,5.579438004982796295e-01
-1.202040314674377441e+00,-3.658146858215332031e-01,-3.481020331382751465e-01,9.011176824569702148e-01,1.667265892028808594e+00,-1.958280324935913086e+00,2.991766333580017090e-01,4.782207489013671875e+00,2.924414575099945068e-01,5.427691286820518490e-01,5.427691286820518490e-01,5.427691286820518490e-01,5.427691286820518490e-01
-1.202021598815917969e+00,-3.652749061584472656e-01,-3.487119078636169434e-01,9.001833200454711914e-01,1.666430234909057617e+00,-1.957107424736022949e+00,3.001990914344787598e-01,4.779911041259765625e+00,2.921075820922851562e-01,5.275665480669546881e-01,5.275665480669546881e-01,5.275665480669546881e-01,5.275665480669546881e-01
-1.201933145523071289e+00,-3.647361397743225098e-01,-3.492091298103332520e-01,8.991792798042297363e-01,1.665365457534790039e+00,-1.955710172653198242e+00,3.012307882308959961e-01,4.777074813842773438e+00,2.917996346950531006e-01,5.123502455779663789e-01,5.123502455779663789e-01,5.123502455779663789e-01,5.123502455779663789e-01
-1.201700210571289062e+00,-3.641216158866882324e-01,-3.496178984642028809e-01,8.980594277381896973e-01,1.664041042327880859e+00,-1.954149007797241211e+00,3.021814823150634766e-01,4.773680686950683594e+00,2.915361821651458740e-01,4.971343656551309165e-01,4.971343656551309165e-01,4.971343656551309165e-01,4.971343656551309165e-01
-1.201358318328857422e+00,-3.634744882583618164e-01,-3.499302864074707031e-01,8.968374729156494141e-01,1.662493705749511719e+00,-1.952386856079101562e+00,3.031015992164611816e-01,4.769744396209716797e+00,2.912988662719726562e-01,4.819329972841094323e-01,4.819329972841094323e-01,4.819329972841094323e-01,4.819329972841094323e-01
-1.200891256332397461e+00,-3.627718389034271240e-01,-3.501594066619873047e-01,8.955006599426269531e-01,1.660713434219360352e+00,-1.950443983078002930e+00,3.039693236351013184e-01,4.765265941619873047e+00,2.910924851894378662e-01,4.667601611694154329e-01,4.667601611694154329e-01,4.667601611694154329e-01,4.667601611694154329e-01
-1.200310707092285156e+00,-3.620275259017944336e-01,-3.503034710884094238e-01,8.940540552139282227e-01,1.658716678619384766e+00,-1.948308587074279785e+00,3.048036694526672363e-01,4.760254383087158203e+00,2.909093797206878662e-01,4.516297970611627410e-01,4.516297970611627410e-01,4.516297970611627410e-01,4.516297970611627410e-01
-1.199612736701965332e+00,-3.612340986728668213e-01,-3.503686189651489258e-01,8.924937248229980469e-01,1.656502962112426758e+00,-1.945988416671752930e+00,3.055977821350097656e-01,4.754715442657470703e+00,2.907501459121704102e-01,4.365557512460195855e-01,4.365557512460195855e-01,4.365557512460195855e-01,4.365557512460195855e-01
-1.198801875114440918e+00,-3.603956997394561768e-01,-3.503554165363311768e-01,8.908218741416931152e-01,1.654080867767333984e+00,-1.943480014801025391e+00,3.063604831695556641e-01,4.748657226562500000e+00,2.906109094619750977e-01,4.215517642127492026e-01,4.215517642127492026e-01,4.215517642127492026e-01,4.215517642127492026e-01
-1.194406509399414062e+00,-3.615528047084808350e-01,-3.464376628398895264e-01,8.901759982109069824e-01,1.645630121231079102e+00,-1.941024541854858398e+00,2.979447245597839355e-01,4.735860824584960938e+00,2.928377091884613037e-01,4.066314585024257133e-01,4.066314585024257133e-01,4.066314585024257133e-01,4.066314585024257133e-01
-1.193553447723388672e+00,-3.606184422969818115e-01,-3.466332852840423584e-01,8.880586028099060059e-01,1.642999887466430664e+00,-1.938073515892028809e+00,2.989855408668518066e-01,4.728954315185546875e+00,2.925665080547332764e-01,3.918083267531929925e-01,3.918083267531929925e-01,3.918083267531929925e-01,3.918083267531929925e-01
-1.192485213279724121e+00,-3.596394658088684082e-01,-3.465723395347595215e-01,8.859233260154724121e-01,1.640254974365234375e+00,-1.934855937957763672e+00,2.999670505523681641e-01,4.721434593200683594e+00,2.922975420951843262e-01,3.770957199490928002e-01,3.770957199490928002e-01,3.770957199490928002e-01,3.770957199490928002e-01
-1.191274285316467285e+00,-3.585377633571624756e-01,-3.464502096176147461e-01,8.837021589279174805e-01,1.637217879295349121e+00,-1.931540846824645996e+00,3.008469343185424805e-01,4.713428020477294922e+00,2.920907437801361084e-01,3.625068358822536307e-01,3.625068358822536307e-01,3.625068358822536307e-01,3.625068358822536307e-01
-1.189983487129211426e+00,-3.574274778366088867e-01,-3.462171256542205811e-01,8.814211487770080566e-01,1.634003400802612305e+00,-1.928018212318420410e+00,3.017362952232360840e-01,4.704938411712646484e+00,2.918970286846160889e-01,3.480547078373871228e-01,3.480547078373871228e-01,3.480547078373871228e-01,3.480547078373871228e-01
-1.188564300537109375e+00,-3.562438786029815674e-01,-3.459148406982421875e-01,8.790413737297058105e-01,1.630572795867919922e+00,-1.924353361129760742e+00,3.025581836700439453e-01,4.695971965789794922e+00,2.917343974113464355e-01,3.337521935072795820e-01,3.337521935072795820e-01,3.337521935072795820e-01,3.337521935072795820e-01
-1.187052845954895020e+00,-3.550335168838500977e-01,-3.455307483673095703e-01,8.765769600868225098e-01,1.626965761184692383e+00,-1.920508980751037598e+00,3.033654093742370605e-01,4.686543941497802734e+00,2.915857136249542236e-01,3.196119641476438122e-01,3.196119641476438122e-01,3.196119641476438122e-01,3.196119641476438122e-01
-1.185431003570556641e+00,-3.537718057632446289e-01,-3.450795412063598633e-01,8.740160465240478516e-01,1.623172998428344727e+00,-1.916509628295898438e+00,3.041306138038635254e-01,4.676662445068359375e+00,2.914560437202453613e-01,3.056464939793802627e-01,3.056464939793802627e-01,3.056464939793802627e-01,3.056464939793802627e-01
-1.183712959289550781e+00,-3.524754941463470459e-01,-3.445584475994110107e-01,8.713649511337280273e-01,1.619211435317993164e+00,-1.912345051765441895e+00,3.048710823059082031e-01,4.666338920593261719e+00,2.913389205932617188e-01,2.918680498459945705e-01,2.918680498459945705e-01,2.918680498459945705e-01,2.918680498459945705e-01
-1.181895017623901367e+00,-3.511374592781066895e-01,-3.439737558364868164e-01,8.686214089393615723e-01,1.615081548690795898e+00,-1.908025264739990234e+00,3.055812120437622070e-01,4.655584335327148438e+00,2.912354469299316406e-01,2.782886811336176547e-01,2.782886811336176547e-01,2.782886811336176547e-01,2.782886811336176547e-01
-1.176480770111083984e+00,-3.515341579914093018e-01,-3.400045633316040039e-01,8.668430447578430176e-01,1.605458498001098633e+00,-1.903089523315429688e+00,2.978454828262329102e-01,4.637855529785156250e+00,2.927848100662231445e-01,2.649202099607147476e-01,2.649202099607147476e-01,2.649202099607147476e-01,2.649202099607147476e-01
-1.174584865570068359e+00,-3.501096069812774658e-01,-3.396850228309631348e-01,8.636196851730346680e-01,1.601129055023193359e+00,-1.898502945899963379e+00,2.986375093460083008e-01,4.626446723937988281e+00,2.925932705402374268e-01,2.517742216442734327e-01,2.517742216442734327e-01,2.517742216442734327e-01,2.517742216442734327e-01
-1.172584295272827148e+00,-3.487567901611328125e-01,-3.390348255634307861e-01,8.604949712753295898e-01,1.596816778182983398e+00,-1.893559455871582031e+00,2.995370030403137207e-01,4.614524364471435547e+00,2.923591434955596924e-01,2.388620554489437331e-01,2.388620554489437331e-01,2.388620554489437331e-01,2.388620554489437331e-01
-1.170395612716674805e+00,-3.471966683864593506e-01,-3.383710682392120361e-01,8.572891950607299805e-01,1.592194437980651855e+00,-1.888630509376525879e+00,3.002499341964721680e-01,4.602213382720947266e+00,2.922057211399078369e-01,2.261947956252505221e-01,2.261947956252505221e-01,2.261947956252505221e-01,2.261947956252505221e-01
-1.168189764022827148e+00,-3.456868231296539307e-01,-3.375835418701171875e-01,8.540759682655334473e-01,1.587475419044494629e+00,-1.883484244346618652e+00,3.010399937629699707e-01,4.589530944824218750e+00,2.920455634593963623e-01,2.137832627426827781e-01,2.137832627426827781e-01,2.137832627426827781e-01,2.137832627426827781e-01
-1.165850162506103516e+00,-3.440782129764556885e-01,-3.367547392845153809e-01,8.507800102233886719e-01,1.582568407058715820e+00,-1.878262639045715332e+00,3.017339110374450684e-01,4.576479911804199219e+00,2.919179201126098633e-01,2.016380053231214275e-01,2.016380053231214275e-01,2.016380053231214275e-01,2.016380053231214275e-01
-1.163456201553344727e+00,-3.424723446369171143e-01,-3.358492553234100342e-01,8.474348783493041992e-01,1.577548265457153320e+00,-1.872883200645446777e+00,3.024406433105468750e-01,4.563082695007324219e+00,2.917921841144561768e-01,1.897692917797612622e-01,1.897692917797612622e-01,1.897692917797612622e-01,1.897692917797612622e-01
-1.160963654518127441e+00,-3.408137857913970947e-01,-3.348970711231231689e-01,8.440157175064086914e-01,1.572385787963867188e+00,-1.867401599884033203e+00,3.030936717987060547e-01,4.549347877502441406e+00,2.916828691959381104e-01,1.781871026663165991e-01,1.781871026663165991e-01,1.781871026663165991e-01,1.781871026663165991e-01
-1.158404707908630371e+00,-3.391405940055847168e-01,-3.338859081268310547e-01,8.405375480651855469e-01,1.567111968994140625e+00,-1.861790060997009277e+00,3.037367463111877441e-01,4.535292148590087891e+00,2.915781736373901367e-01,1.669011232409740031e-01,1.669011232409740031e-01,1.669011232409740031e-01,1.669011232409740031e-01
-1.155763983726501465e+00,-3.374321460723876953e-01,-3.328281641006469727e-01,8.369936943054199219e-01,1.561718940734863281e+00,-1.856072902679443359e+00,3.043439388275146484e-01,4.520928382873535156e+00,2.914828062057495117e-01,1.559207363492388088e-01,1.559207363492388088e-01,1.559207363492388088e-01,1.559207363492388088e-01
-1.149808883666992188e+00,-3.371220231056213379e-01,-3.287525177001953125e-01,8.342624902725219727e-01,1.551328539848327637e+00,-1.849421024322509766e+00,2.976005077362060547e-01,4.499725341796875000e+00,2.927075922489166260e-01,1.452550156294661887e-01,1.452550156294661887e-01,1.452550156294661887e-01,1.452550156294661887e-01
-1.147093296051025391e+00,-3.353604674339294434e-01,-3.280028998851776123e-01,8.302558064460754395e-01,1.545812606811523438e+00,-1.843577861785888672e+00,2.981822490692138672e-01,4.484953880310058594e+00,2.925357520580291748e-01,1.349127190445346680e-01,1.349127190445346680e-01,1.349127190445346680e-01,1.349127190445346680e-01
-1.144352197647094727e+00,-3.337250351905822754e-01,-3.268947303295135498e-01,8.264267444610595703e-01,1.540394783020019531e+00,-1.837373971939086914e+00,2.989618778228759766e-01,4.469804763793945312e+00,2.923097312450408936e-01,1.249022827428014626e-01,1.249022827428014626e-01,1.249022827428014626e-01,1.249022827428014626e-01
-1.141418814659118652e+00,-3.318548500537872314e-01,-3.258042335510253906e-01,8.225439786911010742e-01,1.534698009490966797e+00,-1.831264257431030273e+00,2.995173335075378418e-01,4.454397678375244141e+00,2.921662628650665283e-01,1.152318152511267457e-01,1.152318152511267457e-01,1.152318152511267457e-01,1.152318152511267457e-01
-1.138515353202819824e+00,-3.300681710243225098e-01,-3.245923221111297607e-01,8.186956644058227539e-01,1.528971195220947266e+00,-1.824968814849853516e+00,3.001814782619476318e-01,4.438756465911865234e+00,2.920092940330505371e-01,1.059090920024393090e-01,1.059090920024393090e-01,1.059090920024393090e-01,1.059090920024393090e-01
-1.135492086410522461e+00,-3.281818628311157227e-01,-3.233614265918731689e-01,8.147935271263122559e-01,1.523104906082153320e+00,-1.818660497665405273e+00,3.007344603538513184e-01,4.422883033752441406e+00,2.918829321861267090e-01,9.694155019996375522e-02,9.694155019996375522e-02,9.694155019996375522e-02,9.694155019996375522e-02
-1.132450580596923828e+00,-3.263219296932220459e-01,-3.220647275447845459e-01,8.108777403831481934e-01,1.517187356948852539e+00,-1.812239408493041992e+00,3.013135492801666260e-01,4.406804561614990234e+00,2.917542159557342529e-01,8.833628401992976720e-02,8.833628401992976720e-02,8.833628401992976720e-02,8.833628401992976720e-02
-1.129332780838012695e+00,-3.244180083274841309e-01,-3.207398355007171631e-01,8.069194555282592773e-01,1.511181354522705078e+00,-1.805773615837097168e+00,3.018328845500946045e-01,4.390528678894042969e+00,2.916387021541595459e-01,8.010004015422178547e-02,8.010004015422178547e-02,8.010004015422178547e-02,8.010004015422178547e-02
-1.126179933547973633e+00,-3.225183188915252686e-01,-3.193695247173309326e-01,8.029364943504333496e-01,1.505123138427734375e+00,-1.799229145050048828e+00,3.023475706577301025e-01,4.374076366424560547e+00,2.915246784687042236e-01,7.223921369414981752e-02,7.223921369414981752e-02,7.223921369414981752e-02,7.223921369414981752e-02
-1.122971773147583008e+00,-3.205964565277099609e-01,-3.179690539836883545e-01,7.989207506179809570e-01,1.499001741409301758e+00,-1.792635083198547363e+00,3.028253912925720215e-01,4.357458114624023438e+00,2.914176881313323975e-01,6.475984435614157153e-02,6.475984435614157153e-02,6.475984435614157153e-02,6.475984435614157153e-02
-1.116960048675537109e+00,-3.197002708911895752e-01,-3.137901723384857178e-01,7.955237627029418945e-01,1.488344430923461914e+00,-1.785132527351379395e+00,2.972384691238403320e-01,4.334526538848876953e+00,2.926207184791564941e-01,5.766761304989431736e-02,5.766761304989431736e-02,5.766761304989431736e-02,5.766761304989431736e-02
-1.113715529441833496e+00,-3.177807033061981201e-01,-3.127187788486480713e-01,7.911053299903869629e-01,1.482231616973876953e+00,-1.778511404991149902e+00,2.976699769496917725e-01,4.317778587341308594e+00,2.924231886863708496e-01,5.096783878917299226e-02,5.096783878917299226e-02,5.096783878917299226e-02,5.096783878917299226e-02
-1.110483527183532715e+00,-3.159767389297485352e-01,-3.113141357898712158e-01,7.869037389755249023e-01,1.476243734359741211e+00,-1.771610617637634277e+00,2.983016371726989746e-01,4.300812244415283203e+00,2.921867370605468750e-01,4.466547594514636010e-02,4.466547594514636010e-02,4.466547594514636010e-02,4.466547594514636010e-02
-1.107099056243896484e+00,-3.139690458774566650e-01,-3.099359571933746338e-01,7.826938033103942871e-01,1.470049619674682617e+00,-1.764844894409179688e+00,2.987242341041564941e-01,4.283739089965820312e+00,2.920220792293548584e-01,3.876511184182468428e-02,3.876511184182468428e-02,3.876511184182468428e-02,3.876511184182468428e-02
-1.103768467903137207e+00,-3.120478093624114990e-01,-3.084552288055419922e-01,7.785482406616210938e-01,1.463873624801635742e+00,-1.757962942123413086e+00,2.992462813854217529e-01,4.266582012176513672e+00,2.918497622013092041e-01,3.327096469289420044e-02,3.327096469289420044e-02,3.327096469289420044e-02,3.327096469289420044e-02
-1.100354552268981934e+00,-3.100515604019165039e-01,-3.069683611392974854e-01,7.743880152702331543e-01,1.457623004913330078e+00,-1.751118898391723633e+00,2.996656894683837891e-01,4.249345779418945312e+00,2.917025387287139893e-01,2.818688187890283636e-02,2.818688187890283636e-02,2.818688187890283636e-02,2.818688187890283636e-02
-1.096949219703674316e+00,-3.080922067165374756e-01,-3.054331541061401367e-01,7.702469825744628906e-01,1.451374530792236328e+00,-1.744226455688476562e+00,3.001050353050231934e-01,4.232056140899658203e+00,2.915553152561187744e-01,2.351633856348039897e-02,2.351633856348039897e-02,2.351633856348039897e-02,2.351633856348039897e-02
-1.093501329421997070e+00,-3.061096966266632080e-01,-3.038836419582366943e-01,7.661002874374389648e-01,1.445098519325256348e+00,-1.737344980239868164e+00,3.004895746707916260e-01,4.214722156524658203e+00,2.914189100265502930e-01,1.926243664697568914e-02,1.926243664697568914e-02,1.926243664697568914e-02,1.926243664697568914e-02
-1.090047597885131836e+00,-3.041452765464782715e-01,-3.023051917552947998e-01,7.619636058807373047e-01,1.438826084136962891e+00,-1.730447053909301758e+00,3.008655011653900146e-01,4.197364807128906250e+00,2.912848591804504395e-01,1.542790405561433875e-02,1.542790405561433875e-02,1.542790405561433875e-02,1.542790405561433875e-02
-1.086571097373962402e+00,-3.021772205829620361e-01,-3.007110357284545898e-01,7.578304409980773926e-01,1.432549476623535156e+00,-1.723557829856872559e+00,3.012066483497619629e-01,4.179995536804199219e+00,2.911571264266967773e-01,1.201509436398934261e-02,1.201509436398934261e-02,1.201509436398934261e-02,1.201509436398934261e-02
-1.080950379371643066e+00,-3.008695840835571289e-01,-2.965071499347686768e-01,7.541391849517822266e-01,1.422199964523315430e+00,-1.716075539588928223e+00,2.967965304851531982e-01,4.157217502593994141e+00,2.925394773483276367e-01,9.025986748422754058e-03,9.025986748422754058e-03,9.025986748422754058e-03,9.025986748422754058e-03
-1.077504515647888184e+00,-2.989781498908996582e-01,-2.952373027801513672e-01,7.496943473815917969e-01,1.416099309921264648e+00,-1.709216952323913574e+00,2.971430420875549316e-01,4.140000820159912109e+00,2.922911942005157471e-01,6.462186268475222928e-03,6.462186268475222928e-03,6.462186268475222928e-03,6.462186268475222928e-03
-1.074068427085876465e+00,-2.971375882625579834e-01,-2.937094867229461670e-01,7.454699873924255371e-01,1.410103082656860352e+00,-1.702226161956787109e+00,2.976100444793701172e-01,4.122735977172851562e+00,2.920357584953308105e-01,4.324924473598557029e-03,4.324924473598557029e-03,4.324924473598557029e-03,4.324924473598557029e-03
-1.070556282997131348e+00,-2.951693236827850342e-01,-2.921941280364990234e-01,7.412940263748168945e-01,1.404000759124755859e+00,-1.695377111434936523e+00,2.979324758052825928e-01,4.105522632598876953e+00,2.918361723423004150e-01,2.615060331680629790e-03,2.615060331680629790e-03,2.615060331680629790e-03,2.615060331680629790e-03
-1.067100524902343750e+00,-2.932656109333038330e-01,-2.906089127063751221e-01,7.372025847434997559e-01,1.397947788238525391e+00,-1.688505768775939941e+00,2.983112335205078125e-01,4.088375091552734375e+00,2.916401624679565430e-01,1.333081475969888352e-03,1.333081475969888352e-03,1.333081475969888352e-03,1.333081475969888352e-03
-1.063612818717956543e+00,-2.913282215595245361e-01,-2.890222668647766113e-01,7.331400513648986816e-01,1.391891717910766602e+00,-1.681712031364440918e+00,2.986133396625518799e-01,4.071303844451904297e+00,2.914645075798034668e-01,4.791057666214126876e-04,4.791057666214126876e-04,4.791057666214126876e-04,4.791057666214126876e-04
-1.060153365135192871e+00,-2.894291579723358154e-01,-2.874088287353515625e-01,7.291258573532104492e-01,1.385883927345275879e+00,-1.674942970275878906e+00,2.989183068275451660e-01,4.054330348968505859e+00,2.912932038307189941e-01,5.288316286594652027e-05,5.288316286594652027e-05,5.288316286594652027e-05,5.288316286594652027e-05
-1.056691169738769531e+00,-2.875329554080963135e-01,-2.857916951179504395e-01,7.251443862915039062e-01,1.379909396171569824e+00,-1.668236613273620605e+00,2.991799712181091309e-01,4.037465572357177734e+00,2.911323904991149902e-01,5.379790156379016253e-05,5.379790156379016253e-05,5.379790156379016253e-05,5.379790156379016253e-05
-1.053249597549438477e+00,-2.856649756431579590e-01,-2.841631472110748291e-01,7.212053537368774414e-01,1.373988866806030273e+00,-1.661579132080078125e+00,2.994256317615509033e-01,4.020727634429931641e+00,2.909768819808959961e-01,4.808709776826791682e-04,4.808709776826791682e-04,4.808709776826791682e-04,4.808709776826791682e-04
-1.049820303916931152e+00,-2.838138341903686523e-01,-2.825319170951843262e-01,7.173058986663818359e-01,1.368120908737182617e+00,-1.654986858367919922e+00,2.996403574943542480e-01,4.004129409790039062e+00,2.908282876014709473e-01,1.332762922010066742e-03,1.332762922010066742e-03,1.332762922010066742e-03,1.332762922010066742e-03
-1.044969439506530762e+00,-2.823019325733184814e-01,-2.784493863582611084e-01,7.137390971183776855e-01,1.358683466911315918e+00,-1.648323655128479004e+00,2.963115870952606201e-01,3.983365058898925781e+00,2.924733757972717285e-01,2.607776871198730362e-03,2.607776871198730362e-03,2.607776871198730362e-03,2.607776871198730362e-03
-1.041656494140625000e+00,-2.806160449981689453e-01,-2.771127521991729736e-01,7.096361517906188965e-01,1.353174924850463867e+00,-1.641783356666564941e+00,2.966324687004089355e-01,3.967185020446777344e+00,2.921676933765411377e-01,4.303861925034457858e-03,4.303861925034457858e-03,4.303861925034457858e-03,4.303861925034457858e-03
-1.038316249847412109e+00,-2.788783013820648193e-01,-2.756318747997283936e-01,7.057285904884338379e-01,1.347712874412536621e+00,-1.635301351547241211e+00,2.969317138195037842e-01,3.951125860214233398e+00,2.918941378593444824e-01,6.418616785612896170e-03,6.418616785612896170e-03,6.418616785612896170e-03,6.418616785612896170e-03
-1.034999370574951172e+00,-2.771153748035430908e-01,-2.741316854953765869e-01,7.019324302673339844e-01,1.342257022857666016e+00,-1.628940224647521973e+00,2.971857488155364990e-01,3.935265541076660156e+00,2.916588187217712402e-01,8.949293672914415687e-03,8.949293672914415687e-03,8.949293672914415687e-03,8.949293672914415687e-03
-1.031725645065307617e+00,-2.753795683383941650e-01,-2.726032137870788574e-01,6.982320547103881836e-01,1.336869001388549805e+00,-1.622661352157592773e+00,2.974321544170379639e-01,3.919613838195800781e+00,2.914402484893798828e-01,1.189280251108698616e-02,1.189280251108698616e-02,1.189280251108698616e-02,1.189280251108698616e-02
-1.028478503227233887e+00,-2.736580073833465576e-01,-2.710720002651214600e-01,6.946042776107788086e-01,1.331547498703002930e+00,-1.616489171981811523e+00,2.976405620574951172e-01,3.904183626174926758e+00,2.912380099296569824e-01,1.524571537955560219e-02,1.524571537955560219e-02,1.524571537955560219e-02,1.524571537955560219e-02
-1.025273203849792480e+00,-2.719708085060119629e-01,-2.695371806621551514e-01,6.910493969917297363e-01,1.326312065124511719e+00,-1.610414385795593262e+00,2.978280186653137207e-01,3.888990163803100586e+00,2.910461425781250000e-01,1.900427122290565540e-02,1.900427122290565540e-02,1.900427122290565540e-02,1.900427122290565540e-02
-1.022105336189270020e+00,-2.703128159046173096e-01,-2.680071592330932617e-01,6.875630617141723633e-01,1.321165323257446289e+00,-1.604448318481445312e+00,2.979862987995147705e-01,3.874046802520751953e+00,2.908648848533630371e-01,2.316438081333321852e-02,2.316438081333321852e-02,2.316438081333321852e-02,2.316438081333321852e-02
-1.018981933593750000e+00,-2.686905562877655029e-01,-2.664828002452850342e-01,6.841477751731872559e-01,1.316116333007812500e+00,-1.598591446876525879e+00,2.981212139129638672e-01,3.859366655349731445e+00,2.906921505928039551e-01,2.772163195928006862e-02,2.772163195928006862e-02,2.772163195928006862e-02,2.772163195928006862e-02
-1.015903830528259277e+00,-2.671037018299102783e-01,-2.649674713611602783e-01,6.808043718338012695e-01,1.311169385910034180e+00,-1.592849731445312500e+00,2.982310056686401367e-01,3.844962358474731445e+00,2.905275821685791016e-01,3.267129495372372849e-02,3.267129495372372849e-02,3.267129495372372849e-02,3.267129495372372849e-02
-1.012120723724365234e+00,-2.655997574329376221e-01,-2.611889243125915527e-01,6.777814626693725586e-01,1.303214788436889648e+00,-1.587682962417602539e+00,2.958248853683471680e-01,3.827894210815429688e+00,2.924267351627349854e-01,3.800832825546252014e-02,3.800832825546252014e-02,3.800832825546252014e-02,3.800832825546252014e-02
-1.009252190589904785e+00,-2.642752528190612793e-01,-2.599213123321533203e-01,6.743451356887817383e-01,1.298808574676513672e+00,-1.581985950469970703e+00,2.961652278900146484e-01,3.814140796661376953e+00,2.920677661895751953e-01,4.372738439658069298e-02,4.372738439658069298e-02,4.372738439658069298e-02,4.372738439658069298e-02
-1.006296157836914062e+00,-2.627768218517303467e-01,-2.586423754692077637e-01,6.710598468780517578e-01,1.294366121292114258e+00,-1.576553940773010254e+00,2.963061928749084473e-01,3.800657749176025391e+00,2.917822599411010742e-01,4.982281610915967329e-02,4.982281610915967329e-02,4.982281610915967329e-02,4.982281610915967329e-02
-1.003470063209533691e+00,-2.613611519336700439e-01,-2.573041915893554688e-01,6.679490804672241211e-01,1.290039539337158203e+00,-1.571205496788024902e+00,2.965184450149536133e-01,3.787505626678466797e+00,2.915178537368774414e-01,5.628868266417696997e-02,5.628868266417696997e-02,5.628868266417696997e-02,5.628868266417696997e-02
-1.000665426254272461e+00,-2.599306404590606689e-01,-2.559802532196044922e-01,6.649380922317504883e-01,1.285788536071777344e+00,-1.566038489341735840e+00,2.966523468494415283e-01,3.774679899215698242e+00,2.912828922271728516e-01,6.311875641542596949e-02,6.311875641542596949e-02,6.311875641542596949e-02,6.311875641542596949e-02
-9.979434609413146973e-01,-2.585591673851013184e-01,-2.546503841876983643e-01,6.620393991470336914e-01,1.281664848327636719e+00,-1.560998439788818359e+00,2.967890202999114990e-01,3.762201547622680664e+00,2.910604774951934814e-01,7.030652954117538878e-02,7.030652954117538878e-02,7.030652954117538878e-02,7.030652954117538878e-02
-9.952732920646667480e-01,-2.572160959243774414e-01,-2.533384859561920166e-01,6.592329740524291992e-01,1.277656793594360352e+00,-1.556119322776794434e+00,2.968832850456237793e-01,3.750077962875366211e+00,2.908543348312377930e-01,7.784522097618845615e-02,7.784522097618845615e-02,7.784522097618845615e-02,7.784522097618845615e-02
-9.926760196685791016e-01,-2.559243738651275635e-01,-2.520389258861541748e-01,6.565251946449279785e-01,1.273782730102539062e+00,-1.551386475563049316e+00,2.969615757465362549e-01,3.738321542739868164e+00,2.906586527824401855e-01,8.572778352664334189e-02,8.572778352664334189e-02,8.572778352664334189e-02,8.572778352664334189e-02
-9.901432991027832031e-01,-2.546749413013458252e-01,-2.507598996162414551e-01,6.539118289947509766e-01,1.270041465759277344e+00,-1.546812295913696289e+00,2.970110476016998291e-01,3.726941108703613281e+00,2.904743850231170654e-01,9.394691116039483036e-02,9.394691116039483036e-02,9.394691116039483036e-02,9.394691116039483036e-02
-9.876832962036132812e-01,-2.534745931625366211e-01,-2.495010495185852051e-01,6.513960361480712891e-01,1.266441106796264648e+00,-1.542394995689392090e+00,2.970404028892517090e-01,3.715947866439819336e+00,2.902994751930236816e-01,1.024950464649505566e-01,1.024950464649505566e-01,1.024950464649505566e-01,1.024950464649505566e-01
-9.851780533790588379e-01,-2.521715164184570312e-01,-2.461992502212524414e-01,6.492878198623657227e-01,1.260435581207275391e+00,-1.539249181747436523e+00,2.953735589981079102e-01,3.703937053680419922e+00,2.923985123634338379e-01,1.113643882654771211e-01,1.113643882654771211e-01,1.113643882654771211e-01,1.113643882654771211e-01
-9.830201864242553711e-01,-2.513325214385986328e-01,-2.451341152191162109e-01,6.467798352241516113e-01,1.257540822029113770e+00,-1.534843802452087402e+00,2.957660853862762451e-01,3.693780183792114258e+00,2.919922471046447754e-01,1.205468993950521428e-01,1.205468993950521428e-01,1.205468993950521428e-01,1.205468993950521428e-01
-9.807009696960449219e-01,-2.501921057701110840e-01,-2.441908419132232666e-01,6.443663239479064941e-01,1.254511594772338867e+00,-1.530904293060302734e+00,2.957709431648254395e-01,3.684010982513427734e+00,2.917011380195617676e-01,1.300343146093768110e-01,1.300343146093768110e-01,1.300343146093768110e-01,1.300343146093768110e-01
-9.786097407341003418e-01,-2.492329776287078857e-01,-2.431477010250091553e-01,6.421862244606018066e-01,1.251695752143859863e+00,-1.527001738548278809e+00,2.959612011909484863e-01,3.674675464630126953e+00,2.914133965969085693e-01,1.398181486380802308e-01,1.398181486380802308e-01,1.398181486380802308e-01,1.398181486380802308e-01
-9.765180349349975586e-01,-2.482206523418426514e-01,-2.421565055847167969e-01,6.401039361953735352e-01,1.248954653739929199e+00,-1.523364067077636719e+00,2.960098683834075928e-01,3.665756702423095703e+00,2.911670804023742676e-01,1.498897043647064442e-01,1.498897043647064442e-01,1.498897043647064442e-01,1.498897043647064442e-01
-9.745540618896484375e-01,-2.473019659519195557e-01,-2.411567270755767822e-01,6.381659507751464844e-01,1.246387243270874023e+00,-1.519866108894348145e+00,2.960964739322662354e-01,3.657280921936035156e+00,2.909299135208129883e-01,1.602400811274715675e-01,1.602400811274715675e-01,1.602400811274715675e-01,1.602400811274715675e-01
-9.726501703262329102e-01,-2.464072406291961670e-01,-2.401925325393676758e-01,6.363335847854614258e-01,1.243955254554748535e+00,-1.516576528549194336e+00,2.961239516735076904e-01,3.649245977401733398e+00,2.907131314277648926e-01,1.708601831328266929e-01,1.708601831328266929e-01,1.708601831328266929e-01,1.708601831328266929e-01
-9.708449244499206543e-01,-2.455789148807525635e-01,-2.392472326755523682e-01,6.346219778060913086e-01,1.241689205169677734e+00,-1.513460040092468262e+00,2.961460351943969727e-01,3.641663789749145508e+00,2.905067801475524902e-01,1.817407279738502690e-01,1.817407279738502690e-01,1.817407279738502690e-01,1.817407279738502690e-01
-9.691202640533447266e-01,-2.447970807552337646e-01,-2.383348047733306885e-01,6.330212354660034180e-01,1.239579916000366211e+00,-1.510537743568420410e+00,2.961364686489105225e-01,3.634538888931274414e+00,2.903135120868682861e-01,1.928722552454903427e-01,1.928722552454903427e-01,1.928722552454903427e-01,1.928722552454903427e-01
-9.674882292747497559e-01,-2.440739274024963379e-01,-2.374514639377593994e-01,6.315361261367797852e-01,1.237637758255004883e+00,-1.507800936698913574e+00,2.961111366748809814e-01,3.627878665924072266e+00,2.901300787925720215e-01,2.042451352486736038e-01,2.042451352486736038e-01,2.042451352486736038e-01,2.042451352486736038e-01
-9.663816690444946289e-01,-2.431275248527526855e-01,-2.347427606582641602e-01,6.306225061416625977e-01,1.233873963356018066e+00,-1.507037281990051270e+00,2.949908375740051270e-01,3.621854543685913086e+00,2.923839986324310303e-01,2.158495777752815203e-01,2.158495777752815203e-01,2.158495777752815203e-01,2.158495777752815203e-01
-9.651372432708740234e-01,-2.428587079048156738e-01,-2.340030670166015625e-01,6.292279958724975586e-01,1.232775926589965820e+00,-1.504256486892700195e+00,2.954622507095336914e-01,3.616158246994018555e+00,2.919309735298156738e-01,2.276756409660308234e-01,2.276756409660308234e-01,2.276756409660308234e-01,2.276756409660308234e-01
-9.636503458023071289e-01,-2.421639263629913330e-01,-2.335023283958435059e-01,6.278632879257202148e-01,1.231437921524047852e+00,-1.502120971679687500e+00,2.953637242317199707e-01,3.610922336578369141e+00,2.916361093521118164e-01,2.397132402332904366e-01,2.397132402332904366e-01,2.397132402332904366e-01,2.397132402332904366e-01
-9.624718427658081055e-01,-2.417320013046264648e-01,-2.328668832778930664e-01,6.267825961112976074e-01,1.230391263961791992e+00,-1.499971270561218262e+00,2.955517470836639404e-01,3.606190204620361328e+00,2.913252115249633789e-01,2.519521572409163523e-01,2.519521572409163523e-01,2.519521572409163523e-01,2.519521572409163523e-01
-9.612728953361511230e-01,-2.412151098251342773e-01,-2.323121428489685059e-01,6.257922649383544922e-01,1.229409217834472656e+00,-1.498147487640380859e+00,2.955462634563446045e-01,3.601928949356079102e+00,2.910668849945068359e-01,2.643820489331668022e-01,2.643820489331668022e-01,2.643820489331668022e-01,2.643820489331668022e-01
-9.602323770523071289e-01,-2.408152222633361816e-01,-2.317469120025634766e-01,6.249684095382690430e-01,1.228630542755126953e+00,-1.496467113494873047e+00,2.956050038337707520e-01,3.598168134689331055e+00,2.908138632774353027e-01,2.769924566048538317e-01,2.769924566048538317e-01,2.769924566048538317e-01,2.769924566048538317e-01
-9.592567682266235352e-01,-2.404347956180572510e-01,-2.312295734882354736e-01,6.242568492889404297e-01,1.227996110916137695e+00,-1.495023846626281738e+00,2.955948114395141602e-01,3.594897747039794922e+00,2.905842065811157227e-01,2.897728150048906048e-01,2.897728150048906048e-01,2.897728150048906048e-01,2.897728150048906048e-01
-9.583956599235534668e-01,-2.401291429996490479e-01,-2.307365834712982178e-01,6.236790418624877930e-01,1.227544546127319336e+00,-1.493768692016601562e+00,2.955860793590545654e-01,3.592129468917846680e+00,2.903640866279602051e-01,3.027124614654576051e-01,3.027124614654576051e-01,3.027124614654576051e-01,3.027124614654576051e-01
-9.576250314712524414e-01,-2.398720979690551758e-01,-2.302848696708679199e-01,6.232200860977172852e-01,1.227260589599609375e+00,-1.492726564407348633e+00,2.955451905727386475e-01,3.589861631393432617e+00,2.901582121849060059e-01,3.158006450490504768e-01,3.158006450490504768e-01,3.158006450490504768e-01,3.158006450490504768e-01
-9.569581747055053711e-01,-2.396779954433441162e-01,-2.298688590526580811e-01,6.228862404823303223e-01,1.227155447006225586e+00,-1.491884589195251465e+00,2.954913377761840820e-01,3.588099002838134766e+00,2.899619042873382568e-01,3.290265357057664541e-01,3.290265357057664541e-01,3.290265357057664541e-01,3.290265357057664541e-01
-9.572805166244506836e-01,-2.392040491104125977e-01,-2.277775704860687256e-01,6.233276724815368652e-01,1.225704908370971680e+00,-1.493699908256530762e+00,2.947065532207489014e-01,3.588479995727539062e+00,2.923775017261505127e-01,3.423792334331972054e-01,3.423792334331972054e-01,3.423792334331972054e-01,3.423792334331972054e-01
-9.570739865303039551e-01,-2.395433187484741211e-01,-2.274660170078277588e-01,6.231482028961181641e-01,1.226551294326782227e+00,-1.492733955383300781e+00,2.952802479267120361e-01,3.587742567062377930e+00,2.918677330017089844e-01,3.558477774314303121e-01,3.558477774314303121e-01,3.558477774314303121e-01,3.558477774314303121e-01
-9.565421938896179199e-01,-2.393411993980407715e-01,-2.274852991104125977e-01,6.229258775711059570e-01,1.227048754692077637e+00,-1.492562055587768555e+00,2.951193153858184814e-01,3.587486267089843750e+00,2.915619015693664551e-01,3.694211552456772019e-01,3.694211552456772019e-01,3.694211552456772019e-01,3.694211552456772019e-01
-9.563770294189453125e-01,-2.394655048847198486e-01,-2.273423522710800171e-01,6.230271458625793457e-01,1.227894544601440430e+00,-1.492321014404296875e+00,2.953265905380249023e-01,3.587767362594604492e+00,2.912185490131378174e-01,3.830883118891866279e-01,3.830883118891866279e-01,3.830883118891866279e-01,3.830883118891866279e-01
-9.561735391616821289e-01,-2.394789457321166992e-01,-2.272987663745880127e-01,6.232047080993652344e-01,1.228784322738647461e+00,-1.492443323135375977e+00,2.953029870986938477e-01,3.588531255722045898e+00,2.909391522407531738e-01,3.968381589391388187e-01,3.968381589391388187e-01,3.968381589391388187e-01,3.968381589391388187e-01
-9.561442136764526367e-01,-2.396221160888671875e-01,-2.272430062294006348e-01,6.235603094100952148e-01,1.229889631271362305e+00,-1.492702484130859375e+00,2.953608334064483643e-01,3.589813947677612305e+00,2.906607389450073242e-01,4.106595835983461451e-01,4.106595835983461451e-01,4.106595835983461451e-01,4.106595835983461451e-01
-9.561798572540283203e-01,-2.397803664207458496e-01,-2.272413372993469238e-01,6.240273714065551758e-01,1.231134414672851562e+00,-1.493209242820739746e+00,2.953425049781799316e-01,3.591597080230712891e+00,2.904083728790283203e-01,4.245414577156504943e-01,4.245414577156504943e-01,4.245414577156504943e-01,4.245414577156504943e-01
-9.563354253768920898e-01,-2.400153577327728271e-01,-2.272669374942779541e-01,6.246312260627746582e-01,1.232563138008117676e+00,-1.493904471397399902e+00,2.953303456306457520e-01,3.593889951705932617e+00,2.901646196842193604e-01,4.384726467580594700e-01,4.384726467580594700e-01,4.384726467580594700e-01,4.384726467580594700e-01
-9.565832614898681641e-01,-2.402978539466857910e-01,-2.273373603820800781e-01,6.253539919853210449e-01,1.234156250953674316e+00,-1.494815111160278320e+00,2.952850162982940674e-01,3.596685171127319336e+00,2.899351716041564941e-01,4.524420187277078398e-01,4.524420187277078398e-01,4.524420187277078398e-01,4.524420187277078398e-01
-9.569371938705444336e-01,-2.406432330608367920e-01,-2.274467051029205322e-01,6.262013912200927734e-01,1.235924959182739258e+00,-1.495924949645996094e+00,2.952284216880798340e-01,3.599984884262084961e+00,2.897151112556457520e-01,4.664384530168739218e-01,4.664384530168739218e-01,4.664384530168739218e-01,4.664384530168739218e-01
-9.586272239685058594e-01,-2.407170832157135010e-01,-2.258844822645187378e-01,6.280176639556884766e-01,1.236611008644104004e+00,-1.500352263450622559e+00,2.945426106452941895e-01,3.606642007827758789e+00,2.923758625984191895e-01,4.804508491944441961e-01,4.804508491944441961e-01,4.804508491944441961e-01,4.804508491944441961e-01
-9.594984650611877441e-01,-2.416505813598632812e-01,-2.260737121105194092e-01,6.290669441223144531e-01,1.239403486251831055e+00,-1.501233577728271484e+00,2.952459156513214111e-01,3.610957622528076172e+00,2.917899489402770996e-01,4.944681357172167613e-01,4.944681357172167613e-01,4.944681357172167613e-01,4.944681357172167613e-01
-9.599639177322387695e-01,-2.419407069683074951e-01,-2.266569137573242188e-01,6.299922466278076172e-01,1.241738557815551758e+00,-1.503023862838745117e+00,2.950722575187683105e-01,3.615726232528686523e+00,2.914580404758453369e-01,5.084792785597057607e-01,5.084792785597057607e-01,5.084792785597057607e-01,5.084792785597057607e-01
-9.608311653137207031e-01,-2.426057755947113037e-01,-2.270575016736984253e-01,6.312668919563293457e-01,1.244458913803100586e+00,-1.504684805870056152e+00,2.953283786773681641e-01,3.621023416519165039e+00,2.910634279251098633e-01,5.224732897561114031e-01,5.224732897561114031e-01,5.224732897561114031e-01,5.224732897561114031e-01
-9.616414308547973633e-01,-2.431386113166809082e-01,-2.275669872760772705e-01,6.325962543487548828e-01,1.247190713882446289e+00,-1.506725668907165527e+00,2.953234016895294189e-01,3.626777172088623047e+00,2.907460331916809082e-01,5.364392358483478507e-01,5.364392358483478507e-01,5.364392358483478507e-01,5.364392358483478507e-01
-9.626282453536987305e-01,-2.438064217567443848e-01,-2.280606329441070557e-01,6.341046094894409180e-01,1.250133514404296875e+00,-1.508884668350219727e+00,2.954093217849731445e-01,3.633026123046875000e+00,2.904244065284729004e-01,5.503662462340803696e-01,5.503662462340803696e-01,5.503662462340803696e-01,5.503662462340803696e-01
-9.636740684509277344e-01,-2.444833815097808838e-01,-2.286087870597839355e-01,6.357150077819824219e-01,1.253197193145751953e+00,-1.511284351348876953e+00,2.954154312610626221e-01,3.639744997024536133e+00,2.901322245597839355e-01,5.642435214089203122e-01,5.642435214089203122e-01,5.642435214089203122e-01,5.642435214089203122e-01
-9.648354053497314453e-01,-2.452344000339508057e-01,-2.291828989982604980e-01,6.374558210372924805e-01,1.256430268287658691e+00,-1.513858795166015625e+00,2.954279482364654541e-01,3.646939516067504883e+00,2.898477911949157715e-01,5.780603410970333034e-01,5.780603410970333034e-01,5.780603410970333034e-01,5.780603410970333034e-01
-9.660830497741699219e-01,-2.460283637046813965e-01,-2.298008501529693604e-01,6.393066644668579102e-01,1.259809494018554688e+00,-1.516635656356811523e+00,2.954064011573791504e-01,3.654600143432617188e+00,2.895789146423339844e-01,5.918060722645880345e-01,5.918060722645880345e-01,5.918060722645880345e-01,5.918060722645880345e-01
-9.674303531646728516e-01,-2.468812167644500732e-01,-2.304557561874389648e-01,6.412732005119323730e-01,1.263346433639526367e+00,-1.519595861434936523e+00,2.953737676143646240e-01,3.662723064422607422e+00,2.893189489841461182e-01,6.054701770105910263e-01,6.054701770105910263e-01,6.054701770105910263e-01,6.054701770105910263e-01
-9.703298807144165039e-01,-2.475456297397613525e-01,-2.292260229587554932e-01,6.443423032760620117e-01,1.265750765800476074e+00,-1.526502013206481934e+00,2.945151627063751221e-01,3.674976348876953125e+00,2.923788428306579590e-01,6.190422203298121540e-01,6.190422203298121540e-01,6.190422203298121540e-01,6.190422203298121540e-01
-9.722337722778320312e-01,-2.490090429782867432e-01,-2.299500703811645508e-01,6.465464234352111816e-01,1.270346879959106445e+00,-1.529107332229614258e+00,2.953768074512481689e-01,3.684037446975708008e+00,2.916932702064514160e-01,6.325118777427073402e-01,6.325118777427073402e-01,6.325118777427073402e-01,6.325118777427073402e-01
-9.736554622650146484e-01,-2.497434616088867188e-01,-2.311031222343444824e-01,6.485372185707092285e-01,1.274381279945373535e+00,-1.532700777053833008e+00,2.952440381050109863e-01,3.693474292755126953e+00,2.913141846656799316e-01,6.458689427873179900e-01,6.458689427873179900e-01,6.458689427873179900e-01,6.458689427873179900e-01
-9.754940867424011230e-01,-2.508903741836547852e-01,-2.320597767829895020e-01,6.508876681327819824e-01,1.278819322586059570e+00,-1.536100149154663086e+00,2.955826520919799805e-01,3.703394651412963867e+00,2.908456921577453613e-01,6.591033343683385670e-01,6.591033343683385670e-01,6.591033343683385670e-01,6.591033343683385670e-01
-9.772549867630004883e-01,-2.518863081932067871e-01,-2.331267595291137695e-01,6.532629728317260742e-01,1.283224940299987793e+00,-1.539877414703369141e+00,2.956369519233703613e-01,3.713706970214843750e+00,2.904684245586395264e-01,6.722051039587193522e-01,6.722051039587193522e-01,6.722051039587193522e-01,6.722051039587193522e-01
-9.791837930679321289e-01,-2.530189752578735352e-01,-2.341707050800323486e-01,6.558074951171875000e-01,1.287822723388671875e+00,-1.543741464614868164e+00,2.957859933376312256e-01,3.724452018737792969e+00,2.900826334953308105e-01,6.851644426492733420e-01,6.851644426492733420e-01,6.851644426492733420e-01,6.851644426492733420e-01
-9.811580777168273926e-01,-2.541522979736328125e-01,-2.352643758058547974e-01,6.584358811378479004e-01,1.292508363723754883e+00,-1.547825813293457031e+00,2.958480715751647949e-01,3.735598564147949219e+00,2.897307276725769043e-01,6.979716880419837288e-01,6.979716880419837288e-01,6.979716880419837288e-01,6.979716880419837288e-01
-9.832347631454467773e-01,-2.553542554378509521e-01,-2.363775372505187988e-01,6.611797809600830078e-01,1.297334432601928711e+00,-1.552057504653930664e+00,2.959143817424774170e-01,3.747149467468261719e+00,2.893869280815124512e-01,7.106173309828306417e-01,7.106173309828306417e-01,7.106173309828306417e-01,7.106173309828306417e-01
-9.853843450546264648e-01,-2.565919756889343262e-01,-2.375281602144241333e-01,6.640166044235229492e-01,1.302274703979492188e+00,-1.556465387344360352e+00,2.959437370300292969e-01,3.759092330932617188e+00,2.890606522560119629e-01,7.230920221301422313e-01,7.230920221301422313e-01,7.230920221301422313e-01,7.230920221301422313e-01
-9.876185059547424316e-01,-2.578810453414916992e-01,-2.387092411518096924e-01,6.669516563415527344e-01,1.307340025901794434e+00,-1.561028361320495605e+00,2.959577441215515137e-01,3.771420717239379883e+00,2.887448668479919434e-01,7.353865783546615909e-01,7.353865783546615909e-01,7.353865783546615909e-01,7.353865783546615909e-01
-9.914752244949340820e-01,-2.591530084609985352e-01,-2.375406622886657715e-01,6.710304021835327148e-01,1.310853362083435059e+00,-1.570116043090820312e+00,2.946310341358184814e-01,3.788112401962280273e+00,2.923897504806518555e-01,7.474919889676435725e-01,7.474919889676435725e-01,7.474919889676435725e-01,7.474919889676435725e-01
-9.942857027053833008e-01,-2.610372602939605713e-01,-2.387877404689788818e-01,6.742309927940368652e-01,1.316975593566894531e+00,-1.574180603027343750e+00,2.956759035587310791e-01,3.801231384277343750e+00,2.915843725204467773e-01,7.593994217735071661e-01,7.593994217735071661e-01,7.593994217735071661e-01,7.593994217735071661e-01
-9.965473413467407227e-01,-2.621253132820129395e-01,-2.404760420322418213e-01,6.771241426467895508e-01,1.322439789772033691e+00,-1.579277753829956055e+00,2.956390976905822754e-01,3.814616203308105469e+00,2.911382019519805908e-01,7.711002289437528523e-01,7.711002289437528523e-01,7.711002289437528523e-01,7.711002289437528523e-01
-9.992229938507080078e-01,-2.636568844318389893e-01,-2.419586181640625000e-01,6.803702116012573242e-01,1.328310489654541016e+00,-1.584112644195556641e+00,2.960955500602722168e-01,3.828403472900390625e+00,2.905752658843994141e-01,7.825859527089594758e-01,7.825859527089594758e-01,7.825859527089594758e-01,7.825859527089594758e-01
-1.001796960830688477e+00,-2.650208473205566406e-01,-2.435458749532699585e-01,6.836036443710327148e-01,1.334096074104309082e+00,-1.589307427406311035e+00,2.962477505207061768e-01,3.842485666275024414e+00,2.901187539100646973e-01,7.938483308659249893e-01,7.938483308659249893e-01,7.938483308659249893e-01,7.938483308659249893e-01
-1.004521131515502930e+00,-2.665209770202636719e-01,-2.450999617576599121e-01,6.869868040084838867e-01,1.340041637420654297e+00,-1.594547748565673828e+00,2.964920103549957275e-01,3.856905937194824219e+00,2.896501421928405762e-01,8.048793020971678480e-01,8.048793020971678480e-01,8.048793020971678480e-01,8.048793020971678480e-01
-1.007271051406860352e+00,-2.680120468139648438e-01,-2.466934472322463989e-01,6.904280185699462891e-01,1.346030235290527344e+00,-1.599976658821105957e+00,2.966405153274536133e-01,3.871627569198608398e+00,2.892220616340637207e-01,8.156710111001279628e-01,8.156710111001279628e-01,8.156710111001279628e-01,8.156710111001279628e-01
-1.010103464126586914e+00,-2.695647180080413818e-01,-2.482951134443283081e-01,6.939623951911926270e-01,1.352118492126464844e+00,-1.605515241622924805e+00,2.967874407768249512e-01,3.886652708053588867e+00,2.888042032718658447e-01,8.262158135236741252e-01,8.262158135236741252e-01,8.262158135236741252e-01,8.262158135236741252e-01
-1.012987732887268066e+00,-2.711441516876220703e-01,-2.499222755432128906e-01,6.975656747817993164e-01,1.358276367187500000e+00,-1.611193418502807617e+00,2.968889772891998291e-01,3.901964187622070312e+00,2.884080410003662109e-01,8.365062807096075304e-01,8.365062807096075304e-01,8.365062807096075304e-01,8.365062807096075304e-01
-1.015935420989990234e+00,-2.727656364440917969e-01,-2.515678107738494873e-01,7.012433409690856934e-01,1.364515542984008789e+00,-1.616987705230712891e+00,2.969707846641540527e-01,3.917552947998046875e+00,2.880251705646514893e-01,8.465352042371006025e-01,8.465352042371006025e-01,8.465352042371006025e-01,8.465352042371006025e-01
-1.020412206649780273e+00,-2.746342420578002930e-01,-2.501677870750427246e-01,7.060024738311767578e-01,1.368417263031005859e+00,-1.627799749374389648e+00,2.948876023292541504e-01,3.937158823013305664e+00,2.924132943153381348e-01,8.562956002681230139e-01,8.562956002681230139e-01,8.562956002681230139e-01,8.562956002681230139e-01
-1.023935914039611816e+00,-2.767978310585021973e-01,-2.518792748451232910e-01,7.099641561508178711e-01,1.375671505928039551e+00,-1.632946848869323730e+00,2.961319088935852051e-01,3.953335762023925781e+00,2.914825975894927979e-01,8.657807136921196189e-01,8.657807136921196189e-01,8.657807136921196189e-01,8.657807136921196189e-01
-1.026855707168579102e+00,-2.781184315681457520e-01,-2.540260553359985352e-01,7.135261297225952148e-01,1.382184982299804688e+00,-1.639136314392089844e+00,2.962364256381988525e-01,3.969641685485839844e+00,2.909571528434753418e-01,8.749840220683855474e-01,8.749840220683855474e-01,8.749840220683855474e-01,8.749840220683855474e-01
-1.030174016952514648e+00,-2.799082398414611816e-01,-2.559599876403808594e-01,7.174196243286132812e-01,1.389095425605773926e+00,-1.644992589950561523e+00,2.968434691429138184e-01,3.986243724822998047e+00,2.902893424034118652e-01,8.838992393647023826e-01,8.838992393647023826e-01,8.838992393647023826e-01,8.838992393647023826e-01
-1.033361792564392090e+00,-2.815135121345520020e-01,-2.579892575740814209e-01,7.212560176849365234e-01,1.395859599113464355e+00,-1.651181817054748535e+00,2.971238195896148682e-01,4.003019332885742188e+00,2.897441983222961426e-01,8.925203194910353854e-01,8.925203194910353854e-01,8.925203194910353854e-01,8.925203194910353854e-01
-1.036678314208984375e+00,-2.832570374011993408e-01,-2.599709630012512207e-01,7.252155542373657227e-01,1.402744770050048828e+00,-1.657365560531616211e+00,2.974916398525238037e-01,4.020014286041259766e+00,2.891843318939208984e-01,9.008414596272205088e-01,9.008414596272205088e-01,9.008414596272205088e-01,9.008414596272205088e-01
-1.039992928504943848e+00,-2.849789559841156006e-01,-2.619777321815490723e-01,7.292003631591796875e-01,1.409618139266967773e+00,-1.663699507713317871e+00,2.977498769760131836e-01,4.037188053131103516e+00,2.886735796928405762e-01,9.088571033437671254e-01,9.088571033437671254e-01,9.088571033437671254e-01,9.088571033437671254e-01
-1.043366432189941406e+00,-2.867561876773834229e-01,-2.639766335487365723e-01,7.332510352134704590e-01,1.416541814804077148e+00,-1.670097112655639648e+00,2.979992628097534180e-01,4.054540157318115234e+00,2.881763875484466553e-01,9.165619435150390570e-01,9.165619435150390570e-01,9.165619435150390570e-01,9.165619435150390570e-01
-1.046764731407165527e+00,-2.885490059852600098e-01,-2.659851908683776855e-01,7.373403310775756836e-01,1.423481702804565430e+00,-1.676591396331787109e+00,2.981920242309570312e-01,4.072052478790283203e+00,2.877073287963867188e-01,9.239509250242711191e-01,9.239509250242711191e-01,9.239509250242711191e-01,9.239509250242711191e-01
-1.050201416015625000e+00,-2.903746366500854492e-01,-2.679950594902038574e-01,7.414757013320922852e-01,1.430449843406677246e+00,-1.683156132698059082e+00,2.983567416667938232e-01,4.089715003967285156e+00,2.872568368911743164e-01,9.310192472600516966e-01,9.310192472600516966e-01,9.310192472600516966e-01,9.310192472600516966e-01
-1.054898500442504883e+00,-2.927963137626647949e-01,-2.661138772964477539e-01,7.465560436248779297e-01,1.434015512466430664e+00,-1.695098400115966797e+00,2.952694296836853027e-01,4.110521316528320312e+00,2.924538254737854004e-01,9.377623664040202200e-01,9.377623664040202200e-01,9.377623664040202200e-01,9.377623664040202200e-01
-1.058892250061035156e+00,-2.950818836688995361e-01,-2.681871056556701660e-01,7.509806156158447266e-01,1.441921234130859375e+00,-1.700873494148254395e+00,2.967146039009094238e-01,4.128523826599121094e+00,2.914106845855712891e-01,9.441759975097492319e-01,9.441759975097492319e-01,9.441759975097492319e-01,9.441759975097492319e-01
-1.062240719795227051e+00,-2.964969873428344727e-01,-2.706751823425292969e-01,7.549238801002502441e-01,1.449021339416503906e+00,-1.707669019699096680e+00,2.969937622547149658e-01,4.146509170532226562e+00,2.908094525337219238e-01,9.502561163728926452e-01,9.502561163728926452e-01,9.502561163728926452e-01,9.502561163728926452e-01
-1.065963029861450195e+00,-2.984014749526977539e-01,-2.729454040527343750e-01,7.591649293899536133e-01,1.456496953964233398e+00,-1.714063763618469238e+00,2.977690100669860840e-01,4.164666652679443359e+00,2.900442481040954590e-01,9.559989611928867426e-01,9.559989611928867426e-01,9.559989611928867426e-01,9.559989611928867426e-01
-1.069524168968200684e+00,-3.001062870025634766e-01,-2.752974927425384521e-01,7.633013725280761719e-01,1.463763236999511719e+00,-1.720754981040954590e+00,2.982000708580017090e-01,4.182862281799316406e+00,2.894172966480255127e-01,9.614010340265962684e-01,9.614010340265962684e-01,9.614010340265962684e-01,9.614010340265962684e-01
-1.073188304901123047e+00,-3.019498586654663086e-01,-2.775851488113403320e-01,7.675298452377319336e-01,1.471104860305786133e+00,-1.727386713027954102e+00,2.987099289894104004e-01,4.201144218444824219e+00,2.887749075889587402e-01,9.664591020345094652e-01,9.664591020345094652e-01,9.664591020345094652e-01,9.664591020345094652e-01
-1.076820135116577148e+00,-3.037600517272949219e-01,-2.798808217048645020e-01,7.717471718788146973e-01,1.478375434875488281e+00,-1.734125375747680664e+00,2.990942895412445068e-01,4.219468116760253906e+00,2.881908714771270752e-01,9.711701985201861564e-01,9.711701985201861564e-01,9.711701985201861564e-01,9.711701985201861564e-01
-1.080483436584472656e+00,-3.056191205978393555e-01,-2.821493446826934814e-01,7.759991884231567383e-01,1.485642313957214355e+00,-1.740877985954284668e+00,2.994595170021057129e-01,4.237835407257080078e+00,2.876256108283996582e-01,9.755316237638549381e-01,9.755316237638549381e-01,9.755316237638549381e-01,9.755316237638549381e-01
-1.084141969680786133e+00,-3.074822127819061279e-01,-2.844082117080688477e-01,7.802578210830688477e-01,1.492866992950439453e+00,-1.747680783271789551e+00,2.997554242610931396e-01,4.256224155426025391e+00,2.870963513851165771e-01,9.795409456511809942e-01,9.795409456511809942e-01,9.795409456511809942e-01,9.795409456511809942e-01
-1.087810516357421875e+00,-3.093686103820800781e-01,-2.866489887237548828e-01,7.845312356948852539e-01,1.500063180923461914e+00,-1.754505634307861328e+00,3.000132143497467041e-01,4.274624824523925781e+00,2.865921258926391602e-01,9.831960000983775982e-01,9.831960000983775982e-01,9.831960000983775982e-01,9.831960000983775982e-01
-1.092294573783874512e+00,-3.122590482234954834e-01,-2.841361761093139648e-01,7.895910143852233887e-01,1.502664089202880859e+00,-1.766870141029357910e+00,2.957540452480316162e-01,4.294894695281982422e+00,2.925147116184234619e-01,9.864948912749876841e-01,9.864948912749876841e-01,9.864948912749876841e-01,9.864948912749876841e-01
-1.096485137939453125e+00,-3.145057857036590576e-01,-2.864350974559783936e-01,7.941382527351379395e-01,1.510687589645385742e+00,-1.772785782814025879e+00,2.973803579807281494e-01,4.313369274139404297e+00,2.913960218429565430e-01,9.894359916257809973e-01,9.894359916257809973e-01,9.894359916257809973e-01,9.894359916257809973e-01
-1.100004792213439941e+00,-3.158785104751586914e-01,-2.891137003898620605e-01,7.981435060501098633e-01,1.517868280410766602e+00,-1.779664874076843262e+00,2.978496551513671875e-01,4.331677913665771484e+00,2.907376587390899658e-01,9.920179416933812000e-01,9.920179416933812000e-01,9.920179416933812000e-01,9.920179416933812000e-01
-1.103866696357727051e+00,-3.177492320537567139e-01,-2.915722727775573730e-01,8.024035692214965820e-01,1.525387644767761230e+00,-1.786086797714233398e+00,2.987955212593078613e-01,4.350028038024902344e+00,2.899033129215240479e-01,9.942396497433392266e-01,9.942396497433392266e-01,9.942396497433392266e-01,9.942396497433392266e-01
-1.107537627220153809e+00,-3.194074332714080811e-01,-2.940960824489593506e-01,8.065148591995239258e-01,1.532638788223266602e+00,-1.792762875556945801e+00,2.993834316730499268e-01,4.368277549743652344e+00,2.892196178436279297e-01,9.961002911935352699e-01,9.961002911935352699e-01,9.961002911935352699e-01,9.961002911935352699e-01
-1.111283659934997559e+00,-3.212043941020965576e-01,-2.965376377105712891e-01,8.106843233108520508e-01,1.539917469024658203e+00,-1.799324989318847656e+00,3.000403940677642822e-01,4.386477470397949219e+00,2.885208725929260254e-01,9.975993078498943678e-01,9.975993078498943678e-01,9.975993078498943678e-01,9.975993078498943678e-01
-1.114966392517089844e+00,-3.229559361934661865e-01,-2.989690303802490234e-01,8.148064613342285156e-01,1.547065496444702148e+00,-1.805950045585632324e+00,3.005560934543609619e-01,4.404581546783447266e+00,2.878901362419128418e-01,9.987364069505433317e-01,9.987364069505433317e-01,9.987364069505433317e-01,9.987364069505433317e-01
-1.118652582168579102e+00,-3.247500061988830566e-01,-3.013525605201721191e-01,8.189325332641601562e-01,1.554155945777893066e+00,-1.812538146972656250e+00,3.010433316230773926e-01,4.422590732574462891e+00,2.872829139232635498e-01,9.995115600206576634e-01,9.995115600206576634e-01,9.995115600206576634e-01,9.995115600206576634e-01
-1.122303724288940430e+00,-3.265364766120910645e-01,-3.037064075469970703e-01,8.230321407318115234e-01,1.561145782470703125e+00,-1.819130778312683105e+00,3.014492988586425781e-01,4.440485000610351562e+00,2.867207229137420654e-01,9.999250015403662317e-01,9.999250015403662317e-01,9.999250015403662317e-01,9.999250015403662317e-01
-1.125936388969421387e+00,-3.283367156982421875e-01,-3.060212135314941406e-01,8.271167278289794922e-01,1.568052053451538086e+00,-1.825696587562561035e+00,3.018071651458740234e-01,4.458254337310791016e+00,2.861897349357604980e-01,9.999772274281992779e-01,9.999772274281992779e-01,9.999772274281992779e-01,9.999772274281992779e-01
-1.129779100418090820e+00,-3.315666913986206055e-01,-3.028571605682373047e-01,8.318734169006347656e-01,1.569232583045959473e+00,-1.837715864181518555e+00,2.963023185729980469e-01,4.476398944854736328e+00,2.925919592380523682e-01,9.996689933426814445e-01,9.996689933426814445e-01,9.996689933426814445e-01,9.996689933426814445e-01
-1.133883476257324219e+00,-3.336246013641357422e-01,-3.052246272563934326e-01,8.361881971359252930e-01,1.576832056045532227e+00,-1.843290328979492188e+00,2.980686426162719727e-01,4.493976593017578125e+00,2.914519011974334717e-01,9.990013128047845470e-01,9.990013128047845470e-01,9.990013128047845470e-01,9.990013128047845470e-01
-1.137311697006225586e+00,-3.348316550254821777e-01,-3.079245090484619141e-01,8.399311900138854980e-01,1.583582758903503418e+00,-1.849738597869873047e+00,2.987238168716430664e-01,4.511255264282226562e+00,2.907702922821044922e-01,9.979754551440589427e-01,9.979754551440589427e-01,9.979754551440589427e-01,9.979754551440589427e-01
-1.141042828559875488e+00,-3.365291953086853027e-01,-3.104028105735778809e-01,8.438807129859924316e-01,1.590622425079345703e+00,-1.855689883232116699e+00,2.998226284980773926e-01,4.528443813323974609e+00,2.899107336997985840e-01,9.965929432713709346e-01,9.965929432713709346e-01,9.965929432713709346e-01,9.965929432713709346e-01
-1.144557118415832520e+00,-3.380042314529418945e-01,-3.129286468029022217e-01,8.476458191871643066e-01,1.597342014312744141e+00,-1.861849546432495117e+00,3.005587458610534668e-01,4.545402526855468750e+00,2.892102897167205811e-01,9.948555512812728985e-01,9.948555512812728985e-01,9.948555512812728985e-01,9.948555512812728985e-01
-1.148120164871215820e+00,-3.396163284778594971e-01,-3.153547048568725586e-01,8.514369726181030273e-01,1.604043006896972656e+00,-1.867844343185424805e+00,3.013547658920288086e-01,4.562182426452636719e+00,2.884956896305084229e-01,9.927653018871321899e-01,9.927653018871321899e-01,9.927653018871321899e-01,9.927653018871321899e-01
-1.151589751243591309e+00,-3.411691188812255859e-01,-3.177531659603118896e-01,8.551480174064636230e-01,1.610558509826660156e+00,-1.873860597610473633e+00,3.019976615905761719e-01,4.578736782073974609e+00,2.878578603267669678e-01,9.903244636922419186e-01,9.903244636922419186e-01,9.903244636922419186e-01,9.903244636922419186e-01
-1.155036687850952148e+00,-3.427584469318389893e-01,-3.200838267803192139e-01,8.588340282440185547e-01,1.616968631744384766e+00,-1.879791736602783203e+00,3.026064038276672363e-01,4.595070838928222656e+00,2.872478961944580078e-01,9.875355483002219437e-01,9.875355483002219437e-01,9.875355483002219437e-01,9.875355483002219437e-01
-1.158420562744140625e+00,-3.443283438682556152e-01,-3.223668336868286133e-01,8.624643683433532715e-01,1.623225688934326172e+00,-1.885684251785278320e+00,3.031240105628967285e-01,4.611163616180419922e+00,2.866888344287872314e-01,9.844013072681103704e-01,9.844013072681103704e-01,9.844013072681103704e-01,9.844013072681103704e-01
-1.161759376525878906e+00,-3.459023833274841309e-01,-3.245918452739715576e-01,8.660522103309631348e-01,1.629349470138549805e+00,-1.891504764556884766e+00,3.035885095596313477e-01,4.627006530761718750e+00,2.861661612987518311e-01,9.809247289056363117e-01,9.809247289056363117e-01,9.809247289056363117e-01,9.809247289056363117e-01
-1.164581775665283203e+00,-3.493033647537231445e-01,-3.208742737770080566e-01,8.702906370162963867e-01,1.628850698471069336e+00,-1.902416825294494629e+00,2.968689799308776855e-01,4.641694068908691406e+00,2.926802039146423340e-01,9.771090349242249617e-01,9.771090349242249617e-01,9.771090349242249617e-01,9.771090349242249617e-01
-1.168330788612365723e+00,-3.510415554046630859e-01,-3.231508731842041016e-01,8.740357160568237305e-01,1.635518908500671387e+00,-1.907212734222412109e+00,2.987183928489685059e-01,4.657109260559082031e+00,2.915830612182617188e-01,9.729576769393974978e-01,9.729576769393974978e-01,9.729576769393974978e-01,9.729576769393974978e-01
-1.171418190002441406e+00,-3.519829511642456055e-01,-3.256986141204833984e-01,8.772171139717102051e-01,1.641371011734008789e+00,-1.912758708000183105e+00,2.995375394821166992e-01,4.672111034393310547e+00,2.909162044525146484e-01,9.684743328302596321e-01,9.684743328302596321e-01,9.684743328302596321e-01,9.684743328302596321e-01
-1.174762606620788574e+00,-3.533850312232971191e-01,-3.280268609523773193e-01,8.805539011955261230e-01,1.647444486618041992e+00,-1.917794585227966309e+00,3.007541298866271973e-01,4.686902046203613281e+00,2.900848686695098877e-01,9.636629029598831053e-01,9.636629029598831053e-01,9.636629029598831053e-01,9.636629029598831053e-01
-1.177871704101562500e+00,-3.545611500740051270e-01,-3.303824365139007568e-01,8.836845755577087402e-01,1.653162598609924316e+00,-1.922987818717956543e+00,3.016157150268554688e-01,4.701351642608642578e+00,2.894128859043121338e-01,9.585275062604279306e-01,9.585275062604279306e-01,9.585275062604279306e-01,9.585275062604279306e-01
-1.181004524230957031e+00,-3.558661341667175293e-01,-3.326239287853240967e-01,8.868129849433898926e-01,1.658818960189819336e+00,-1.927975893020629883e+00,3.025307655334472656e-01,4.715510845184326172e+00,2.887302935123443604e-01,9.530724761869073802e-01,9.530724761869073802e-01,9.530724761869073802e-01,9.530724761869073802e-01
-1.184018492698669434e+00,-3.570996522903442383e-01,-3.348228633403778076e-01,8.898355960845947266e-01,1.664246082305908203e+00,-1.932945966720581055e+00,3.032873868942260742e-01,4.729334831237792969e+00,2.881276607513427734e-01,9.473023565436027305e-01,9.473023565436027305e-01,9.473023565436027305e-01,9.473023565436027305e-01
-1.186987638473510742e+00,-3.583626747131347656e-01,-3.369380235671997070e-01,8.928096294403076172e-01,1.669528365135192871e+00,-1.937789201736450195e+00,3.040077686309814453e-01,4.742830276489257812e+00,2.875551581382751465e-01,9.412218971871184614e-01,9.412218971871184614e-01,9.412218971871184614e-01,9.412218971871184614e-01
-1.189869403839111328e+00,-3.595936298370361328e-01,-3.389913737773895264e-01,8.957033753395080566e-01,1.674616098403930664e+00,-1.942556858062744141e+00,3.046340942382812500e-01,4.755980014801025391e+00,2.870374321937561035e-01,9.348360496101995043e-01,9.348360496101995043e-01,9.348360496101995043e-01,9.348360496101995043e-01
-1.192684531211853027e+00,-3.608204126358032227e-01,-3.409718275070190430e-01,8.985311985015869141e-01,1.679533362388610840e+00,-1.947212457656860352e+00,3.052059412002563477e-01,4.768777847290039062e+00,2.865579724311828613e-01,9.281499624104136981e-01,9.281499624104136981e-01,9.281499624104136981e-01,9.281499624104136981e-01
-1.194198250770568848e+00,-3.642012476921081543e-01,-3.368770778179168701e-01,9.020963907241821289e-01,1.677279472351074219e+00,-1.956337451934814453e+00,2.974054217338562012e-01,4.779012203216552734e+00,2.927696406841278076e-01,9.211689766478957653e-01,9.211689766478957653e-01,9.211689766478957653e-01,9.211689766478957653e-01
-1.197352886199951172e+00,-3.655141592025756836e-01,-3.389164507389068604e-01,9.049837589263916016e-01,1.682586431503295898e+00,-1.959991216659545898e+00,2.992676496505737305e-01,4.791196823120117188e+00,2.917762994766235352e-01,9.138986210963619961e-01,9.138986210963619961e-01,9.138986210963619961e-01,9.138986210963619961e-01
-1.199883341789245605e+00,-3.661184310913085938e-01,-3.411520123481750488e-01,9.073542356491088867e-01,1.687149643898010254e+00,-1.964240431785583496e+00,3.002175688743591309e-01,4.802878379821777344e+00,2.911602556705474854e-01,9.063446073916516799e-01,9.063446073916516799e-01,9.063446073916516799e-01,9.063446073916516799e-01
-1.202615976333618164e+00,-3.671250343322753906e-01,-3.431762456893920898e-01,9.098290801048278809e-01,1.691851973533630371e+00,-1.967997908592224121e+00,3.015043735504150391e-01,4.814244270324707031e+00,2.904076278209686279e-01,8.985128250820916262e-01,8.985128250820916262e-01,8.985128250820916262e-01,8.985128250820916262e-01
-1.205108284950256348e+00,-3.679134547710418701e-01,-3.452070653438568115e-01,9.120947122573852539e-01,1.696185111999511719e+00,-1.971856355667114258e+00,3.024623990058898926e-01,4.825189113616943359e+00,2.898040115833282471e-01,8.904093365850018760e-01,8.904093365850018760e-01,8.904093365850018760e-01,8.904093365850018760e-01
-1.207599401473999023e+00,-3.688142299652099609e-01,-3.471151888370513916e-01,9.143340587615966797e-01,1.700417757034301758e+00,-1.975484013557434082e+00,3.034655451774597168e-01,4.835752964019775391e+00,2.891942560672760010e-01,8.820403720537021153e-01,8.820403720537021153e-01,8.820403720537021153e-01,8.820403720537021153e-01
-1.209954977035522461e+00,-3.696350157260894775e-01,-3.489685952663421631e-01,9.164516925811767578e-01,1.704394459724426270e+00,-1.979058504104614258e+00,3.043162822723388672e-01,4.845900058746337891e+00,2.886635363101959229e-01,8.734123241593628739e-01,8.734123241593628739e-01,8.734123241593628739e-01,8.734123241593628739e-01
-1.212247371673583984e+00,-3.704751133918762207e-01,-3.507286608219146729e-01,9.185028076171875000e-01,1.708197712898254395e+00,-1.982474923133850098e+00,3.051316738128662109e-01,4.855640888214111328e+00,2.881624698638916016e-01,8.645317427921395126e-01,8.645317427921395126e-01,8.645317427921395126e-01,8.645317427921395126e-01
-1.214434981346130371e+00,-3.712742030620574951e-01,-3.524173200130462646e-01,9.204562902450561523e-01,1.711780428886413574e+00,-1.985784173011779785e+00,3.058565855026245117e-01,4.864957332611083984e+00,2.877154946327209473e-01,8.554053296859632782e-01,8.554053296859632782e-01,8.554053296859632782e-01,8.554053296859632782e-01
-1.216539502143859863e+00,-3.720603585243225098e-01,-3.540235459804534912e-01,9.223278760910034180e-01,1.715168476104736328e+00,-1.988951206207275391e+00,3.065294623374938965e-01,4.873849868774414062e+00,2.873054444789886475e-01,8.460399329714265448e-01,8.460399329714265448e-01,8.460399329714265448e-01,8.460399329714265448e-01
-1.216571092605590820e+00,-3.752314448356628418e-01,-3.497425913810729980e-01,9.251068830490112305e-01,1.711211442947387695e+00,-1.995759725570678711e+00,2.978631258010864258e-01,4.878980636596679688e+00,2.928471863269805908e-01,8.364425416612020214e-01,8.364425416612020214e-01,8.364425416612020214e-01,8.364425416612020214e-01
-1.218938231468200684e+00,-3.760445117950439453e-01,-3.514270484447479248e-01,9.269222021102905273e-01,1.714839220046997070e+00,-1.998001813888549805e+00,2.996640205383300781e-01,4.887132167816162109e+00,2.920032441616058350e-01,8.266202800724274935e-01,8.266202800724274935e-01,8.266202800724274935e-01,8.266202800724274935e-01
-1.220742225646972656e+00,-3.762679398059844971e-01,-3.532209992408752441e-01,9.283043146133422852e-01,1.717833399772644043e+00,-2.000660896301269531e+00,3.007034063339233398e-01,4.894724369049072266e+00,2.914623022079467773e-01,8.165804021905187504e-01,8.165804021905187504e-01,8.165804021905187504e-01,8.165804021905187504e-01
-1.222685098648071289e+00,-3.768082857131958008e-01,-3.548208177089691162e-01,9.297424554824829102e-01,1.720872044563293457e+00,-2.002880573272705078e+00,3.020033240318298340e-01,4.901927471160888672e+00,2.908248305320739746e-01,8.063302859788268329e-01,8.063302859788268329e-01,8.063302859788268329e-01,8.063302859788268329e-01
-1.224398136138916016e+00,-3.771530091762542725e-01,-3.564034402370452881e-01,9.309871196746826172e-01,1.723553419113159180e+00,-2.005138397216796875e+00,3.030231595039367676e-01,4.908653259277343750e+00,2.903156578540802002e-01,7.958774276386149094e-01,7.958774276386149094e-01,7.958774276386149094e-01,7.958774276386149094e-01
-1.226085782051086426e+00,-3.775822520256042480e-01,-3.578628599643707275e-01,9.321855306625366211e-01,1.726100564002990723e+00,-2.007159948348999023e+00,3.040760159492492676e-01,4.914942741394042969e+00,2.898076474666595459e-01,7.852294358237701388e-01,7.852294358237701388e-01,7.852294358237701388e-01,7.852294358237701388e-01
-1.227631092071533203e+00,-3.779296278953552246e-01,-3.592595160007476807e-01,9.332581758499145508e-01,1.728384733200073242e+00,-2.009096384048461914e+00,3.049928545951843262e-01,4.920764446258544922e+00,2.893701791763305664e-01,7.743940258146908562e-01,7.743940258146908562e-01,7.743940258146908562e-01,7.743940258146908562e-01
-1.229099869728088379e+00,-3.782849013805389404e-01,-3.605598807334899902e-01,9.342516064643859863e-01,1.730479717254638672e+00,-2.010856151580810547e+00,3.058779835700988770e-01,4.926131248474121094e+00,2.889605462551116943e-01,7.633790136557476735e-01,7.633790136557476735e-01,7.633790136557476735e-01,7.633790136557476735e-01
-1.230454564094543457e+00,-3.785917162895202637e-01,-3.617849051952362061e-01,9.351388812065124512e-01,1.732345104217529297e+00,-2.012485980987548828e+00,3.066821098327636719e-01,4.931030750274658203e+00,2.885994911193847656e-01,7.521923102607452893e-01,7.521923102607452893e-01,7.521923102607452893e-01,7.521923102607452893e-01
-1.231716513633728027e+00,-3.788782358169555664e-01,-3.629252314567565918e-01,9.359343051910400391e-01,1.734006404876708984e+00,-2.013954639434814453e+00,3.074414134025573730e-01,4.935465812683105469e+00,2.882717847824096680e-01,7.408419154907406323e-01,7.408419154907406323e-01,7.408419154907406323e-01,7.408419154907406323e-01
-1.230224370956420898e+00,-3.816688060760498047e-01,-3.586094677448272705e-01,9.378328323364257812e-01,1.728470325469970703e+00,-2.018116712570190430e+00,2.982047796249389648e-01,4.935175895690917969e+00,2.929026782512664795e-01,7.293359122085883994e-01,7.293359122085883994e-01,7.293359122085883994e-01,7.293359122085883994e-01
-1.231668829917907715e+00,-3.819391727447509766e-01,-3.598590493202209473e-01,9.384529590606689453e-01,1.730234861373901367e+00,-2.018783807754516602e+00,2.998741269111633301e-01,4.938813209533691406e+00,2.922312617301940918e-01,7.176824603145650627e-01,7.176824603145650627e-01,7.176824603145650627e-01,7.176824603145650627e-01
-1.232634186744689941e+00,-3.817656636238098145e-01,-3.611218333244323730e-01,9.387516975402832031e-01,1.731505274772644043e+00,-2.019675731658935547e+00,3.009622097015380859e-01,4.941864490509033203e+00,2.917745709419250488e-01,7.058897907673444827e-01,7.058897907673444827e-01,7.058897907673444827e-01,7.058897907673444827e-01
-1.233667135238647461e+00,-3.817991614341735840e-01,-3.622174263000488281e-01,9.390623569488525391e-01,1.732722043991088867e+00,-2.020211458206176758e+00,3.022205829620361328e-01,4.944481372833251953e+00,2.912694513797760010e-01,6.939661995946512230e-01,6.939661995946512230e-01,6.939661995946512230e-01,6.939661995946512230e-01
-1.234498143196105957e+00,-3.816758990287780762e-01,-3.632730245590209961e-01,9.392118453979492188e-01,1.733618378639221191e+00,-2.020720481872558594e+00,3.032645583152770996e-01,4.946605682373046875e+00,2.908622920513153076e-01,6.819200418977949818e-01,6.819200418977949818e-01,6.819200418977949818e-01,6.819200418977949818e-01
-1.235279202461242676e+00,-3.816012442111968994e-01,-3.642134964466094971e-01,9.393005371093750000e-01,1.734354257583618164e+00,-2.021007061004638672e+00,3.043231964111328125e-01,4.948265552520751953e+00,2.904647290706634521e-01,6.697597258543279697e-01,6.697597258543279697e-01,6.697597258543279697e-01,6.697597258543279697e-01
-1.235923051834106445e+00,-3.814511299133300781e-01,-3.650859892368316650e-01,9.392697811126708984e-01,1.734840154647827148e+00,-2.021181583404541016e+00,3.052731156349182129e-01,4.949443340301513672e+00,2.901237607002258301e-01,6.574937067229952303e-01,6.574937067229952303e-01,6.574937067229952303e-01,6.574937067229952303e-01
-1.236481308937072754e+00,-3.812949657440185547e-01,-3.658664822578430176e-01,9.391530156135559082e-01,1.735132813453674316e+00,-2.021176338195800781e+00,3.061931133270263672e-01,4.950150489807128906e+00,2.898082733154296875e-01,6.451304808550943903e-01,6.451304808550943903e-01,6.451304808550943903e-01,6.451304808550943903e-01
-1.236925244331359863e+00,-3.810895383358001709e-01,-3.665724992752075195e-01,9.389303922653198242e-01,1.735203862190246582e+00,-2.021027803421020508e+00,3.070462346076965332e-01,4.950383663177490234e+00,2.895327806472778320e-01,6.326785797163528846e-01,6.326785797163528846e-01,6.326785797163528846e-01,6.326785797163528846e-01
-1.237272620201110840e+00,-3.808575272560119629e-01,-3.671969175338745117e-01,9.386126399040222168e-01,1.735074520111083984e+00,-2.020711898803710938e+00,3.078601956367492676e-01,4.950143337249755859e+00,2.892848551273345947e-01,6.201465639233588734e-01,6.201465639233588734e-01,6.201465639233588734e-01,6.201465639233588734e-01
-1.234340786933898926e+00,-3.831284046173095703e-01,-3.629280626773834229e-01,9.395549297332763672e-01,1.728113889694213867e+00,-2.022121906280517578e+00,2.984066009521484375e-01,4.944433689117431641e+00,2.929280400276184082e-01,6.075430172985684107e-01,6.075430172985684107e-01,6.075430172985684107e-01,6.075430172985684107e-01
-1.234794139862060547e+00,-3.828511834144592285e-01,-3.637031018733978271e-01,9.389531612396240234e-01,1.727976083755493164e+00,-2.021157741546630859e+00,2.998880743980407715e-01,4.943403720855712891e+00,2.924251854419708252e-01,5.948765409477849708e-01,5.948765409477849708e-01,5.948765409477849708e-01,5.948765409477849708e-01
-1.234869360923767090e+00,-3.822870850563049316e-01,-3.643915653228759766e-01,9.381562471389770508e-01,1.727498292922973633e+00,-2.020231008529663086e+00,3.009848594665527344e-01,4.941793441772460938e+00,2.920483946800231934e-01,5.821557473640577296e-01,5.821557473640577296e-01,5.821557473640577296e-01,5.821557473640577296e-01
-1.234936594963073730e+00,-3.818068802356719971e-01,-3.649511933326721191e-01,9.373353719711303711e-01,1.726874828338623047e+00,-2.019053459167480469e+00,3.021499514579772949e-01,4.939738273620605469e+00,2.916705608367919922e-01,5.693892545618295387e-01,5.693892545618295387e-01,5.693892545618295387e-01,5.693892545618295387e-01
-1.234847068786621094e+00,-3.812251687049865723e-01,-3.654460906982421875e-01,9.363977313041687012e-01,1.725989341735839844e+00,-2.017785072326660156e+00,3.031825423240661621e-01,4.937207221984863281e+00,2.913559675216674805e-01,5.565856802450885876e-01,5.565856802450885876e-01,5.565856802450885876e-01,5.565856802450885876e-01
-1.234682440757751465e+00,-3.806482553482055664e-01,-3.658427298069000244e-01,9.353879094123840332e-01,1.724924325942993164e+00,-2.016329050064086914e+00,3.042019605636596680e-01,4.934217453002929688e+00,2.910609543323516846e-01,5.437536360132797508e-01,5.437536360132797508e-01,5.437536360132797508e-01,5.437536360132797508e-01
-1.234397888183593750e+00,-3.800132274627685547e-01,-3.661688566207885742e-01,9.342755675315856934e-01,1.723640680313110352e+00,-2.014740228652954102e+00,3.051470518112182617e-01,4.930765628814697266e+00,2.908052802085876465e-01,5.309017216086476809e-01,5.309017216086476809e-01,5.309017216086476809e-01,5.309017216086476809e-01
-1.234022617340087891e+00,-3.793573081493377686e-01,-3.664130568504333496e-01,9.330759048461914062e-01,1.722169756889343262e+00,-2.012984037399291992e+00,3.060603737831115723e-01,4.926859378814697266e+00,2.905730605125427246e-01,5.180385192085845691e-01,5.180385192085845691e-01,5.180385192085845691e-01,5.180385192085845691e-01
-1.233540773391723633e+00,-3.786570429801940918e-01,-3.665865957736968994e-01,9.317783713340759277e-01,1.720499753952026367e+00,-2.011080503463745117e+00,3.069225549697875977e-01,4.922499179840087891e+00,2.903698682785034180e-01,5.051725877665290687e-01,5.051725877665290687e-01,5.051725877665290687e-01,5.051725877665290687e-01
-1.232964038848876953e+00,-3.779261708259582520e-01,-3.666869401931762695e-01,9.303890466690063477e-01,1.718644499778747559e+00,-2.009016752243041992e+00,3.077506422996520996e-01,4.917692661285400391e+00,2.901886105537414551e-01,4.923124574049301261e-01,4.923124574049301261e-01,4.923124574049301261e-01,4.923124574049301261e-01
-1.228791594505310059e+00,-3.795838654041290283e-01,-3.624820113182067871e-01,9.303380250930786133e-01,1.710443735122680664e+00,-2.007801294326782227e+00,2.984563708305358887e-01,4.906898498535156250e+00,2.929200828075408936e-01,4.794666238636033917e-01,4.794666238636033917e-01,4.794666238636033917e-01,4.794666238636033917e-01
-1.228253841400146484e+00,-3.787903785705566406e-01,-3.627807497978210449e-01,9.285795688629150391e-01,1.708503365516662598e+00,-2.005254507064819336e+00,2.997126579284667969e-01,4.901371002197265625e+00,2.925597131252288818e-01,4.666435430068938683e-01,4.666435430068938683e-01,4.666435430068938683e-01,4.666435430068938683e-01
-1.227446913719177246e+00,-3.778620064258575439e-01,-3.628986477851867676e-01,9.267516136169433594e-01,1.706374287605285645e+00,-2.002581834793090820e+00,3.007793426513671875e-01,4.895296096801757812e+00,2.922475636005401611e-01,4.538516253928440713e-01,4.538516253928440713e-01,4.538516253928440713e-01,4.538516253928440713e-01
-1.226562142372131348e+00,-3.768982887268066406e-01,-3.629313111305236816e-01,9.248751997947692871e-01,1.704026222229003906e+00,-1.999770522117614746e+00,3.018139004707336426e-01,4.888801574707031250e+00,2.919749319553375244e-01,4.410992309076136597e-01,4.410992309076136597e-01,4.410992309076136597e-01,4.410992309076136597e-01
-1.225574612617492676e+00,-3.758934140205383301e-01,-3.628781437873840332e-01,9.229301214218139648e-01,1.701484441757202148e+00,-1.996817588806152344e+00,3.027989268302917480e-01,4.881874084472656250e+00,2.917329967021942139e-01,4.283946634682219701e-01,4.283946634682219701e-01,4.283946634682219701e-01,4.283946634682219701e-01
-1.224491000175476074e+00,-3.748522996902465820e-01,-3.627487123012542725e-01,9.209086894989013672e-01,1.698757290840148926e+00,-1.993723034858703613e+00,3.037394285202026367e-01,4.874526977539062500e+00,2.915186882019042969e-01,4.157461657966775026e-01,4.157461657966775026e-01,4.157461657966775026e-01,4.157461657966775026e-01
-1.223312973976135254e+00,-3.737766444683074951e-01,-3.625476658344268799e-01,9.188072085380554199e-01,1.695852994918823242e+00,-1.990485668182373047e+00,3.046401739120483398e-01,4.866763114929199219e+00,2.913274466991424561e-01,4.031619142684702561e-01,4.031619142684702561e-01,4.031619142684702561e-01,4.031619142684702561e-01
-1.222042322158813477e+00,-3.726666271686553955e-01,-3.622792661190032959e-01,9.166236519813537598e-01,1.692777872085571289e+00,-1.987106323242187500e+00,3.055031895637512207e-01,4.858592033386230469e+00,2.911568284034729004e-01,3.906500138382740794e-01,3.906500138382740794e-01,3.906500138382740794e-01,3.906500138382740794e-01
-1.220681071281433105e+00,-3.715237379074096680e-01,-3.619466722011566162e-01,9.143576025962829590e-01,1.689537048339843750e+00,-1.983585596084594727e+00,3.063310980796813965e-01,4.850018501281738281e+00,2.910047769546508789e-01,3.782184930457184180e-01,3.782184930457184180e-01,3.782184930457184180e-01,3.782184930457184180e-01
-1.219229936599731445e+00,-3.703477382659912109e-01,-3.615517914295196533e-01,9.120088219642639160e-01,1.686135768890380859e+00,-1.979925155639648438e+00,3.071253299713134766e-01,4.841050148010253906e+00,2.908697426319122314e-01,3.658752991039073144e-01,3.658752991039073144e-01,3.658752991039073144e-01,3.658752991039073144e-01
-1.214093685150146484e+00,-3.713381886482238770e-01,-3.573785424232482910e-01,9.109637737274169922e-01,1.676894187927246094e+00,-1.976389646530151367e+00,2.983621358871459961e-01,4.825761318206787109e+00,2.928799986839294434e-01,3.536282930733682939e-01,3.536282930733682939e-01,3.536282930733682939e-01,3.536282930733682939e-01
-1.212633609771728516e+00,-3.700954914093017578e-01,-3.572308421134948730e-01,9.081913232803344727e-01,1.673373103141784668e+00,-1.972403764724731445e+00,2.993826270103454590e-01,4.816189765930175781e+00,2.926214635372161865e-01,3.414852451239845932e-01,3.414852451239845932e-01,3.414852451239845932e-01,3.414852451239845932e-01
-1.211008310317993164e+00,-3.688444793224334717e-01,-3.568238019943237305e-01,9.054610133171081543e-01,1.669794559478759766e+00,-1.968171477317810059e+00,3.003847599029541016e-01,4.806132793426513672e+00,2.923541069030761719e-01,3.294538298873727067e-01,3.294538298873727067e-01,3.294538298873727067e-01,3.294538298873727067e-01
-1.209249138832092285e+00,-3.674603700637817383e-01,-3.563753962516784668e-01,9.026723504066467285e-01,1.665952324867248535e+00,-1.963906288146972656e+00,3.012656569480895996e-01,4.795708656311035156e+00,2.921538352966308594e-01,3.175416219021218178e-01,3.175416219021218178e-01,3.175416219021218178e-01,3.175416219021218178e-01
-1.207444190979003906e+00,-3.660933971405029297e-01,-3.558239638805389404e-01,8.998605012893676758e-01,1.661985397338867188e+00,-1.959467530250549316e+00,3.021709918975830078e-01,4.784922599792480469e+00,2.919600307941436768e-01,3.057560911542184234e-01,3.057560911542184234e-01,3.057560911542184234e-01,3.057560911542184234e-01
-1.205528020858764648e+00,-3.646557033061981201e-01,-3.552206456661224365e-01,8.969761729240417480e-01,1.657840013504028320e+00,-1.954939842224121094e+00,3.030011057853698730e-01,4.773778438568115234e+00,2.917981445789337158e-01,2.941045987148475094e-01,2.941045987148475094e-01,2.941045987148475094e-01,2.941045987148475094e-01
-1.203548192977905273e+00,-3.632098436355590820e-01,-3.545474410057067871e-01,8.940380215644836426e-01,1.653565406799316406e+00,-1.950272083282470703e+00,3.038225173950195312e-01,4.762290000915527344e+00,2.916461825370788574e-01,2.825943924777389871e-01,2.825943924777389871e-01,2.825943924777389871e-01,2.825943924777389871e-01
-1.201478838920593262e+00,-3.617215454578399658e-01,-3.538230657577514648e-01,8.910287618637084961e-01,1.649144887924194336e+00,-1.945497512817382812e+00,3.045965433120727539e-01,4.750463485717773438e+00,2.915129661560058594e-01,2.712326029980948183e-01,2.712326029980948183e-01,2.712326029980948183e-01,2.712326029980948183e-01
-1.199339032173156738e+00,-3.602141439914703369e-01,-3.530416488647460938e-01,8.879570364952087402e-01,1.644598722457885742e+00,-1.940598726272583008e+00,3.053497672080993652e-01,4.738308906555175781e+00,2.913899421691894531e-01,2.600262394351012807e-01,2.600262394351012807e-01,2.600262394351012807e-01,2.600262394351012807e-01
-1.197120547294616699e+00,-3.586750924587249756e-01,-3.522111475467681885e-01,8.848179578781127930e-01,1.639923334121704102e+00,-1.935589790344238281e+00,3.060697317123413086e-01,4.725834846496582031e+00,2.912796139717102051e-01,2.489821855998425870e-01,2.489821855998425870e-01,2.489821855998425870e-01,2.489821855998425870e-01
-1.191346168518066406e+00,-3.589964807033538818e-01,-3.480240404605865479e-01,8.828489780426025391e-01,1.629885554313659668e+00,-1.930197238922119141e+00,2.981390357017517090e-01,4.706915855407714844e+00,2.928150296211242676e-01,2.381071961104612167e-01,2.381071961104612167e-01,2.381071961104612167e-01,2.381071961104612167e-01
-1.189092516899108887e+00,-3.574005961418151855e-01,-3.474841117858886719e-01,8.792660236358642578e-01,1.625102400779724121e+00,-1.924997925758361816e+00,2.989372014999389648e-01,4.693995475769042969e+00,2.926120162010192871e-01,2.274078926562542735e-01,2.274078926562542735e-01,2.274078926562542735e-01,2.274078926562542735e-01
-1.186760902404785156e+00,-3.558833003044128418e-01,-3.466317653656005859e-01,8.758124709129333496e-01,1.620358943939208984e+00,-1.919489741325378418e+00,2.998432517051696777e-01,4.680671691894531250e+00,2.923689484596252441e-01,2.168907603723183031e-01,2.168907603723183031e-01,2.168907603723183031e-01,2.168907603723183031e-01
-1.184263467788696289e+00,-3.541710376739501953e-01,-3.457742333412170410e-01,8.723059892654418945e-01,1.615341663360595703e+00,-1.914032697677612305e+00,3.005667328834533691e-01,4.667058467864990234e+00,2.922061681747436523e-01,2.065621443262498635e-01,2.065621443262498635e-01,2.065621443262498635e-01,2.065621443262498635e-01
-1.181769132614135742e+00,-3.525189459323883057e-01,-3.448054790496826172e-01,8.688154220581054688e-01,1.610260128974914551e+00,-1.908398151397705078e+00,3.013658523559570312e-01,4.653171539306640625e+00,2.920360565185546875e-01,1.964282461183828321e-01,1.964282461183828321e-01,1.964282461183828321e-01,1.964282461183828321e-01
-1.179160594940185547e+00,-3.507784008979797363e-01,-3.438064157962799072e-01,8.652650117874145508e-01,1.605022907257080078e+00,-1.902725458145141602e+00,3.020671606063842773e-01,4.639010906219482422e+00,2.918990254402160645e-01,1.864951205968755632e-01,1.864951205968755632e-01,1.864951205968755632e-01,1.864951205968755632e-01
-1.176518678665161133e+00,-3.490523397922515869e-01,-3.427423536777496338e-01,8.616870045661926270e-01,1.599703311920166016e+00,-1.896931171417236328e+00,3.027811050415039062e-01,4.624595642089843750e+00,2.917639315128326416e-01,1.767686726889310944e-01,1.767686726889310944e-01,1.767686726889310944e-01,1.767686726889310944e-01
-1.173796772956848145e+00,-3.472825884819030762e-01,-3.416425585746765137e-01,8.580554723739624023e-01,1.594270944595336914e+00,-1.891069412231445312e+00,3.034411668777465820e-01,4.609930992126464844e+00,2.916447818279266357e-01,1.672546543492949844e-01,1.672546543492949844e-01,1.672546543492949844e-01,1.672546543492949844e-01
-1.171027183532714844e+00,-3.455081880092620850e-01,-3.404946327209472656e-01,8.543844223022460938e-01,1.588755130767822266e+00,-1.885111808776855469e+00,3.040895462036132812e-01,4.595029354095458984e+00,2.915310561656951904e-01,1.579586616271561605e-01,1.579586616271561605e-01,1.579586616271561605e-01,1.579586616271561605e-01
-1.168193697929382324e+00,-3.437078595161437988e-01,-3.393107354640960693e-01,8.506659865379333496e-01,1.583146691322326660e+00,-1.879080057144165039e+00,3.047020435333251953e-01,4.579899311065673828e+00,2.914267182350158691e-01,1.488861318524182797e-01,1.488861318524182797e-01,1.488861318524182797e-01,1.488861318524182797e-01
-1.162124633789062500e+00,-3.434087038040161133e-01,-3.350811004638671875e-01,8.479143977165222168e-01,1.572611331939697266e+00,-1.872392654418945312e+00,2.978088259696960449e-01,4.558431625366210938e+00,2.927338182926177979e-01,1.400423409422434373e-01,1.400423409422434373e-01,1.400423409422434373e-01,1.400423409422434373e-01
-1.159255266189575195e+00,-3.415764570236206055e-01,-3.342195749282836914e-01,8.437653183937072754e-01,1.566949605941772461e+00,-1.866275787353515625e+00,2.984170913696289062e-01,4.543036937713623047e+00,2.925451695919036865e-01,1.314324008287198753e-01,1.314324008287198753e-01,1.314324008287198753e-01,1.314324008287198753e-01
-1.156369209289550781e+00,-3.398628234863281250e-01,-3.330252170562744141e-01,8.398041725158691406e-01,1.561386585235595703e+00,-1.859847307205200195e+00,2.992033362388610840e-01,4.527340412139892578e+00,2.923088669776916504e-01,1.230612570083537971e-01,1.230612570083537971e-01,1.230612570083537971e-01,1.230612570083537971e-01
-1.153314471244812012e+00,-3.379334509372711182e-01,-3.318492472171783447e-01,8.358097672462463379e-01,1.555572748184204102e+00,-1.853528141975402832e+00,2.997791767120361328e-01,4.511448860168457031e+00,2.921535968780517578e-01,1.149336862140613036e-01,1.149336862140613036e-01,1.149336862140613036e-01,1.149336862140613036e-01
-1.150297880172729492e+00,-3.360881805419921875e-01,-3.305638730525970459e-01,8.318607807159423828e-01,1.549742221832275391e+00,-1.847054958343505859e+00,3.004536032676696777e-01,4.495385169982910156e+00,2.919879853725433350e-01,1.070542942101916362e-01,1.070542942101916362e-01,1.070542942101916362e-01,1.070542942101916362e-01
-1.147179126739501953e+00,-3.341541290283203125e-01,-3.292651176452636719e-01,8.278729915618896484e-01,1.543791174888610840e+00,-1.840588331222534180e+00,3.010221123695373535e-01,4.479145526885986328e+00,2.918529510498046875e-01,9.942751371108399239e-02,9.942751371108399239e-02,9.942751371108399239e-02,9.942751371108399239e-02
-1.144051671028137207e+00,-3.322499096393585205e-01,-3.279093801975250244e-01,8.238824605941772461e-01,1.537802219390869141e+00,-1.834032654762268066e+00,3.016125559806823730e-01,4.462752342224121094e+00,2.917169034481048584e-01,9.205760242352900580e-02,9.205760242352900580e-02,9.205760242352900580e-02,9.205760242352900580e-02
-1.140861988067626953e+00,-3.303093016147613525e-01,-3.265316188335418701e-01,8.198608160018920898e-01,1.531738996505737305e+00,-1.827450633049011230e+00,3.021460771560668945e-01,4.446211338043212891e+00,2.915951311588287354e-01,8.494864121344558594e-02,8.494864121344558594e-02,8.494864121344558594e-02,8.494864121344558594e-02
-1.137646913528442383e+00,-3.283769488334655762e-01,-3.251159489154815674e-01,8.158238530158996582e-01,1.525634646415710449e+00,-1.820808887481689453e+00,3.026724457740783691e-01,4.429535865783691406e+00,2.914758324623107910e-01,7.810453239699444161e-02,7.810453239699444161e-02,7.810453239699444161e-02,7.810453239699444161e-02
-1.134387493133544922e+00,-3.264277875423431396e-01,-3.236759603023529053e-01,8.117630481719970703e-01,1.519477367401123047e+00,-1.814133882522583008e+00,3.031622469425201416e-01,4.412733554840087891e+00,2.913649678230285645e-01,7.152899815626634350e-02,7.152899815626634350e-02,7.152899815626634350e-02,7.152899815626634350e-02
-1.128355741500854492e+00,-3.255993723869323730e-01,-3.194129467010498047e-01,8.084380626678466797e-01,1.508794784545898438e+00,-1.806757807731628418e+00,2.974007129669189453e-01,4.389943122863769531e+00,2.926468253135681152e-01,6.522557907960846446e-02,6.522557907960846446e-02,6.522557907960846446e-02,6.522557907960846446e-02
-1.125083446502685547e+00,-3.236598372459411621e-01,-3.183110356330871582e-01,8.039885163307189941e-01,1.502674818038940430e+00,-1.800069212913513184e+00,2.978650033473968506e-01,4.373071670532226562e+00,2.924411594867706299e-01,5.919763282653395242e-02,5.919763282653395242e-02,5.919763282653395242e-02,5.919763282653395242e-02
-1.121824860572814941e+00,-3.218305110931396484e-01,-3.168924748897552490e-01,7.997556924819946289e-01,1.496672391891479492e+00,-1.793124914169311523e+00,2.985142469406127930e-01,4.356009960174560547e+00,2.922001779079437256e-01,5.344833291715439527e-02,5.344833291715439527e-02,5.344833291715439527e-02,5.344833291715439527e-02
-1.118425488471984863e+00,-3.198067247867584229e-01,-3.154995143413543701e-01,7.955216765403747559e-01,1.490471363067626953e+00,-1.786318778991699219e+00,2.989630699157714844e-01,4.338862895965576172e+00,2.920314967632293701e-01,4.798066764590924738e-02,4.798066764590924738e-02,4.798066764590924738e-02,4.798066764590924738e-02
-1.115082383155822754e+00,-3.178684115409851074e-01,-3.140105307102203369e-01,7.913544178009033203e-01,1.484287142753601074e+00,-1.779406785964965820e+00,2.995066940784454346e-01,4.321646690368652344e+00,2.918567061424255371e-01,4.279743911934286160e-02,4.279743911934286160e-02,4.279743911934286160e-02,4.279743911934286160e-02
-1.111662030220031738e+00,-3.158582746982574463e-01,-3.125179111957550049e-01,7.871749401092529297e-01,1.478028416633605957e+00,-1.772536993026733398e+00,2.999496161937713623e-01,4.304362773895263672e+00,2.917082905769348145e-01,3.790126241759156356e-02,3.790126241759156356e-02,3.790126241759156356e-02,3.790126241759156356e-02
-1.108253121376037598e+00,-3.138852119445800781e-01,-3.109805583953857422e-01,7.830153107643127441e-01,1.471769094467163086e+00,-1.765622973442077637e+00,3.004122376441955566e-01,4.287030696868896484e+00,2.915607392787933350e-01,3.329456487914606022e-02,3.329456487914606022e-02,3.329456487914606022e-02,3.329456487914606022e-02
-1.104805231094360352e+00,-3.118899166584014893e-01,-3.094313144683837891e-01,7.788501381874084473e-01,1.465478777885437012e+00,-1.758721351623535156e+00,3.008211851119995117e-01,4.269657611846923828e+00,2.914255559444427490e-01,2.897958550841633896e-02,2.897958550841633896e-02,2.897958550841633896e-02,2.897958550841633896e-02
-1.101352930068969727e+00,-3.099122047424316406e-01,-3.078558743000030518e-01,7.746937274932861328e-01,1.459185838699340820e+00,-1.751803636550903320e+00,3.012212514877319336e-01,4.252257347106933594e+00,2.912936508655548096e-01,2.495837450550275616e-02,2.495837450550275616e-02,2.495837450550275616e-02,2.495837450550275616e-02
-1.097879052162170410e+00,-3.079307079315185547e-01,-3.062666356563568115e-01,7.705388069152832031e-01,1.452882289886474609e+00,-1.744892835617065430e+00,3.015866577625274658e-01,4.234838485717773438e+00,2.911690175533294678e-01,2.123279291755003628e-02,2.123279291755003628e-02,2.123279291755003628e-02,2.123279291755003628e-02
-1.092185378074645996e+00,-3.067024946212768555e-01,-3.020224273204803467e-01,7.669027447700500488e-01,1.442443728446960449e+00,-1.737433910369873047e+00,2.969431877136230469e-01,4.212025165557861328e+00,2.925641834735870361e-01,1.780451241096642212e-02,1.780451241096642212e-02,1.780451241096642212e-02,1.780451241096642212e-02
-1.088742136955261230e+00,-3.047856986522674561e-01,-3.007677495479583740e-01,7.624228000640869141e-01,1.436292409896850586e+00,-1.730550885200500488e+00,2.973141670227050781e-01,4.194733142852783203e+00,2.923233211040496826e-01,1.467501516371122472e-02,1.467501516371122472e-02,1.467501516371122472e-02,1.467501516371122472e-02
-1.085312128067016602e+00,-3.029306828975677490e-01,-2.992475926876068115e-01,7.581626176834106445e-01,1.430243611335754395e+00,-1.723515629768371582e+00,2.978173196315765381e-01,4.177370071411132812e+00,2.920714318752288818e-01,1.184559387680417242e-02,1.184559387680417242e-02,1.184559387680417242e-02,1.184559387680417242e-02
-1.081795930862426758e+00,-3.009358048439025879e-01,-2.977438867092132568e-01,7.539414763450622559e-01,1.424068212509155273e+00,-1.716620922088623047e+00,2.981668710708618164e-01,4.160030364990234375e+00,2.918787002563476562e-01,9.317351904132631368e-03,9.317351904132631368e-03,9.317351904132631368e-03,9.317351904132631368e-03
-1.078337311744689941e+00,-2.990086376667022705e-01,-2.961675524711608887e-01,7.497998476028442383e-01,1.417930722236633301e+00,-1.709687709808349609e+00,2.985804080963134766e-01,4.142727851867675781e+00,2.916886508464813232e-01,7.091203499558162981e-03,7.091203499558162981e-03,7.091203499558162981e-03,7.091203499558162981e-03
-1.074838399887084961e+00,-2.970400452613830566e-01,-2.945906519889831543e-01,7.456769347190856934e-01,1.411770582199096680e+00,-1.702822685241699219e+00,2.989139258861541748e-01,4.125465393066406250e+00,2.915205359458923340e-01,5.167874180274201201e-03,5.167874180274201201e-03,5.167874180274201201e-03,5.167874180274201201e-03
-1.071364641189575195e+00,-2.951082885265350342e-01,-2.929848134517669678e-01,7.415938973426818848e-01,1.405642032623291016e+00,-1.695965647697448730e+00,2.992546856403350830e-01,4.108263492584228516e+00,2.913571000099182129e-01,3.547901205280479253e-03,3.547901205280479253e-03,3.547901205280479253e-03,3.547901205280479253e-03
-1.067880034446716309e+00,-2.931727468967437744e-01,-2.913744151592254639e-01,7.375324368476867676e-01,1.399525880813598633e+00,-1.689156651496887207e+00,2.995507121086120605e-01,4.091125965118408203e+00,2.912049889564514160e-01,2.231634167806584301e-03,2.231634167806584301e-03,2.231634167806584301e-03,2.231634167806584301e-03
-1.064409613609313965e+00,-2.912615239620208740e-01,-2.897504270076751709e-01,7.335017919540405273e-01,1.393442988395690918e+00,-1.682377219200134277e+00,2.998332083225250244e-01,4.074067115783691406e+00,2.910581231117248535e-01,1.219235700422538482e-03,1.219235700422538482e-03,1.219235700422538482e-03,1.219235700422538482e-03
-1.060942411422729492e+00,-2.893607020378112793e-01,-2.881217300891876221e-01,7.294978499412536621e-01,1.387389421463012695e+00,-1.675643682479858398e+00,3.000852167606353760e-01,4.057096004486083984e+00,2.909187674522399902e-01,5.106822915376674210e-04,5.106822915376674210e-04,5.106822915376674210e-04,5.106822915376674210e-04
-1.055843710899353027e+00,-2.878864705562591553e-01,-2.839900851249694824e-01,7.258477210998535156e-01,1.377607226371765137e+00,-1.668668508529663086e+00,2.964634597301483154e-01,4.035557270050048828e+00,2.924923598766326904e-01,1.057652119231811128e-04,1.057652119231811128e-04,1.057652119231811128e-04,1.057652119231811128e-04
-1.052464246749877930e+00,-2.861167192459106445e-01,-2.826738059520721436e-01,7.215966582298278809e-01,1.371835231781005859e+00,-1.661977767944335938e+00,2.967874407768249512e-01,4.018898963928222656e+00,2.922098040580749512e-01,4.091549831553020766e-06,4.091549831553020766e-06,4.091549831553020766e-06,4.091549831553020766e-06
-1.049072384834289551e+00,-2.843312621116638184e-01,-2.811721563339233398e-01,7.175475358963012695e-01,1.366123795509338379e+00,-1.655271530151367188e+00,2.971444725990295410e-01,4.002289772033691406e+00,2.919459342956542969e-01,2.050853532380436661e-04,2.050853532380436661e-04,2.050853532380436661e-04,2.050853532380436661e-04
-1.045667290687561035e+00,-2.824816405773162842e-01,-2.796644270420074463e-01,7.135825753211975098e-01,1.360368490219116211e+00,-1.648688554763793945e+00,2.974217832088470459e-01,3.985810518264770508e+00,2.917271852493286133e-01,7.079888776724274635e-04,7.079888776724274635e-04,7.079888776724274635e-04,7.079888776724274635e-04
-1.042308330535888672e+00,-2.806702554225921631e-01,-2.781142890453338623e-01,7.097039222717285156e-01,1.354662895202636719e+00,-1.642143249511718750e+00,2.977150678634643555e-01,3.969467878341674805e+00,2.915214300155639648e-01,1.511863938052471212e-03,1.511863938052471212e-03,1.511863938052471212e-03,1.511863938052471212e-03
-1.038952827453613281e+00,-2.788534164428710938e-01,-2.765621244907379150e-01,7.058758139610290527e-01,1.348986864089965820e+00,-1.635685205459594727e+00,2.979580461978912354e-01,3.953270673751831055e+00,2.913337945938110352e-01,2.615593362886803330e-03,2.615593362886803330e-03,2.615593362886803330e-03,2.615593362886803330e-03
-1.035631179809570312e+00,-2.770688831806182861e-01,-2.749980092048645020e-01,7.021044492721557617e-01,1.343369007110595703e+00,-1.629288077354431152e+00,2.981914877891540527e-01,3.937233686447143555e+00,2.911555469036102295e-01,4.017882549159523808e-03,4.017882549159523808e-03,4.017882549159523808e-03,4.017882549159523808e-03
-1.032328128814697266e+00,-2.753006517887115479e-01,-2.734353542327880859e-01,6.983802318572998047e-01,1.337804794311523438e+00,-1.622971177101135254e+00,2.983907759189605713e-01,3.921362161636352539e+00,2.909879684448242188e-01,5.717261116165772705e-03,5.717261116165772705e-03,5.717261116165772705e-03,5.717261116165772705e-03
-1.029056072235107422e+00,-2.735613584518432617e-01,-2.718711793422698975e-01,6.947078704833984375e-01,1.332305908203125000e+00,-1.616727709770202637e+00,2.985714375972747803e-01,3.905668497085571289e+00,2.908281087875366211e-01,7.712084656512407932e-03,7.712084656512407932e-03,7.712084656512407932e-03,7.712084656512407932e-03
-1.025811433792114258e+00,-2.718459963798522949e-01,-2.703106403350830078e-01,6.910856366157531738e-01,1.326873064041137695e+00,-1.610566616058349609e+00,2.987264394760131836e-01,3.890162467956542969e+00,2.906764745712280273e-01,1.000053658246818911e-02,1.000053658246818911e-02,1.000053658246818911e-02,1.000053658246818911e-02
-1.021520733833312988e+00,-2.702874839305877686e-01,-2.664104104042053223e-01,6.877268552780151367e-01,1.318152427673339844e+00,-1.604578733444213867e+00,2.959885299205780029e-01,3.871120214462280273e+00,2.924364805221557617e-01,1.258063006578935550e-02,1.258063006578935550e-02,1.258063006578935550e-02,1.258063006578935550e-02
-1.018428802490234375e+00,-2.687757611274719238e-01,-2.651260495185852051e-01,6.839406490325927734e-01,1.313133001327514648e+00,-1.598455071449279785e+00,2.963037490844726562e-01,3.856095790863037109e+00,2.921135425567626953e-01,1.545021006911134753e-02,1.545021006911134753e-02,1.545021006911134753e-02,1.545021006911134753e-02
-1.015280961990356445e+00,-2.671560943126678467e-01,-2.637540102005004883e-01,6.803237795829772949e-01,1.308114290237426758e+00,-1.592468738555908203e+00,2.965233325958251953e-01,3.841231584548950195e+00,2.918407022953033447e-01,1.860695546696294889e-02,1.860695546696294889e-02,1.860695546696294889e-02,1.860695546696294889e-02
-1.012200117111206055e+00,-2.655546963214874268e-01,-2.623457908630371094e-01,6.768372654914855957e-01,1.303135395050048828e+00,-1.586576342582702637e+00,2.967504858970642090e-01,3.826594829559326172e+00,2.915996909141540527e-01,2.204838125441332952e-02,2.204838125441332952e-02,2.204838125441332952e-02,2.204838125441332952e-02
-1.009148716926574707e+00,-2.639579474925994873e-01,-2.609274685382843018e-01,6.734396219253540039e-01,1.298212289810180664e+00,-1.580797195434570312e+00,2.969404160976409912e-01,3.812185525894165039e+00,2.913813591003417969e-01,2.577184084132411179e-02,2.577184084132411179e-02,2.577184084132411179e-02,2.577184084132411179e-02
-1.006143569946289062e+00,-2.623909711837768555e-01,-2.595039308071136475e-01,6.701224446296691895e-01,1.293365955352783203e+00,-1.575119495391845703e+00,2.971122264862060547e-01,3.798015832901000977e+00,2.911781072616577148e-01,2.977452843015587769e-02,2.977452843015587769e-02,2.977452843015587769e-02,2.977452843015587769e-02
-1.003178715705871582e+00,-2.608507871627807617e-01,-2.580851018428802490e-01,6.668760180473327637e-01,1.288600683212280273e+00,-1.569551467895507812e+00,2.972561419010162354e-01,3.784093618392944336e+00,2.909882068634033203e-01,3.405348147522885283e-02,3.405348147522885283e-02,3.405348147522885283e-02,3.405348147522885283e-02
-1.000259995460510254e+00,-2.593444287776947021e-01,-2.566723823547363281e-01,6.637004017829895020e-01,1.283924818038940430e+00,-1.564091563224792480e+00,2.973780632019042969e-01,3.770428895950317383e+00,2.908090651035308838e-01,3.860558322132784381e-02,3.860558322132784381e-02,3.860558322132784381e-02,3.860558322132784381e-02
-9.973874688148498535e-01,-2.578713595867156982e-01,-2.552697956562042236e-01,6.605939865112304688e-01,1.279341936111450195e+00,-1.558744192123413086e+00,2.974766194820404053e-01,3.757028818130493164e+00,2.906401455402374268e-01,4.342756531947938869e-02,4.342756531947938869e-02,4.342756531947938869e-02,4.342756531947938869e-02
-9.945638775825500488e-01,-2.564334869384765625e-01,-2.538785636425018311e-01,6.575579643249511719e-01,1.274856567382812500e+00,-1.553510904312133789e+00,2.975545525550842285e-01,3.743902683258056641e+00,2.904801666736602783e-01,4.851601051773390960e-02,4.851601051773390960e-02,4.851601051773390960e-02,4.851601051773390960e-02
-9.912427067756652832e-01,-2.549460232257843018e-01,-2.503329813480377197e-01,6.547780036926269531e-01,1.267556905746459961e+00,-1.548929929733276367e+00,2.955401837825775146e-01,3.728422164916992188e+00,2.923961877822875977e-01,5.386735542474369032e-02,5.386735542474369032e-02,5.386735542474369032e-02,5.386735542474369032e-02
-9.886398315429687500e-01,-2.537876367568969727e-01,-2.491724491119384766e-01,6.516595482826232910e-01,1.263611316680908203e+00,-1.543711662292480469e+00,2.958777844905853271e-01,3.715922594070434570e+00,2.920378446578979492e-01,5.947789334390207738e-02,5.947789334390207738e-02,5.947789334390207738e-02,5.947789334390207738e-02
-9.859252572059631348e-01,-2.524220049381256104e-01,-2.480294108390808105e-01,6.486675739288330078e-01,1.259594202041625977e+00,-1.538787245750427246e+00,2.959743142127990723e-01,3.703679800033569336e+00,2.917607724666595459e-01,6.534377717577533051e-02,6.534377717577533051e-02,6.534377717577533051e-02,6.534377717577533051e-02
-9.833571910858154297e-01,-2.511550784111022949e-01,-2.468172311782836914e-01,6.458511352539062500e-01,1.255695581436157227e+00,-1.533920526504516602e+00,2.961696386337280273e-01,3.691748619079589844e+00,2.915020287036895752e-01,7.146102238657275896e-02,7.146102238657275896e-02,7.146102238657275896e-02,7.146102238657275896e-02
-9.807991385459899902e-01,-2.498600482940673828e-01,-2.456257045269012451e-01,6.431225538253784180e-01,1.251853942871093750e+00,-1.529235124588012695e+00,2.962753176689147949e-01,3.680118083953857422e+00,2.912750244140625000e-01,7.782551004034266029e-02,7.782551004034266029e-02,7.782551004034266029e-02,7.782551004034266029e-02
-9.783260822296142578e-01,-2.486251592636108398e-01,-2.444257438182830811e-01,6.405005455017089844e-01,1.248129129409790039e+00,-1.524661302566528320e+00,2.963935732841491699e-01,3.668807983398437500e+00,2.910606861114501953e-01,8.443298989257541631e-02,8.443298989257541631e-02,8.443298989257541631e-02,8.443298989257541631e-02
-9.758986234664916992e-01,-2.474121451377868652e-01,-2.432448863983154297e-01,6.379607915878295898e-01,1.244503259658813477e+00,-1.520238161087036133e+00,2.964680790901184082e-01,3.657818555831909180e+00,2.908631563186645508e-01,9.127908354288682968e-02,9.127908354288682968e-02,9.127908354288682968e-02,9.127908354288682968e-02
-9.735404253005981445e-01,-2.462469637393951416e-01,-2.420747280120849609e-01,6.355108022689819336e-01,1.240995645523071289e+00,-1.515945672988891602e+00,2.965318262577056885e-01,3.647160530090332031e+00,2.906763851642608643e-01,9.835928764443313543e-02,9.835928764443313543e-02,9.835928764443313543e-02,9.835928764443313543e-02
-9.712406396865844727e-01,-2.451181113719940186e-01,-2.409246563911437988e-01,6.331442594528198242e-01,1.237602829933166504e+00,-1.511797189712524414e+00,2.965677380561828613e-01,3.636839151382446289e+00,2.905011177062988281e-01,1.056689771677024603e-01,1.056689771677024603e-01,1.056689771677024603e-01,1.056689771677024603e-01
-9.690076112747192383e-01,-2.440336048603057861e-01,-2.397928535938262939e-01,6.308642625808715820e-01,1.234332323074340820e+00,-1.507788181304931641e+00,2.965873777866363525e-01,3.626860618591308594e+00,2.903357148170471191e-01,1.132034087162852032e-01,1.132034087162852032e-01,1.132034087162852032e-01,1.132034087162852032e-01
-9.667718410491943359e-01,-2.427533566951751709e-01,-2.367049753665924072e-01,6.289091110229492188e-01,1.228734970092773438e+00,-1.504944920539855957e+00,2.951408028602600098e-01,3.615793228149414062e+00,2.923704385757446289e-01,1.209577238922656117e-01,1.209577238922656117e-01,1.209577238922656117e-01,1.209577238922656117e-01
-9.648257493972778320e-01,-2.420230507850646973e-01,-2.357563674449920654e-01,6.266196370124816895e-01,1.226119041442871094e+00,-1.500914931297302246e+00,2.955219745635986328e-01,3.606556415557861328e+00,2.919803261756896973e-01,1.289269527088391376e-01,1.289269527088391376e-01,1.289269527088391376e-01,1.289269527088391376e-01
-9.627061486244201660e-01,-2.409865856170654297e-01,-2.349269390106201172e-01,6.244082450866699219e-01,1.223352313041687012e+00,-1.497327208518981934e+00,2.955150902271270752e-01,3.597650527954101562e+00,2.917016744613647461e-01,1.371060170477342854e-01,1.371060170477342854e-01,1.371060170477342854e-01,1.371060170477342854e-01
-9.608042240142822266e-01,-2.401199936866760254e-01,-2.339965701103210449e-01,6.224142313003540039e-01,1.220773100852966309e+00,-1.493757486343383789e+00,2.956936061382293701e-01,3.589121818542480469e+00,2.914284765720367432e-01,1.454897341590490889e-01,1.454897341590490889e-01,1.454897341590490889e-01,1.454897341590490889e-01
-9.588944911956787109e-01,-2.391967177391052246e-01,-2.331136167049407959e-01,6.205039620399475098e-01,1.218247413635253906e+00,-1.490425825119018555e+00,2.957367002964019775e-01,3.580950260162353516e+00,2.911950945854187012e-01,1.540728202011080183e-01,1.540728202011080183e-01,1.540728202011080183e-01,1.540728202011080183e-01
-9.570997953414916992e-01,-2.383568286895751953e-01,-2.322194576263427734e-01,6.187212467193603516e-01,1.215869426727294922e+00,-1.487211823463439941e+00,2.958169281482696533e-01,3.573159217834472656e+00,2.909716665744781494e-01,1.628498938178897237e-01,1.628498938178897237e-01,1.628498938178897237e-01,1.628498938178897237e-01
-9.553556442260742188e-01,-2.375350892543792725e-01,-2.313560843467712402e-01,6.170287728309631348e-01,1.213602542877197266e+00,-1.484178662300109863e+00,2.958435714244842529e-01,3.565744161605834961e+00,2.907676696777343750e-01,1.718154797516418530e-01,1.718154797516418530e-01,1.718154797516418530e-01,1.718154797516418530e-01
-9.536971449851989746e-01,-2.367705106735229492e-01,-2.305078506469726562e-01,6.154398918151855469e-01,1.211474657058715820e+00,-1.481293201446533203e+00,2.958659827709197998e-01,3.558714389801025391e+00,2.905742824077606201e-01,1.809640124882567758e-01,1.809640124882567758e-01,1.809640124882567758e-01,1.809640124882567758e-01
-9.521075487136840820e-01,-2.360450029373168945e-01,-2.296873927116394043e-01,6.139448285102844238e-01,1.209476709365844727e+00,-1.478574156761169434e+00,2.958596646785736084e-01,3.552073001861572266e+00,2.903936505317687988e-01,1.902898399330117396e-01,1.902898399330117396e-01,1.902898399330117396e-01,1.902898399330117396e-01
-9.505974650382995605e-01,-2.353695631027221680e-01,-2.288908958435058594e-01,6.125479340553283691e-01,1.207617759704589844e+00,-1.476012110710144043e+00,2.958399653434753418e-01,3.545824050903320312e+00,2.902228236198425293e-01,1.997872271142339118e-01,1.997872271142339118e-01,1.997872271142339118e-01,1.997872271142339118e-01
-9.495142698287963867e-01,-2.344059050083160400e-01,-2.263221442699432373e-01,6.116024851799011230e-01,1.203894138336181641e+00,-1.475142002105712891e+00,2.948080599308013916e-01,3.539754152297973633e+00,2.923557162284851074e-01,2.094503599125301929e-01,2.094503599125301929e-01,2.094503599125301929e-01,2.094503599125301929e-01
-9.483526945114135742e-01,-2.341545522212982178e-01,-2.256654202938079834e-01,6.102576255798339844e-01,1.202789068222045898e+00,-1.472509145736694336e+00,2.952521145343780518e-01,3.534325122833251953e+00,2.919321656227111816e-01,2.192733488131424213e-01,2.192733488131424213e-01,2.192733488131424213e-01,2.192733488131424213e-01
-9.469521641731262207e-01,-2.335017323493957520e-01,-2.252178192138671875e-01,6.089376807212829590e-01,1.201450586318969727e+00,-1.470452666282653809e+00,2.951664328575134277e-01,3.529273986816406250e+00,2.916516065597534180e-01,2.292502326790774037e-01,2.292502326790774037e-01,2.292502326790774037e-01,2.292502326790774037e-01
-9.458288550376892090e-01,-2.330790162086486816e-01,-2.246416509151458740e-01,6.078718304634094238e-01,1.200356602668762207e+00,-1.468372702598571777e+00,2.953430116176605225e-01,3.524647951126098633e+00,2.913620769977569580e-01,2.393749825426023659e-01,2.393749825426023659e-01,2.393749825426023659e-01,2.393749825426023659e-01
-9.446816444396972656e-01,-2.325757741928100586e-01,-2.241338789463043213e-01,6.068824529647827148e-01,1.199307322502136230e+00,-1.466573715209960938e+00,2.953460216522216797e-01,3.520412445068359375e+00,2.911205291748046875e-01,2.496415054127346655e-01,2.496415054127346655e-01,2.496415054127346655e-01,2.496415054127346655e-01
-9.436705112457275391e-01,-2.321717143058776855e-01,-2.236125469207763672e-01,6.060358285903930664e-01,1.198426246643066406e+00,-1.464893102645874023e+00,2.954059839248657227e-01,3.516594648361206055e+00,2.908860445022583008e-01,2.600436480963987940e-01,2.600436480963987940e-01,2.600436480963987940e-01,2.600436480963987940e-01
-9.427126646041870117e-01,-2.317825853824615479e-01,-2.231303751468658447e-01,6.052836179733276367e-01,1.197661399841308594e+00,-1.463413000106811523e+00,2.954043447971343994e-01,3.513185977935791016e+00,2.906731367111206055e-01,2.705752010308795086e-01,2.705752010308795086e-01,2.705752010308795086e-01,2.705752010308795086e-01
-9.418511390686035156e-01,-2.314561009407043457e-01,-2.226664721965789795e-01,6.046437025070190430e-01,1.197047233581542969e+00,-1.462089896202087402e+00,2.954037785530090332e-01,3.510194778442382812e+00,2.904701828956604004e-01,2.812299021252258058e-01,2.812299021252258058e-01,2.812299021252258058e-01,2.812299021252258058e-01
-9.410648345947265625e-01,-2.311699390411376953e-01,-2.222357392311096191e-01,6.041032075881958008e-01,1.196570634841918945e+00,-1.460945129394531250e+00,2.953743636608123779e-01,3.507619619369506836e+00,2.902805507183074951e-01,2.920014406083216718e-01,2.920014406083216718e-01,2.920014406083216718e-01,2.920014406083216718e-01
-9.403648376464843750e-01,-2.309362888336181641e-01,-2.218333482742309570e-01,6.036665439605712891e-01,1.196241378784179688e+00,-1.459967970848083496e+00,2.953329682350158691e-01,3.505464553833007812e+00,2.901005744934082031e-01,3.028834608813224527e-01,3.028834608813224527e-01,3.028834608813224527e-01,3.028834608813224527e-01
-9.404534101486206055e-01,-2.303733825683593750e-01,-2.197870612144470215e-01,6.038435697555541992e-01,1.194431304931640625e+00,-1.461215615272521973e+00,2.945572137832641602e-01,3.504681587219238281e+00,2.923488616943359375e-01,3.138695663721323692e-01,3.138695663721323692e-01,3.138695663721323692e-01,3.138695663721323692e-01
-9.401569962501525879e-01,-2.306249737739562988e-01,-2.194890379905700684e-01,6.035094261169433594e-01,1.194937705993652344e+00,-1.460102081298828125e+00,2.950820624828338623e-01,3.503387451171875000e+00,2.918832600116729736e-01,3.249533233897096141e-01,3.249533233897096141e-01,3.249533233897096141e-01,3.249533233897096141e-01
-9.395557641983032227e-01,-2.303859293460845947e-01,-2.194741964340209961e-01,6.031422019004821777e-01,1.195125818252563477e+00,-1.459681272506713867e+00,2.949460744857788086e-01,3.502488136291503906e+00,2.915949821472167969e-01,3.361282649759363417e-01,3.361282649759363417e-01,3.361282649759363417e-01,3.361282649759363417e-01
-9.392769336700439453e-01,-2.304261922836303711e-01,-2.193075120449066162e-01,6.030593514442443848e-01,1.195602893829345703e+00,-1.459193110466003418e+00,2.951370179653167725e-01,3.502036571502685547e+00,2.912817001342773438e-01,3.473878947528399319e-01,3.473878947528399319e-01,3.473878947528399319e-01,3.473878947528399319e-01
-9.389593601226806641e-01,-2.303655445575714111e-01,-2.192238569259643555e-01,6.030421257019042969e-01,1.196109175682067871e+00,-1.459015369415283203e+00,2.951239943504333496e-01,3.501986026763916016e+00,2.910250127315521240e-01,3.587256907629364777e-01,3.587256907629364777e-01,3.587256907629364777e-01,3.587256907629364777e-01
-9.387903213500976562e-01,-2.304145991802215576e-01,-2.191244959831237793e-01,6.031769514083862305e-01,1.196794033050537109e+00,-1.458950757980346680e+00,2.951813042163848877e-01,3.502367734909057617e+00,2.907719314098358154e-01,3.701351093005696979e-01,3.701351093005696979e-01,3.701351093005696979e-01,3.701351093005696979e-01
-9.386740922927856445e-01,-2.304745912551879883e-01,-2.190689146518707275e-01,6.034054756164550781e-01,1.197592854499816895e+00,-1.459095478057861328e+00,2.951720952987670898e-01,3.503167867660522461e+00,2.905424833297729492e-01,3.816095887320671842e-01,3.816095887320671842e-01,3.816095887320671842e-01,3.816095887320671842e-01
-9.386591315269470215e-01,-2.305995225906372070e-01,-2.190333008766174316e-01,6.037495136260986328e-01,1.198544263839721680e+00,-1.459397673606872559e+00,2.951670885086059570e-01,3.504392862319946289e+00,2.903222441673278809e-01,3.931425533025803554e-01,3.931425533025803554e-01,3.931425533025803554e-01,3.931425533025803554e-01
-9.387204647064208984e-01,-2.307637631893157959e-01,-2.190334796905517578e-01,6.041932106018066406e-01,1.199632406234741211e+00,-1.459881663322448730e+00,2.951327264308929443e-01,3.506038665771484375e+00,2.901157736778259277e-01,4.047274169275316136e-01,4.047274169275316136e-01,4.047274169275316136e-01,4.047274169275316136e-01
-9.388707280158996582e-01,-2.309810817241668701e-01,-2.190641462802886963e-01,6.047418117523193359e-01,1.200867176055908203e+00,-1.460533380508422852e+00,2.950876057147979736e-01,3.508107662200927734e+00,2.899184226989746094e-01,4.163575869665876450e-01,4.163575869665876450e-01,4.163575869665876450e-01,4.163575869665876450e-01
-9.400986433029174805e-01,-2.308756411075592041e-01,-2.174764871597290039e-01,6.060696840286254883e-01,1.200865626335144043e+00,-1.463949799537658691e+00,2.944000363349914551e-01,3.512579679489135742e+00,2.923479378223419189e-01,4.280264679781166648e-01,4.280264679781166648e-01,4.280264679781166648e-01,4.280264679781166648e-01
-9.406993389129638672e-01,-2.316253483295440674e-01,-2.175862342119216919e-01,6.067610979080200195e-01,1.202999472618103027e+00,-1.464384436607360840e+00,2.950269281864166260e-01,3.515510320663452148e+00,2.918254733085632324e-01,4.397274654521230453e-01,4.397274654521230453e-01,4.397274654521230453e-01,4.397274654521230453e-01
-9.409288763999938965e-01,-2.318016588687896729e-01,-2.180351316928863525e-01,6.073557734489440918e-01,1.204729080200195312e+00,-1.465608835220336914e+00,2.948734760284423828e-01,3.518819808959960938e+00,2.915188670158386230e-01,4.514539895196527652e-01,4.514539895196527652e-01,4.514539895196527652e-01,4.514539895196527652e-01
-9.415127635002136230e-01,-2.322979867458343506e-01,-2.183140516281127930e-01,6.082574725151062012e-01,1.206780195236206055e+00,-1.466719508171081543e+00,2.950986623764038086e-01,3.522577524185180664e+00,2.911686301231384277e-01,4.631994586367697009e-01,4.631994586367697009e-01,4.631994586367697009e-01,4.631994586367697009e-01
-9.420427083969116211e-01,-2.326762080192565918e-01,-2.186842560768127441e-01,6.092095375061035156e-01,1.208838462829589844e+00,-1.468157291412353516e+00,2.950949668884277344e-01,3.526724338531494141e+00,2.908843755722045898e-01,4.749573032411266715e-01,4.749573032411266715e-01,4.749573032411266715e-01,4.749573032411266715e-01
-9.427256584167480469e-01,-2.331697940826416016e-01,-2.190357893705368042e-01,6.103165745735168457e-01,1.211075067520141602e+00,-1.469695806503295898e+00,2.951707243919372559e-01,3.531291961669921875e+00,2.906001210212707520e-01,4.867209693792689529e-01,4.867209693792689529e-01,4.867209693792689529e-01,4.867209693792689529e-01
-9.434572458267211914e-01,-2.336699366569519043e-01,-2.194320261478424072e-01,6.115120649337768555e-01,1.213414669036865234e+00,-1.471442103385925293e+00,2.951746881008148193e-01,3.536262512207031250e+00,2.903421521186828613e-01,4.984839223028402211e-01,4.984839223028402211e-01,4.984839223028402211e-01,4.984839223028402211e-01
-9.442883133888244629e-01,-2.342340350151062012e-01,-2.198472768068313599e-01,6.128203868865966797e-01,1.215899944305419922e+00,-1.473338603973388672e+00,2.951844930648803711e-01,3.541641712188720703e+00,2.900928854942321777e-01,5.102396500318383543e-01,5.102396500318383543e-01,5.102396500318383543e-01,5.102396500318383543e-01
-9.451929330825805664e-01,-2.348350286483764648e-01,-2.202982008457183838e-01,6.142238378524780273e-01,1.218511581420898438e+00,-1.475410819053649902e+00,2.951631546020507812e-01,3.547422885894775391e+00,2.898581027984619141e-01,5.219816668831432915e-01,5.219816668831432915e-01,5.219816668831432915e-01,5.219816668831432915e-01
-9.461830854415893555e-01,-2.354868650436401367e-01,-2.207787632942199707e-01,6.157277226448059082e-01,1.221260428428649902e+00,-1.477642536163330078e+00,2.951314747333526611e-01,3.553606033325195312e+00,2.896324694156646729e-01,5.337035169625899966e-01,5.337035169625899966e-01,5.337035169625899966e-01,5.337035169625899966e-01
-9.484615325927734375e-01,-2.358738780021667480e-01,-2.195204198360443115e-01,6.181487441062927246e-01,1.222815990447998047e+00,-1.483177304267883301e+00,2.943481206893920898e-01,3.562966823577880859e+00,2.923517227172851562e-01,5.453987776188558012e-01,5.453987776188558012e-01,5.453987776188558012e-01,5.453987776188558012e-01
-9.499397277832031250e-01,-2.370864748954772949e-01,-2.200653553009033203e-01,6.198292970657348633e-01,1.226507425308227539e+00,-1.485095620155334473e+00,2.950975894927978516e-01,3.569970607757568359e+00,2.917543649673461914e-01,5.570610628575113354e-01,5.570610628575113354e-01,5.570610628575113354e-01,5.570610628575113354e-01
-9.509829282760620117e-01,-2.376513779163360596e-01,-2.209879904985427856e-01,6.213431954383850098e-01,1.229709386825561523e+00,-1.487880945205688477e+00,2.949620485305786133e-01,3.577310085296630859e+00,2.914139628410339355e-01,5.686840267135465643e-01,5.686840267135465643e-01,5.686840267135465643e-01,5.686840267135465643e-01
-9.523993730545043945e-01,-2.385714054107666016e-01,-2.217257618904113770e-01,6.231782436370849609e-01,1.233255505561828613e+00,-1.490502476692199707e+00,2.952456474304199219e-01,3.585074186325073242e+00,2.910094857215881348e-01,5.802613665808452614e-01,5.802613665808452614e-01,5.802613665808452614e-01,5.802613665808452614e-01
-9.537453055381774902e-01,-2.393571734428405762e-01,-2.225584685802459717e-01,6.250426769256591797e-01,1.236778616905212402e+00,-1.493456840515136719e+00,2.952778041362762451e-01,3.593189954757690430e+00,2.906821370124816895e-01,5.917868264970029824e-01,5.917868264970029824e-01,5.917868264970029824e-01,5.917868264970029824e-01
-9.552419185638427734e-01,-2.402617037296295166e-01,-2.233674973249435425e-01,6.270591616630554199e-01,1.240471124649047852e+00,-1.496492385864257812e+00,2.953946888446807861e-01,3.601693630218505859e+00,2.903513908386230469e-01,6.032542003819767462e-01,6.032542003819767462e-01,6.032542003819767462e-01,6.032542003819767462e-01
-9.567789435386657715e-01,-2.411671578884124756e-01,-2.242185175418853760e-01,6.291532516479492188e-01,1.244247078895568848e+00,-1.499725222587585449e+00,2.954345941543579102e-01,3.610561609268188477e+00,2.900503277778625488e-01,6.146573352290768399e-01,6.146573352290768399e-01,6.146573352290768399e-01,6.146573352290768399e-01
-9.584083557128906250e-01,-2.421336472034454346e-01,-2.250852882862091064e-01,6.313525438308715820e-01,1.248152256011962891e+00,-1.503093481063842773e+00,2.954786121845245361e-01,3.619799137115478516e+00,2.897576987743377686e-01,6.259901342468970897e-01,6.259901342468970897e-01,6.259901342468970897e-01,6.259901342468970897e-01
-9.601039886474609375e-01,-2.431331872940063477e-01,-2.259837388992309570e-01,6.336375474929809570e-01,1.252165555953979492e+00,-1.506622433662414551e+00,2.954901456832885742e-01,3.629396915435791016e+00,2.894812524318695068e-01,6.372465599507426415e-01,6.372465599507426415e-01,6.372465599507426415e-01,6.372465599507426415e-01
-9.618765115737915039e-01,-2.441792190074920654e-01,-2.269085347652435303e-01,6.360133290290832520e-01,1.256297349929809570e+00,-1.510295391082763672e+00,2.954879999160766602e-01,3.639351844787597656e+00,2.892146706581115723e-01,6.484206372022204290e-01,6.484206372022204290e-01,6.484206372022204290e-01,6.484206372022204290e-01
-9.650614261627197266e-01,-2.450769245624542236e-01,-2.257983088493347168e-01,6.393945217132568359e-01,1.259035348892211914e+00,-1.517805576324462891e+00,2.944070100784301758e-01,3.652942657470703125e+00,2.923617959022521973e-01,6.595064561956536231e-01,6.595064561956536231e-01,6.595064561956536231e-01,6.595064561956536231e-01
-9.673501253128051758e-01,-2.466896176338195801e-01,-2.267805039882659912e-01,6.419770121574401855e-01,1.264132976531982422e+00,-1.521054506301879883e+00,2.953031957149505615e-01,3.663638353347778320e+00,2.916706800460815430e-01,6.704981753900869368e-01,6.704981753900869368e-01,6.704981753900869368e-01,6.704981753900869368e-01
-9.691424369812011719e-01,-2.475885450839996338e-01,-2.281631529331207275e-01,6.443173885345458984e-01,1.268657803535461426e+00,-1.525228738784790039e+00,2.952223122119903564e-01,3.674599170684814453e+00,2.912808060646057129e-01,6.813900243856032546e-01,6.813900243856032546e-01,6.813900243856032546e-01,6.813900243856032546e-01
-9.713168144226074219e-01,-2.488750219345092773e-01,-2.293497473001480103e-01,6.469833850860595703e-01,1.273540973663330078e+00,-1.529185056686401367e+00,2.955914139747619629e-01,3.685941696166992188e+00,2.908043265342712402e-01,6.921763067427795235e-01,6.921763067427795235e-01,6.921763067427795235e-01,6.921763067427795235e-01
-9.734014868736267090e-01,-2.500120997428894043e-01,-2.306303679943084717e-01,6.496528983116149902e-01,1.278363704681396484e+00,-1.533470749855041504e+00,2.956871688365936279e-01,3.697576999664306641e+00,2.904173135757446289e-01,7.028514027441429279e-01,7.028514027441429279e-01,7.028514027441429279e-01,7.028514027441429279e-01
-9.756288528442382812e-01,-2.512704133987426758e-01,-2.318800389766693115e-01,6.524651050567626953e-01,1.283339023590087891e+00,-1.537811517715454102e+00,2.958688139915466309e-01,3.709545850753784180e+00,2.900239825248718262e-01,7.134097720965133504e-01,7.134097720965133504e-01,7.134097720965133504e-01,7.134097720965133504e-01
-9.778835773468017578e-01,-2.525229156017303467e-01,-2.331658154726028442e-01,6.553397178649902344e-01,1.288369894027709961e+00,-1.542332410812377930e+00,2.959657311439514160e-01,3.721819877624511719e+00,2.896649241447448730e-01,7.238459565731681922e-01,7.238459565731681922e-01,7.238459565731681922e-01,7.238459565731681922e-01
-9.802194833755493164e-01,-2.538327872753143311e-01,-2.344604432582855225e-01,6.583067178726196289e-01,1.293505787849426270e+00,-1.546965837478637695e+00,2.960638701915740967e-01,3.734402656555175781e+00,2.893154621124267578e-01,7.341545825947919379e-01,7.341545825947919379e-01,7.341545825947919379e-01,7.341545825947919379e-01
-9.826087355613708496e-01,-2.551696598529815674e-01,-2.357801496982574463e-01,6.613454818725585938e-01,1.298722982406616211e+00,-1.551738977432250977e+00,2.961236834526062012e-01,3.747284412384033203e+00,2.889845669269561768e-01,7.443303637482974189e-01,7.443303637482974189e-01,7.443303637482974189e-01,7.443303637482974189e-01
-9.850631952285766602e-01,-2.565481662750244141e-01,-2.371188402175903320e-01,6.644611358642578125e-01,1.304032206535339355e+00,-1.556632995605468750e+00,2.961669564247131348e-01,3.760458946228027344e+00,2.886654734611511230e-01,7.543681032425060273e-01,7.543681032425060273e-01,7.543681032425060273e-01,7.543681032425060273e-01
-9.889535307884216309e-01,-2.579599618911743164e-01,-2.359455674886703491e-01,6.686056256294250488e-01,1.307482123374938965e+00,-1.565875053405761719e+00,2.945803999900817871e-01,3.777359008789062500e+00,2.923804521560668945e-01,7.642626962998446682e-01,7.642626962998446682e-01,7.642626962998446682e-01,7.642626962998446682e-01
-9.919406175613403320e-01,-2.598863244056701660e-01,-2.373400479555130005e-01,6.719549894332885742e-01,1.313759326934814453e+00,-1.570225238800048828e+00,2.956410944461822510e-01,3.791155576705932617e+00,2.915810942649841309e-01,7.740091324832142350e-01,7.740091324832142350e-01,7.740091324832142350e-01,7.740091324832142350e-01
-9.943764805793762207e-01,-2.610429227352142334e-01,-2.391446530818939209e-01,6.749837398529052734e-01,1.319384336471557617e+00,-1.575540781021118164e+00,2.956511974334716797e-01,3.805129289627075195e+00,2.911286354064941406e-01,7.836024979572137061e-01,7.836024979572137061e-01,7.836024979572137061e-01,7.836024979572137061e-01
-9.971938133239746094e-01,-2.626179456710815430e-01,-2.407443821430206299e-01,6.783335804939270020e-01,1.325375318527221680e+00,-1.580580711364746094e+00,2.961305379867553711e-01,3.819423675537109375e+00,2.905656695365905762e-01,7.930379776829701299e-01,7.930379776829701299e-01,7.930379776829701299e-01,7.930379776829701299e-01
-9.999003410339355469e-01,-2.640283703804016113e-01,-2.424344569444656372e-01,6.816557645797729492e-01,1.331262111663818359e+00,-1.585940599441528320e+00,2.963157892227172852e-01,3.833935022354125977e+00,2.901062369346618652e-01,8.023108575458408609e-01,8.023108575458408609e-01,8.023108575458408609e-01,8.023108575458408609e-01
-1.002735972404479980e+00,-2.655632793903350830e-01,-2.440832257270812988e-01,6.851061582565307617e-01,1.337279319763183594e+00,-1.591321706771850586e+00,2.965848743915557861e-01,3.848706722259521484e+00,2.896373867988586426e-01,8.114165264153508916e-01,8.114165264153508916e-01,8.114165264153508916e-01,8.114165264153508916e-01
-1.005582809448242188e+00,-2.670843005180358887e-01,-2.457602918148040771e-01,6.885987520217895508e-01,1.343316078186035156e+00,-1.596860885620117188e+00,2.967592775821685791e-01,3.863707780838012695e+00,2.892089784145355225e-01,8.203504781367296772e-01,8.203504781367296772e-01,8.203504781367296772e-01,8.203504781367296772e-01
-1.008495569229125977e+00,-2.686591744422912598e-01,-2.474355846643447876e-01,6.921674013137817383e-01,1.349427580833435059e+00,-1.602484226226806641e+00,2.969287037849426270e-01,3.878940582275390625e+00,2.887926697731018066e-01,8.291083134534269483e-01,8.291083134534269483e-01,8.291083134534269483e-01,8.291083134534269483e-01
-1.011445283889770508e+00,-2.702541053295135498e-01,-2.491260617971420288e-01,6.957898139953613281e-01,1.355586051940917969e+00,-1.608220458030700684e+00,2.970530092716217041e-01,3.894392490386962891e+00,2.883986532688140869e-01,8.376857418601135752e-01,8.376857418601135752e-01,8.376857418601135752e-01,8.376857418601135752e-01
-1.014443874359130859e+00,-2.718845605850219727e-01,-2.508255839347839355e-01,6.994715929031372070e-01,1.361803293228149414e+00,-1.614049077033996582e+00,2.971541583538055420e-01,3.910057783126831055e+00,2.880192995071411133e-01,8.460785833856478977e-01,8.460785833856478977e-01,8.460785833856478977e-01,8.460785833856478977e-01
-1.018791198730468750e+00,-2.737981081008911133e-01,-2.493797242641448975e-01,7.041425704956054688e-01,1.365450739860534668e+00,-1.624688267707824707e+00,2.948645651340484619e-01,3.929161787033081055e+00,2.924101352691650391e-01,8.542827703055733135e-01,8.542827703055733135e-01,8.542827703055733135e-01,8.542827703055733135e-01
-1.022329092025756836e+00,-2.759353816509246826e-01,-2.511351406574249268e-01,7.080808877944946289e-01,1.372616767883300781e+00,-1.629850387573242188e+00,2.961033880710601807e-01,3.945299625396728516e+00,2.914976477622985840e-01,8.622943487836820520e-01,8.622943487836820520e-01,8.622943487836820520e-01,8.622943487836820520e-01
-1.025267481803894043e+00,-2.772566080093383789e-01,-2.532994747161865234e-01,7.116209268569946289e-01,1.379059076309204102e+00,-1.635998964309692383e+00,2.962357103824615479e-01,3.961513042449951172e+00,2.909753918647766113e-01,8.701094804423616935e-01,8.701094804423616935e-01,8.701094804423616935e-01,8.701094804423616935e-01
-1.028580665588378906e+00,-2.790261209011077881e-01,-2.552522122859954834e-01,7.154694795608520508e-01,1.385868310928344727e+00,-1.641812920570373535e+00,2.968487143516540527e-01,3.977971076965332031e+00,2.903186678886413574e-01,8.777244438613274191e-01,8.777244438613274191e-01,8.777244438613274191e-01,8.777244438613274191e-01
-1.031758308410644531e+00,-2.806158661842346191e-01,-2.572887837886810303e-01,7.192544937133789062e-01,1.392525434494018555e+00,-1.647932291030883789e+00,2.971444427967071533e-01,3.994557857513427734e+00,2.897806167602539062e-01,8.851356360044728699e-01,8.851356360044728699e-01,8.851356360044728699e-01,8.851356360044728699e-01
-1.035050868988037109e+00,-2.823352217674255371e-01,-2.592722177505493164e-01,7.231503725051879883e-01,1.399286031723022461e+00,-1.654034256935119629e+00,2.975211739540100098e-01,4.011320590972900391e+00,2.892307043075561523e-01,8.923395735746315616e-01,8.923395735746315616e-01,8.923395735746315616e-01,8.923395735746315616e-01
-1.038332939147949219e+00,-2.840311825275421143e-01,-2.612728476524353027e-01,7.270636558532714844e-01,1.406025528907775879e+00,-1.660269260406494141e+00,2.977886199951171875e-01,4.028222560882568359e+00,2.887288331985473633e-01,8.993328942960099326e-01,8.993328942960099326e-01,8.993328942960099326e-01,8.993328942960099326e-01
-1.041663885116577148e+00,-2.857779264450073242e-01,-2.632589638233184814e-01,7.310342788696289062e-01,1.412804365158081055e+00,-1.666554808616638184e+00,2.980452775955200195e-01,4.045268058776855469e+00,2.882416546344757080e-01,9.061123581241437019e-01,9.061123581241437019e-01,9.061123581241437019e-01,9.061123581241437019e-01
-1.045012116432189941e+00,-2.875372171401977539e-01,-2.652482688426971436e-01,7.350372076034545898e-01,1.419590473175048828e+00,-1.672924399375915527e+00,2.982458472251892090e-01,4.062441825866699219e+00,2.877830564975738525e-01,9.126748483832685110e-01,9.126748483832685110e-01,9.126748483832685110e-01,9.126748483832685110e-01
-1.048390507698059082e+00,-2.893263697624206543e-01,-2.672329843044281006e-01,7.390800714492797852e-01,1.426398038864135742e+00,-1.679353952407836914e+00,2.984155416488647461e-01,4.079737663269042969e+00,2.873432636260986328e-01,9.190173728310252477e-01,9.190173728310252477e-01,9.190173728310252477e-01,9.190173728310252477e-01
-1.052909135818481445e+00,-2.917118668556213379e-01,-2.653367221355438232e-01,7.440280914306640625e-01,1.429734110832214355e+00,-1.690972805023193359e+00,2.952506840229034424e-01,4.099840164184570312e+00,2.924543619155883789e-01,9.251370646504600836e-01,9.251370646504600836e-01,9.251370646504600836e-01,9.251370646504600836e-01
-1.056823015213012695e+00,-2.939472794532775879e-01,-2.673777639865875244e-01,7.483415603637695312e-01,1.437448978424072266e+00,-1.696618437767028809e+00,2.966713011264801025e-01,4.117435455322265625e+00,2.914366126060485840e-01,9.310311833693210026e-01,9.310311833693210026e-01,9.310311833693210026e-01,9.310311833693210026e-01
-1.060098528861999512e+00,-2.953325510025024414e-01,-2.698172032833099365e-01,7.521864175796508789e-01,1.444379806518554688e+00,-1.703252315521240234e+00,2.969496548175811768e-01,4.134999752044677734e+00,2.908466160297393799e-01,9.366971157066958931e-01,9.366971157066958931e-01,9.366971157066958931e-01,9.366971157066958931e-01
-1.063736438751220703e+00,-2.971936166286468506e-01,-2.720390558242797852e-01,7.563204765319824219e-01,1.451672792434692383e+00,-1.709493517875671387e+00,2.977117598056793213e-01,4.152722358703613281e+00,2.901003062725067139e-01,9.421323763470784707e-01,9.421323763470784707e-01,9.421323763470784707e-01,9.421323763470784707e-01
-1.067213177680969238e+00,-2.988595366477966309e-01,-2.743367850780487061e-01,7.603532075881958008e-01,1.458763599395751953e+00,-1.716021776199340820e+00,2.981347143650054932e-01,4.170478343963623047e+00,2.894878089427947998e-01,9.473346086419861534e-01,9.473346086419861534e-01,9.473346086419861534e-01,9.473346086419861534e-01
-1.070787906646728516e+00,-3.006603717803955078e-01,-2.765679657459259033e-01,7.644759416580200195e-01,1.465929031372070312e+00,-1.722491502761840820e+00,2.986338436603546143e-01,4.188316822052001953e+00,2.888612747192382812e-01,9.523015852392626712e-01,9.523015852392626712e-01,9.523015852392626712e-01,9.523015852392626712e-01
-1.074329614639282227e+00,-3.024289011955261230e-01,-2.788043618202209473e-01,7.685898542404174805e-01,1.473028421401977539e+00,-1.729066133499145508e+00,2.990087568759918213e-01,4.206197738647460938e+00,2.882911562919616699e-01,9.570312086402968932e-01,9.570312086402968932e-01,9.570312086402968932e-01,9.570312086402968932e-01
-1.077900528907775879e+00,-3.042453527450561523e-01,-2.810114622116088867e-01,7.727402448654174805e-01,1.480129718780517578e+00,-1.735656976699829102e+00,2.993628382682800293e-01,4.224127769470214844e+00,2.877397239208221436e-01,9.615215116853785826e-01,9.615215116853785826e-01,9.615215116853785826e-01,9.615215116853785826e-01
-1.081467628479003906e+00,-3.060671389102935791e-01,-2.832072377204895020e-01,7.769005894660949707e-01,1.487196326255798340e+00,-1.742300152778625488e+00,2.996502518653869629e-01,4.242089271545410156e+00,2.872231602668762207e-01,9.657706579674518732e-01,9.657706579674518732e-01,9.657706579674518732e-01,9.657706579674518732e-01
-1.085044503211975098e+00,-3.079126477241516113e-01,-2.853839993476867676e-01,7.810797095298767090e-01,1.494243144989013672e+00,-1.748970150947570801e+00,2.998970448970794678e-01,4.260076045989990234e+00,2.867307960987091064e-01,9.697769421745812135e-01,9.697769421745812135e-01,9.697769421745812135e-01,9.697769421745812135e-01
-1.089425683021545410e+00,-3.107189536094665527e-01,-2.829230427742004395e-01,7.860691547393798828e-01,1.496818065643310547e+00,-1.761082649230957031e+00,2.957219183444976807e-01,4.279961585998535156e+00,2.925130426883697510e-01,9.735387903614769467e-01,9.735387903614769467e-01,9.735387903614769467e-01,9.735387903614769467e-01
-1.093523383140563965e+00,-3.129387795925140381e-01,-2.851545810699462891e-01,7.905205488204956055e-01,1.504711508750915527e+00,-1.766865253448486328e+00,2.973154485225677490e-01,4.298061370849609375e+00,2.914117276668548584e-01,9.770547601504635526e-01,9.770547601504635526e-01,9.770547601504635526e-01,9.770547601504635526e-01
-1.096955418586730957e+00,-3.142885863780975342e-01,-2.877654135227203369e-01,7.944459319114685059e-01,1.511776685714721680e+00,-1.773616909980773926e+00,2.977546751499176025e-01,4.316024780273437500e+00,2.907661497592926025e-01,9.803235408622748004e-01,9.803235408622748004e-01,9.803235408622748004e-01,9.803235408622748004e-01
-1.100733041763305664e+00,-3.161355853080749512e-01,-2.901547551155090332e-01,7.986351251602172852e-01,1.519192099571228027e+00,-1.779923200607299805e+00,2.986706793308258057e-01,4.334055423736572266e+00,2.899458110332489014e-01,9.833439535771544282e-01,9.833439535771544282e-01,9.833439535771544282e-01,9.833439535771544282e-01
-1.104323863983154297e+00,-3.177720308303833008e-01,-2.926104068756103516e-01,8.026868700981140137e-01,1.526355624198913574e+00,-1.786495685577392578e+00,2.992293536663055420e-01,4.352021694183349609e+00,2.892741560935974121e-01,9.861149511267354173e-01,9.861149511267354173e-01,9.861149511267354173e-01,9.861149511267354173e-01
-1.107995986938476562e+00,-3.195504248142242432e-01,-2.949853837490081787e-01,8.068072795867919922e-01,1.533564329147338867e+00,-1.792967200279235840e+00,2.998588979244232178e-01,4.369975090026855469e+00,2.885858416557312012e-01,9.886356180171953500e-01,9.886356180171953500e-01,9.886356180171953500e-01,9.886356180171953500e-01
-1.111610412597656250e+00,-3.212859630584716797e-01,-2.973527312278747559e-01,8.108915090560913086e-01,1.540661573410034180e+00,-1.799516797065734863e+00,3.003470301628112793e-01,4.387874126434326172e+00,2.879639267921447754e-01,9.909051702842459619e-01,9.909051702842459619e-01,9.909051702842459619e-01,9.909051702842459619e-01
-1.115235209465026855e+00,-3.230679631233215332e-01,-2.996748983860015869e-01,8.149915933609008789e-01,1.547723174095153809e+00,-1.806045532226562500e+00,3.008073270320892334e-01,4.405725479125976562e+00,2.873635590076446533e-01,9.929229552805363124e-01,9.929229552805363124e-01,9.929229552805363124e-01,9.929229552805363124e-01
-1.118833303451538086e+00,-3.248468041419982910e-01,-3.019717633724212646e-01,8.190778493881225586e-01,1.554707169532775879e+00,-1.812596201896667480e+00,3.011878728866577148e-01,4.423510074615478516e+00,2.868053913116455078e-01,9.946884513960713159e-01,9.946884513960713159e-01,9.946884513960713159e-01,9.946884513960713159e-01
-1.122421383857727051e+00,-3.266443014144897461e-01,-3.042337894439697266e-01,8.231624364852905273e-01,1.561631917953491211e+00,-1.819139122962951660e+00,3.015210628509521484e-01,4.441224575042724609e+00,2.862761020660400391e-01,9.962012677122842330e-01,9.962012677122842330e-01,9.962012677122842330e-01,9.962012677122842330e-01
-1.126355767250061035e+00,-3.297945559024810791e-01,-3.011687994003295898e-01,8.279882669448852539e-01,1.563089966773986816e+00,-1.831218242645263672e+00,2.962531447410583496e-01,4.459748744964599609e+00,2.925848066806793213e-01,9.974611435904323642e-01,9.974611435904323642e-01,9.974611435904323642e-01,9.974611435904323642e-01
-1.130440592765808105e+00,-3.318901658058166504e-01,-3.034837841987609863e-01,8.323290944099426270e-01,1.570782184600830078e+00,-1.836794376373291016e+00,2.979980707168579102e-01,4.477388858795166016e+00,2.914344668388366699e-01,9.984679481950184954e-01,9.984679481950184954e-01,9.984679481950184954e-01,9.984679481950184954e-01
-1.133844614028930664e+00,-3.331126570701599121e-01,-3.061501681804656982e-01,8.361058235168457031e-01,1.577623128890991211e+00,-1.843297958374023438e+00,2.986017465591430664e-01,4.494792461395263672e+00,2.907537519931793213e-01,9.992216799529549665e-01,9.992216799529549665e-01,9.992216799529549665e-01,9.992216799529549665e-01
-1.137573003768920898e+00,-3.348439335823059082e-01,-3.085922300815582275e-01,8.401172161102294922e-01,1.584791898727416992e+00,-1.849315285682678223e+00,2.996670603752136230e-01,4.512174129486083984e+00,2.898876667022705078e-01,9.997224659492291998e-01,9.997224659492291998e-01,9.997224659492291998e-01,9.997224659492291998e-01
-1.141092061996459961e+00,-3.363523185253143311e-01,-3.110899925231933594e-01,8.439598679542541504e-01,1.591664552688598633e+00,-1.855574131011962891e+00,3.003606796264648438e-01,4.529398441314697266e+00,2.891818583011627197e-01,9.999705612598515092e-01,9.999705612598515092e-01,9.999705612598515092e-01,9.999705612598515092e-01
-1.144674539566040039e+00,-3.380066454410552979e-01,-3.134929537773132324e-01,8.478500843048095703e-01,1.598552227020263672e+00,-1.861692667007446289e+00,3.011191487312316895e-01,4.546517372131347656e+00,2.884585261344909668e-01,9.999663482228893230e-01,9.999663482228893230e-01,9.999663482228893230e-01,9.999663482228893230e-01
-1.148176550865173340e+00,-3.396082222461700439e-01,-3.158760070800781250e-01,8.516789674758911133e-01,1.605285882949829102e+00,-1.867861986160278320e+00,3.017233014106750488e-01,4.563488960266113281e+00,2.878092825412750244e-01,9.997103356484223768e-01,9.997103356484223768e-01,9.997103356484223768e-01,9.997103356484223768e-01
-1.151670336723327637e+00,-3.412546515464782715e-01,-3.181984722614288330e-01,8.555030822753906250e-01,1.611949086189270020e+00,-1.873975157737731934e+00,3.022931218147277832e-01,4.580320358276367188e+00,2.871850430965423584e-01,9.992031579682769671e-01,9.992031579682769671e-01,9.992031579682769671e-01,9.992031579682769671e-01
-1.155115485191345215e+00,-3.428891301155090332e-01,-3.204821050167083740e-01,8.592921495437622070e-01,1.618493914604187012e+00,-1.880081057548522949e+00,3.027721047401428223e-01,4.596992969512939453e+00,2.866090238094329834e-01,9.984455743264184502e-01,9.984455743264184502e-01,9.984455743264184502e-01,9.984455743264184502e-01
-1.158531546592712402e+00,-3.445375561714172363e-01,-3.227158486843109131e-01,8.630603551864624023e-01,1.624942541122436523e+00,-1.886146426200866699e+00,3.031965494155883789e-01,4.613504409790039062e+00,2.860662937164306641e-01,9.974384676109118164e-01,9.974384676109118164e-01,9.974384676109118164e-01,9.974384676109118164e-01
-1.161731719970703125e+00,-3.479309082031250000e-01,-3.190886378288269043e-01,8.675590753555297852e-01,1.625051259994506836e+00,-1.897652268409729004e+00,2.968126535415649414e-01,4.629663944244384766e+00,2.926662862300872803e-01,9.961828434283734879e-01,9.961828434283734879e-01,9.961828434283734879e-01,9.961828434283734879e-01
-1.165611267089843750e+00,-3.498034775257110596e-01,-3.213754594326019287e-01,8.715468645095825195e-01,1.632174015045166016e+00,-1.902703762054443359e+00,2.986746430397033691e-01,4.645926475524902344e+00,2.915111780166625977e-01,9.946798290218703542e-01,9.946798290218703542e-01,9.946798290218703542e-01,9.946798290218703542e-01
-1.168809413909912109e+00,-3.508214950561523438e-01,-3.239761590957641602e-01,8.749572634696960449e-01,1.638447999954223633e+00,-1.908616065979003906e+00,2.994342446327209473e-01,4.661866188049316406e+00,2.908219397068023682e-01,9.929306721332318286e-01,9.929306721332318286e-01,9.929306721332318286e-01,9.929306721332318286e-01
-1.172306656837463379e+00,-3.523460924625396729e-01,-3.263521790504455566e-01,8.785697221755981445e-01,1.645016670227050781e+00,-1.914016246795654297e+00,3.006317615509033203e-01,4.677697658538818359e+00,2.899461388587951660e-01,9.909367398107734592e-01,9.909367398107734592e-01,9.909367398107734592e-01,9.909367398107734592e-01
-1.175574183464050293e+00,-3.536369204521179199e-01,-3.287718594074249268e-01,8.819894194602966309e-01,1.651252746582031250e+00,-1.919631004333496094e+00,3.014509081840515137e-01,4.693284511566162109e+00,2.892375290393829346e-01,9.886995171634394008e-01,9.886995171634394008e-01,9.886995171634394008e-01,9.886995171634394008e-01
-1.178890347480773926e+00,-3.550770878791809082e-01,-3.310845196247100830e-01,8.854379653930664062e-01,1.657475948333740234e+00,-1.925069808959960938e+00,3.023306727409362793e-01,4.708684921264648438e+00,2.885111570358276367e-01,9.862206060624041370e-01,9.862206060624041370e-01,9.862206060624041370e-01,9.862206060624041370e-01
-1.182103633880615234e+00,-3.564531803131103516e-01,-3.333658576011657715e-01,8.888030052185058594e-01,1.663507342338562012e+00,-1.930534362792968750e+00,3.030447363853454590e-01,4.723853111267089844e+00,2.878650426864624023e-01,9.835017237911636290e-01,9.835017237911636290e-01,9.835017237911636290e-01,9.835017237911636290e-01
-1.185292482376098633e+00,-3.578721880912780762e-01,-3.355732858180999756e-01,8.921467065811157227e-01,1.669437646865844727e+00,-1.935910224914550781e+00,3.037220239639282227e-01,4.738799095153808594e+00,2.872458994388580322e-01,9.805447016452167874e-01,9.805447016452167874e-01,9.805447016452167874e-01,9.805447016452167874e-01
-1.188413381576538086e+00,-3.592707514762878418e-01,-3.377300500869750977e-01,8.954360485076904297e-01,1.675214529037475586e+00,-1.941252589225769043e+00,3.043000698089599609e-01,4.753506183624267578e+00,2.866796851158142090e-01,9.773514834823878727e-01,9.773514834823878727e-01,9.773514834823878727e-01,9.773514834823878727e-01
