X0,X1,X2,X3,X4,X5,Y0,Y1,Y2,U0,U1,U2,U3
4.616754502058029175e-02,-7.871880382299423218e-02,-1.168460771441459656e-01,-2.809800207614898682e-02,-9.588906913995742798e-02,-4.758176580071449280e-02,2.427648603916168213e-01,1.225803717970848083e-01,1.488478481769561768e-01,8.355378120435196232e-01,9.619454506498056334e-01,1.115753925001976121e+00,-1.209426353494199802e+00
4.990802332758903503e-02,-6.734088063240051270e-02,-1.139186546206474304e-01,-1.567698456346988678e-02,-8.972474187612533569e-02,-4.710617661476135254e-02,2.212376296520233154e-01,1.400748640298843384e-01,1.405383497476577759e-01,8.355378120435196232e-01,9.619454506498056334e-01,1.115753925001976121e+00,-1.209426353494199802e+00
5.286768078804016113e-02,-5.549673736095428467e-02,-1.102236956357955933e-01,-2.871463075280189514e-03,-8.427989482879638672e-02,-4.704098030924797058e-02,1.988741010427474976e-01,1.574831157922744751e-01,1.321630775928497314e-01,8.355378120435196232e-01,9.619454506498056334e-01,1.115753925001976121e+00,-1.209426353494199802e+00
5.520861595869064331e-02,-4.333242401480674744e-02,-1.060250774025917053e-01,1.016325224190950394e-02,-7.937183231115341187e-02,-4.729926586151123047e-02,1.758855879306793213e-01,1.747490763664245605e-01,1.238981112837791443e-01,8.355378120435196232e-01,9.619454506498056334e-01,1.115753925001976121e+00,-1.209426353494199802e+00
5.705700069665908813e-02,-3.095043636858463287e-02,-1.015075445175170898e-01,2.331122197210788727e-02,-7.486677914857864380e-02,-4.781682789325714111e-02,1.524319350719451904e-01,1.918319761753082275e-01,1.158494800329208374e-01,8.355378120435196232e-01,9.619454506498056334e-01,1.115753925001976121e+00,-1.209426353494199802e+00
3.289658576250076294e-02,3.097919747233390808e-02,-7.950601726770401001e-02,6.541587412357330322e-02,-6.674525886774063110e-02,-7.427415251731872559e-02,4.142913222312927246e-02,2.382262498140335083e-01,1.279295235872268677e-01,-2.316003705054160700e-02,-1.026550483535372704e+00,1.134574353725647855e+00,-7.117371816706272725e-01
2.125302702188491821e-02,3.595472499728202820e-02,-8.187788724899291992e-02,6.361266225576400757e-02,-6.529958546161651611e-02,-8.307886868715286255e-02,3.036185726523399353e-02,2.340678274631500244e-01,1.507000774145126343e-01,-2.316003705054160700e-02,-1.026550483535372704e+00,1.134574353725647855e+00,-7.117371816706272725e-01
1.066391542553901672e-02,4.074565321207046509e-02,-8.455245196819305420e-02,6.140506267547607422e-02,-6.351671367883682251e-02,-9.093567728996276855e-02,2.037859335541725159e-02,2.295265495777130127e-01,1.721591651439666748e-01,-2.316003705054160700e-02,-1.026550483535372704e+00,1.134574353725647855e+00,-7.117371816706272725e-01
8.161640726029872894e-04,4.531151801347732544e-02,-8.741274476051330566e-02,5.904546007513999939e-02,-6.144047901034355164e-02,-9.799541532993316650e-02,1.103045046329498291e-02,2.247623205184936523e-01,1.926006525754928589e-01,-2.316003705054160700e-02,-1.026550483535372704e+00,1.134574353725647855e+00,-7.117371816706272725e-01
-8.398442529141902924e-03,4.969060420989990234e-02,-9.034059196710586548e-02,5.663639307022094727e-02,-5.913992971181869507e-02,-1.043771803379058838e-01,2.135217189788818359e-03,2.198799252510070801e-01,2.120375931262969971e-01,-2.316003705054160700e-02,-1.026550483535372704e+00,1.134574353725647855e+00,-7.117371816706272725e-01
-1.705317571759223938e-02,5.391997098922729492e-02,-9.324605017900466919e-02,5.424451455473899841e-02,-5.667144805192947388e-02,-1.101773008704185486e-01,-6.431728601455688477e-03,2.149574458599090576e-01,2.304704487323760986e-01,-2.316003705054160700e-02,-1.026550483535372704e+00,1.134574353725647855e+00,-7.117371816706272725e-01
-2.520740404725074768e-02,5.802921578288078308e-02,-9.606377035379409790e-02,5.191744491457939148e-02,-5.407844856381416321e-02,-1.154743880033493042e-01,-1.476568356156349182e-02,2.100536823272705078e-01,2.479113787412643433e-01,-2.316003705054160700e-02,-1.026550483535372704e+00,1.134574353725647855e+00,-7.117371816706272725e-01
-3.291098773479461670e-02,6.204178929328918457e-02,-9.874748438596725464e-02,4.968905448913574219e-02,-5.139439925551414490e-02,-1.203329414129257202e-01,-2.294031903147697449e-02,2.052125334739685059e-01,2.643827795982360840e-01,-2.316003705054160700e-02,-1.026550483535372704e+00,1.134574353725647855e+00,-7.117371816706272725e-01
-4.020678624510765076e-02,6.597608327865600586e-02,-1.012655571103096008e-01,4.758318513631820679e-02,-4.864515736699104309e-02,-1.248061358928680420e-01,-3.101280145347118378e-02,2.004661858081817627e-01,2.799151837825775146e-01,-2.316003705054160700e-02,-1.026550483535372704e+00,1.134574353725647855e+00,-7.117371816706272725e-01
-4.713152721524238586e-02,6.984679400920867920e-02,-1.035973280668258667e-01,4.561572521924972534e-02,-4.585085064172744751e-02,-1.289381384849548340e-01,-3.902674838900566101e-02,1.958377957344055176e-01,2.945437729358673096e-01,-2.316003705054160700e-02,-1.026550483535372704e+00,1.134574353725647855e+00,-7.117371816706272725e-01
-6.447121500968933105e-02,4.233589023351669312e-02,-9.742885082960128784e-02,1.792337931692600250e-02,-3.144789487123489380e-02,-1.185219883918762207e-01,-2.495252527296543121e-02,1.279746592044830322e-01,2.997329831123352051e-01,-6.423935936729454621e-01,-1.503504064086051750e+00,-1.161052154998967634e+00,-1.460628843077400818e+00
-7.237571477890014648e-02,3.355750814080238342e-02,-8.971197903156280518e-02,1.072360901162028313e-03,-2.326823398470878601e-02,-1.125368550419807434e-01,-2.076527476310729980e-02,8.706630021333694458e-02,2.935295701026916504e-01,-6.423935936729454621e-01,-1.503504064086051750e+00,-1.161052154998967634e+00,-1.460628843077400818e+00
-8.019600063562393188e-02,2.500818297266960144e-02,-8.241861313581466675e-02,-1.622208207845687866e-02,-1.526449620723724365e-02,-1.061543971300125122e-01,-1.578579470515251160e-02,4.536123946309089661e-02,2.875474691390991211e-01,-6.423935936729454621e-01,-1.503504064086051750e+00,-1.161052154998967634e+00,-1.460628843077400818e+00
-8.807869255542755127e-02,1.654887571930885315e-02,-7.556357979774475098e-02,-3.377860039472579956e-02,-7.334210444241762161e-03,-9.946834295988082886e-02,-1.030251756310462952e-02,3.063775599002838135e-03,2.820712029933929443e-01,-6.423935936729454621e-01,-1.503504064086051750e+00,-1.161052154998967634e+00,-1.460628843077400818e+00
-9.601003676652908325e-02,8.145864121615886688e-03,-6.911066919565200806e-02,-5.153492093086242676e-02,5.553700029850006104e-04,-9.255424886941909790e-02,-4.389513283967971802e-03,-3.967750445008277893e-02,2.770835757255554199e-01,-6.423935936729454621e-01,-1.503504064086051750e+00,-1.161052154998967634e+00,-1.460628843077400818e+00
-1.039693281054496765e-01,-2.155656693503260612e-04,-6.301695853471755981e-02,-6.944724172353744507e-02,8.417539298534393311e-03,-8.547265082597732544e-02,1.903772354125976562e-03,-8.274541050195693970e-02,2.725360095500946045e-01,-6.423935936729454621e-01,-1.503504064086051750e+00,-1.161052154998967634e+00,-1.460628843077400818e+00
-1.119427755475044250e-01,-8.543301373720169067e-03,-5.724068731069564819e-02,-8.747920393943786621e-02,1.625643298029899597e-02,-7.827130705118179321e-02,8.533403277397155762e-03,-1.260470598936080933e-01,2.683807611465454102e-01,-6.423935936729454621e-01,-1.503504064086051750e+00,-1.161052154998967634e+00,-1.460628843077400818e+00
-1.199222654104232788e-01,-1.684163697063922882e-02,-5.174349993467330933e-02,-1.056002452969551086e-01,2.407112717628479004e-02,-7.098744809627532959e-02,1.546015590429306030e-02,-1.695082634687423706e-01,2.645748853683471680e-01,-6.423935936729454621e-01,-1.503504064086051750e+00,-1.161052154998967634e+00,-1.460628843077400818e+00
-1.279035508632659912e-01,-2.511277794837951660e-02,-4.649126902222633362e-02,-1.237851381301879883e-01,3.185819461941719055e-02,-6.364964693784713745e-02,2.264996618032455444e-02,-2.130700051784515381e-01,2.610807418823242188e-01,-6.423935936729454621e-01,-1.503504064086051750e+00,-1.161052154998967634e+00,-1.460628843077400818e+00
-1.358845531940460205e-01,-3.335764259099960327e-02,-4.145423322916030884e-02,-1.420133262872695923e-01,3.961296379566192627e-02,-5.627955868840217590e-02,3.007411956787109375e-02,-2.566847801208496094e-01,2.578655481338500977e-01,-6.423935936729454621e-01,-1.503504064086051750e+00,-1.161052154998967634e+00,-1.460628843077400818e+00
-1.255109906196594238e-01,1.888787839561700821e-03,-4.795404151082038879e-02,-1.318295001983642578e-01,5.767480283975601196e-02,-4.773022234439849854e-02,-9.909287095069885254e-03,-2.425109893083572388e-01,2.531822025775909424e-01,9.472572168801224324e-02,4.762990946829648298e-01,1.408240757190688530e+00,-1.377991819717379496e+00
-1.262117326259613037e-01,1.356443390250205994e-02,-4.675573483109474182e-02,-1.246628090739250183e-01,6.788752228021621704e-02,-4.644751548767089844e-02,-3.562778234481811523e-02,-2.367825508117675781e-01,2.529328465461730957e-01,9.472572168801224324e-02,4.762990946829648298e-01,1.408240757190688530e+00,-1.377991819717379496e+00
-1.277168691158294678e-01,2.573512308299541473e-02,-4.410549998283386230e-02,-1.167396530508995056e-01,7.695378363132476807e-02,-4.574051871895790100e-02,-6.270405650138854980e-02,-2.306871265172958374e-01,2.516518533229827881e-01,9.472572168801224324e-02,4.762990946829648298e-01,1.408240757190688530e+00,-1.377991819717379496e+00
-1.298014521598815918e-01,3.822404891252517700e-02,-4.042770713567733765e-02,-1.083123609423637390e-01,8.514575660228729248e-02,-4.546970129013061523e-02,-9.073989093303680420e-02,-2.243539392948150635e-01,2.496698647737503052e-01,9.472572168801224324e-02,4.762990946829648298e-01,1.408240757190688530e+00,-1.377991819717379496e+00
-1.323095560073852539e-01,5.089979618787765503e-02,-3.603112697601318359e-02,-9.955853223800659180e-02,9.266398102045059204e-02,-4.553190618753433228e-02,-1.194580793380737305e-01,-2.178765833377838135e-01,2.472368180751800537e-01,9.472572168801224324e-02,4.762990946829648298e-01,1.408240757190688530e+00,-1.377991819717379496e+00
-1.351290345191955566e-01,6.366755068302154541e-02,-3.113834746181964874e-02,-9.060586988925933838e-02,9.965548664331436157e-02,-4.585099220275878906e-02,-1.486589014530181885e-01,-2.113238722085952759e-01,2.445326298475265503e-01,9.472572168801224324e-02,4.762990946829648298e-01,1.408240757190688530e+00,-1.377991819717379496e+00
-1.381792128086090088e-01,7.645927369594573975e-02,-2.590921334922313690e-02,-8.154619485139846802e-02,1.062283664941787720e-01,-4.637049511075019836e-02,-1.781975477933883667e-01,-2.047464698553085327e-01,2.416854500770568848e-01,9.472572168801224324e-02,4.762990946829648298e-01,1.408240757190688530e+00,-1.377991819717379496e+00
-1.414019167423248291e-01,8.922655135393142700e-02,-2.045801840722560883e-02,-7.244559377431869507e-02,1.124624013900756836e-01,-4.704845324158668518e-02,-2.079688906669616699e-01,-1.981823444366455078e-01,2.387857735157012939e-01,9.472572168801224324e-02,4.762990946829648298e-01,1.408240757190688530e+00,-1.377991819717379496e+00
-1.447553783655166626e-01,1.019348204135894775e-01,-1.486619003117084503e-02,-6.335140764713287354e-02,1.184167191386222839e-01,-4.785342887043952942e-02,-2.378964871168136597e-01,-1.916598677635192871e-01,2.358968108892440796e-01,9.472572168801224324e-02,4.762990946829648298e-01,1.408240757190688530e+00,-1.377991819717379496e+00
-1.482094228267669678e-01,1.145597621798515320e-01,-9.191359393298625946e-03,-5.429759621620178223e-02,1.241354197263717651e-01,-4.876168817281723022e-02,-2.679248750209808350e-01,-1.852005422115325928e-01,2.330619990825653076e-01,9.472572168801224324e-02,4.762990946829648298e-01,1.408240757190688530e+00,-1.377991819717379496e+00
-1.393256485462188721e-01,1.250474154949188232e-01,-8.581832982599735260e-03,-2.623110823333263397e-02,1.146588921546936035e-01,-4.288754984736442566e-02,-2.868429422378540039e-01,-1.420232653617858887e-01,2.186806350946426392e-01,1.212431699122596962e+00,1.605730250134527415e+00,1.442465732325873606e+00,-8.794034077821669682e-01
-1.313039362430572510e-01,1.380653232336044312e-01,-3.199462778866291046e-03,-6.434612907469272614e-03,1.147186085581779480e-01,-4.184235632419586182e-02,-3.119425475597381592e-01,-1.107566505670547485e-01,2.009785622358322144e-01,1.212431699122596962e+00,1.605730250134527415e+00,1.442465732325873606e+00,-8.794034077821669682e-01
-1.237679943442344666e-01,1.511418372392654419e-01,2.266331575810909271e-03,1.326396316289901733e-02,1.144492179155349731e-01,-4.135091602802276611e-02,-3.372848629951477051e-01,-7.964455336332321167e-02,1.840300410985946655e-01,1.212431699122596962e+00,1.605730250134527415e+00,1.442465732325873606e+00,-8.794034077821669682e-01
-1.166867688298225403e-01,1.642335057258605957e-01,7.725186645984649658e-03,3.282320126891136169e-02,1.139321848750114441e-01,-4.133673012256622314e-02,-3.628175556659698486e-01,-4.875585064291954041e-02,1.679042428731918335e-01,1.212431699122596962e+00,1.605730250134527415e+00,1.442465732325873606e+00,-8.794034077821669682e-01
-1.100221052765846252e-01,1.773171424865722656e-01,1.311973482370376587e-02,5.220526829361915588e-02,1.132271513342857361e-01,-4.173689708113670349e-02,-3.884908556938171387e-01,-1.814805716276168823e-02,1.526140570640563965e-01,1.212431699122596962e+00,1.605730250134527415e+00,1.442465732325873606e+00,-8.794034077821669682e-01
-1.037427410483360291e-01,1.903778612613677979e-01,1.841339096426963806e-02,7.138288766145706177e-02,1.123805865645408630e-01,-4.249910265207290649e-02,-4.142719209194183350e-01,1.213258504867553711e-02,1.381525248289108276e-01,1.212431699122596962e+00,1.605730250134527415e+00,1.442465732325873606e+00,-8.794034077821669682e-01
-9.782386571168899536e-02,2.034061700105667114e-01,2.358436770737171173e-02,9.033730626106262207e-02,1.114290654659271240e-01,-4.357933253049850464e-02,-4.401420354843139648e-01,4.204855114221572876e-02,1.245012730360031128e-01,1.212431699122596962e+00,1.605730250134527415e+00,1.442465732325873606e+00,-8.794034077821669682e-01
-9.224566072225570679e-02,2.163962721824645996e-01,2.862132526934146881e-02,1.090561375021934509e-01,1.104017868638038635e-01,-4.494010657072067261e-02,-4.660921692848205566e-01,7.156916707754135132e-02,1.116342991590499878e-01,1.212431699122596962e+00,1.605730250134527415e+00,1.442465732325873606e+00,-8.794034077821669682e-01
-8.699208498001098633e-02,2.293445765972137451e-01,3.352025896310806274e-02,1.275317519903182983e-01,1.093221977353096008e-01,-4.654908925294876099e-02,-4.921196699142456055e-01,1.006687879562377930e-01,9.952044486999511719e-02,1.212431699122596962e+00,1.605730250134527415e+00,1.442465732325873606e+00,-8.794034077821669682e-01
-8.205002546310424805e-02,2.422488927841186523e-01,3.828249499201774597e-02,1.457599699497222900e-01,1.082089245319366455e-01,-4.837829247117042542e-02,-5.182264447212219238e-01,1.293262243270874023e-01,8.812616765499114990e-02,1.212431699122596962e+00,1.605730250134527415e+00,1.442465732325873606e+00,-8.794034077821669682e-01
-1.170040667057037354e-01,2.074616104364395142e-01,5.487732589244842529e-02,1.017454341053962708e-01,1.079881787300109863e-01,-6.555052101612091064e-02,-4.916735887527465820e-01,4.440148919820785522e-02,1.116634905338287354e-01,-4.232827403393172871e-01,-1.668999154322584610e+00,-8.059637678118779514e-01,-1.603044801891849724e+00
-1.308858096599578857e-01,1.994655877351760864e-01,6.109036505222320557e-02,8.339555561542510986e-02,1.135885491967201233e-01,-6.406610459089279175e-02,-4.892936944961547852e-01,9.350553154945373535e-04,1.171125024557113647e-01,-4.232827403393172871e-01,-1.668999154322584610e+00,-8.059637678118779514e-01,-1.603044801891849724e+00
-1.437672972679138184e-01,1.914654374122619629e-01,6.632451713085174561e-02,6.425681710243225098e-02,1.197666376829147339e-01,-6.169968470931053162e-02,-4.848158657550811768e-01,-4.318189620971679688e-02,1.223325580358505249e-01,-4.232827403393172871e-01,-1.668999154322584610e+00,-8.059637678118779514e-01,-1.603044801891849724e+00
-1.560768187046051025e-01,1.833539307117462158e-01,7.075876742601394653e-02,4.471843689680099487e-02,1.264234632253646851e-01,-5.863601714372634888e-02,-4.790049791336059570e-01,-8.769813179969787598e-02,1.276966780424118042e-01,-4.232827403393172871e-01,-1.668999154322584610e+00,-8.059637678118779514e-01,-1.603044801891849724e+00
-1.679308414459228516e-01,1.751529127359390259e-01,7.458294928073883057e-02,2.494237944483757019e-02,1.334257125854492188e-01,-5.501941591501235962e-02,-4.721834659576416016e-01,-1.324495077133178711e-01,1.331325173377990723e-01,-4.232827403393172871e-01,-1.668999154322584610e+00,-8.059637678118779514e-01,-1.603044801891849724e+00
-1.793969273567199707e-01,1.668921709060668945e-01,7.794849574565887451e-02,5.034865811467170715e-03,1.406659036874771118e-01,-5.096169561147689819e-02,-4.645723104476928711e-01,-1.773144751787185669e-01,1.385476738214492798e-01,-4.232827403393172871e-01,-1.668999154322584610e+00,-8.059637678118779514e-01,-1.603044801891849724e+00
-1.905274689197540283e-01,1.585970371961593628e-01,8.097192645072937012e-02,-1.492690108716487885e-02,1.480625271797180176e-01,-4.654937237501144409e-02,-4.563416540622711182e-01,-2.222018837928771973e-01,1.438716500997543335e-01,-4.232827403393172871e-01,-1.668999154322584610e+00,-8.059637678118779514e-01,-1.603044801891849724e+00
-2.013655304908752441e-01,1.502874791622161865e-01,8.374243974685668945e-02,-3.488604351878166199e-02,1.555548310279846191e-01,-4.184978827834129333e-02,-4.476249516010284424e-01,-2.670429348945617676e-01,1.490550786256790161e-01,-4.232827403393172871e-01,-1.668999154322584610e+00,-8.059637678118779514e-01,-1.603044801891849724e+00
-2.119471430778503418e-01,1.419796943664550781e-01,8.632814884185791016e-02,-5.480136722326278687e-02,1.630980074405670166e-01,-3.691528365015983582e-02,-4.385274052619934082e-01,-3.117869794368743896e-01,1.540646255016326904e-01,-4.232827403393172871e-01,-1.668999154322584610e+00,-8.059637678118779514e-01,-1.603044801891849724e+00
-2.223028838634490967e-01,1.336863040924072266e-01,8.878102153539657593e-02,-7.464335113763809204e-02,1.706592887639999390e-01,-3.178678452968597412e-02,-4.291316866874694824e-01,-3.563971519470214844e-01,1.588794291019439697e-01,-4.232827403393172871e-01,-1.668999154322584610e+00,-8.059637678118779514e-01,-1.603044801891849724e+00
-2.065684944391250610e-01,1.504728049039840698e-01,7.174250483512878418e-02,-4.369253292679786682e-02,1.450669765472412109e-01,-3.386376425623893738e-02,-4.258552491664886475e-01,-2.848258912563323975e-01,1.687524914741516113e-01,1.425370369907521528e+00,7.114847883320237765e-01,7.834158213783973812e-01,5.354435578820917474e-01
-1.985516548156738281e-01,1.524505615234375000e-01,6.538920849561691284e-02,-3.356957435607910156e-02,1.350803673267364502e-01,-3.519251570105552673e-02,-4.170142710208892822e-01,-2.572615742683410645e-01,1.697186678647994995e-01,1.425370369907521528e+00,7.114847883320237765e-01,7.834158213783973812e-01,5.354435578820917474e-01
-1.901406049728393555e-01,1.542052477598190308e-01,5.899133905768394470e-02,-2.340233698487281799e-02,1.256639957427978516e-01,-3.695638105273246765e-02,-4.081971645355224609e-01,-2.288629561662673950e-01,1.705591678619384766e-01,1.425370369907521528e+00,7.114847883320237765e-01,7.834158213783973812e-01,5.354435578820917474e-01
-1.815063953399658203e-01,1.558024883270263672e-01,5.264154821634292603e-02,-1.310696545988321304e-02,1.166472285985946655e-01,-3.911500796675682068e-02,-3.995915949344635010e-01,-1.997515112161636353e-01,1.713033020496368408e-01,1.425370369907521528e+00,7.114847883320237765e-01,7.834158213783973812e-01,5.354435578820917474e-01
-1.727355420589447021e-01,1.573062986135482788e-01,4.640045389533042908e-02,-2.655807882547378540e-03,1.079013124108314514e-01,-4.162598773837089539e-02,-3.912665843963623047e-01,-1.700414717197418213e-01,1.719264388084411621e-01,1.425370369907521528e+00,7.114847883320237765e-01,7.834158213783973812e-01,5.354435578820917474e-01
-1.638845205307006836e-01,1.587643623352050781e-01,4.030013829469680786e-02,7.959868758916854858e-03,9.933537989854812622e-02,-4.444780200719833374e-02,-3.832492828369140625e-01,-1.398326456546783447e-01,1.724157631397247314e-01,1.425370369907521528e+00,7.114847883320237765e-01,7.834158213783973812e-01,5.354435578820917474e-01
-1.549924612045288086e-01,1.602107733488082886e-01,3.435337170958518982e-02,1.873909868299961090e-02,9.088619798421859741e-02,-4.754127562046051025e-02,-3.755453824996948242e-01,-1.092114225029945374e-01,1.727713495492935181e-01,1.425370369907521528e+00,7.114847883320237765e-01,7.834158213783973812e-01,5.354435578820917474e-01
-1.460866034030914307e-01,1.616695970296859741e-01,2.856045402586460114e-02,2.967548370361328125e-02,8.251024782657623291e-02,-5.087047442793846130e-02,-3.681474924087524414e-01,-7.825195789337158203e-02,1.730017960071563721e-01,1.425370369907521528e+00,7.114847883320237765e-01,7.834158213783973812e-01,5.354435578820917474e-01
-1.371852457523345947e-01,1.631579399108886719e-01,2.291445434093475342e-02,4.075937345623970032e-02,7.417796552181243896e-02,-5.440295487642288208e-02,-3.610411286354064941e-01,-4.701779037714004517e-02,1.731194108724594116e-01,1.425370369907521528e+00,7.114847883320237765e-01,7.834158213783973812e-01,5.354435578820917474e-01
-1.283010840415954590e-01,1.646877378225326538e-01,1.740427128970623016e-02,5.198002606630325317e-02,6.586962193250656128e-02,-5.810996517539024353e-02,-3.542084097862243652e-01,-1.556336134672164917e-02,1.731388419866561890e-01,1.425370369907521528e+00,7.114847883320237765e-01,7.834158213783973812e-01,5.354435578820917474e-01
-1.154514253139495850e-01,1.696061491966247559e-01,2.468368597328662872e-02,6.024415791034698486e-02,9.525559842586517334e-02,-3.770549595355987549e-02,-3.849312067031860352e-01,-1.914254575967788696e-02,1.367249935865402222e-01,1.036995630174512906e+00,1.510271555898835549e+00,2.135303826497027546e-01,-1.573501193621936967e+00
-1.058110594749450684e-01,1.746922433376312256e-01,3.135398402810096741e-02,6.951674818992614746e-02,1.033905148506164551e-01,-3.056891635060310364e-02,-4.002131223678588867e-01,-8.863389492034912109e-03,1.111440360546112061e-01,1.036995630174512906e+00,1.510271555898835549e+00,2.135303826497027546e-01,-1.573501193621936967e+00
-9.767542034387588501e-02,1.803862452507019043e-01,3.917489200830459595e-02,7.904763519763946533e-02,1.101415157318115234e-01,-2.424733899533748627e-02,-4.170853495597839355e-01,6.353631615638732910e-04,8.591993153095245361e-02,1.036995630174512906e+00,1.510271555898835549e+00,2.135303826497027546e-01,-1.573501193621936967e+00
-9.080304950475692749e-02,1.864894628524780273e-01,4.769960790872573853e-02,8.860905468463897705e-02,1.158842593431472778e-01,-1.857496425509452820e-02,-4.350580275058746338e-01,9.289793670177459717e-03,6.140100583434104919e-02,1.036995630174512906e+00,1.510271555898835549e+00,2.135303826497027546e-01,-1.573501193621936967e+00
-8.499361574649810791e-02,1.928607821464538574e-01,5.661483854055404663e-02,9.803229570388793945e-02,1.208984032273292542e-01,-1.342924218624830246e-02,-4.537652730941772461e-01,1.706646382808685303e-02,3.779101371765136719e-02,1.036995630174512906e+00,1.510271555898835549e+00,2.135303826497027546e-01,-1.573501193621936967e+00
-8.009171485900878906e-02,1.993963718414306641e-01,6.570248305797576904e-02,1.072000488638877869e-01,1.253941059112548828e-01,-8.718983270227909088e-03,-4.729463458061218262e-01,2.395379543304443359e-02,1.521054655313491821e-02,1.036995630174512906e+00,1.510271555898835549e+00,2.135303826497027546e-01,-1.573501193621936967e+00
-7.597745954990386963e-02,2.060196399688720703e-01,7.481349259614944458e-02,1.160333305597305298e-01,1.295290440320968628e-01,-4.375552758574485779e-03,-4.924180507659912109e-01,2.995432913303375244e-02,-6.276704370975494385e-03,1.036995630174512906e+00,1.510271555898835549e+00,2.135303826497027546e-01,-1.573501193621936967e+00
-7.255771756172180176e-02,2.126743048429489136e-01,8.384846895933151245e-02,1.244807168841362000e-01,1.334210485219955444e-01,-3.464394249022006989e-04,-5.120521187782287598e-01,3.507922589778900146e-02,-2.664688974618911743e-02,1.036995630174512906e+00,1.510271555898835549e+00,2.135303826497027546e-01,-1.573501193621936967e+00
-6.975955516099929810e-02,2.193189859390258789e-01,9.274343401193618774e-02,1.325106322765350342e-01,1.371576189994812012e-01,3.409449942409992218e-03,-5.317599177360534668e-01,3.934466838836669922e-02,-4.590348899364471436e-02,1.036995630174512906e+00,1.510271555898835549e+00,2.135303826497027546e-01,-1.573501193621936967e+00
-6.752470880746841431e-02,2.259232401847839355e-01,1.014593839645385742e-01,1.401052772998809814e-01,1.408034116029739380e-01,6.924964021891355515e-03,-5.514802932739257812e-01,4.276955127716064453e-02,-6.406858563423156738e-02,1.036995630174512906e+00,1.510271555898835549e+00,2.135303826497027546e-01,-1.573501193621936967e+00
-9.521836787462234497e-02,2.252012342214584351e-01,1.076505631208419800e-01,1.133026406168937683e-01,1.248220503330230713e-01,-1.777215301990509033e-02,-5.435172915458679199e-01,1.374408602714538574e-03,-2.757041528820991516e-02,-6.057358986236615062e-01,-4.678593923429942292e-01,-5.314389288318954047e-02,-3.257503774507829464e-01
-1.098737567663192749e-01,2.247091978788375854e-01,1.059187129139900208e-01,1.030596345663070679e-01,1.260441392660140991e-01,-2.445293217897415161e-02,-5.480030179023742676e-01,-1.896944642066955566e-02,-2.988281659781932831e-03,-6.057358986236615062e-01,-4.678593923429942292e-01,-5.314389288318954047e-02,-3.257503774507829464e-01
-1.234063729643821716e-01,2.240082472562789917e-01,1.035265326499938965e-01,9.275092184543609619e-02,1.279856711626052856e-01,-3.016374632716178894e-02,-5.512374043464660645e-01,-3.902541100978851318e-02,2.074728161096572876e-02,-6.057358986236615062e-01,-4.678593923429942292e-01,-5.314389288318954047e-02,-3.257503774507829464e-01
-1.359501481056213379e-01,2.231873273849487305e-01,1.007318198680877686e-01,8.250702172517776489e-02,1.304188817739486694e-01,-3.507691249251365662e-02,-5.535411834716796875e-01,-5.870479345321655273e-02,4.348416253924369812e-02,-6.057358986236615062e-01,-4.678593923429942292e-01,-5.314389288318954047e-02,-3.257503774507829464e-01
-1.476323604583740234e-01,2.223011851310729980e-01,9.771791845560073853e-02,7.243143767118453979e-02,1.331861019134521484e-01,-3.932848945260047913e-02,-5.551862120628356934e-01,-7.794227451086044312e-02,6.516134738922119141e-02,-6.057358986236615062e-01,-4.678593923429942292e-01,-5.314389288318954047e-02,-3.257503774507829464e-01
-1.585580408573150635e-01,2.213882207870483398e-01,9.461796283721923828e-02,6.259646266698837280e-02,1.361753791570663452e-01,-4.302652180194854736e-02,-5.563836693763732910e-01,-9.669460356235504150e-02,8.575441688299179077e-02,-6.057358986236615062e-01,-4.678593923429942292e-01,-5.314389288318954047e-02,-3.257503774507829464e-01
-1.688134372234344482e-01,2.204764038324356079e-01,9.152837842702865601e-02,5.304998159408569336e-02,1.393069624900817871e-01,-4.625723138451576233e-02,-5.572950839996337891e-01,-1.149363368749618530e-01,1.052620783448219299e-01,-6.057358986236615062e-01,-4.678593923429942292e-01,-5.314389288318954047e-02,-3.257503774507829464e-01
-1.784705519676208496e-01,2.195857316255569458e-01,8.851828426122665405e-02,4.382192343473434448e-02,1.425242871046066284e-01,-4.908986762166023254e-02,-5.580432415008544922e-01,-1.326553672552108765e-01,1.236995160579681396e-01,-6.057358986236615062e-01,-4.678593923429942292e-01,-5.314389288318954047e-02,-3.257503774507829464e-01
-1.875900626182556152e-01,2.187308222055435181e-01,8.563648164272308350e-02,3.492876514792442322e-02,1.457875072956085205e-01,-5.158036202192306519e-02,-5.587217807769775391e-01,-1.498502939939498901e-01,1.410928368568420410e-01,-6.057358986236615062e-01,-4.678593923429942292e-01,-5.314389288318954047e-02,-3.257503774507829464e-01
-1.962241232395172119e-01,2.179220318794250488e-01,8.291643112897872925e-02,2.637738361954689026e-02,1.490687727928161621e-01,-5.377418175339698792e-02,-5.594010949134826660e-01,-1.665274053812026978e-01,1.574765592813491821e-01,-6.057358986236615062e-01,-4.678593923429942292e-01,-5.314389288318954047e-02,-3.257503774507829464e-01
-2.085497677326202393e-01,1.977263391017913818e-01,7.450684159994125366e-02,1.484818756580352783e-02,1.312375068664550781e-01,-6.191262602806091309e-02,-5.196612477302551270e-01,-1.783872544765472412e-01,1.880709677934646606e-01,3.911475096100326954e-01,-1.608837492552714910e+00,-5.309838518939407059e-01,1.050834155354350014e-01
-2.135590314865112305e-01,1.865379959344863892e-01,7.046879827976226807e-02,2.703299745917320251e-03,1.259794235229492188e-01,-6.417289376258850098e-02,-4.947122633457183838e-01,-1.946255713701248169e-01,2.004757672548294067e-01,3.911475096100326954e-01,-1.608837492552714910e+00,-5.309838518939407059e-01,1.050834155354350014e-01
-2.173257470130920410e-01,1.752119362354278564e-01,6.566250324249267578e-02,-9.958294220268726349e-03,1.214387267827987671e-01,-6.573821604251861572e-02,-4.681406617164611816e-01,-2.108259797096252441e-01,2.122005373239517212e-01,3.911475096100326954e-01,-1.608837492552714910e+00,-5.309838518939407059e-01,1.050834155354350014e-01
-2.203184366226196289e-01,1.636879295110702515e-01,6.029260531067848206e-02,-2.279745601117610931e-02,1.174366250634193420e-01,-6.675846874713897705e-02,-4.407226443290710449e-01,-2.268791496753692627e-01,2.235903590917587280e-01,3.911475096100326954e-01,-1.608837492552714910e+00,-5.309838518939407059e-01,1.050834155354350014e-01
-2.227028608322143555e-01,1.520098894834518433e-01,5.455400794744491577e-02,-3.568657115101814270e-02,1.137980595231056213e-01,-6.734549999237060547e-02,-4.127920866012573242e-01,-2.427428662776947021e-01,2.345948219299316406e-01,3.911475096100326954e-01,-1.608837492552714910e+00,-5.309838518939407059e-01,1.050834155354350014e-01
-2.245843410491943359e-01,1.402201056480407715e-01,4.859387129545211792e-02,-4.855154082179069519e-02,1.103925630450248718e-01,-6.758331507444381714e-02,-3.845648765563964844e-01,-2.583973407745361328e-01,2.451504021883010864e-01,3.911475096100326954e-01,-1.608837492552714910e+00,-5.309838518939407059e-01,1.050834155354350014e-01
-2.260429263114929199e-01,1.283502876758575439e-01,4.251939430832862854e-02,-6.134516373276710510e-02,1.071271523833274841e-01,-6.753535568714141846e-02,-3.561948537826538086e-01,-2.738362550735473633e-01,2.552164494991302490e-01,3.911475096100326954e-01,-1.608837492552714910e+00,-5.309838518939407059e-01,1.050834155354350014e-01
-2.271420210599899292e-01,1.164234355092048645e-01,3.640783578157424927e-02,-7.403812557458877563e-02,1.039363518357276917e-01,-6.724986433982849121e-02,-3.277929127216339111e-01,-2.890624701976776123e-01,2.647726535797119141e-01,3.911475096100326954e-01,-1.608837492552714910e+00,-5.309838518939407059e-01,1.050834155354350014e-01
-2.279327511787414551e-01,1.044557243585586548e-01,3.031441196799278259e-02,-8.661349117755889893e-02,1.007744967937469482e-01,-6.676390767097473145e-02,-2.994385957717895508e-01,-3.040844798088073730e-01,2.738133370876312256e-01,3.911475096100326954e-01,-1.608837492552714910e+00,-5.309838518939407059e-01,1.050834155354350014e-01
-2.284568101167678833e-01,9.245859831571578979e-02,2.427799068391323090e-02,-9.906335175037384033e-02,9.761020541191101074e-02,-6.610606610774993896e-02,-2.711882591247558594e-01,-3.189151585102081299e-01,2.823437154293060303e-01,3.911475096100326954e-01,-1.608837492552714910e+00,-5.309838518939407059e-01,1.050834155354350014e-01
-2.170467972755432129e-01,8.804736286401748657e-02,1.461336389183998108e-02,-8.868364244699478149e-02,9.066595882177352905e-02,-5.240459367632865906e-02,-2.558141052722930908e-01,-3.008040189743041992e-01,2.756992578506469727e-01,7.896449538819115821e-01,2.040322919216460140e-01,-1.241596936668112994e+00,9.309789952033160620e-01
-2.070411890745162964e-01,7.749955356121063232e-02,1.146786008030176163e-02,-9.031298756599426270e-02,8.263794332742691040e-02,-4.834124073386192322e-02,-2.274817824363708496e-01,-2.945811152458190918e-01,2.647927105426788330e-01,7.896449538819115821e-01,2.040322919216460140e-01,-1.241596936668112994e+00,9.309789952033160620e-01
-1.971644908189773560e-01,6.671938300132751465e-02,8.174053393304347992e-03,-9.211626648902893066e-02,7.459302991628646851e-02,-4.461844265460968018e-02,-1.991259902715682983e-01,-2.882713675498962402e-01,2.545468509197235107e-01,7.896449538819115821e-01,2.040322919216460140e-01,-1.241596936668112994e+00,9.309789952033160620e-01
-1.874068230390548706e-01,5.573879182338714600e-02,4.753498360514640808e-03,-9.408400207757949829e-02,6.648919731378555298e-02,-4.120655357837677002e-02,-1.707439124584197998e-01,-2.818934619426727295e-01,2.448904961347579956e-01,7.896449538819115821e-01,2.040322919216460140e-01,-1.241596936668112994e+00,9.309789952033160620e-01
-1.777660548686981201e-01,4.457728937268257141e-02,1.217205310240387917e-03,-9.620207548141479492e-02,5.829855054616928101e-02,-3.807813301682472229e-02,-1.423420608043670654e-01,-2.754590809345245361e-01,2.357824891805648804e-01,7.896449538819115821e-01,2.040322919216460140e-01,-1.241596936668112994e+00,9.309789952033160620e-01
-1.682379543781280518e-01,3.324932605028152466e-02,-2.428743522614240646e-03,-9.845799207687377930e-02,5.000126361846923828e-02,-3.520802035927772522e-02,-1.139246672391891479e-01,-2.689757943153381348e-01,2.271891087293624878e-01,7.896449538819115821e-01,2.040322919216460140e-01,-1.241596936668112994e+00,9.309789952033160620e-01
-1.588159501552581787e-01,2.176625654101371765e-02,-6.181084550917148590e-03,-1.008410081267356873e-01,4.158274456858634949e-02,-3.257346153259277344e-02,-8.549325168132781982e-02,-2.624476552009582520e-01,2.190805673599243164e-01,7.896449538819115821e-01,2.040322919216460140e-01,-1.241596936668112994e+00,9.309789952033160620e-01
-1.494918465614318848e-01,1.013710722327232361e-02,-1.003808341920375824e-02,-1.033416464924812317e-01,3.303231298923492432e-02,-3.015407919883728027e-02,-5.704795569181442261e-02,-2.558761239051818848e-01,2.114292979240417480e-01,7.896449538819115821e-01,2.040322919216460140e-01,-1.241596936668112994e+00,9.309789952033160620e-01
-1.402566432952880859e-01,-1.630783081054687500e-03,-1.399886421859264374e-02,-1.059511974453926086e-01,2.434192597866058350e-02,-2.793180942535400391e-02,-2.858870476484298706e-02,-2.492600232362747192e-01,2.042099386453628540e-01,7.896449538819115821e-01,2.040322919216460140e-01,-1.241596936668112994e+00,9.309789952033160620e-01
-1.311008930206298828e-01,-1.353143155574798584e-02,-1.806283369660377502e-02,-1.086615845561027527e-01,1.550545543432235718e-02,-2.589056827127933502e-02,-1.153498888015747070e-04,-2.425967603921890259e-01,1.973984241485595703e-01,7.896449538819115821e-01,2.040322919216460140e-01,-1.241596936668112994e+00,9.309789952033160620e-01
-1.089474558830261230e-01,1.814336329698562622e-02,-2.200627699494361877e-02,-9.733735024929046631e-02,4.646261781454086304e-02,-2.127578854560852051e-02,-4.179323464632034302e-02,-2.150079011917114258e-01,1.772934645414352417e-01,7.384660302159413714e-01,1.138346379919207285e+00,1.391051397659110345e+00,-1.126834902021937701e+00
-1.018272116780281067e-01,2.820527739822864532e-02,-2.388960495591163635e-02,-8.606283366680145264e-02,5.587596073746681213e-02,-2.051848173141479492e-02,-6.180341541767120361e-02,-1.939910948276519775e-01,1.727528423070907593e-01,7.384660302159413714e-01,1.138346379919207285e+00,1.391051397659110345e+00,-1.126834902021937701e+00
-9.652165323495864868e-02,3.920537605881690979e-02,-2.355092391371726990e-02,-7.347752898931503296e-02,6.341756880283355713e-02,-2.049537375569343567e-02,-8.440825343132019043e-02,-1.729335486888885498e-01,1.672407388687133789e-01,7.384660302159413714e-01,1.138346379919207285e+00,1.391051397659110345e+00,-1.126834902021937701e+00
-9.240821748971939087e-02,5.093387886881828308e-02,-2.163780108094215393e-02,-6.012793630361557007e-02,6.953649967908859253e-02,-2.101443521678447723e-02,-1.086353138089179993e-01,-1.519854515790939331e-01,1.609224975109100342e-01,7.384660302159413714e-01,1.138346379919207285e+00,1.391051397659110345e+00,-1.126834902021937701e+00
-8.917569369077682495e-02,6.316448748111724854e-02,-1.864882931113243103e-02,-4.631217569112777710e-02,7.459876686334609985e-02,-2.193941362202167511e-02,-1.339795887470245361e-01,-1.312258243560791016e-01,1.541493386030197144e-01,7.384660302159413714e-01,1.138346379919207285e+00,1.391051397659110345e+00,-1.126834902021937701e+00
-8.661408722400665283e-02,7.572595030069351196e-02,-1.494191121309995651e-02,-3.223139792680740356e-02,7.887598127126693726e-02,-2.317242696881294250e-02,-1.601053774356842041e-01,-1.107046008110046387e-01,1.471914052963256836e-01,7.384660302159413714e-01,1.138346379919207285e+00,1.391051397659110345e+00,-1.126834902021937701e+00
-8.457308262586593628e-02,8.849477767944335938e-02,-1.076936814934015274e-02,-1.802638173103332520e-02,8.256719261407852173e-02,-2.464292943477630615e-02,-1.867781132459640503e-01,-9.045451879501342773e-02,1.402360647916793823e-01,7.384660302159413714e-01,1.138346379919207285e+00,1.391051397659110345e+00,-1.126834902021937701e+00
-8.294419944286346436e-02,1.013827472925186157e-01,-6.307265255600214005e-03,-3.795763943344354630e-03,8.581849932670593262e-02,-2.630000934004783630e-02,-2.138331532478332520e-01,-7.049701362848281860e-02,1.334092766046524048e-01,7.384660302159413714e-01,1.138346379919207285e+00,1.391051397659110345e+00,-1.126834902021937701e+00
-8.164887130260467529e-02,1.143272966146469116e-01,-1.677108695730566978e-03,1.039168424904346466e-02,8.873692154884338379e-02,-2.810663357377052307e-02,-2.411550879478454590e-01,-5.084601044654846191e-02,1.267927736043930054e-01,7.384660302159413714e-01,1.138346379919207285e+00,1.391051397659110345e+00,-1.126834902021937701e+00
-8.063027262687683105e-02,1.272837519645690918e-01,3.038255497813224792e-03,2.448847517371177673e-02,9.140137583017349243e-02,-3.003557771444320679e-02,-2.686639130115509033e-01,-3.151053562760353088e-02,1.204378157854080200e-01,7.384660302159413714e-01,1.138346379919207285e+00,1.391051397659110345e+00,-1.126834902021937701e+00
-9.058374166488647461e-02,1.224045604467391968e-01,6.060055457055568695e-03,2.768494188785552979e-02,6.870196759700775146e-02,-4.109358415007591248e-02,-2.579205632209777832e-01,-2.394271269440650940e-02,1.325548738241195679e-01,3.624715251538782046e-01,8.314345949168319150e-01,2.526194565089072697e-01,3.537489360182692888e-01
-9.064364433288574219e-02,1.266424208879470825e-01,5.769903305917978287e-03,3.513530641794204712e-02,6.298058480024337769e-02,-4.526229202747344971e-02,-2.631397843360900879e-01,-8.811168372631072998e-03,1.355989277362823486e-01,3.624715251538782046e-01,8.314345949168319150e-01,2.526194565089072697e-01,3.537489360182692888e-01
-9.002256393432617188e-02,1.305889934301376343e-01,4.770126659423112869e-03,4.216077178716659546e-02,5.802181363105773926e-02,-4.913544282317161560e-02,-2.674328982830047607e-01,6.331689655780792236e-03,1.387989968061447144e-01,3.624715251538782046e-01,8.314345949168319150e-01,2.526194565089072697e-01,3.537489360182692888e-01
-8.893979340791702271e-02,1.343139857053756714e-01,3.284909762442111969e-03,4.894150793552398682e-02,5.363017320632934570e-02,-5.279707163572311401e-02,-2.711545825004577637e-01,2.152783796191215515e-02,1.421101093292236328e-01,3.624715251538782046e-01,8.314345949168319150e-01,2.526194565089072697e-01,3.537489360182692888e-01
-8.751477301120758057e-02,1.378869414329528809e-01,1.482241088524460793e-03,5.557869374752044678e-02,4.965269565582275391e-02,-5.630556493997573853e-02,-2.745082974433898926e-01,3.679518029093742371e-02,1.454379111528396606e-01,3.624715251538782046e-01,8.314345949168319150e-01,2.526194565089072697e-01,3.537489360182692888e-01
-8.583000302314758301e-02,1.413598805665969849e-01,-5.186944617889821529e-04,6.213951855897903442e-02,4.597695916891098022e-02,-5.970165878534317017e-02,-2.776323258876800537e-01,5.214105173945426941e-02,1.487116515636444092e-01,3.624715251538782046e-01,8.314345949168319150e-01,2.526194565089072697e-01,3.537489360182692888e-01
-8.394563943147659302e-02,1.447701454162597656e-01,-2.634437754750251770e-03,6.866979598999023438e-02,4.252116009593009949e-02,-6.301370263099670410e-02,-2.806233763694763184e-01,6.756639480590820312e-02,1.518844813108444214e-01,3.624715251538782046e-01,8.314345949168319150e-01,2.526194565089072697e-01,3.537489360182692888e-01
-8.190611004829406738e-02,1.481442898511886597e-01,-4.807190038263797760e-03,7.520034164190292358e-02,3.922597318887710571e-02,-6.626144051551818848e-02,-2.835488915443420410e-01,8.306816220283508301e-02,1.549271643161773682e-01,3.624715251538782046e-01,8.314345949168319150e-01,2.526194565089072697e-01,3.537489360182692888e-01
-7.974460721015930176e-02,1.515010595321655273e-01,-6.997450254857540131e-03,8.175157755613327026e-02,3.604832291603088379e-02,-6.945848464965820312e-02,-2.864553928375244141e-01,9.864091128110885620e-02,1.578231155872344971e-01,3.624715251538782046e-01,8.314345949168319150e-01,2.526194565089072697e-01,3.537489360182692888e-01
-7.748587429523468018e-02,1.548536270856857300e-01,-9.178577922284603119e-03,8.833639323711395264e-02,3.295700997114181519e-02,-7.261431962251663208e-02,-2.893742918968200684e-01,1.142778694629669189e-01,1.605640500783920288e-01,3.624715251538782046e-01,8.314345949168319150e-01,2.526194565089072697e-01,3.537489360182692888e-01
-8.235045522451400757e-02,1.371702700853347778e-01,-2.040196210145950317e-02,8.769275993108749390e-02,-5.233640782535076141e-03,-9.212511032819747925e-02,-2.389849722385406494e-01,1.389484256505966187e-01,1.920359730720520020e-01,1.666925486799843759e+00,-1.164448359117646437e+00,9.759078644544644243e-01,9.410154994644023274e-01
-7.978080213069915771e-02,1.312599778175354004e-01,-3.078015893697738647e-02,9.015200287103652954e-02,-2.114511094987392426e-02,-1.015648022294044495e-01,-2.144898474216461182e-01,1.612839847803115845e-01,2.094510942697525024e-01,1.666925486799843759e+00,-1.164448359117646437e+00,9.759078644544644243e-01,9.410154994644023274e-01
-7.604287564754486084e-02,1.247564032673835754e-01,-4.208526015281677246e-02,9.228170663118362427e-02,-3.600271046161651611e-02,-1.102825179696083069e-01,-1.887222826480865479e-01,1.838380694389343262e-01,2.264800965785980225e-01,1.666925486799843759e+00,-1.164448359117646437e+00,9.759078644544644243e-01,9.410154994644023274e-01
-7.134851068258285522e-02,1.178280264139175415e-01,-5.394950509071350098e-02,9.423661231994628906e-02,-5.015637725591659546e-02,-1.184384152293205261e-01,-1.620931327342987061e-01,2.066180706024169922e-01,2.428724765777587891e-01,1.666925486799843759e+00,-1.164448359117646437e+00,9.759078644544644243e-01,9.410154994644023274e-01
-6.588049232959747314e-02,1.105815991759300232e-01,-6.612128764390945435e-02,9.613187611103057861e-02,-6.384909898042678833e-02,-1.261487901210784912e-01,-1.349191963672637939e-01,2.296172380447387695e-01,2.585089206695556641e-01,1.666925486799843759e+00,-1.164448359117646437e+00,9.759078644544644243e-01,9.410154994644023274e-01
-5.978078767657279968e-02,1.030895859003067017e-01,-7.842687517404556274e-02,9.804252535104751587e-02,-7.725276052951812744e-02,-1.334981173276901245e-01,-1.074243634939193726e-01,2.528167366981506348e-01,2.733299732208251953e-01,1.666925486799843759e+00,-1.164448359117646437e+00,9.759078644544644243e-01,9.410154994644023274e-01
-5.315863713622093201e-02,9.540136158466339111e-02,-9.074739366769790649e-02,1.000136807560920715e-01,-9.048906713724136353e-02,-1.405479907989501953e-01,-7.976216077804565430e-02,2.761894464492797852e-01,2.873128652572631836e-01,1.666925486799843759e+00,-1.164448359117646437e+00,9.759078644544644243e-01,9.410154994644023274e-01
-4.609858989715576172e-02,8.754981309175491333e-02,-1.030030772089958191e-01,1.020693480968475342e-01,-1.036439612507820129e-01,-1.473435610532760620e-01,-5.203507095575332642e-02,2.997036576271057129e-01,3.004593253135681152e-01,1.666925486799843759e+00,-1.164448359117646437e+00,9.759078644544644243e-01,9.410154994644023274e-01
-3.866738453507423401e-02,7.955607026815414429e-02,-1.151421070098876953e-01,1.042193099856376648e-01,-1.167782694101333618e-01,-1.539181917905807495e-01,-2.430977672338485718e-02,3.233252465724945068e-01,3.127883672714233398e-01,1.666925486799843759e+00,-1.164448359117646437e+00,9.759078644544644243e-01,9.410154994644023274e-01
-3.091765008866786957e-02,7.143279910087585449e-02,-1.271324753761291504e-01,1.064633056521415710e-01,-1.299346983432769775e-01,-1.602968275547027588e-01,3.373168408870697021e-03,3.470197021961212158e-01,3.243291079998016357e-01,1.666925486799843759e+00,-1.164448359117646437e+00,9.759078644544644243e-01,9.410154994644023274e-01
-1.657270640134811401e-02,5.263652652502059937e-02,-1.300452649593353271e-01,1.160181984305381775e-01,-1.344850957393646240e-01,-1.444062590599060059e-01,2.430047839879989624e-02,3.615848422050476074e-01,3.026805818080902100e-01,1.149299007788745719e+00,1.004188591772986916e+00,-1.590972191123199098e+00,1.259817294772866747e+00
6.657217163592576981e-04,3.958131372928619385e-02,-1.312876790761947632e-01,1.194714307785034180e-01,-1.450953334569931030e-01,-1.382324248552322388e-01,5.366542935371398926e-02,3.787455260753631592e-01,2.796895205974578857e-01,1.149299007788745719e+00,1.004188591772986916e+00,-1.590972191123199098e+00,1.259817294772866747e+00
1.757808588445186615e-02,2.683101966977119446e-02,-1.324301213026046753e-01,1.226137876510620117e-01,-1.562347561120986938e-01,-1.326804459095001221e-01,8.287622779607772827e-02,3.957510590553283691e-01,2.573693394660949707e-01,1.149299007788745719e+00,1.004188591772986916e+00,-1.590972191123199098e+00,1.259817294772866747e+00
3.394288942217826843e-02,1.418287679553031921e-02,-1.336488127708435059e-01,1.256260573863983154e-01,-1.677417457103729248e-01,-1.276777088642120361e-01,1.116838306188583374e-01,4.126586318016052246e-01,2.362325191497802734e-01,1.149299007788745719e+00,1.004188591772986916e+00,-1.590972191123199098e+00,1.259817294772866747e+00
4.980247840285301208e-02,1.591227948665618896e-03,-1.350209712982177734e-01,1.285178065299987793e-01,-1.795454919338226318e-01,-1.231631115078926086e-01,1.401367485523223877e-01,4.294920861721038818e-01,2.163092344999313354e-01,1.149299007788745719e+00,1.004188591772986916e+00,-1.590972191123199098e+00,1.259817294772866747e+00
6.522192060947418213e-02,-1.096245273947715759e-02,-1.365921795368194580e-01,1.312851309776306152e-01,-1.916000992059707642e-01,-1.190879344940185547e-01,1.682979762554168701e-01,4.462749361991882324e-01,1.975580155849456787e-01,1.149299007788745719e+00,1.004188591772986916e+00,-1.590972191123199098e+00,1.259817294772866747e+00
8.025909960269927979e-02,-2.348849736154079437e-02,-1.383904367685317993e-01,1.339291334152221680e-01,-2.038726955652236938e-01,-1.154130920767784119e-01,1.962138414382934570e-01,4.630329608917236328e-01,1.799241006374359131e-01,1.149299007788745719e+00,1.004188591772986916e+00,-1.590972191123199098e+00,1.259817294772866747e+00
9.496278315782546997e-02,-3.599284589290618896e-02,-1.404318511486053467e-01,1.364564299583435059e-01,-2.163393348455429077e-01,-1.121068373322486877e-01,2.239150106906890869e-01,4.797931611537933350e-01,1.633495390415191650e-01,1.149299007788745719e+00,1.004188591772986916e+00,-1.590972191123199098e+00,1.259817294772866747e+00
1.093740016222000122e-01,-4.847810789942741394e-02,-1.427239179611206055e-01,1.388774812221527100e-01,-2.289827764034271240e-01,-1.091428697109222412e-01,2.514202594757080078e-01,4.965823292732238770e-01,1.477756947278976440e-01,1.149299007788745719e+00,1.004188591772986916e+00,-1.590972191123199098e+00,1.259817294772866747e+00
1.235275939106941223e-01,-6.094411388039588928e-02,-1.452679336071014404e-01,1.412051618099212646e-01,-2.417906373739242554e-01,-1.064989790320396423e-01,2.787394821643829346e-01,5.134264826774597168e-01,1.331441551446914673e-01,1.149299007788745719e+00,1.004188591772986916e+00,-1.590972191123199098e+00,1.259817294772866747e+00
1.433812379837036133e-01,-2.951286174356937408e-02,-1.518038660287857056e-01,1.481462121009826660e-01,-2.156608998775482178e-01,-1.070922166109085083e-01,2.495880722999572754e-01,5.380330681800842285e-01,1.211791336536407471e-01,1.924052441482243248e-01,1.678995498437416467e+00,7.678255987614396316e-01,-2.765593816845630659e-01
1.492113471031188965e-01,-1.675331220030784607e-02,-1.551990211009979248e-01,1.601912975311279297e-01,-2.075731009244918823e-01,-1.080636233091354370e-01,2.304849624633789062e-01,5.599223971366882324e-01,1.208795830607414246e-01,1.924052441482243248e-01,1.678995498437416467e+00,7.678255987614396316e-01,-2.765593816845630659e-01
1.534667611122131348e-01,-3.248802386224269867e-03,-1.567646116018295288e-01,1.735464185476303101e-01,-2.006991803646087646e-01,-1.097839623689651489e-01,2.090708315372467041e-01,5.821342468261718750e-01,1.200465857982635498e-01,1.924052441482243248e-01,1.678995498437416467e+00,7.678255987614396316e-01,-2.765593816845630659e-01
1.566571593284606934e-01,1.086994074285030365e-02,-1.569500714540481567e-01,1.877478212118148804e-01,-1.947947591543197632e-01,-1.120473220944404602e-01,1.860849559307098389e-01,6.044740676879882812e-01,1.186445876955986023e-01,1.924052441482243248e-01,1.678995498437416467e+00,7.678255987614396316e-01,-2.765593816845630659e-01
1.590456366539001465e-01,2.543860673904418945e-02,-1.561196297407150269e-01,2.025303840637207031e-01,-1.896416991949081421e-01,-1.147059202194213867e-01,1.619291603565216064e-01,6.268202066421508789e-01,1.168423369526863098e-01,1.924052441482243248e-01,1.678995498437416467e+00,7.678255987614396316e-01,-2.765593816845630659e-01
1.608164906501770020e-01,4.032546654343605042e-02,-1.545469462871551514e-01,2.177065908908843994e-01,-1.850706636905670166e-01,-1.176518350839614868e-01,1.368827223777770996e-01,6.490882635116577148e-01,1.147856712341308594e-01,1.924052441482243248e-01,1.678995498437416467e+00,7.678255987614396316e-01,-2.765593816845630659e-01
1.621072590351104736e-01,5.543041974306106567e-02,-1.524345427751541138e-01,2.331382036209106445e-01,-1.809525340795516968e-01,-1.208063513040542603e-01,1.111511439085006714e-01,6.712180376052856445e-01,1.125820428133010864e-01,1.924052441482243248e-01,1.678995498437416467e+00,7.678255987614396316e-01,-2.765593816845630659e-01
1.630216538906097412e-01,7.067792862653732300e-02,-1.499314755201339722e-01,2.487229704856872559e-01,-1.771890074014663696e-01,-1.241123527288436890e-01,8.488735556602478027e-02,6.931673288345336914e-01,1.103081554174423218e-01,1.924052441482243248e-01,1.678995498437416467e+00,7.678255987614396316e-01,-2.765593816845630659e-01
1.636379361152648926e-01,8.601088076829910278e-02,-1.471468806266784668e-01,2.643850743770599365e-01,-1.737051755189895630e-01,-1.275286376476287842e-01,5.820581316947937012e-02,7.149066925048828125e-01,1.080183908343315125e-01,1.924052441482243248e-01,1.678995498437416467e+00,7.678255987614396316e-01,-2.765593816845630659e-01
1.640150845050811768e-01,1.013860478997230530e-01,-1.441601812839508057e-01,2.800685763359069824e-01,-1.704439371824264526e-01,-1.310255825519561768e-01,3.119179606437683105e-02,7.364161014556884766e-01,1.057504117488861084e-01,1.924052441482243248e-01,1.678995498437416467e+00,7.678255987614396316e-01,-2.765593816845630659e-01
1.506460607051849365e-01,9.249522536993026733e-02,-1.309180855751037598e-01,2.834979891777038574e-01,-1.812932640314102173e-01,-1.337666809558868408e-01,2.542547881603240967e-02,7.272442579269409180e-01,1.026392653584480286e-01,-1.503102640293977055e-01,1.423175368089514281e+00,-1.339543465192630345e+00,7.561052090248181479e-01
1.513610780239105225e-01,9.260727465152740479e-02,-1.272299587726593018e-01,2.876962125301361084e-01,-1.848312616348266602e-01,-1.342849880456924438e-01,2.329531311988830566e-02,7.324573397636413574e-01,9.643983095884323120e-02,-1.503102640293977055e-01,1.423175368089514281e+00,-1.339543465192630345e+00,7.561052090248181479e-01
1.526487767696380615e-01,9.265997260808944702e-02,-1.242987364530563354e-01,2.911365032196044922e-01,-1.879288256168365479e-01,-1.344737708568572998e-01,2.233272790908813477e-02,7.371906042098999023e-01,9.052093327045440674e-02,-1.503102640293977055e-01,1.423175368089514281e+00,-1.339543465192630345e+00,7.561052090248181479e-01
1.541900932788848877e-01,9.258875995874404907e-02,-1.219965517520904541e-01,2.941043674945831299e-01,-1.906285434961318970e-01,-1.344421505928039551e-01,2.205386757850646973e-02,7.415863275527954102e-01,8.514227718114852905e-02,-1.503102640293977055e-01,1.423175368089514281e+00,-1.339543465192630345e+00,7.561052090248181479e-01
1.558843255043029785e-01,9.241853654384613037e-02,-1.201889365911483765e-01,2.967233061790466309e-01,-1.930055320262908936e-01,-1.342677474021911621e-01,2.225196361541748047e-02,7.457313537597656250e-01,8.026302605867385864e-02,-1.503102640293977055e-01,1.423175368089514281e+00,-1.339543465192630345e+00,7.561052090248181479e-01
1.576747298240661621e-01,9.217923879623413086e-02,-1.187671869993209839e-01,2.990745902061462402e-01,-1.951253414154052734e-01,-1.340063959360122681e-01,2.279174327850341797e-02,7.496867179870605469e-01,7.581529766321182251e-02,-1.503102640293977055e-01,1.423175368089514281e+00,-1.339543465192630345e+00,7.561052090248181479e-01
1.595205962657928467e-01,9.189538657665252686e-02,-1.176472753286361694e-01,3.012185096740722656e-01,-1.970403790473937988e-01,-1.336982548236846924e-01,2.357265353202819824e-02,7.534965276718139648e-01,7.174087315797805786e-02,-1.503102640293977055e-01,1.423175368089514281e+00,-1.339543465192630345e+00,7.561052090248181479e-01
1.613918542861938477e-01,9.158601611852645874e-02,-1.167644634842872620e-01,3.032009601593017578e-01,-1.987920254468917847e-01,-1.333719789981842041e-01,2.451935410499572754e-02,7.571932077407836914e-01,6.799191236495971680e-02,-1.503102640293977055e-01,1.423175368089514281e+00,-1.339543465192630345e+00,7.561052090248181479e-01
1.632658541202545166e-01,9.126552194356918335e-02,-1.160691529512405396e-01,3.050570487976074219e-01,-2.004125267267227173e-01,-1.330475211143493652e-01,2.557450532913208008e-02,7.608004808425903320e-01,6.453005224466323853e-02,-1.503102640293977055e-01,1.423175368089514281e+00,-1.339543465192630345e+00,7.561052090248181479e-01
1.651259958744049072e-01,9.094489365816116333e-02,-1.155230700969696045e-01,3.068135678768157959e-01,-2.019271999597549438e-01,-1.327385306358337402e-01,2.669531106948852539e-02,7.643353343009948730e-01,6.132366880774497986e-02,-1.503102640293977055e-01,1.423175368089514281e+00,-1.339543465192630345e+00,7.561052090248181479e-01
1.495271921157836914e-01,6.117170304059982300e-02,-1.214033216238021851e-01,2.797568738460540771e-01,-2.297036200761795044e-01,-1.487090438604354858e-01,8.304326236248016357e-02,7.372894287109375000e-01,9.478190541267395020e-02,1.336998676598551671e-02,-1.482550607954520761e+00,-1.347101690544095343e+00,1.017998148936121394e+00
1.413991451263427734e-01,4.546675086021423340e-02,-1.270900368690490723e-01,2.639914155006408691e-01,-2.391940057277679443e-01,-1.555141061544418335e-01,1.113080680370330811e-01,7.202109098434448242e-01,1.155375018715858459e-01,1.336998676598551671e-02,-1.482550607954520761e+00,-1.347101690544095343e+00,1.017998148936121394e+00
1.347469091415405273e-01,2.902704663574695587e-02,-1.340062916278839111e-01,2.473918050527572632e-01,-2.481326758861541748e-01,-1.609000116586685181e-01,1.420491784811019897e-01,7.025660276412963867e-01,1.355818808078765869e-01,1.336998676598551671e-02,-1.482550607954520761e+00,-1.347101690544095343e+00,1.017998148936121394e+00
1.293627619743347168e-01,1.195053849369287491e-02,-1.418078690767288208e-01,2.301899492740631104e-01,-2.567230463027954102e-01,-1.651451289653778076e-01,1.747301816940307617e-01,6.845486760139465332e-01,1.547994464635848999e-01,1.336998676598551671e-02,-1.482550607954520761e+00,-1.347101690544095343e+00,1.017998148936121394e+00
1.250686347484588623e-01,-5.685302428901195526e-03,-1.502283811569213867e-01,2.125624567270278931e-01,-2.651177346706390381e-01,-1.684666126966476440e-01,2.089112401008605957e-01,6.662970781326293945e-01,1.731248348951339722e-01,1.336998676598551671e-02,-1.482550607954520761e+00,-1.347101690544095343e+00,1.017998148936121394e+00
1.217150986194610596e-01,-2.381729334592819214e-02,-1.590619087219238281e-01,1.946403086185455322e-01,-2.734308540821075439e-01,-1.710335165262222290e-01,2.442393600940704346e-01,6.479062438011169434e-01,1.905242055654525757e-01,1.336998676598551671e-02,-1.482550607954520761e+00,-1.347101690544095343e+00,1.017998148936121394e+00
1.191765367984771729e-01,-4.239338263869285583e-02,-1.681507527828216553e-01,1.765186488628387451e-01,-2.817468345165252686e-01,-1.729769408702850342e-01,2.804330587387084961e-01,6.294369101524353027e-01,2.069873809814453125e-01,1.336998676598551671e-02,-1.482550607954520761e+00,-1.347101690544095343e+00,1.017998148936121394e+00
1.173477694392204285e-01,-6.137052550911903381e-02,-1.773751378059387207e-01,1.582648903131484985e-01,-2.901272773742675781e-01,-1.743985414505004883e-01,3.172696232795715332e-01,6.109242439270019531e-01,2.225207984447479248e-01,1.336998676598551671e-02,-1.482550607954520761e+00,-1.347101690544095343e+00,1.017998148936121394e+00
1.161401420831680298e-01,-8.071288466453552246e-02,-1.866454631090164185e-01,1.399256587028503418e-01,-2.986160218715667725e-01,-1.753771007061004639e-01,3.545724153518676758e-01,5.923848748207092285e-01,2.371439933776855469e-01,1.336998676598551671e-02,-1.482550607954520761e+00,-1.347101690544095343e+00,1.017998148936121394e+00
1.154791489243507385e-01,-1.003904119133949280e-01,-1.958958506584167480e-01,1.215316802263259888e-01,-3.072434067726135254e-01,-1.759737282991409302e-01,3.922024965286254883e-01,5.738229155540466309e-01,2.508858442306518555e-01,1.336998676598551671e-02,-1.482550607954520761e+00,-1.347101690544095343e+00,1.017998148936121394e+00
1.401198059320449829e-01,-9.407193213701248169e-02,-2.234863936901092529e-01,1.377214342355728149e-01,-3.232154250144958496e-01,-1.699118167161941528e-01,4.138098061084747314e-01,6.265475749969482422e-01,2.592791914939880371e-01,1.047434323564668146e+00,7.473276439314125996e-01,-6.957444467749526740e-02,1.566291508608223637e+00
1.535362452268600464e-01,-9.991380572319030762e-02,-2.334846556186676025e-01,1.447664946317672729e-01,-3.360939621925354004e-01,-1.720253974199295044e-01,4.343640208244323730e-01,6.558262109756469727e-01,2.590198516845703125e-01,1.047434323564668146e+00,7.473276439314125996e-01,-6.957444467749526740e-02,1.566291508608223637e+00
1.665483415126800537e-01,-1.055938079953193665e-01,-2.428896129131317139e-01,1.523749828338623047e-01,-3.492392897605895996e-01,-1.746632158756256104e-01,4.539270401000976562e-01,6.855949759483337402e-01,2.586089968681335449e-01,1.047434323564668146e+00,7.473276439314125996e-01,-6.957444467749526740e-02,1.566291508608223637e+00
1.793020665645599365e-01,-1.111004874110221863e-01,-2.518196105957031250e-01,1.603882014751434326e-01,-3.626351356506347656e-01,-1.777141243219375610e-01,4.727808237075805664e-01,7.157171964645385742e-01,2.579838931560516357e-01,1.047434323564668146e+00,7.473276439314125996e-01,-6.957444467749526740e-02,1.566291508608223637e+00
1.918534934520721436e-01,-1.164597794413566589e-01,-2.603834867477416992e-01,1.687221676111221313e-01,-3.762525320053100586e-01,-1.810938566923141479e-01,4.910756349563598633e-01,7.460966110229492188e-01,2.571939826011657715e-01,1.047434323564668146e+00,7.473276439314125996e-01,-6.957444467749526740e-02,1.566291508608223637e+00
2.042412757873535156e-01,-1.216973066329956055e-01,-2.686692476272583008e-01,1.773157715797424316e-01,-3.900660574436187744e-01,-1.847369372844696045e-01,5.089194178581237793e-01,7.766603231430053711e-01,2.562885582447052002e-01,1.047434323564668146e+00,7.473276439314125996e-01,-6.957444467749526740e-02,1.566291508608223637e+00
2.164966166019439697e-01,-1.268342435359954834e-01,-2.767463922500610352e-01,1.861215382814407349e-01,-4.040549099445343018e-01,-1.885924041271209717e-01,5.263955593109130859e-01,8.073523044586181641e-01,2.553060352802276611e-01,1.047434323564668146e+00,7.473276439314125996e-01,-6.957444467749526740e-02,1.566291508608223637e+00
2.286446839570999146e-01,-1.318881511688232422e-01,-2.846698164939880371e-01,1.951024979352951050e-01,-4.182024300098419189e-01,-1.926207691431045532e-01,5.435694456100463867e-01,8.381297588348388672e-01,2.542758584022521973e-01,1.047434323564668146e+00,7.473276439314125996e-01,-6.957444467749526740e-02,1.566291508608223637e+00
2.407055199146270752e-01,-1.368741691112518311e-01,-2.924827933311462402e-01,2.042303085327148438e-01,-4.324952363967895508e-01,-1.967914700508117676e-01,5.604918599128723145e-01,8.689591884613037109e-01,2.532211840152740479e-01,1.047434323564668146e+00,7.473276439314125996e-01,-6.957444467749526740e-02,1.566291508608223637e+00
2.526957094669342041e-01,-1.418049931526184082e-01,-3.002195358276367188e-01,2.134828865528106689e-01,-4.469232559204101562e-01,-2.010809034109115601e-01,5.772032737731933594e-01,8.998156189918518066e-01,2.521592080593109131e-01,1.047434323564668146e+00,7.473276439314125996e-01,-6.957444467749526740e-02,1.566291508608223637e+00
2.585786581039428711e-01,-1.420641988515853882e-01,-2.996323704719543457e-01,2.044519782066345215e-01,-4.205119609832763672e-01,-1.951421499252319336e-01,5.655865073204040527e-01,8.833211064338684082e-01,2.432317137718200684e-01,1.042176419748026994e+00,-3.037414956785429720e-01,6.279244693724017612e-01,-1.332495610849989465e+00
2.641566693782806396e-01,-1.420873701572418213e-01,-2.979334592819213867e-01,2.056995481252670288e-01,-4.136176705360412598e-01,-1.924858093261718750e-01,5.615186095237731934e-01,8.854398727416992188e-01,2.336275875568389893e-01,1.042176419748026994e+00,-3.037414956785429720e-01,6.279244693724017612e-01,-1.332495610849989465e+00
2.684517502784729004e-01,-1.409856379032135010e-01,-2.950255274772644043e-01,2.076034545898437500e-01,-4.077763259410858154e-01,-1.900953948497772217e-01,5.562071204185485840e-01,8.872432708740234375e-01,2.237872779369354248e-01,1.042176419748026994e+00,-3.037414956785429720e-01,6.279244693724017612e-01,-1.332495610849989465e+00
2.716271877288818359e-01,-1.391113996505737305e-01,-2.913763523101806641e-01,2.100194990634918213e-01,-4.026666581630706787e-01,-1.878889203071594238e-01,5.498659014701843262e-01,8.887475728988647461e-01,2.141899764537811279e-01,1.042176419748026994e+00,-3.037414956785429720e-01,6.279244693724017612e-01,-1.332495610849989465e+00
2.739298939704895020e-01,-1.366632282733917236e-01,-2.872878313064575195e-01,2.127697318792343140e-01,-3.980798125267028809e-01,-1.858130097389221191e-01,5.427694916725158691e-01,8.899711370468139648e-01,2.049748301506042480e-01,1.042176419748026994e+00,-3.037414956785429720e-01,6.279244693724017612e-01,-1.332495610849989465e+00
2.755599915981292725e-01,-1.337812691926956177e-01,-2.829650044441223145e-01,2.157214581966400146e-01,-3.938640356063842773e-01,-1.838366091251373291e-01,5.351276397705078125e-01,8.909406661987304688e-01,1.962023973464965820e-01,1.042176419748026994e+00,-3.037414956785429720e-01,6.279244693724017612e-01,-1.332495610849989465e+00
2.766684293746948242e-01,-1.305683851242065430e-01,-2.785459756851196289e-01,2.187826037406921387e-01,-3.899079561233520508e-01,-1.819433122873306274e-01,5.270904302597045898e-01,8.916859626770019531e-01,1.878980547189712524e-01,1.042176419748026994e+00,-3.037414956785429720e-01,6.279244693724017612e-01,-1.332495610849989465e+00
2.773673832416534424e-01,-1.271006911993026733e-01,-2.741217017173767090e-01,2.218912243843078613e-01,-3.861298859119415283e-01,-1.801252961158752441e-01,5.187641978263854980e-01,8.922362327575683594e-01,1.800667643547058105e-01,1.042176419748026994e+00,-3.037414956785429720e-01,6.279244693724017612e-01,-1.332495610849989465e+00
2.777398228645324707e-01,-1.234343349933624268e-01,-2.697499990463256836e-01,2.250064462423324585e-01,-3.824707567691802979e-01,-1.783797740936279297e-01,5.102235078811645508e-01,8.926185369491577148e-01,1.727000474929809570e-01,1.042176419748026994e+00,-3.037414956785429720e-01,6.279244693724017612e-01,-1.332495610849989465e+00
2.778471112251281738e-01,-1.196110248565673828e-01,-2.654657363891601562e-01,2.281021475791931152e-01,-3.788880705833435059e-01,-1.767064481973648071e-01,5.015203356742858887e-01,8.928565979003906250e-01,1.657816767692565918e-01,1.042176419748026994e+00,-3.037414956785429720e-01,6.279244693724017612e-01,-1.332495610849989465e+00
2.698453664779663086e-01,-1.066879555583000183e-01,-2.684605419635772705e-01,2.471272200345993042e-01,-4.095310866832733154e-01,-1.990370154380798340e-01,5.029147863388061523e-01,9.345015287399291992e-01,1.887268722057342529e-01,1.195751813048217205e+00,-2.437622028846374578e-01,9.756867325951198433e-01,1.016866608373828695e+00
2.706567049026489258e-01,-1.050992980599403381e-01,-2.776997089385986328e-01,2.558390796184539795e-01,-4.250789284706115723e-01,-2.076159864664077759e-01,5.118567347526550293e-01,9.595088958740234375e-01,2.045803070068359375e-01,1.195751813048217205e+00,-2.437622028846374578e-01,9.756867325951198433e-01,1.016866608373828695e+00
2.730174064636230469e-01,-1.046082377433776855e-01,-2.877565622329711914e-01,2.639816999435424805e-01,-4.394752979278564453e-01,-2.158833891153335571e-01,5.220955014228820801e-01,9.848018884658813477e-01,2.196709215641021729e-01,1.195751813048217205e+00,-2.437622028846374578e-01,9.756867325951198433e-01,1.016866608373828695e+00
2.766071557998657227e-01,-1.048826128244400024e-01,-2.982429265975952148e-01,2.717337608337402344e-01,-4.531321227550506592e-01,-2.239192873239517212e-01,5.333176851272583008e-01,1.010308623313903809e+00,2.338151931762695312e-01,1.195751813048217205e+00,-2.437622028846374578e-01,9.756867325951198433e-01,1.016866608373828695e+00
2.811255455017089844e-01,-1.057297289371490479e-01,-3.089196979999542236e-01,2.792562842369079590e-01,-4.663208723068237305e-01,-2.317759543657302856e-01,5.452363491058349609e-01,1.035970211029052734e+00,2.470248639583587646e-01,1.195751813048217205e+00,-2.437622028846374578e-01,9.756867325951198433e-01,1.016866608373828695e+00
2.863492369651794434e-01,-1.070216447114944458e-01,-3.196356296539306641e-01,2.866577506065368652e-01,-4.792300760746002197e-01,-2.394844144582748413e-01,5.576517581939697266e-01,1.061732530593872070e+00,2.593460679054260254e-01,1.195751813048217205e+00,-2.437622028846374578e-01,9.756867325951198433e-01,1.016866608373828695e+00
2.921170592308044434e-01,-1.086712330579757690e-01,-3.302977681159973145e-01,2.940059900283813477e-01,-4.919921457767486572e-01,-2.470618635416030884e-01,5.704329013824462891e-01,1.087546348571777344e+00,2.708343863487243652e-01,1.195751813048217205e+00,-2.437622028846374578e-01,9.756867325951198433e-01,1.016866608373828695e+00
2.983130216598510742e-01,-1.106192693114280701e-01,-3.408522605895996094e-01,3.013409078121185303e-01,-5.047001838684082031e-01,-2.545171678066253662e-01,5.834965109825134277e-01,1.113367438316345215e+00,2.815477550029754639e-01,1.195751813048217205e+00,-2.437622028846374578e-01,9.756867325951198433e-01,1.016866608373828695e+00
3.048531711101531982e-01,-1.128259971737861633e-01,-3.512713313102722168e-01,3.086839020252227783e-01,-5.174198746681213379e-01,-2.618540227413177490e-01,5.967919826507568359e-01,1.139157891273498535e+00,2.915442585945129395e-01,1.195751813048217205e+00,-2.437622028846374578e-01,9.756867325951198433e-01,1.016866608373828695e+00
3.116764426231384277e-01,-1.152650117874145508e-01,-3.615442216396331787e-01,3.160441815853118896e-01,-5.301975607872009277e-01,-2.690736651420593262e-01,6.102904081344604492e-01,1.164885044097900391e+00,3.008797764778137207e-01,1.195751813048217205e+00,-2.437622028846374578e-01,9.756867325951198433e-01,1.016866608373828695e+00
3.076840043067932129e-01,-1.067715063691139221e-01,-3.772574961185455322e-01,3.016118407249450684e-01,-5.134104490280151367e-01,-2.792150378227233887e-01,6.076992750167846680e-01,1.154569268226623535e+00,3.329617083072662354e-01,-5.261935344535754178e-01,-4.524183645812502319e-01,1.285157123062782292e+00,-1.316464669288245626e-01
3.033537566661834717e-01,-1.007369160652160645e-01,-3.837751150131225586e-01,3.006406724452972412e-01,-5.044918656349182129e-01,-2.862294018268585205e-01,5.986076593399047852e-01,1.155883431434631348e+00,3.510092496871948242e-01,-5.261935344535754178e-01,-4.524183645812502319e-01,1.285157123062782292e+00,-1.316464669288245626e-01
2.981391847133636475e-01,-9.427234530448913574e-02,-3.887996971607208252e-01,3.002841472625732422e-01,-4.967817366123199463e-01,-2.928367853164672852e-01,5.887951254844665527e-01,1.156667470932006836e+00,3.677113056182861328e-01,-5.261935344535754178e-01,-4.524183645812502319e-01,1.285157123062782292e+00,-1.316464669288245626e-01
2.923591136932373047e-01,-8.759709447622299194e-02,-3.927325308322906494e-01,3.003289699554443359e-01,-4.899808466434478760e-01,-2.990024685859680176e-01,5.785660743713378906e-01,1.156977415084838867e+00,3.832729756832122803e-01,-5.261935344535754178e-01,-4.524183645812502319e-01,1.285157123062782292e+00,-1.316464669288245626e-01
2.862615287303924561e-01,-8.085644990205764771e-02,-3.958584666252136230e-01,3.006188571453094482e-01,-4.838683605194091797e-01,-3.047206401824951172e-01,5.681450963020324707e-01,1.156873464584350586e+00,3.978233933448791504e-01,-5.261935344535754178e-01,-4.524183645812502319e-01,1.285157123062782292e+00,-1.316464669288245626e-01
2.800249159336090088e-01,-7.414929568767547607e-02,-3.983807861804962158e-01,3.010483384132385254e-01,-4.782790541648864746e-01,-3.100038170814514160e-01,5.576854944229125977e-01,1.156414985656738281e+00,4.114607870578765869e-01,-5.261935344535754178e-01,-4.524183645812502319e-01,1.285157123062782292e+00,-1.316464669288245626e-01
2.737742960453033447e-01,-6.754138320684432983e-02,-4.004440903663635254e-01,3.015490472316741943e-01,-4.730896651744842529e-01,-3.148749470710754395e-01,5.472887754440307617e-01,1.155658602714538574e+00,4.242641329765319824e-01,-5.261935344535754178e-01,-4.524183645812502319e-01,1.285157123062782292e+00,-1.316464669288245626e-01
2.675953507423400879e-01,-6.107441708445549011e-02,-4.021506607532501221e-01,3.020782172679901123e-01,-4.682088792324066162e-01,-3.193622231483459473e-01,5.370197892189025879e-01,1.154656410217285156e+00,4.362976849079132080e-01,-5.261935344535754178e-01,-4.524183645812502319e-01,1.285157123062782292e+00,-1.316464669288245626e-01
2.615446746349334717e-01,-5.477311462163925171e-02,-4.035728275775909424e-01,3.026110231876373291e-01,-4.635691046714782715e-01,-3.234956264495849609e-01,5.269168615341186523e-01,1.153454065322875977e+00,4.476164579391479492e-01,-5.261935344535754178e-01,-4.524183645812502319e-01,1.285157123062782292e+00,-1.316464669288245626e-01
2.556581795215606689e-01,-4.864993691444396973e-02,-4.047614634037017822e-01,3.031343221664428711e-01,-4.591210186481475830e-01,-3.273050189018249512e-01,5.170007348060607910e-01,1.152091503143310547e+00,4.582672119140625000e-01,-5.261935344535754178e-01,-4.524183645812502319e-01,1.285157123062782292e+00,-1.316464669288245626e-01
2.467019259929656982e-01,-2.422623522579669952e-02,-4.075822532176971436e-01,3.163663446903228760e-01,-4.565781652927398682e-01,-3.380623757839202881e-01,4.884114265441894531e-01,1.170395374298095703e+00,4.779751598834991455e-01,-1.412870482890896673e+00,9.464712055738321306e-01,8.193721864520510101e-01,1.393782324383279425e+00
2.437163591384887695e-01,-1.443308033049106598e-02,-4.131308794021606445e-01,3.232599496841430664e-01,-4.554516673088073730e-01,-3.445482254028320312e-01,4.775983393192291260e-01,1.183320164680480957e+00,4.924917221069335938e-01,-1.412870482890896673e+00,9.464712055738321306e-01,8.193721864520510101e-01,1.393782324383279425e+00
2.409564256668090820e-01,-4.976768046617507935e-03,-4.182604253292083740e-01,3.303894400596618652e-01,-4.545091390609741211e-01,-3.509734869003295898e-01,4.669030010700225830e-01,1.196488618850708008e+00,5.061385631561279297e-01,-1.412870482890896673e+00,9.464712055738321306e-01,8.193721864520510101e-01,1.393782324383279425e+00
2.384770363569259644e-01,4.202004522085189819e-03,-4.230052530765533447e-01,3.376708030700683594e-01,-4.537851512432098389e-01,-3.573023676872253418e-01,4.564296305179595947e-01,1.209836483001708984e+00,5.188738107681274414e-01,-1.412870482890896673e+00,9.464712055738321306e-01,8.193721864520510101e-01,1.393782324383279425e+00
2.362681776285171509e-01,1.311894506216049194e-02,-4.274142384529113770e-01,3.450723886489868164e-01,-4.532859027385711670e-01,-3.635113835334777832e-01,4.462051391601562500e-01,1.223318576812744141e+00,5.307617187500000000e-01,-1.412870482890896673e+00,9.464712055738321306e-01,8.193721864520510101e-01,1.393782324383279425e+00
2.343176007270812988e-01,2.178334817290306091e-02,-4.315332770347595215e-01,3.525709509849548340e-01,-4.530101418495178223e-01,-3.695847392082214355e-01,4.362471997737884521e-01,1.236901044845581055e+00,5.418701171875000000e-01,-1.412870482890896673e+00,9.464712055738321306e-01,8.193721864520510101e-01,1.393782324383279425e+00
2.326156198978424072e-01,3.020299226045608521e-02,-4.354032576084136963e-01,3.601476550102233887e-01,-4.529530405998229980e-01,-3.755128383636474609e-01,4.265692234039306641e-01,1.250559091567993164e+00,5.522602796554565430e-01,-1.412870482890896673e+00,9.464712055738321306e-01,8.193721864520510101e-01,1.393782324383279425e+00
2.311544418334960938e-01,3.838501125574111938e-02,-4.390601813793182373e-01,3.677869737148284912e-01,-4.531078636646270752e-01,-3.812906742095947266e-01,4.171819686889648438e-01,1.264274239540100098e+00,5.619871616363525391e-01,-1.412870482890896673e+00,9.464712055738321306e-01,8.193721864520510101e-01,1.393782324383279425e+00
2.299273312091827393e-01,4.633619636297225952e-02,-4.425352811813354492e-01,3.754760324954986572e-01,-4.534669220447540283e-01,-3.869168460369110107e-01,4.080936610698699951e-01,1.278033256530761719e+00,5.710998177528381348e-01,-1.412870482890896673e+00,9.464712055738321306e-01,8.193721864520510101e-01,1.393782324383279425e+00
2.289281040430068970e-01,5.406329035758972168e-02,-4.458556175231933594e-01,3.832046985626220703e-01,-4.540221691131591797e-01,-3.923928141593933105e-01,3.993093967437744141e-01,1.291826844215393066e+00,5.796422362327575684e-01,-1.412870482890896673e+00,9.464712055738321306e-01,8.193721864520510101e-01,1.393782324383279425e+00
2.282433807849884033e-01,5.854524672031402588e-02,-4.364038407802581787e-01,3.823652565479278564e-01,-4.314817488193511963e-01,-3.786877095699310303e-01,3.740865290164947510e-01,1.273226618766784668e+00,5.630522370338439941e-01,-1.020067607246222474e+00,5.974273764119548691e-01,1.120630635970366606e+00,-8.350534958109947503e-01
2.277046740055084229e-01,6.809612363576889038e-02,-4.300757646560668945e-01,3.860597908496856689e-01,-4.171100854873657227e-01,-3.749414682388305664e-01,3.512473702430725098e-01,1.269897699356079102e+00,5.547724366188049316e-01,-1.020067607246222474e+00,5.974273764119548691e-01,1.120630635970366606e+00,-8.350534958109947503e-01
2.262036502361297607e-01,7.836706936359405518e-02,-4.227229952812194824e-01,3.904818594455718994e-01,-4.037949144840240479e-01,-3.716555833816528320e-01,3.271601498126983643e-01,1.266839265823364258e+00,5.463024377822875977e-01,-1.020067607246222474e+00,5.974273764119548691e-01,1.120630635970366606e+00,-8.350534958109947503e-01
2.238772511482238770e-01,8.917100727558135986e-02,-4.146898388862609863e-01,3.954744040966033936e-01,-3.913283348083496094e-01,-3.687168359756469727e-01,3.020391464233398438e-01,1.263974547386169434e+00,5.379249453544616699e-01,-1.020067607246222474e+00,5.974273764119548691e-01,1.120630635970366606e+00,-8.350534958109947503e-01
2.208954393863677979e-01,1.003867536783218384e-01,-4.062203764915466309e-01,4.008855223655700684e-01,-3.795559108257293701e-01,-3.660471439361572266e-01,2.761037051677703857e-01,1.261259555816650391e+00,5.297582745552062988e-01,-1.020067607246222474e+00,5.974273764119548691e-01,1.120630635970366606e+00,-8.350534958109947503e-01
2.174004018306732178e-01,1.119200289249420166e-01,-3.974934220314025879e-01,4.065984189510345459e-01,-3.683544695377349854e-01,-3.635940551757812500e-01,2.495267689228057861e-01,1.258671641349792480e+00,5.218735337257385254e-01,-1.020067607246222474e+00,5.974273764119548691e-01,1.120630635970366606e+00,-8.350534958109947503e-01
2.135057747364044189e-01,1.236956417560577393e-01,-3.886388540267944336e-01,4.125267267227172852e-01,-3.576256632804870605e-01,-3.613227605819702148e-01,2.224409580230712891e-01,1.256200790405273438e+00,5.143134593963623047e-01,-1.020067607246222474e+00,5.974273764119548691e-01,1.120630635970366606e+00,-8.350534958109947503e-01
2.093009054660797119e-01,1.356537342071533203e-01,-3.797492086887359619e-01,4.186070859432220459e-01,-3.472919464111328125e-01,-3.592104911804199219e-01,1.949466466903686523e-01,1.253844976425170898e+00,5.071023106575012207e-01,-1.020067607246222474e+00,5.974273764119548691e-01,1.120630635970366606e+00,-8.350534958109947503e-01
2.048555314540863037e-01,1.477468162775039673e-01,-3.708890676498413086e-01,4.247933328151702881e-01,-3.372927010059356689e-01,-3.572425246238708496e-01,1.671199500560760498e-01,1.251606583595275879e+00,5.002503991127014160e-01,-1.020067607246222474e+00,5.974273764119548691e-01,1.120630635970366606e+00,-8.350534958109947503e-01
2.002235352993011475e-01,1.599371582269668579e-01,-3.621021211147308350e-01,4.310519397258758545e-01,-3.275809884071350098e-01,-3.554092049598693848e-01,1.390174031257629395e-01,1.249487400054931641e+00,4.937586486339569092e-01,-1.020067607246222474e+00,5.974273764119548691e-01,1.120630635970366606e+00,-8.350534958109947503e-01
1.875566244125366211e-01,1.751537322998046875e-01,-3.606219589710235596e-01,4.333218634128570557e-01,-3.376119732856750488e-01,-3.712434768676757812e-01,1.256606280803680420e-01,1.256174325942993164e+00,5.140424370765686035e-01,-1.737463428319683700e+00,4.479086381886442925e-01,1.333894083594235003e+00,8.668790708829181568e-01
1.785802543163299561e-01,1.871590763330459595e-01,-3.628660440444946289e-01,4.397828876972198486e-01,-3.363255858421325684e-01,-3.800430893898010254e-01,1.062053143978118896e-01,1.264689445495605469e+00,5.329532027244567871e-01,-1.737463428319683700e+00,4.479086381886442925e-01,1.333894083594235003e+00,8.668790708829181568e-01
1.704830229282379150e-01,1.985455900430679321e-01,-3.653638660907745361e-01,4.460306167602539062e-01,-3.348879218101501465e-01,-3.882759213447570801e-01,8.780416846275329590e-02,1.273276805877685547e+00,5.509533286094665527e-01,-1.737463428319683700e+00,4.479086381886442925e-01,1.333894083594235003e+00,8.668790708829181568e-01
1.631805002689361572e-01,2.094049751758575439e-01,-3.680020570755004883e-01,4.521328508853912354e-01,-3.333893716335296631e-01,-3.960273861885070801e-01,7.033494114875793457e-02,1.281980037689208984e+00,5.680100917816162109e-01,-1.737463428319683700e+00,4.479086381886442925e-01,1.333894083594235003e+00,8.668790708829181568e-01
1.565802097320556641e-01,2.198011577129364014e-01,-3.707034587860107422e-01,4.581534266471862793e-01,-3.318938612937927246e-01,-4.033644199371337891e-01,5.367538332939147949e-02,1.290827751159667969e+00,5.841448903083801270e-01,-1.737463428319683700e+00,4.479086381886442925e-01,1.333894083594235003e+00,8.668790708829181568e-01
1.506035327911376953e-01,2.297861278057098389e-01,-3.734137415885925293e-01,4.641409516334533691e-01,-3.304496407508850098e-01,-4.103398323059082031e-01,3.772506117820739746e-02,1.299837350845336914e+00,5.993896126747131348e-01,-1.737463428319683700e+00,4.479086381886442925e-01,1.333894083594235003e+00,8.668790708829181568e-01
1.451851725578308105e-01,2.394029647111892700e-01,-3.760954141616821289e-01,4.701311886310577393e-01,-3.290927410125732422e-01,-4.169955849647521973e-01,2.240309119224548340e-02,1.309018135070800781e+00,6.137804388999938965e-01,-1.737463428319683700e+00,4.479086381886442925e-01,1.333894083594235003e+00,8.668790708829181568e-01
1.402706503868103027e-01,2.486879676580429077e-01,-3.787237405776977539e-01,4.761501848697662354e-01,-3.278495371341705322e-01,-4.233656525611877441e-01,7.644712924957275391e-03,1.318375349044799805e+00,6.273558735847473145e-01,-1.737463428319683700e+00,4.479086381886442925e-01,1.333894083594235003e+00,8.668790708829181568e-01
1.358145177364349365e-01,2.576720714569091797e-01,-3.812834024429321289e-01,4.822162985801696777e-01,-3.267387151718139648e-01,-4.294780194759368896e-01,-6.602138280868530273e-03,1.327909708023071289e+00,6.401557326316833496e-01,-1.737463428319683700e+00,4.479086381886442925e-01,1.333894083594235003e+00,8.668790708829181568e-01
1.317783147096633911e-01,2.663815915584564209e-01,-3.837659955024719238e-01,4.883425831794738770e-01,-3.257731497287750244e-01,-4.353561997413635254e-01,-2.037942409515380859e-02,1.337620258331298828e+00,6.522192955017089844e-01,-1.737463428319683700e+00,4.479086381886442925e-01,1.333894083594235003e+00,8.668790708829181568e-01
1.272590458393096924e-01,2.425248771905899048e-01,-3.766130208969116211e-01,4.842121005058288574e-01,-3.355969786643981934e-01,-4.258853793144226074e-01,-4.132390022277832031e-04,1.319192171096801758e+00,6.400419473648071289e-01,-7.515536618393671153e-01,-7.018962476176314746e-01,-1.534425027494213389e-01,2.881697954029247000e-01
1.269700676202774048e-01,2.346542626619338989e-01,-3.724463582038879395e-01,4.780577421188354492e-01,-3.382697403430938721e-01,-4.231860339641571045e-01,9.501218795776367188e-03,1.308180093765258789e+00,6.323977112770080566e-01,-7.515536618393671153e-01,-7.018962476176314746e-01,-1.534425027494213389e-01,2.881697954029247000e-01
1.267388463020324707e-01,2.267720997333526611e-01,-3.691125810146331787e-01,4.713338911533355713e-01,-3.404013514518737793e-01,-4.200734496116638184e-01,2.000501751899719238e-02,1.296520233154296875e+00,6.256877183914184570e-01,-7.515536618393671153e-01,-7.018962476176314746e-01,-1.534425027494213389e-01,2.881697954029247000e-01
1.265865564346313477e-01,2.188837081193923950e-01,-3.664300441741943359e-01,4.641540348529815674e-01,-3.420738875865936279e-01,-4.166880846023559570e-01,3.096216917037963867e-02,1.284383416175842285e+00,6.197028756141662598e-01,-7.515536618393671153e-01,-7.018962476176314746e-01,-1.534425027494213389e-01,2.881697954029247000e-01
1.264970302581787109e-01,2.109928578138351440e-01,-3.642541170120239258e-01,4.566206336021423340e-01,-3.433595597743988037e-01,-4.131314754486083984e-01,4.223319888114929199e-02,1.271889448165893555e+00,6.143097281455993652e-01,-7.515536618393671153e-01,-7.018962476176314746e-01,-1.534425027494213389e-01,2.881697954029247000e-01
1.264467239379882812e-01,2.031073719263076782e-01,-3.624686002731323242e-01,4.488161802291870117e-01,-3.443222939968109131e-01,-4.094760417938232422e-01,5.369979143142700195e-02,1.259123086929321289e+00,6.094076633453369141e-01,-7.515536618393671153e-01,-7.018962476176314746e-01,-1.534425027494213389e-01,2.881697954029247000e-01
1.264112591743469238e-01,1.952377408742904663e-01,-3.609812557697296143e-01,4.408048093318939209e-01,-3.450169265270233154e-01,-4.057722091674804688e-01,6.526568531990051270e-02,1.246143341064453125e+00,6.049187183380126953e-01,-7.515536618393671153e-01,-7.018962476176314746e-01,-1.534425027494213389e-01,2.881697954029247000e-01
1.263683438301086426e-01,1.873946785926818848e-01,-3.597198128700256348e-01,4.326362013816833496e-01,-3.454891443252563477e-01,-4.020546674728393555e-01,7.685542106628417969e-02,1.232990264892578125e+00,6.007823944091796875e-01,-7.515536618393671153e-01,-7.018962476176314746e-01,-1.534425027494213389e-01,2.881697954029247000e-01
1.262988746166229248e-01,1.795885413885116577e-01,-3.586279749870300293e-01,4.243486225605010986e-01,-3.457763195037841797e-01,-3.983463644981384277e-01,8.841022849082946777e-02,1.219691753387451172e+00,5.969508886337280273e-01,-7.515536618393671153e-01,-7.018962476176314746e-01,-1.534425027494213389e-01,2.881697954029247000e-01
1.261871755123138428e-01,1.718283444643020630e-01,-3.576626479625701904e-01,4.159712791442871094e-01,-3.459084331989288330e-01,-3.946622610092163086e-01,9.988605976104736328e-02,1.206266880035400391e+00,5.933870077133178711e-01,-7.515536618393671153e-01,-7.018962476176314746e-01,-1.534425027494213389e-01,2.881697954029247000e-01
1.509391367435455322e-01,1.383963227272033691e-01,-3.515244424343109131e-01,4.155069291591644287e-01,-3.494903147220611572e-01,-3.696796596050262451e-01,1.399975717067718506e-01,1.202270865440368652e+00,5.412652492523193359e-01,8.310403503632763922e-01,-9.901753181079503419e-02,-5.855887868788894890e-01,-6.031307228688906896e-01
1.620022058486938477e-01,1.276803761720657349e-01,-3.422164916992187500e-01,4.132446050643920898e-01,-3.523062467575073242e-01,-3.564301729202270508e-01,1.540716886520385742e-01,1.194568395614624023e+00,5.076559782028198242e-01,8.310403503632763922e-01,-9.901753181079503419e-02,-5.855887868788894890e-01,-6.031307228688906896e-01
1.723226308822631836e-01,1.173719912767410278e-01,-3.334342241287231445e-01,4.109304249286651611e-01,-3.547993004322052002e-01,-3.439961373805999756e-01,1.672961413860321045e-01,1.187048196792602539e+00,4.762043058872222900e-01,8.310403503632763922e-01,-9.901753181079503419e-02,-5.855887868788894890e-01,-6.031307228688906896e-01
1.819954812526702881e-01,1.075183153152465820e-01,-3.251195549964904785e-01,4.085282385349273682e-01,-3.570275604724884033e-01,-3.323063254356384277e-01,1.797780692577362061e-01,1.179668188095092773e+00,4.466541707515716553e-01,8.310403503632763922e-01,-9.901753181079503419e-02,-5.855887868788894890e-01,-6.031307228688906896e-01
1.910498440265655518e-01,9.811923652887344360e-02,-3.172396719455718994e-01,4.060455858707427979e-01,-3.590211570262908936e-01,-3.213008642196655273e-01,1.915570199489593506e-01,1.172399282455444336e+00,4.188752770423889160e-01,8.310403503632763922e-01,-9.901753181079503419e-02,-5.855887868788894890e-01,-6.031307228688906896e-01
1.995109915733337402e-01,8.916310220956802368e-02,-3.097689449787139893e-01,4.034929275512695312e-01,-3.608011007308959961e-01,-3.109280467033386230e-01,2.026687264442443848e-01,1.165220260620117188e+00,3.927600681781768799e-01,8.310403503632763922e-01,-9.901753181079503419e-02,-5.855887868788894890e-01,-6.031307228688906896e-01
2.074061930179595947e-01,8.063360303640365601e-02,-3.026848435401916504e-01,4.008788764476776123e-01,-3.623841106891632080e-01,-3.011424541473388672e-01,2.131511270999908447e-01,1.158115863800048828e+00,3.682090938091278076e-01,8.310403503632763922e-01,-9.901753181079503419e-02,-5.855887868788894890e-01,-6.031307228688906896e-01
2.147639989852905273e-01,7.251186668872833252e-02,-2.959666848182678223e-01,3.982106447219848633e-01,-3.637842535972595215e-01,-2.919037938117980957e-01,2.230429649353027344e-01,1.151074767112731934e+00,3.451286554336547852e-01,8.310403503632763922e-01,-9.901753181079503419e-02,-5.855887868788894890e-01,-6.031307228688906896e-01
2.216128110885620117e-01,6.477738171815872192e-02,-2.895955443382263184e-01,3.954942822456359863e-01,-3.650142252445220947e-01,-2.831759452819824219e-01,2.323825955390930176e-01,1.144088625907897949e+00,3.234317004680633545e-01,8.310403503632763922e-01,-9.901753181079503419e-02,-5.855887868788894890e-01,-6.031307228688906896e-01
2.279807329177856445e-01,5.740913003683090210e-02,-2.835536003112792969e-01,3.927346169948577881e-01,-3.660856485366821289e-01,-2.749259471893310547e-01,2.412078380584716797e-01,1.137151241302490234e+00,3.030363917350769043e-01,8.310403503632763922e-01,-9.901753181079503419e-02,-5.855887868788894890e-01,-6.031307228688906896e-01
2.287172973155975342e-01,7.134042680263519287e-02,-2.959489822387695312e-01,3.937679827213287354e-01,-3.897593021392822266e-01,-2.964456081390380859e-01,2.583262324333190918e-01,1.164751052856445312e+00,3.285650014877319336e-01,-1.764951195614199442e-01,-2.997244554498608160e-01,8.093878783517272080e-01,1.441517460559026631e+00
2.254357337951660156e-01,7.277885079383850098e-02,-3.065387904644012451e-01,3.964492380619049072e-01,-3.988861143589019775e-01,-3.062143325805664062e-01,2.655852735042572021e-01,1.178684830665588379e+00,3.516097366809844971e-01,-1.764951195614199442e-01,-2.997244554498608160e-01,8.093878783517272080e-01,1.441517460559026631e+00
2.232815027236938477e-01,7.337154448032379150e-02,-3.173817992210388184e-01,3.989202976226806641e-01,-4.075115025043487549e-01,-3.155068159103393555e-01,2.740297913551330566e-01,1.192794919013977051e+00,3.734343647956848145e-01,-1.764951195614199442e-01,-2.997244554498608160e-01,8.093878783517272080e-01,1.441517460559026631e+00
2.221216857433319092e-01,7.330659776926040649e-02,-3.282808959484100342e-01,4.012167751789093018e-01,-4.158623218536376953e-01,-3.243851959705352783e-01,2.835019528865814209e-01,1.207028865814208984e+00,3.939247429370880127e-01,-1.764951195614199442e-01,-2.997244554498608160e-01,8.093878783517272080e-01,1.441517460559026631e+00
2.217822372913360596e-01,7.268515229225158691e-02,-3.391232490539550781e-01,4.034000933170318604e-01,-4.240808486938476562e-01,-3.328940272331237793e-01,2.938156127929687500e-01,1.221338748931884766e+00,4.131363034248352051e-01,-1.764951195614199442e-01,-2.997244554498608160e-01,8.093878783517272080e-01,1.441517460559026631e+00
2.221228778362274170e-01,7.157746702432632446e-02,-3.498402833938598633e-01,4.055111110210418701e-01,-4.322642087936401367e-01,-3.410642743110656738e-01,3.048305809497833252e-01,1.235679149627685547e+00,4.311456084251403809e-01,-1.764951195614199442e-01,-2.997244554498608160e-01,8.093878783517272080e-01,1.441517460559026631e+00
2.230355143547058105e-01,7.003547251224517822e-02,-3.603918850421905518e-01,4.075722098350524902e-01,-4.404789209365844727e-01,-3.489179313182830811e-01,3.164458870887756348e-01,1.250007510185241699e+00,4.480306506156921387e-01,-1.764951195614199442e-01,-2.997244554498608160e-01,8.093878783517272080e-01,1.441517460559026631e+00
2.244361340999603271e-01,6.809806078672409058e-02,-3.707572817802429199e-01,4.095935225486755371e-01,-4.487697184085845947e-01,-3.564711809158325195e-01,3.285883069038391113e-01,1.264285802841186523e+00,4.638679623603820801e-01,-1.764951195614199442e-01,-2.997244554498608160e-01,8.093878783517272080e-01,1.441517460559026631e+00
2.262589931488037109e-01,6.579498946666717529e-02,-3.809287548065185547e-01,4.115767776966094971e-01,-4.571661055088043213e-01,-3.637368083000183105e-01,3.412048816680908203e-01,1.278480052947998047e+00,4.787307381629943848e-01,-1.764951195614199442e-01,-2.997244554498608160e-01,8.093878783517272080e-01,1.441517460559026631e+00
2.284517586231231689e-01,6.314935535192489624e-02,-3.909066021442413330e-01,4.135186374187469482e-01,-4.656862914562225342e-01,-3.707253336906433105e-01,3.542555272579193115e-01,1.292560815811157227e+00,4.926880002021789551e-01,-1.764951195614199442e-01,-2.997244554498608160e-01,8.093878783517272080e-01,1.441517460559026631e+00
2.427000999450683594e-01,8.293353021144866943e-02,-3.952253460884094238e-01,4.224492013454437256e-01,-4.303708970546722412e-01,-3.542655110359191895e-01,3.183571696281433105e-01,1.298435807228088379e+00,4.776676595211029053e-01,-4.371119635747957033e-01,1.171461481049513198e+00,1.454367271423192998e+00,-9.496698080153719301e-01
2.485114037990570068e-01,9.554913640022277832e-02,-3.925877213478088379e-01,4.323267042636871338e-01,-4.154559969902038574e-01,-3.506173491477966309e-01,2.941716015338897705e-01,1.308409452438354492e+00,4.672421216964721680e-01,-4.371119635747957033e-01,1.171461481049513198e+00,1.454367271423192998e+00,-9.496698080153719301e-01
2.527406215667724609e-01,1.092320233583450317e-01,-3.879593610763549805e-01,4.435145258903503418e-01,-4.021737277507781982e-01,-3.479357361793518066e-01,2.677305340766906738e-01,1.318894743919372559e+00,4.562213122844696045e-01,-4.371119635747957033e-01,1.171461481049513198e+00,1.454367271423192998e+00,-9.496698080153719301e-01
2.556028962135314941e-01,1.237105131149291992e-01,-3.819249868392944336e-01,4.556949436664581299e-01,-3.902092874050140381e-01,-3.459701836109161377e-01,2.394671440124511719e-01,1.329666376113891602e+00,4.450659453868865967e-01,-4.371119635747957033e-01,1.171461481049513198e+00,1.454367271423192998e+00,-9.496698080153719301e-01
2.573517262935638428e-01,1.387990862131118774e-01,-3.749125003814697266e-01,4.685813486576080322e-01,-3.793181478977203369e-01,-3.445422053337097168e-01,2.097751498222351074e-01,1.340576171875000000e+00,4.340075254440307617e-01,-4.371119635747957033e-01,1.171461481049513198e+00,1.454367271423192998e+00,-9.496698080153719301e-01
2.582023739814758301e-01,1.543507874011993408e-01,-3.672421276569366455e-01,4.819513857364654541e-01,-3.692992627620697021e-01,-3.435261845588684082e-01,1.789599657058715820e-01,1.351528644561767578e+00,4.231969118118286133e-01,-4.371119635747957033e-01,1.171461481049513198e+00,1.454367271423192998e+00,-9.496698080153719301e-01
2.583291232585906982e-01,1.702479571104049683e-01,-3.591514229774475098e-01,4.956368505954742432e-01,-3.599880635738372803e-01,-3.428341448307037354e-01,1.472544372081756592e-01,1.362463712692260742e+00,4.127345681190490723e-01,-4.371119635747957033e-01,1.171461481049513198e+00,1.454367271423192998e+00,-9.496698080153719301e-01
2.578707933425903320e-01,1.863965094089508057e-01,-3.508142530918121338e-01,5.095117688179016113e-01,-3.512510359287261963e-01,-3.424047827720642090e-01,1.148348450660705566e-01,1.373342752456665039e+00,4.026856720447540283e-01,-4.371119635747957033e-01,1.171461481049513198e+00,1.454367271423192998e+00,-9.496698080153719301e-01
2.569366395473480225e-01,2.027220278978347778e-01,-3.423559069633483887e-01,5.234822630882263184e-01,-3.429809808731079102e-01,-3.421952128410339355e-01,8.183434605598449707e-02,1.384140968322753906e+00,3.930895030498504639e-01,-4.371119635747957033e-01,1.171461481049513198e+00,1.454367271423192998e+00,-9.496698080153719301e-01
2.556117177009582520e-01,2.191654592752456665e-01,-3.338644802570343018e-01,5.374787449836730957e-01,-3.350924551486968994e-01,-3.421752750873565674e-01,4.835119843482971191e-02,1.394840240478515625e+00,3.839660286903381348e-01,-4.371119635747957033e-01,1.171461481049513198e+00,1.454367271423192998e+00,-9.496698080153719301e-01
2.459515631198883057e-01,1.770506650209426880e-01,-3.006750941276550293e-01,5.411748290061950684e-01,-3.604186773300170898e-01,-3.283126354217529297e-01,6.552031636238098145e-02,1.369442939758300781e+00,3.385321199893951416e-01,1.405541061333784425e+00,-5.568841204267553913e-01,-1.631035364145188238e+00,-3.707821318446737346e-01
2.516950666904449463e-01,1.603524237871170044e-01,-2.868961691856384277e-01,5.365679264068603516e-01,-3.715626895427703857e-01,-3.181972205638885498e-01,8.494287729263305664e-02,1.356960535049438477e+00,3.059191405773162842e-01,1.405541061333784425e+00,-5.568841204267553913e-01,-1.631035364145188238e+00,-3.707821318446737346e-01
2.581680119037628174e-01,1.435151398181915283e-01,-2.757101953029632568e-01,5.301153659820556641e-01,-3.811873495578765869e-01,-3.075822591781616211e-01,1.067387163639068604e-01,1.343524932861328125e+00,2.760450541973114014e-01,1.405541061333784425e+00,-5.568841204267553913e-01,-1.631035364145188238e+00,-3.707821318446737346e-01
2.650497555732727051e-01,1.265563219785690308e-01,-2.665469646453857422e-01,5.223556756973266602e-01,-3.895918428897857666e-01,-2.967991828918457031e-01,1.300803720951080322e-01,1.329499721527099609e+00,2.486342042684555054e-01,1.405541061333784425e+00,-5.568841204267553913e-01,-1.631035364145188238e+00,-3.707821318446737346e-01
2.721616327762603760e-01,1.095425859093666077e-01,-2.589506804943084717e-01,5.136440992355346680e-01,-3.970482647418975830e-01,-2.860692143440246582e-01,1.544160544872283936e-01,1.315136432647705078e+00,2.233452945947647095e-01,1.405541061333784425e+00,-5.568841204267553913e-01,-1.631035364145188238e+00,-3.707821318446737346e-01
2.793704271316528320e-01,9.253647178411483765e-02,-2.525743544101715088e-01,5.042416453361511230e-01,-4.037804603576660156e-01,-2.755366265773773193e-01,1.793439388275146484e-01,1.300607442855834961e+00,1.998974233865737915e-01,1.405541061333784425e+00,-5.568841204267553913e-01,-1.631035364145188238e+00,-3.707821318446737346e-01
2.865740656852722168e-01,7.558833062648773193e-02,-2.471581697463989258e-01,4.943426847457885742e-01,-4.099683165550231934e-01,-2.652917802333831787e-01,2.045752406120300293e-01,1.286029458045959473e+00,1.780700087547302246e-01,1.405541061333784425e+00,-5.568841204267553913e-01,-1.631035364145188238e+00,-3.707821318446737346e-01
2.936972081661224365e-01,5.873521417379379272e-02,-2.425090819597244263e-01,4.840919673442840576e-01,-4.157541692256927490e-01,-2.553880214691162109e-01,2.299086451530456543e-01,1.271482348442077637e+00,1.576882600784301758e-01,1.405541061333784425e+00,-5.568841204267553913e-01,-1.631035364145188238e+00,-3.707821318446737346e-01
3.006869256496429443e-01,4.200240969657897949e-02,-2.384848594665527344e-01,4.735965132713317871e-01,-4.212504923343658447e-01,-2.458534240722656250e-01,2.552099227905273438e-01,1.257020950317382812e+00,1.386123895645141602e-01,1.405541061333784425e+00,-5.568841204267553913e-01,-1.631035364145188238e+00,-3.707821318446737346e-01
3.075090348720550537e-01,2.540531754493713379e-02,-2.349811792373657227e-01,4.629350900650024414e-01,-4.265456795692443848e-01,-2.366992980241775513e-01,2.803947031497955322e-01,1.242683887481689453e+00,1.207278743386268616e-01,1.405541061333784425e+00,-5.568841204267553913e-01,-1.631035364145188238e+00,-3.707821318446737346e-01
3.200037479400634766e-01,4.701846092939376831e-02,-2.455355972051620483e-01,4.496332406997680664e-01,-4.006655216217041016e-01,-2.371797114610671997e-01,2.725337743759155273e-01,1.237232208251953125e+00,1.226668655872344971e-01,-1.180744835993711384e+00,1.240864992751699480e+00,-4.282992834917696001e-01,-3.453026972874996270e-01
3.157205879688262939e-01,5.708139389753341675e-02,-2.448831349611282349e-01,4.471062421798706055e-01,-3.843328058719635010e-01,-2.347033917903900146e-01,2.528893947601318359e-01,1.226211428642272949e+00,1.262333393096923828e-01,-1.180744835993711384e+00,1.240864992751699480e+00,-4.282992834917696001e-01,-3.453026972874996270e-01
3.101396560668945312e-01,6.736137717962265015e-02,-2.427482306957244873e-01,4.458007216453552246e-01,-3.690171241760253906e-01,-2.328826636075973511e-01,2.312579452991485596e-01,1.215627312660217285e+00,1.294921040534973145e-01,-1.180744835993711384e+00,1.240864992751699480e+00,-4.282992834917696001e-01,-3.453026972874996270e-01
3.037445843219757080e-01,7.788481563329696655e-02,-2.394366264343261719e-01,4.452596902847290039e-01,-3.546249270439147949e-01,-2.314935475587844849e-01,2.083401978015899658e-01,1.205282688140869141e+00,1.321936398744583130e-01,-1.180744835993711384e+00,1.240864992751699480e+00,-4.282992834917696001e-01,-3.453026972874996270e-01
2.967450320720672607e-01,8.857331424951553345e-02,-2.352331876754760742e-01,4.452483355998992920e-01,-3.410187661647796631e-01,-2.303813248872756958e-01,1.844929754734039307e-01,1.195053100585937500e+00,1.344247609376907349e-01,-1.180744835993711384e+00,1.240864992751699480e+00,-4.282992834917696001e-01,-3.453026972874996270e-01
2.892892658710479736e-01,9.935075789690017700e-02,-2.303653508424758911e-01,4.456030726432800293e-01,-3.280755281448364258e-01,-2.294384390115737915e-01,1.599675416946411133e-01,1.184857606887817383e+00,1.362887322902679443e-01,-1.180744835993711384e+00,1.240864992751699480e+00,-4.282992834917696001e-01,-3.453026972874996270e-01
2.814952135086059570e-01,1.101550832390785217e-01,-2.250089347362518311e-01,4.462023973464965820e-01,-3.156919181346893311e-01,-2.285912483930587769e-01,1.349551379680633545e-01,1.174645423889160156e+00,1.378678083419799805e-01,-1.180744835993711384e+00,1.240864992751699480e+00,-4.282992834917696001e-01,-3.453026972874996270e-01
2.734571099281311035e-01,1.209371984004974365e-01,-2.192985713481903076e-01,4.469558000564575195e-01,-3.037823736667633057e-01,-2.277905642986297607e-01,1.096019446849822998e-01,1.164385795593261719e+00,1.392257213592529297e-01,-1.180744835993711384e+00,1.240864992751699480e+00,-4.282992834917696001e-01,-3.453026972874996270e-01
2.652497589588165283e-01,1.316592246294021606e-01,-2.133362591266632080e-01,4.477965235710144043e-01,-2.922770977020263672e-01,-2.270045578479766846e-01,8.401983976364135742e-02,1.154061794281005859e+00,1.404102295637130737e-01,-1.180744835993711384e+00,1.240864992751699480e+00,-4.282992834917696001e-01,-3.453026972874996270e-01
2.569316029548645020e-01,1.422924101352691650e-01,-2.071985453367233276e-01,4.486759305000305176e-01,-2.811191678047180176e-01,-2.262135893106460571e-01,5.829322338104248047e-02,1.143665790557861328e+00,1.414576321840286255e-01,-1.180744835993711384e+00,1.240864992751699480e+00,-4.282992834917696001e-01,-3.453026972874996270e-01
2.409316599369049072e-01,1.555424332618713379e-01,-2.038010954856872559e-01,4.534115493297576904e-01,-2.856929600238800049e-01,-2.372554391622543335e-01,3.519028425216674805e-02,1.144787788391113281e+00,1.607457548379898071e-01,-4.276868776492531721e-01,1.651626180135079601e-03,3.176304241585889976e-01,-2.794399588543635127e-01
2.312328815460205078e-01,1.619669944047927856e-01,-2.027162462472915649e-01,4.524548351764678955e-01,-2.816546261310577393e-01,-2.407574802637100220e-01,2.042877674102783203e-02,1.137772560119628906e+00,1.726229786872863770e-01,-4.276868776492531721e-01,1.651626180135079601e-03,3.176304241585889976e-01,-2.794399588543635127e-01
2.222684323787689209e-01,1.679897904396057129e-01,-2.019263207912445068e-01,4.512266516685485840e-01,-2.774391472339630127e-01,-2.438354343175888062e-01,6.639063358306884766e-03,1.130777716636657715e+00,1.838901340961456299e-01,-4.276868776492531721e-01,1.651626180135079601e-03,3.176304241585889976e-01,-2.794399588543635127e-01
2.139074504375457764e-01,1.736545711755752563e-01,-2.013279497623443604e-01,4.498349130153656006e-01,-2.731094658374786377e-01,-2.465669214725494385e-01,-6.383717060089111328e-03,1.123850345611572266e+00,1.945851892232894897e-01,-4.276868776492531721e-01,1.651626180135079601e-03,3.176304241585889976e-01,-2.794399588543635127e-01
2.060656547546386719e-01,1.790089458227157593e-01,-2.008396834135055542e-01,4.483464062213897705e-01,-2.687189877033233643e-01,-2.490104287862777710e-01,-1.877924799919128418e-02,1.117020487785339355e+00,2.047128826379776001e-01,-4.276868776492531721e-01,1.651626180135079601e-03,3.176304241585889976e-01,-2.794399588543635127e-01
1.986764669418334961e-01,1.840936541557312012e-01,-2.004012763500213623e-01,4.468084573745727539e-01,-2.643080651760101318e-01,-2.512104809284210205e-01,-3.065624833106994629e-02,1.110306024551391602e+00,2.142814993858337402e-01,-4.276868776492531721e-01,1.651626180135079601e-03,3.176304241585889976e-01,-2.794399588543635127e-01
1.916852295398712158e-01,1.889429241418838501e-01,-1.999694705009460449e-01,4.452551007270812988e-01,-2.599065303802490234e-01,-2.532013058662414551e-01,-4.210039973258972168e-02,1.103716969490051270e+00,2.233053743839263916e-01,-4.276868776492531721e-01,1.651626180135079601e-03,3.176304241585889976e-01,-2.794399588543635127e-01
1.850464344024658203e-01,1.935853809118270874e-01,-1.995136886835098267e-01,4.437108337879180908e-01,-2.555358111858367920e-01,-2.550095021724700928e-01,-5.318054556846618652e-02,1.097257137298583984e+00,2.318033128976821899e-01,-4.276868776492531721e-01,1.651626180135079601e-03,3.176304241585889976e-01,-2.794399588543635127e-01
1.787220239639282227e-01,1.980450302362442017e-01,-1.990131735801696777e-01,4.421927630901336670e-01,-2.512109875679016113e-01,-2.566559314727783203e-01,-6.395119428634643555e-02,1.090927243232727051e+00,2.397972345352172852e-01,-4.276868776492531721e-01,1.651626180135079601e-03,3.176304241585889976e-01,-2.794399588543635127e-01
1.726799309253692627e-01,2.023422718048095703e-01,-1.984541714191436768e-01,4.407126605510711670e-01,-2.469423562288284302e-01,-2.581573128700256348e-01,-7.445633411407470703e-02,1.084724903106689453e+00,2.473105192184448242e-01,-4.276868776492531721e-01,1.651626180135079601e-03,3.176304241585889976e-01,-2.794399588543635127e-01
1.679992377758026123e-01,1.862483173608779907e-01,-2.030074000358581543e-01,4.468429684638977051e-01,-2.743423581123352051e-01,-2.596423029899597168e-01,-4.783973097801208496e-02,1.095893621444702148e+00,2.578346133232116699e-01,1.053847236196194137e+00,-5.648934521961388455e-01,-2.735817429269162271e-01,5.373254026682197093e-01
1.708868145942687988e-01,1.781281828880310059e-01,-2.049698829650878906e-01,4.463494420051574707e-01,-2.852381467819213867e-01,-2.611464858055114746e-01,-2.971148490905761719e-02,1.101207256317138672e+00,2.570876479148864746e-01,1.053847236196194137e+00,-5.648934521961388455e-01,-2.735817429269162271e-01,5.373254026682197093e-01
1.746915280818939209e-01,1.696343421936035156e-01,-2.079089581966400146e-01,4.450412094593048096e-01,-2.954042553901672363e-01,-2.622303366661071777e-01,-9.960204362869262695e-03,1.106276392936706543e+00,2.565129995346069336e-01,1.053847236196194137e+00,-5.648934521961388455e-01,-2.735817429269162271e-01,5.373254026682197093e-01
1.790817975997924805e-01,1.607914566993713379e-01,-2.115745693445205688e-01,4.432119727134704590e-01,-3.050286769866943359e-01,-2.630313038825988770e-01,1.083585619926452637e-02,1.111205577850341797e+00,2.562046051025390625e-01,1.053847236196194137e+00,-5.648934521961388455e-01,-2.735817429269162271e-01,5.373254026682197093e-01
1.839014887809753418e-01,1.516650021076202393e-01,-2.157617211341857910e-01,4.410168826580047607e-01,-3.142746984958648682e-01,-2.636438906192779541e-01,3.234958648681640625e-02,1.116059422492980957e+00,2.560885548591613770e-01,1.053847236196194137e+00,-5.648934521961388455e-01,-2.735817429269162271e-01,5.373254026682197093e-01
1.890445053577423096e-01,1.423113495111465454e-01,-2.203178405761718750e-01,4.385608136653900146e-01,-3.232665657997131348e-01,-2.641334533691406250e-01,5.435332655906677246e-02,1.120879173278808594e+00,2.560942471027374268e-01,1.053847236196194137e+00,-5.648934521961388455e-01,-2.735817429269162271e-01,5.373254026682197093e-01
1.944320201873779297e-01,1.327744126319885254e-01,-2.251314818859100342e-01,4.359182417392730713e-01,-3.320965170860290527e-01,-2.645448446273803711e-01,7.668271660804748535e-02,1.125689506530761719e+00,2.561701834201812744e-01,1.053847236196194137e+00,-5.648934521961388455e-01,-2.735817429269162271e-01,5.373254026682197093e-01
2.000043392181396484e-01,1.230876743793487549e-01,-2.301221340894699097e-01,4.331425428390502930e-01,-3.408323526382446289e-01,-2.649085819721221924e-01,9.921848773956298828e-02,1.130505323410034180e+00,2.562805414199829102e-01,1.053847236196194137e+00,-5.648934521961388455e-01,-2.735817429269162271e-01,5.373254026682197093e-01
2.057168483734130859e-01,1.132765784859657288e-01,-2.352318465709686279e-01,4.302714169025421143e-01,-3.495237231254577637e-01,-2.652448415756225586e-01,1.218753755092620850e-01,1.135334253311157227e+00,2.564007639884948730e-01,1.053847236196194137e+00,-5.648934521961388455e-01,-2.735817429269162271e-01,5.373254026682197093e-01
2.115357220172882080e-01,1.033603027462959290e-01,-2.404194772243499756e-01,4.273315370082855225e-01,-3.582067191600799561e-01,-2.655669152736663818e-01,1.445925831794738770e-01,1.140179634094238281e+00,2.565149962902069092e-01,1.053847236196194137e+00,-5.648934521961388455e-01,-2.735817429269162271e-01,5.373254026682197093e-01
2.236062884330749512e-01,1.034901589155197144e-01,-2.421584725379943848e-01,4.255828559398651123e-01,-3.454030454158782959e-01,-2.516030073165893555e-01,1.456289887428283691e-01,1.135807514190673828e+00,2.385960072278976440e-01,6.386249693549601869e-02,9.935552383482677552e-01,-8.065203009789195798e-01,1.468653496493093347e-01
2.305387258529663086e-01,1.020284146070480347e-01,-2.412658929824829102e-01,4.263612329959869385e-01,-3.425861597061157227e-01,-2.463325262069702148e-01,1.482728123664855957e-01,1.137316703796386719e+00,2.267575711011886597e-01,6.386249693549601869e-02,9.935552383482677552e-01,-8.065203009789195798e-01,1.468653496493093347e-01
2.365881502628326416e-01,1.011765822768211365e-01,-2.395559251308441162e-01,4.277045726776123047e-01,-3.402888178825378418e-01,-2.418036311864852905e-01,1.494007706642150879e-01,1.139092803001403809e+00,2.151303291320800781e-01,6.386249693549601869e-02,9.935552383482677552e-01,-8.065203009789195798e-01,1.468653496493093347e-01
2.418242394924163818e-01,1.008119508624076843e-01,-2.372843027114868164e-01,4.294872581958770752e-01,-3.383635878562927246e-01,-2.378557324409484863e-01,1.492730379104614258e-01,1.141007542610168457e+00,2.039223313331604004e-01,6.386249693549601869e-02,9.935552383482677552e-01,-8.065203009789195798e-01,1.468653496493093347e-01
2.463597953319549561e-01,1.008578240871429443e-01,-2.346328943967819214e-01,4.315824508666992188e-01,-3.367058336734771729e-01,-2.343686968088150024e-01,1.481411755084991455e-01,1.142969369888305664e+00,1.932035684585571289e-01,6.386249693549601869e-02,9.935552383482677552e-01,-8.065203009789195798e-01,1.468653496493093347e-01
2.502962052822113037e-01,1.012532338500022888e-01,-2.317361980676651001e-01,4.338902235031127930e-01,-3.352343738079071045e-01,-2.312532067298889160e-01,1.462059617042541504e-01,1.144916772842407227e+00,1.830053478479385376e-01,6.386249693549601869e-02,9.935552383482677552e-01,-8.065203009789195798e-01,1.468653496493093347e-01
2.537181973457336426e-01,1.019478663802146912e-01,-2.286932766437530518e-01,4.363354444503784180e-01,-3.338860571384429932e-01,-2.284426838159561157e-01,1.436229646205902100e-01,1.146809577941894531e+00,1.733392626047134399e-01,6.386249693549601869e-02,9.935552383482677552e-01,-8.065203009789195798e-01,1.468653496493093347e-01
2.566958963871002197e-01,1.028999984264373779e-01,-2.255761921405792236e-01,4.388621449470520020e-01,-3.326121568679809570e-01,-2.258872985839843750e-01,1.405123174190521240e-01,1.148621797561645508e+00,1.642036736011505127e-01,6.386249693549601869e-02,9.935552383482677552e-01,-8.065203009789195798e-01,1.468653496493093347e-01
2.592865526676177979e-01,1.040749177336692810e-01,-2.224365323781967163e-01,4.414294064044952393e-01,-3.313755095005035400e-01,-2.235495001077651978e-01,1.369666457176208496e-01,1.150337696075439453e+00,1.555886119604110718e-01,6.386249693549601869e-02,9.935552383482677552e-01,-8.065203009789195798e-01,1.468653496493093347e-01
2.615374028682708740e-01,1.054439172148704529e-01,-2.193104922771453857e-01,4.440071880817413330e-01,-3.301483392715454102e-01,-2.214005142450332642e-01,1.330581605434417725e-01,1.151947975158691406e+00,1.474778205156326294e-01,6.386249693549601869e-02,9.935552383482677552e-01,-8.065203009789195798e-01,1.468653496493093347e-01
2.661773264408111572e-01,9.873407334089279175e-02,-2.146331071853637695e-01,4.549959301948547363e-01,-3.435721695423126221e-01,-2.134344279766082764e-01,1.393353641033172607e-01,1.163086175918579102e+00,1.305278837680816650e-01,1.116131825581540893e+00,9.425442950304608880e-01,-9.994284886229222176e-01,4.310353927230149429e-01
2.751660048961639404e-01,9.485024213790893555e-02,-2.125061750411987305e-01,4.608066082000732422e-01,-3.506101667881011963e-01,-2.106777131557464600e-01,1.477832794189453125e-01,1.175078153610229492e+00,1.153923943638801575e-01,1.116131825581540893e+00,9.425442950304608880e-01,-9.994284886229222176e-01,4.310353927230149429e-01
2.840602099895477295e-01,9.116014838218688965e-02,-2.107920199632644653e-01,4.663441777229309082e-01,-3.573451638221740723e-01,-2.081440240144729614e-01,1.561880409717559814e-01,1.186944007873535156e+00,1.011299863457679749e-01,1.116131825581540893e+00,9.425442950304608880e-01,-9.994284886229222176e-01,4.310353927230149429e-01
2.927601039409637451e-01,8.764947205781936646e-02,-2.094276249408721924e-01,4.717122912406921387e-01,-3.638070225715637207e-01,-2.058467715978622437e-01,1.643939316272735596e-01,1.198714971542358398e+00,8.776864409446716309e-02,1.116131825581540893e+00,9.425442950304608880e-01,-9.994284886229222176e-01,4.310353927230149429e-01
3.012354075908660889e-01,8.432742208242416382e-02,-2.083543539047241211e-01,4.769613742828369141e-01,-3.700303137302398682e-01,-2.037894427776336670e-01,1.723332405090332031e-01,1.210408568382263184e+00,7.525400817394256592e-02,1.116131825581540893e+00,9.425442950304608880e-01,-9.994284886229222176e-01,4.310353927230149429e-01
3.094723522663116455e-01,8.120290935039520264e-02,-2.075254768133163452e-01,4.821255207061767578e-01,-3.760437369346618652e-01,-2.019695639610290527e-01,1.799660027027130127e-01,1.222036004066467285e+00,6.352720409631729126e-02,1.116131825581540893e+00,9.425442950304608880e-01,-9.994284886229222176e-01,4.310353927230149429e-01
3.174642622470855713e-01,7.828193902969360352e-02,-2.069043517112731934e-01,4.872300922870635986e-01,-3.818700611591339111e-01,-2.003808319568634033e-01,1.872672736644744873e-01,1.233604431152343750e+00,5.253440514206886292e-02,1.116131825581540893e+00,9.425442950304608880e-01,-9.994284886229222176e-01,4.310353927230149429e-01
3.252090811729431152e-01,7.556775212287902832e-02,-2.064622342586517334e-01,4.922943413257598877e-01,-3.875271677970886230e-01,-1.990144550800323486e-01,1.942219734191894531e-01,1.245117902755737305e+00,4.222689568996429443e-02,1.116131825581540893e+00,9.425442950304608880e-01,-9.994284886229222176e-01,4.310353927230149429e-01
3.327082097530364990e-01,7.306141406297683716e-02,-2.061764150857925415e-01,4.973329603672027588e-01,-3.930292427539825439e-01,-1.978603154420852661e-01,2.008228898048400879e-01,1.256578922271728516e+00,3.256112709641456604e-02,1.116131825581540893e+00,9.425442950304608880e-01,-9.994284886229222176e-01,4.310353927230149429e-01
3.399654030799865723e-01,7.076237350702285767e-02,-2.060284912586212158e-01,5.023573040962219238e-01,-3.983874320983886719e-01,-1.969075947999954224e-01,2.070677876472473145e-01,1.267988920211791992e+00,2.349665388464927673e-02,1.116131825581540893e+00,9.425442950304608880e-01,-9.994284886229222176e-01,4.310353927230149429e-01
3.246666193008422852e-01,6.643424183130264282e-02,-2.142919749021530151e-01,4.845217466354370117e-01,-4.222700893878936768e-01,-2.224224209785461426e-01,2.366482019424438477e-01,1.261960029602050781e+00,6.395520269870758057e-02,2.848020969047345141e-01,-1.043577080091216969e+00,-3.083360478805695082e-01,1.315547295031312958e+00
3.178139626979827881e-01,5.890217423439025879e-02,-2.254301011562347412e-01,4.774480462074279785e-01,-4.314391911029815674e-01,-2.343615144491195679e-01,2.550699114799499512e-01,1.263450622558593750e+00,9.322431683540344238e-02,2.848020969047345141e-01,-1.043577080091216969e+00,-3.083360478805695082e-01,1.315547295031312958e+00
3.120728433132171631e-01,5.051644891500473022e-02,-2.370526194572448730e-01,4.699852764606475830e-01,-4.406490921974182129e-01,-2.450256943702697754e-01,2.753162682056427002e-01,1.264575242996215820e+00,1.211429536342620850e-01,2.848020969047345141e-01,-1.043577080091216969e+00,-3.083360478805695082e-01,1.315547295031312958e+00
3.074896931648254395e-01,4.140493273735046387e-02,-2.489696145057678223e-01,4.621356129646301270e-01,-4.499799609184265137e-01,-2.546099424362182617e-01,2.972691655158996582e-01,1.265436887741088867e+00,1.474857032299041748e-01,2.848020969047345141e-01,-1.043577080091216969e+00,-3.083360478805695082e-01,1.315547295031312958e+00
3.039678633213043213e-01,3.162193298339843750e-02,-2.610528469085693359e-01,4.539726376533508301e-01,-4.594687223434448242e-01,-2.632756531238555908e-01,3.206939995288848877e-01,1.266108155250549316e+00,1.722707301378250122e-01,2.848020969047345141e-01,-1.043577080091216969e+00,-3.083360478805695082e-01,1.315547295031312958e+00
3.013991713523864746e-01,2.120907604694366455e-02,-2.732030451297760010e-01,4.455612599849700928e-01,-4.691411554813385010e-01,-2.711529731750488281e-01,3.453714847564697266e-01,1.266633510589599609e+00,1.955564618110656738e-01,2.848020969047345141e-01,-1.043577080091216969e+00,-3.083360478805695082e-01,1.315547295031312958e+00
2.996822297573089600e-01,1.020308583974838257e-02,-2.853428721427917480e-01,4.369500279426574707e-01,-4.790163040161132812e-01,-2.783461809158325195e-01,3.711139261722564697e-01,1.267034769058227539e+00,2.174118906259536743e-01,2.848020969047345141e-01,-1.043577080091216969e+00,-3.083360478805695082e-01,1.315547295031312958e+00
2.987253665924072266e-01,-1.363308168947696686e-03,-2.974130511283874512e-01,4.281729459762573242e-01,-4.891079664230346680e-01,-2.849386334419250488e-01,3.977631926536560059e-01,1.267318129539489746e+00,2.379100918769836426e-01,2.848020969047345141e-01,-1.043577080091216969e+00,-3.083360478805695082e-01,1.315547295031312958e+00
2.984459102153778076e-01,-1.346102077513933182e-02,-3.093696236610412598e-01,4.192526042461395264e-01,-4.994256794452667236e-01,-2.909969091415405273e-01,4.251876771450042725e-01,1.267478227615356445e+00,2.571269273757934570e-01,2.848020969047345141e-01,-1.043577080091216969e+00,-3.083360478805695082e-01,1.315547295031312958e+00
2.987704575061798096e-01,-2.606435492634773254e-02,-3.211808502674102783e-01,4.102021753787994385e-01,-5.099753141403198242e-01,-2.965745329856872559e-01,4.532782435417175293e-01,1.267501354217529297e+00,2.751382291316986084e-01,2.848020969047345141e-01,-1.043577080091216969e+00,-3.083360478805695082e-01,1.315547295031312958e+00
3.190854787826538086e-01,-1.529063191264867783e-02,-3.409793972969055176e-01,4.223907887935638428e-01,-4.998948276042938232e-01,-2.815311551094055176e-01,4.486464858055114746e-01,1.293445825576782227e+00,2.728689610958099365e-01,5.140446943887918563e-01,1.471797360646140751e+00,8.557316772962417217e-02,5.547845421691955936e-01
3.318012952804565430e-01,-1.192175131291151047e-02,-3.446395099163055420e-01,4.329522848129272461e-01,-5.005233287811279297e-01,-2.794340848922729492e-01,4.479757547378540039e-01,1.315404415130615234e+00,2.626251578330993652e-01,5.140446943887918563e-01,1.471797360646140751e+00,8.557316772962417217e-02,5.547845421691955936e-01
3.434119224548339844e-01,-7.595447823405265808e-03,-3.470016419887542725e-01,4.445593059062957764e-01,-5.018455982208251953e-01,-2.784207463264465332e-01,4.454282522201538086e-01,1.337950587272644043e+00,2.523237168788909912e-01,5.140446943887918563e-01,1.471797360646140751e+00,8.557316772962417217e-02,5.547845421691955936e-01
3.539895713329315186e-01,-2.518974244594573975e-03,-3.484421372413635254e-01,4.570351839065551758e-01,-5.036838054656982422e-01,-2.782529592514038086e-01,4.412925243377685547e-01,1.360863327980041504e+00,2.422991096973419189e-01,5.140446943887918563e-01,1.471797360646140751e+00,8.557316772962417217e-02,5.547845421691955936e-01
3.636906147003173828e-01,3.185555338859558105e-03,-3.492278456687927246e-01,4.701844453811645508e-01,-5.059154629707336426e-01,-2.787486314773559570e-01,4.358724951744079590e-01,1.383978605270385742e+00,2.326598763465881348e-01,5.140446943887918563e-01,1.471797360646140751e+00,8.557316772962417217e-02,5.547845421691955936e-01
3.726576864719390869e-01,9.424161165952682495e-03,-3.495579361915588379e-01,4.838490188121795654e-01,-5.084429383277893066e-01,-2.797712087631225586e-01,4.294100105762481689e-01,1.407176256179809570e+00,2.234574705362319946e-01,5.140446943887918563e-01,1.471797360646140751e+00,8.557316772962417217e-02,5.547845421691955936e-01
3.810096085071563721e-01,1.612092554569244385e-02,-3.495816886425018311e-01,4.979071021080017090e-01,-5.111873149871826172e-01,-2.812188267707824707e-01,4.220907092094421387e-01,1.430370330810546875e+00,2.147173881530761719e-01,5.140446943887918563e-01,1.471797360646140751e+00,8.557316772962417217e-02,5.547845421691955936e-01
3.888439238071441650e-01,2.321444079279899597e-02,-3.494098782539367676e-01,5.122660994529724121e-01,-5.140857100486755371e-01,-2.830151915550231934e-01,4.140572249889373779e-01,1.453499078750610352e+00,2.064481079578399658e-01,5.140446943887918563e-01,1.471797360646140751e+00,8.557316772962417217e-02,5.547845421691955936e-01
3.962399959564208984e-01,3.065487369894981384e-02,-3.491238951683044434e-01,5.268561244010925293e-01,-5.170876979827880859e-01,-2.851033806800842285e-01,4.054188430309295654e-01,1.476518630981445312e+00,1.986466646194458008e-01,5.140446943887918563e-01,1.471797360646140751e+00,8.557316772962417217e-02,5.547845421691955936e-01
4.032622873783111572e-01,3.840189799666404724e-02,-3.487825691699981689e-01,5.416249632835388184e-01,-5.201542973518371582e-01,-2.874405980110168457e-01,3.962595164775848389e-01,1.499397277832031250e+00,1.913018822669982910e-01,5.140446943887918563e-01,1.471797360646140751e+00,8.557316772962417217e-02,5.547845421691955936e-01
4.008649289608001709e-01,3.558839485049247742e-02,-3.299447298049926758e-01,5.400322675704956055e-01,-5.015287399291992188e-01,-2.769468426704406738e-01,3.750237524509429932e-01,1.477900266647338867e+00,1.645995527505874634e-01,7.514316252820875397e-02,1.211519527261595952e+00,-9.822141704635316550e-01,-4.855268539633009195e-01
4.044161140918731689e-01,3.834374994039535522e-02,-3.211501538753509521e-01,5.429320931434631348e-01,-4.939550161361694336e-01,-2.707362473011016846e-01,3.636457920074462891e-01,1.474674344062805176e+00,1.460034102201461792e-01,7.514316252820875397e-02,1.211519527261595952e+00,-9.822141704635316550e-01,-4.855268539633009195e-01
4.071983098983764648e-01,4.195936769247055054e-02,-3.121542036533355713e-01,5.458809733390808105e-01,-4.865866005420684814e-01,-2.649038434028625488e-01,3.513585329055786133e-01,1.471155643463134766e+00,1.280947029590606689e-01,7.514316252820875397e-02,1.211519527261595952e+00,-9.822141704635316550e-01,-4.855268539633009195e-01
4.091232419013977051e-01,4.620705172419548035e-02,-3.031274974346160889e-01,5.489338040351867676e-01,-4.792827963829040527e-01,-2.594034373760223389e-01,3.381318151950836182e-01,1.467335462570190430e+00,1.112044453620910645e-01,7.514316252820875397e-02,1.211519527261595952e+00,-9.822141704635316550e-01,-4.855268539633009195e-01
4.102786183357238770e-01,5.098053812980651855e-02,-2.941539883613586426e-01,5.520364046096801758e-01,-4.719792902469635010e-01,-2.541977167129516602e-01,3.240910768508911133e-01,1.463212013244628906e+00,9.533917903900146484e-02,7.514316252820875397e-02,1.211519527261595952e+00,-9.822141704635316550e-01,-4.855268539633009195e-01
4.107575416564941406e-01,5.620238929986953735e-02,-2.852837145328521729e-01,5.551361441612243652e-01,-4.646352827548980713e-01,-2.492585033178329468e-01,3.093555867671966553e-01,1.458787798881530762e+00,8.045462518930435181e-02,7.514316252820875397e-02,1.211519527261595952e+00,-9.822141704635316550e-01,-4.855268539633009195e-01
4.106383025646209717e-01,6.180889904499053955e-02,-2.765465974807739258e-01,5.581920146942138672e-01,-4.572237133979797363e-01,-2.445640265941619873e-01,2.940221726894378662e-01,1.454067468643188477e+00,6.649784743785858154e-02,7.514316252820875397e-02,1.211519527261595952e+00,-9.822141704635316550e-01,-4.855268539633009195e-01
4.099847972393035889e-01,6.774593144655227661e-02,-2.679588198661804199e-01,5.611734390258789062e-01,-4.497273862361907959e-01,-2.400965541601181030e-01,2.781694233417510986e-01,1.449056148529052734e+00,5.341393873095512390e-02,7.514316252820875397e-02,1.211519527261595952e+00,-9.822141704635316550e-01,-4.855268539633009195e-01
4.088489711284637451e-01,7.396701723337173462e-02,-2.595269978046417236e-01,5.640580654144287109e-01,-4.421367943286895752e-01,-2.358408421277999878e-01,2.618601620197296143e-01,1.443758845329284668e+00,4.114870354533195496e-02,7.514316252820875397e-02,1.211519527261595952e+00,-9.822141704635316550e-01,-4.855268539633009195e-01
4.072739481925964355e-01,8.043180406093597412e-02,-2.512512803077697754e-01,5.668291449546813965e-01,-4.344481527805328369e-01,-2.317832559347152710e-01,2.451464831829071045e-01,1.438180088996887207e+00,2.964926883578300476e-02,7.514316252820875397e-02,1.211519527261595952e+00,-9.822141704635316550e-01,-4.855268539633009195e-01
3.862955868244171143e-01,5.604554712772369385e-02,-2.485480606555938721e-01,5.517169237136840820e-01,-4.719929993152618408e-01,-2.514914274215698242e-01,2.844710052013397217e-01,1.424909114837646484e+00,5.726332217454910278e-02,4.711212383692931494e-01,-1.124463259063814391e+00,-1.322766549218761689e+00,8.518402707935278650e-01
3.778333961963653564e-01,4.432841017842292786e-02,-2.510533630847930908e-01,5.405242443084716797e-01,-4.823154509067535400e-01,-2.562215924263000488e-01,3.038183152675628662e-01,1.412519335746765137e+00,7.194636762142181396e-02,4.711212383692931494e-01,-1.124463259063814391e+00,-1.322766549218761689e+00,8.518402707935278650e-01
3.711358308792114258e-01,3.127610683441162109e-02,-2.552599906921386719e-01,5.281853675842285156e-01,-4.918078184127807617e-01,-2.597163915634155273e-01,3.262436389923095703e-01,1.399796485900878906e+00,8.642019331455230713e-02,4.711212383692931494e-01,-1.124463259063814391e+00,-1.322766549218761689e+00,8.518402707935278650e-01
3.660598397254943848e-01,1.718061789870262146e-02,-2.606652677059173584e-01,5.149193406105041504e-01,-5.008170008659362793e-01,-2.622690796852111816e-01,3.512521684169769287e-01,1.386911630630493164e+00,1.002724543213844299e-01,4.711212383692931494e-01,-1.124463259063814391e+00,-1.322766549218761689e+00,8.518402707935278650e-01
3.623462915420532227e-01,2.207529731094837189e-03,-2.669180929660797119e-01,5.009735822677612305e-01,-5.095700621604919434e-01,-2.641003727912902832e-01,3.783083260059356689e-01,1.373977065086364746e+00,1.134103685617446899e-01,4.711212383692931494e-01,-1.124463259063814391e+00,-1.322766549218761689e+00,8.518402707935278650e-01
3.597668409347534180e-01,-1.352053694427013397e-02,-2.737582921981811523e-01,4.865419268608093262e-01,-5.182307362556457520e-01,-2.653729319572448730e-01,4.069700241088867188e-01,1.361061096191406250e+00,1.258077621459960938e-01,4.711212383692931494e-01,-1.124463259063814391e+00,-1.322766549218761689e+00,8.518402707935278650e-01
3.581361174583435059e-01,-2.990687638521194458e-02,-2.809926271438598633e-01,4.717661738395690918e-01,-5.269185304641723633e-01,-2.662055492401123047e-01,4.368913471698760986e-01,1.348200201988220215e+00,1.374635398387908936e-01,4.711212383692931494e-01,-1.124463259063814391e+00,-1.322766549218761689e+00,8.518402707935278650e-01
3.573051393032073975e-01,-4.687451943755149841e-02,-2.884787619113922119e-01,4.567477703094482422e-01,-5.357200503349304199e-01,-2.666846215724945068e-01,4.678039252758026123e-01,1.335408687591552734e+00,1.483914852142333984e-01,4.711212383692931494e-01,-1.124463259063814391e+00,-1.322766549218761689e+00,8.518402707935278650e-01
3.571544289588928223e-01,-6.436220556497573853e-02,-2.961135208606719971e-01,4.415579736232757568e-01,-5.446967482566833496e-01,-2.668727040290832520e-01,4.995007514953613281e-01,1.322686910629272461e+00,1.586155891418457031e-01,4.711212383692931494e-01,-1.124463259063814391e+00,-1.322766549218761689e+00,8.518402707935278650e-01
3.575885593891143799e-01,-8.232106268405914307e-02,-3.038235604763031006e-01,4.262453615665435791e-01,-5.538922548294067383e-01,-2.668147385120391846e-01,5.318228006362915039e-01,1.310026407241821289e+00,1.681664139032363892e-01,4.711212383692931494e-01,-1.124463259063814391e+00,-1.322766549218761689e+00,8.518402707935278650e-01
3.607166409492492676e-01,-8.759512752294540405e-02,-3.311410546302795410e-01,4.085473120212554932e-01,-5.623101592063903809e-01,-2.733400166034698486e-01,5.676237344741821289e-01,1.309124708175659180e+00,2.045712172985076904e-01,5.803195910377338951e-01,-1.513256288887864009e+00,1.661976204996488959e-01,3.455100002650289825e-01
3.590784370899200439e-01,-9.796126931905746460e-02,-3.411542177200317383e-01,3.980702459812164307e-01,-5.674049854278564453e-01,-2.790796458721160889e-01,5.884397625923156738e-01,1.304228544235229492e+00,2.227089852094650269e-01,5.803195910377338951e-01,-1.513256288887864009e+00,1.661976204996488959e-01,3.455100002650289825e-01
3.573308587074279785e-01,-1.085558682680130005e-01,-3.506767153739929199e-01,3.877300322055816650e-01,-5.731163024902343750e-01,-2.842444777488708496e-01,6.093142032623291016e-01,1.298884630203247070e+00,2.399395853281021118e-01,5.803195910377338951e-01,-1.513256288887864009e+00,1.661976204996488959e-01,3.455100002650289825e-01
3.556943833827972412e-01,-1.194091364741325378e-01,-3.598194420337677002e-01,3.773801624774932861e-01,-5.793197751045227051e-01,-2.888663411140441895e-01,6.304559707641601562e-01,1.293130874633789062e+00,2.561967372894287109e-01,5.803195910377338951e-01,-1.513256288887864009e+00,1.661976204996488959e-01,3.455100002650289825e-01
3.542591631412506104e-01,-1.305632591247558594e-01,-3.686663210391998291e-01,3.669594526290893555e-01,-5.859135389328002930e-01,-2.929838001728057861e-01,6.519354581832885742e-01,1.287001371383666992e+00,2.715282142162322998e-01,5.803195910377338951e-01,-1.513256288887864009e+00,1.661976204996488959e-01,3.455100002650289825e-01
3.530715107917785645e-01,-1.420449912548065186e-01,-3.772733807563781738e-01,3.564336597919464111e-01,-5.928234457969665527e-01,-2.966358065605163574e-01,6.737757325172424316e-01,1.280523180961608887e+00,2.859903275966644287e-01,5.803195910377338951e-01,-1.513256288887864009e+00,1.661976204996488959e-01,3.455100002650289825e-01
3.521535098552703857e-01,-1.538675427436828613e-01,-3.856770992279052734e-01,3.457830846309661865e-01,-5.999957919120788574e-01,-2.998591661453247070e-01,6.959742307662963867e-01,1.273717999458312988e+00,2.996363639831542969e-01,5.803195910377338951e-01,-1.513256288887864009e+00,1.661976204996488959e-01,3.455100002650289825e-01
3.515118956565856934e-01,-1.660343408584594727e-01,-3.939009904861450195e-01,3.349964022636413574e-01,-6.073917746543884277e-01,-3.026875853538513184e-01,7.185146808624267578e-01,1.266601800918579102e+00,3.125161230564117432e-01,5.803195910377338951e-01,-1.513256288887864009e+00,1.661976204996488959e-01,3.455100002650289825e-01
3.511433005332946777e-01,-1.785424053668975830e-01,-4.019606709480285645e-01,3.240674734115600586e-01,-6.149827241897583008e-01,-3.051510453224182129e-01,7.413723468780517578e-01,1.259187102317810059e+00,3.246765732765197754e-01,5.803195910377338951e-01,-1.513256288887864009e+00,1.661976204996488959e-01,3.455100002650289825e-01
3.510380983352661133e-01,-1.913844048976898193e-01,-4.098667800426483154e-01,3.129933476448059082e-01,-6.227468848228454590e-01,-3.072761595249176025e-01,7.645179033279418945e-01,1.251482605934143066e+00,3.361620903015136719e-01,5.803195910377338951e-01,-1.513256288887864009e+00,1.661976204996488959e-01,3.455100002650289825e-01
3.381309509277343750e-01,-1.845776438713073730e-01,-4.241283535957336426e-01,2.959394156932830811e-01,-6.126125454902648926e-01,-3.141508698463439941e-01,7.639532089233398438e-01,1.229622840881347656e+00,3.736955821514129639e-01,-1.211950367399530659e+00,-7.735355951396023499e-01,-2.909501582918955775e-01,1.101632639517291512e+00
3.325255513191223145e-01,-1.923453956842422485e-01,-4.325525760650634766e-01,2.826798558235168457e-01,-6.119381189346313477e-01,-3.192533850669860840e-01,7.771028280258178711e-01,1.215628623962402344e+00,3.940283358097076416e-01,-1.211950367399530659e+00,-7.735355951396023499e-01,-2.909501582918955775e-01,1.101632639517291512e+00
3.267595171928405762e-01,-2.001978605985641479e-01,-4.402781128883361816e-01,2.694549560546875000e-01,-6.118438839912414551e-01,-3.237070143222808838e-01,7.902871370315551758e-01,1.200909137725830078e+00,4.132325947284698486e-01,-1.211950367399530659e+00,-7.735355951396023499e-01,-2.909501582918955775e-01,1.101632639517291512e+00
3.209620714187622070e-01,-2.082258760929107666e-01,-4.474641680717468262e-01,2.561994194984436035e-01,-6.121642589569091797e-01,-3.275450468063354492e-01,8.035801053047180176e-01,1.185523509979248047e+00,4.314160645008087158e-01,-1.211950367399530659e+00,-7.735355951396023499e-01,-2.909501582918955775e-01,1.101632639517291512e+00
3.152356147766113281e-01,-2.164752930402755737e-01,-4.542156457901000977e-01,2.428630292415618896e-01,-6.127802729606628418e-01,-3.308068513870239258e-01,8.170313239097595215e-01,1.169524908065795898e+00,4.486384689807891846e-01,-1.211950367399530659e+00,-7.735355951396023499e-01,-2.909501582918955775e-01,1.101632639517291512e+00
3.096459209918975830e-01,-2.249686419963836670e-01,-4.606032073497772217e-01,2.294163107872009277e-01,-6.136039495468139648e-01,-3.335341215133666992e-01,8.306584358215332031e-01,1.152960538864135742e+00,4.649518430233001709e-01,-1.211950367399530659e+00,-7.735355951396023499e-01,-2.909501582918955775e-01,1.101632639517291512e+00
3.042317032814025879e-01,-2.337130308151245117e-01,-4.666743278503417969e-01,2.158446460962295532e-01,-6.145691275596618652e-01,-3.357679843902587891e-01,8.444577455520629883e-01,1.135872125625610352e+00,4.804045855998992920e-01,-1.211950367399530659e+00,-7.735355951396023499e-01,-2.909501582918955775e-01,1.101632639517291512e+00
2.990120053291320801e-01,-2.427050918340682983e-01,-4.724606871604919434e-01,2.021434158086776733e-01,-6.156262755393981934e-01,-3.375473320484161377e-01,8.584116101264953613e-01,1.118295431137084961e+00,4.950422346591949463e-01,-1.211950367399530659e+00,-7.735355951396023499e-01,-2.909501582918955775e-01,1.101632639517291512e+00
2.939924001693725586e-01,-2.519344091415405273e-01,-4.779836535453796387e-01,1.883142441511154175e-01,-6.167377829551696777e-01,-3.389078974723815918e-01,8.724942207336425781e-01,1.100260972976684570e+00,5.089086890220642090e-01,-1.211950367399530659e+00,-7.735355951396023499e-01,-2.909501582918955775e-01,1.101632639517291512e+00
2.891696691513061523e-01,-2.613861560821533203e-01,-4.832576811313629150e-01,1.743625104427337646e-01,-6.178750991821289062e-01,-3.398820161819458008e-01,8.866755962371826172e-01,1.081792950630187988e+00,5.220445394515991211e-01,-1.211950367399530659e+00,-7.735355951396023499e-01,-2.909501582918955775e-01,1.101632639517291512e+00
2.902979254722595215e-01,-2.813114523887634277e-01,-4.843476414680480957e-01,1.610597074031829834e-01,-6.221265792846679688e-01,-3.278374671936035156e-01,9.062707424163818359e-01,1.057928919792175293e+00,5.168562531471252441e-01,-9.786711830211257679e-01,3.720324282422077938e-02,-1.401115793567759837e+00,1.064107605608421769e+00
2.929793298244476318e-01,-2.961382865905761719e-01,-4.830867350101470947e-01,1.479354500770568848e-01,-6.239733099937438965e-01,-3.210149705410003662e-01,9.234808087348937988e-01,1.038332462310791016e+00,5.090218186378479004e-01,-9.786711830211257679e-01,3.720324282422077938e-02,-1.401115793567759837e+00,1.064107605608421769e+00
2.955593764781951904e-01,-3.104647397994995117e-01,-4.817448258399963379e-01,1.348447650671005249e-01,-6.259865164756774902e-01,-3.144068717956542969e-01,9.404846429824829102e-01,1.018855810165405273e+00,5.012553930282592773e-01,-9.786711830211257679e-01,3.720324282422077938e-02,-1.401115793567759837e+00,1.064107605608421769e+00
2.978648841381072998e-01,-3.244711458683013916e-01,-4.804273843765258789e-01,1.219089031219482422e-01,-6.280784606933593750e-01,-3.079949617385864258e-01,9.571119546890258789e-01,9.995019435882568359e-01,4.939133524894714355e-01,-9.786711830211257679e-01,3.720324282422077938e-02,-1.401115793567759837e+00,1.064107605608421769e+00
2.999193370342254639e-01,-3.382085263729095459e-01,-4.791764020919799805e-01,1.091167032718658447e-01,-6.302220821380615234e-01,-3.017573058605194092e-01,9.733899235725402832e-01,9.802688360214233398e-01,4.870191216468811035e-01,-9.786711830211257679e-01,3.720324282422077938e-02,-1.401115793567759837e+00,1.064107605608421769e+00
3.017601370811462402e-01,-3.517074584960937500e-01,-4.780166745185852051e-01,9.644883126020431519e-02,-6.324020028114318848e-01,-2.956764101982116699e-01,9.893577694892883301e-01,9.611558318138122559e-01,4.805564582347869873e-01,-9.786711830211257679e-01,3.720324282422077938e-02,-1.401115793567759837e+00,1.064107605608421769e+00
3.034191429615020752e-01,-3.649915158748626709e-01,-4.769634306430816650e-01,8.389011770486831665e-02,-6.346071958541870117e-01,-2.897385954856872559e-01,1.005047798156738281e+00,9.421639442443847656e-01,4.745038449764251709e-01,-9.786711830211257679e-01,3.720324282422077938e-02,-1.401115793567759837e+00,1.064107605608421769e+00
3.049218654632568359e-01,-3.780800700187683105e-01,-4.760255217552185059e-01,7.142961025238037109e-02,-6.368300318717956543e-01,-2.839331030845642090e-01,1.020485162734985352e+00,9.232948422431945801e-01,4.688391983509063721e-01,-9.786711830211257679e-01,3.720324282422077938e-02,-1.401115793567759837e+00,1.064107605608421769e+00
3.062886595726013184e-01,-3.909890055656433105e-01,-4.752068817615509033e-01,5.905943736433982849e-02,-6.390645503997802734e-01,-2.782512009143829346e-01,1.035689949989318848e+00,9.045504927635192871e-01,4.635403454303741455e-01,-9.786711830211257679e-01,3.720324282422077938e-02,-1.401115793567759837e+00,1.064107605608421769e+00
3.075360059738159180e-01,-4.037314653396606445e-01,-4.745082855224609375e-01,4.677395522594451904e-02,-6.413071751594543457e-01,-2.726853191852569580e-01,1.050678968429565430e+00,8.859325051307678223e-01,4.585860371589660645e-01,-9.786711830211257679e-01,3.720324282422077938e-02,-1.401115793567759837e+00,1.064107605608421769e+00
3.147063851356506348e-01,-3.948086798191070557e-01,-4.836347997188568115e-01,6.343117356300354004e-02,-6.627014875411987305e-01,-2.894116044044494629e-01,1.061950445175170898e+00,9.334304332733154297e-01,4.689874053001403809e-01,5.537555807996036306e-01,-3.179791800437878901e-01,1.030776201789191271e+00,1.080936731338875356e+00
3.187245428562164307e-01,-3.983600437641143799e-01,-4.933282732963562012e-01,6.472451984882354736e-02,-6.739030480384826660e-01,-2.912127077579498291e-01,1.074264645576477051e+00,9.453272223472595215e-01,4.780114889144897461e-01,5.537555807996036306e-01,-3.179791800437878901e-01,1.030776201789191271e+00,1.080936731338875356e+00
3.231072723865509033e-01,-4.024700522422790527e-01,-5.028286576271057129e-01,6.621472537517547607e-02,-6.845498681068420410e-01,-2.934308052062988281e-01,1.086391091346740723e+00,9.578991532325744629e-01,4.865818917751312256e-01,5.537555807996036306e-01,-3.179791800437878901e-01,1.030776201789191271e+00,1.080936731338875356e+00
3.278566598892211914e-01,-4.068751931190490723e-01,-5.120203495025634766e-01,6.779288500547409058e-02,-6.948850750923156738e-01,-2.959599792957305908e-01,1.098516941070556641e+00,9.709498882293701172e-01,4.944478273391723633e-01,5.537555807996036306e-01,-3.179791800437878901e-01,1.030776201789191271e+00,1.080936731338875356e+00
3.328451812267303467e-01,-4.114810526371002197e-01,-5.208775997161865234e-01,6.945984810590744019e-02,-7.050418853759765625e-01,-2.987213134765625000e-01,1.110648393630981445e+00,9.843313694000244141e-01,5.016744732856750488e-01,5.537555807996036306e-01,-3.179791800437878901e-01,1.030776201789191271e+00,1.080936731338875356e+00
3.379769027233123779e-01,-4.162383377552032471e-01,-5.294061303138732910e-01,7.121117413043975830e-02,-7.151072025299072266e-01,-3.016482889652252197e-01,1.122788310050964355e+00,9.979250431060791016e-01,5.083457827568054199e-01,5.537555807996036306e-01,-3.179791800437878901e-01,1.030776201789191271e+00,1.080936731338875356e+00
3.431896567344665527e-01,-4.211201965808868408e-01,-5.376275777816772461e-01,7.303261011838912964e-02,-7.251396775245666504e-01,-3.046852946281433105e-01,1.134948611259460449e+00,1.011637210845947266e+00,5.145362019538879395e-01,5.537555807996036306e-01,-3.179791800437878901e-01,1.030776201789191271e+00,1.080936731338875356e+00
3.484454751014709473e-01,-4.261134266853332520e-01,-5.455705523490905762e-01,7.490439713001251221e-02,-7.351775765419006348e-01,-3.077863454818725586e-01,1.147144317626953125e+00,1.025393486022949219e+00,5.203084349632263184e-01,5.537555807996036306e-01,-3.179791800437878901e-01,1.030776201789191271e+00,1.080936731338875356e+00
3.537219464778900146e-01,-4.312130808830261230e-01,-5.532662868499755859e-01,7.680486142635345459e-02,-7.452457547187805176e-01,-3.109139800071716309e-01,1.159392237663269043e+00,1.039135694503784180e+00,5.257151722908020020e-01,5.537555807996036306e-01,-3.179791800437878901e-01,1.030776201789191271e+00,1.080936731338875356e+00
3.590075969696044922e-01,-4.364189505577087402e-01,-5.607450604438781738e-01,7.871250808238983154e-02,-7.553597092628479004e-01,-3.140383362770080566e-01,1.171708583831787109e+00,1.052818298339843750e+00,5.307985544204711914e-01,5.537555807996036306e-01,-3.179791800437878901e-01,1.030776201789191271e+00,1.080936731338875356e+00
3.586727082729339600e-01,-4.548547267913818359e-01,-5.454593896865844727e-01,4.723618179559707642e-02,-7.088118195533752441e-01,-2.915291786193847656e-01,1.152601718902587891e+00,9.818625450134277344e-01,5.033842325210571289e-01,-1.454883511676985597e+00,-8.816251131526300355e-01,-6.457509967276220397e-01,-1.599122376394558342e+00
3.530353307723999023e-01,-4.604768753051757812e-01,-5.347076058387756348e-01,2.612197399139404297e-02,-6.839290261268615723e-01,-2.808627486228942871e-01,1.142756700515747070e+00,9.340170025825500488e-01,4.915289878845214844e-01,-1.454883511676985597e+00,-8.816251131526300355e-01,-6.457509967276220397e-01,-1.599122376394558342e+00
3.456395566463470459e-01,-4.642922282218933105e-01,-5.226389169692993164e-01,6.255954504013061523e-03,-6.601371765136718750e-01,-2.704216241836547852e-01,1.131945133209228516e+00,8.858961462974548340e-01,4.797474741935729980e-01,-1.454883511676985597e+00,-8.816251131526300355e-01,-6.457509967276220397e-01,-1.599122376394558342e+00
3.367566466331481934e-01,-4.667497873306274414e-01,-5.097776055335998535e-01,-1.252507418394088745e-02,-6.372162103652954102e-01,-2.601545155048370361e-01,1.120303511619567871e+00,8.376076221466064453e-01,4.684662222862243652e-01,-1.454883511676985597e+00,-8.816251131526300355e-01,-6.457509967276220397e-01,-1.599122376394558342e+00
3.267248272895812988e-01,-4.681229591369628906e-01,-4.964764714241027832e-01,-3.042773157358169556e-02,-6.150261163711547852e-01,-2.500300109386444092e-01,1.108045816421508789e+00,7.892501950263977051e-01,4.577825665473937988e-01,-1.454883511676985597e+00,-8.816251131526300355e-01,-6.457509967276220397e-01,-1.599122376394558342e+00
3.158181905746459961e-01,-4.686182141304016113e-01,-4.829832911491394043e-01,-4.761560261249542236e-02,-5.934570431709289551e-01,-2.400351017713546753e-01,1.095335602760314941e+00,7.409108281135559082e-01,4.477266073226928711e-01,-1.454883511676985597e+00,-8.816251131526300355e-01,-6.457509967276220397e-01,-1.599122376394558342e+00
3.042486310005187988e-01,-4.683974087238311768e-01,-4.694704711437225342e-01,-6.421271711587905884e-02,-5.724207162857055664e-01,-2.301681041717529297e-01,1.082290172576904297e+00,6.926615238189697266e-01,4.383003115653991699e-01,-1.454883511676985597e+00,-8.816251131526300355e-01,-6.457509967276220397e-01,-1.599122376394558342e+00
2.921790480613708496e-01,-4.675881266593933105e-01,-4.560549259185791016e-01,-8.031345903873443604e-02,-5.518464446067810059e-01,-2.204336076974868774e-01,1.068992257118225098e+00,6.445584893226623535e-01,4.294875860214233398e-01,-1.454883511676985597e+00,-8.816251131526300355e-01,-6.457509967276220397e-01,-1.599122376394558342e+00
2.797357439994812012e-01,-4.662910103797912598e-01,-4.428133964538574219e-01,-9.599075466394424438e-02,-5.316768884658813477e-01,-2.108397483825683594e-01,1.055502772331237793e+00,5.966485738754272461e-01,4.212602674961090088e-01,-1.454883511676985597e+00,-8.816251131526300355e-01,-6.457509967276220397e-01,-1.599122376394558342e+00
2.670154571533203125e-01,-4.645867347717285156e-01,-4.297931790351867676e-01,-1.113010570406913757e-01,-5.118657350540161133e-01,-2.013955712318420410e-01,1.041866779327392578e+00,5.489695072174072266e-01,4.135839641094207764e-01,-1.454883511676985597e+00,-8.816251131526300355e-01,-6.457509967276220397e-01,-1.599122376394558342e+00
2.500727176666259766e-01,-4.893639087677001953e-01,-4.228079617023468018e-01,-1.293808221817016602e-01,-5.408858656883239746e-01,-2.094358503818511963e-01,1.086491823196411133e+00,5.195559263229370117e-01,4.252664446830749512e-01,-1.394795499849443843e+00,-1.649958078603074751e+00,-1.458436112481177993e+00,7.462685000786811740e-01
2.355905771255493164e-01,-5.025383234024047852e-01,-4.204021692276000977e-01,-1.502903997898101807e-01,-5.461727380752563477e-01,-2.081104218959808350e-01,1.105619192123413086e+00,4.776819944381713867e-01,4.372805356979370117e-01,-1.394795499849443843e+00,-1.649958078603074751e+00,-1.458436112481177993e+00,7.462685000786811740e-01
2.231265604496002197e-01,-5.173010230064392090e-01,-4.200512170791625977e-01,-1.726109534502029419e-01,-5.503494739532470703e-01,-2.056820392608642578e-01,1.125785827636718750e+00,4.351881742477416992e-01,4.494339525699615479e-01,-1.394795499849443843e+00,-1.649958078603074751e+00,-1.458436112481177993e+00,7.462685000786811740e-01
2.123245298862457275e-01,-5.331661105155944824e-01,-4.211050868034362793e-01,-1.960174292325973511e-01,-5.536665916442871094e-01,-2.024181932210922241e-01,1.146745681762695312e+00,3.922324776649475098e-01,4.613007307052612305e-01,-1.394795499849443843e+00,-1.649958078603074751e+00,-1.458436112481177993e+00,7.462685000786811740e-01
2.027895748615264893e-01,-5.498259067535400391e-01,-4.230996370315551758e-01,-2.201950848102569580e-01,-5.562909841537475586e-01,-1.985157877206802368e-01,1.168182849884033203e+00,3.489166200160980225e-01,4.727552533149719238e-01,-1.394795499849443843e+00,-1.649958078603074751e+00,-1.458436112481177993e+00,7.462685000786811740e-01
1.942014843225479126e-01,-5.670506358146667480e-01,-4.256919324398040771e-01,-2.449050545692443848e-01,-5.583496689796447754e-01,-1.941139996051788330e-01,1.189849019050598145e+00,3.053002357482910156e-01,4.837337136268615723e-01,-1.394795499849443843e+00,-1.649958078603074751e+00,-1.458436112481177993e+00,7.462685000786811740e-01
1.863096058368682861e-01,-5.846631526947021484e-01,-4.286296367645263672e-01,-2.699720859527587891e-01,-5.599395036697387695e-01,-1.893097013235092163e-01,1.211562395095825195e+00,2.614123225212097168e-01,4.942028224468231201e-01,-1.394795499849443843e+00,-1.649958078603074751e+00,-1.458436112481177993e+00,7.462685000786811740e-01
1.789182722568511963e-01,-6.025255918502807617e-01,-4.317281544208526611e-01,-2.952682971954345703e-01,-5.611340999603271484e-01,-1.841687858104705811e-01,1.233192682266235352e+00,2.172606885433197021e-01,5.041492581367492676e-01,-1.394795499849443843e+00,-1.649958078603074751e+00,-1.458436112481177993e+00,7.462685000786811740e-01
1.718746721744537354e-01,-6.205301284790039062e-01,-4.348540604114532471e-01,-3.207007348537445068e-01,-5.619875192642211914e-01,-1.787357181310653687e-01,1.254646897315979004e+00,1.728392243385314941e-01,5.135756731033325195e-01,-1.394795499849443843e+00,-1.649958078603074751e+00,-1.458436112481177993e+00,7.462685000786811740e-01
1.650604903697967529e-01,-6.385908126831054688e-01,-4.379117190837860107e-01,-3.462022542953491211e-01,-5.625391602516174316e-01,-1.730396002531051636e-01,1.275857567787170410e+00,1.281349956989288330e-01,5.224950313568115234e-01,-1.394795499849443843e+00,-1.649958078603074751e+00,-1.458436112481177993e+00,7.462685000786811740e-01
1.843809783458709717e-01,-6.600844860076904297e-01,-4.474661648273468018e-01,-3.504921793937683105e-01,-5.802305936813354492e-01,-1.566142737865447998e-01,1.302351474761962891e+00,1.347169280052185059e-01,5.062035918235778809e-01,4.113696865830966387e-01,-1.399485250282686888e+00,-9.402478833208761655e-01,7.099987764587123440e-02
1.866501271724700928e-01,-6.788829565048217773e-01,-4.462911188602447510e-01,-3.667251467704772949e-01,-5.872787237167358398e-01,-1.460419297218322754e-01,1.325414419174194336e+00,1.075866818428039551e-01,4.965242445468902588e-01,4.113696865830966387e-01,-1.399485250282686888e+00,-9.402478833208761655e-01,7.099987764587123440e-02
1.892033219337463379e-01,-6.979256272315979004e-01,-4.457238614559173584e-01,-3.830115795135498047e-01,-5.940977931022644043e-01,-1.358165144920349121e-01,1.348475217819213867e+00,8.124113082885742188e-02,4.875101149082183838e-01,4.113696865830966387e-01,-1.399485250282686888e+00,-9.402478833208761655e-01,7.099987764587123440e-02
1.919574141502380371e-01,-7.170771360397338867e-01,-4.456041455268859863e-01,-3.993248641490936279e-01,-6.007971167564392090e-01,-1.259064376354217529e-01,1.371558785438537598e+00,5.556964874267578125e-02,4.790048003196716309e-01,4.113696865830966387e-01,-1.399485250282686888e+00,-9.402478833208761655e-01,7.099987764587123440e-02
1.948174983263015747e-01,-7.362686395645141602e-01,-4.458297491073608398e-01,-4.156259000301361084e-01,-6.074441075325012207e-01,-1.162819340825080872e-01,1.394644856452941895e+00,3.047943115234375000e-02,4.709616899490356445e-01,4.113696865830966387e-01,-1.399485250282686888e+00,-9.402478833208761655e-01,7.099987764587123440e-02
1.977146863937377930e-01,-7.554572820663452148e-01,-4.463320970535278320e-01,-4.318898022174835205e-01,-6.140843033790588379e-01,-1.069134473800659180e-01,1.417718887329101562e+00,5.890786647796630859e-03,4.633543491363525391e-01,4.113696865830966387e-01,-1.399485250282686888e+00,-9.402478833208761655e-01,7.099987764587123440e-02
2.006030678749084473e-01,-7.746152281761169434e-01,-4.470645189285278320e-01,-4.481040835380554199e-01,-6.207481622695922852e-01,-9.777285158634185791e-02,1.440771222114562988e+00,-1.826500892639160156e-02,4.561624526977539062e-01,4.113696865830966387e-01,-1.399485250282686888e+00,-9.402478833208761655e-01,7.099987764587123440e-02
2.034530788660049438e-01,-7.937250137329101562e-01,-4.479951262474060059e-01,-4.642637372016906738e-01,-6.274550557136535645e-01,-8.883439004421234131e-02,1.463796615600585938e+00,-4.204529523849487305e-02,4.493685960769653320e-01,4.113696865830966387e-01,-1.399485250282686888e+00,-9.402478833208761655e-01,7.099987764587123440e-02
2.062467336654663086e-01,-8.127756118774414062e-01,-4.491016268730163574e-01,-4.803689122200012207e-01,-6.342165470123291016e-01,-8.007496595382690430e-02,1.486791133880615234e+00,-6.549924612045288086e-02,4.429570436477661133e-01,4.113696865830966387e-01,-1.399485250282686888e+00,-9.402478833208761655e-01,7.099987764587123440e-02
2.089734822511672974e-01,-8.317600488662719727e-01,-4.503678977489471436e-01,-4.964221119880676270e-01,-6.410381793975830078e-01,-7.147456705570220947e-02,1.509750843048095703e+00,-8.866786956787109375e-02,4.369136989116668701e-01,4.113696865830966387e-01,-1.399485250282686888e+00,-9.402478833208761655e-01,7.099987764587123440e-02
2.351512610912322998e-01,-8.501570224761962891e-01,-4.540863633155822754e-01,-5.000684261322021484e-01,-6.480544805526733398e-01,-4.623134061694145203e-02,1.524883508682250977e+00,-8.344340324401855469e-02,3.993470966815948486e-01,-4.798805476394058522e-01,5.260777764798211242e-01,-1.596249079326625742e+00,9.659509834188779731e-01
2.406869530677795410e-01,-8.613840341567993164e-01,-4.528622329235076904e-01,-5.068744421005249023e-01,-6.514984965324401855e-01,-3.876621276140213013e-02,1.537145614624023438e+00,-9.196919202804565430e-02,3.871136903762817383e-01,-4.798805476394058522e-01,5.260777764798211242e-01,-1.596249079326625742e+00,9.659509834188779731e-01
2.458615005016326904e-01,-8.722501397132873535e-01,-4.516178965568542480e-01,-5.133762359619140625e-01,-6.552497744560241699e-01,-3.173949941992759705e-02,1.549396872520446777e+00,-1.000191569328308105e-01,3.754937946796417236e-01,-4.798805476394058522e-01,5.260777764798211242e-01,-1.596249079326625742e+00,9.659509834188779731e-01
2.507326304912567139e-01,-8.828580379486083984e-01,-4.504383504390716553e-01,-5.196254253387451172e-01,-6.592725515365600586e-01,-2.509983815252780914e-02,1.561643600463867188e+00,-1.076216101646423340e-01,3.645226657390594482e-01,-4.798805476394058522e-01,5.260777764798211242e-01,-1.596249079326625742e+00,9.659509834188779731e-01
2.553662359714508057e-01,-8.932734727859497070e-01,-4.493796527385711670e-01,-5.256773829460144043e-01,-6.635429263114929199e-01,-1.880376972258090973e-02,1.573913097381591797e+00,-1.148024797439575195e-01,3.541818261146545410e-01,-4.798805476394058522e-01,5.260777764798211242e-01,-1.596249079326625742e+00,9.659509834188779731e-01
2.598163485527038574e-01,-9.035457372665405273e-01,-4.484797418117523193e-01,-5.315765738487243652e-01,-6.680411100387573242e-01,-1.281563565135002136e-02,1.586227178573608398e+00,-1.215839982032775879e-01,3.444440364837646484e-01,-4.798805476394058522e-01,5.260777764798211242e-01,-1.596249079326625742e+00,9.659509834188779731e-01
2.641254663467407227e-01,-9.137122035026550293e-01,-4.477632939815521240e-01,-5.373575091361999512e-01,-6.727501153945922852e-01,-7.105918601155281067e-03,1.598602652549743652e+00,-1.279858350753784180e-01,3.352795541286468506e-01,-4.798805476394058522e-01,5.260777764798211242e-01,-1.596249079326625742e+00,9.659509834188779731e-01
2.683261632919311523e-01,-9.238020777702331543e-01,-4.472453594207763672e-01,-5.430467128753662109e-01,-6.776548624038696289e-01,-1.650188118219375610e-03,1.611049890518188477e+00,-1.340264678001403809e-01,3.266597092151641846e-01,-4.798805476394058522e-01,5.260777764798211242e-01,-1.596249079326625742e+00,9.659509834188779731e-01
2.724445462226867676e-01,-9.338376522064208984e-01,-4.469336271286010742e-01,-5.486646294593811035e-01,-6.827420592308044434e-01,3.572311252355575562e-03,1.623576164245605469e+00,-1.397224664688110352e-01,3.185546994209289551e-01,-4.798805476394058522e-01,5.260777764798211242e-01,-1.596249079326625742e+00,9.659509834188779731e-01
2.765006422996520996e-01,-9.438354969024658203e-01,-4.468304514884948730e-01,-5.542269945144653320e-01,-6.879999041557312012e-01,8.579257875680923462e-03,1.636185169219970703e+00,-1.450892090797424316e-01,3.109356462955474854e-01,-4.798805476394058522e-01,5.260777764798211242e-01,-1.596249079326625742e+00,9.659509834188779731e-01
2.699697911739349365e-01,-9.620876312255859375e-01,-4.466151595115661621e-01,-5.823757052421569824e-01,-6.774753332138061523e-01,2.079050242900848389e-02,1.647069692611694336e+00,-2.021124958992004395e-01,3.113860189914703369e-01,-8.442529567524882372e-01,-1.342329453109535997e+00,-1.666155506161907107e+00,-4.542828143969012689e-01
2.642435431480407715e-01,-9.747395515441894531e-01,-4.432707726955413818e-01,-6.003820300102233887e-01,-6.737953424453735352e-01,2.569173648953437805e-02,1.659206509590148926e+00,-2.380926609039306641e-01,3.101951479911804199e-01,-8.442529567524882372e-01,-1.342329453109535997e+00,-1.666155506161907107e+00,-4.542828143969012689e-01
2.585849463939666748e-01,-9.871039986610412598e-01,-4.401009380817413330e-01,-6.187701821327209473e-01,-6.706539392471313477e-01,3.110950440168380737e-02,1.671892404556274414e+00,-2.748366594314575195e-01,3.089101016521453857e-01,-8.442529567524882372e-01,-1.342329453109535997e+00,-1.666155506161907107e+00,-4.542828143969012689e-01
2.528040111064910889e-01,-9.994202256202697754e-01,-4.371869564056396484e-01,-6.373220086097717285e-01,-6.678723096847534180e-01,3.694205731153488159e-02,1.684749960899353027e+00,-3.121674656867980957e-01,3.079758584499359131e-01,-8.442529567524882372e-01,-1.342329453109535997e+00,-1.666155506161907107e+00,-4.542828143969012689e-01
2.469435036182403564e-01,-1.011735796928405762e+00,-4.345391690731048584e-01,-6.560042500495910645e-01,-6.653661727905273438e-01,4.311903566122055054e-02,1.697709083557128906e+00,-3.499410748481750488e-01,3.073870837688446045e-01,-8.442529567524882372e-01,-1.342329453109535997e+00,-1.666155506161907107e+00,-4.542828143969012689e-01
2.410528659820556641e-01,-1.024062871932983398e+00,-4.321468770503997803e-01,-6.747997403144836426e-01,-6.630764603614807129e-01,4.958010464906692505e-02,1.710736751556396484e+00,-3.880397677421569824e-01,3.070900440216064453e-01,-8.442529567524882372e-01,-1.342329453109535997e+00,-1.666155506161907107e+00,-4.542828143969012689e-01
2.351660281419754028e-01,-1.036402702331542969e+00,-4.299901425838470459e-01,-6.936895251274108887e-01,-6.609580516815185547e-01,5.627263337373733521e-02,1.723805308341979980e+00,-4.263677597045898438e-01,3.070339858531951904e-01,-8.442529567524882372e-01,-1.342329453109535997e+00,-1.666155506161907107e+00,-4.542828143969012689e-01
2.293041646480560303e-01,-1.048751115798950195e+00,-4.280449748039245605e-01,-7.126533389091491699e-01,-6.589759588241577148e-01,6.315102428197860718e-02,1.736889839172363281e+00,-4.648474454879760742e-01,3.071765005588531494e-01,-8.442529567524882372e-01,-1.342329453109535997e+00,-1.666155506161907107e+00,-4.542828143969012689e-01
2.234796285629272461e-01,-1.061102151870727539e+00,-4.262862503528594971e-01,-7.316710352897644043e-01,-6.571040749549865723e-01,7.017583400011062622e-02,1.749968290328979492e+00,-5.034144520759582520e-01,3.074821531772613525e-01,-8.442529567524882372e-01,-1.342329453109535997e+00,-1.666155506161907107e+00,-4.542828143969012689e-01
2.177000343799591064e-01,-1.073449015617370605e+00,-4.246898591518402100e-01,-7.507241368293762207e-01,-6.553227305412292480e-01,7.731334865093231201e-02,1.763022661209106445e+00,-5.420157909393310547e-01,3.079206049442291260e-01,-8.442529567524882372e-01,-1.342329453109535997e+00,-1.666155506161907107e+00,-4.542828143969012689e-01
2.417043745517730713e-01,-1.040009021759033203e+00,-4.280832111835479736e-01,-7.279996871948242188e-01,-6.419686079025268555e-01,8.184120804071426392e-02,1.727566242218017578e+00,-4.936001300811767578e-01,2.809514999389648438e-01,5.789811236737200106e-01,1.267951628281841936e+00,1.426676379626755198e+00,-6.767311350739416698e-01
2.512808442115783691e-01,-1.025956034660339355e+00,-4.304252266883850098e-01,-7.153515219688415527e-01,-6.310282945632934570e-01,8.413570374250411987e-02,1.704018712043762207e+00,-4.708361625671386719e-01,2.717681229114532471e-01,5.789811236737200106e-01,1.267951628281841936e+00,1.426676379626755198e+00,-6.767311350739416698e-01
2.584792077541351318e-01,-1.010308504104614258e+00,-4.306328296661376953e-01,-7.004203796386718750e-01,-6.202322840690612793e-01,8.485054224729537964e-02,1.679054379463195801e+00,-4.470150470733642578e-01,2.633605599403381348e-01,5.789811236737200106e-01,1.267951628281841936e+00,1.426676379626755198e+00,-6.767311350739416698e-01
2.641821503639221191e-01,-9.932473897933959961e-01,-4.291933178901672363e-01,-6.839503645896911621e-01,-6.097270846366882324e-01,8.429060876369476318e-02,1.653426885604858398e+00,-4.222301244735717773e-01,2.551363706588745117e-01,5.789811236737200106e-01,1.267951628281841936e+00,1.426676379626755198e+00,-6.767311350739416698e-01
2.687806785106658936e-01,-9.750986695289611816e-01,-4.265322685241699219e-01,-6.663038134574890137e-01,-5.995455384254455566e-01,8.266913145780563354e-02,1.627387762069702148e+00,-3.965509533882141113e-01,2.471239864826202393e-01,5.789811236737200106e-01,1.267951628281841936e+00,1.426676379626755198e+00,-6.767311350739416698e-01
2.725430130958557129e-01,-9.561337232589721680e-01,-4.229822754859924316e-01,-6.477380394935607910e-01,-5.896999835968017578e-01,8.015697449445724487e-02,1.601090431213378906e+00,-3.700402975082397461e-01,2.393878996372222900e-01,5.789811236737200106e-01,1.267951628281841936e+00,1.426676379626755198e+00,-6.767311350739416698e-01
2.756697833538055420e-01,-9.365622997283935547e-01,-4.187996983528137207e-01,-6.284510493278503418e-01,-5.801943540573120117e-01,7.689644396305084229e-02,1.574642181396484375e+00,-3.427616357803344727e-01,2.319767773151397705e-01,5.789811236737200106e-01,1.267951628281841936e+00,1.426676379626755198e+00,-6.767311350739416698e-01
2.783123254776000977e-01,-9.165439009666442871e-01,-4.141814112663269043e-01,-6.085979342460632324e-01,-5.710270404815673828e-01,7.300826907157897949e-02,1.548120260238647461e+00,-3.147803544998168945e-01,2.249220162630081177e-01,5.789811236737200106e-01,1.267951628281841936e+00,1.426676379626755198e+00,-6.767311350739416698e-01
2.805836796760559082e-01,-8.961980342864990234e-01,-4.092788100242614746e-01,-5.883011817932128906e-01,-5.621920228004455566e-01,6.859659403562545776e-02,1.521578311920166016e+00,-2.861659526824951172e-01,2.182428836822509766e-01,5.789811236737200106e-01,1.267951628281841936e+00,1.426676379626755198e+00,-6.767311350739416698e-01
2.825674116611480713e-01,-8.756135106086730957e-01,-4.042074978351593018e-01,-5.676581263542175293e-01,-5.536794066429138184e-01,6.375219672918319702e-02,1.495054006576538086e+00,-2.569904923439025879e-01,2.119494974613189697e-01,5.789811236737200106e-01,1.267951628281841936e+00,1.426676379626755198e+00,-6.767311350739416698e-01
2.796661555767059326e-01,-8.724564313888549805e-01,-4.039994776248931885e-01,-5.561027526855468750e-01,-5.602323412895202637e-01,4.990098625421524048e-02,1.495054483413696289e+00,-2.310454249382019043e-01,2.224926352500915527e-01,1.175773148923166866e+00,-7.022490501442318900e-02,1.387712061527438756e+00,-5.868668780021449871e-01
2.775053381919860840e-01,-8.607617020606994629e-01,-3.999523520469665527e-01,-5.409866571426391602e-01,-5.628684163093566895e-01,4.316822439432144165e-02,1.485097169876098633e+00,-2.087093591690063477e-01,2.234420329332351685e-01,1.175773148923166866e+00,-7.022490501442318900e-02,1.387712061527438756e+00,-5.868668780021449871e-01
2.767678797245025635e-01,-8.500497341156005859e-01,-3.972539007663726807e-01,-5.270028114318847656e-01,-5.652301907539367676e-01,3.689777106046676636e-02,1.475830793380737305e+00,-1.862531900405883789e-01,2.242842018604278564e-01,1.175773148923166866e+00,-7.022490501442318900e-02,1.387712061527438756e+00,-5.868668780021449871e-01
2.769566178321838379e-01,-8.401256203651428223e-01,-3.955750465393066406e-01,-5.137655735015869141e-01,-5.673517584800720215e-01,3.097864985466003418e-02,1.466940283775329590e+00,-1.637369394302368164e-01,2.252506315708160400e-01,1.175773148923166866e+00,-7.022490501442318900e-02,1.387712061527438756e+00,-5.868668780021449871e-01
2.778109014034271240e-01,-8.307819962501525879e-01,-3.946511149406433105e-01,-5.010678172111511230e-01,-5.692871212959289551e-01,2.533781528472900391e-02,1.458308577537536621e+00,-1.412072777748107910e-01,2.263277471065521240e-01,1.175773148923166866e+00,-7.022490501442318900e-02,1.387712061527438756e+00,-5.868668780021449871e-01
2.791525721549987793e-01,-8.218590617179870605e-01,-3.942826688289642334e-01,-4.887659251689910889e-01,-5.710797905921936035e-01,1.992024481296539307e-02,1.449861049652099609e+00,-1.186947822570800781e-01,2.274800837039947510e-01,1.175773148923166866e+00,-7.022490501442318900e-02,1.387712061527438756e+00,-5.868668780021449871e-01
2.808523774147033691e-01,-8.132382035255432129e-01,-3.943211734294891357e-01,-4.767545759677886963e-01,-5.727623701095581055e-01,1.468326523900032043e-02,1.441544413566589355e+00,-9.621882438659667969e-02,2.286774814128875732e-01,1.175773148923166866e+00,-7.022490501442318900e-02,1.387712061527438756e+00,-5.868668780021449871e-01
2.828153967857360840e-01,-8.048322200775146484e-01,-3.946559727191925049e-01,-4.649558663368225098e-01,-5.743587613105773926e-01,9.593620896339416504e-03,1.433318138122558594e+00,-7.379156351089477539e-02,2.298956811428070068e-01,1.175773148923166866e+00,-7.022490501442318900e-02,1.387712061527438756e+00,-5.868668780021449871e-01
2.849716544151306152e-01,-7.965770363807678223e-01,-3.952046632766723633e-01,-4.533114731311798096e-01,-5.758867263793945312e-01,4.625171422958374023e-03,1.425152182579040527e+00,-5.141961574554443359e-02,2.311168015003204346e-01,1.175773148923166866e+00,-7.022490501442318900e-02,1.387712061527438756e+00,-5.868668780021449871e-01
2.872696518898010254e-01,-7.884253859519958496e-01,-3.959056735038757324e-01,-4.417782127857208252e-01,-5.773596167564392090e-01,-2.425555139780044556e-04,1.417024850845336914e+00,-2.910643815994262695e-02,2.323264926671981812e-01,1.175773148923166866e+00,-7.022490501442318900e-02,1.387712061527438756e+00,-5.868668780021449871e-01
2.536672949790954590e-01,-7.988265752792358398e-01,-3.760564327239990234e-01,-4.485310912132263184e-01,-5.868395566940307617e-01,-1.769297942519187927e-02,1.434623956680297852e+00,-6.320482492446899414e-02,2.523389160633087158e-01,-2.490199888741958523e-01,-1.456491672009304628e+00,-1.181871155705781051e+00,5.105245948718084570e-01
2.470967769622802734e-01,-8.133466243743896484e-01,-3.791431784629821777e-01,-4.619157016277313232e-01,-5.980850458145141602e-01,-1.879747584462165833e-02,1.457548260688781738e+00,-8.280366659164428711e-02,2.647053599357604980e-01,-2.490199888741958523e-01,-1.456491672009304628e+00,-1.181871155705781051e+00,5.105245948718084570e-01
2.422159016132354736e-01,-8.290030360221862793e-01,-3.835608363151550293e-01,-4.767091274261474609e-01,-6.088828444480895996e-01,-1.884134858846664429e-02,1.481419801712036133e+00,-1.029643416404724121e-01,2.763898670673370361e-01,-2.490199888741958523e-01,-1.456491672009304628e+00,-1.181871155705781051e+00,5.105245948718084570e-01
2.384777814149856567e-01,-8.455985784530639648e-01,-3.889252841472625732e-01,-4.924773871898651123e-01,-6.192811131477355957e-01,-1.802919432520866394e-02,1.505813956260681152e+00,-1.236342191696166992e-01,2.876332700252532959e-01,-2.490199888741958523e-01,-1.456491672009304628e+00,-1.181871155705781051e+00,5.105245948718084570e-01
2.355816960334777832e-01,-8.629112243652343750e-01,-3.949297964572906494e-01,-5.089786052703857422e-01,-6.293424963951110840e-01,-1.650554686784744263e-02,1.530534148216247559e+00,-1.447842121124267578e-01,2.984338998794555664e-01,-2.490199888741958523e-01,-1.456491672009304628e+00,-1.181871155705781051e+00,5.105245948718084570e-01
2.333136945962905884e-01,-8.807598352432250977e-01,-4.013436138629913330e-01,-5.260425209999084473e-01,-6.391142010688781738e-01,-1.437975466251373291e-02,1.555443048477172852e+00,-1.663968563079833984e-01,3.087745308876037598e-01,-2.490199888741958523e-01,-1.456491672009304628e+00,-1.181871155705781051e+00,5.105245948718084570e-01
2.315128147602081299e-01,-8.990023136138916016e-01,-4.079956114292144775e-01,-5.435426831245422363e-01,-6.486283540725708008e-01,-1.173683255910873413e-02,1.580434441566467285e+00,-1.884607672691345215e-01,3.186480998992919922e-01,-2.490199888741958523e-01,-1.456491672009304628e+00,-1.181871155705781051e+00,5.105245948718084570e-01
2.300565838813781738e-01,-9.175264835357666016e-01,-4.147590398788452148e-01,-5.613840222358703613e-01,-6.579055786132812500e-01,-8.644279092550277710e-03,1.605423212051391602e+00,-2.109678983688354492e-01,3.280569911003112793e-01,-2.490199888741958523e-01,-1.456491672009304628e+00,-1.181871155705781051e+00,5.105245948718084570e-01
2.288516163825988770e-01,-9.362430572509765625e-01,-4.215405583381652832e-01,-5.794938802719116211e-01,-6.669585704803466797e-01,-5.156790837645530701e-03,1.630339264869689941e+00,-2.339110970497131348e-01,3.370102941989898682e-01,-2.490199888741958523e-01,-1.456491672009304628e+00,-1.181871155705781051e+00,5.105245948718084570e-01
2.278267294168472290e-01,-9.550799727439880371e-01,-4.282712936401367188e-01,-5.978162288665771484e-01,-6.757944822311401367e-01,-1.319974660873413086e-03,1.655123591423034668e+00,-2.572830319404602051e-01,3.455211520195007324e-01,-2.490199888741958523e-01,-1.456491672009304628e+00,-1.181871155705781051e+00,5.105245948718084570e-01
2.556483149528503418e-01,-9.240134358406066895e-01,-4.572051167488098145e-01,-5.900954604148864746e-01,-6.553140282630920410e-01,8.076708763837814331e-03,1.614332079887390137e+00,-2.220329046249389648e-01,3.479954600334167480e-01,-8.302653047639358963e-01,1.301904177493192760e+00,1.450291010933639768e+00,2.557797348640630242e-01
2.588670849800109863e-01,-9.050515890121459961e-01,-4.645686149597167969e-01,-5.796791315078735352e-01,-6.393949985504150391e-01,3.291640430688858032e-03,1.584083557128906250e+00,-2.029579281806945801e-01,3.570396602153778076e-01,-8.302653047639358963e-01,1.301904177493192760e+00,1.450291010933639768e+00,2.557797348640630242e-01
2.595116496086120605e-01,-8.843986988067626953e-01,-4.691924750804901123e-01,-5.670134425163269043e-01,-6.235259175300598145e-01,-2.545369789004325867e-03,1.552227735519409180e+00,-1.837384700775146484e-01,3.660954236984252930e-01,-8.302653047639358963e-01,1.301904177493192760e+00,1.450291010933639768e+00,2.557797348640630242e-01
2.585144937038421631e-01,-8.622779250144958496e-01,-4.715951681137084961e-01,-5.528467297554016113e-01,-6.078595519065856934e-01,-9.141284972429275513e-03,1.519636869430541992e+00,-1.643493771553039551e-01,3.745124936103820801e-01,-8.302653047639358963e-01,1.301904177493192760e+00,1.450291010933639768e+00,2.557797348640630242e-01
2.562984824180603027e-01,-8.390567898750305176e-01,-4.722428321838378906e-01,-5.375465154647827148e-01,-5.924331545829772949e-01,-1.629484631121158600e-02,1.486636400222778320e+00,-1.447717547416687012e-01,3.823058605194091797e-01,-8.302653047639358963e-01,1.301904177493192760e+00,1.450291010933639768e+00,2.557797348640630242e-01
2.531569898128509521e-01,-8.150423765182495117e-01,-4.715084135532379150e-01,-5.213791131973266602e-01,-5.772690773010253906e-01,-2.384588494896888733e-02,1.453433513641357422e+00,-1.250022649765014648e-01,3.895416259765625000e-01,-8.302653047639358963e-01,1.301904177493192760e+00,1.450291010933639768e+00,2.557797348640630242e-01
2.493120133876800537e-01,-7.904752492904663086e-01,-4.696869850158691406e-01,-5.045526027679443359e-01,-5.623848438262939453e-01,-3.166369721293449402e-02,1.420175552368164062e+00,-1.050494313240051270e-01,3.962783515453338623e-01,-8.302653047639358963e-01,1.301904177493192760e+00,1.450291010933639768e+00,2.557797348640630242e-01
2.449332922697067261e-01,-7.655421495437622070e-01,-4.670124948024749756e-01,-4.872310757637023926e-01,-5.477934479713439941e-01,-3.964111953973770142e-02,1.386966586112976074e+00,-8.492898941040039062e-02,4.025645852088928223e-01,-8.302653047639358963e-01,1.301904177493192760e+00,1.450291010933639768e+00,2.557797348640630242e-01
2.401505708694458008e-01,-7.403884530067443848e-01,-4.636710286140441895e-01,-4.695439636707305908e-01,-5.335041880607604980e-01,-4.769014194607734680e-02,1.353878855705261230e+00,-6.466114521026611328e-02,4.084411263465881348e-01,-8.302653047639358963e-01,1.301904177493192760e+00,1.450291010933639768e+00,2.557797348640630242e-01
2.350629866123199463e-01,-7.151267528533935547e-01,-4.598106741905212402e-01,-4.515937566757202148e-01,-5.195230245590209961e-01,-5.573838949203491211e-02,1.320957422256469727e+00,-4.426997900009155273e-02,4.139427244663238525e-01,-8.302653047639358963e-01,1.301904177493192760e+00,1.450291010933639768e+00,2.557797348640630242e-01
2.615200281143188477e-01,-7.469180822372436523e-01,-4.663051366806030273e-01,-4.563086032867431641e-01,-5.343080163002014160e-01,-3.263531997799873352e-02,1.347603559494018555e+00,-3.546643257141113281e-02,3.808525800704956055e-01,1.715729016496299719e+00,7.851285753939961642e-01,1.261609230662141590e+00,-3.027586163298478517e-01
2.647996246814727783e-01,-7.324913740158081055e-01,-4.526067972183227539e-01,-4.315002560615539551e-01,-5.386443734169006348e-01,-3.527396172285079956e-02,1.335457563400268555e+00,-6.539225578308105469e-04,3.596794009208679199e-01,1.715729016496299719e+00,7.851285753939961642e-01,1.261609230662141590e+00,-3.027586163298478517e-01
2.696945369243621826e-01,-7.195048928260803223e-01,-4.414738118648529053e-01,-4.081697463989257812e-01,-5.430476665496826172e-01,-3.768876940011978149e-02,1.324306249618530273e+00,3.454774618148803711e-02,3.400269448757171631e-01,1.715729016496299719e+00,7.851285753939961642e-01,1.261609230662141590e+00,-3.027586163298478517e-01
2.757236361503601074e-01,-7.076262235641479492e-01,-4.324118793010711670e-01,-3.858933746814727783e-01,-5.475155711174011230e-01,-4.000511392951011658e-02,1.313853383064270020e+00,7.011890411376953125e-02,3.218803703784942627e-01,1.715729016496299719e+00,7.851285753939961642e-01,1.261609230662141590e+00,-3.027586163298478517e-01
2.825895845890045166e-01,-6.965607404708862305e-01,-4.250215291976928711e-01,-3.643998801708221436e-01,-5.520608425140380859e-01,-4.231117665767669678e-02,1.303941011428833008e+00,1.060339212417602539e-01,3.050905764102935791e-01,1.715729016496299719e+00,7.851285753939961642e-01,1.261609230662141590e+00,-3.027586163298478517e-01
2.900731563568115234e-01,-6.860793828964233398e-01,-4.189887940883636475e-01,-3.434876203536987305e-01,-5.566911101341247559e-01,-4.467281699180603027e-02,1.294448137283325195e+00,1.422684192657470703e-01,2.895154654979705811e-01,1.715729016496299719e+00,7.851285753939961642e-01,1.261609230662141590e+00,-3.027586163298478517e-01
2.980071306228637695e-01,-6.760072708129882812e-01,-4.140666425228118896e-01,-3.230024278163909912e-01,-5.614082217216491699e-01,-4.713911563158035278e-02,1.285276174545288086e+00,1.787985563278198242e-01,2.750331461429595947e-01,1.715729016496299719e+00,7.851285753939961642e-01,1.261609230662141590e+00,-3.027586163298478517e-01
3.062626123428344727e-01,-6.662107706069946289e-01,-4.100598692893981934e-01,-3.028254210948944092e-01,-5.662096738815307617e-01,-4.974595829844474792e-02,1.276342988014221191e+00,2.156001031398773193e-01,2.615401744842529297e-01,1.715729016496299719e+00,7.851285753939961642e-01,1.261609230662141590e+00,-3.027586163298478517e-01
3.147400021553039551e-01,-6.565876007080078125e-01,-4.068134129047393799e-01,-2.828648388385772705e-01,-5.710898041725158691e-01,-5.251893773674964905e-02,1.267580986022949219e+00,2.526487708091735840e-01,2.489480972290039062e-01,1.715729016496299719e+00,7.851285753939961642e-01,1.261609230662141590e+00,-3.027586163298478517e-01
3.233622908592224121e-01,-6.470593214035034180e-01,-4.042031168937683105e-01,-2.630497217178344727e-01,-5.760409832000732422e-01,-5.547563359141349792e-02,1.258934259414672852e+00,2.899197638034820557e-01,2.371805459260940552e-01,1.715729016496299719e+00,7.851285753939961642e-01,1.261609230662141590e+00,-3.027586163298478517e-01
3.017560243606567383e-01,-6.322442889213562012e-01,-3.872254788875579834e-01,-2.486591637134552002e-01,-5.797114968299865723e-01,-8.471629023551940918e-02,1.252171516418457031e+00,3.060190975666046143e-01,2.520346939563751221e-01,9.620972098690943053e-01,-2.035754269939853839e-02,7.228385370284324818e-01,9.206312486920691374e-01
3.035793006420135498e-01,-6.314638853073120117e-01,-3.935695290565490723e-01,-2.393499910831451416e-01,-5.942419171333312988e-01,-9.175635129213333130e-02,1.259514570236206055e+00,3.313574194908142090e-01,2.625468969345092773e-01,9.620972098690943053e-01,-2.035754269939853839e-02,7.228385370284324818e-01,9.206312486920691374e-01
3.067759275436401367e-01,-6.316666007041931152e-01,-4.007782340049743652e-01,-2.309595346450805664e-01,-6.079813241958618164e-01,-9.832879900932312012e-02,1.267431497573852539e+00,3.565902411937713623e-01,2.723638117313385010e-01,9.620972098690943053e-01,-2.035754269939853839e-02,7.228385370284324818e-01,9.206312486920691374e-01
3.109493553638458252e-01,-6.325906515121459961e-01,-4.085316658020019531e-01,-2.232105433940887451e-01,-6.211339235305786133e-01,-1.045363396406173706e-01,1.275748729705810547e+00,3.816909790039062500e-01,2.815563976764678955e-01,9.620972098690943053e-01,-2.035754269939853839e-02,7.228385370284324818e-01,9.206312486920691374e-01
3.158272206783294678e-01,-6.340449452400207520e-01,-4.166049957275390625e-01,-2.159169912338256836e-01,-6.338526606559753418e-01,-1.104507595300674438e-01,1.284357309341430664e+00,4.066382944583892822e-01,2.901662886142730713e-01,9.620972098690943053e-01,-2.035754269939853839e-02,7.228385370284324818e-01,9.206312486920691374e-01
3.212160766124725342e-01,-6.358945965766906738e-01,-4.248431921005249023e-01,-2.089502513408660889e-01,-6.462502479553222656e-01,-1.161231547594070435e-01,1.293184995651245117e+00,4.314157068729400635e-01,2.982305586338043213e-01,9.620972098690943053e-01,-2.035754269939853839e-02,7.228385370284324818e-01,9.206312486920691374e-01
3.269776403903961182e-01,-6.380448341369628906e-01,-4.331408143043518066e-01,-2.022214531898498535e-01,-6.584105491638183594e-01,-1.215898990631103516e-01,1.302184343338012695e+00,4.560104310512542725e-01,3.057849109172821045e-01,9.620972098690943053e-01,-2.035754269939853839e-02,7.228385370284324818e-01,9.206312486920691374e-01
3.330121636390686035e-01,-6.404302120208740234e-01,-4.414279162883758545e-01,-1.956692785024642944e-01,-6.703961491584777832e-01,-1.268770992755889893e-01,1.311325550079345703e+00,4.804125726222991943e-01,3.128643035888671875e-01,9.620972098690943053e-01,-2.035754269939853839e-02,7.228385370284324818e-01,9.206312486920691374e-01
3.392481803894042969e-01,-6.430059075355529785e-01,-4.496591687202453613e-01,-1.892522275447845459e-01,-6.822543740272521973e-01,-1.320036351680755615e-01,1.320590853691101074e+00,5.046145915985107422e-01,3.195024728775024414e-01,9.620972098690943053e-01,-2.035754269939853839e-02,7.228385370284324818e-01,9.206312486920691374e-01
3.456345796585083008e-01,-6.457412242889404297e-01,-4.578065276145935059e-01,-1.829426586627960205e-01,-6.940213441848754883e-01,-1.369833052158355713e-01,1.329970598220825195e+00,5.286108851432800293e-01,3.257301449775695801e-01,9.620972098690943053e-01,-2.035754269939853839e-02,7.228385370284324818e-01,9.206312486920691374e-01
3.253760039806365967e-01,-6.655050516128540039e-01,-4.485841095447540283e-01,-2.110340148210525513e-01,-6.828176379203796387e-01,-1.421610713005065918e-01,1.343242645263671875e+00,4.716712534427642822e-01,3.382803201675415039e-01,-8.947547802659484573e-01,-1.393920193907194571e+00,-8.117465191722049722e-01,2.450837722248137840e-01
3.188278973102569580e-01,-6.769031882286071777e-01,-4.532976448535919189e-01,-2.282959967851638794e-01,-6.823380589485168457e-01,-1.419677287340164185e-01,1.355949163436889648e+00,4.445139169692993164e-01,3.520176112651824951e-01,-8.947547802659484573e-01,-1.393920193907194571e+00,-8.117465191722049722e-01,2.450837722248137840e-01
3.124799728393554688e-01,-6.882038712501525879e-01,-4.576286971569061279e-01,-2.458170354366302490e-01,-6.820071935653686523e-01,-1.412310302257537842e-01,1.368950128555297852e+00,4.165829122066497803e-01,3.646938204765319824e-01,-8.947547802659484573e-01,-1.393920193907194571e+00,-8.117465191722049722e-01,2.450837722248137840e-01
3.061648309230804443e-01,-6.995593309402465820e-01,-4.616664350032806396e-01,-2.634523808956146240e-01,-6.817101240158081055e-01,-1.400145590305328369e-01,1.381991386413574219e+00,3.879588842391967773e-01,3.766999244689941406e-01,-8.947547802659484573e-01,-1.393920193907194571e+00,-8.117465191722049722e-01,2.450837722248137840e-01
2.998888194561004639e-01,-7.109898328781127930e-01,-4.654444158077239990e-01,-2.811861634254455566e-01,-6.813982129096984863e-01,-1.383619904518127441e-01,1.395032882690429688e+00,3.587039709091186523e-01,3.880980908870697021e-01,-8.947547802659484573e-01,-1.393920193907194571e+00,-8.117465191722049722e-01,2.450837722248137840e-01
2.936656475067138672e-01,-7.224922180175781250e-01,-4.689804315567016602e-01,-2.990123927593231201e-01,-6.810383796691894531e-01,-1.363113820552825928e-01,1.408055543899536133e+00,3.288694322109222412e-01,3.989136219024658203e-01,-8.947547802659484573e-01,-1.393920193907194571e+00,-8.117465191722049722e-01,2.450837722248137840e-01
2.875008583068847656e-01,-7.340554594993591309e-01,-4.722844958305358887e-01,-3.169228434562683105e-01,-6.806047558784484863e-01,-1.338970065116882324e-01,1.421039223670959473e+00,2.984970211982727051e-01,4.091677367687225342e-01,-8.947547802659484573e-01,-1.393920193907194571e+00,-8.117465191722049722e-01,2.450837722248137840e-01
2.813932597637176514e-01,-7.456640601158142090e-01,-4.753618836402893066e-01,-3.349075317382812500e-01,-6.800766587257385254e-01,-1.311494559049606323e-01,1.433963775634765625e+00,2.676215767860412598e-01,4.188815951347351074e-01,-8.947547802659484573e-01,-1.393920193907194571e+00,-8.117465191722049722e-01,2.450837722248137840e-01
2.753370702266693115e-01,-7.573002576828002930e-01,-4.782152771949768066e-01,-3.529552221298217773e-01,-6.794368624687194824e-01,-1.280961334705352783e-01,1.446807503700256348e+00,2.362722456455230713e-01,4.280769824981689453e-01,-8.947547802659484573e-01,-1.393920193907194571e+00,-8.117465191722049722e-01,2.450837722248137840e-01
2.693236470222473145e-01,-7.689442634582519531e-01,-4.808453619480133057e-01,-3.710542619228363037e-01,-6.786712408065795898e-01,-1.247614026069641113e-01,1.459549427032470703e+00,2.044738531112670898e-01,4.367750287055969238e-01,-8.947547802659484573e-01,-1.393920193907194571e+00,-8.117465191722049722e-01,2.450837722248137840e-01
2.841477990150451660e-01,-7.681338787078857422e-01,-4.740728139877319336e-01,-3.733513355255126953e-01,-6.563316583633422852e-01,-1.056845411658287048e-01,1.440378427505493164e+00,1.933476328849792480e-01,4.004983305931091309e-01,-5.303644505406887033e-01,3.493072407167259752e-01,-5.959859981486073099e-01,-6.898795147975292918e-01
2.871544957160949707e-01,-7.686480283737182617e-01,-4.691084623336791992e-01,-3.794296681880950928e-01,-6.445249915122985840e-01,-9.493492543697357178e-02,1.432794451713562012e+00,1.749777793884277344e-01,3.846640884876251221e-01,-5.303644505406887033e-01,3.493072407167259752e-01,-5.959859981486073099e-01,-6.898795147975292918e-01
2.888234853744506836e-01,-7.679632306098937988e-01,-4.630085527896881104e-01,-3.840278983116149902e-01,-6.329698562622070312e-01,-8.549256622791290283e-02,1.424316167831420898e+00,1.578899025917053223e-01,3.694762587547302246e-01,-5.303644505406887033e-01,3.493072407167259752e-01,-5.959859981486073099e-01,-6.898795147975292918e-01
2.894985675811767578e-01,-7.662488818168640137e-01,-4.560836851596832275e-01,-3.875187039375305176e-01,-6.217339038848876953e-01,-7.711744308471679688e-02,1.415309429168701172e+00,1.418632268905639648e-01,3.548231720924377441e-01,-5.303644505406887033e-01,3.493072407167259752e-01,-5.959859981486073099e-01,-6.898795147975292918e-01
2.893709540367126465e-01,-7.637078762054443359e-01,-4.485970735549926758e-01,-3.901351690292358398e-01,-6.108344197273254395e-01,-6.962828338146209717e-02,1.405950546264648438e+00,1.267340779304504395e-01,3.407573401927947998e-01,-5.303644505406887033e-01,3.493072407167259752e-01,-5.959859981486073099e-01,-6.898795147975292918e-01
2.885892093181610107e-01,-7.605147361755371094e-01,-4.407567977905273438e-01,-3.920581936836242676e-01,-6.002739071846008301e-01,-6.288173794746398926e-02,1.396360635757446289e+00,1.123754382133483887e-01,3.273239731788635254e-01,-5.303644505406887033e-01,3.493072407167259752e-01,-5.959859981486073099e-01,-6.898795147975292918e-01
2.872761487960815430e-01,-7.568129301071166992e-01,-4.327240288257598877e-01,-3.934334218502044678e-01,-5.900468230247497559e-01,-5.676337331533432007e-02,1.386630654335021973e+00,9.868770837783813477e-02,3.145458698272705078e-01,-5.303644505406887033e-01,3.493072407167259752e-01,-5.959859981486073099e-01,-6.898795147975292918e-01
2.855335175991058350e-01,-7.527191042900085449e-01,-4.246223270893096924e-01,-3.943785727024078369e-01,-5.801423788070678711e-01,-5.118113756179809570e-02,1.376828432083129883e+00,8.559077978134155273e-02,3.024294972419738770e-01,-5.303644505406887033e-01,3.493072407167259752e-01,-5.959859981486073099e-01,-6.898795147975292918e-01
2.834452390670776367e-01,-7.483273148536682129e-01,-4.165448844432830811e-01,-3.949885964393615723e-01,-5.705466866493225098e-01,-4.606066644191741943e-02,1.367005348205566406e+00,7.301962375640869141e-02,2.909684777259826660e-01,-5.303644505406887033e-01,3.493072407167259752e-01,-5.959859981486073099e-01,-6.898795147975292918e-01
2.810800969600677490e-01,-7.437131404876708984e-01,-4.085607826709747314e-01,-3.953397274017333984e-01,-5.612436532974243164e-01,-4.134166985750198364e-02,1.357200384140014648e+00,6.092101335525512695e-02,2.801471352577209473e-01,-5.303644505406887033e-01,3.493072407167259752e-01,-5.959859981486073099e-01,-6.898795147975292918e-01
2.871937751770019531e-01,-7.612686157226562500e-01,-3.927990496158599854e-01,-3.904333114624023438e-01,-5.793187022209167480e-01,-2.526864595711231232e-02,1.378323912620544434e+00,5.929052829742431641e-02,2.432781457901000977e-01,1.428267652763797413e+00,4.354886398656467733e-03,-9.736300259639887322e-01,-5.428294082109819119e-01
2.939414680004119873e-01,-7.708290815353393555e-01,-3.839357793331146240e-01,-3.882753849029541016e-01,-5.891748666763305664e-01,-1.690532825887203217e-02,1.392012596130371094e+00,6.151860952377319336e-02,2.185750752687454224e-01,1.428267652763797413e+00,4.354886398656467733e-03,-9.736300259639887322e-01,-5.428294082109819119e-01
3.018758296966552734e-01,-7.811315059661865234e-01,-3.770047426223754883e-01,-3.870807886123657227e-01,-5.991539955139160156e-01,-8.806325495243072510e-03,1.406768560409545898e+00,6.471478939056396484e-02,1.952647119760513306e-01,1.428267652763797413e+00,4.354886398656467733e-03,-9.736300259639887322e-01,-5.428294082109819119e-01
3.105682730674743652e-01,-7.920576333999633789e-01,-3.716562688350677490e-01,-3.864953815937042236e-01,-6.092631816864013672e-01,-1.053409650921821594e-03,1.422242641448974609e+00,6.887227296829223633e-02,1.734395474195480347e-01,1.428267652763797413e+00,4.354886398656467733e-03,-9.736300259639887322e-01,-5.428294082109819119e-01
3.197949826717376709e-01,-8.034558892250061035e-01,-3.676040172576904297e-01,-3.863306343555450439e-01,-6.195356249809265137e-01,6.314747035503387451e-03,1.438282132148742676e+00,7.395571470260620117e-02,1.529882401227951050e-01,1.428267652763797413e+00,4.354886398656467733e-03,-9.736300259639887322e-01,-5.428294082109819119e-01
3.294014036655426025e-01,-8.152041435241699219e-01,-3.646267950534820557e-01,-3.864581286907196045e-01,-6.299999952316284180e-01,1.328160613775253296e-02,1.454784393310546875e+00,7.992011308670043945e-02,1.337941139936447144e-01,1.428267652763797413e+00,4.354886398656467733e-03,-9.736300259639887322e-01,-5.428294082109819119e-01
3.392735123634338379e-01,-8.272097110748291016e-01,-3.625549674034118652e-01,-3.867853283882141113e-01,-6.406768560409545898e-01,1.984488591551780701e-02,1.471673250198364258e+00,8.671665191650390625e-02,1.157573312520980835e-01,1.428267652763797413e+00,4.354886398656467733e-03,-9.736300259639887322e-01,-5.428294082109819119e-01
3.493266701698303223e-01,-8.394035100936889648e-01,-3.612582981586456299e-01,-3.872449398040771484e-01,-6.515796184539794922e-01,2.601172402501106262e-02,1.488888740539550781e+00,9.429585933685302734e-02,9.879457950592041016e-02,1.428267652763797413e+00,4.354886398656467733e-03,-9.736300259639887322e-01,-5.428294082109819119e-01
3.594983220100402832e-01,-8.517341017723083496e-01,-3.606360852718353271e-01,-3.877880275249481201e-01,-6.627157926559448242e-01,3.179515153169631958e-02,1.506383419036865234e+00,1.026092767715454102e-01,8.283442258834838867e-02,1.428267652763797413e+00,4.354886398656467733e-03,-9.736300259639887322e-01,-5.428294082109819119e-01
3.697428107261657715e-01,-8.641629219055175781e-01,-3.606095910072326660e-01,-3.883792161941528320e-01,-6.740884184837341309e-01,3.721198439598083496e-02,1.524120807647705078e+00,1.116112470626831055e-01,6.781497597694396973e-02,1.428267652763797413e+00,4.354886398656467733e-03,-9.736300259639887322e-01,-5.428294082109819119e-01
3.893164098262786865e-01,-8.545885086059570312e-01,-3.594805002212524414e-01,-3.786755502223968506e-01,-6.640448570251464844e-01,5.206301063299179077e-02,1.507058024406433105e+00,1.291674971580505371e-01,3.541919961571693420e-02,1.654823584628505095e+00,3.977895749925819957e-01,1.986616374900238013e-01,-1.572820559655754957e+00
4.018437564373016357e-01,-8.544915914535522461e-01,-3.590807318687438965e-01,-3.716141581535339355e-01,-6.634577512741088867e-01,5.560331791639328003e-02,1.504669189453125000e+00,1.484888195991516113e-01,1.820073276758193970e-02,1.654823584628505095e+00,3.977895749925819957e-01,1.986616374900238013e-01,-1.572820559655754957e+00
4.128699302673339844e-01,-8.532838821411132812e-01,-3.577067553997039795e-01,-3.633414506912231445e-01,-6.632621884346008301e-01,5.828106403350830078e-02,1.501357436180114746e+00,1.681191921234130859e-01,1.973390579223632812e-03,1.654823584628505095e+00,3.977895749925819957e-01,1.986616374900238013e-01,-1.572820559655754957e+00
4.228100478649139404e-01,-8.511462807655334473e-01,-3.556823432445526123e-01,-3.542230129241943359e-01,-6.634254455566406250e-01,6.026047468185424805e-02,1.497448325157165527e+00,1.880089640617370605e-01,-1.342643797397613525e-02,1.654823584628505095e+00,3.977895749925819957e-01,1.986616374900238013e-01,-1.572820559655754957e+00
4.319005906581878662e-01,-8.482651114463806152e-01,-3.532578945159912109e-01,-3.444755971431732178e-01,-6.638908386230468750e-01,6.165866553783416748e-02,1.493084311485290527e+00,2.081214189529418945e-01,-2.800433710217475891e-02,1.654823584628505095e+00,3.977895749925819957e-01,1.986616374900238013e-01,-1.572820559655754957e+00
4.403108358383178711e-01,-8.447867035865783691e-01,-3.506163358688354492e-01,-3.342544436454772949e-01,-6.646045446395874023e-01,6.256528943777084351e-02,1.488354444503784180e+00,2.284246683120727539e-01,-4.176159203052520752e-02,1.654823584628505095e+00,3.977895749925819957e-01,1.986616374900238013e-01,-1.572820559655754957e+00
4.481678903102874756e-01,-8.408212661743164062e-01,-3.478881120681762695e-01,-3.236749768257141113e-01,-6.655175685882568359e-01,6.305022537708282471e-02,1.483317732810974121e+00,2.488907575607299805e-01,-5.471098050475120544e-02,1.654823584628505095e+00,3.977895749925819957e-01,1.986616374900238013e-01,-1.572820559655754957e+00
4.555680453777313232e-01,-8.364500999450683594e-01,-3.451642990112304688e-01,-3.128234148025512695e-01,-6.665866971015930176e-01,6.316845118999481201e-02,1.478014230728149414e+00,2.694941461086273193e-01,-6.687474250793457031e-02,1.654823584628505095e+00,3.977895749925819957e-01,1.986616374900238013e-01,-1.572820559655754957e+00
4.625843167304992676e-01,-8.317324519157409668e-01,-3.425064086914062500e-01,-3.017641305923461914e-01,-6.677733063697814941e-01,6.296379119157791138e-02,1.472469925880432129e+00,2.902104854583740234e-01,-7.828176021575927734e-02,1.654823584628505095e+00,3.977895749925819957e-01,1.986616374900238013e-01,-1.572820559655754957e+00
4.692712426185607910e-01,-8.267116546630859375e-01,-3.399542570114135742e-01,-2.905443906784057617e-01,-6.690430045127868652e-01,6.247145682573318481e-02,1.466700673103332520e+00,3.110177814960479736e-01,-8.896414935588836670e-02,1.654823584628505095e+00,3.977895749925819957e-01,1.986616374900238013e-01,-1.572820559655754957e+00
4.450156092643737793e-01,-7.961734533309936523e-01,-3.521266281604766846e-01,-2.955341637134552002e-01,-6.537364125251770020e-01,3.482940420508384705e-02,1.441910147666931152e+00,3.022776246070861816e-01,-3.019063547253608704e-02,2.136340168671021500e-01,-1.590711712997404215e+00,1.457305425032020318e+00,-1.357326159431875956e+00
4.318718910217285156e-01,-7.842754721641540527e-01,-3.586969673633575439e-01,-2.945332825183868408e-01,-6.494932770729064941e-01,2.011572569608688354e-02,1.430621981620788574e+00,3.031738102436065674e-01,2.091214060783386230e-03,2.136340168671021500e-01,-1.590711712997404215e+00,1.457305425032020318e+00,-1.357326159431875956e+00
4.186639785766601562e-01,-7.732878923416137695e-01,-3.651320636272430420e-01,-2.937036454677581787e-01,-6.447323560714721680e-01,6.751075387001037598e-03,1.418850064277648926e+00,3.025004565715789795e-01,3.368189185857772827e-02,2.136340168671021500e-01,-1.590711712997404215e+00,1.457305425032020318e+00,-1.357326159431875956e+00
4.059071838855743408e-01,-7.628213763236999512e-01,-3.712480962276458740e-01,-2.933686673641204834e-01,-6.396306753158569336e-01,-5.373792722821235657e-03,1.407236218452453613e+00,3.004410266876220703e-01,6.365282833576202393e-02,2.136340168671021500e-01,-1.590711712997404215e+00,1.457305425032020318e+00,-1.357326159431875956e+00
3.936152160167694092e-01,-7.527906894683837891e-01,-3.769781589508056641e-01,-2.935006618499755859e-01,-6.342214345932006836e-01,-1.639671623706817627e-02,1.395834684371948242e+00,2.971484959125518799e-01,9.194898605346679688e-02,2.136340168671021500e-01,-1.590711712997404215e+00,1.457305425032020318e+00,-1.357326159431875956e+00
3.817464411258697510e-01,-7.431516051292419434e-01,-3.822838962078094482e-01,-2.940401136875152588e-01,-6.285209655761718750e-01,-2.643992938101291656e-02,1.384628772735595703e+00,2.927529513835906982e-01,1.186263412237167358e-01,2.136340168671021500e-01,-1.590711712997404215e+00,1.457305425032020318e+00,-1.357326159431875956e+00
3.702566623687744141e-01,-7.338681221008300781e-01,-3.871415853500366211e-01,-2.949323952198028564e-01,-6.225445866584777832e-01,-3.560787439346313477e-02,1.373595595359802246e+00,2.873650789260864258e-01,1.437573283910751343e-01,2.136340168671021500e-01,-1.590711712997404215e+00,1.457305425032020318e+00,-1.357326159431875956e+00
3.591060340404510498e-01,-7.249087095260620117e-01,-3.915385603904724121e-01,-2.961312532424926758e-01,-6.163075566291809082e-01,-4.398939013481140137e-02,1.362712979316711426e+00,2.810799181461334229e-01,1.674181520938873291e-01,2.136340168671021500e-01,-1.590711712997404215e+00,1.457305425032020318e+00,-1.357326159431875956e+00
3.482588827610015869e-01,-7.162443995475769043e-01,-3.954705595970153809e-01,-2.975976169109344482e-01,-6.098257303237915039e-01,-5.166023969650268555e-02,1.351961612701416016e+00,2.739791870117187500e-01,1.896851956844329834e-01,2.136340168671021500e-01,-1.590711712997404215e+00,1.457305425032020318e+00,-1.357326159431875956e+00
3.376832902431488037e-01,-7.078498005867004395e-01,-3.989400565624237061e-01,-2.992983758449554443e-01,-6.031147837638854980e-01,-5.868540331721305847e-02,1.341323733329772949e+00,2.661332786083221436e-01,2.106345593929290771e-01,2.136340168671021500e-01,-1.590711712997404215e+00,1.457305425032020318e+00,-1.357326159431875956e+00
3.358026146888732910e-01,-6.978263854980468750e-01,-4.029942452907562256e-01,-2.713517844676971436e-01,-6.317642927169799805e-01,-8.069127798080444336e-02,1.348562836647033691e+00,3.267392218112945557e-01,2.301533371210098267e-01,1.265813562478264487e+00,2.474288774699226479e-01,1.365568249122120603e+00,9.696723553254675831e-01
3.392956852912902832e-01,-6.925514340400695801e-01,-4.130149781703948975e-01,-2.579224705696105957e-01,-6.485866904258728027e-01,-8.770599961280822754e-02,1.353097200393676758e+00,3.607832193374633789e-01,2.441409379243850708e-01,1.265813562478264487e+00,2.474288774699226479e-01,1.365568249122120603e+00,9.696723553254675831e-01
3.438903093338012695e-01,-6.885868906974792480e-01,-4.236468374729156494e-01,-2.448381185531616211e-01,-6.640462279319763184e-01,-9.476662427186965942e-02,1.357409715652465820e+00,3.953912854194641113e-01,2.576453387737274170e-01,1.265813562478264487e+00,2.474288774699226479e-01,1.365568249122120603e+00,9.696723553254675831e-01
3.495207130908966064e-01,-6.853305101394653320e-01,-4.344801902770996094e-01,-2.321315854787826538e-01,-6.785832047462463379e-01,-1.018508598208427429e-01,1.361856698989868164e+00,4.303456544876098633e-01,2.700903117656707764e-01,1.265813562478264487e+00,2.474288774699226479e-01,1.365568249122120603e+00,9.696723553254675831e-01
3.558967709541320801e-01,-6.825227141380310059e-01,-4.452972710132598877e-01,-2.196552753448486328e-01,-6.924504041671752930e-01,-1.089635267853736877e-01,1.366420030593872070e+00,4.655072391033172607e-01,2.815183699131011963e-01,1.265813562478264487e+00,2.474288774699226479e-01,1.365568249122120603e+00,9.696723553254675831e-01
3.627878725528717041e-01,-6.800097227096557617e-01,-4.559693038463592529e-01,-2.072934061288833618e-01,-7.058259248733520508e-01,-1.161042004823684692e-01,1.371066093444824219e+00,5.007733106613159180e-01,2.920329272747039795e-01,1.265813562478264487e+00,2.474288774699226479e-01,1.365568249122120603e+00,9.696723553254675831e-01
3.700317144393920898e-01,-6.776946187019348145e-01,-4.664219319820404053e-01,-1.949712336063385010e-01,-7.188413739204406738e-01,-1.232668086886405945e-01,1.375779151916503906e+00,5.360658168792724609e-01,3.017295598983764648e-01,1.265813562478264487e+00,2.474288774699226479e-01,1.365568249122120603e+00,9.696723553254675831e-01
3.775168657302856445e-01,-6.755169630050659180e-01,-4.766168892383575439e-01,-1.826439797878265381e-01,-7.315962314605712891e-01,-1.304421126842498779e-01,1.380557894706726074e+00,5.713250637054443359e-01,3.106919527053833008e-01,1.265813562478264487e+00,2.474288774699226479e-01,1.365568249122120603e+00,9.696723553254675831e-01
3.851677477359771729e-01,-6.734410524368286133e-01,-4.865395724773406982e-01,-1.702871918678283691e-01,-7.441664338111877441e-01,-1.376195996999740601e-01,1.385410070419311523e+00,6.065056324005126953e-01,3.189924955368041992e-01,1.265813562478264487e+00,2.474288774699226479e-01,1.365568249122120603e+00,9.696723553254675831e-01
3.929341733455657959e-01,-6.714477539062500000e-01,-4.961903691291809082e-01,-1.578901708126068115e-01,-7.566105723381042480e-01,-1.447884887456893921e-01,1.390349388122558594e+00,6.415724158287048340e-01,3.266932964324951172e-01,1.265813562478264487e+00,2.474288774699226479e-01,1.365568249122120603e+00,9.696723553254675831e-01
3.922487795352935791e-01,-6.518658399581909180e-01,-4.806139171123504639e-01,-1.557894349098205566e-01,-7.056562900543212891e-01,-1.349836885929107666e-01,1.333962917327880859e+00,6.179792284965515137e-01,3.021503686904907227e-01,-8.550201397226344646e-01,1.254322058095774350e+00,-5.988222002164359653e-02,-6.694261249267875469e-01
3.955885469913482666e-01,-6.409283280372619629e-01,-4.771955907344818115e-01,-1.524712890386581421e-01,-6.868715286254882812e-01,-1.303425431251525879e-01,1.310733675956726074e+00,6.158998012542724609e-01,2.917320132255554199e-01,-8.550201397226344646e-01,1.254322058095774350e+00,-5.988222002164359653e-02,-6.694261249267875469e-01
3.970971107482910156e-01,-6.282280087471008301e-01,-4.717557430267333984e-01,-1.475253105163574219e-01,-6.687055826187133789e-01,-1.268861889839172363e-01,1.286617636680603027e+00,6.145046949386596680e-01,2.813064455986022949e-01,-8.550201397226344646e-01,1.254322058095774350e+00,-5.988222002164359653e-02,-6.694261249267875469e-01
3.970110714435577393e-01,-6.142147779464721680e-01,-4.648402631282806396e-01,-1.412643045186996460e-01,-6.511130928993225098e-01,-1.243366152048110962e-01,1.261784911155700684e+00,6.136141419410705566e-01,2.712043523788452148e-01,-8.550201397226344646e-01,1.254322058095774350e+00,-5.988222002164359653e-02,-6.694261249267875469e-01
3.956069946289062500e-01,-5.992047190666198730e-01,-4.568604826927185059e-01,-1.339947879314422607e-01,-6.340665817260742188e-01,-1.224718242883682251e-01,1.236431241035461426e+00,6.130928993225097656e-01,2.615317702293395996e-01,-8.550201397226344646e-01,1.254322058095774350e+00,-5.988222002164359653e-02,-6.694261249267875469e-01
3.931222558021545410e-01,-5.834465622901916504e-01,-4.481348097324371338e-01,-1.259685158729553223e-01,-6.175342798233032227e-01,-1.211195513606071472e-01,1.210702657699584961e+00,6.128388643264770508e-01,2.523371279239654541e-01,-8.550201397226344646e-01,1.254322058095774350e+00,-5.988222002164359653e-02,-6.694261249267875469e-01
3.897541165351867676e-01,-5.671392679214477539e-01,-4.389092922210693359e-01,-1.173875108361244202e-01,-6.014819145202636719e-01,-1.201469823718070984e-01,1.184702396392822266e+00,6.127753257751464844e-01,2.436406910419464111e-01,-8.550201397226344646e-01,1.254322058095774350e+00,-5.988222002164359653e-02,-6.694261249267875469e-01
3.856659233570098877e-01,-5.504410266876220703e-01,-4.293727874755859375e-01,-1.084132790565490723e-01,-5.858736634254455566e-01,-1.194522306323051453e-01,1.158502578735351562e+00,6.128425598144531250e-01,2.354436218738555908e-01,-8.550201397226344646e-01,1.254322058095774350e+00,-5.988222002164359653e-02,-6.694261249267875469e-01
3.809928894042968750e-01,-5.334767699241638184e-01,-4.196690917015075684e-01,-9.917444735765457153e-02,-5.706735849380493164e-01,-1.189576536417007446e-01,1.132150173187255859e+00,6.129912137985229492e-01,2.277357727289199829e-01,-8.550201397226344646e-01,1.254322058095774350e+00,-5.988222002164359653e-02,-6.694261249267875469e-01
3.758470714092254639e-01,-5.163446664810180664e-01,-4.099060595035552979e-01,-8.977292478084564209e-02,-5.558472871780395508e-01,-1.186047196388244629e-01,1.105677247047424316e+00,6.131816506385803223e-01,2.204979062080383301e-01,-8.550201397226344646e-01,1.254322058095774350e+00,-5.988222002164359653e-02,-6.694261249267875469e-01
3.664948940277099609e-01,-5.261183977127075195e-01,-4.127331674098968506e-01,-8.231908082962036133e-02,-5.951542854309082031e-01,-1.404933929443359375e-01,1.141490221023559570e+00,6.407923698425292969e-01,2.442368119955062866e-01,1.627177674879880742e+00,-1.069683014164093837e+00,1.686859974367078463e+00,-2.328286917404917208e-02
3.610548377037048340e-01,-5.203237533569335938e-01,-4.150463938713073730e-01,-7.076847553253173828e-02,-6.103001832962036133e-01,-1.498999148607254028e-01,1.144691705703735352e+00,6.619104146957397461e-01,2.580276429653167725e-01,1.627177674879880742e+00,-1.069683014164093837e+00,1.686859974367078463e+00,-2.328286917404917208e-02
3.583611845970153809e-01,-5.166453123092651367e-01,-4.194730520248413086e-01,-6.120951473712921143e-02,-6.239418983459472656e-01,-1.584248691797256470e-01,1.149316191673278809e+00,6.827566623687744141e-01,2.711471915245056152e-01,1.627177674879880742e+00,-1.069683014164093837e+00,1.686859974367078463e+00,-2.328286917404917208e-02
3.576307594776153564e-01,-5.145223140716552734e-01,-4.253122210502624512e-01,-5.305560678243637085e-02,-6.365064382553100586e-01,-1.662687212228775024e-01,1.155011892318725586e+00,7.033311128616333008e-01,2.836175560951232910e-01,1.627177674879880742e+00,-1.069683014164093837e+00,1.686859974367078463e+00,-2.328286917404917208e-02
3.583248853683471680e-01,-5.135512948036193848e-01,-4.320688843727111816e-01,-4.590769857168197632e-02,-6.483036875724792480e-01,-1.735739558935165405e-01,1.161524653434753418e+00,7.236357927322387695e-01,2.954346239566802979e-01,1.627177674879880742e+00,-1.069683014164093837e+00,1.686859974367078463e+00,-2.328286917404917208e-02
3.600612282752990723e-01,-5.134471654891967773e-01,-4.393978714942932129e-01,-3.948714211583137512e-02,-6.595564484596252441e-01,-1.804425567388534546e-01,1.168666243553161621e+00,7.436736822128295898e-01,3.066042363643646240e-01,1.627177674879880742e+00,-1.069683014164093837e+00,1.686859974367078463e+00,-2.328286917404917208e-02
3.625669479370117188e-01,-5.140082240104675293e-01,-4.470607042312622070e-01,-3.359948471188545227e-02,-6.704253554344177246e-01,-1.869476288557052612e-01,1.176300406455993652e+00,7.634471058845520020e-01,3.171430230140686035e-01,1.627177674879880742e+00,-1.069683014164093837e+00,1.686859974367078463e+00,-2.328286917404917208e-02
3.656464219093322754e-01,-5.150917768478393555e-01,-4.548942744731903076e-01,-2.810899913311004639e-02,-6.810263991355895996e-01,-1.931417882442474365e-01,1.184329390525817871e+00,7.829580307006835938e-01,3.270749449729919434e-01,1.627177674879880742e+00,-1.069683014164093837e+00,1.686859974367078463e+00,-2.328286917404917208e-02
3.691590130329132080e-01,-5.165966153144836426e-01,-4.627887606620788574e-01,-2.292129769921302795e-02,-6.914436817169189453e-01,-1.990632414817810059e-01,1.192683935165405273e+00,8.022081255912780762e-01,3.364290595054626465e-01,1.627177674879880742e+00,-1.069683014164093837e+00,1.686859974367078463e+00,-2.328286917404917208e-02
3.730039298534393311e-01,-5.184508562088012695e-01,-4.706716537475585938e-01,-1.797161996364593506e-02,-7.017386555671691895e-01,-2.047400027513504028e-01,1.201316952705383301e+00,8.211988210678100586e-01,3.452358543872833252e-01,1.627177674879880742e+00,-1.069683014164093837e+00,1.686859974367078463e+00,-2.328286917404917208e-02
3.665136396884918213e-01,-5.339384078979492188e-01,-4.699540436267852783e-01,-2.897252142429351807e-02,-7.089070081710815430e-01,-2.080820351839065552e-01,1.219842791557312012e+00,8.055421710014343262e-01,3.531670570373535156e-01,3.088441322051311277e-01,-9.906046659592058212e-01,-5.637206642702407428e-02,5.927785913600129852e-01
3.665329217910766602e-01,-5.444664359092712402e-01,-4.751425087451934814e-01,-3.602339699864387512e-02,-7.177138328552246094e-01,-2.103253602981567383e-01,1.236797094345092773e+00,8.022451996803283691e-01,3.610532879829406738e-01,3.088441322051311277e-01,-9.906046659592058212e-01,-5.637206642702407428e-02,5.927785913600129852e-01
3.669865429401397705e-01,-5.554199218750000000e-01,-4.806371033191680908e-01,-4.360112547874450684e-02,-7.265052199363708496e-01,-2.120084911584854126e-01,1.254199028015136719e+00,7.983912229537963867e-01,3.686047494411468506e-01,3.088441322051311277e-01,-9.906046659592058212e-01,-5.637206642702407428e-02,5.927785913600129852e-01
3.677698969841003418e-01,-5.667701959609985352e-01,-4.863580465316772461e-01,-5.159284174442291260e-02,-7.352715730667114258e-01,-2.132152765989303589e-01,1.271923899650573730e+00,7.940660715103149414e-01,3.758761584758758545e-01,3.088441322051311277e-01,-9.906046659592058212e-01,-5.637206642702407428e-02,5.927785913600129852e-01
3.688266575336456299e-01,-5.784726142883300781e-01,-4.922353029251098633e-01,-5.993028730154037476e-02,-7.440153360366821289e-01,-2.140089720487594604e-01,1.289906024932861328e+00,7.893329858779907227e-01,3.828631639480590820e-01,3.088441322051311277e-01,-9.906046659592058212e-01,-5.637206642702407428e-02,5.927785913600129852e-01
3.701118528842926025e-01,-5.904868841171264648e-01,-4.982130527496337891e-01,-6.856147944927215576e-02,-7.527409195899963379e-01,-2.144389301538467407e-01,1.308096885681152344e+00,7.842390537261962891e-01,3.895619213581085205e-01,3.088441322051311277e-01,-9.906046659592058212e-01,-5.637206642702407428e-02,5.927785913600129852e-01
3.715872764587402344e-01,-6.027792692184448242e-01,-5.042477250099182129e-01,-7.744511216878890991e-02,-7.614528536796569824e-01,-2.145437896251678467e-01,1.326458334922790527e+00,7.788191437721252441e-01,3.959723114967346191e-01,3.088441322051311277e-01,-9.906046659592058212e-01,-5.637206642702407428e-02,5.927785913600129852e-01
3.732199072837829590e-01,-6.153213381767272949e-01,-5.103059411048889160e-01,-8.654828369617462158e-02,-7.701549530029296875e-01,-2.143539339303970337e-01,1.344959974288940430e+00,7.730988264083862305e-01,4.020993411540985107e-01,3.088441322051311277e-01,-9.906046659592058212e-01,-5.637206642702407428e-02,5.927785913600129852e-01
3.749822676181793213e-01,-6.280895471572875977e-01,-5.163623094558715820e-01,-9.584529697895050049e-02,-7.788507342338562012e-01,-2.138932347297668457e-01,1.363579034805297852e+00,7.670959830284118652e-01,4.079498946666717529e-01,3.088441322051311277e-01,-9.906046659592058212e-01,-5.637206642702407428e-02,5.927785913600129852e-01
3.768521249294281006e-01,-6.410634517669677734e-01,-5.223976969718933105e-01,-1.053163707256317139e-01,-7.875425815582275391e-01,-2.131807655096054077e-01,1.382298231124877930e+00,7.608240246772766113e-01,4.135320782661437988e-01,3.088441322051311277e-01,-9.906046659592058212e-01,-5.637206642702407428e-02,5.927785913600129852e-01
3.756486475467681885e-01,-6.394123435020446777e-01,-5.381522178649902344e-01,-1.175974681973457336e-01,-7.822296619415283203e-01,-2.224075049161911011e-01,1.386026382446289062e+00,7.555330395698547363e-01,4.399529993534088135e-01,2.591547552602774251e-01,-1.674926591553225430e+00,1.543963332256476084e+00,1.332811437909847685e-01
3.712697625160217285e-01,-6.423923969268798828e-01,-5.485251545906066895e-01,-1.246407479047775269e-01,-7.852432727813720703e-01,-2.281509190797805786e-01,1.393444061279296875e+00,7.512418031692504883e-01,4.617645740509033203e-01,2.591547552602774251e-01,-1.674926591553225430e+00,1.543963332256476084e+00,1.332811437909847685e-01
3.667780160903930664e-01,-6.457103490829467773e-01,-5.582012534141540527e-01,-1.316178143024444580e-01,-7.880941629409790039e-01,-2.334761619567871094e-01,1.400708675384521484e+00,7.463323473930358887e-01,4.825894832611083984e-01,2.591547552602774251e-01,-1.674926591553225430e+00,1.543963332256476084e+00,1.332811437909847685e-01
3.623641729354858398e-01,-6.492602825164794922e-01,-5.672152638435363770e-01,-1.386834681034088135e-01,-7.908326983451843262e-01,-2.383662462234497070e-01,1.408024668693542480e+00,7.408027648925781250e-01,5.022157430648803711e-01,2.591547552602774251e-01,-1.674926591553225430e+00,1.543963332256476084e+00,1.332811437909847685e-01
3.580507636070251465e-01,-6.530306935310363770e-01,-5.756250023841857910e-01,-1.458687484264373779e-01,-7.934637069702148438e-01,-2.428250163793563843e-01,1.415412306785583496e+00,7.346574664115905762e-01,5.206968784332275391e-01,2.591547552602774251e-01,-1.674926591553225430e+00,1.543963332256476084e+00,1.332811437909847685e-01
3.538404703140258789e-01,-6.570174098014831543e-01,-5.834831595420837402e-01,-1.531866937875747681e-01,-7.959869503974914551e-01,-2.468612790107727051e-01,1.422870039939880371e+00,7.279043793678283691e-01,5.381077527999877930e-01,2.591547552602774251e-01,-1.674926591553225430e+00,1.543963332256476084e+00,1.332811437909847685e-01
3.497326374053955078e-01,-6.612150669097900391e-01,-5.908354520797729492e-01,-1.606448739767074585e-01,-7.984008789062500000e-01,-2.504862844944000244e-01,1.430391073226928711e+00,7.205542325973510742e-01,5.545186996459960938e-01,2.591547552602774251e-01,-1.674926591553225430e+00,1.543963332256476084e+00,1.332811437909847685e-01
3.457253575325012207e-01,-6.656160354614257812e-01,-5.977215766906738281e-01,-1.682471036911010742e-01,-8.007037639617919922e-01,-2.537131905555725098e-01,1.437967658042907715e+00,7.126197814941406250e-01,5.699930787086486816e-01,2.591547552602774251e-01,-1.674926591553225430e+00,1.543963332256476084e+00,1.332811437909847685e-01
3.418151736259460449e-01,-6.702112555503845215e-01,-6.041758656501770020e-01,-1.759943217039108276e-01,-8.028936982154846191e-01,-2.565562725067138672e-01,1.445589303970336914e+00,7.041152715682983398e-01,5.845897793769836426e-01,2.591547552602774251e-01,-1.674926591553225430e+00,1.543963332256476084e+00,1.332811437909847685e-01
3.379980325698852539e-01,-6.749903559684753418e-01,-6.102284193038940430e-01,-1.838852614164352417e-01,-8.049685955047607422e-01,-2.590306103229522705e-01,1.453245759010314941e+00,6.950563192367553711e-01,5.983625650405883789e-01,2.591547552602774251e-01,-1.674926591553225430e+00,1.543963332256476084e+00,1.332811437909847685e-01
3.548957705497741699e-01,-6.727897524833679199e-01,-5.819009542465209961e-01,-1.888996064662933350e-01,-7.444717884063720703e-01,-2.142443507909774780e-01,1.392283916473388672e+00,6.453831195831298828e-01,5.211440324783325195e-01,-1.128997187656215484e+00,1.251070575021459241e+00,-1.131923430811821341e+00,-1.306964722209521090e+00
3.601723909378051758e-01,-6.704681515693664551e-01,-5.649570226669311523e-01,-1.957896947860717773e-01,-7.182705402374267578e-01,-1.947798281908035278e-01,1.369965672492980957e+00,6.145014762878417969e-01,4.830588698387145996e-01,-1.128997187656215484e+00,1.251070575021459241e+00,-1.131923430811821341e+00,-1.306964722209521090e+00
3.634308874607086182e-01,-6.656416654586791992e-01,-5.466766357421875000e-01,-2.003684341907501221e-01,-6.927959322929382324e-01,-1.774196028709411621e-01,1.346661090850830078e+00,5.859751701354980469e-01,4.463961124420166016e-01,-1.128997187656215484e+00,1.251070575021459241e+00,-1.131923430811821341e+00,-1.306964722209521090e+00
3.649007678031921387e-01,-6.587893962860107422e-01,-5.275576114654541016e-01,-2.030333578586578369e-01,-6.680833101272583008e-01,-1.618229448795318604e-01,1.322645425796508789e+00,5.594024658203125000e-01,4.114404022693634033e-01,-1.128997187656215484e+00,1.251070575021459241e+00,-1.131923430811821341e+00,-1.306964722209521090e+00
3.648311495780944824e-01,-6.502953767776489258e-01,-5.079834461212158203e-01,-2.041488289833068848e-01,-6.441526412963867188e-01,-1.477107405662536621e-01,1.298150062561035156e+00,5.344613790512084961e-01,3.782984614372253418e-01,-1.128997187656215484e+00,1.251070575021459241e+00,-1.131923430811821341e+00,-1.306964722209521090e+00
3.634482026100158691e-01,-6.404836773872375488e-01,-4.882519245147705078e-01,-2.040260732173919678e-01,-6.210020780563354492e-01,-1.348559558391571045e-01,1.273341774940490723e+00,5.108926892280578613e-01,3.469973802566528320e-01,-1.128997187656215484e+00,1.251070575021459241e+00,-1.131923430811821341e+00,-1.306964722209521090e+00
3.609509170055389404e-01,-6.296289563179016113e-01,-4.685915112495422363e-01,-2.029278874397277832e-01,-5.986133813858032227e-01,-1.230734884738922119e-01,1.248336911201477051e+00,4.884847104549407959e-01,3.175135850906372070e-01,-1.128997187656215484e+00,1.251070575021459241e+00,-1.131923430811821341e+00,-1.306964722209521090e+00
3.575122952461242676e-01,-6.179628968238830566e-01,-4.491747915744781494e-01,-2.010753750801086426e-01,-5.769563317298889160e-01,-1.122120842337608337e-01,1.223214149475097656e+00,4.670608341693878174e-01,2.897908985614776611e-01,-1.128997187656215484e+00,1.251070575021459241e+00,-1.131923430811821341e+00,-1.306964722209521090e+00
3.532817661762237549e-01,-6.056798100471496582e-01,-4.301290512084960938e-01,-1.986541897058486938e-01,-5.559930801391601562e-01,-1.021475568413734436e-01,1.198023796081542969e+00,4.464692175388336182e-01,2.637546658515930176e-01,-1.128997187656215484e+00,1.251070575021459241e+00,-1.131923430811821341e+00,-1.306964722209521090e+00
3.483883142471313477e-01,-5.929404497146606445e-01,-4.115452766418457031e-01,-1.958194077014923096e-01,-5.356817841529846191e-01,-9.277845919132232666e-02,1.172802567481994629e+00,4.265834987163543701e-01,2.393177002668380737e-01,-1.128997187656215484e+00,1.251070575021459241e+00,-1.131923430811821341e+00,-1.306964722209521090e+00
3.368448317050933838e-01,-6.326376795768737793e-01,-4.010683298110961914e-01,-2.085917592048645020e-01,-5.846425890922546387e-01,-9.507313370704650879e-02,1.239293575286865234e+00,4.083414673805236816e-01,2.374838441610336304e-01,5.791765312690687617e-01,-1.612676511148130709e+00,-1.390993457722172533e+00,-5.181484214901063146e-01
3.283888697624206543e-01,-6.457130312919616699e-01,-3.903426826000213623e-01,-2.181261032819747925e-01,-5.956144332885742188e-01,-9.184381365776062012e-02,1.259393692016601562e+00,3.838063478469848633e-01,2.300824671983718872e-01,5.791765312690687617e-01,-1.612676511148130709e+00,-1.390993457722172533e+00,-5.181484214901063146e-01
3.227348923683166504e-01,-6.608768105506896973e-01,-3.832651674747467041e-01,-2.301854342222213745e-01,-6.060466766357421875e-01,-8.735374361276626587e-02,1.281577944755554199e+00,3.588870763778686523e-01,2.239246815443038940e-01,5.791765312690687617e-01,-1.612676511148130709e+00,-1.390993457722172533e+00,-5.181484214901063146e-01
3.191388547420501709e-01,-6.777181029319763184e-01,-3.789836466312408447e-01,-2.440375834703445435e-01,-6.160612106323242188e-01,-8.198837935924530029e-02,1.305299758911132812e+00,3.338834941387176514e-01,2.188822925090789795e-01,5.791765312690687617e-01,-1.612676511148130709e+00,-1.390993457722172533e+00,-5.181484214901063146e-01
3.171091079711914062e-01,-6.958664655685424805e-01,-3.768262565135955811e-01,-2.591963112354278564e-01,-6.257925629615783691e-01,-7.601675391197204590e-02,1.330209970474243164e+00,3.089845180511474609e-01,2.147065401077270508e-01,5.791765312690687617e-01,-1.612676511148130709e+00,-1.390993457722172533e+00,-5.181484214901063146e-01
3.162747025489807129e-01,-7.150304913520812988e-01,-3.762802183628082275e-01,-2.753079533576965332e-01,-6.353561878204345703e-01,-6.962762773036956787e-02,1.356042385101318359e+00,2.843041718006134033e-01,2.111914753913879395e-01,5.791765312690687617e-01,-1.612676511148130709e+00,-1.390993457722172533e+00,-5.181484214901063146e-01
3.163505792617797852e-01,-7.349870800971984863e-01,-3.769589662551879883e-01,-2.921126186847686768e-01,-6.448443531990051270e-01,-6.295223534107208252e-02,1.382594943046569824e+00,2.599050998687744141e-01,2.081838250160217285e-01,5.791765312690687617e-01,-1.612676511148130709e+00,-1.390993457722172533e+00,-5.181484214901063146e-01
3.171185851097106934e-01,-7.555662989616394043e-01,-3.785730600357055664e-01,-3.094202280044555664e-01,-6.543287634849548340e-01,-5.608054995536804199e-02,1.409715890884399414e+00,2.358157336711883545e-01,2.055719792842864990e-01,5.791765312690687617e-01,-1.612676511148130709e+00,-1.390993457722172533e+00,-5.181484214901063146e-01
3.184129595756530762e-01,-7.766389846801757812e-01,-3.809067010879516602e-01,-3.270928859710693359e-01,-6.638630032539367676e-01,-4.907343909144401550e-02,1.437294125556945801e+00,2.120425105094909668e-01,2.032757848501205444e-01,5.791765312690687617e-01,-1.612676511148130709e+00,-1.390993457722172533e+00,-5.181484214901063146e-01
3.201089501380920410e-01,-7.981063127517700195e-01,-3.837997317314147949e-01,-3.450314998626708984e-01,-6.734861135482788086e-01,-4.197151213884353638e-02,1.465249538421630859e+00,1.885780692100524902e-01,2.012383490800857544e-01,5.791765312690687617e-01,-1.612676511148130709e+00,-1.390993457722172533e+00,-5.181484214901063146e-01
3.251593410968780518e-01,-8.074766993522644043e-01,-4.014049768447875977e-01,-3.782088160514831543e-01,-6.519492864608764648e-01,-2.840708568692207336e-02,1.466101408004760742e+00,1.405195593833923340e-01,2.115619927644729614e-01,-1.545106132208152738e+00,-6.164844206858540732e-01,-1.330392521671859507e+00,-5.943950477641674057e-01
3.187638521194458008e-01,-8.109967112541198730e-01,-4.018764793872833252e-01,-3.936999142169952393e-01,-6.405929923057556152e-01,-2.551041916012763977e-02,1.465058684349060059e+00,1.084780097007751465e-01,2.176001816987991333e-01,-1.545106132208152738e+00,-6.164844206858540732e-01,-1.330392521671859507e+00,-5.943950477641674057e-01
3.112392425537109375e-01,-8.139709234237670898e-01,-4.012347459793090820e-01,-4.084158241748809814e-01,-6.294714212417602539e-01,-2.265024371445178986e-02,1.463403344154357910e+00,7.584559917449951172e-02,2.235225439071655273e-01,-1.545106132208152738e+00,-6.164844206858540732e-01,-1.330392521671859507e+00,-5.943950477641674057e-01
3.030027449131011963e-01,-8.164606094360351562e-01,-3.997238278388977051e-01,-4.226603806018829346e-01,-6.185959577560424805e-01,-1.974019035696983337e-02,1.461488366127014160e+00,4.268711805343627930e-02,2.290782034397125244e-01,-1.545106132208152738e+00,-6.164844206858540732e-01,-1.330392521671859507e+00,-5.943950477641674057e-01
2.942546904087066650e-01,-8.185889720916748047e-01,-3.975524902343750000e-01,-4.365743398666381836e-01,-6.079336404800415039e-01,-1.673437841236591339e-02,1.459431171417236328e+00,9.067356586456298828e-03,2.342829406261444092e-01,-1.545106132208152738e+00,-6.164844206858540732e-01,-1.330392521671859507e+00,-5.943950477641674057e-01
2.851351499557495117e-01,-8.204569816589355469e-01,-3.948812186717987061e-01,-4.502519667148590088e-01,-5.974503755569458008e-01,-1.360661163926124573e-02,1.457299232482910156e+00,-2.495372295379638672e-02,2.391722053289413452e-01,-1.545106132208152738e+00,-6.164844206858540732e-01,-1.330392521671859507e+00,-5.943950477641674057e-01
2.757493853569030762e-01,-8.221410512924194336e-01,-3.918307423591613770e-01,-4.637609124183654785e-01,-5.871163606643676758e-01,-1.034340634942054749e-02,1.455135703086853027e+00,-5.932134389877319336e-02,2.437763065099716187e-01,-1.545106132208152738e+00,-6.164844206858540732e-01,-1.330392521671859507e+00,-5.943950477641674057e-01
2.661769390106201172e-01,-8.236970901489257812e-01,-3.884913325309753418e-01,-4.771502614021301270e-01,-5.769053697586059570e-01,-6.939565762877464294e-03,1.452968239784240723e+00,-9.398788213729858398e-02,2.481190562248229980e-01,-1.545106132208152738e+00,-6.164844206858540732e-01,-1.330392521671859507e+00,-5.943950477641674057e-01
2.564776837825775146e-01,-8.251653313636779785e-01,-3.849299252033233643e-01,-4.904549717903137207e-01,-5.667948722839355469e-01,-3.395585343241691589e-03,1.450814008712768555e+00,-1.289108991622924805e-01,2.522190511226654053e-01,-1.545106132208152738e+00,-6.164844206858540732e-01,-1.330392521671859507e+00,-5.943950477641674057e-01
2.466962933540344238e-01,-8.265735507011413574e-01,-3.811957836151123047e-01,-5.036996603012084961e-01,-5.567657947540283203e-01,2.846121788024902344e-04,1.448681831359863281e+00,-1.640537381172180176e-01,2.560909688472747803e-01,-1.545106132208152738e+00,-6.164844206858540732e-01,-1.330392521671859507e+00,-5.943950477641674057e-01
2.251642942428588867e-01,-7.788958549499511719e-01,-3.848753571510314941e-01,-4.846969544887542725e-01,-5.531262755393981934e-01,-2.406418696045875549e-02,1.413196325302124023e+00,-1.423677802085876465e-01,2.995412647724151611e-01,-7.945441971874930842e-02,-6.106278249762673305e-01,1.548479488045224173e+00,4.378442753129284659e-01
2.200593799352645874e-01,-7.710812687873840332e-01,-3.953021764755249023e-01,-4.815129041671752930e-01,-5.546852946281433105e-01,-3.410945460200309753e-02,1.407140493392944336e+00,-1.310740709304809570e-01,3.257894217967987061e-01,-7.945441971874930842e-02,-6.106278249762673305e-01,1.548479488045224173e+00,4.378442753129284659e-01
2.149637043476104736e-01,-7.635200023651123047e-01,-4.050821959972381592e-01,-4.781762361526489258e-01,-5.554547905921936035e-01,-4.371673241257667542e-02,1.400430917739868164e+00,-1.203702092170715332e-01,3.508661091327667236e-01,-7.945441971874930842e-02,-6.106278249762673305e-01,1.548479488045224173e+00,4.378442753129284659e-01
2.100670933723449707e-01,-7.560036182403564453e-01,-4.141459167003631592e-01,-4.748515486717224121e-01,-5.556070804595947266e-01,-5.288985744118690491e-02,1.393414974212646484e+00,-1.102641820907592773e-01,3.744069039821624756e-01,-7.945441971874930842e-02,-6.106278249762673305e-01,1.548479488045224173e+00,4.378442753129284659e-01
2.053369879722595215e-01,-7.484942078590393066e-01,-4.224936366081237793e-01,-4.715382158756256104e-01,-5.552312731742858887e-01,-6.165276840329170227e-02,1.386156558990478516e+00,-1.007373332977294922e-01,3.964671790599822998e-01,-7.945441971874930842e-02,-6.106278249762673305e-01,1.548479488045224173e+00,4.378442753129284659e-01
2.007332146167755127e-01,-7.409812808036804199e-01,-4.301445484161376953e-01,-4.682262539863586426e-01,-5.543967485427856445e-01,-7.002730667591094971e-02,1.378689289093017578e+00,-9.176617860794067383e-02,4.171417951583862305e-01,-7.945441971874930842e-02,-6.106278249762673305e-01,1.548479488045224173e+00,4.378442753129284659e-01
1.962265372276306152e-01,-7.334634065628051758e-01,-4.371266961097717285e-01,-4.649104177951812744e-01,-5.531621575355529785e-01,-7.803210616111755371e-02,1.371042490005493164e+00,-8.332473039627075195e-02,4.365222156047821045e-01,-7.945441971874930842e-02,-6.106278249762673305e-01,1.548479488045224173e+00,4.378442753129284659e-01
1.917969584465026855e-01,-7.259438037872314453e-01,-4.434738755226135254e-01,-4.615895450115203857e-01,-5.515774488449096680e-01,-8.568323403596878052e-02,1.363242387771606445e+00,-7.538723945617675781e-02,4.546958804130554199e-01,-7.945441971874930842e-02,-6.106278249762673305e-01,1.548479488045224173e+00,4.378442753129284659e-01
1.874312162399291992e-01,-7.184283733367919922e-01,-4.492226243019104004e-01,-4.582650363445281982e-01,-5.496855974197387695e-01,-9.299506247043609619e-02,1.355312585830688477e+00,-6.792706251144409180e-02,4.717441797256469727e-01,-7.945441971874930842e-02,-6.106278249762673305e-01,1.548479488045224173e+00,4.378442753129284659e-01
1.831212639808654785e-01,-7.109241485595703125e-01,-4.544105827808380127e-01,-4.549400806427001953e-01,-5.475238561630249023e-01,-9.998065233230590820e-02,1.347274065017700195e+00,-6.091916561126708984e-02,4.877422153949737549e-01,-7.945441971874930842e-02,-6.106278249762673305e-01,1.548479488045224173e+00,4.378442753129284659e-01
1.659777462482452393e-01,-7.130377292633056641e-01,-4.439605176448822021e-01,-4.644142985343933105e-01,-5.371034145355224609e-01,-9.760256856679916382e-02,1.341164708137512207e+00,-9.916204214096069336e-02,4.920686781406402588e-01,-9.758534589958202110e-01,-8.871713828692788795e-01,-7.332647541832882677e-03,2.820435515081956002e-01
1.589646935462951660e-01,-7.137177586555480957e-01,-4.442802667617797852e-01,-4.730455279350280762e-01,-5.305814146995544434e-01,-9.808766841888427734e-02,1.339281558990478516e+00,-1.190414428710937500e-01,5.007402896881103516e-01,-9.758534589958202110e-01,-8.871713828692788795e-01,-7.332647541832882677e-03,2.820435515081956002e-01
1.519032120704650879e-01,-7.140895724296569824e-01,-4.441510438919067383e-01,-4.817273914813995361e-01,-5.240874886512756348e-01,-9.826308488845825195e-02,1.337396264076232910e+00,-1.394912600517272949e-01,5.086651444435119629e-01,-9.758534589958202110e-01,-8.871713828692788795e-01,-7.332647541832882677e-03,2.820435515081956002e-01
1.447032690048217773e-01,-7.142891287803649902e-01,-4.436736702919006348e-01,-4.903743863105773926e-01,-5.175373554229736328e-01,-9.816156327724456787e-02,1.335335135459899902e+00,-1.604301929473876953e-01,5.161344408988952637e-01,-9.758534589958202110e-01,-8.871713828692788795e-01,-7.332647541832882677e-03,2.820435515081956002e-01
1.373945176601409912e-01,-7.143490910530090332e-01,-4.429005384445190430e-01,-4.989889264106750488e-01,-5.108951926231384277e-01,-9.780398756265640259e-02,1.333077907562255859e+00,-1.817992925643920898e-01,5.231977701187133789e-01,-9.758534589958202110e-01,-8.871713828692788795e-01,-7.332647541832882677e-03,2.820435515081956002e-01
1.300061494112014771e-01,-7.142829895019531250e-01,-4.418668150901794434e-01,-5.075753331184387207e-01,-5.041378736495971680e-01,-9.720959514379501343e-02,1.330617904663085938e+00,-2.035481333732604980e-01,5.298781394958496094e-01,-9.758534589958202110e-01,-8.871713828692788795e-01,-7.332647541832882677e-03,2.820435515081956002e-01
1.225582584738731384e-01,-7.140956521034240723e-01,-4.405976831912994385e-01,-5.161338448524475098e-01,-4.972490370273590088e-01,-9.639655798673629761e-02,1.327947735786437988e+00,-2.256339192390441895e-01,5.361950993537902832e-01,-9.758534589958202110e-01,-8.871713828692788795e-01,-7.332647541832882677e-03,2.820435515081956002e-01
1.150633841753005981e-01,-7.137868404388427734e-01,-4.391116797924041748e-01,-5.246610641479492188e-01,-4.902172088623046875e-01,-9.538187086582183838e-02,1.325059294700622559e+00,-2.480189204216003418e-01,5.421668291091918945e-01,-9.758534589958202110e-01,-8.871713828692788795e-01,-7.332647541832882677e-03,2.820435515081956002e-01
1.075286492705345154e-01,-7.133535146713256836e-01,-4.374223947525024414e-01,-5.331509113311767578e-01,-4.830344021320343018e-01,-9.418129175901412964e-02,1.321943283081054688e+00,-2.706696689128875732e-01,5.478113293647766113e-01,-9.758534589958202110e-01,-8.871713828692788795e-01,-7.332647541832882677e-03,2.820435515081956002e-01
9.995813667774200439e-02,-7.127897739410400391e-01,-4.355403780937194824e-01,-5.415968298912048340e-01,-4.756957292556762695e-01,-9.280904382467269897e-02,1.318591594696044922e+00,-2.935568690299987793e-01,5.531447529792785645e-01,-9.758534589958202110e-01,-8.871713828692788795e-01,-7.332647541832882677e-03,2.820435515081956002e-01
1.098134741187095642e-01,-6.862937211990356445e-01,-4.302711486816406250e-01,-5.060048699378967285e-01,-4.864960014820098877e-01,-9.954476356506347656e-02,1.300057530403137207e+00,-2.290995121002197266e-01,5.383408665657043457e-01,9.390969332929333113e-01,3.470761769661921403e-01,1.693871674979355424e+00,9.236184088293484251e-01
1.168970391154289246e-01,-6.801431179046630859e-01,-4.356624484062194824e-01,-4.941125214099884033e-01,-4.912368953227996826e-01,-1.016683205962181091e-01,1.294819116592407227e+00,-2.011265158653259277e-01,5.393769145011901855e-01,9.390969332929333113e-01,3.470761769661921403e-01,1.693871674979355424e+00,9.236184088293484251e-01
1.236890181899070740e-01,-6.738922595977783203e-01,-4.405415952205657959e-01,-4.816301763057708740e-01,-4.957917928695678711e-01,-1.044034734368324280e-01,1.289231538772583008e+00,-1.722906827926635742e-01,5.402858853340148926e-01,9.390969332929333113e-01,3.470761769661921403e-01,1.693871674979355424e+00,9.236184088293484251e-01
1.303524374961853027e-01,-6.674651503562927246e-01,-4.449628293514251709e-01,-4.687447547912597656e-01,-5.002828836441040039e-01,-1.076245233416557312e-01,1.283546566963195801e+00,-1.427741646766662598e-01,5.408710837364196777e-01,9.390969332929333113e-01,3.470761769661921403e-01,1.693871674979355424e+00,9.236184088293484251e-01
1.369092762470245361e-01,-6.608840227127075195e-01,-4.490043520927429199e-01,-4.555288851261138916e-01,-5.047721266746520996e-01,-1.112398803234100342e-01,1.277835130691528320e+00,-1.127081513404846191e-01,5.411785840988159180e-01,9.390969332929333113e-01,3.470761769661921403e-01,1.693871674979355424e+00,9.236184088293484251e-01
1.433721184730529785e-01,-6.541807055473327637e-01,-4.527392685413360596e-01,-4.420379698276519775e-01,-5.093016624450683594e-01,-1.151746660470962524e-01,1.272141098976135254e+00,-8.219701051712036133e-02,5.412671566009521484e-01,9.390969332929333113e-01,3.470761769661921403e-01,1.693871674979355424e+00,9.236184088293484251e-01
1.497549712657928467e-01,-6.473854780197143555e-01,-4.562317728996276855e-01,-4.283197224140167236e-01,-5.139012932777404785e-01,-1.193670332431793213e-01,1.266498684883117676e+00,-5.132609605789184570e-02,5.411866307258605957e-01,9.390969332929333113e-01,3.470761769661921403e-01,1.693871674979355424e+00,9.236184088293484251e-01
1.560728251934051514e-01,-6.405264139175415039e-01,-4.595369696617126465e-01,-4.144157767295837402e-01,-5.185921192169189453e-01,-1.237660720944404602e-01,1.260936737060546875e+00,-2.016550302505493164e-02,5.409771800041198730e-01,9.390969332929333113e-01,3.470761769661921403e-01,1.693871674979355424e+00,9.236184088293484251e-01
1.623403131961822510e-01,-6.336283087730407715e-01,-4.627018272876739502e-01,-4.003615379333496094e-01,-5.233886837959289551e-01,-1.283300369977951050e-01,1.255478143692016602e+00,1.122802495956420898e-02,5.406707525253295898e-01,9.390969332929333113e-01,3.470761769661921403e-01,1.693871674979355424e+00,9.236184088293484251e-01
1.685714125633239746e-01,-6.267126202583312988e-01,-4.657656550407409668e-01,-3.861870169639587402e-01,-5.283006429672241211e-01,-1.330249905586242676e-01,1.250141143798828125e+00,4.280823469161987305e-02,5.402925610542297363e-01,9.390969332929333113e-01,3.470761769661921403e-01,1.693871674979355424e+00,9.236184088293484251e-01
1.679587066173553467e-01,-6.286514997482299805e-01,-4.306699335575103760e-01,-3.994960784912109375e-01,-4.710533618927001953e-01,-1.019048616290092468e-01,1.206166625022888184e+00,-2.522808313369750977e-02,4.771291017532348633e-01,-6.829805294707335106e-01,6.789386214646007112e-01,-5.553567209367742397e-01,-1.485159105010832148e+00
1.694710701704025269e-01,-6.229913234710693359e-01,-4.156395494937896729e-01,-4.006358087062835693e-01,-4.483697712421417236e-01,-8.931690454483032227e-02,1.184752941131591797e+00,-4.578286409378051758e-02,4.481069445610046387e-01,-6.829805294707335106e-01,6.789386214646007112e-01,-5.553567209367742397e-01,-1.485159105010832148e+00
1.696396917104721069e-01,-6.155923604965209961e-01,-3.995777070522308350e-01,-4.007342457771301270e-01,-4.271570444107055664e-01,-7.771585881710052490e-02,1.163547158241271973e+00,-6.564092636108398438e-02,4.194540977478027344e-01,-6.829805294707335106e-01,6.789386214646007112e-01,-5.553567209367742397e-01,-1.485159105010832148e+00
1.684552431106567383e-01,-6.071019172668457031e-01,-3.830498754978179932e-01,-3.998662531375885010e-01,-4.071694314479827881e-01,-6.696909666061401367e-02,1.142242193222045898e+00,-8.485034108161926270e-02,3.919861912727355957e-01,-6.829805294707335106e-01,6.789386214646007112e-01,-5.553567209367742397e-01,-1.485159105010832148e+00
1.661936342716217041e-01,-5.978564023971557617e-01,-3.664163351058959961e-01,-3.982862830162048340e-01,-3.882686197757720947e-01,-5.695653334259986877e-02,1.120900034904479980e+00,-1.034688949584960938e-01,3.658364415168762207e-01,-6.829805294707335106e-01,6.789386214646007112e-01,-5.553567209367742397e-01,-1.485159105010832148e+00
1.631050407886505127e-01,-5.880990624427795410e-01,-3.499293923377990723e-01,-3.962139785289764404e-01,-3.703360557556152344e-01,-4.758485034108161926e-02,1.099596500396728516e+00,-1.215442419052124023e-01,3.410264253616333008e-01,-6.829805294707335106e-01,6.789386214646007112e-01,-5.553567209367742397e-01,-1.485159105010832148e+00
1.593893468379974365e-01,-5.780151486396789551e-01,-3.337638378143310547e-01,-3.938214182853698730e-01,-3.532646000385284424e-01,-3.878188505768775940e-02,1.078389644622802734e+00,-1.391190290451049805e-01,3.175436854362487793e-01,-6.829805294707335106e-01,6.789386214646007112e-01,-5.553567209367742397e-01,-1.485159105010832148e+00
1.552019119262695312e-01,-5.677455067634582520e-01,-3.180363774299621582e-01,-3.912405371665954590e-01,-3.369578719139099121e-01,-3.049111366271972656e-02,1.057321071624755859e+00,-1.562327146530151367e-01,2.953580915927886963e-01,-6.829805294707335106e-01,6.789386214646007112e-01,-5.553567209367742397e-01,-1.485159105010832148e+00
1.506615430116653442e-01,-5.573964118957519531e-01,-3.028201460838317871e-01,-3.885712027549743652e-01,-3.213301897048950195e-01,-2.266708388924598694e-02,1.036421775817871094e+00,-1.729224324226379395e-01,2.744276523590087891e-01,-6.829805294707335106e-01,6.789386214646007112e-01,-5.553567209367742397e-01,-1.485159105010832148e+00
1.458579599857330322e-01,-5.470467805862426758e-01,-2.881555557250976562e-01,-3.858883082866668701e-01,-3.063065111637115479e-01,-1.527219358831644058e-02,1.015714645385742188e+00,-1.892237663269042969e-01,2.547023296356201172e-01,-6.829805294707335106e-01,6.789386214646007112e-01,-5.553567209367742397e-01,-1.485159105010832148e+00
1.200374066829681396e-01,-5.454331636428833008e-01,-2.704834938049316406e-01,-3.992381989955902100e-01,-2.970778644084930420e-01,-2.307108975946903229e-02,1.011950492858886719e+00,-2.344949543476104736e-01,2.614744305610656738e-01,-1.287660047615561520e+00,-1.110331885269330687e+00,-7.913099971175839853e-01,-1.276090521146012513e+00
1.044588759541511536e-01,-5.426405668258666992e-01,-2.616602480411529541e-01,-4.107684493064880371e-01,-2.864654958248138428e-01,-2.018744125962257385e-02,1.004312276840209961e+00,-2.739034593105316162e-01,2.646175324916839600e-01,-1.287660047615561520e+00,-1.110331885269330687e+00,-7.913099971175839853e-01,-1.276090521146012513e+00
8.984092622995376587e-02,-5.404156446456909180e-01,-2.538404464721679688e-01,-4.230465292930603027e-01,-2.755063176155090332e-01,-1.681920513510704041e-02,9.972502589225769043e-01,-3.135475218296051025e-01,2.678510248661041260e-01,-1.287660047615561520e+00,-1.110331885269330687e+00,-7.913099971175839853e-01,-1.276090521146012513e+00
7.588017731904983521e-02,-5.386537909507751465e-01,-2.467637956142425537e-01,-4.358109831809997559e-01,-2.642403244972229004e-01,-1.307818759232759476e-02,9.905094504356384277e-01,-3.533568382263183594e-01,2.712213695049285889e-01,-1.287660047615561520e+00,-1.110331885269330687e+00,-7.913099971175839853e-01,-1.276090521146012513e+00
6.241317838430404663e-02,-5.372302532196044922e-01,-2.402183115482330322e-01,-4.489133358001708984e-01,-2.527248859405517578e-01,-9.041262790560722351e-03,9.839747548103332520e-01,-3.932899236679077148e-01,2.746475934982299805e-01,-1.287660047615561520e+00,-1.110331885269330687e+00,-7.913099971175839853e-01,-1.276090521146012513e+00
4.932083934545516968e-02,-5.360442996025085449e-01,-2.340437918901443481e-01,-4.622469544410705566e-01,-2.410106062889099121e-01,-4.763471893966197968e-03,9.775643944740295410e-01,-4.333194494247436523e-01,2.780595719814300537e-01,-1.287660047615561520e+00,-1.110331885269330687e+00,-7.913099971175839853e-01,-1.276090521146012513e+00
3.651227056980133057e-02,-5.350177288055419922e-01,-2.281212508678436279e-01,-4.757327437400817871e-01,-2.291395366191864014e-01,-2.843197435140609741e-04,9.712154865264892578e-01,-4.734269082546234131e-01,2.814068198204040527e-01,-1.287660047615561520e+00,-1.110331885269330687e+00,-7.913099971175839853e-01,-1.276090521146012513e+00
2.391769737005233765e-02,-5.340901613235473633e-01,-2.223635017871856689e-01,-4.893115758895874023e-01,-2.171459197998046875e-01,4.367919638752937317e-03,9.648778438568115234e-01,-5.135991573333740234e-01,2.846551239490509033e-01,-1.287660047615561520e+00,-1.110331885269330687e+00,-7.913099971175839853e-01,-1.276090521146012513e+00
1.148360222578048706e-02,-5.332150459289550781e-01,-2.167074084281921387e-01,-5.029395818710327148e-01,-2.050574272871017456e-01,9.173002094030380249e-03,9.585131406784057617e-01,-5.538271665573120117e-01,2.877829670906066895e-01,-1.287660047615561520e+00,-1.110331885269330687e+00,-7.913099971175839853e-01,-1.276090521146012513e+00
-8.311104029417037964e-04,-5.323563814163208008e-01,-2.111078500747680664e-01,-5.165833830833435059e-01,-1.928963959217071533e-01,1.411642134189605713e-02,9.520903825759887695e-01,-5.941030383110046387e-01,2.907782793045043945e-01,-1.287660047615561520e+00,-1.110331885269330687e+00,-7.913099971175839853e-01,-1.276090521146012513e+00
2.143857628107070923e-02,-5.225614309310913086e-01,-2.270491570234298706e-01,-4.836658835411071777e-01,-2.306596636772155762e-01,1.371959224343299866e-02,9.630330801010131836e-01,-5.134913921356201172e-01,2.903525233268737793e-01,1.324588018095678610e+00,9.515266046550246992e-01,1.055516128966601297e+00,8.587261451848758886e-01
2.972064912319183350e-02,-5.174568891525268555e-01,-2.301757484674453735e-01,-4.668832123279571533e-01,-2.439114898443222046e-01,1.006016135215759277e-02,9.634211063385009766e-01,-4.749999642372131348e-01,2.878078520298004150e-01,1.324588018095678610e+00,9.515266046550246992e-01,1.055516128966601297e+00,8.587261451848758886e-01
3.881290555000305176e-02,-5.130716562271118164e-01,-2.340968400239944458e-01,-4.504263699054718018e-01,-2.562679052352905273e-01,6.105996668338775635e-03,9.638911485671997070e-01,-4.357388913631439209e-01,2.856726348400115967e-01,1.324588018095678610e+00,9.515266046550246992e-01,1.055516128966601297e+00,8.587261451848758886e-01
4.849438369274139404e-02,-5.090945959091186523e-01,-2.385060340166091919e-01,-4.341809153556823730e-01,-2.680175900459289551e-01,1.887369900941848755e-03,9.644496440887451172e-01,-3.958724439144134521e-01,2.837069630622863770e-01,1.324588018095678610e+00,9.515266046550246992e-01,1.055516128966601297e+00,8.587261451848758886e-01
5.856130272150039673e-02,-5.053464174270629883e-01,-2.432156503200531006e-01,-4.180366396903991699e-01,-2.793484926223754883e-01,-2.567902207374572754e-03,9.650381803512573242e-01,-3.555214405059814453e-01,2.818461656570434570e-01,1.324588018095678610e+00,9.515266046550246992e-01,1.055516128966601297e+00,8.587261451848758886e-01
6.886905431747436523e-02,-5.017089843750000000e-01,-2.481067776679992676e-01,-4.019189774990081787e-01,-2.903899550437927246e-01,-7.231563329696655273e-03,9.656119346618652344e-01,-3.147823810577392578e-01,2.800627648830413818e-01,1.324588018095678610e+00,9.515266046550246992e-01,1.055516128966601297e+00,8.587261451848758886e-01
7.931865006685256958e-02,-4.981028735637664795e-01,-2.531049549579620361e-01,-3.857806921005249023e-01,-3.012318909168243408e-01,-1.207648869603872299e-02,9.661414027214050293e-01,-2.737339138984680176e-01,2.783447206020355225e-01,1.324588018095678610e+00,9.515266046550246992e-01,1.055516128966601297e+00,8.587261451848758886e-01
8.984322100877761841e-02,-4.944748282432556152e-01,-2.581645548343658447e-01,-3.695925474166870117e-01,-3.119364976882934570e-01,-1.707782782614231110e-02,9.666085243225097656e-01,-2.324397563934326172e-01,2.766874730587005615e-01,1.324588018095678610e+00,9.515266046550246992e-01,1.055516128966601297e+00,8.587261451848758886e-01
1.003979220986366272e-01,-4.907893538475036621e-01,-2.632586359977722168e-01,-3.533374369144439697e-01,-3.225466310977935791e-01,-2.221363410353660583e-02,9.670029282569885254e-01,-1.909524202346801758e-01,2.750906050205230713e-01,1.324588018095678610e+00,9.515266046550246992e-01,1.055516128966601297e+00,8.587261451848758886e-01
1.109531819820404053e-01,-4.870229661464691162e-01,-2.683719992637634277e-01,-3.370057046413421631e-01,-3.330915272235870361e-01,-2.746515348553657532e-02,9.673185348510742188e-01,-1.493142843246459961e-01,2.735549807548522949e-01,1.324588018095678610e+00,9.515266046550246992e-01,1.055516128966601297e+00,8.587261451848758886e-01
9.197974950075149536e-02,-5.036687254905700684e-01,-2.566148042678833008e-01,-3.628369271755218506e-01,-3.169348835945129395e-01,-2.267132699489593506e-02,9.717603325843811035e-01,-2.149558067321777344e-01,2.750706076622009277e-01,-3.094261083113244992e-01,-1.000740957362959316e+00,-1.050409446801481961e+00,-3.309282970711212024e-01
8.827576041221618652e-02,-5.126982331275939941e-01,-2.544852495193481445e-01,-3.731916546821594238e-01,-3.166237473487854004e-01,-2.106419205665588379e-02,9.818514585494995117e-01,-2.350597977638244629e-01,2.749529480934143066e-01,-3.094261083113244992e-01,-1.000740957362959316e+00,-1.050409446801481961e+00,-3.309282970711212024e-01
8.521158993244171143e-02,-5.215530395507812500e-01,-2.527028322219848633e-01,-3.842572271823883057e-01,-3.165878653526306152e-01,-1.896141842007637024e-02,9.929072856903076172e-01,-2.558296322822570801e-01,2.742800712585449219e-01,-3.094261083113244992e-01,-1.000740957362959316e+00,-1.050409446801481961e+00,-3.309282970711212024e-01
8.230999857187271118e-02,-5.305114984512329102e-01,-2.513025701045989990e-01,-3.956364393234252930e-01,-3.166615962982177734e-01,-1.648084819316864014e-02,1.004289388656616211e+00,-2.770670652389526367e-01,2.737942039966583252e-01,-3.094261083113244992e-01,-1.000740957362959316e+00,-1.050409446801481961e+00,-3.309282970711212024e-01
7.951717823743820190e-02,-5.395896434783935547e-01,-2.502321600914001465e-01,-4.072411060333251953e-01,-3.168050050735473633e-01,-1.369619183242321014e-02,1.015884160995483398e+00,-2.986588776111602783e-01,2.735239863395690918e-01,-3.094261083113244992e-01,-1.000740957362959316e+00,-1.050409446801481961e+00,-3.309282970711212024e-01
7.682112604379653931e-02,-5.487740635871887207e-01,-2.494360208511352539e-01,-4.190231561660766602e-01,-3.169995546340942383e-01,-1.066422648727893829e-02,1.027641296386718750e+00,-3.205217719078063965e-01,2.734288573265075684e-01,-3.094261083113244992e-01,-1.000740957362959316e+00,-1.050409446801481961e+00,-3.309282970711212024e-01
7.421188801527023315e-02,-5.580483078956604004e-01,-2.488649189472198486e-01,-4.309450089931488037e-01,-3.172342777252197266e-01,-7.430026307702064514e-03,1.039522886276245117e+00,-3.425918519496917725e-01,2.734683752059936523e-01,-3.094261083113244992e-01,-1.000740957362959316e+00,-1.050409446801481961e+00,-3.309282970711212024e-01
7.167886197566986084e-02,-5.673969984054565430e-01,-2.484766840934753418e-01,-4.429754614830017090e-01,-3.175027370452880859e-01,-4.029158502817153931e-03,1.051498413085937500e+00,-3.648200631141662598e-01,2.736091315746307373e-01,-3.094261083113244992e-01,-1.000740957362959316e+00,-1.050409446801481961e+00,-3.309282970711212024e-01
6.921081990003585815e-02,-5.768065452575683594e-01,-2.482360601425170898e-01,-4.550887942314147949e-01,-3.178008198738098145e-01,-4.898216575384140015e-04,1.063541769981384277e+00,-3.871696591377258301e-01,2.738249599933624268e-01,-3.094261083113244992e-01,-1.000740957362959316e+00,-1.050409446801481961e+00,-3.309282970711212024e-01
6.679741293191909790e-02,-5.862646102905273438e-01,-2.481137216091156006e-01,-4.672642350196838379e-01,-3.181264400482177734e-01,3.166083246469497681e-03,1.075632333755493164e+00,-4.096123576164245605e-01,2.740945816040039062e-01,-3.094261083113244992e-01,-1.000740957362959316e+00,-1.050409446801481961e+00,-3.309282970711212024e-01
8.535464107990264893e-02,-5.811676383018493652e-01,-2.575928270816802979e-01,-4.594251811504364014e-01,-3.227067887783050537e-01,7.887596264481544495e-03,1.076627492904663086e+00,-3.806103765964508057e-01,2.644661962985992432e-01,-1.130557736806556274e-01,1.133686064676362237e+00,-1.742016011036153778e-01,5.216125856054720789e-01
9.164609760046005249e-02,-5.787444114685058594e-01,-2.594668865203857422e-01,-4.532264173030853271e-01,-3.227837085723876953e-01,7.962968200445175171e-03,1.073057651519775391e+00,-3.651312291622161865e-01,2.601481378078460693e-01,-1.130557736806556274e-01,1.133686064676362237e+00,-1.742016011036153778e-01,5.216125856054720789e-01
9.714706987142562866e-02,-5.758724212646484375e-01,-2.607020437717437744e-01,-4.464027285575866699e-01,-3.232105672359466553e-01,7.627574726939201355e-03,1.069024801254272461e+00,-3.493764102458953857e-01,2.560250759124755859e-01,-1.130557736806556274e-01,1.133686064676362237e+00,-1.742016011036153778e-01,5.216125856054720789e-01
1.021305695176124573e-01,-5.726165771484375000e-01,-2.614771425724029541e-01,-4.391736388206481934e-01,-3.239308595657348633e-01,6.970981135964393616e-03,1.064752936363220215e+00,-3.334105908870697021e-01,2.519842088222503662e-01,-1.130557736806556274e-01,1.133686064676362237e+00,-1.742016011036153778e-01,5.216125856054720789e-01
1.067292988300323486e-01,-5.690674781799316406e-01,-2.619379460811614990e-01,-4.316516816616058350e-01,-3.248829841613769531e-01,6.055977195501327515e-03,1.060320377349853516e+00,-3.172728419303894043e-01,2.480554580688476562e-01,-1.130557736806556274e-01,1.133686064676362237e+00,-1.742016011036153778e-01,5.216125856054720789e-01
1.110338419675827026e-01,-5.652964115142822266e-01,-2.621921598911285400e-01,-4.239147305488586426e-01,-3.260175287723541260e-01,4.930235445499420166e-03,1.055773138999938965e+00,-3.009932041168212891e-01,2.442699670791625977e-01,-1.130557736806556274e-01,1.133686064676362237e+00,-1.742016011036153778e-01,5.216125856054720789e-01
1.151104867458343506e-01,-5.613559484481811523e-01,-2.623178362846374512e-01,-4.160197973251342773e-01,-3.272964358329772949e-01,3.630680963397026062e-03,1.051142692565917969e+00,-2.845956683158874512e-01,2.406482398509979248e-01,-1.130557736806556274e-01,1.133686064676362237e+00,-1.742016011036153778e-01,5.216125856054720789e-01
1.190081462264060974e-01,-5.572843551635742188e-01,-2.623712122440338135e-01,-4.080089330673217773e-01,-3.286896646022796631e-01,2.186018973588943481e-03,1.046450257301330566e+00,-2.681005001068115234e-01,2.372026741504669189e-01,-1.130557736806556274e-01,1.133686064676362237e+00,-1.742016011036153778e-01,5.216125856054720789e-01
1.227633059024810791e-01,-5.531091690063476562e-01,-2.623921334743499756e-01,-3.999132215976715088e-01,-3.301738798618316650e-01,6.188768893480300903e-04,1.041710376739501953e+00,-2.515241503715515137e-01,2.339386343955993652e-01,-1.130557736806556274e-01,1.133686064676362237e+00,-1.742016011036153778e-01,5.216125856054720789e-01
1.264026761054992676e-01,-5.488503575325012207e-01,-2.624086141586303711e-01,-3.917554616928100586e-01,-3.317301869392395020e-01,-1.052971929311752319e-03,1.036932468414306641e+00,-2.348805963993072510e-01,2.308574765920639038e-01,-1.130557736806556274e-01,1.133686064676362237e+00,-1.742016011036153778e-01,5.216125856054720789e-01
1.354863941669464111e-01,-5.472540259361267090e-01,-2.679704427719116211e-01,-3.843105435371398926e-01,-3.355176746845245361e-01,7.657982409000396729e-03,1.033887147903442383e+00,-2.208102345466613770e-01,2.249293029308319092e-01,1.336970496034037392e+00,4.465902381621874584e-01,9.351592921789376733e-01,-3.903148809242809048e-01
1.417969465255737305e-01,-5.421907305717468262e-01,-2.670047879219055176e-01,-3.714542686939239502e-01,-3.393613100051879883e-01,5.352435633540153503e-03,1.028714776039123535e+00,-1.943842768669128418e-01,2.177093923091888428e-01,1.336970496034037392e+00,4.465902381621874584e-01,9.351592921789376733e-01,-3.903148809242809048e-01
1.481861770153045654e-01,-5.370578765869140625e-01,-2.663053274154663086e-01,-3.587485849857330322e-01,-3.433270156383514404e-01,2.988554537296295166e-03,1.023751378059387207e+00,-1.679487526416778564e-01,2.108163982629776001e-01,1.336970496034037392e+00,4.465902381621874584e-01,9.351592921789376733e-01,-3.903148809242809048e-01
1.545514315366744995e-01,-5.319020748138427734e-01,-2.658624351024627686e-01,-3.461082577705383301e-01,-3.473708927631378174e-01,5.533155053853988647e-04,1.018857002258300781e+00,-1.414830982685089111e-01,2.043764144182205200e-01,1.336970496034037392e+00,4.465902381621874584e-01,9.351592921789376733e-01,-3.903148809242809048e-01
1.608774662017822266e-01,-5.267183780670166016e-01,-2.656507194042205811e-01,-3.335122764110565186e-01,-3.514744341373443604e-01,-1.957291737198829651e-03,1.013998031616210938e+00,-1.149826943874359131e-01,1.983717083930969238e-01,1.336970496034037392e+00,4.465902381621874584e-01,9.351592921789376733e-01,-3.903148809242809048e-01
1.671591997146606445e-01,-5.214973688125610352e-01,-2.656454443931579590e-01,-3.209482729434967041e-01,-3.556237220764160156e-01,-4.545157775282859802e-03,1.009154915809631348e+00,-8.844673633575439453e-02,1.927710026502609253e-01,1.336970496034037392e+00,4.465902381621874584e-01,9.351592921789376733e-01,-3.903148809242809048e-01
1.733931005001068115e-01,-5.162298679351806641e-01,-2.658240199089050293e-01,-3.084063231945037842e-01,-3.598069548606872559e-01,-7.211090996861457825e-03,1.004311084747314453e+00,-6.187596917152404785e-02,1.875438392162322998e-01,1.336970496034037392e+00,4.465902381621874584e-01,9.351592921789376733e-01,-3.903148809242809048e-01
1.795761585235595703e-01,-5.109078884124755859e-01,-2.661660611629486084e-01,-2.958777844905853271e-01,-3.640136420726776123e-01,-9.955158457159996033e-03,9.994521141052246094e-01,-3.527274727821350098e-02,1.826621592044830322e-01,1.336970496034037392e+00,4.465902381621874584e-01,9.351592921789376733e-01,-3.903148809242809048e-01
1.857056915760040283e-01,-5.055246353149414062e-01,-2.666532397270202637e-01,-2.833550274372100830e-01,-3.682345747947692871e-01,-1.277681533247232437e-02,9.945648908615112305e-01,-8.639931678771972656e-03,1.781000494956970215e-01,1.336970496034037392e+00,4.465902381621874584e-01,9.351592921789376733e-01,-3.903148809242809048e-01
1.917796134948730469e-01,-5.000740289688110352e-01,-2.672688961029052734e-01,-2.708317935466766357e-01,-3.724617063999176025e-01,-1.567501015961170197e-02,9.896382093429565430e-01,1.801851391792297363e-02,1.738335937261581421e-01,1.336970496034037392e+00,4.465902381621874584e-01,9.351592921789376733e-01,-3.903148809242809048e-01
1.912451386451721191e-01,-5.016056895256042480e-01,-2.681470513343811035e-01,-2.764365971088409424e-01,-3.664493262767791748e-01,-2.112931199371814728e-02,9.907287359237670898e-01,1.396727561950683594e-02,1.780663132667541504e-01,1.516453281791026786e+00,-1.010148747726566487e+00,1.667658108617749324e+00,-1.504617861830452874e+00
1.909993886947631836e-01,-4.961522817611694336e-01,-2.687909007072448730e-01,-2.701397538185119629e-01,-3.657327890396118164e-01,-2.604875341057777405e-02,9.839973449707031250e-01,2.677175402641296387e-02,1.819898188114166260e-01,1.516453281791026786e+00,-1.010148747726566487e+00,1.667658108617749324e+00,-1.504617861830452874e+00
1.905918717384338379e-01,-4.906454086303710938e-01,-2.693713605403900146e-01,-2.639090418815612793e-01,-3.651591837406158447e-01,-3.057228401303291321e-02,9.772326946258544922e-01,3.896775841712951660e-02,1.858123391866683960e-01,1.516453281791026786e+00,-1.010148747726566487e+00,1.667658108617749324e+00,-1.504617861830452874e+00
1.901187598705291748e-01,-4.851137101650238037e-01,-2.699179053306579590e-01,-2.577745318412780762e-01,-3.646751940250396729e-01,-3.475237637758255005e-02,9.704817533493041992e-01,5.065894126892089844e-02,1.894868016242980957e-01,1.516453281791026786e+00,-1.010148747726566487e+00,1.667658108617749324e+00,-1.504617861830452874e+00
1.896260976791381836e-01,-4.795838594436645508e-01,-2.704471945762634277e-01,-2.517377138137817383e-01,-3.642394244670867920e-01,-3.863632306456565857e-02,9.637526273727416992e-01,6.193161010742187500e-02,1.930072307586669922e-01,1.516453281791026786e+00,-1.010148747726566487e+00,1.667658108617749324e+00,-1.504617861830452874e+00
1.891409456729888916e-01,-4.740723967552185059e-01,-2.709652781486511230e-01,-2.457925826311111450e-01,-3.638232350349426270e-01,-4.226474091410636902e-02,9.570457935333251953e-01,7.285508513450622559e-02,1.963713914155960083e-01,1.516453281791026786e+00,-1.010148747726566487e+00,1.667658108617749324e+00,-1.504617861830452874e+00
1.886795163154602051e-01,-4.685884118080139160e-01,-2.714718282222747803e-01,-2.399303615093231201e-01,-3.634076118469238281e-01,-4.567233473062515259e-02,9.503592252731323242e-01,8.348548412322998047e-02,1.995774060487747192e-01,1.516453281791026786e+00,-1.010148747726566487e+00,1.667658108617749324e+00,-1.504617861830452874e+00
1.882507055997848511e-01,-4.631366133689880371e-01,-2.719632685184478760e-01,-2.341410815715789795e-01,-3.629803359508514404e-01,-4.888845980167388916e-02,9.436894655227661133e-01,9.386825561523437500e-02,2.026243954896926880e-01,1.516453281791026786e+00,-1.010148747726566487e+00,1.667658108617749324e+00,-1.504617861830452874e+00
1.878589242696762085e-01,-4.577182829380035400e-01,-2.724343836307525635e-01,-2.284150272607803345e-01,-3.625338077545166016e-01,-5.193784087896347046e-02,9.370325803756713867e-01,1.040398776531219482e-01,2.055120617151260376e-01,1.516453281791026786e+00,-1.010148747726566487e+00,1.667658108617749324e+00,-1.504617861830452874e+00
1.875054538249969482e-01,-4.523332118988037109e-01,-2.728799283504486084e-01,-2.227430641651153564e-01,-3.620637059211730957e-01,-5.484143644571304321e-02,9.303847551345825195e-01,1.140300929546356201e-01,2.082418054342269897e-01,1.516453281791026786e+00,-1.010148747726566487e+00,1.667658108617749324e+00,-1.504617861830452874e+00
1.684536635875701904e-01,-4.563813209533691406e-01,-2.598446607589721680e-01,-2.487021684646606445e-01,-3.284136354923248291e-01,-4.298132285475730896e-02,9.117965698242187500e-01,3.843355178833007812e-02,2.048645466566085815e-01,-9.527323367187391367e-01,-6.905609612682896969e-01,-8.958574436051418566e-01,-1.691822565941022871e+00
1.589112579822540283e-01,-4.552266597747802734e-01,-2.514867782592773438e-01,-2.592293024063110352e-01,-3.139199018478393555e-01,-3.793102875351905823e-02,9.018263816833496094e-01,4.268646240234375000e-03,2.006964832544326782e-01,-9.527323367187391367e-01,-6.905609612682896969e-01,-8.958574436051418566e-01,-1.691822565941022871e+00
1.492838710546493530e-01,-4.537713527679443359e-01,-2.430523931980133057e-01,-2.699067890644073486e-01,-2.999695539474487305e-01,-3.273432329297065735e-02,8.922611474990844727e-01,-3.033685684204101562e-02,1.963447183370590210e-01,-9.527323367187391367e-01,-6.905609612682896969e-01,-8.958574436051418566e-01,-1.691822565941022871e+00
1.394507586956024170e-01,-4.522314667701721191e-01,-2.346828281879425049e-01,-2.806164920330047607e-01,-2.864087820053100586e-01,-2.742788381874561310e-02,8.828625679016113281e-01,-6.526386737823486328e-02,1.922183334827423096e-01,-9.527323367187391367e-01,-6.905609612682896969e-01,-8.958574436051418566e-01,-1.691822565941022871e+00
1.294714063405990601e-01,-4.506750106811523438e-01,-2.264383137226104736e-01,-2.913686037063598633e-01,-2.731634974479675293e-01,-2.203616313636302948e-02,8.736297488212585449e-01,-1.004316806793212891e-01,1.883579045534133911e-01,-9.527323367187391367e-01,-6.905609612682896969e-01,-8.958574436051418566e-01,-1.691822565941022871e+00
1.194038465619087219e-01,-4.491392374038696289e-01,-2.183502018451690674e-01,-3.021769821643829346e-01,-2.601817250251770020e-01,-1.658015511929988861e-02,8.645774126052856445e-01,-1.357768177986145020e-01,1.847576797008514404e-01,-9.527323367187391367e-01,-6.905609612682896969e-01,-8.958574436051418566e-01,-1.691822565941022871e+00
1.092903092503547668e-01,-4.476481676101684570e-01,-2.104332745075225830e-01,-3.130486905574798584e-01,-2.474246174097061157e-01,-1.107761543244123459e-02,8.557149767875671387e-01,-1.712485849857330322e-01,1.814033687114715576e-01,-9.527323367187391367e-01,-6.905609612682896969e-01,-8.958574436051418566e-01,-1.691822565941022871e+00
9.916008263826370239e-02,-4.462170004844665527e-01,-2.026918083429336548e-01,-3.239858150482177734e-01,-2.348628789186477661e-01,-5.543138831853866577e-03,8.470466136932373047e-01,-2.068067789077758789e-01,1.782781779766082764e-01,-9.527323367187391367e-01,-6.905609612682896969e-01,-8.958574436051418566e-01,-1.691822565941022871e+00
8.903266489505767822e-02,-4.448550939559936523e-01,-1.951234340667724609e-01,-3.349870741367340088e-01,-2.224743366241455078e-01,1.164153218269348145e-05,8.385725021362304688e-01,-2.424201220273971558e-01,1.753653287887573242e-01,-9.527323367187391367e-01,-6.905609612682896969e-01,-8.958574436051418566e-01,-1.691822565941022871e+00
7.892078906297683716e-02,-4.435674548149108887e-01,-1.877219527959823608e-01,-3.460494875907897949e-01,-2.102425694465637207e-01,5.577942356467247009e-03,8.302903175354003906e-01,-2.780643105506896973e-01,1.726481914520263672e-01,-9.527323367187391367e-01,-6.905609612682896969e-01,-8.958574436051418566e-01,-1.691822565941022871e+00
5.274175107479095459e-02,-4.220102131366729736e-01,-2.019702196121215820e-01,-3.454532325267791748e-01,-2.352277636528015137e-01,-3.507491201162338257e-02,8.384370803833007812e-01,-2.553057670593261719e-01,2.449247688055038452e-01,-1.220779890820648195e+00,-1.320368593117426270e+00,8.039843367271474195e-01,1.362634166746807374e+00
3.561757877469062805e-02,-4.180597066879272461e-01,-2.146635949611663818e-01,-3.512738943099975586e-01,-2.435990124940872192e-01,-5.053877830505371094e-02,8.428373336791992188e-01,-2.593000531196594238e-01,2.919433414936065674e-01,-1.220779890820648195e+00,-1.320368593117426270e+00,8.039843367271474195e-01,1.362634166746807374e+00
2.040715143084526062e-02,-4.154609441757202148e-01,-2.281533181667327881e-01,-3.577517271041870117e-01,-2.497041076421737671e-01,-6.456778943538665771e-02,8.469587564468383789e-01,-2.638882696628570557e-01,3.371657431125640869e-01,-1.220779890820648195e+00,-1.320368593117426270e+00,8.039843367271474195e-01,1.362634166746807374e+00
6.865099072456359863e-03,-4.136150777339935303e-01,-2.418227791786193848e-01,-3.647779524326324463e-01,-2.541114389896392822e-01,-7.736381888389587402e-02,8.509429693222045898e-01,-2.691294848918914795e-01,3.800114691257476807e-01,-1.220779890820648195e+00,-1.320368593117426270e+00,8.039843367271474195e-01,1.362634166746807374e+00
-5.402678623795509338e-03,-4.122311472892761230e-01,-2.553044855594635010e-01,-3.721377849578857422e-01,-2.571626305580139160e-01,-8.909571170806884766e-02,8.546297550201416016e-01,-2.750215828418731689e-01,4.204805195331573486e-01,-1.220779890820648195e+00,-1.320368593117426270e+00,8.039843367271474195e-01,1.362634166746807374e+00
-1.670398004353046417e-02,-4.111168980598449707e-01,-2.683591246604919434e-01,-3.796719908714294434e-01,-2.590971887111663818e-01,-9.989419579505920410e-02,8.578882217407226562e-01,-2.815522849559783936e-01,4.586513936519622803e-01,-1.220779890820648195e+00,-1.320368593117426270e+00,8.039843367271474195e-01,1.362634166746807374e+00
-2.726792916655540466e-02,-4.101380109786987305e-01,-2.808323502540588379e-01,-3.872708380222320557e-01,-2.600903213024139404e-01,-1.098606213927268982e-01,8.606324195861816406e-01,-2.887052297592163086e-01,4.946250021457672119e-01,-1.220779890820648195e+00,-1.320368593117426270e+00,8.039843367271474195e-01,1.362634166746807374e+00
-3.726591169834136963e-02,-4.091992378234863281e-01,-2.926287949085235596e-01,-3.948594331741333008e-01,-2.602738440036773682e-01,-1.190747171640396118e-01,8.628094196319580078e-01,-2.964621186256408691e-01,5.285123586654663086e-01,-1.220779890820648195e+00,-1.320368593117426270e+00,8.039843367271474195e-01,1.362634166746807374e+00
-4.682685434818267822e-02,-4.082326292991638184e-01,-3.036943674087524414e-01,-4.023869335651397705e-01,-2.597489058971405029e-01,-1.276002824306488037e-01,8.643898963928222656e-01,-3.048030138015747070e-01,5.604286193847656250e-01,-1.220779890820648195e+00,-1.320368593117426270e+00,8.039843367271474195e-01,1.362634166746807374e+00
-5.604871362447738647e-02,-4.071897268295288086e-01,-3.140036463737487793e-01,-4.098187088966369629e-01,-2.585951685905456543e-01,-1.354894936084747314e-01,8.653597831726074219e-01,-3.137060999870300293e-01,5.904891490936279297e-01,-1.220779890820648195e+00,-1.320368593117426270e+00,8.039843367271474195e-01,1.362634166746807374e+00
-5.620490759611129761e-02,-4.328035116195678711e-01,-3.168261349201202393e-01,-4.289783239364624023e-01,-2.532522082328796387e-01,-1.145682483911514282e-01,8.806506991386413574e-01,-3.598569631576538086e-01,5.851151347160339355e-01,-1.554416301389435429e+00,-4.211044480901666165e-01,-1.700504685659507409e+00,1.307309791229643192e+00
-5.906664207577705383e-02,-4.422390460968017578e-01,-3.135165572166442871e-01,-4.410377442836761475e-01,-2.503197789192199707e-01,-1.106564775109291077e-01,8.900126218795776367e-01,-3.847520351409912109e-01,5.811424255371093750e-01,-1.554416301389435429e+00,-4.211044480901666165e-01,-1.700504685659507409e+00,1.307309791229643192e+00
-6.185964494943618774e-02,-4.512339830398559570e-01,-3.102913498878479004e-01,-4.534187316894531250e-01,-2.478273212909698486e-01,-1.064145117998123169e-01,8.998462557792663574e-01,-4.102700352668762207e-01,5.769807100296020508e-01,-1.554416301389435429e+00,-4.211044480901666165e-01,-1.700504685659507409e+00,1.307309791229643192e+00
-6.483157724142074585e-02,-4.600530266761779785e-01,-3.072633743286132812e-01,-4.658889770507812500e-01,-2.455684244632720947e-01,-1.019163876771926880e-01,9.097151756286621094e-01,-4.362364411354064941e-01,5.731845498085021973e-01,-1.554416301389435429e+00,-4.211044480901666165e-01,-1.700504685659507409e+00,1.307309791229643192e+00
-6.794823706150054932e-02,-4.687444865703582764e-01,-3.044475615024566650e-01,-4.784204363822937012e-01,-2.434494793415069580e-01,-9.721190482378005981e-02,9.195536971092224121e-01,-4.625409543514251709e-01,5.697696208953857422e-01,-1.554416301389435429e+00,-4.211044480901666165e-01,-1.700504685659507409e+00,1.307309791229643192e+00
-7.116882503032684326e-02,-4.773222506046295166e-01,-3.018357455730438232e-01,-4.909995198249816895e-01,-2.414093166589736938e-01,-9.234240651130676270e-02,9.293307662010192871e-01,-4.890987873077392578e-01,5.666987299919128418e-01,-1.554416301389435429e+00,-4.211044480901666165e-01,-1.700504685659507409e+00,1.307309791229643192e+00
-7.446702569723129272e-02,-4.857891499996185303e-01,-2.994102239608764648e-01,-5.036104917526245117e-01,-2.394050359725952148e-01,-8.734247088432312012e-02,9.390174150466918945e-01,-5.158427357673645020e-01,5.639334917068481445e-01,-1.554416301389435429e+00,-4.211044480901666165e-01,-1.700504685659507409e+00,1.307309791229643192e+00
-7.782815396785736084e-02,-4.941422343254089355e-01,-2.971493005752563477e-01,-5.162365436553955078e-01,-2.374061942100524902e-01,-8.224044740200042725e-02,9.485858082771301270e-01,-5.427210927009582520e-01,5.614392161369323730e-01,-1.554416301389435429e+00,-4.211044480901666165e-01,-1.700504685659507409e+00,1.307309791229643192e+00
-8.124554157257080078e-02,-5.023748874664306641e-01,-2.950299680233001709e-01,-5.288604497909545898e-01,-2.353911399841308594e-01,-7.705917954444885254e-02,9.580093622207641602e-01,-5.696933865547180176e-01,5.591859817504882812e-01,-1.554416301389435429e+00,-4.211044480901666165e-01,-1.700504685659507409e+00,1.307309791229643192e+00
-8.471733331680297852e-02,-5.104786157608032227e-01,-2.930299043655395508e-01,-5.414662361145019531e-01,-2.333443909883499146e-01,-7.181676477193832397e-02,9.672642946243286133e-01,-5.967288017272949219e-01,5.571476221084594727e-01,-1.554416301389435429e+00,-4.211044480901666165e-01,-1.700504685659507409e+00,1.307309791229643192e+00
-5.019849166274070740e-02,-4.917073547840118408e-01,-3.035061955451965332e-01,-5.002574324607849121e-01,-2.577823698520660400e-01,-7.099103182554244995e-02,9.627009630203247070e-01,-4.980970919132232666e-01,5.328722596168518066e-01,1.533190323819256129e+00,1.465005186029222362e+00,1.259949827500787212e+00,1.667956449847229239e+00
-3.275010362267494202e-02,-4.878171980381011963e-01,-3.085763752460479736e-01,-4.798273146152496338e-01,-2.699379622936248779e-01,-7.105450332164764404e-02,9.629263877868652344e-01,-4.482053220272064209e-01,5.205639004707336426e-01,1.533190323819256129e+00,1.465005186029222362e+00,1.259949827500787212e+00,1.667956449847229239e+00
-1.574550010263919830e-02,-4.839527606964111328e-01,-3.133104145526885986e-01,-4.587857127189636230e-01,-2.821246385574340820e-01,-7.216566056013107300e-02,9.628587961196899414e-01,-3.970232605934143066e-01,5.087780952453613281e-01,1.533190323819256129e+00,1.465005186029222362e+00,1.259949827500787212e+00,1.667956449847229239e+00
1.018473878502845764e-03,-4.799898862838745117e-01,-3.177817165851593018e-01,-4.373546540737152100e-01,-2.944604754447937012e-01,-7.413193583488464355e-02,9.628033638000488281e-01,-3.448301553726196289e-01,4.972642660140991211e-01,1.533190323819256129e+00,1.465005186029222362e+00,1.259949827500787212e+00,1.667956449847229239e+00
1.757229492068290710e-02,-4.759224355220794678e-01,-3.220884203910827637e-01,-4.156157076358795166e-01,-3.069918155670166016e-01,-7.680734246969223022e-02,9.628280401229858398e-01,-2.918272912502288818e-01,4.860624670982360840e-01,1.533190323819256129e+00,1.465005186029222362e+00,1.259949827500787212e+00,1.667956449847229239e+00
3.393381088972091675e-02,-4.717567563056945801e-01,-3.263165354728698730e-01,-3.936274051666259766e-01,-3.197418153285980225e-01,-8.007359504699707031e-02,9.629656076431274414e-01,-2.381756305694580078e-01,4.752249121665954590e-01,1.533190323819256129e+00,1.465005186029222362e+00,1.259949827500787212e+00,1.667956449847229239e+00
5.012110620737075806e-02,-4.675003290176391602e-01,-3.305373191833496094e-01,-3.714366555213928223e-01,-3.327196240425109863e-01,-8.383476734161376953e-02,9.632363319396972656e-01,-1.840049624443054199e-01,4.647913873195648193e-01,1.533190323819256129e+00,1.465005186029222362e+00,1.259949827500787212e+00,1.667956449847229239e+00
6.615288555622100830e-02,-4.631594419479370117e-01,-3.348075747489929199e-01,-3.490809202194213867e-01,-3.459255993366241455e-01,-8.801376074552536011e-02,9.636520147323608398e-01,-1.294193267822265625e-01,4.547871351242065430e-01,1.533190323819256129e+00,1.465005186029222362e+00,1.259949827500787212e+00,1.667956449847229239e+00
8.204710483551025391e-02,-4.587388038635253906e-01,-3.391718864440917969e-01,-3.265889286994934082e-01,-3.593543469905853271e-01,-9.254947304725646973e-02,9.642177224159240723e-01,-7.450166344642639160e-02,4.452267587184906006e-01,1.533190323819256129e+00,1.465005186029222362e+00,1.259949827500787212e+00,1.667956449847229239e+00
9.782082587480545044e-02,-4.542416334152221680e-01,-3.436638116836547852e-01,-3.039821386337280273e-01,-3.729971051216125488e-01,-9.739416092634201050e-02,9.649349451065063477e-01,-1.931774616241455078e-02,4.361146688461303711e-01,1.533190323819256129e+00,1.465005186029222362e+00,1.259949827500787212e+00,1.667956449847229239e+00
9.600485861301422119e-02,-4.590733647346496582e-01,-3.304389715194702148e-01,-3.182988464832305908e-01,-3.390597403049468994e-01,-9.773800522089004517e-02,9.493224620819091797e-01,-5.088859796524047852e-02,4.188824295997619629e-01,1.098238814896219218e+00,-1.111013529715744408e+00,1.684015612955076069e+00,-1.472701865271721422e+00
9.582788497209548950e-02,-4.539574384689331055e-01,-3.275314569473266602e-01,-3.148947954177856445e-01,-3.325566649436950684e-01,-9.728334099054336548e-02,9.388673901557922363e-01,-4.897987842559814453e-02,4.148855805397033691e-01,1.098238814896219218e+00,-1.111013529715744408e+00,1.684015612955076069e+00,-1.472701865271721422e+00
9.515840560197830200e-02,-4.484013319015502930e-01,-3.241856694221496582e-01,-3.112311363220214844e-01,-3.265982270240783691e-01,-9.686397016048431396e-02,9.283270835876464844e-01,-4.723560810089111328e-02,4.108133316040039062e-01,1.098238814896219218e+00,-1.111013529715744408e+00,1.684015612955076069e+00,-1.472701865271721422e+00
9.411256760358810425e-02,-4.425746202468872070e-01,-3.205987513065338135e-01,-3.073818683624267578e-01,-3.210444748401641846e-01,-9.647262096405029297e-02,9.177088737487792969e-01,-4.560035467147827148e-02,4.068270027637481689e-01,1.098238814896219218e+00,-1.111013529715744408e+00,1.684015612955076069e+00,-1.472701865271721422e+00
9.280536323785781860e-02,-4.365769028663635254e-01,-3.168967664241790771e-01,-3.034183979034423828e-01,-3.158012330532073975e-01,-9.610473364591598511e-02,9.070535302162170410e-01,-4.403376579284667969e-02,4.029785394668579102e-01,1.098238814896219218e+00,-1.111013529715744408e+00,1.684015612955076069e+00,-1.472701865271721422e+00
9.132069349288940430e-02,-4.304751157760620117e-01,-3.131623566150665283e-01,-2.993905246257781982e-01,-3.108003139495849609e-01,-9.575897455215454102e-02,8.963918685913085938e-01,-4.250493645668029785e-02,3.992927372455596924e-01,1.098238814896219218e+00,-1.111013529715744408e+00,1.684015612955076069e+00,-1.472701865271721422e+00
8.971767872571945190e-02,-4.243150651454925537e-01,-3.094486594200134277e-01,-2.953312098979949951e-01,-3.059920072555541992e-01,-9.543602913618087769e-02,8.857438564300537109e-01,-4.098987579345703125e-02,3.957804143428802490e-01,1.098238814896219218e+00,-1.111013529715744408e+00,1.684015612955076069e+00,-1.472701865271721422e+00
8.803724497556686401e-02,-4.181279540061950684e-01,-3.057886660099029541e-01,-2.912614941596984863e-01,-3.013394773006439209e-01,-9.513738006353378296e-02,8.751224279403686523e-01,-3.946989774703979492e-02,3.924444317817687988e-01,1.098238814896219218e+00,-1.111013529715744408e+00,1.684015612955076069e+00,-1.472701865271721422e+00
8.630774915218353271e-02,-4.119347929954528809e-01,-3.022017180919647217e-01,-2.871944904327392578e-01,-2.968158125877380371e-01,-9.486478567123413086e-02,8.645348548889160156e-01,-3.793129324913024902e-02,3.892822265625000000e-01,1.098238814896219218e+00,-1.111013529715744408e+00,1.684015612955076069e+00,-1.472701865271721422e+00
8.454865962266921997e-02,-4.057493805885314941e-01,-2.986980080604553223e-01,-2.831380367279052734e-01,-2.924011945724487305e-01,-9.461986273527145386e-02,8.539854288101196289e-01,-3.636369109153747559e-02,3.862874507904052734e-01,1.098238814896219218e+00,-1.111013529715744408e+00,1.684015612955076069e+00,-1.472701865271721422e+00
8.712054044008255005e-02,-4.120322465896606445e-01,-2.773644030094146729e-01,-2.797371447086334229e-01,-2.825550138950347900e-01,-8.031609654426574707e-02,8.440679907798767090e-01,-5.151844024658203125e-02,3.448898792266845703e-01,-9.383372487665783135e-01,1.242617582788787756e+00,-1.556607569471365027e+00,3.334999755606849609e-02
8.818025887012481689e-02,-4.114879369735717773e-01,-2.680425345897674561e-01,-2.799455225467681885e-01,-2.766020894050598145e-01,-7.065646350383758545e-02,8.374280929565429688e-01,-6.416702270507812500e-02,3.250051140785217285e-01,-9.383372487665783135e-01,1.242617582788787756e+00,-1.556607569471365027e+00,3.334999755606849609e-02
8.940942585468292236e-02,-4.106322526931762695e-01,-2.590138316154479980e-01,-2.802653908729553223e-01,-2.709532380104064941e-01,-6.173988431692123413e-02,8.313287496566772461e-01,-7.603287696838378906e-02,3.056075572967529297e-01,-9.383372487665783135e-01,1.242617582788787756e+00,-1.556607569471365027e+00,3.334999755606849609e-02
9.050422906875610352e-02,-4.096778035163879395e-01,-2.503497004508972168e-01,-2.805203795433044434e-01,-2.655273079872131348e-01,-5.350088328123092651e-02,8.254154920578002930e-01,-8.718949556350708008e-02,2.871838510036468506e-01,-9.383372487665783135e-01,1.242617582788787756e+00,-1.556607569471365027e+00,3.334999755606849609e-02
9.143823385238647461e-02,-4.086681008338928223e-01,-2.420563995838165283e-01,-2.807197868824005127e-01,-2.603116035461425781e-01,-4.587064310908317566e-02,8.196601271629333496e-01,-9.772974252700805664e-02,2.697552144527435303e-01,-9.383372487665783135e-01,1.242617582788787756e+00,-1.556607569471365027e+00,3.334999755606849609e-02
9.221747517585754395e-02,-4.076245427131652832e-01,-2.341306209564208984e-01,-2.808888256549835205e-01,-2.552981972694396973e-01,-3.878822177648544312e-02,8.140683174133300781e-01,-1.077348291873931885e-01,2.532883584499359131e-01,-9.383372487665783135e-01,1.242617582788787756e+00,-1.556607569471365027e+00,3.334999755606849609e-02
9.285181015729904175e-02,-4.065634608268737793e-01,-2.265657186508178711e-01,-2.810502648353576660e-01,-2.504782974720001221e-01,-3.220048546791076660e-02,8.086476325988769531e-01,-1.172736883163452148e-01,2.377427369356155396e-01,-9.383372487665783135e-01,1.242617582788787756e+00,-1.556607569471365027e+00,3.334999755606849609e-02
9.335111826658248901e-02,-4.054980576038360596e-01,-2.193527817726135254e-01,-2.812225520610809326e-01,-2.458421587944030762e-01,-2.606093324720859528e-02,8.034025430679321289e-01,-1.264052093029022217e-01,2.230767905712127686e-01,-9.383372487665783135e-01,1.242617582788787756e+00,-1.556607569471365027e+00,3.334999755606849609e-02
9.372483938932418823e-02,-4.044390916824340820e-01,-2.124811708927154541e-01,-2.814204096794128418e-01,-2.413796186447143555e-01,-2.032870613038539886e-02,7.983361482620239258e-01,-1.351792216300964355e-01,2.092487961053848267e-01,-9.383372487665783135e-01,1.242617582788787756e+00,-1.556607569471365027e+00,3.334999755606849609e-02
9.398158639669418335e-02,-4.033952951431274414e-01,-2.059389948844909668e-01,-2.816554605960845947e-01,-2.370804995298385620e-01,-1.496767718344926834e-02,7.934488058090209961e-01,-1.436387896537780762e-01,1.962175369262695312e-01,-9.383372487665783135e-01,1.242617582788787756e+00,-1.556607569471365027e+00,3.334999755606849609e-02
1.117460504174232483e-01,-4.066503942012786865e-01,-2.053941488265991211e-01,-2.615740299224853516e-01,-2.596522867679595947e-01,-7.921202108263969421e-03,8.059722185134887695e-01,-1.011422872543334961e-01,1.714975833892822266e-01,9.099918317377098109e-01,1.707481452271382150e+00,-8.359971030664360425e-01,6.794283621928804973e-01
1.227442547678947449e-01,-4.083489477634429932e-01,-2.025500535964965820e-01,-2.492029666900634766e-01,-2.701617479324340820e-01,-4.934923723340034485e-03,8.109866976737976074e-01,-7.532531023025512695e-02,1.531286984682083130e-01,9.099918317377098109e-01,1.707481452271382150e+00,-8.359971030664360425e-01,6.794283621928804973e-01
1.345290243625640869e-01,-4.100863933563232422e-01,-2.005175352096557617e-01,-2.374935746192932129e-01,-2.805037498474121094e-01,-2.417318522930145264e-03,8.169361352920532227e-01,-4.899254441261291504e-02,1.353006511926651001e-01,9.099918317377098109e-01,1.707481452271382150e+00,-8.359971030664360425e-01,6.794283621928804973e-01
1.465692818164825439e-01,-4.119660854339599609e-01,-1.991977989673614502e-01,-2.260577529668807983e-01,-2.906737923622131348e-01,-3.801416605710983276e-04,8.232139348983764648e-01,-2.212774753570556641e-02,1.185411959886550903e-01,9.099918317377098109e-01,1.707481452271382150e+00,-8.359971030664360425e-01,6.794283621928804973e-01
1.587097942829132080e-01,-4.139236211776733398e-01,-1.984659880399703979e-01,-2.147778421640396118e-01,-3.007253706455230713e-01,1.194598153233528137e-03,8.296538591384887695e-01,5.226016044616699219e-03,1.028361245989799500e-01,9.099918317377098109e-01,1.707481452271382150e+00,-8.359971030664360425e-01,6.794283621928804973e-01
1.708676815032958984e-01,-4.158927798271179199e-01,-1.982230246067047119e-01,-2.035887688398361206e-01,-3.107013106346130371e-01,2.331180498003959656e-03,8.361640572547912598e-01,3.302165865898132324e-02,8.811631798744201660e-02,9.099918317377098109e-01,1.707481452271382150e+00,-8.359971030664360425e-01,6.794283621928804973e-01
1.829878985881805420e-01,-4.178212285041809082e-01,-1.983936131000518799e-01,-1.924456208944320679e-01,-3.206301629543304443e-01,3.055667504668235779e-03,8.426779508590698242e-01,6.121557950973510742e-02,7.431473582983016968e-02,9.099918317377098109e-01,1.707481452271382150e+00,-8.359971030664360425e-01,6.794283621928804973e-01
1.950323581695556641e-01,-4.196684360504150391e-01,-1.989200711250305176e-01,-1.813153326511383057e-01,-3.305289745330810547e-01,3.393875434994697571e-03,8.491424918174743652e-01,8.976885676383972168e-02,6.137106940150260925e-02,9.099918317377098109e-01,1.707481452271382150e+00,-8.359971030664360425e-01,6.794283621928804973e-01
2.069745659828186035e-01,-4.214029014110565186e-01,-1.997570097446441650e-01,-1.701731979846954346e-01,-3.404065370559692383e-01,3.370726481080055237e-03,8.555147051811218262e-01,1.186461746692657471e-01,4.923047497868537903e-02,9.099918317377098109e-01,1.707481452271382150e+00,-8.359971030664360425e-01,6.794283621928804973e-01
2.187963575124740601e-01,-4.229996204376220703e-01,-2.008678615093231201e-01,-1.590004116296768188e-01,-3.502660393714904785e-01,3.009792417287826538e-03,8.617597222328186035e-01,1.478150188922882080e-01,3.784201666712760925e-02,9.099918317377098109e-01,1.707481452271382150e+00,-8.359971030664360425e-01,6.794283621928804973e-01
2.255599945783615112e-01,-4.115125238895416260e-01,-2.114111632108688354e-01,-1.446557939052581787e-01,-3.689875006675720215e-01,-1.769947633147239685e-02,8.700080513954162598e-01,1.997141689062118530e-01,5.610123276710510254e-02,1.378979167068353329e+00,5.368843624166496076e-01,1.248325424189740573e+00,7.334792051434076976e-01
2.311981618404388428e-01,-4.065258502960205078e-01,-2.221755683422088623e-01,-1.303923577070236206e-01,-3.817746043205261230e-01,-2.871186099946498871e-02,8.724470138549804688e-01,2.408858984708786011e-01,7.170709222555160522e-02,1.378979167068353329e+00,5.368843624166496076e-01,1.248325424189740573e+00,7.334792051434076976e-01
2.370121926069259644e-01,-4.017366170883178711e-01,-2.328839898109436035e-01,-1.159600168466567993e-01,-3.940854370594024658e-01,-3.935972973704338074e-02,8.744624853134155273e-01,2.818582653999328613e-01,8.675248920917510986e-02,1.378979167068353329e+00,5.368843624166496076e-01,1.248325424189740573e+00,7.334792051434076976e-01
2.431426495313644409e-01,-3.969645202159881592e-01,-2.434152811765670776e-01,-1.014729216694831848e-01,-4.060570001602172852e-01,-4.967878386378288269e-02,8.763015270233154297e-01,3.226039409637451172e-01,1.008836254477500916e-01,1.378979167068353329e+00,5.368843624166496076e-01,1.248325424189740573e+00,7.334792051434076976e-01
2.495481073856353760e-01,-3.921660780906677246e-01,-2.537206411361694336e-01,-8.691652864217758179e-02,-4.177553355693817139e-01,-5.971081554889678955e-02,8.779844045639038086e-01,3.631285429000854492e-01,1.140979453921318054e-01,1.378979167068353329e+00,5.368843624166496076e-01,1.248325424189740573e+00,7.334792051434076976e-01
2.561797201633453369e-01,-3.873240947723388672e-01,-2.637753486633300781e-01,-7.227112352848052979e-02,-4.292278885841369629e-01,-6.949136406183242798e-02,8.795128464698791504e-01,4.034402668476104736e-01,1.264381110668182373e-01,1.378979167068353329e+00,5.368843624166496076e-01,1.248325424189740573e+00,7.334792051434076976e-01
2.629990279674530029e-01,-3.824310898780822754e-01,-2.735682129859924316e-01,-5.752407759428024292e-02,-4.405126571655273438e-01,-7.904966175556182861e-02,8.808930516242980957e-01,4.435459375381469727e-01,1.379515975713729858e-01,1.378979167068353329e+00,5.368843624166496076e-01,1.248325424189740573e+00,7.334792051434076976e-01
2.699762582778930664e-01,-3.774858117103576660e-01,-2.830971479415893555e-01,-4.266847670078277588e-02,-4.516413211822509766e-01,-8.840992301702499390e-02,8.821352720260620117e-01,4.834510982036590576e-01,1.486870348453521729e-01,1.378979167068353329e+00,5.368843624166496076e-01,1.248325424189740573e+00,7.334792051434076976e-01
2.770887315273284912e-01,-3.724904060363769531e-01,-2.923664450645446777e-01,-2.770189568400382996e-02,-4.626407027244567871e-01,-9.759236872196197510e-02,8.832529187202453613e-01,5.231598019599914551e-01,1.586917340755462646e-01,1.378979167068353329e+00,5.368843624166496076e-01,1.248325424189740573e+00,7.334792051434076976e-01
2.843189239501953125e-01,-3.674496114253997803e-01,-3.013845682144165039e-01,-1.262486912310123444e-02,-4.735341966152191162e-01,-1.066140681505203247e-01,8.842610716819763184e-01,5.626751184463500977e-01,1.680116802453994751e-01,1.378979167068353329e+00,5.368843624166496076e-01,1.248325424189740573e+00,7.334792051434076976e-01
2.825640141963958740e-01,-3.756147027015686035e-01,-2.999530434608459473e-01,-2.373002469539642334e-02,-4.552179276943206787e-01,-1.084572151303291321e-01,8.801370263099670410e-01,5.439031720161437988e-01,1.693576574325561523e-01,7.203974619804485169e-01,-2.192115263456703711e-01,3.957305900494677564e-01,-9.457909403027261463e-01
2.839186489582061768e-01,-3.734044432640075684e-01,-2.994998097419738770e-01,-2.149257808923721313e-02,-4.517363011837005615e-01,-1.087595447897911072e-01,8.752056956291198730e-01,5.474858880043029785e-01,1.674678474664688110e-01,7.203974619804485169e-01,-2.192115263456703711e-01,3.957305900494677564e-01,-9.457909403027261463e-01
2.848438918590545654e-01,-3.707037568092346191e-01,-2.985358238220214844e-01,-1.906368881464004517e-02,-4.486793577671051025e-01,-1.090875118970870972e-01,8.700980544090270996e-01,5.508293509483337402e-01,1.653067320585250854e-01,7.203974619804485169e-01,-2.192115263456703711e-01,3.957305900494677564e-01,-9.457909403027261463e-01
2.853436172008514404e-01,-3.677119016647338867e-01,-2.972589433193206787e-01,-1.644781604409217834e-02,-4.459085464477539062e-01,-1.094238162040710449e-01,8.647550344467163086e-01,5.539706945419311523e-01,1.631729602813720703e-01,7.203974619804485169e-01,-2.192115263456703711e-01,3.957305900494677564e-01,-9.457909403027261463e-01
2.855161428451538086e-01,-3.645209670066833496e-01,-2.957883477210998535e-01,-1.371000520884990692e-02,-4.433457851409912109e-01,-1.097543910145759583e-01,8.592371344566345215e-01,5.569342970848083496e-01,1.611235588788986206e-01,7.203974619804485169e-01,-2.192115263456703711e-01,3.957305900494677564e-01,-9.457909403027261463e-01
2.854452729225158691e-01,-3.611912131309509277e-01,-2.942042946815490723e-01,-1.090260222554206848e-02,-4.409355521202087402e-01,-1.100719124078750610e-01,8.535993099212646484e-01,5.597423315048217773e-01,1.591767370700836182e-01,7.203974619804485169e-01,-2.192115263456703711e-01,3.957305900494677564e-01,-9.457909403027261463e-01
2.851938307285308838e-01,-3.577653169631958008e-01,-2.925613522529602051e-01,-8.062133565545082092e-03,-4.386366307735443115e-01,-1.103737354278564453e-01,8.478811383247375488e-01,5.624151825904846191e-01,1.573393344879150391e-01,7.203974619804485169e-01,-2.192115263456703711e-01,3.957305900494677564e-01,-9.457909403027261463e-01
2.848076224327087402e-01,-3.542737364768981934e-01,-2.908958196640014648e-01,-5.213046446442604065e-03,-4.364183247089385986e-01,-1.106601655483245850e-01,8.421105146408081055e-01,5.649710297584533691e-01,1.556122899055480957e-01,7.203974619804485169e-01,-2.192115263456703711e-01,3.957305900494677564e-01,-9.457909403027261463e-01
2.843200862407684326e-01,-3.507381081581115723e-01,-2.892312705516815186e-01,-2.371387556195259094e-03,-4.342577755451202393e-01,-1.109330356121063232e-01,8.363061547279357910e-01,5.674254298210144043e-01,1.539929956197738647e-01,7.203974619804485169e-01,-2.192115263456703711e-01,3.957305900494677564e-01,-9.457909403027261463e-01
2.837553024291992188e-01,-3.471736907958984375e-01,-2.875823974609375000e-01,4.527159035205841064e-04,-4.321383833885192871e-01,-1.111949160695075989e-01,8.304808735847473145e-01,5.697917938232421875e-01,1.524769663810729980e-01,7.203974619804485169e-01,-2.192115263456703711e-01,3.957305900494677564e-01,-9.457909403027261463e-01
2.718925178050994873e-01,-3.733997344970703125e-01,-2.836644053459167480e-01,-1.519389823079109192e-02,-4.519227147102355957e-01,-1.121229678392410278e-01,8.648014664649963379e-01,5.415236353874206543e-01,1.602699458599090576e-01,1.558654893492045224e-01,-8.711639401410580241e-01,-1.453759727850188810e+00,2.071662749057693598e-01
2.682646811008453369e-01,-3.864004015922546387e-01,-2.826015353202819824e-01,-2.511436492204666138e-02,-4.605951905250549316e-01,-1.118577271699905396e-01,8.837617039680480957e-01,5.261797904968261719e-01,1.623568832874298096e-01,1.558654893492045224e-01,-8.711639401410580241e-01,-1.453759727850188810e+00,2.071662749057693598e-01
2.662366032600402832e-01,-4.000453948974609375e-01,-2.829371690750122070e-01,-3.634320199489593506e-02,-4.689335525035858154e-01,-1.108282357454299927e-01,9.044439792633056641e-01,5.103983879089355469e-01,1.642343401908874512e-01,1.558654893492045224e-01,-8.711639401410580241e-01,-1.453759727850188810e+00,2.071662749057693598e-01
2.652080357074737549e-01,-4.143445491790771484e-01,-2.843724787235260010e-01,-4.836156219244003296e-02,-4.769787192344665527e-01,-1.092510670423507690e-01,9.261233806610107422e-01,4.943987429141998291e-01,1.663037836551666260e-01,1.558654893492045224e-01,-8.711639401410580241e-01,-1.453759727850188810e+00,2.071662749057693598e-01
2.649360895156860352e-01,-4.291780889034271240e-01,-2.866347432136535645e-01,-6.093017756938934326e-02,-4.848232567310333252e-01,-1.072714105248451233e-01,9.484907984733581543e-01,4.783131182193756104e-01,1.685180217027664185e-01,1.558654893492045224e-01,-8.711639401410580241e-01,-1.453759727850188810e+00,2.071662749057693598e-01
2.652589380741119385e-01,-4.444378018379211426e-01,-2.895135283470153809e-01,-7.388916611671447754e-02,-4.925465881824493408e-01,-1.049928590655326843e-01,9.713421463966369629e-01,4.622314870357513428e-01,1.708021759986877441e-01,1.558654893492045224e-01,-8.711639401410580241e-01,-1.453759727850188810e+00,2.071662749057693598e-01
2.660540640354156494e-01,-4.600385427474975586e-01,-2.928508520126342773e-01,-8.712230622768402100e-02,-5.002107620239257812e-01,-1.024893969297409058e-01,9.945294857025146484e-01,4.462152719497680664e-01,1.730980575084686279e-01,1.558654893492045224e-01,-8.711639401410580241e-01,-1.453759727850188810e+00,2.071662749057693598e-01
2.672262787818908691e-01,-4.759154319763183594e-01,-2.965295910835266113e-01,-1.005441397428512573e-01,-5.078632235527038574e-01,-9.981371462345123291e-02,1.017944335937500000e+00,4.303061366081237793e-01,1.753651797771453857e-01,1.558654893492045224e-01,-8.711639401410580241e-01,-1.453759727850188810e+00,2.071662749057693598e-01
2.687015831470489502e-01,-4.920193552970886230e-01,-3.004632294178009033e-01,-1.140922084450721741e-01,-5.155400633811950684e-01,-9.700283408164978027e-02,1.041509270668029785e+00,4.145322144031524658e-01,1.775761842727661133e-01,1.558654893492045224e-01,-8.711639401410580241e-01,-1.453759727850188810e+00,2.071662749057693598e-01
2.704223990440368652e-01,-5.083135962486267090e-01,-3.045884668827056885e-01,-1.277212798595428467e-01,-5.232689976692199707e-01,-9.408227354288101196e-02,1.065170049667358398e+00,3.989112973213195801e-01,1.797131001949310303e-01,1.558654893492045224e-01,-8.711639401410580241e-01,-1.453759727850188810e+00,2.071662749057693598e-01
2.461130619049072266e-01,-4.901512861251831055e-01,-3.187293708324432373e-01,-1.422550529241561890e-01,-5.233235955238342285e-01,-1.343229860067367554e-01,1.069328784942626953e+00,3.954884409904479980e-01,2.452696263790130615e-01,-1.569314284325308728e+00,-1.483700130710714049e+00,9.646613608218067293e-02,1.555338970220298433e+00
2.336546480655670166e-01,-4.951001405715942383e-01,-3.374876081943511963e-01,-1.580463796854019165e-01,-5.271354317665100098e-01,-1.466242522001266479e-01,1.083042263984680176e+00,3.807312548160552979e-01,2.919567823410034180e-01,-1.569314284325308728e+00,-1.483700130710714049e+00,9.646613608218067293e-02,1.555338970220298433e+00
2.214325070381164551e-01,-5.008376836776733398e-01,-3.553533554077148438e-01,-1.736095100641250610e-01,-5.303955674171447754e-01,-1.579016894102096558e-01,1.096107125282287598e+00,3.650277554988861084e-01,3.366219997406005859e-01,-1.569314284325308728e+00,-1.483700130710714049e+00,9.646613608218067293e-02,1.555338970220298433e+00
2.098496854305267334e-01,-5.069960355758666992e-01,-3.722188770771026611e-01,-1.892995536327362061e-01,-5.332469940185546875e-01,-1.682044565677642822e-01,1.109072208404541016e+00,3.483337163925170898e-01,3.786001205444335938e-01,-1.569314284325308728e+00,-1.483700130710714049e+00,9.646613608218067293e-02,1.555338970220298433e+00
1.988437175750732422e-01,-5.134953260421752930e-01,-3.880901336669921875e-01,-2.051421701908111572e-01,-5.357072949409484863e-01,-1.776017546653747559e-01,1.121949076652526855e+00,3.306439816951751709e-01,4.180097579956054688e-01,-1.569314284325308728e+00,-1.483700130710714049e+00,9.646613608218067293e-02,1.555338970220298433e+00
1.883213222026824951e-01,-5.202875733375549316e-01,-4.029897153377532959e-01,-2.211332172155380249e-01,-5.377840399742126465e-01,-1.861540526151657104e-01,1.134706735610961914e+00,3.119562566280364990e-01,4.550309479236602783e-01,-1.569314284325308728e+00,-1.483700130710714049e+00,9.646613608218067293e-02,1.555338970220298433e+00
1.781985461711883545e-01,-5.273313522338867188e-01,-4.169457554817199707e-01,-2.372669279575347900e-01,-5.394840836524963379e-01,-1.939128190279006958e-01,1.147315263748168945e+00,2.922691106796264648e-01,4.898354709148406982e-01,-1.569314284325308728e+00,-1.483700130710714049e+00,9.646613608218067293e-02,1.555338970220298433e+00
1.684035658836364746e-01,-5.345887541770935059e-01,-4.299898445606231689e-01,-2.535380423069000244e-01,-5.408139824867248535e-01,-2.009220570325851440e-01,1.159748673439025879e+00,2.715831398963928223e-01,5.225809216499328613e-01,-1.569314284325308728e+00,-1.483700130710714049e+00,9.646613608218067293e-02,1.555338970220298433e+00
1.588749885559082031e-01,-5.420243144035339355e-01,-4.421555995941162109e-01,-2.699415087699890137e-01,-5.417794585227966309e-01,-2.072201520204544067e-01,1.171983480453491211e+00,2.499001920223236084e-01,5.534118413925170898e-01,-1.569314284325308728e+00,-1.483700130710714049e+00,9.646613608218067293e-02,1.555338970220298433e+00
1.495605409145355225e-01,-5.496050119400024414e-01,-4.534776806831359863e-01,-2.864715754985809326e-01,-5.423842072486877441e-01,-2.128410786390304565e-01,1.183996558189392090e+00,2.272256612777709961e-01,5.824601054191589355e-01,-1.569314284325308728e+00,-1.483700130710714049e+00,9.646613608218067293e-02,1.555338970220298433e+00
1.652877330780029297e-01,-5.307244062423706055e-01,-4.566265344619750977e-01,-2.848404645919799805e-01,-4.944943487644195557e-01,-1.806426644325256348e-01,1.126316547393798828e+00,2.081702053546905518e-01,5.565359592437744141e-01,-1.175679982250505518e+00,9.907488953399320453e-01,1.712536288306643895e-01,-9.953324451623796199e-01
1.677718758583068848e-01,-5.205876827239990234e-01,-4.488213658332824707e-01,-2.857317328453063965e-01,-4.686695635318756104e-01,-1.695125699043273926e-01,1.098635792732238770e+00,1.922264695167541504e-01,5.383017063140869141e-01,-1.175679982250505518e+00,9.907488953399320453e-01,1.712536288306643895e-01,-9.953324451623796199e-01
1.678163707256317139e-01,-5.085219740867614746e-01,-4.386529326438903809e-01,-2.843740284442901611e-01,-4.440740346908569336e-01,-1.598889082670211792e-01,1.069749116897583008e+00,1.777294576168060303e-01,5.201880335807800293e-01,-1.175679982250505518e+00,9.907488953399320453e-01,1.712536288306643895e-01,-9.953324451623796199e-01
1.659732460975646973e-01,-4.949311316013336182e-01,-4.268009066581726074e-01,-2.813430130481719971e-01,-4.206566512584686279e-01,-1.514358520507812500e-01,1.040074706077575684e+00,1.643439829349517822e-01,5.023229122161865234e-01,-1.175679982250505518e+00,9.907488953399320453e-01,1.712536288306643895e-01,-9.953324451623796199e-01
1.626309454441070557e-01,-4.801853895187377930e-01,-4.138052463531494141e-01,-2.770494520664215088e-01,-3.983350694179534912e-01,-1.439050137996673584e-01,1.009824037551879883e+00,1.518285870552062988e-01,4.848920702934265137e-01,-1.175679982250505518e+00,9.907488953399320453e-01,1.712536288306643895e-01,-9.953324451623796199e-01
1.581041812896728516e-01,-4.645865559577941895e-01,-4.000822901725769043e-01,-2.718148529529571533e-01,-3.770211637020111084e-01,-1.371098160743713379e-01,9.791322350502014160e-01,1.400046050548553467e-01,4.680294692516326904e-01,-1.175679982250505518e+00,9.907488953399320453e-01,1.712536288306643895e-01,-9.953324451623796199e-01
1.526502966880798340e-01,-4.483760893344879150e-01,-3.859486579895019531e-01,-2.658928632736206055e-01,-3.566264808177947998e-01,-1.309102177619934082e-01,9.480913281440734863e-01,1.287376582622528076e-01,4.518223106861114502e-01,-1.175679982250505518e+00,9.907488953399320453e-01,1.712536288306643895e-01,-9.953324451623796199e-01
1.464785933494567871e-01,-4.317450523376464844e-01,-3.716422319412231445e-01,-2.594825327396392822e-01,-3.370656073093414307e-01,-1.252008974552154541e-01,9.167670011520385742e-01,1.179261207580566406e-01,4.363228678703308105e-01,-1.175679982250505518e+00,9.907488953399320453e-01,1.712536288306643895e-01,-9.953324451623796199e-01
1.397577077150344849e-01,-4.148434996604919434e-01,-3.573389351367950439e-01,-2.527396976947784424e-01,-3.182583451271057129e-01,-1.199027895927429199e-01,8.852089643478393555e-01,1.074914634227752686e-01,4.215577840805053711e-01,-1.175679982250505518e+00,9.907488953399320453e-01,1.712536288306643895e-01,-9.953324451623796199e-01
1.326220333576202393e-01,-3.977883458137512207e-01,-3.431658744812011719e-01,-2.457849979400634766e-01,-3.001307845115661621e-01,-1.149563342332839966e-01,8.534564375877380371e-01,9.737253189086914062e-02,4.075357317924499512e-01,-1.175679982250505518e+00,9.907488953399320453e-01,1.712536288306643895e-01,-9.953324451623796199e-01
9.795532375574111938e-02,-3.772406876087188721e-01,-3.177813291549682617e-01,-2.369970977306365967e-01,-3.045206069946289062e-01,-1.340607851743698120e-01,8.314380645751953125e-01,8.490559458732604980e-02,4.193448722362518311e-01,-8.829401635508855595e-01,-1.219727599426654541e+00,8.317350745332305895e-01,-5.702426805831888323e-01
8.386416733264923096e-02,-3.699421882629394531e-01,-3.156421184539794922e-01,-2.417998164892196655e-01,-2.973796427249908447e-01,-1.367176771163940430e-01,8.191301226615905762e-01,6.512677669525146484e-02,4.341194629669189453e-01,-8.829401635508855595e-01,-1.219727599426654541e+00,8.317350745332305895e-01,-5.702426805831888323e-01
7.086493074893951416e-02,-3.631195425987243652e-01,-3.139205574989318848e-01,-2.471650540828704834e-01,-2.896100878715515137e-01,-1.388942301273345947e-01,8.072583675384521484e-01,4.520443081855773926e-02,4.480325877666473389e-01,-8.829401635508855595e-01,-1.219727599426654541e+00,8.317350745332305895e-01,-5.702426805831888323e-01
5.856981873512268066e-02,-3.566984236240386963e-01,-3.124210834503173828e-01,-2.528188228607177734e-01,-2.813195586204528809e-01,-1.406732797622680664e-01,7.954987287521362305e-01,2.517065405845642090e-02,4.613081216812133789e-01,-8.829401635508855595e-01,-1.219727599426654541e+00,8.317350745332305895e-01,-5.702426805831888323e-01
4.680044949054718018e-02,-3.505622148513793945e-01,-3.109848201274871826e-01,-2.586345374584197998e-01,-2.726197242736816406e-01,-1.421098858118057251e-01,7.837360501289367676e-01,5.038201808929443359e-03,4.739442765712738037e-01,-8.829401635508855595e-01,-1.219727599426654541e+00,8.317350745332305895e-01,-5.702426805831888323e-01
3.543546795845031738e-02,-3.446188569068908691e-01,-3.095011711120605469e-01,-2.645282149314880371e-01,-2.635987699031829834e-01,-1.432448178529739380e-01,7.718973159790039062e-01,-1.518300175666809082e-02,4.859354197978973389e-01,-8.829401635508855595e-01,-1.219727599426654541e+00,8.317350745332305895e-01,-5.702426805831888323e-01
2.438597381114959717e-02,-3.388000130653381348e-01,-3.078963756561279297e-01,-2.704401612281799316e-01,-2.543245255947113037e-01,-1.441093832254409790e-01,7.599300146102905273e-01,-3.548371791839599609e-02,4.972879290580749512e-01,-8.829401635508855595e-01,-1.219727599426654541e+00,8.317350745332305895e-01,-5.702426805831888323e-01
1.358651742339134216e-02,-3.330550193786621094e-01,-3.061233758926391602e-01,-2.763274610042572021e-01,-2.448492646217346191e-01,-1.447283625602722168e-01,7.477957010269165039e-01,-5.585387349128723145e-02,5.080175399780273438e-01,-8.829401635508855595e-01,-1.219727599426654541e+00,8.317350745332305895e-01,-5.702426805831888323e-01
2.988796681165695190e-03,-3.273460865020751953e-01,-3.041539490222930908e-01,-2.821594178676605225e-01,-2.352137118577957153e-01,-1.451220661401748657e-01,7.354671955108642578e-01,-7.628294825553894043e-02,5.181458592414855957e-01,-8.829401635508855595e-01,-1.219727599426654541e+00,8.317350745332305895e-01,-5.702426805831888323e-01
-7.443088106811046600e-03,-3.216453194618225098e-01,-3.019731044769287109e-01,-2.879138588905334473e-01,-2.254497706890106201e-01,-1.453078091144561768e-01,7.229247689247131348e-01,-9.675955772399902344e-02,5.276984572410583496e-01,-8.829401635508855595e-01,-1.219727599426654541e+00,8.317350745332305895e-01,-5.702426805831888323e-01
-1.768877170979976654e-02,-3.096228837966918945e-01,-3.138365149497985840e-01,-2.833509147167205811e-01,-2.443757355213165283e-01,-1.611258983612060547e-01,7.287482619285583496e-01,-7.834193110466003418e-02,5.642198920249938965e-01,-7.469575654757895089e-01,-1.556147136755238636e+00,1.600053636694485970e+00,9.715128070312982755e-01
-2.845985069870948792e-02,-3.046113252639770508e-01,-3.213428854942321777e-01,-2.856489717960357666e-01,-2.458445876836776733e-01,-1.719657480716705322e-01,7.260954976081848145e-01,-7.902088761329650879e-02,5.933820605278015137e-01,-7.469575654757895089e-01,-1.556147136755238636e+00,1.600053636694485970e+00,9.715128070312982755e-01
-3.839610889554023743e-02,-3.002494573593139648e-01,-3.290506005287170410e-01,-2.883001565933227539e-01,-2.463692426681518555e-01,-1.818819344043731689e-01,7.234495282173156738e-01,-8.034151792526245117e-02,6.214556097984313965e-01,-7.469575654757895089e-01,-1.556147136755238636e+00,1.600053636694485970e+00,9.715128070312982755e-01
-4.757650941610336304e-02,-2.962914109230041504e-01,-3.366996049880981445e-01,-2.912417650222778320e-01,-2.461758852005004883e-01,-1.909891515970230103e-01,7.208459377288818359e-01,-8.224749565124511719e-02,6.481804847717285156e-01,-7.469575654757895089e-01,-1.556147136755238636e+00,1.600053636694485970e+00,9.715128070312982755e-01
-5.615338310599327087e-02,-2.926141023635864258e-01,-3.441342115402221680e-01,-2.943678498268127441e-01,-2.454075217247009277e-01,-1.993834376335144043e-01,7.181998491287231445e-01,-8.467769622802734375e-02,6.735500097274780273e-01,-7.469575654757895089e-01,-1.556147136755238636e+00,1.600053636694485970e+00,9.715128070312982755e-01
-6.424752622842788696e-02,-2.891334593296051025e-01,-3.512535691261291504e-01,-2.975976169109344482e-01,-2.441689670085906982e-01,-2.071416676044464111e-01,7.154421806335449219e-01,-8.757895231246948242e-02,6.975953578948974609e-01,-7.469575654757895089e-01,-1.556147136755238636e+00,1.600053636694485970e+00,9.715128070312982755e-01
-7.194966822862625122e-02,-2.857886552810668945e-01,-3.579943776130676270e-01,-3.008727431297302246e-01,-2.425394356250762939e-01,-2.143259346485137939e-01,7.125238180160522461e-01,-9.090578556060791016e-02,7.203611135482788086e-01,-7.469575654757895089e-01,-1.556147136755238636e+00,1.600053636694485970e+00,9.715128070312982755e-01
-7.932843267917633057e-02,-2.825353145599365234e-01,-3.643197119235992432e-01,-3.041511476039886475e-01,-2.405795603990554810e-01,-2.209871858358383179e-01,7.094107866287231445e-01,-9.461838006973266602e-02,7.418999671936035156e-01,-7.469575654757895089e-01,-1.556147136755238636e+00,1.600053636694485970e+00,9.715128070312982755e-01
-8.643569052219390869e-02,-2.793402075767517090e-01,-3.702110648155212402e-01,-3.074025511741638184e-01,-2.383365333080291748e-01,-2.271679788827896118e-01,7.060803174972534180e-01,-9.868103265762329102e-02,7.622679471969604492e-01,-7.469575654757895089e-01,-1.556147136755238636e+00,1.600053636694485970e+00,9.715128070312982755e-01
-9.331122785806655884e-02,-2.761784791946411133e-01,-3.756627738475799561e-01,-3.106050193309783936e-01,-2.358473539352416992e-01,-2.329046130180358887e-01,7.025174498558044434e-01,-1.030619442462921143e-01,7.815225720405578613e-01,-7.469575654757895089e-01,-1.556147136755238636e+00,1.600053636694485970e+00,9.715128070312982755e-01
-7.256138324737548828e-02,-2.655516266822814941e-01,-3.776608705520629883e-01,-2.947982251644134521e-01,-2.206029146909713745e-01,-2.121777534484863281e-01,6.771615147590637207e-01,-8.191460371017456055e-02,7.520424723625183105e-01,-4.249062348226453900e-01,8.254440045764658285e-01,1.172036009558255598e+00,7.494825626842090971e-01
-6.812852621078491211e-02,-2.547491192817687988e-01,-3.741878271102905273e-01,-2.832390367984771729e-01,-2.135108113288879395e-01,-2.098874449729919434e-01,6.578412055969238281e-01,-6.583908200263977051e-02,7.417141795158386230e-01,-4.249062348226453900e-01,8.254440045764658285e-01,1.172036009558255598e+00,7.494825626842090971e-01
-6.458851695060729980e-02,-2.434854805469512939e-01,-3.699731826782226562e-01,-2.708612680435180664e-01,-2.073048204183578491e-01,-2.082390338182449341e-01,6.379595994949340820e-01,-4.900488257408142090e-02,7.316112518310546875e-01,-4.249062348226453900e-01,8.254440045764658285e-01,1.172036009558255598e+00,7.494825626842090971e-01
-6.161228567361831665e-02,-2.318634986877441406e-01,-3.652810752391815186e-01,-2.579395174980163574e-01,-2.018598467111587524e-01,-2.071095407009124756e-01,6.178178191184997559e-01,-3.153792023658752441e-02,7.216667532920837402e-01,-4.249062348226453900e-01,8.254440045764658285e-01,1.172036009558255598e+00,7.494825626842090971e-01
-5.902732163667678833e-02,-2.200030833482742310e-01,-3.603214323520660400e-01,-2.446280717849731445e-01,-1.970564126968383789e-01,-2.064106911420822144e-01,5.975480079650878906e-01,-1.352366805076599121e-02,7.119494080543518066e-01,-4.249062348226453900e-01,8.254440045764658285e-01,1.172036009558255598e+00,7.494825626842090971e-01
-5.671180784702301025e-02,-2.079966366291046143e-01,-3.552479445934295654e-01,-2.310364395380020142e-01,-1.927974820137023926e-01,-2.060763090848922729e-01,5.772388577461242676e-01,4.973679780960083008e-03,7.025164961814880371e-01,-4.249062348226453900e-01,8.254440045764658285e-01,1.172036009558255598e+00,7.494825626842090971e-01
-5.457570031285285950e-02,-1.959121972322463989e-01,-3.501707017421722412e-01,-2.172447443008422852e-01,-1.890057325363159180e-01,-2.060562819242477417e-01,5.569546222686767578e-01,2.390494942665100098e-02,6.934054493904113770e-01,-4.249062348226453900e-01,8.254440045764658285e-01,1.172036009558255598e+00,7.494825626842090971e-01
-5.255252867937088013e-02,-1.837993264198303223e-01,-3.451672196388244629e-01,-2.033114880323410034e-01,-1.856193542480468750e-01,-2.063126116991043091e-01,5.367428064346313477e-01,4.323169589042663574e-02,6.846389174461364746e-01,-4.249062348226453900e-01,8.254440045764658285e-01,1.172036009558255598e+00,7.494825626842090971e-01
-5.059341713786125183e-02,-1.716935932636260986e-01,-3.402906060218811035e-01,-1.892794072628021240e-01,-1.825890392065048218e-01,-2.068162560462951660e-01,5.166390538215637207e-01,6.292298436164855957e-02,6.762279868125915527e-01,-4.249062348226453900e-01,8.254440045764658285e-01,1.172036009558255598e+00,7.494825626842090971e-01
-4.866324737668037415e-02,-1.596210598945617676e-01,-3.355762958526611328e-01,-1.751789897680282593e-01,-1.798754632472991943e-01,-2.075447589159011841e-01,4.966690838336944580e-01,8.295381069183349609e-02,6.681765913963317871e-01,-4.249062348226453900e-01,8.254440045764658285e-01,1.172036009558255598e+00,7.494825626842090971e-01
-6.279535591602325439e-02,-1.807626485824584961e-01,-3.100993037223815918e-01,-1.853416860103607178e-01,-1.796922832727432251e-01,-2.024795413017272949e-01,5.018643736839294434e-01,4.139733314514160156e-02,6.440380811691284180e-01,-1.337356219122113554e+00,-9.763720164275874192e-01,-1.111390287448147829e+00,5.500861849223369626e-01
-6.948212534189224243e-02,-1.873690932989120483e-01,-3.013831973075866699e-01,-1.955830007791519165e-01,-1.774285137653350830e-01,-1.988200694322586060e-01,5.058122873306274414e-01,1.368686556816101074e-02,6.367519497871398926e-01,-1.337356219122113554e+00,-9.763720164275874192e-01,-1.111390287448147829e+00,5.500861849223369626e-01
-7.547454535961151123e-02,-1.940497606992721558e-01,-2.939132750034332275e-01,-2.067629396915435791e-01,-1.749038845300674438e-01,-1.944886445999145508e-01,5.109999179840087891e-01,-1.491981744766235352e-02,6.300913095474243164e-01,-1.337356219122113554e+00,-9.763720164275874192e-01,-1.111390287448147829e+00,5.500861849223369626e-01
-8.111049234867095947e-02,-2.008921056985855103e-01,-2.874888479709625244e-01,-2.185254842042922974e-01,-1.720711886882781982e-01,-1.896811574697494507e-01,5.168824195861816406e-01,-4.413700103759765625e-02,6.243019104003906250e-01,-1.337356219122113554e+00,-9.763720164275874192e-01,-1.111390287448147829e+00,5.500861849223369626e-01
-8.648245781660079956e-02,-2.078521698713302612e-01,-2.818976938724517822e-01,-2.307090610265731812e-01,-1.689551174640655518e-01,-1.845407336950302124e-01,5.232397317886352539e-01,-7.377028465270996094e-02,6.192607283592224121e-01,-1.337356219122113554e+00,-9.763720164275874192e-01,-1.111390287448147829e+00,5.500861849223369626e-01
-9.165252000093460083e-02,-2.148796766996383667e-01,-2.769625484943389893e-01,-2.431977689266204834e-01,-1.655899882316589355e-01,-1.791741549968719482e-01,5.299156904220581055e-01,-1.036790609359741211e-01,6.148366928100585938e-01,-1.337356219122113554e+00,-9.763720164275874192e-01,-1.111390287448147829e+00,5.500861849223369626e-01
-9.667297452688217163e-02,-2.219310700893402100e-01,-2.725406289100646973e-01,-2.559013962745666504e-01,-1.620097905397415161e-01,-1.736606210470199585e-01,5.367872714996337891e-01,-1.337609589099884033e-01,6.109219789505004883e-01,-1.337356219122113554e+00,-9.763720164275874192e-01,-1.111390287448147829e+00,5.500861849223369626e-01
-1.015883758664131165e-01,-2.289701849222183228e-01,-2.685182094573974609e-01,-2.687493264675140381e-01,-1.582455337047576904e-01,-1.680581718683242798e-01,5.437570214271545410e-01,-1.639419794082641602e-01,6.074309349060058594e-01,-1.337356219122113554e+00,-9.763720164275874192e-01,-1.111390287448147829e+00,5.500861849223369626e-01
-1.064356863498687744e-01,-2.359675019979476929e-01,-2.648055255413055420e-01,-2.816867232322692871e-01,-1.543241441249847412e-01,-1.624088138341903687e-01,5.507491827011108398e-01,-1.941691488027572632e-01,6.042957901954650879e-01,-1.337356219122113554e+00,-9.763720164275874192e-01,-1.111390287448147829e+00,5.500861849223369626e-01
-1.112451106309890747e-01,-2.428991198539733887e-01,-2.613320052623748779e-01,-2.946712970733642578e-01,-1.502682268619537354e-01,-1.567424088716506958e-01,5.577046871185302734e-01,-2.244051247835159302e-01,6.014624238014221191e-01,-1.337356219122113554e+00,-9.763720164275874192e-01,-1.111390287448147829e+00,5.500861849223369626e-01
-7.777048647403717041e-02,-2.383470684289932251e-01,-2.706743478775024414e-01,-2.713973522186279297e-01,-1.631569117307662964e-01,-1.437638700008392334e-01,5.665287971496582031e-01,-1.659596860408782959e-01,5.691169500350952148e-01,3.459179406453269379e-01,1.089175250045072429e+00,3.504810657070262514e-01,7.613198117603459103e-01
-6.733022630214691162e-02,-2.345221042633056641e-01,-2.684252560138702393e-01,-2.602175176143646240e-01,-1.643326729536056519e-01,-1.386739313602447510e-01,5.612875223159790039e-01,-1.456149667501449585e-01,5.510662198066711426e-01,3.459179406453269379e-01,1.089175250045072429e+00,3.504810657070262514e-01,7.613198117603459103e-01
-5.761867761611938477e-02,-2.304952144622802734e-01,-2.658589184284210205e-01,-2.484740018844604492e-01,-1.659223884344100952e-01,-1.345322281122207642e-01,5.555351376533508301e-01,-1.243572533130645752e-01,5.338808894157409668e-01,3.459179406453269379e-01,1.089175250045072429e+00,3.504810657070262514e-01,7.613198117603459103e-01
-4.838730394840240479e-02,-2.262562811374664307e-01,-2.631135582923889160e-01,-2.363975942134857178e-01,-1.679033935070037842e-01,-1.311837732791900635e-01,5.495922565460205078e-01,-1.023846268653869629e-01,5.173797011375427246e-01,3.459179406453269379e-01,1.089175250045072429e+00,3.504810657070262514e-01,7.613198117603459103e-01
-3.954116255044937134e-02,-2.218553870916366577e-01,-2.603147923946380615e-01,-2.240981608629226685e-01,-1.702260673046112061e-01,-1.285103261470794678e-01,5.435765981674194336e-01,-7.983765006065368652e-02,5.015821456909179688e-01,3.459179406453269379e-01,1.089175250045072429e+00,3.504810657070262514e-01,7.613198117603459103e-01
-3.101554512977600098e-02,-2.173363715410232544e-01,-2.575569450855255127e-01,-2.116521000862121582e-01,-1.728438436985015869e-01,-1.264177560806274414e-01,5.375596880912780762e-01,-5.682520568370819092e-02,4.865097999572753906e-01,3.459179406453269379e-01,1.089175250045072429e+00,3.504810657070262514e-01,7.613198117603459103e-01
-2.276029065251350403e-02,-2.127324938774108887e-01,-2.549078166484832764e-01,-1.991161406040191650e-01,-1.757160276174545288e-01,-1.248303577303886414e-01,5.315896272659301758e-01,-3.343313932418823242e-02,4.721708893775939941e-01,3.459179406453269379e-01,1.089175250045072429e+00,3.504810657070262514e-01,7.613198117603459103e-01
-1.473596505820751190e-02,-2.080682069063186646e-01,-2.524145245552062988e-01,-1.865322887897491455e-01,-1.788074970245361328e-01,-1.236868202686309814e-01,5.256984233856201172e-01,-9.729534387588500977e-03,4.585615098476409912e-01,3.459179406453269379e-01,1.089175250045072429e+00,3.504810657070262514e-01,7.613198117603459103e-01
-6.911573931574821472e-03,-2.033611834049224854e-01,-2.501084506511688232e-01,-1.739311665296554565e-01,-1.820880174636840820e-01,-1.229370385408401489e-01,5.199058055877685547e-01,1.423087716102600098e-02,4.456692636013031006e-01,3.459179406453269379e-01,1.089175250045072429e+00,3.504810657070262514e-01,7.613198117603459103e-01
7.374305278062820435e-04,-1.986234486103057861e-01,-2.480088472366333008e-01,-1.613349020481109619e-01,-1.855319440364837646e-01,-1.225394904613494873e-01,5.142230391502380371e-01,3.840385377407073975e-02,4.334746599197387695e-01,3.459179406453269379e-01,1.089175250045072429e+00,3.504810657070262514e-01,7.613198117603459103e-01
-1.744636148214340210e-02,-2.198322415351867676e-01,-2.344920039176940918e-01,-1.767902970314025879e-01,-1.963296979665756226e-01,-1.362783908843994141e-01,5.370453596115112305e-01,9.291887283325195312e-03,4.400887787342071533e-01,-3.776121897391084836e-01,-1.686923075332859678e+00,-7.015174246195620134e-01,6.573957237725687186e-01
-2.293884195387363434e-02,-2.318983078002929688e-01,-2.350068837404251099e-01,-1.891228854656219482e-01,-2.030329555273056030e-01,-1.383580565452575684e-01,5.571359395980834961e-01,-9.616315364837646484e-03,4.473986923694610596e-01,-3.776121897391084836e-01,-1.686923075332859678e+00,-7.015174246195620134e-01,6.573957237725687186e-01
-2.725684642791748047e-02,-2.444624453783035278e-01,-2.366909980773925781e-01,-2.025275379419326782e-01,-2.090551257133483887e-01,-1.394812166690826416e-01,5.785952210426330566e-01,-2.948451042175292969e-02,4.545919895172119141e-01,-3.776121897391084836e-01,-1.686923075332859678e+00,-7.015174246195620134e-01,6.573957237725687186e-01
-3.082552924752235413e-02,-2.574887871742248535e-01,-2.392350882291793823e-01,-2.166255414485931396e-01,-2.145074456930160522e-01,-1.398604512214660645e-01,6.008096933364868164e-01,-5.009055137634277344e-02,4.618362486362457275e-01,-3.776121897391084836e-01,-1.686923075332859678e+00,-7.015174246195620134e-01,6.573957237725687186e-01
-3.383135050535202026e-02,-2.708686590194702148e-01,-2.423757910728454590e-01,-2.312250733375549316e-01,-2.195094227790832520e-01,-1.396498084068298340e-01,6.234773993492126465e-01,-7.128873467445373535e-02,4.690337181091308594e-01,-3.776121897391084836e-01,-1.686923075332859678e+00,-7.015174246195620134e-01,6.573957237725687186e-01
-3.640464693307876587e-02,-2.845087647438049316e-01,-2.459135204553604126e-01,-2.461924105882644653e-01,-2.241543829441070557e-01,-1.389642953872680664e-01,6.463857889175415039e-01,-9.297391772270202637e-02,4.760947227478027344e-01,-3.776121897391084836e-01,-1.686923075332859678e+00,-7.015174246195620134e-01,6.573957237725687186e-01
-3.864622861146926880e-02,-2.983352541923522949e-01,-2.496997714042663574e-01,-2.614285945892333984e-01,-2.285121083259582520e-01,-1.378903985023498535e-01,6.693755984306335449e-01,-1.150700151920318604e-01,4.829573631286621094e-01,-3.776121897391084836e-01,-1.686923075332859678e+00,-7.015174246195620134e-01,6.573957237725687186e-01
-4.063522070646286011e-02,-3.122897744178771973e-01,-2.536249458789825439e-01,-2.768599390983581543e-01,-2.326341122388839722e-01,-1.364930868148803711e-01,6.923276782035827637e-01,-1.375214159488677979e-01,4.895824193954467773e-01,-3.776121897391084836e-01,-1.686923075332859678e+00,-7.015174246195620134e-01,6.573957237725687186e-01
-4.243442788720130920e-02,-3.263261616230010986e-01,-2.576085329055786133e-01,-2.924312055110931396e-01,-2.365581989288330078e-01,-1.348214298486709595e-01,7.151527404785156250e-01,-1.602877080440521240e-01,4.959467947483062744e-01,-3.776121897391084836e-01,-1.686923075332859678e+00,-7.015174246195620134e-01,6.573957237725687186e-01
-4.409384727478027344e-02,-3.404070138931274414e-01,-2.615918219089508057e-01,-3.081009984016418457e-01,-2.403116524219512939e-01,-1.329124867916107178e-01,7.377837896347045898e-01,-1.833392977714538574e-01,5.020396709442138672e-01,-3.776121897391084836e-01,-1.686923075332859678e+00,-7.015174246195620134e-01,6.573957237725687186e-01
-3.678706288337707520e-02,-3.620399236679077148e-01,-2.604947984218597412e-01,-3.199581801891326904e-01,-2.424151301383972168e-01,-1.172851547598838806e-01,7.606904506683349609e-01,-2.070896029472351074e-01,4.836037456989288330e-01,4.691859515309989015e-01,-1.490524431715376963e+00,-1.009625857431175611e+00,-2.892514947086461397e-01
-3.294935449957847595e-02,-3.781169652938842773e-01,-2.585615217685699463e-01,-3.343057632446289062e-01,-2.449533641338348389e-01,-1.068770214915275574e-01,7.827701568603515625e-01,-2.332429587841033936e-01,4.701840281486511230e-01,4.691859515309989015e-01,-1.490524431715376963e+00,-1.009625857431175611e+00,-2.892514947086461397e-01
-2.918457426130771637e-02,-3.940198421478271484e-01,-2.567156553268432617e-01,-3.485984802246093750e-01,-2.476649582386016846e-01,-9.702912718057632446e-02,8.048104047775268555e-01,-2.587898969650268555e-01,4.572601616382598877e-01,4.691859515309989015e-01,-1.490524431715376963e+00,-1.009625857431175611e+00,-2.892514947086461397e-01
-2.560016885399818420e-02,-4.098304510116577148e-01,-2.550050020217895508e-01,-3.627854287624359131e-01,-2.505364716053009033e-01,-8.767728507518768311e-02,8.267182111740112305e-01,-2.837991714477539062e-01,4.450110793113708496e-01,4.691859515309989015e-01,-1.490524431715376963e+00,-1.009625857431175611e+00,-2.892514947086461397e-01
-2.219479531049728394e-02,-4.255702495574951172e-01,-2.534510195255279541e-01,-3.768824934959411621e-01,-2.535731196403503418e-01,-7.876224815845489502e-02,8.485170602798461914e-01,-3.083359599113464355e-01,4.334375262260437012e-01,4.691859515309989015e-01,-1.490524431715376963e+00,-1.009625857431175611e+00,-2.892514947086461397e-01
-1.895460113883018494e-02,-4.412544369697570801e-01,-2.520687580108642578e-01,-3.909091353416442871e-01,-2.567787170410156250e-01,-7.023292779922485352e-02,8.702360987663269043e-01,-3.324543535709381104e-01,4.225190877914428711e-01,4.691859515309989015e-01,-1.490524431715376963e+00,-1.009625857431175611e+00,-2.892514947086461397e-01
-1.586437225341796875e-02,-4.568966031074523926e-01,-2.508690953254699707e-01,-4.048819243907928467e-01,-2.601547539234161377e-01,-6.204529106616973877e-02,8.918991088867187500e-01,-3.561986982822418213e-01,4.122317433357238770e-01,4.691859515309989015e-01,-1.490524431715376963e+00,-1.009625857431175611e+00,-2.892514947086461397e-01
-1.290976349264383316e-02,-4.725093245506286621e-01,-2.498591542243957520e-01,-4.188142716884613037e-01,-2.637012004852294922e-01,-5.416120588779449463e-02,9.135246276855468750e-01,-3.796063065528869629e-01,4.025496840476989746e-01,4.691859515309989015e-01,-1.490524431715376963e+00,-1.009625857431175611e+00,-2.892514947086461397e-01
-1.007736660540103912e-02,-4.881040453910827637e-01,-2.490429431200027466e-01,-4.327170848846435547e-01,-2.674171924591064453e-01,-4.654715955257415771e-02,9.351266026496887207e-01,-4.027087390422821045e-01,3.934463560581207275e-01,4.691859515309989015e-01,-1.490524431715376963e+00,-1.009625857431175611e+00,-2.892514947086461397e-01
-7.355246692895889282e-03,-5.036910176277160645e-01,-2.484219074249267578e-01,-4.465990066528320312e-01,-2.713015675544738770e-01,-3.917355090379714966e-02,9.567155838012695312e-01,-4.255335032939910889e-01,3.848944902420043945e-01,4.691859515309989015e-01,-1.490524431715376963e+00,-1.009625857431175611e+00,-2.892514947086461397e-01
4.567824304103851318e-03,-4.944126009941101074e-01,-2.607225775718688965e-01,-4.422882795333862305e-01,-2.784054279327392578e-01,-4.977830499410629272e-02,9.634002447128295898e-01,-3.926921188831329346e-01,3.941980004310607910e-01,3.673085939061676575e-02,-7.877065515152308350e-01,6.785428780405169391e-01,5.669057181383441169e-01
4.354335367679595947e-03,-4.961020350456237793e-01,-2.683790326118469238e-01,-4.448379874229431152e-01,-2.810241878032684326e-01,-5.417722091078758240e-02,9.685285091400146484e-01,-3.891841173171997070e-01,4.080936312675476074e-01,3.673085939061676575e-02,-7.877065515152308350e-01,6.785428780405169391e-01,5.669057181383441169e-01
3.691421821713447571e-03,-4.976992607116699219e-01,-2.754062414169311523e-01,-4.469392001628875732e-01,-2.834961414337158203e-01,-5.838874354958534241e-02,9.728716611862182617e-01,-3.859276771545410156e-01,4.214903116226196289e-01,3.673085939061676575e-02,-7.877065515152308350e-01,6.785428780405169391e-01,5.669057181383441169e-01
2.897337079048156738e-03,-4.991047978401184082e-01,-2.818498909473419189e-01,-4.488310515880584717e-01,-2.858542501926422119e-01,-6.238824874162673950e-02,9.768071174621582031e-01,-3.829525709152221680e-01,4.340391159057617188e-01,3.673085939061676575e-02,-7.877065515152308350e-01,6.785428780405169391e-01,5.669057181383441169e-01
2.035785466432571411e-03,-5.003464221954345703e-01,-2.877827882766723633e-01,-4.505728781223297119e-01,-2.880852222442626953e-01,-6.617402285337448120e-02,9.804129600524902344e-01,-3.802535235881805420e-01,4.457751512527465820e-01,3.673085939061676575e-02,-7.877065515152308350e-01,6.785428780405169391e-01,5.669057181383441169e-01
1.135483384132385254e-03,-5.014543533325195312e-01,-2.932654023170471191e-01,-4.521971940994262695e-01,-2.901791334152221680e-01,-6.974928826093673706e-02,9.837299585342407227e-01,-3.778216838836669922e-01,4.567610323429107666e-01,3.673085939061676575e-02,-7.877065515152308350e-01,6.785428780405169391e-01,5.669057181383441169e-01
2.144649624824523926e-04,-5.024524331092834473e-01,-2.983460724353790283e-01,-4.537272751331329346e-01,-2.921316027641296387e-01,-7.311955094337463379e-02,9.867890477180480957e-01,-3.756469190120697021e-01,4.670544266700744629e-01,3.673085939061676575e-02,-7.877065515152308350e-01,6.785428780405169391e-01,5.669057181383441169e-01
-7.153060287237167358e-04,-5.033583045005798340e-01,-3.030639886856079102e-01,-4.551804959774017334e-01,-2.939422130584716797e-01,-7.629169523715972900e-02,9.896149635314941406e-01,-3.737191557884216309e-01,4.767064452171325684e-01,3.673085939061676575e-02,-7.877065515152308350e-01,6.785428780405169391e-01,5.669057181383441169e-01
-1.646120101213455200e-03,-5.041857361793518066e-01,-3.074516355991363525e-01,-4.565700590610504150e-01,-2.956132590770721436e-01,-7.927340269088745117e-02,9.922286272048950195e-01,-3.720281422138214111e-01,4.857629537582397461e-01,3.673085939061676575e-02,-7.877065515152308350e-01,6.785428780405169391e-01,5.669057181383441169e-01
-2.572806552052497864e-03,-5.049452781677246094e-01,-3.115363121032714844e-01,-4.579064249992370605e-01,-2.971486449241638184e-01,-8.207270503044128418e-02,9.946476221084594727e-01,-3.705638349056243896e-01,4.942648410797119141e-01,3.673085939061676575e-02,-7.877065515152308350e-01,6.785428780405169391e-01,5.669057181383441169e-01
-9.089007973670959473e-03,-5.030005574226379395e-01,-3.191345334053039551e-01,-4.654697477817535400e-01,-2.945564389228820801e-01,-9.071291983127593994e-02,9.958921670913696289e-01,-3.776229321956634521e-01,5.170966982841491699e-01,-8.722566391614298142e-01,-1.104739491870651014e+00,6.453152664935968286e-01,9.783069010131869581e-01
-1.697042956948280334e-02,-5.013213157653808594e-01,-3.250513672828674316e-01,-4.705713093280792236e-01,-2.937036156654357910e-01,-9.717284888029098511e-02,9.956165552139282227e-01,-3.848617672920227051e-01,5.381819605827331543e-01,-8.722566391614298142e-01,-1.104739491870651014e+00,6.453152664935968286e-01,9.783069010131869581e-01
-2.463196590542793274e-02,-4.997900724411010742e-01,-3.307362198829650879e-01,-4.757479429244995117e-01,-2.922881841659545898e-01,-1.030044928193092346e-01,9.948982000350952148e-01,-3.927640914916992188e-01,5.583793520927429199e-01,-8.722566391614298142e-01,-1.104739491870651014e+00,6.453152664935968286e-01,9.783069010131869581e-01
-3.204625844955444336e-02,-4.982806444168090820e-01,-3.360987007617950439e-01,-4.810094535350799561e-01,-2.903934121131896973e-01,-1.082669720053672791e-01,9.938288331031799316e-01,-4.012809991836547852e-01,5.775392055511474609e-01,-8.722566391614298142e-01,-1.104739491870651014e+00,6.453152664935968286e-01,9.783069010131869581e-01
-3.926469385623931885e-02,-4.967413544654846191e-01,-3.410935401916503906e-01,-4.863131940364837646e-01,-2.880662381649017334e-01,-1.130152568221092224e-01,9.923942089080810547e-01,-4.103572070598602295e-01,5.956836938858032227e-01,-8.722566391614298142e-01,-1.104739491870651014e+00,6.453152664935968286e-01,9.783069010131869581e-01
-4.633334279060363770e-02,-4.951371252536773682e-01,-3.456944525241851807e-01,-4.916219413280487061e-01,-2.853432893753051758e-01,-1.172961145639419556e-01,9.905775785446166992e-01,-4.199424088001251221e-01,6.128545403480529785e-01,-8.722566391614298142e-01,-1.104739491870651014e+00,6.453152664935968286e-01,9.783069010131869581e-01
-5.328813195228576660e-02,-4.934414029121398926e-01,-3.498879373073577881e-01,-4.969059526920318604e-01,-2.822546958923339844e-01,-1.211493387818336487e-01,9.883664846420288086e-01,-4.299899935722351074e-01,6.290963888168334961e-01,-8.722566391614298142e-01,-1.104739491870651014e+00,6.453152664935968286e-01,9.783069010131869581e-01
-6.015664711594581604e-02,-4.916336536407470703e-01,-3.536695241928100586e-01,-5.021421313285827637e-01,-2.788260281085968018e-01,-1.246093288064002991e-01,9.857527613639831543e-01,-4.404576420783996582e-01,6.444548964500427246e-01,-8.722566391614298142e-01,-1.104739491870651014e+00,6.453152664935968286e-01,9.783069010131869581e-01
-6.696040928363800049e-02,-4.896979928016662598e-01,-3.570411205291748047e-01,-5.073117017745971680e-01,-2.750793397426605225e-01,-1.277062147855758667e-01,9.827309846878051758e-01,-4.513058364391326904e-01,6.589753627777099609e-01,-8.722566391614298142e-01,-1.104739491870651014e+00,6.453152664935968286e-01,9.783069010131869581e-01
-7.371603697538375854e-02,-4.876218438148498535e-01,-3.600093722343444824e-01,-5.123995542526245117e-01,-2.710339725017547607e-01,-1.304666250944137573e-01,9.792981147766113281e-01,-4.624977409839630127e-01,6.727022528648376465e-01,-8.722566391614298142e-01,-1.104739491870651014e+00,6.453152664935968286e-01,9.783069010131869581e-01
-5.835080146789550781e-02,-4.829766452312469482e-01,-3.454079031944274902e-01,-5.108365416526794434e-01,-2.296712845563888550e-01,-9.514470398426055908e-02,9.363605976104736328e-01,-4.898994565010070801e-01,6.188525557518005371e-01,-8.915364370869739430e-01,5.308778251169838924e-01,-4.077944474097609517e-01,-7.786419343773602897e-01
-5.776485428214073181e-02,-4.764837324619293213e-01,-3.319317698478698730e-01,-5.112576484680175781e-01,-2.091217786073684692e-01,-8.344472944736480713e-02,9.143780469894409180e-01,-5.089746713638305664e-01,5.931933522224426270e-01,-8.915364370869739430e-01,5.308778251169838924e-01,-4.077944474097609517e-01,-7.786419343773602897e-01
-5.880217999219894409e-02,-4.688703417778015137e-01,-3.174954056739807129e-01,-5.105866193771362305e-01,-1.903466582298278809e-01,-7.258871197700500488e-02,8.922660946846008301e-01,-5.274928808212280273e-01,5.682140588760375977e-01,-8.915364370869739430e-01,5.308778251169838924e-01,-4.077944474097609517e-01,-7.786419343773602897e-01
-6.103164702653884888e-02,-4.605273604393005371e-01,-3.026238083839416504e-01,-5.091706514358520508e-01,-1.730612218379974365e-01,-6.245001778006553650e-02,8.701928853988647461e-01,-5.454913973808288574e-01,5.441428422927856445e-01,-8.915364370869739430e-01,5.308778251169838924e-01,-4.077944474097609517e-01,-7.786419343773602897e-01
-6.411224603652954102e-02,-4.517377614974975586e-01,-2.876846790313720703e-01,-5.072767138481140137e-01,-1.570311933755874634e-01,-5.293560028076171875e-02,8.482913970947265625e-01,-5.629929900169372559e-01,5.210981369018554688e-01,-8.915364370869739430e-01,5.308778251169838924e-01,-4.077944474097609517e-01,-7.786419343773602897e-01
-6.778821349143981934e-02,-4.427080154418945312e-01,-2.729304134845733643e-01,-5.051016211509704590e-01,-1.420614719390869141e-01,-4.397621378302574158e-02,8.266535997390747070e-01,-5.800176858901977539e-01,4.991410076618194580e-01,-8.915364370869739430e-01,5.308778251169838924e-01,-4.077944474097609517e-01,-7.786419343773602897e-01
-7.187186181545257568e-02,-4.335870146751403809e-01,-2.585283517837524414e-01,-5.027872920036315918e-01,-1.279903501272201538e-01,-3.551899269223213196e-02,8.053412437438964844e-01,-5.965836644172668457e-01,4.782953262329101562e-01,-8.915364370869739430e-01,5.308778251169838924e-01,-4.077944474097609517e-01,-7.786419343773602897e-01
-7.622776180505752563e-02,-4.244797825813293457e-01,-2.445836216211318970e-01,-5.004348158836364746e-01,-1.146844476461410522e-01,-2.752231433987617493e-02,7.843944430351257324e-01,-6.127111315727233887e-01,4.585591554641723633e-01,-8.915364370869739430e-01,5.308778251169838924e-01,-4.077944474097609517e-01,-7.786419343773602897e-01
-8.075999468564987183e-02,-4.154586791992187500e-01,-2.311561703681945801e-01,-4.981146454811096191e-01,-1.020340248942375183e-01,-1.995218917727470398e-02,7.638369202613830566e-01,-6.284218430519104004e-01,4.399121701717376709e-01,-8.915364370869739430e-01,5.308778251169838924e-01,-4.077944474097609517e-01,-7.786419343773602897e-01
