X0,X1,X2,X3,X4,X5,Y0,Y1,Y2,U0,U1,U2,U3
1.124848723411560059e-01,-2.441801689565181732e-02,-2.174832820892333984e-01,1.374862194061279297e-01,-2.415503710508346558e-01,-1.571380943059921265e-01,2.830941081047058105e-01,5.741200447082519531e-01,2.808539569377899170e-01,8.387715229696520725e-01,8.387715229696520725e-01,8.387715229696520725e-01,8.387715229696520725e-01
1.202365830540657043e-01,-1.947327144443988800e-02,-2.218455970287322998e-01,1.519362628459930420e-01,-2.486369013786315918e-01,-1.630834788084030151e-01,2.815104722976684570e-01,6.081647872924804688e-01,2.814015150070190430e-01,8.564590634128068647e-01,8.564590634128068647e-01,8.564590634128068647e-01,8.564590634128068647e-01
1.280509233474731445e-01,-1.422690786421298981e-02,-2.261705696582794189e-01,1.666984707117080688e-01,-2.561275362968444824e-01,-1.690130233764648438e-01,2.798852324485778809e-01,6.425628662109375000e-01,2.817579507827758789e-01,8.732664887667168641e-01,8.732664887667168641e-01,8.732664887667168641e-01,8.732664887667168641e-01
1.359089016914367676e-01,-8.769342675805091858e-03,-2.305254340171813965e-01,1.817860156297683716e-01,-2.639259099960327148e-01,-1.749431788921356201e-01,2.781857550144195557e-01,6.773368716239929199e-01,2.820656597614288330e-01,8.891557965605892955e-01,8.891557965605892955e-01,8.891557965605892955e-01,8.891557965605892955e-01
1.438406556844711304e-01,-3.140919841825962067e-03,-2.349406182765960693e-01,1.971769332885742188e-01,-2.719749212265014648e-01,-1.808881759643554688e-01,2.764396667480468750e-01,7.124906778335571289e-01,2.823454737663269043e-01,9.040913905356044999e-01,9.040913905356044999e-01,9.040913905356044999e-01,9.040913905356044999e-01
1.787916123867034912e-01,1.512904837727546692e-02,-2.607154846191406250e-01,2.648708522319793701e-01,-3.225925564765930176e-01,-2.131235003471374512e-01,2.882273197174072266e-01,8.753371238708496094e-01,2.944283783435821533e-01,9.180401501157187116e-01,9.180401501157187116e-01,9.180401501157187116e-01,9.180401501157187116e-01
1.881325840950012207e-01,2.011001110076904297e-02,-2.665165066719055176e-01,2.803649604320526123e-01,-3.300820291042327881e-01,-2.185372710227966309e-01,2.879132628440856934e-01,9.108296036720275879e-01,2.946833074092864990e-01,9.309714932607593418e-01,9.309714932607593418e-01,9.309714932607593418e-01,9.309714932607593418e-01
1.975357234477996826e-01,2.552760019898414612e-02,-2.719841003417968750e-01,2.962069511413574219e-01,-3.380971550941467285e-01,-2.241519093513488770e-01,2.874382138252258301e-01,9.466998577117919922e-01,2.944090664386749268e-01,9.428574326205216849e-01,9.428574326205216849e-01,9.428574326205216849e-01,9.428574326205216849e-01
2.068614959716796875e-01,3.120334073901176453e-02,-2.772756814956665039e-01,3.124582767486572266e-01,-3.464931547641754150e-01,-2.299406826496124268e-01,2.866862714290618896e-01,9.829167723655700684e-01,2.940048575401306152e-01,9.536726249259865895e-01,9.536726249259865895e-01,9.536726249259865895e-01,9.536726249259865895e-01
2.161404192447662354e-01,3.707479685544967651e-02,-2.824712395668029785e-01,3.290716707706451416e-01,-3.551965355873107910e-01,-2.358800619840621948e-01,2.857207059860229492e-01,1.019430041313171387e+00,2.935441434383392334e-01,9.633944135710799106e-01,9.633944135710799106e-01,9.633944135710799106e-01,9.633944135710799106e-01
2.254091501235961914e-01,4.310279712080955505e-02,-2.876229286193847656e-01,3.459985852241516113e-01,-3.641560077667236328e-01,-2.419526278972625732e-01,2.846046090126037598e-01,1.056188583374023438e+00,2.930528521537780762e-01,9.720028643555724823e-01,9.720028643555724823e-01,9.720028643555724823e-01,9.720028643555724823e-01
2.346941530704498291e-01,4.925777018070220947e-02,-2.927663624286651611e-01,3.631986975669860840e-01,-3.733333349227905273e-01,-2.481458634138107300e-01,2.833861708641052246e-01,1.093141913414001465e+00,2.925458252429962158e-01,9.794807943766976610e-01,9.794807943766976610e-01,9.794807943766976610e-01,9.794807943766976610e-01
2.440127730369567871e-01,5.551619082689285278e-02,-2.979255020618438721e-01,3.806385695934295654e-01,-3.826994895935058594e-01,-2.544502317905426025e-01,2.821005880832672119e-01,1.130239009857177734e+00,2.920327484607696533e-01,9.858137940738402882e-01,9.858137940738402882e-01,9.858137940738402882e-01,9.858137940738402882e-01
2.533753514289855957e-01,6.185866147279739380e-02,-3.031165003776550293e-01,3.982897698879241943e-01,-3.922317326068878174e-01,-2.608584165573120117e-01,2.807739078998565674e-01,1.167428731918334961e+00,2.915201783180236816e-01,9.909902424471630500e-01,9.909902424471630500e-01,9.909902424471630500e-01,9.909902424471630500e-01
2.627870738506317139e-01,6.826898455619812012e-02,-3.083494901657104492e-01,4.161272048950195312e-01,-4.019123315811157227e-01,-2.673643827438354492e-01,2.794244587421417236e-01,1.204658269882202148e+00,2.910124957561492920e-01,9.950013154872523469e-01,9.950013154872523469e-01,9.950013154872523469e-01,9.950013154872523469e-01
2.683587670326232910e-01,6.674242764711380005e-02,-3.138218820095062256e-01,4.252489805221557617e-01,-4.174079298973083496e-01,-2.725191116333007812e-01,2.915862500667572021e-01,1.228461384773254395e+00,2.938354313373565674e-01,9.978409878687641843e-01,9.978409878687641843e-01,9.978409878687641843e-01,9.978409878687641843e-01
2.787335216999053955e-01,7.246053963899612427e-02,-3.200722038745880127e-01,4.428534805774688721e-01,-4.263443648815155029e-01,-2.789600491523742676e-01,2.912971675395965576e-01,1.265769481658935547e+00,2.936161160469055176e-01,9.995060279765779487e-01,9.995060279765779487e-01,9.995060279765779487e-01,9.995060279765779487e-01
2.890642583370208740e-01,7.848206907510757446e-02,-3.260331153869628906e-01,4.606554210186004639e-01,-4.357013404369354248e-01,-2.855607867240905762e-01,2.908417284488677979e-01,1.302958965301513672e+00,2.930349707603454590e-01,9.999959863481092670e-01,9.999959863481092670e-01,9.999959863481092670e-01,9.999959863481092670e-01
2.992453277111053467e-01,8.466051518917083740e-02,-3.318339586257934570e-01,4.786892831325531006e-01,-4.453555643558502197e-01,-2.922928929328918457e-01,2.901514172554016113e-01,1.339971542358398438e+00,2.923959791660308838e-01,9.993131776301424907e-01,9.993131776301424907e-01,9.993131776301424907e-01,9.993131776301424907e-01
3.093040883541107178e-01,9.093957394361495972e-02,-3.375409841537475586e-01,4.969056546688079834e-01,-4.552409648895263672e-01,-2.991315126419067383e-01,2.892855405807495117e-01,1.376743316650390625e+00,2.917521595954895020e-01,9.974626561628112675e-01,9.974626561628112675e-01,9.974626561628112675e-01,9.974626561628112675e-01
3.192722499370574951e-01,9.728208184242248535e-02,-3.431969583034515381e-01,5.152547359466552734e-01,-4.653103351593017578e-01,-3.060580193996429443e-01,2.883010506629943848e-01,1.413212418556213379e+00,2.911187112331390381e-01,9.944521853171389703e-01,9.944521853171389703e-01,9.944521853171389703e-01,9.944521853171389703e-01
3.291724622249603271e-01,1.036587879061698914e-01,-3.488301634788513184e-01,5.336939692497253418e-01,-4.755275249481201172e-01,-3.130579888820648193e-01,2.872416973114013672e-01,1.449321985244750977e+00,2.905021011829376221e-01,9.902922007258274650e-01,9.902922007258274650e-01,9.902922007258274650e-01,9.902922007258274650e-01
3.390189409255981445e-01,1.100455597043037415e-01,-3.544589877128601074e-01,5.521872639656066895e-01,-4.858641028404235840e-01,-3.201202154159545898e-01,2.861397564411163330e-01,1.485018014907836914e+00,2.899057865142822266e-01,9.849957675597353912e-01,9.849957675597353912e-01,9.849957675597353912e-01,9.849957675597353912e-01
3.488193750381469727e-01,1.164217144250869751e-01,-3.600944876670837402e-01,5.707026124000549316e-01,-4.962969124317169189e-01,-3.272355198860168457e-01,2.850185334682464600e-01,1.520247936248779297e+00,2.893307805061340332e-01,9.785785320146864752e-01,9.785785320146864752e-01,9.785785320146864752e-01,9.785785320146864752e-01
3.585764169692993164e-01,1.227690726518630981e-01,-3.657425045967102051e-01,5.892112851142883301e-01,-5.068070292472839355e-01,-3.343955874443054199e-01,2.838954627513885498e-01,1.554959535598754883e+00,2.887763679027557373e-01,9.710586671848775442e-01,9.710586671848775442e-01,9.710586671848775442e-01,9.710586671848775442e-01
3.620640635490417480e-01,1.224950253963470459e-01,-3.709410429000854492e-01,5.982670187950134277e-01,-5.209957361221313477e-01,-3.404046893119812012e-01,2.923798561096191406e-01,1.574831724166870117e+00,2.936383187770843506e-01,9.624568135101962962e-01,9.624568135101962962e-01,9.624568135101962962e-01,9.624568135101962962e-01
3.727213740348815918e-01,1.279349923133850098e-01,-3.774814009666442871e-01,6.160374283790588379e-01,-5.306551456451416016e-01,-3.472978174686431885e-01,2.926183044910430908e-01,1.608510971069335938e+00,2.931164503097534180e-01,9.527960139951898721e-01,9.527960139951898721e-01,9.527960139951898721e-01,9.527960139951898721e-01
3.831785321235656738e-01,1.335412710905075073e-01,-3.837153017520904541e-01,6.338399648666381836e-01,-5.406332015991210938e-01,-3.543013930320739746e-01,2.926335632801055908e-01,1.641572237014770508e+00,2.923626005649566650e-01,9.421016444072416451e-01,9.421016444072416451e-01,9.421016444072416451e-01,9.421016444072416451e-01
3.933713436126708984e-01,1.391954869031906128e-01,-3.897521197795867920e-01,6.516720652580261230e-01,-5.508180260658264160e-01,-3.613799214363098145e-01,2.924179136753082275e-01,1.673959612846374512e+00,2.915933132171630859e-01,9.304013386706881938e-01,9.304013386706881938e-01,9.304013386706881938e-01,9.304013386706881938e-01
4.033280909061431885e-01,1.448461115360260010e-01,-3.956494331359863281e-01,6.694742441177368164e-01,-5.611425042152404785e-01,-3.685024976730346680e-01,2.920431494712829590e-01,1.705629944801330566e+00,2.908469736576080322e-01,9.177249096821431529e-01,9.177249096821431529e-01,9.177249096821431529e-01,9.177249096821431529e-01
4.130765199661254883e-01,1.504579037427902222e-01,-4.014434218406677246e-01,6.871889233589172363e-01,-5.715559720993041992e-01,-3.756436705589294434e-01,2.915734052658081055e-01,1.736546754837036133e+00,2.901354432106018066e-01,9.041042657801666715e-01,9.041042657801666715e-01,9.041042657801666715e-01,9.041042657801666715e-01
4.226343035697937012e-01,1.560032218694686890e-01,-4.071567654609680176e-01,7.047657966613769531e-01,-5.820164084434509277e-01,-3.827819824218750000e-01,2.910579442977905273e-01,1.766679406166076660e+00,2.894648313522338867e-01,8.895733231096409899e-01,8.895733231096409899e-01,8.895733231096409899e-01,8.895733231096409899e-01
4.320105016231536865e-01,1.614597886800765991e-01,-4.128027558326721191e-01,7.221608757972717285e-01,-5.924882888793945312e-01,-3.898983299732208252e-01,2.905339002609252930e-01,1.796000719070434570e+00,2.888390719890594482e-01,8.741679141277430842e-01,8.741679141277430842e-01,8.741679141277430842e-01,8.741679141277430842e-01
4.412076175212860107e-01,1.668094992637634277e-01,-4.183875918388366699e-01,7.393344044685363770e-01,-6.029405593872070312e-01,-3.969752192497253418e-01,2.900298833847045898e-01,1.824488401412963867e+00,2.882607281208038330e-01,8.579256925042896276e-01,8.579256925042896276e-01,8.579256925042896276e-01,8.579256925042896276e-01
4.502233564853668213e-01,1.720375865697860718e-01,-4.239124953746795654e-01,7.562496066093444824e-01,-6.133450865745544434e-01,-4.039959609508514404e-01,2.895676493644714355e-01,1.852122426033020020e+00,2.877317368984222412e-01,8.408860346744080339e-01,8.408860346744080339e-01,8.408860346744080339e-01,8.408860346744080339e-01
4.498331844806671143e-01,1.706310063600540161e-01,-4.265851080417633057e-01,7.611552476882934570e-01,-6.214334964752197266e-01,-4.130851626396179199e-01,2.935299873352050781e-01,1.862373471260070801e+00,2.954985499382019043e-01,8.230899383060115149e-01,8.230899383060115149e-01,8.230899383060115149e-01,8.230899383060115149e-01
4.587453305721282959e-01,1.752987802028656006e-01,-4.326135516166687012e-01,7.766317725181579590e-01,-6.314988732337951660e-01,-4.187433421611785889e-01,2.943766117095947266e-01,1.887597799301147461e+00,2.949956655502319336e-01,8.045799179483850150e-01,8.045799179483850150e-01,8.045799179483850150e-01,8.045799179483850150e-01
4.675371050834655762e-01,1.797797232866287231e-01,-4.384474754333496094e-01,7.918635606765747070e-01,-6.414081454277038574e-01,-4.245339035987854004e-01,2.952104806900024414e-01,1.912142515182495117e+00,2.944221794605255127e-01,7.853998981313572436e-01,7.853998981313572436e-01,7.853998981313572436e-01,7.853998981313572436e-01
4.761394858360290527e-01,1.840875744819641113e-01,-4.440909922122955322e-01,8.068216443061828613e-01,-6.511642336845397949e-01,-4.303933382034301758e-01,2.960102558135986328e-01,1.935938596725463867e+00,2.938303947448730469e-01,7.655951041870161511e-01,7.655951041870161511e-01,7.655951041870161511e-01,7.655951041870161511e-01
4.845129549503326416e-01,1.882345080375671387e-01,-4.495486617088317871e-01,8.214671015739440918e-01,-6.607604622840881348e-01,-4.362667202949523926e-01,2.967749238014221191e-01,1.958935022354125977e+00,2.932459414005279541e-01,7.452119510677520653e-01,7.452119510677520653e-01,7.452119510677520653e-01,7.452119510677520653e-01
4.926304519176483154e-01,1.922283321619033813e-01,-4.548259675502777100e-01,8.357609510421752930e-01,-6.701817512512207031e-01,-4.421069622039794922e-01,2.975100874900817871e-01,1.981093287467956543e+00,2.926867604255676270e-01,7.242979304355741110e-01,7.242979304355741110e-01,7.242979304355741110e-01,7.242979304355741110e-01
5.004729628562927246e-01,1.960739940404891968e-01,-4.599279761314392090e-01,8.496667146682739258e-01,-6.794080138206481934e-01,-4.478735923767089844e-01,2.982218861579895020e-01,2.002386569976806641e+00,2.921656966209411621e-01,7.029014962981533499e-01,7.029014962981533499e-01,7.029014962981533499e-01,7.029014962981533499e-01
5.080268979072570801e-01,1.997752934694290161e-01,-4.648587703704833984e-01,8.631510734558105469e-01,-6.884158849716186523e-01,-4.535319805145263672e-01,2.989154458045959473e-01,2.022796392440795898e+00,2.916920185089111328e-01,6.810719494669207341e-01,6.810719494669207341e-01,6.810719494669207341e-01,6.810719494669207341e-01
5.152823328971862793e-01,2.033353596925735474e-01,-4.696214199066162109e-01,8.761847019195556641e-01,-6.971803903579711914e-01,-4.590525925159454346e-01,2.995941042900085449e-01,2.042311668395996094e+00,2.912716269493103027e-01,6.588593211117736992e-01,6.588593211117736992e-01,6.588593211117736992e-01,6.588593211117736992e-01
5.222319364547729492e-01,2.067577689886093140e-01,-4.742173254489898682e-01,8.887422084808349609e-01,-7.056763768196105957e-01,-4.644099473953247070e-01,3.002581000328063965e-01,2.060927391052246094e+00,2.909080982208251953e-01,6.363142556855732046e-01,6.363142556855732046e-01,6.363142556855732046e-01,6.363142556855732046e-01
5.388447642326354980e-01,2.174195349216461182e-01,-4.790734052658081055e-01,9.265097975730895996e-01,-7.234343290328979492e-01,-4.863493144512176514e-01,2.896211147308349609e-01,2.110990762710571289e+00,2.873791158199310303e-01,6.134878934896142999e-01,6.134878934896142999e-01,6.134878934896142999e-01,6.134878934896142999e-01
5.436945557594299316e-01,2.221093177795410156e-01,-4.836458265781402588e-01,9.371767044067382812e-01,-7.324155569076538086e-01,-4.891130626201629639e-01,2.899617552757263184e-01,2.126003742218017578e+00,2.877415120601654053e-01,5.904317531486773518e-01,5.904317531486773518e-01,5.904317531486773518e-01,5.904317531486773518e-01
5.486264228820800781e-01,2.259740978479385376e-01,-4.883268773555755615e-01,9.475084543228149414e-01,-7.404327392578125000e-01,-4.921649098396301270e-01,2.905436158180236816e-01,2.140521526336669922e+00,2.884243130683898926e-01,5.671976142611104832e-01,5.671976142611104832e-01,5.671976142611104832e-01,5.671976142611104832e-01
5.537164211273193359e-01,2.293639034032821655e-01,-4.928995370864868164e-01,9.573445916175842285e-01,-7.477632761001586914e-01,-4.953811168670654297e-01,2.913875579833984375e-01,2.154528379440307617e+00,2.889872193336486816e-01,5.438374004856629806e-01,5.438374004856629806e-01,5.438374004856629806e-01,5.438374004856629806e-01
5.588138103485107422e-01,2.324247956275939941e-01,-4.972804784774780273e-01,9.666947722434997559e-01,-7.545342445373535156e-01,-4.986702799797058105e-01,2.923439145088195801e-01,2.167952060699462891e+00,2.894252538681030273e-01,5.204030633225599223e-01,5.204030633225599223e-01,5.204030633225599223e-01,5.204030633225599223e-01
5.637931823730468750e-01,2.352450489997863770e-01,-5.014284849166870117e-01,9.755727052688598633e-01,-7.608179450035095215e-01,-5.019601583480834961e-01,2.932969331741333008e-01,2.180733919143676758e+00,2.897748053073883057e-01,4.969464668414841912e-01,4.969464668414841912e-01,4.969464668414841912e-01,4.969464668414841912e-01
5.685696005821228027e-01,2.378831058740615845e-01,-5.053232908248901367e-01,9.839823246002197266e-01,-7.666562199592590332e-01,-5.051945447921752930e-01,2.941724061965942383e-01,2.192832946777343750e+00,2.900680303573608398e-01,4.735192736038926209e-01,4.735192736038926209e-01,4.735192736038926209e-01,4.735192736038926209e-01
5.730882883071899414e-01,2.403772175312042236e-01,-5.089566111564636230e-01,9.919218420982360840e-01,-7.720728516578674316e-01,-5.083304047584533691e-01,2.949261665344238281e-01,2.204222202301025391e+00,2.903286218643188477e-01,4.501728320212771139e-01,4.501728320212771139e-01,4.501728320212771139e-01,4.501728320212771139e-01
5.773156881332397461e-01,2.427519261837005615e-01,-5.123270750045776367e-01,9.993863701820373535e-01,-7.770807147026062012e-01,-5.113357901573181152e-01,2.955334782600402832e-01,2.214885950088500977e+00,2.905740737915039062e-01,4.269580653847872553e-01,4.269580653847872553e-01,4.269580653847872553e-01,4.269580653847872553e-01
5.812323093414306641e-01,2.450216561555862427e-01,-5.154370069503784180e-01,1.006371021270751953e+00,-7.816864252090454102e-01,-5.141878724098205566e-01,2.959826588630676270e-01,2.224815607070922852e+00,2.908163368701934814e-01,4.039253627949377923e-01,4.039253627949377923e-01,4.039253627949377923e-01,4.039253627949377923e-01
5.860245823860168457e-01,2.483880668878555298e-01,-5.097035169601440430e-01,1.021258592605590820e+00,-7.852391004562377930e-01,-5.240757465362548828e-01,2.849294543266296387e-01,2.239491939544677734e+00,2.830343246459960938e-01,3.811244722130276985e-01,3.811244722130276985e-01,3.811244722130276985e-01,3.811244722130276985e-01
5.879506468772888184e-01,2.519293427467346191e-01,-5.128230452537536621e-01,1.026144862174987793e+00,-7.895053029060363770e-01,-5.244807004928588867e-01,2.847506403923034668e-01,2.246462345123291016e+00,2.841674685478210449e-01,3.586043958484334548e-01,3.586043958484334548e-01,3.586043958484334548e-01,3.586043958484334548e-01
5.899249315261840820e-01,2.546996176242828369e-01,-5.158870220184326172e-01,1.030802369117736816e+00,-7.929083108901977539e-01,-5.252429246902465820e-01,2.846761941909790039e-01,2.253031253814697266e+00,2.855026423931121826e-01,3.364132880880504328e-01,3.364132880880504328e-01,3.364132880880504328e-01,3.364132880880504328e-01
5.920118093490600586e-01,2.570300102233886719e-01,-5.187172889709472656e-01,1.035070657730102539e+00,-7.957127094268798828e-01,-5.262233614921569824e-01,2.847239375114440918e-01,2.259190559387207031e+00,2.866570055484771729e-01,3.145983561659714267e-01,3.145983561659714267e-01,3.145983561659714267e-01,3.145983561659714267e-01
5.940725803375244141e-01,2.590548992156982422e-01,-5.212589502334594727e-01,1.038951277732849121e+00,-7.980428338050842285e-01,-5.273233652114868164e-01,2.847733497619628906e-01,2.264873027801513672e+00,2.876396477222442627e-01,2.932057637629413294e-01,2.932057637629413294e-01,2.932057637629413294e-01,2.932057637629413294e-01
5.959981679916381836e-01,2.608508467674255371e-01,-5.234933495521545410e-01,1.042452096939086914e+00,-7.999731898307800293e-01,-5.284693241119384766e-01,2.847410440444946289e-01,2.270024776458740234e+00,2.884922921657562256e-01,2.722805377163055596e-01,2.722805377163055596e-01,2.722805377163055596e-01,2.722805377163055596e-01
5.977200865745544434e-01,2.624643445014953613e-01,-5.254187583923339844e-01,1.045574188232421875e+00,-8.015512228012084961e-01,-5.296064615249633789e-01,2.845851182937622070e-01,2.274610996246337891e+00,2.892489135265350342e-01,2.518664780120543623e-01,2.518664780120543623e-01,2.518664780120543623e-01,2.518664780120543623e-01
5.991984605789184570e-01,2.639224529266357422e-01,-5.270426273345947266e-01,1.048315167427062988e+00,-8.028081059455871582e-01,-5.306948423385620117e-01,2.842893600463867188e-01,2.278610944747924805e+00,2.899348139762878418e-01,2.320060712212075327e-01,2.320060712212075327e-01,2.320060712212075327e-01,2.320060712212075327e-01
6.004135012626647949e-01,2.652398347854614258e-01,-5.283775329589843750e-01,1.050672054290771484e+00,-8.037657737731933594e-01,-5.317054986953735352e-01,2.838552594184875488e-01,2.282014369964599609e+00,2.905671000480651855e-01,2.127404075332052780e-01,2.127404075332052780e-01,2.127404075332052780e-01,2.127404075332052780e-01
6.013584136962890625e-01,2.664231657981872559e-01,-5.294383764266967773e-01,1.052642583847045898e+00,-8.044401407241821289e-01,-5.326185226440429688e-01,2.832938432693481445e-01,2.284820079803466797e+00,2.911588251590728760e-01,1.941091015291737665e-01,1.941091015291737665e-01,1.941091015291737665e-01,1.941091015291737665e-01
5.966075062751770020e-01,2.577322125434875488e-01,-5.186705589294433594e-01,1.044565677642822266e+00,-8.018422722816467285e-01,-5.329554677009582520e-01,2.839490175247192383e-01,2.271032333374023438e+00,2.841863632202148438e-01,1.761502168279885927e-01,1.761502168279885927e-01,1.761502168279885927e-01,1.761502168279885927e-01
5.965037941932678223e-01,2.593231797218322754e-01,-5.201686024665832520e-01,1.044553637504577637e+00,-8.017840385437011719e-01,-5.319612026214599609e-01,2.837285995483398438e-01,2.271559238433837891e+00,2.855512499809265137e-01,1.589001947279347071e-01,1.589001947279347071e-01,1.589001947279347071e-01,1.589001947279347071e-01
5.963848829269409180e-01,2.603973746299743652e-01,-5.214309096336364746e-01,1.044424057006835938e+00,-8.012931346893310547e-01,-5.312944650650024414e-01,2.835034132003784180e-01,2.271799564361572266e+00,2.868963181972503662e-01,1.423937869565380376e-01,1.423937869565380376e-01,1.423937869565380376e-01,1.423937869565380376e-01
5.962579250335693359e-01,2.611524462699890137e-01,-5.223904848098754883e-01,1.044079899787902832e+00,-8.005184531211853027e-01,-5.308333039283752441e-01,2.832802534103393555e-01,2.271731376647949219e+00,2.880519628524780273e-01,1.266639926307915331e-01,1.266639926307915331e-01,1.266639926307915331e-01,1.266639926307915331e-01
5.960423350334167480e-01,2.616746127605438232e-01,-5.230460166931152344e-01,1.043512105941772461e+00,-7.995296716690063477e-01,-5.304903984069824219e-01,2.830069065093994141e-01,2.271311759948730469e+00,2.890429794788360596e-01,1.117419995196012317e-01,1.117419995196012317e-01,1.117419995196012317e-01,1.117419995196012317e-01
5.956841707229614258e-01,2.620142102241516113e-01,-5.234141945838928223e-01,1.042718529701232910e+00,-7.983671426773071289e-01,-5.302017927169799805e-01,2.826553583145141602e-01,2.270515918731689453e+00,2.899047136306762695e-01,9.765712968979645137e-02,9.765712968979645137e-02,9.765712968979645137e-02,9.765712968979645137e-02
5.951564311981201172e-01,2.622030675411224365e-01,-5.235189199447631836e-01,1.041697382926940918e+00,-7.970559000968933105e-01,-5.299214720726013184e-01,2.822198867797851562e-01,2.269333839416503906e+00,2.906648814678192139e-01,8.443678960656647581e-02,8.443678960656647581e-02,8.443678960656647581e-02,8.443678960656647581e-02
5.944506525993347168e-01,2.622616291046142578e-01,-5.233867168426513672e-01,1.040449261665344238e+00,-7.956123352050781250e-01,-5.296167135238647461e-01,2.817072868347167969e-01,2.267767190933227539e+00,2.913433909416198730e-01,7.210642474867884344e-02,7.210642474867884344e-02,7.210642474867884344e-02,7.210642474867884344e-02
5.935699939727783203e-01,2.622036933898925781e-01,-5.230450034141540527e-01,1.038977503776550293e+00,-7.940487265586853027e-01,-5.292650461196899414e-01,2.811313271522521973e-01,2.265828132629394531e+00,2.919556498527526855e-01,6.068947878835417864e-02,6.068947878835417864e-02,6.068947878835417864e-02,6.068947878835417864e-02
5.925252437591552734e-01,2.620391845703125000e-01,-5.225200653076171875e-01,1.037288784980773926e+00,-7.923748493194580078e-01,-5.288521051406860352e-01,2.805081605911254883e-01,2.263534784317016602e+00,2.925117909908294678e-01,5.020735737523912556e-02,5.020735737523912556e-02,5.020735737523912556e-02,5.020735737523912556e-02
5.845557451248168945e-01,2.502239942550659180e-01,-5.102006793022155762e-01,1.022278189659118652e+00,-7.880074977874755859e-01,-5.257658958435058594e-01,2.842501997947692871e-01,2.241003513336181641e+00,2.857256531715393066e-01,4.067939655353264294e-02,4.067939655353264294e-02,4.067939655353264294e-02,4.067939655353264294e-02
5.830786824226379395e-01,2.501752674579620361e-01,-5.105246305465698242e-01,1.019055724143981934e+00,-7.856577634811401367e-01,-5.238299369812011719e-01,2.844715714454650879e-01,2.237213373184204102e+00,2.870766818523406982e-01,3.212283583103670015e-02,3.212283583103670015e-02,3.212283583103670015e-02,3.212283583103670015e-02
5.816730856895446777e-01,2.498326003551483154e-01,-5.106169581413269043e-01,1.015882134437561035e+00,-7.831835150718688965e-01,-5.222041606903076172e-01,2.846736311912536621e-01,2.233409881591796875e+00,2.882609367370605469e-01,2.455279590870973472e-02,2.455279590870973472e-02,2.455279590870973472e-02,2.455279590870973472e-02
5.802965760231018066e-01,2.493130713701248169e-01,-5.104727149009704590e-01,1.012722253799438477e+00,-7.806652784347534180e-01,-5.207899808883666992e-01,2.848322987556457520e-01,2.229564905166625977e+00,2.892522811889648438e-01,1.798226106924899481e-02,1.798226106924899481e-02,1.798226106924899481e-02,1.798226106924899481e-02
5.788990259170532227e-01,2.486783415079116821e-01,-5.101141929626464844e-01,1.009572029113769531e+00,-7.781437039375305176e-01,-5.195175409317016602e-01,2.849205136299133301e-01,2.225656509399414062e+00,2.900853753089904785e-01,1.242206621330255167e-02,1.242206621330255167e-02,1.242206621330255167e-02,1.242206621330255167e-02
5.774537920951843262e-01,2.479671835899353027e-01,-5.095719099044799805e-01,1.006431460380554199e+00,-7.756423950195312500e-01,-5.183370113372802734e-01,2.849301099777221680e-01,2.221678018569946289e+00,2.907935976982116699e-01,7.880888522174334110e-03,7.880888522174334110e-03,7.880888522174334110e-03,7.880888522174334110e-03
5.759536623954772949e-01,2.472055852413177490e-01,-5.088782906532287598e-01,1.003302812576293945e+00,-7.731762528419494629e-01,-5.172141790390014648e-01,2.848665714263916016e-01,2.217636108398437500e+00,2.914025187492370605e-01,4.365243716313083056e-03,4.365243716313083056e-03,4.365243716313083056e-03,4.365243716313083056e-03
5.744031071662902832e-01,2.464118599891662598e-01,-5.080648660659790039e-01,1.000191569328308105e+00,-7.707554697990417480e-01,-5.161260962486267090e-01,2.847418189048767090e-01,2.213545560836791992e+00,2.919304370880126953e-01,1.879486869511726166e-03,1.879486869511726166e-03,1.879486869511726166e-03,1.879486869511726166e-03
5.728139281272888184e-01,2.455993592739105225e-01,-5.071616768836975098e-01,9.971060752868652344e-01,-7.683881521224975586e-01,-5.150587558746337891e-01,2.845700979232788086e-01,2.209428787231445312e+00,2.923919856548309326e-01,4.258177296033727188e-04,4.258177296033727188e-04,4.258177296033727188e-04,4.258177296033727188e-04
5.712015032768249512e-01,2.447790354490280151e-01,-5.061959028244018555e-01,9.940581321716308594e-01,-7.660823464393615723e-01,-5.140045881271362305e-01,2.843651771545410156e-01,2.205312252044677734e+00,2.927981615066528320e-01,4.290487521096952861e-06,4.290487521096952861e-06,4.290487521096952861e-06,4.290487521096952861e-06
5.638074278831481934e-01,2.357877641916275024e-01,-4.941603541374206543e-01,9.818747639656066895e-01,-7.609876990318298340e-01,-5.116690397262573242e-01,2.844681739807128906e-01,2.185711622238159180e+00,2.859779000282287598e-01,6.128279279306036997e-04,6.128279279306036997e-04,6.128279279306036997e-04,6.128279279306036997e-04
5.618978738784790039e-01,2.353893369436264038e-01,-4.942037463188171387e-01,9.778938889503479004e-01,-7.584694027900695801e-01,-5.092511177062988281e-01,2.849507331848144531e-01,2.180762290954589844e+00,2.872272431850433350e-01,2.247239886249252638e-03,2.247239886249252638e-03,2.247239886249252638e-03,2.247239886249252638e-03
5.602384805679321289e-01,2.347781360149383545e-01,-4.941570162773132324e-01,9.742054939270019531e-01,-7.559574842453002930e-01,-5.072305798530578613e-01,2.854511141777038574e-01,2.176178455352783203e+00,2.883100211620330811e-01,4.901245928737807400e-03,4.901245928737807400e-03,4.901245928737807400e-03,4.901245928737807400e-03
5.587784647941589355e-01,2.340771853923797607e-01,-4.940037727355957031e-01,9.707804322242736816e-01,-7.535405158996582031e-01,-5.055139660835266113e-01,2.859318256378173828e-01,2.171929836273193359e+00,2.891969084739685059e-01,8.566502164530864771e-03,8.566502164530864771e-03,8.566502164530864771e-03,8.566502164530864771e-03
5.574583411216735840e-01,2.333517968654632568e-01,-4.937583208084106445e-01,9.676192998886108398e-01,-7.512643337249755859e-01,-5.040345788002014160e-01,2.863535284996032715e-01,2.167992115020751953e+00,2.899240851402282715e-01,1.323263209093983317e-02,1.323263209093983317e-02,1.323263209093983317e-02,1.323263209093983317e-02
5.562443733215332031e-01,2.326437234878540039e-01,-4.934443235397338867e-01,9.647249579429626465e-01,-7.491560578346252441e-01,-5.027447938919067383e-01,2.866985797882080078e-01,2.164356470108032227e+00,2.905257046222686768e-01,1.888726136615076490e-02,1.888726136615076490e-02,1.888726136615076490e-02,1.888726136615076490e-02
5.551221966743469238e-01,2.319806963205337524e-01,-4.930886924266815186e-01,9.621008634567260742e-01,-7.472324371337890625e-01,-5.016114711761474609e-01,2.869640588760375977e-01,2.161024570465087891e+00,2.910286188125610352e-01,2.551605639655607494e-02,2.551605639655607494e-02,2.551605639655607494e-02,2.551605639655607494e-02
5.540907382965087891e-01,2.313818484544754028e-01,-4.927182495594024658e-01,9.597516059875488281e-01,-7.455042004585266113e-01,-5.006124973297119141e-01,2.871560454368591309e-01,2.158008575439453125e+00,2.914525270462036133e-01,3.310276661939792753e-02,3.310276661939792753e-02,3.310276661939792753e-02,3.310276661939792753e-02
5.531560778617858887e-01,2.308606058359146118e-01,-4.923585653305053711e-01,9.576842188835144043e-01,-7.439793348312377930e-01,-4.997339844703674316e-01,2.872837185859680176e-01,2.155325651168823242e+00,2.918135523796081543e-01,4.162927035519697894e-02,4.162927035519697894e-02,4.162927035519697894e-02,4.162927035519697894e-02
5.523287057876586914e-01,2.304269969463348389e-01,-4.920327067375183105e-01,9.559072852134704590e-01,-7.426641583442687988e-01,-4.989683628082275391e-01,2.873578667640686035e-01,2.152996540069580078e+00,2.921230792999267578e-01,5.107562409856930552e-02,5.107562409856930552e-02,5.107562409856930552e-02,5.107562409856930552e-02
5.478618741035461426e-01,2.237449437379837036e-01,-4.816901981830596924e-01,9.491569995880126953e-01,-7.387889623641967773e-01,-4.996789395809173584e-01,2.855693697929382324e-01,2.140744924545288086e+00,2.854287326335906982e-01,6.142011511053974138e-02,6.142011511053974138e-02,6.142011511053974138e-02,6.142011511053974138e-02
5.465429425239562988e-01,2.242764681577682495e-01,-4.823473095893859863e-01,9.469453096389770508e-01,-7.379161119461059570e-01,-4.974538683891296387e-01,2.859082221984863281e-01,2.137971401214599609e+00,2.866055369377136230e-01,7.263931717030447377e-02,7.263931717030447377e-02,7.263931717030447377e-02,7.263931717030447377e-02
5.456864237785339355e-01,2.245393842458724976e-01,-4.831041693687438965e-01,9.452642202377319336e-01,-7.370424270629882812e-01,-4.957832098007202148e-01,2.863468527793884277e-01,2.135954141616821289e+00,2.877011895179748535e-01,8.470814933963283222e-02,8.470814933963283222e-02,8.470814933963283222e-02,8.470814933963283222e-02
5.452556014060974121e-01,2.247191369533538818e-01,-4.838883280754089355e-01,9.440540671348571777e-01,-7.363140583038330078e-01,-4.945608973503112793e-01,2.868484854698181152e-01,2.134655952453613281e+00,2.885891497135162354e-01,9.759993758868484859e-02,9.759993758868484859e-02,9.759993758868484859e-02,9.759993758868484859e-02
5.451571345329284668e-01,2.249043881893157959e-01,-4.846866130828857422e-01,9.433180689811706543e-01,-7.358053922653198242e-01,-4.937103092670440674e-01,2.873406410217285156e-01,2.134031772613525391e+00,2.892988324165344238e-01,1.112864791279969401e-01,1.112864791279969401e-01,1.112864791279969401e-01,1.112864791279969401e-01
5.453265309333801270e-01,2.251493632793426514e-01,-4.855051040649414062e-01,9.430603981018066406e-01,-7.355608344078063965e-01,-4.931751489639282227e-01,2.877795696258544922e-01,2.134050607681274414e+00,2.898684740066528320e-01,1.257381092877418727e-01,1.257381092877418727e-01,1.257381092877418727e-01,1.257381092877418727e-01
5.457263588905334473e-01,2.254889309406280518e-01,-4.863587021827697754e-01,9.432826042175292969e-01,-7.356083393096923828e-01,-4.929145574569702148e-01,2.881466150283813477e-01,2.134696483612060547e+00,2.903289198875427246e-01,1.409237707820796270e-01,1.409237707820796270e-01,1.409237707820796270e-01,1.409237707820796270e-01
5.463377237319946289e-01,2.259451448917388916e-01,-4.872659444808959961e-01,9.439843893051147461e-01,-7.359654307365417480e-01,-4.928998351097106934e-01,2.884387969970703125e-01,2.135962486267089844e+00,2.907046377658843994e-01,1.568110851935499706e-01,1.568110851935499706e-01,1.568110851935499706e-01,1.568110851935499706e-01
5.471534729003906250e-01,2.265316992998123169e-01,-4.882462918758392334e-01,9.451659917831420898e-01,-7.366437911987304688e-01,-4.931114315986633301e-01,2.886615991592407227e-01,2.137848377227783203e+00,2.910142540931701660e-01,1.733664265099194579e-01,1.733664265099194579e-01,1.733664265099194579e-01,1.733664265099194579e-01
5.481739044189453125e-01,2.272567898035049438e-01,-4.893186688423156738e-01,9.468280673027038574e-01,-7.376521229743957520e-01,-4.935367405414581299e-01,2.888259291648864746e-01,2.140359640121459961e+00,2.912719547748565674e-01,1.905549965437757232e-01,1.905549965437757232e-01,1.905549965437757232e-01,1.905549965437757232e-01
5.468683838844299316e-01,2.216466963291168213e-01,-4.811273813247680664e-01,9.449143409729003906e-01,-7.359786629676818848e-01,-4.973704814910888672e-01,2.873048186302185059e-01,2.135455608367919922e+00,2.850671410560607910e-01,2.083409020634088837e-01,2.083409020634088837e-01,2.083409020634088837e-01,2.083409020634088837e-01
5.472005605697631836e-01,2.237405031919479370e-01,-4.830855727195739746e-01,9.464871287345886230e-01,-7.380105257034301758e-01,-4.962491393089294434e-01,2.874229550361633301e-01,2.137777805328369141e+00,2.861502766609191895e-01,2.266872334621203855e-01,2.266872334621203855e-01,2.266872334621203855e-01,2.266872334621203855e-01
5.481426715850830078e-01,2.254649400711059570e-01,-4.852935671806335449e-01,9.487525820732116699e-01,-7.400197982788085938e-01,-4.958226084709167480e-01,2.877390384674072266e-01,2.141117572784423828e+00,2.872497439384460449e-01,2.455561447921185692e-01,2.455561447921185692e-01,2.455561447921185692e-01,2.455561447921185692e-01
5.496804714202880859e-01,2.270663678646087646e-01,-4.876288175582885742e-01,9.516142010688781738e-01,-7.422103881835937500e-01,-4.959707260131835938e-01,2.882315516471862793e-01,2.145429134368896484e+00,2.881399393081665039e-01,2.649089349884871658e-01,2.649089349884871658e-01,2.649089349884871658e-01,2.649089349884871658e-01
5.516896843910217285e-01,2.286551594734191895e-01,-4.900566041469573975e-01,9.550744295120239258e-01,-7.446843981742858887e-01,-4.966050982475280762e-01,2.888022065162658691e-01,2.150642156600952148e+00,2.888459861278533936e-01,2.847061301084621854e-01,2.847061301084621854e-01,2.847061301084621854e-01,2.847061301084621854e-01
5.540778636932373047e-01,2.302980124950408936e-01,-4.925709366798400879e-01,9.591370224952697754e-01,-7.475029230117797852e-01,-4.976586103439331055e-01,2.893880009651184082e-01,2.156701564788818359e+00,2.894115149974822998e-01,3.049075664113184425e-01,3.049075664113184425e-01,3.049075664113184425e-01,3.049075664113184425e-01
5.567865967750549316e-01,2.320379763841629028e-01,-4.951798319816589355e-01,9.638004302978515625e-01,-7.507031559944152832e-01,-4.990801811218261719e-01,2.899570465087890625e-01,2.163569450378417969e+00,2.898744046688079834e-01,3.254724741046039482e-01,3.254724741046039482e-01,3.254724741046039482e-01,3.254724741046039482e-01
5.597817301750183105e-01,2.339032739400863647e-01,-4.978982508182525635e-01,9.690603613853454590e-01,-7.543070912361145020e-01,-5.008313655853271484e-01,2.904978990554809570e-01,2.171220779418945312e+00,2.902633845806121826e-01,3.463595615832422703e-01,3.463595615832422703e-01,3.463595615832422703e-01,3.463595615832422703e-01
5.630448460578918457e-01,2.359129637479782104e-01,-5.007443428039550781e-01,9.749110937118530273e-01,-7.583276629447937012e-01,-5.028831958770751953e-01,2.910109758377075195e-01,2.179638385772705078e+00,2.906015217304229736e-01,3.675270999891330215e-01,3.675270999891330215e-01,3.675270999891330215e-01,3.675270999891330215e-01
5.665675401687622070e-01,2.380799353122711182e-01,-5.037370324134826660e-01,9.813482165336608887e-01,-7.627710103988647461e-01,-5.052143931388854980e-01,2.915022373199462891e-01,2.188812732696533203e+00,2.909068465232849121e-01,3.889330079203496826e-01,3.889330079203496826e-01,3.889330079203496826e-01,3.889330079203496826e-01
5.673154592514038086e-01,2.354876250028610229e-01,-4.965682029724121094e-01,9.856641888618469238e-01,-7.635263204574584961e-01,-5.119655728340148926e-01,2.868602275848388672e-01,2.191349506378173828e+00,2.848354578018188477e-01,4.105349361207769610e-01,4.105349361207769610e-01,4.105349361207769610e-01,4.105349361207769610e-01
5.700870752334594727e-01,2.392073720693588257e-01,-5.005272626876831055e-01,9.921319484710693359e-01,-7.692321538925170898e-01,-5.126624107360839844e-01,2.872621417045593262e-01,2.200472831726074219e+00,2.860254049301147461e-01,4.322903519831498009e-01,4.322903519831498009e-01,4.322903519831498009e-01,4.322903519831498009e-01
5.735599398612976074e-01,2.425183951854705811e-01,-5.048157572746276855e-01,9.993842244148254395e-01,-7.749327421188354492e-01,-5.141396522521972656e-01,2.879409790039062500e-01,2.210724830627441406e+00,2.872585654258728027e-01,4.541566237008248796e-01,4.541566237008248796e-01,4.541566237008248796e-01,4.541566237008248796e-01
5.777115821838378906e-01,2.457073032855987549e-01,-5.092965364456176758e-01,1.007316708564758301e+00,-7.808511853218078613e-01,-5.162583589553833008e-01,2.888534069061279297e-01,2.222055912017822266e+00,2.882889509201049805e-01,4.760911039063213113e-01,4.760911039063213113e-01,4.760911039063213113e-01,4.760911039063213113e-01
5.823981165885925293e-01,2.489085197448730469e-01,-5.139293670654296875e-01,1.015935301780700684e+00,-7.870935201644897461e-01,-5.189160704612731934e-01,2.898720502853393555e-01,2.234387874603271484e+00,2.891460061073303223e-01,4.980512126376200333e-01,4.980512126376200333e-01,4.980512126376200333e-01,4.980512126376200333e-01
5.875115990638732910e-01,2.522086501121520996e-01,-5.187053084373474121e-01,1.025246143341064453e+00,-7.937182188034057617e-01,-5.220338106155395508e-01,2.909089326858520508e-01,2.247661113739013672e+00,2.898782193660736084e-01,5.199945194764961087e-01,5.199945194764961087e-01,5.199945194764961087e-01,5.199945194764961087e-01
5.929822325706481934e-01,2.556682229042053223e-01,-5.236299633979797363e-01,1.035249948501586914e+00,-8.007549643516540527e-01,-5.255506038665771484e-01,2.919080853462219238e-01,2.261835575103759766e+00,2.905260026454925537e-01,5.418788247066299579e-01,5.418788247066299579e-01,5.418788247066299579e-01,5.418788247066299579e-01
5.987663865089416504e-01,2.593322396278381348e-01,-5.287161469459533691e-01,1.045944452285766602e+00,-8.082154393196105957e-01,-5.294191837310791016e-01,2.928342223167419434e-01,2.276886224746704102e+00,2.911203205585479736e-01,5.636622393430424927e-01,5.636622393430424927e-01,5.636622393430424927e-01,5.636622393430424927e-01
6.048386693000793457e-01,2.632366418838500977e-01,-5.339793562889099121e-01,1.057326436042785645e+00,-8.160994052886962891e-01,-5.336030721664428711e-01,2.936630845069885254e-01,2.292800188064575195e+00,2.916842699050903320e-01,5.853032638884012595e-01,5.853032638884012595e-01,5.853032638884012595e-01,5.853032638884012595e-01
6.111839413642883301e-01,2.674117088317871094e-01,-5.394355058670043945e-01,1.069394469261169434e+00,-8.243983983993530273e-01,-5.380742549896240234e-01,2.943735122680664062e-01,2.309574127197265625e+00,2.922354042530059814e-01,6.067608656759607699e-01,6.067608656759607699e-01,6.067608656759607699e-01,6.067608656759607699e-01
6.132559180259704590e-01,2.698354125022888184e-01,-5.319706797599792480e-01,1.080758929252624512e+00,-8.270713686943054199e-01,-5.458664894104003906e-01,2.834022045135498047e-01,2.318722724914550781e+00,2.843885123729705811e-01,6.279945546633994846e-01,6.279945546633994846e-01,6.279945546633994846e-01,6.279945546633994846e-01
6.189618110656738281e-01,2.757635712623596191e-01,-5.385329127311706543e-01,1.092950940132141113e+00,-8.363149762153625488e-01,-5.487869977951049805e-01,2.837948799133300781e-01,2.335770130157470703e+00,2.859057486057281494e-01,6.489644575464287302e-01,6.489644575464287302e-01,6.489644575464287302e-01,6.489644575464287302e-01
6.253312826156616211e-01,2.814466357231140137e-01,-5.454129576683044434e-01,1.106043457984924316e+00,-8.455600142478942871e-01,-5.524796247482299805e-01,2.842859029769897461e-01,2.354014873504638672e+00,2.874556183815002441e-01,6.696313900659478513e-01,6.696313900659478513e-01,6.696313900659478513e-01,6.696313900659478513e-01
6.323338150978088379e-01,2.871849536895751953e-01,-5.524865984916687012e-01,1.119937658309936523e+00,-8.550006151199340820e-01,-5.567981004714965820e-01,2.847902178764343262e-01,2.373436450958251953e+00,2.888208329677581787e-01,6.899569273875190145e-01,6.899569273875190145e-01,6.899569273875190145e-01,6.899569273875190145e-01
6.398248076438903809e-01,2.931303977966308594e-01,-5.597199797630310059e-01,1.134640574455261230e+00,-8.647175431251525879e-01,-5.616366267204284668e-01,2.851532697677612305e-01,2.393985271453857422e+00,2.900410294532775879e-01,7.099034724371637850e-01,7.099034724371637850e-01,7.099034724371637850e-01,7.099034724371637850e-01
6.476953029632568359e-01,2.993871569633483887e-01,-5.671054124832153320e-01,1.150161504745483398e+00,-8.747459650039672852e-01,-5.669150352478027344e-01,2.852546572685241699e-01,2.415630340576171875e+00,2.911704182624816895e-01,7.294343220828281016e-01,7.294343220828281016e-01,7.294343220828281016e-01,7.294343220828281016e-01
6.558725833892822266e-01,3.060343861579895020e-01,-5.746468305587768555e-01,1.166504383087158203e+00,-8.850947022438049316e-01,-5.725721716880798340e-01,2.850052714347839355e-01,2.438362598419189453e+00,2.922551929950714111e-01,7.485137310563614310e-01,7.485137310563614310e-01,7.485137310563614310e-01,7.485137310563614310e-01
6.643090248107910156e-01,3.131365180015563965e-01,-5.823534131050109863e-01,1.183671474456787109e+00,-8.957558274269104004e-01,-5.785611867904663086e-01,2.843316197395324707e-01,2.462187290191650391e+00,2.933331429958343506e-01,7.671069735164912640e-01,7.671069735164912640e-01,7.671069735164912640e-01,7.671069735164912640e-01
6.729725599288940430e-01,3.207496106624603271e-01,-5.902367830276489258e-01,1.201666593551635742e+00,-9.067108631134033203e-01,-5.848451852798461914e-01,2.831680774688720703e-01,2.487125396728515625e+00,2.944368422031402588e-01,7.851804021590086391e-01,7.851804021590086391e-01,7.851804021590086391e-01,7.851804021590086391e-01
6.818413734436035156e-01,3.289266824722290039e-01,-5.983090400695800781e-01,1.220495581626892090e+00,-9.179341793060302734e-01,-5.913950204849243164e-01,2.814490199089050293e-01,2.513206481933593750e+00,2.955975234508514404e-01,8.027015047862339214e-01,8.027015047862339214e-01,8.027015047862339214e-01,8.027015047862339214e-01
6.840021014213562012e-01,3.234296441078186035e-01,-5.885563492774963379e-01,1.225947022438049316e+00,-9.241682291030883789e-01,-5.960218906402587891e-01,2.802654504776000977e-01,2.515325546264648438e+00,2.830877304077148438e-01,8.196389582537573215e-01,8.196389582537573215e-01,8.196389582537573215e-01,8.196389582537573215e-01
6.922932267189025879e-01,3.335914611816406250e-01,-5.979499816894531250e-01,1.244680762290954590e+00,-9.354634284973144531e-01,-6.009254455566406250e-01,2.777798175811767578e-01,2.541836738586425781e+00,2.854962050914764404e-01,8.359626797184798175e-01,8.359626797184798175e-01,8.359626797184798175e-01,8.359626797184798175e-01
7.011294960975646973e-01,3.438730239868164062e-01,-6.075515151023864746e-01,1.264516353607177734e+00,-9.467063546180725098e-01,-6.066095232963562012e-01,2.748370766639709473e-01,2.569855690002441406e+00,2.879651784896850586e-01,8.516438751180286371e-01,8.516438751180286371e-01,8.516438751180286371e-01,8.516438751180286371e-01
7.104460597038269043e-01,3.545956015586853027e-01,-6.172786951065063477e-01,1.285378098487854004e+00,-9.580408334732055664e-01,-6.129006743431091309e-01,2.712739109992980957e-01,2.599399566650390625e+00,2.903727889060974121e-01,8.666550848177689836e-01,8.666550848177689836e-01,8.666550848177689836e-01,8.666550848177689836e-01
7.201041579246520996e-01,3.659468293190002441e-01,-6.271255016326904297e-01,1.307282209396362305e+00,-9.695102572441101074e-01,-6.196722984313964844e-01,2.668944597244262695e-01,2.630466222763061523e+00,2.927954792976379395e-01,8.809702263677984257e-01,8.809702263677984257e-01,8.809702263677984257e-01,8.809702263677984257e-01
7.300078868865966797e-01,3.780688047409057617e-01,-6.371085643768310547e-01,1.330251455307006836e+00,-9.811173677444458008e-01,-6.268272399902343750e-01,2.615419626235961914e-01,2.663074493408203125e+00,2.953189015388488770e-01,8.945646343184754379e-01,8.945646343184754379e-01,8.945646343184754379e-01,8.945646343184754379e-01
7.401001453399658203e-01,3.910805583000183105e-01,-6.472553610801696777e-01,1.354312896728515625e+00,-9.928438663482666016e-01,-6.342889070510864258e-01,2.550909519195556641e-01,2.697262763977050781e+00,2.980207204818725586e-01,9.074150970492786961e-01,9.074150970492786961e-01,9.074150970492786961e-01,9.074150970492786961e-01
7.503517866134643555e-01,4.050902426242828369e-01,-6.576016545295715332e-01,1.379501461982727051e+00,-1.004658579826354980e+00,-6.419951915740966797e-01,2.474430203437805176e-01,2.733068943023681641e+00,3.009725213050842285e-01,9.194998905719482529e-01,9.194998905719482529e-01,9.194998905719482529e-01,9.194998905719482529e-01
7.607535123825073242e-01,4.202030301094055176e-01,-6.681903600692749023e-01,1.405862927436828613e+00,-1.016524910926818848e+00,-6.498928666114807129e-01,2.385131716728210449e-01,2.770514011383056641e+00,3.042393326759338379e-01,9.307988092751029452e-01,9.307988092751029452e-01,9.307988092751029452e-01,9.307988092751029452e-01
7.713112235069274902e-01,4.365269541740417480e-01,-6.790723800659179688e-01,1.433458089828491211e+00,-1.028403878211975098e+00,-6.579343676567077637e-01,2.282063961029052734e-01,2.809635639190673828e+00,3.078726232051849365e-01,9.412931935836557074e-01,9.412931935836557074e-01,9.412931935836557074e-01,9.412931935836557074e-01
7.665214538574218750e-01,3.886942863464355469e-01,-6.580934524536132812e-01,1.397009730339050293e+00,-1.039782047271728516e+00,-6.530144810676574707e-01,2.740280032157897949e-01,2.757797241210937500e+00,2.853002846240997314e-01,9.509659545125161983e-01,9.509659545125161983e-01,9.509659545125161983e-01,9.509659545125161983e-01
7.764198184013366699e-01,4.060964584350585938e-01,-6.705304384231567383e-01,1.422861933708190918e+00,-1.050287604331970215e+00,-6.586185693740844727e-01,2.639341950416564941e-01,2.794967174530029297e+00,2.902926504611968994e-01,9.598015951001435120e-01,9.598015951001435120e-01,9.598015951001435120e-01,9.598015951001435120e-01
7.869566679000854492e-01,4.243022501468658447e-01,-6.831029653549194336e-01,1.450245857238769531e+00,-1.060691237449645996e+00,-6.650415658950805664e-01,2.526648044586181641e-01,2.834197044372558594e+00,2.953424453735351562e-01,9.677862287135494679e-01,9.677862287135494679e-01,9.677862287135494679e-01,9.677862287135494679e-01
7.979443073272705078e-01,4.436445832252502441e-01,-6.958456039428710938e-01,1.479213476181030273e+00,-1.071075558662414551e+00,-6.720527410507202148e-01,2.399424910545349121e-01,2.875531435012817383e+00,3.005376160144805908e-01,9.749075942223299762e-01,9.749075942223299762e-01,9.749075942223299762e-01,9.749075942223299762e-01
8.092835545539855957e-01,4.643674492835998535e-01,-7.088264226913452148e-01,1.509825229644775391e+00,-1.081458806991577148e+00,-6.794864535331726074e-01,2.255573868751525879e-01,2.919070005416870117e+00,3.059436380863189697e-01,9.811550680451739392e-01,9.811550680451739392e-01,9.811550680451739392e-01,9.811550680451739392e-01
8.209487795829772949e-01,4.866660833358764648e-01,-7.221291661262512207e-01,1.542143106460571289e+00,-1.091825485229492188e+00,-6.872250437736511230e-01,2.093361616134643555e-01,2.964966297149658203e+00,3.115806877613067627e-01,9.865196730781231604e-01,9.865196730781231604e-01,9.865196730781231604e-01,9.865196730781231604e-01
8.329652547836303711e-01,5.107068419456481934e-01,-7.358451485633850098e-01,1.576234459877014160e+00,-1.102142333984375000e+00,-6.951876878738403320e-01,1.911119222640991211e-01,3.013412475585937500e+00,3.174198865890502930e-01,9.909940845195410741e-01,9.909940845195410741e-01,9.909940845195410741e-01,9.909940845195410741e-01
8.453937172889709473e-01,5.366377830505371094e-01,-7.500696182250976562e-01,1.612171649932861328e+00,-1.112367868423461914e+00,-7.033231258392333984e-01,1.707043647766113281e-01,3.064627647399902344e+00,3.233811259269714355e-01,9.945726326123656147e-01,9.945726326123656147e-01,9.945726326123656147e-01,9.945726326123656147e-01
8.583202362060546875e-01,5.645942687988281250e-01,-7.648985981941223145e-01,1.650030136108398438e+00,-1.122459053993225098e+00,-7.116060256958007812e-01,1.479055881500244141e-01,3.118842363357543945e+00,3.293258845806121826e-01,9.972513023296935009e-01,9.972513023296935009e-01,9.972513023296935009e-01,9.972513023296935009e-01
8.718497753143310547e-01,5.946990251541137695e-01,-7.804246544837951660e-01,1.689883828163146973e+00,-1.132374763488769531e+00,-7.200358510017395020e-01,1.224697232246398926e-01,3.176280021667480469e+00,3.350569009780883789e-01,9.990277300351073642e-01,9.990277300351073642e-01,9.990277300351073642e-01,9.990277300351073642e-01
8.489955067634582520e-01,4.600763916969299316e-01,-7.298970222473144531e-01,1.574229836463928223e+00,-1.158843278884887695e+00,-7.093510627746582031e-01,2.600973844528198242e-01,3.008184194564819336e+00,2.942159473896026611e-01,9.999011971543856347e-01,9.999011971543856347e-01,9.999011971543856347e-01,9.999011971543856347e-01
8.599289059638977051e-01,4.877845644950866699e-01,-7.459926009178161621e-01,1.607248663902282715e+00,-1.165300846099853516e+00,-7.131422758102416992e-01,2.392075657844543457e-01,3.055126190185546875e+00,3.020262718200683594e-01,9.998726209003228060e-01,9.998726209003228060e-01,9.998726209003228060e-01,9.998726209003228060e-01
8.723111152648925781e-01,5.169304013252258301e-01,-7.622765898704528809e-01,1.642361998558044434e+00,-1.171704411506652832e+00,-7.181566953659057617e-01,2.166116833686828613e-01,3.105496883392333984e+00,3.090472519397735596e-01,9.989445420973253054e-01,9.989445420973253054e-01,9.989445420973253054e-01,9.989445420973253054e-01
8.856200575828552246e-01,5.478332042694091797e-01,-7.788988947868347168e-01,1.679786682128906250e+00,-1.178101301193237305e+00,-7.241017222404479980e-01,1.916850805282592773e-01,3.159386157989501953e+00,3.156414031982421875e-01,9.971211101572403646e-01,9.971211101572403646e-01,9.971211101572403646e-01,9.971211101572403646e-01
8.997211456298828125e-01,5.807704329490661621e-01,-7.959728240966796875e-01,1.719568729400634766e+00,-1.184518337249755859e+00,-7.307755351066589355e-01,1.640100479125976562e-01,3.216968297958374023e+00,3.218089044094085693e-01,9.944080652624955885e-01,9.944080652624955885e-01,9.944080652624955885e-01,9.944080652624955885e-01
9.146162867546081543e-01,6.159300804138183594e-01,-8.136087656021118164e-01,1.761714100837707520e+00,-1.190949440002441406e+00,-7.380597591400146484e-01,1.332245469093322754e-01,3.278397083282470703e+00,3.274111151695251465e-01,9.908127178170864635e-01,9.908127178170864635e-01,9.908127178170864635e-01,9.908127178170864635e-01
9.303790330886840820e-01,6.534201502799987793e-01,-8.319062590599060059e-01,1.806203842163085938e+00,-1.197373270988464355e+00,-7.459089159965515137e-01,9.900093078613281250e-02,3.343739032745361328e+00,3.322425782680511475e-01,9.863439252302393934e-01,9.863439252302393934e-01,9.863439252302393934e-01,9.863439252302393934e-01
9.471328258514404297e-01,6.932653188705444336e-01,-8.509432077407836914e-01,1.852991342544555664e+00,-1.203776001930236816e+00,-7.543452978134155273e-01,6.106102466583251953e-02,3.412834167480468750e+00,3.360846936702728271e-01,9.810120661016790145e-01,9.810120661016790145e-01,9.810120661016790145e-01,9.810120661016790145e-01
9.650274515151977539e-01,7.353993058204650879e-01,-8.707770109176635742e-01,1.902011632919311523e+00,-1.210175871849060059e+00,-7.634490728378295898e-01,1.917374134063720703e-02,3.485094547271728516e+00,3.387595117092132568e-01,9.748290118813571770e-01,9.748290118813571770e-01,9.748290118813571770e-01,9.748290118813571770e-01
9.841929674148559570e-01,7.796818614006042480e-01,-8.914639353752136230e-01,1.953221678733825684e+00,-1.216646909713745117e+00,-7.733227610588073730e-01,-2.684897184371948242e-02,3.559643983840942383e+00,3.401647806167602539e-01,9.678080960802371013e-01,9.678080960802371013e-01,9.678080960802371013e-01,9.678080960802371013e-01
9.263986945152282715e-01,5.295185446739196777e-01,-7.953993082046508789e-01,1.741352677345275879e+00,-1.270081043243408203e+00,-7.621081471443176270e-01,2.432808279991149902e-01,3.230763435363769531e+00,2.982479929924011230e-01,9.599640811122751582e-01,9.599640811122751582e-01,9.599640811122751582e-01,9.599640811122751582e-01
9.382874369621276855e-01,5.679019689559936523e-01,-8.146671056747436523e-01,1.779262542724609375e+00,-1.270134091377258301e+00,-7.625021934509277344e-01,2.102190256118774414e-01,3.287293434143066406e+00,3.061021864414215088e-01,9.513131228510833814e-01,9.513131228510833814e-01,9.513131228510833814e-01,9.513131228510833814e-01
9.527251720428466797e-01,6.077617406845092773e-01,-8.341246247291564941e-01,1.819563269615173340e+00,-1.270314335823059082e+00,-7.649621367454528809e-01,1.750049591064453125e-01,3.348012924194335938e+00,3.120302855968475342e-01,9.418727329879277299e-01,9.418727329879277299e-01,9.418727329879277299e-01,9.418727329879277299e-01
9.687456488609313965e-01,6.493353247642517090e-01,-8.539552092552185059e-01,1.862534999847412109e+00,-1.270731210708618164e+00,-7.691254019737243652e-01,1.366917490959167480e-01,3.412765979766845703e+00,3.166889846324920654e-01,9.316617392806433307e-01,9.316617392806433307e-01,9.316617392806433307e-01,9.316617392806433307e-01
9.860735535621643066e-01,6.928082108497619629e-01,-8.742402195930480957e-01,1.908114671707153320e+00,-1.271502017974853516e+00,-7.747541666030883789e-01,9.475785493850708008e-02,3.481027364730834961e+00,3.201467096805572510e-01,9.207002437858220478e-01,9.207002437858220478e-01,9.207002437858220478e-01,9.207002437858220478e-01
1.004630684852600098e+00,7.382029891014099121e-01,-8.950633406639099121e-01,1.956199765205383301e+00,-1.272739171981811523e+00,-7.817138433456420898e-01,4.887121915817260742e-02,3.551994323730468750e+00,3.223833739757537842e-01,9.090095791691468197e-01,9.090095791691468197e-01,9.090095791691468197e-01,9.090095791691468197e-01
1.024451255798339844e+00,7.854001522064208984e-01,-9.165067076683044434e-01,2.006691694259643555e+00,-1.274586796760559082e+00,-7.899488210678100586e-01,-1.135766506195068359e-03,3.624584197998046875e+00,3.233809173107147217e-01,8.966122631911064289e-01,8.966122631911064289e-01,8.966122631911064289e-01,8.966122631911064289e-01
1.045651197433471680e+00,8.341488242149353027e-01,-9.386460781097412109e-01,2.059510469436645508e+00,-1.277231812477111816e+00,-7.994641065597534180e-01,-5.523389577865600586e-02,3.697427988052368164e+00,3.231969177722930908e-01,8.835319514674304653e-01,8.835319514674304653e-01,8.835319514674304653e-01,8.835319514674304653e-01
1.068418383598327637e+00,8.840600848197937012e-01,-9.615460634231567383e-01,2.114598512649536133e+00,-1.280885219573974609e+00,-8.103118538856506348e-01,-1.131054759025573730e-01,3.768853664398193359e+00,3.220829963684082031e-01,8.697933886055230213e-01,8.697933886055230213e-01,8.697933886055230213e-01,8.697933886055230213e-01
1.093023657798767090e+00,9.346060156822204590e-01,-9.852423667907714844e-01,2.171914577484130859e+00,-1.285779953002929688e+00,-8.225829005241394043e-01,-1.739603281021118164e-01,3.836935043334960938e+00,3.205872178077697754e-01,8.554223578198725253e-01,8.554223578198725253e-01,8.554223578198725253e-01,8.554223578198725253e-01
9.913972020149230957e-01,5.852872133255004883e-01,-8.464532494544982910e-01,1.876050949096679688e+00,-1.360713958740234375e+00,-8.068038225173950195e-01,2.278341054916381836e-01,3.396953582763671875e+00,2.934946715831756592e-01,8.404456291309195803e-01,8.404456291309195803e-01,8.404456291309195803e-01,8.404456291309195803e-01
1.003831982612609863e+00,6.303587555885314941e-01,-8.668143749237060547e-01,1.914446830749511719e+00,-1.353872179985046387e+00,-8.042685985565185547e-01,1.853206753730773926e-01,3.458619594573974609e+00,2.998384833335876465e-01,8.248909062531686320e-01,8.248909062531686320e-01,8.248909062531686320e-01,8.248909062531686320e-01
1.019220709800720215e+00,6.765544414520263672e-01,-8.872534632682800293e-01,1.955312132835388184e+00,-1.347612023353576660e+00,-8.044695854187011719e-01,1.403530836105346680e-01,3.522850990295410156e+00,3.037959337234497070e-01,8.087867722793955494e-01,8.087867722793955494e-01,8.087867722793955494e-01,8.087867722793955494e-01
1.036374330520629883e+00,7.239454984664916992e-01,-9.080013036727905273e-01,1.998947501182556152e+00,-1.342140436172485352e+00,-8.069651126861572266e-01,9.205818176269531250e-02,3.589246273040771484e+00,3.063217103481292725e-01,7.921626342687067002e-01,7.921626342687067002e-01,7.921626342687067002e-01,7.921626342687067002e-01
1.054989576339721680e+00,7.725527882575988770e-01,-9.291648864746093750e-01,2.045253515243530273e+00,-1.337674140930175781e+00,-8.114479184150695801e-01,4.012119770050048828e-02,3.656868934631347656e+00,3.076076507568359375e-01,7.750486668468639095e-01,7.750486668468639095e-01,7.750486668468639095e-01,7.750486668468639095e-01
1.075036406517028809e+00,8.221981525421142578e-01,-9.508360028266906738e-01,2.094086885452270508e+00,-1.334397673606872559e+00,-8.177364468574523926e-01,-1.545172929763793945e-02,3.724363565444946289e+00,3.078127503395080566e-01,7.574757549277650881e-01,7.574757549277650881e-01,7.574757549277650881e-01,7.574757549277650881e-01
1.096641182899475098e+00,8.725229501724243164e-01,-9.730842709541320801e-01,2.145314455032348633e+00,-1.332481861114501953e+00,-8.257471323013305664e-01,-7.430875301361083984e-02,3.790027141571044922e+00,3.072347342967987061e-01,7.394754356652634142e-01,7.394754356652634142e-01,7.394754356652634142e-01,7.394754356652634142e-01
1.120046615600585938e+00,9.230054616928100586e-01,-9.959359169006347656e-01,2.198820352554321289e+00,-1.332090497016906738e+00,-8.354743719100952148e-01,-1.356045603752136230e-01,3.851909637451171875e+00,3.064134716987609863e-01,7.210798397445337127e-01,7.210798397445337127e-01,7.210798397445337127e-01,7.210798397445337127e-01
1.145590424537658691e+00,9.729606509208679199e-01,-1.019350528717041016e+00,2.254504203796386719e+00,-1.333364129066467285e+00,-8.469754457473754883e-01,-1.979665756225585938e-01,3.907669544219970703e+00,3.062748908996582031e-01,7.023216321221452674e-01,7.023216321221452674e-01,7.023216321221452674e-01,7.023216321221452674e-01
1.173696160316467285e+00,1.021520018577575684e+00,-1.043189883232116699e+00,2.312254667282104492e+00,-1.336372852325439453e+00,-8.603650927543640137e-01,-2.593405246734619141e-01,3.954440593719482422e+00,3.081118762493133545e-01,6.832339523236111711e-01,6.832339523236111711e-01,6.832339523236111711e-01,6.832339523236111711e-01
1.034276962280273438e+00,6.200621128082275391e-01,-8.775452971458435059e-01,1.961292743682861328e+00,-1.419554233551025391e+00,-8.374367952346801758e-01,2.162141203880310059e-01,3.492243289947509766e+00,2.873206734657287598e-01,6.638503544067491102e-01,6.638503544067491102e-01,6.638503544067491102e-01,6.638503544067491102e-01
1.045897483825683594e+00,6.667387485504150391e-01,-8.970472812652587891e-01,1.996145606040954590e+00,-1.406349658966064453e+00,-8.326150178909301758e-01,1.694205403327941895e-01,3.551848411560058594e+00,2.926458418369293213e-01,6.442047466984622828e-01,6.442047466984622828e-01,6.442047466984622828e-01,6.442047466984622828e-01
1.060201287269592285e+00,7.144468426704406738e-01,-9.165763854980468750e-01,2.033582448959350586e+00,-1.394244670867919922e+00,-8.306222558021545410e-01,1.199018359184265137e-01,3.612788915634155273e+00,2.957571148872375488e-01,6.243313314116942792e-01,6.243313314116942792e-01,6.243313314116942792e-01,6.243313314116942792e-01
1.076150417327880859e+00,7.630049586296081543e-01,-9.364196658134460449e-01,2.073836565017700195e+00,-1.383363962173461914e+00,-8.310567140579223633e-01,6.712120771408081055e-02,3.674587249755859375e+00,2.976272106170654297e-01,6.042645442482877938e-01,6.042645442482877938e-01,6.042645442482877938e-01,6.042645442482877938e-01
1.093577384948730469e+00,8.122587203979492188e-01,-9.566940069198608398e-01,2.116750478744506836e+00,-1.373872399330139160e+00,-8.336384296417236328e-01,1.108670234680175781e-02,3.736125230789184570e+00,2.985274195671081543e-01,5.840389940922280365e-01,5.840389940922280365e-01,5.840389940922280365e-01,5.840389940922280365e-01
1.112553238868713379e+00,8.619000315666198730e-01,-9.774677157402038574e-01,2.162145853042602539e+00,-1.365922451019287109e+00,-8.382087945938110352e-01,-4.784870147705078125e-02,3.795916318893432617e+00,2.987464368343353271e-01,5.636894028964092307e-01,5.636894028964092307e-01,5.636894028964092307e-01,5.636894028964092307e-01
1.133276581764221191e+00,9.114660024642944336e-01,-9.987561702728271484e-01,2.209868669509887695e+00,-1.359651088714599609e+00,-8.447085618972778320e-01,-1.088917255401611328e-01,3.852269887924194336e+00,2.987344861030578613e-01,5.432505458644873997e-01,5.432505458644873997e-01,5.432505458644873997e-01,5.432505458644873997e-01
1.156033396720886230e+00,9.603465199470520020e-01,-1.020501613616943359e+00,2.259786844253540039e+00,-1.355162143707275391e+00,-8.531583547592163086e-01,-1.708019971847534180e-01,3.903213024139404297e+00,2.992135286331176758e-01,5.227571920277158668e-01,5.227571920277158668e-01,5.227571920277158668e-01,5.227571920277158668e-01
1.181183099746704102e+00,1.007771253585815430e+00,-1.042544364929199219e+00,2.311762571334838867e+00,-1.352481245994567871e+00,-8.636523485183715820e-01,-2.317978739738464355e-01,3.946374416351318359e+00,3.011454939842224121e-01,5.022440453147709594e-01,5.022440453147709594e-01,5.022440453147709594e-01,5.022440453147709594e-01
1.209133982658386230e+00,1.052772641181945801e+00,-1.064591646194458008e+00,2.365591764450073242e+00,-1.351465702056884766e+00,-8.763648867607116699e-01,-2.895398139953613281e-01,3.979249954223632812e+00,3.047619163990020752e-01,4.817456862106237470e-01,4.817456862106237470e-01,4.817456862106237470e-01,4.817456862106237470e-01
1.052009344100952148e+00,6.352335214614868164e-01,-8.894240260124206543e-01,1.995900988578796387e+00,-1.443463325500488281e+00,-8.505940437316894531e-01,2.093863487243652344e-01,3.528551578521728516e+00,2.840328812599182129e-01,4.612965140983292800e-01,4.612965140983292800e-01,4.612965140983292800e-01,4.612965140983292800e-01
1.061430096626281738e+00,6.813788414001464844e-01,-9.073457121849060059e-01,2.025120019912719727e+00,-1.424096345901489258e+00,-8.431672453880310059e-01,1.611997485160827637e-01,3.583476066589355469e+00,2.893954515457153320e-01,4.409306903753864582e-01,4.409306903753864582e-01,4.409306903753864582e-01,4.409306903753864582e-01
1.073177337646484375e+00,7.286146879196166992e-01,-9.253214001655578613e-01,2.057053565979003906e+00,-1.406315565109252930e+00,-8.385322093963623047e-01,1.101554632186889648e-01,3.639504432678222656e+00,2.928451895713806152e-01,4.206820824338675102e-01,4.206820824338675102e-01,4.206820824338675102e-01,4.206820824338675102e-01
1.086394548416137695e+00,7.765657305717468262e-01,-9.436637163162231445e-01,2.091862201690673828e+00,-1.390154004096984863e+00,-8.363712430000305176e-01,5.601215362548828125e-02,3.696153163909912109e+00,2.953137755393981934e-01,4.005842085910451544e-01,4.005842085910451544e-01,4.005842085910451544e-01,4.005842085910451544e-01
1.101014733314514160e+00,8.249727487564086914e-01,-9.624851346015930176e-01,2.129347562789916992e+00,-1.375744342803955078e+00,-8.364615440368652344e-01,-1.002967357635498047e-03,3.752388954162597656e+00,2.970535159111022949e-01,3.806701840545748672e-01,3.806701840545748672e-01,3.806701840545748672e-01,3.806701840545748672e-01
1.117150306701660156e+00,8.734858036041259766e-01,-9.818329811096191406e-01,2.169318437576293945e+00,-1.363236784934997559e+00,-8.386811017990112305e-01,-6.037646532058715820e-02,3.806956529617309570e+00,2.983179092407226562e-01,3.609726680035599267e-01,3.609726680035599267e-01,3.609726680035599267e-01,3.609726680035599267e-01
1.135001540184020996e+00,9.216551780700683594e-01,-1.001694321632385254e+00,2.211624145507812500e+00,-1.352773427963256836e+00,-8.429907560348510742e-01,-1.212630271911621094e-01,3.858509063720703125e+00,2.994866371154785156e-01,3.415238118639742915e-01,3.415238118639742915e-01,3.415238118639742915e-01,3.415238118639742915e-01
1.154827833175659180e+00,9.689324498176574707e-01,-1.021981477737426758e+00,2.256149530410766602e+00,-1.344462275505065918e+00,-8.494192957878112793e-01,-1.825017333030700684e-01,3.905506134033203125e+00,3.011621236801147461e-01,3.223552088539690663e-01,3.223552088539690663e-01,3.223552088539690663e-01,3.223552088539690663e-01
1.176936626434326172e+00,1.014660716056823730e+00,-1.042513370513916016e+00,2.302783489227294922e+00,-1.338333606719970703e+00,-8.580580353736877441e-01,-2.425421476364135742e-01,3.946129083633422852e+00,3.041640818119049072e-01,3.034978448715583976e-01,3.034978448715583976e-01,3.034978448715583976e-01,3.034978448715583976e-01
1.201660871505737305e+00,1.058045029640197754e+00,-1.062989830970764160e+00,2.351370096206665039e+00,-1.334261417388916016e+00,-8.690658807754516602e-01,-2.994129657745361328e-01,3.978559017181396484e+00,3.086628317832946777e-01,2.849820507940640235e-01,2.849820507940640235e-01,2.849820507940640235e-01,2.849820507940640235e-01
1.045990586280822754e+00,6.329050064086914062e-01,-8.847724199295043945e-01,1.983749270439147949e+00,-1.435672402381896973e+00,-8.465999364852905273e-01,2.095092535018920898e-01,3.518324375152587891e+00,2.846741974353790283e-01,2.668374562554802765e-01,2.668374562554802765e-01,2.668374562554802765e-01,2.668374562554802765e-01
1.052078485488891602e+00,6.774946451187133789e-01,-9.009501934051513672e-01,2.006762504577636719e+00,-1.411468029022216797e+00,-8.366113901138305664e-01,1.616466641426086426e-01,3.567501783370971680e+00,2.912408411502838135e-01,2.490929449646978044e-01,2.490929449646978044e-01,2.490929449646978044e-01,2.490929449646978044e-01
1.060357689857482910e+00,7.229539155960083008e-01,-9.172183275222778320e-01,2.032484769821166992e+00,-1.389295101165771484e+00,-8.295391201972961426e-01,1.113794445991516113e-01,3.617823123931884766e+00,2.961343228816986084e-01,2.317766116241460339e-01,2.317766116241460339e-01,2.317766116241460339e-01,2.317766116241460339e-01
1.069988846778869629e+00,7.688610553741455078e-01,-9.338783621788024902e-01,2.061054706573486328e+00,-1.369150638580322266e+00,-8.250861763954162598e-01,5.859208106994628906e-02,3.668999671936035156e+00,3.002637922763824463e-01,2.149157205050745700e-01,2.149157205050745700e-01,2.149157205050745700e-01,2.149157205050745700e-01
1.080895185470581055e+00,8.149836063385009766e-01,-9.510264992713928223e-01,2.092268705368041992e+00,-1.351150512695312500e+00,-8.230268359184265137e-01,3.544032573699951172e-03,3.720327138900756836e+00,3.038036525249481201e-01,1.985366657322125694e-01,1.985366657322125694e-01,1.985366657322125694e-01,1.985366657322125694e-01
1.093154072761535645e+00,8.610605001449584961e-01,-9.687020182609558105e-01,2.125941991806030273e+00,-1.335432648658752441e+00,-8.232148289680480957e-01,-5.336588621139526367e-02,3.770974636077880859e+00,3.068688809871673584e-01,1.826649333271131437e-01,1.826649333271131437e-01,1.826649333271131437e-01,1.826649333271131437e-01
1.106909871101379395e+00,9.067826867103576660e-01,-9.869025349617004395e-01,2.161947727203369141e+00,-1.322132825851440430e+00,-8.255698680877685547e-01,-1.115568876266479492e-01,3.820114612579345703e+00,3.096281886100769043e-01,1.673250650559378605e-01,1.673250650559378605e-01,1.673250650559378605e-01,1.673250650559378605e-01
1.122356891632080078e+00,9.517954587936401367e-01,-1.005579233169555664e+00,2.200208663940429688e+00,-1.311368465423583984e+00,-8.300647735595703125e-01,-1.702783703804016113e-01,3.866853475570678711e+00,3.123785257339477539e-01,1.525406241238966842e-01,1.525406241238966842e-01,1.525406241238966842e-01,1.525406241238966842e-01
1.139731168746948242e+00,9.956966638565063477e-01,-1.024626851081848145e+00,2.240683078765869141e+00,-1.303215742111206055e+00,-8.367172479629516602e-01,-2.285939455032348633e-01,3.910140037536621094e+00,3.156267404556274414e-01,1.383341627550168096e-01,1.383341627550168096e-01,1.383341627550168096e-01,1.383341627550168096e-01
1.159295082092285156e+00,1.038025021553039551e+00,-1.043872833251953125e+00,2.283341169357299805e+00,-1.297675371170043945e+00,-8.455853462219238281e-01,-2.853097319602966309e-01,3.948785781860351562e+00,3.200709521770477295e-01,1.247271916922753632e-01,1.247271916922753632e-01,1.247271916922753632e-01,1.247271916922753632e-01
1.017784476280212402e+00,6.142010092735290527e-01,-8.650896549224853516e-01,1.929592490196228027e+00,-1.400622725486755371e+00,-8.280488252639770508e-01,2.160144448280334473e-01,3.463670730590820312e+00,2.897581756114959717e-01,1.117401516495890590e-01,1.117401516495890590e-01,1.117401516495890590e-01,1.117401516495890590e-01
1.020166873931884766e+00,6.551864743232727051e-01,-8.794401884078979492e-01,1.946466207504272461e+00,-1.374033331871032715e+00,-8.164861202239990234e-01,1.711961030960083008e-01,3.504311084747314453e+00,2.984288036823272705e-01,9.939238674350181491e-02,9.939238674350181491e-02,9.939238674350181491e-02,9.939238674350181491e-02
1.024863243103027344e+00,6.965492367744445801e-01,-8.938012719154357910e-01,1.965825200080871582e+00,-1.349710702896118164e+00,-8.080327510833740234e-01,1.250567436218261719e-01,3.546169757843017578e+00,3.054898381233215332e-01,8.770211992884568986e-02,8.770211992884568986e-02,8.770211992884568986e-02,8.770211992884568986e-02
1.030844569206237793e+00,7.380053997039794922e-01,-9.084392189979553223e-01,1.987870931625366211e+00,-1.327625989913940430e+00,-8.023170828819274902e-01,7.732820510864257812e-02,3.589311838150024414e+00,3.119261860847473145e-01,7.668643045903167366e-02,7.668643045903167366e-02,7.668643045903167366e-02,7.668643045903167366e-02
1.037916779518127441e+00,7.794927358627319336e-01,-9.234279990196228027e-01,2.012427091598510742e+00,-1.307847380638122559e+00,-7.990372776985168457e-01,2.806794643402099609e-02,3.633476972579956055e+00,3.178555965423583984e-01,6.636123338806815264e-02,6.636123338806815264e-02,6.636123338806815264e-02,6.636123338806815264e-02
1.046057939529418945e+00,8.209319114685058594e-01,-9.388116598129272461e-01,2.039330720901489258e+00,-1.290449619293212891e+00,-7.979696989059448242e-01,-2.259266376495361328e-02,3.678300380706787109e+00,3.232793211936950684e-01,5.674126112781063824e-02,5.674126112781063824e-02,5.674126112781063824e-02,5.674126112781063824e-02
1.055324196815490723e+00,8.622115850448608398e-01,-9.546211361885070801e-01,2.068470478057861328e+00,-1.275504231452941895e+00,-7.989553809165954590e-01,-7.447463274002075195e-02,3.723367452621459961e+00,3.281913101673126221e-01,4.784004707045491633e-02,4.784004707045491633e-02,4.784004707045491633e-02,4.784004707045491633e-02
1.065826058387756348e+00,9.031957387924194336e-01,-9.708732366561889648e-01,2.099785089492797852e+00,-1.263076186180114746e+00,-8.018869757652282715e-01,-1.273133754730224609e-01,3.768273830413818359e+00,3.326077461242675781e-01,3.966991128273694711e-02,3.966991128273694711e-02,3.966991128273694711e-02,3.966991128273694711e-02
1.077718615531921387e+00,9.437276124954223633e-01,-9.875664710998535156e-01,2.133257389068603516e+00,-1.253223299980163574e+00,-8.066997528076171875e-01,-1.807563304901123047e-01,3.812594175338745117e+00,3.366077542304992676e-01,3.224194827485171722e-02,3.224194827485171722e-02,3.224194827485171722e-02,3.224194827485171722e-02
1.091193318367004395e+00,9.836295843124389648e-01,-1.004676222801208496e+00,2.168905973434448242e+00,-1.245990991592407227e+00,-8.133643269538879395e-01,-2.343691587448120117e-01,3.855810165405273438e+00,3.403913080692291260e-01,2.556601684368275951e-02,2.556601684368275951e-02,2.556601684368275951e-02,2.556601684368275951e-02
9.760394692420959473e-01,5.841751694679260254e-01,-8.351330161094665527e-01,1.849255919456481934e+00,-1.348024010658264160e+00,-8.007659912109375000e-01,2.248795628547668457e-01,3.372873783111572266e+00,2.965598702430725098e-01,1.965073198652583786e-02,1.965073198652583786e-02,1.965073198652583786e-02,1.965073198652583786e-02
9.756923317909240723e-01,6.196706295013427734e-01,-8.477334976196289062e-01,1.860995411872863770e+00,-1.321753740310668945e+00,-7.891188859939575195e-01,1.857690811157226562e-01,3.402906417846679688e+00,3.070603311061859131e-01,1.450345887818521584e-02,1.450345887818521584e-02,1.450345887818521584e-02,1.450345887818521584e-02
9.778006076812744141e-01,6.550806760787963867e-01,-8.601181507110595703e-01,1.874942898750305176e+00,-1.297795176506042480e+00,-7.806772589683532715e-01,1.464306116104125977e-01,3.434480667114257812e+00,3.158535063266754150e-01,1.013030890102167847e-02,1.013030890102167847e-02,1.013030890102167847e-02,1.013030890102167847e-02
9.811089038848876953e-01,6.903408765792846680e-01,-8.725264668464660645e-01,1.891379833221435547e+00,-1.276068449020385742e+00,-7.749516963958740234e-01,1.062834858894348145e-01,3.467856407165527344e+00,3.240618109703063965e-01,6.536137714334089299e-03,6.536137714334089299e-03,6.536137714334089299e-03,6.536137714334089299e-03
9.852914810180664062e-01,7.255739569664001465e-01,-8.850249648094177246e-01,1.910169601440429688e+00,-1.256574273109436035e+00,-7.715485692024230957e-01,6.514084339141845703e-02,3.503024578094482422e+00,3.318365216255187988e-01,3.724545346294572123e-03,3.724545346294572123e-03,3.724545346294572123e-03,3.724545346294572123e-03
9.902371764183044434e-01,7.608597874641418457e-01,-8.976711630821228027e-01,1.931166410446166992e+00,-1.239302873611450195e+00,-7.701693773269653320e-01,2.291715145111083984e-02,3.539874553680419922e+00,3.391743302345275879e-01,1.697878288576537553e-03,1.697878288576537553e-03,1.697878288576537553e-03,1.697878288576537553e-03
9.959332346916198730e-01,7.962314486503601074e-01,-9.105269312858581543e-01,1.954258561134338379e+00,-1.224233508110046387e+00,-7.705917358398437500e-01,-2.042555809020996094e-02,3.578241109848022461e+00,3.460289239883422852e-01,4.572335708136754384e-04,4.572335708136754384e-04,4.572335708136754384e-04,4.572335708136754384e-04
1.002427577972412109e+00,8.316894769668579102e-01,-9.236559867858886719e-01,1.979374170303344727e+00,-1.211343169212341309e+00,-7.726535201072692871e-01,-6.489628553390502930e-02,3.617932081222534180e+00,3.523407280445098877e-01,2.464789087164298564e-06,2.464789087164298564e-06,2.464789087164298564e-06,2.464789087164298564e-06
1.009813189506530762e+00,8.672146201133728027e-01,-9.371196627616882324e-01,2.006476163864135742e+00,-1.200613975524902344e+00,-7.762403488159179688e-01,-1.104801893234252930e-01,3.658730030059814453e+00,3.580479621887207031e-01,3.321900597934579480e-04,3.321900597934579480e-04,3.321900597934579480e-04,3.321900597934579480e-04
1.018216371536254883e+00,9.027727842330932617e-01,-9.509744644165039062e-01,2.035561561584472656e+00,-1.192037582397460938e+00,-7.812776565551757812e-01,-1.571181416511535645e-01,3.700420379638671875e+00,3.630979657173156738e-01,1.443801867479388434e-03,1.443801867479388434e-03,1.443801867479388434e-03,1.443801867479388434e-03
9.328237175941467285e-01,5.498266220092773438e-01,-8.024940490722656250e-01,1.763106584548950195e+00,-1.291329622268676758e+00,-7.719973325729370117e-01,2.342687249183654785e-01,3.266314983367919922e+00,3.011682927608489990e-01,3.333478772544751223e-03,3.333478772544751223e-03,3.333478772544751223e-03,3.333478772544751223e-03
9.314560890197753906e-01,5.793191790580749512e-01,-8.136271238327026367e-01,1.771752476692199707e+00,-1.267795324325561523e+00,-7.617748975753784180e-01,2.020049095153808594e-01,3.287398099899291992e+00,3.122382462024688721e-01,5.996198942133712517e-03,5.996198942133712517e-03,5.996198942133712517e-03,5.996198942133712517e-03
9.324792027473449707e-01,6.085933446884155273e-01,-8.243098258972167969e-01,1.782419919967651367e+00,-1.246491551399230957e+00,-7.546058297157287598e-01,1.700118184089660645e-01,3.310590744018554688e+00,3.215475082397460938e-01,9.425755465034102443e-03,9.425755465034102443e-03,9.425755465034102443e-03,9.425755465034102443e-03
9.345608949661254883e-01,6.377372145652770996e-01,-8.347907066345214844e-01,1.795443892478942871e+00,-1.227298736572265625e+00,-7.499304413795471191e-01,1.375056505203247070e-01,3.336062431335449219e+00,3.302698731422424316e-01,1.361477340900618671e-02,1.361477340900618671e-02,1.361477340900618671e-02,1.361477340900618671e-02
9.373245239257812500e-01,6.669851541519165039e-01,-8.451592922210693359e-01,1.810729622840881348e+00,-1.210166931152343750e+00,-7.473076581954956055e-01,1.041655540466308594e-01,3.363852739334106445e+00,3.386057317256927490e-01,1.855472857666556896e-02,1.855472857666556896e-02,1.855472857666556896e-02,1.855472857666556896e-02
9.406350851058959961e-01,6.965021491050720215e-01,-8.555018305778503418e-01,1.828153252601623535e+00,-1.195027589797973633e+00,-7.464087605476379395e-01,6.981253623962402344e-02,3.393932580947875977e+00,3.465824723243713379e-01,2.423596791383553217e-02,2.423596791383553217e-02,2.423596791383553217e-02,2.423596791383553217e-02
9.444661140441894531e-01,7.263900637626647949e-01,-8.659119606018066406e-01,1.847612500190734863e+00,-1.181797504425048828e+00,-7.469924688339233398e-01,3.433293104171752930e-02,3.426237106323242188e+00,3.541748523712158203e-01,3.064773152220218178e-02,3.064773152220218178e-02,3.064773152220218178e-02,3.064773152220218178e-02
9.488527774810791016e-01,7.567092776298522949e-01,-8.764862418174743652e-01,1.869032144546508789e+00,-1.170393705368041992e+00,-7.488840818405151367e-01,-2.351343631744384766e-03,3.460679531097412109e+00,3.613321781158447266e-01,3.777817622609580539e-02,3.777817622609580539e-02,3.777817622609580539e-02,3.777817622609580539e-02
9.538698792457580566e-01,7.874932885169982910e-01,-8.873195052146911621e-01,1.892364025115966797e+00,-1.160739421844482422e+00,-7.519614100456237793e-01,-4.029971361160278320e-02,3.497159957885742188e+00,3.679897487163543701e-01,4.561440064135274808e-02,4.561440064135274808e-02,4.561440064135274808e-02,4.561440064135274808e-02
9.596177935600280762e-01,8.187581300735473633e-01,-8.985015749931335449e-01,1.917584180831909180e+00,-1.152773141860961914e+00,-7.561440467834472656e-01,-7.956123352050781250e-02,3.535559177398681641e+00,3.740729689598083496e-01,5.414247169241492852e-02,5.414247169241492852e-02,5.414247169241492852e-02,5.414247169241492852e-02
8.980328440666198730e-01,5.192369818687438965e-01,-7.749608159065246582e-01,1.690560102462768555e+00,-1.243259429931640625e+00,-7.481367588043212891e-01,2.427760362625122070e-01,3.171483039855957031e+00,3.023625016212463379e-01,6.334745252218332290e-02,6.334745252218332290e-02,6.334745252218332290e-02,6.334745252218332290e-02
8.972566723823547363e-01,5.441896915435791016e-01,-7.853405475616455078e-01,1.698861122131347656e+00,-1.223847627639770508e+00,-7.401890754699707031e-01,2.162202596664428711e-01,3.188698291778564453e+00,3.129461407661437988e-01,7.321343173754585321e-02,7.321343173754585321e-02,7.321343173754585321e-02,7.321343173754585321e-02
8.986493349075317383e-01,5.691262483596801758e-01,-7.951693534851074219e-01,1.709137201309204102e+00,-1.206497550010681152e+00,-7.349655628204345703e-01,1.898473501205444336e-01,3.208562374114990234e+00,3.218415677547454834e-01,8.372355393208413821e-02,8.372355393208413821e-02,8.372355393208413821e-02,8.372355393208413821e-02
9.009597301483154297e-01,5.941806435585021973e-01,-8.047170639038085938e-01,1.721735477447509766e+00,-1.191069006919860840e+00,-7.319189906120300293e-01,1.628572344779968262e-01,3.231067180633544922e+00,3.302066326141357422e-01,9.486005142611708685e-02,9.486005142611708685e-02,9.486005142611708685e-02,9.486005142611708685e-02
9.038428664207458496e-01,6.196076869964599609e-01,-8.141054511070251465e-01,1.736593008041381836e+00,-1.177491784095764160e+00,-7.306239008903503418e-01,1.349117755889892578e-01,3.256216526031494141e+00,3.382353782653808594e-01,1.066042771629979735e-01,1.066042771629979735e-01,1.066042771629979735e-01,1.066042771629979735e-01
9.071822166442871094e-01,6.455943584442138672e-01,-8.234505653381347656e-01,1.753613829612731934e+00,-1.165675163269042969e+00,-7.307661175727844238e-01,1.058158278465270996e-01,3.283999443054199219e+00,3.459692299365997314e-01,1.189367386995072162e-01,1.189367386995072162e-01,1.189367386995072162e-01,1.189367386995072162e-01
9.109640121459960938e-01,6.722660064697265625e-01,-8.328716158866882324e-01,1.772715926170349121e+00,-1.155516743659973145e+00,-7.321174144744873047e-01,7.544171810150146484e-02,3.314402103424072266e+00,3.534002900123596191e-01,1.318371332271398022e-01,1.318371332271398022e-01,1.318371332271398022e-01,1.318371332271398022e-01
9.152340888977050781e-01,6.997056007385253906e-01,-8.424870371818542480e-01,1.793838739395141602e+00,-1.146915555000305176e+00,-7.345173358917236328e-01,4.369622468948364258e-02,3.347412109375000000e+00,3.604881167411804199e-01,1.452843835602382061e-01,1.452843835602382061e-01,1.452843835602382061e-01,1.452843835602382061e-01
9.200754165649414062e-01,7.279661297798156738e-01,-8.524082303047180176e-01,1.816940784454345703e+00,-1.139780163764953613e+00,-7.378598451614379883e-01,1.050460338592529297e-02,3.383015632629394531e+00,3.671662509441375732e-01,1.592566750261257269e-01,1.592566750261257269e-01,1.592566750261257269e-01,1.592566750261257269e-01
9.255927205085754395e-01,7.570782303810119629e-01,-8.627380728721618652e-01,1.841997385025024414e+00,-1.134035348892211914e+00,-7.420833706855773926e-01,-2.420127391815185547e-02,3.421164512634277344e+00,3.733580708503723145e-01,1.737314931917248173e-01,1.737314931917248173e-01,1.737314931917248173e-01,1.737314931917248173e-01
8.780651688575744629e-01,4.995375871658325195e-01,-7.586332559585571289e-01,1.646996378898620605e+00,-1.213990688323974609e+00,-7.338193058967590332e-01,2.487736344337463379e-01,3.112465620040893555e+00,3.017935454845428467e-01,1.886856623606372740e-01,1.886856623606372740e-01,1.886856623606372740e-01,1.886856623606372740e-01
8.789756894111633301e-01,5.227450132369995117e-01,-7.693257331848144531e-01,1.657872438430786133e+00,-1.199107527732849121e+00,-7.282219529151916504e-01,2.253195047378540039e-01,3.131525754928588867e+00,3.117069602012634277e-01,2.040953847741464044e-01,2.040953847741464044e-01,2.040953847741464044e-01,2.040953847741464044e-01
8.818819522857666016e-01,5.462813973426818848e-01,-7.795213460922241211e-01,1.670810818672180176e+00,-1.186092853546142578e+00,-7.250446081161499023e-01,2.017143368721008301e-01,3.153681755065917969e+00,3.200514614582061768e-01,2.199362804493639190e-01,2.199362804493639190e-01,2.199362804493639190e-01,2.199362804493639190e-01
8.856535553932189941e-01,5.702797174453735352e-01,-7.895034551620483398e-01,1.686154365539550781e+00,-1.174805998802185059e+00,-7.237907052040100098e-01,1.772050261497497559e-01,3.178841114044189453e+00,3.279219269752502441e-01,2.361834275874205580e-01,2.361834275874205580e-01,2.361834275874205580e-01,2.361834275874205580e-01
8.899965286254882812e-01,5.949839353561401367e-01,-7.994145750999450684e-01,1.703862309455871582e+00,-1.165176272392272949e+00,-7.240776419639587402e-01,1.514770388603210449e-01,3.206998109817504883e+00,3.355063796043395996e-01,2.528114034845798663e-01,2.528114034845798663e-01,2.528114034845798663e-01,2.528114034845798663e-01
8.948275446891784668e-01,6.205751895904541016e-01,-8.093889951705932617e-01,1.723860025405883789e+00,-1.157115101814270020e+00,-7.256265878677368164e-01,1.243379712104797363e-01,3.238162040710449219e+00,3.428258299827575684e-01,2.697943258790588827e-01,2.697943258790588827e-01,2.697943258790588827e-01,2.697943258790588827e-01
9.001535773277282715e-01,6.471806764602661133e-01,-8.195599317550659180e-01,1.746086001396179199e+00,-1.150521278381347656e+00,-7.282386422157287598e-01,9.564858675003051758e-02,3.272346258163452148e+00,3.498624265193939209e-01,2.871058946664996059e-01,2.871058946664996059e-01,2.871058946664996059e-01,2.871058946664996059e-01
9.060348868370056152e-01,6.748901009559631348e-01,-8.300561308860778809e-01,1.770496487617492676e+00,-1.145295381546020508e+00,-7.317776083946228027e-01,6.529349088668823242e-02,3.309566020965576172e+00,3.565709292888641357e-01,3.047194339171861444e-01,3.047194339171861444e-01,3.047194339171861444e-01,3.047194339171861444e-01
9.125652313232421875e-01,7.037653923034667969e-01,-8.409983515739440918e-01,1.797064542770385742e+00,-1.141348004341125488e+00,-7.361586689949035645e-01,3.316599130630493164e-02,3.349834918975830078e+00,3.628762960433959961e-01,3.226079341284272539e-01,3.226079341284272539e-01,3.226079341284272539e-01,3.226079341284272539e-01
9.198617935180664062e-01,7.338451147079467773e-01,-8.524959087371826172e-01,1.825776457786560059e+00,-1.138605713844299316e+00,-7.413403391838073730e-01,-8.357167243957519531e-04,3.393143653869628906e+00,3.686768412590026855e-01,3.407440946458990538e-01,3.407440946458990538e-01,3.407440946458990538e-01,3.407440946458990538e-01
8.758342862129211426e-01,4.956055879592895508e-01,-7.566339969635009766e-01,1.642108678817749023e+00,-1.210268139839172363e+00,-7.323318123817443848e-01,2.502469420433044434e-01,3.104711294174194336e+00,3.015778660774230957e-01,3.591003661882484765e-01,3.591003661882484765e-01,3.591003661882484765e-01,3.591003661882484765e-01
8.790814876556396484e-01,5.199041366577148438e-01,-7.687324285507202148e-01,1.657974243164062500e+00,-1.199648618698120117e+00,-7.287898659706115723e-01,2.271491289138793945e-01,3.130103588104248047e+00,3.111028671264648438e-01,3.776489934098510859e-01,3.776489934098510859e-01,3.776489934098510859e-01,3.776489934098510859e-01
8.843326568603515625e-01,5.449479818344116211e-01,-7.804950475692749023e-01,1.676095366477966309e+00,-1.190708756446838379e+00,-7.274765968322753906e-01,2.034846544265747070e-01,3.159058570861816406e+00,3.191106617450714111e-01,3.963620574372521133e-01,3.963620574372521133e-01,3.963620574372521133e-01,3.963620574372521133e-01
8.905241489410400391e-01,5.708706378936767578e-01,-7.922224402427673340e-01,1.696838855743408203e+00,-1.183310031890869141e+00,-7.279410958290100098e-01,1.784976720809936523e-01,3.191508531570434570e+00,3.266554176807403564e-01,4.152115183156639411e-01,4.152115183156639411e-01,4.152115183156639411e-01,4.152115183156639411e-01
8.974043130874633789e-01,5.979202985763549805e-01,-8.040733337402343750e-01,1.720189571380615234e+00,-1.177383780479431152e+00,-7.298368215560913086e-01,1.518481373786926270e-01,3.227484226226806641e+00,3.338921964168548584e-01,4.341692573026689206e-01,4.341692573026689206e-01,4.341692573026689206e-01,4.341692573026689206e-01
9.049230217933654785e-01,6.262844800949096680e-01,-8.161938190460205078e-01,1.746095895767211914e+00,-1.172844290733337402e+00,-7.329174280166625977e-01,1.233022809028625488e-01,3.267031192779541016e+00,3.408035337924957275e-01,4.532071189472732797e-01,4.532071189472732797e-01,4.532071189472732797e-01,4.532071189472732797e-01
9.131166338920593262e-01,6.560955047607421875e-01,-8.287252783775329590e-01,1.774514436721801758e+00,-1.169594645500183105e+00,-7.370154857635498047e-01,9.266936779022216797e-02,3.310183525085449219e+00,3.473304510116577148e-01,4.722969528934483630e-01,4.722969528934483630e-01,4.722969528934483630e-01,4.722969528934483630e-01
9.220761656761169434e-01,6.874417662620544434e-01,-8.417994379997253418e-01,1.805413007736206055e+00,-1.167541742324829102e+00,-7.420283555984497070e-01,5.978053808212280273e-02,3.356959819793701172e+00,3.533725440502166748e-01,4.914106553484169915e-01,4.914106553484169915e-01,4.914106553484169915e-01,4.914106553484169915e-01
9.319294095039367676e-01,7.203718423843383789e-01,-8.555345535278320312e-01,1.838769078254699707e+00,-1.166607737541198730e+00,-7.479094266891479492e-01,2.447581291198730469e-02,3.407311677932739258e+00,3.587940931320190430e-01,5.105202101571109097e-01,5.105202101571109097e-01,5.105202101571109097e-01,5.105202101571109097e-01
9.428243041038513184e-01,7.548969984054565430e-01,-8.700332045555114746e-01,1.874567866325378418e+00,-1.166737318038940430e+00,-7.546581625938415527e-01,-1.339817047119140625e-02,3.461043357849121094e+00,3.634570538997650146e-01,5.295977294254613499e-01,5.295977294254613499e-01,5.295977294254613499e-01,5.295977294254613499e-01
8.942970633506774902e-01,5.112012624740600586e-01,-7.713070511817932129e-01,1.683392286300659180e+00,-1.236391186714172363e+00,-7.457420229911804199e-01,2.451154589653015137e-01,3.158175945281982422e+00,3.017959594726562500e-01,5.486154936365498225e-01,5.486154936365498225e-01,5.486154936365498225e-01,5.486154936365498225e-01
9.003621339797973633e-01,5.399472713470458984e-01,-7.859987616539001465e-01,1.706329226493835449e+00,-1.228891849517822266e+00,-7.434208393096923828e-01,2.189363837242126465e-01,3.193824052810668945e+00,3.111594915390014648e-01,5.675459912049773958e-01,5.675459912049773958e-01,5.675459912049773958e-01,5.675459912049773958e-01
9.087368845939636230e-01,5.699103474617004395e-01,-8.006141781806945801e-01,1.731893420219421387e+00,-1.222846627235412598e+00,-7.433328628540039062e-01,1.916171908378601074e-01,3.233699560165405273e+00,3.188677728176116943e-01,5.863619574163180248e-01,5.863619574163180248e-01,5.863619574163180248e-01,5.863619574163180248e-01
9.183531403541564941e-01,6.012552380561828613e-01,-8.154622912406921387e-01,1.760489225387573242e+00,-1.218144178390502930e+00,-7.450499534606933594e-01,1.622990965843200684e-01,3.277836322784423828e+00,3.259201645851135254e-01,6.050364126999950853e-01,6.050364126999950853e-01,6.050364126999950853e-01,6.050364126999950853e-01
9.289759397506713867e-01,6.342480778694152832e-01,-8.307030200958251953e-01,1.792115688323974609e+00,-1.214735984802246094e+00,-7.482519745826721191e-01,1.305345296859741211e-01,3.326296329498291016e+00,3.323849141597747803e-01,6.235427001855080587e-01,6.235427001855080587e-01,6.235427001855080587e-01,6.235427001855080587e-01
9.405843019485473633e-01,6.690698862075805664e-01,-8.464753031730651855e-01,1.826717972755432129e+00,-1.212556123733520508e+00,-7.527309656143188477e-01,9.600460529327392578e-02,3.379075050354003906e+00,3.381741344928741455e-01,6.418545224935849891e-01,6.418545224935849891e-01,6.418545224935849891e-01,6.418545224935849891e-01
9.532576203346252441e-01,7.058106660842895508e-01,-8.629046678543090820e-01,1.864232778549194336e+00,-1.211537480354309082e+00,-7.583731412887573242e-01,5.845373868942260742e-02,3.435984373092651367e+00,3.431509733200073242e-01,6.599459777154588203e-01,6.599459777154588203e-01,6.599459777154588203e-01,6.599459777154588203e-01
9.671189785003662109e-01,7.444870471954345703e-01,-8.801061511039733887e-01,1.904610276222229004e+00,-1.211632847785949707e+00,-7.651311755180358887e-01,1.765507459640502930e-02,3.496641635894775391e+00,3.471717834472656250e-01,6.777915945352570581e-01,6.777915945352570581e-01,6.777915945352570581e-01,6.777915945352570581e-01
9.823168516159057617e-01,7.850574254989624023e-01,-8.981841206550598145e-01,1.947819232940673828e+00,-1.212830781936645508e+00,-7.730048894882202148e-01,-2.658885717391967773e-02,3.560482025146484375e+00,3.501014709472656250e-01,6.953663664522098387e-01,6.953663664522098387e-01,6.953663664522098387e-01,6.953663664522098387e-01
9.990271925926208496e-01,8.274231553077697754e-01,-9.172278642654418945e-01,1.993846297264099121e+00,-1.215171456336975098e+00,-7.820326685905456543e-01,-7.442134618759155273e-02,3.626724004745483398e+00,3.518392741680145264e-01,7.126457850612456513e-01,7.126457850612456513e-01,7.126457850612456513e-01,7.126457850612456513e-01
9.366194009780883789e-01,5.465295314788818359e-01,-8.044233322143554688e-01,1.772905349731445312e+00,-1.293249249458312988e+00,-7.740571498870849609e-01,2.343558669090270996e-01,3.272278308868408203e+00,2.996952533721923828e-01,7.296058723523343170e-01,7.296058723523343170e-01,7.296058723523343170e-01,7.296058723523343170e-01
9.461439251899719238e-01,5.836158394813537598e-01,-8.226887583732604980e-01,1.804739356040954590e+00,-1.286964416503906250e+00,-7.717796564102172852e-01,2.005691528320312500e-01,3.322315216064453125e+00,3.082385957241058350e-01,7.462232119908853711e-01,7.462232119908853711e-01,7.462232119908853711e-01,7.462232119908853711e-01
9.586261510848999023e-01,6.222429275512695312e-01,-8.411650657653808594e-01,1.839707136154174805e+00,-1.281911253929138184e+00,-7.720960974693298340e-01,1.648558378219604492e-01,3.377136468887329102e+00,3.146036863327026367e-01,7.624749795433842792e-01,7.624749795433842792e-01,7.624749795433842792e-01,7.624749795433842792e-01
9.729368090629577637e-01,6.625944972038269043e-01,-8.601192831993103027e-01,1.878181695938110352e+00,-1.278082728385925293e+00,-7.745867967605590820e-01,1.262074112892150879e-01,3.436641693115234375e+00,3.197059631347656250e-01,7.783389716144057946e-01,7.783389716144057946e-01,7.783389716144057946e-01,7.783389716144057946e-01
9.888046383857727051e-01,7.048886418342590332e-01,-8.796764016151428223e-01,1.920120000839233398e+00,-1.275523424148559570e+00,-7.789531946182250977e-01,8.407545089721679688e-02,3.500426769256591797e+00,3.236247897148132324e-01,7.937936338631252919e-01,7.937936338631252919e-01,7.937936338631252919e-01,7.937936338631252919e-01
1.006196975708007812e+00,7.492002248764038086e-01,-8.999481797218322754e-01,1.965428113937377930e+00,-1.274280071258544922e+00,-7.850141525268554688e-01,3.809070587158203125e-02,3.567789316177368164e+00,3.262918591499328613e-01,8.088180878694199993e-01,8.088180878694199993e-01,8.088180878694199993e-01,8.088180878694199993e-01
1.025198817253112793e+00,7.954674959182739258e-01,-9.210375547409057617e-01,2.014018535614013672e+00,-1.274429917335510254e+00,-7.926799654960632324e-01,-1.197290420532226562e-02,3.637712955474853516e+00,3.276334106922149658e-01,8.233921568216850950e-01,8.233921568216850950e-01,8.233921568216850950e-01,8.233921568216850950e-01
1.045975089073181152e+00,8.434978127479553223e-01,-9.430339336395263672e-01,2.065822839736938477e+00,-1.276091217994689941e+00,-8.019322752952575684e-01,-6.616914272308349609e-02,3.708835124969482422e+00,3.276607990264892578e-01,8.374963900004896988e-01,8.374963900004896988e-01,8.374963900004896988e-01,8.374963900004896988e-01
1.068762063980102539e+00,8.929564356803894043e-01,-9.660085439682006836e-01,2.120791673660278320e+00,-1.279414057731628418e+00,-8.128080368041992188e-01,-1.242565512657165527e-01,3.779417514801025391e+00,3.265888094902038574e-01,8.511120860342669125e-01,8.511120860342669125e-01,8.511120860342669125e-01,8.511120860342669125e-01
1.093872308731079102e+00,9.433547854423522949e-01,-9.900004863739013672e-01,2.178888320922851562e+00,-1.284579157829284668e+00,-8.253874182701110840e-01,-1.855110526084899902e-01,3.847338676452636719e+00,3.249890506267547607e-01,8.642213149052361265e-01,8.642213149052361265e-01,8.642213149052361265e-01,8.642213149052361265e-01
9.990461468696594238e-01,5.940308570861816406e-01,-8.517730832099914551e-01,1.896558046340942383e+00,-1.373965620994567871e+00,-8.142216801643371582e-01,2.220590114593505859e-01,3.420249938964843750e+00,2.923477888107299805e-01,8.768069386858518000e-01,8.768069386858518000e-01,8.768069386858518000e-01,8.768069386858518000e-01
1.013013362884521484e+00,6.405445933341979980e-01,-8.733538985252380371e-01,1.937417626380920410e+00,-1.367567658424377441e+00,-8.119416832923889160e-01,1.782234907150268555e-01,3.485034465789794922e+00,2.981650829315185547e-01,8.888526309880880882e-01,8.888526309880880882e-01,8.888526309880880882e-01,8.888526309880880882e-01
1.030503034591674805e+00,6.886612176895141602e-01,-8.952695131301879883e-01,1.981827497482299805e+00,-1.362414598464965820e+00,-8.127681612968444824e-01,1.314400434494018555e-01,3.553191661834716797e+00,3.012813031673431396e-01,9.003428951099452515e-01,9.003428951099452515e-01,9.003428951099452515e-01,9.003428951099452515e-01
1.050355076789855957e+00,7.384235262870788574e-01,-9.177711606025695801e-01,2.030111551284790039e+00,-1.358668804168701172e+00,-8.162685632705688477e-01,8.075457811355590820e-02,3.624086141586303711e+00,3.026419878005981445e-01,9.112630808656085879e-01,9.112630808656085879e-01,9.112630808656085879e-01,9.112630808656085879e-01
1.072327852249145508e+00,7.898104190826416016e-01,-9.409708976745605469e-01,2.082165479660034180e+00,-1.356511950492858887e+00,-8.221424818038940430e-01,2.580529451370239258e-02,3.696320772171020508e+00,3.024489283561706543e-01,9.215994000877205661e-01,9.215994000877205661e-01,9.215994000877205661e-01,9.215994000877205661e-01
1.096464395523071289e+00,8.425585031509399414e-01,-9.649586677551269531e-01,2.137826442718505859e+00,-1.356099247932434082e+00,-8.302143812179565430e-01,-3.336429595947265625e-02,3.767821311950683594e+00,3.009700179100036621e-01,9.313389407922807450e-01,9.313389407922807450e-01,9.313389407922807450e-01,9.313389407922807450e-01
1.122976064682006836e+00,8.961566686630249023e-01,-9.897955060005187988e-01,2.196922063827514648e+00,-1.357569456100463867e+00,-8.404046297073364258e-01,-9.613579511642456055e-02,3.835918903350830078e+00,2.987749874591827393e-01,9.404696799986829170e-01,9.404696799986829170e-01,9.404696799986829170e-01,9.404696799986829170e-01
1.152209043502807617e+00,9.498363733291625977e-01,-1.015489101409912109e+00,2.259273529052734375e+00,-1.361041188240051270e+00,-8.527032136917114258e-01,-1.611177325248718262e-01,3.897282838821411133e+00,2.969307303428649902e-01,9.489804951994409432e-01,9.489804951994409432e-01,9.489804951994409432e-01,9.489804951994409432e-01
1.184642791748046875e+00,1.002534151077270508e+00,-1.041960716247558594e+00,2.324663639068603516e+00,-1.366567969322204590e+00,-8.671544194221496582e-01,-2.259269952774047852e-01,3.947672367095947266e+00,2.969992160797119141e-01,9.568611744760939786e-01,9.568611744760939786e-01,9.568611744760939786e-01,9.568611744760939786e-01
1.220891356468200684e+00,1.052805185317993164e+00,-1.069002151489257812e+00,2.392750024795532227e+00,-1.374022483825683594e+00,-8.838614821434020996e-01,-2.870627641677856445e-01,3.982199430465698242e+00,2.994801700115203857e-01,9.641024252597958366e-01,9.641024252597958366e-01,9.641024252597958366e-01,9.641024252597958366e-01
1.072652339935302734e+00,6.440838575363159180e-01,-9.046492576599121094e-01,2.034428358078002930e+00,-1.467393875122070312e+00,-8.620772957801818848e-01,2.082715034484863281e-01,3.559795856475830078e+00,2.807858884334564209e-01,9.706958817370092696e-01,9.706958817370092696e-01,9.706958817370092696e-01,9.706958817370092696e-01
1.092027068138122559e+00,6.966145038604736328e-01,-9.282951354980468750e-01,2.082319736480712891e+00,-1.460762739181518555e+00,-8.608379960060119629e-01,1.567363739013671875e-01,3.630573749542236328e+00,2.826324403285980225e-01,9.766341109026501766e-01,9.766341109026501766e-01,9.766341109026501766e-01,9.766341109026501766e-01
1.114968657493591309e+00,7.505037784576416016e-01,-9.521896839141845703e-01,2.134072065353393555e+00,-1.455589771270751953e+00,-8.629038333892822266e-01,1.014065742492675781e-01,3.700887918472290039e+00,2.817658185958862305e-01,9.819106172649277875e-01,9.819106172649277875e-01,9.819106172649277875e-01,9.819106172649277875e-01
1.140595555305480957e+00,8.052839040756225586e-01,-9.766092300415039062e-01,2.189813613891601562e+00,-1.451926708221435547e+00,-8.678765296936035156e-01,4.198908805847167969e-02,3.768669128417968750e+00,2.793411612510681152e-01,9.865198462079671771e-01,9.865198462079671771e-01,9.865198462079671771e-01,9.865198462079671771e-01
1.168900251388549805e+00,8.603767752647399902e-01,-1.001641511917114258e+00,2.249246120452880859e+00,-1.449816703796386719e+00,-8.754688501358032227e-01,-2.091705799102783203e-02,3.830752372741699219e+00,2.761518955230712891e-01,9.904571860201557554e-01,9.904571860201557554e-01,9.904571860201557554e-01,9.904571860201557554e-01
1.200146794319152832e+00,9.148691296577453613e-01,-1.027287364006042480e+00,2.311983585357666016e+00,-1.449209809303283691e+00,-8.855090141296386719e-01,-8.572596311569213867e-02,3.883313655853271484e+00,2.731520831584930420e-01,9.937189685979198606e-01,9.937189685979198606e-01,9.937189685979198606e-01,9.937189685979198606e-01
1.234791040420532227e+00,9.674413800239562988e-01,-1.053425908088684082e+00,2.377519845962524414e+00,-1.449876070022583008e+00,-8.979317545890808105e-01,-1.496965885162353516e-01,3.921603679656982422e+00,2.709296047687530518e-01,9.963024688364161552e-01,9.963024688364161552e-01,9.963024688364161552e-01,9.963024688364161552e-01
1.273387312889099121e+00,1.016295909881591797e+00,-1.079784035682678223e+00,2.445147514343261719e+00,-1.451233267784118652e+00,-9.127515554428100586e-01,-2.087220549583435059e-01,3.940212726593017578e+00,2.693220674991607666e-01,9.982059027203320500e-01,9.982059027203320500e-01,9.982059027203320500e-01,9.982059027203320500e-01
1.316496849060058594e+00,1.059078574180603027e+00,-1.105900168418884277e+00,2.513819217681884766e+00,-1.452088952064514160e+00,-9.300062656402587891e-01,-2.575432062149047852e-01,3.934090375900268555e+00,2.663712799549102783e-01,9.994284241296630400e-01,9.994284241296630400e-01,9.994284241296630400e-01,9.994284241296630400e-01
1.364546656608581543e+00,1.092855572700500488e+00,-1.131065130233764648e+00,2.581933498382568359e+00,-1.450241684913635254e+00,-9.496500492095947266e-01,-2.906467318534851074e-01,3.899379014968872070e+00,2.582084834575653076e-01,9.999701203769770785e-01,9.999701203769770785e-01,9.999701203769770785e-01,9.999701203769770785e-01
1.149404764175415039e+00,6.898680925369262695e-01,-9.568364620208740234e-01,2.172553539276123047e+00,-1.561114788055419922e+00,-9.132660627365112305e-01,1.903201341629028320e-01,3.655487060546875000e+00,2.705719470977783203e-01,9.998320064942627372e-01,9.998320064942627372e-01,9.998320064942627372e-01,9.998320064942627372e-01
1.175203084945678711e+00,7.423252463340759277e-01,-9.814709424972534180e-01,2.223864078521728516e+00,-1.552239298820495605e+00,-9.137641191482543945e-01,1.369605064392089844e-01,3.715762138366699219e+00,2.691484093666076660e-01,9.990160182890028828e-01,9.990160182890028828e-01,9.990160182890028828e-01,9.990160182890028828e-01
1.203987836837768555e+00,7.954640984535217285e-01,-1.005876302719116211e+00,2.279117107391357422e+00,-1.544812917709350586e+00,-9.173261523246765137e-01,7.955431938171386719e-02,3.770246028900146484e+00,2.655621767044067383e-01,9.975250041906145171e-01,9.975250041906145171e-01,9.975250041906145171e-01,9.975250041906145171e-01
1.235459089279174805e+00,8.479965925216674805e-01,-1.030328273773193359e+00,2.337961435317993164e+00,-1.538227558135986328e+00,-9.236350059509277344e-01,1.939415931701660156e-02,3.815192222595214844e+00,2.607513070106506348e-01,9.953627159098423771e-01,9.953627159098423771e-01,9.953627159098423771e-01,9.953627159098423771e-01
1.269974231719970703e+00,8.985381126403808594e-01,-1.054800033569335938e+00,2.399586677551269531e+00,-1.531792521476745605e+00,-9.324520230293273926e-01,-4.076594114303588867e-02,3.846150398254394531e+00,2.550374269485473633e-01,9.925337979350959960e-01,9.925337979350959960e-01,9.925337979350959960e-01,9.925337979350959960e-01
1.307959198951721191e+00,9.452955126762390137e-01,-1.079092025756835938e+00,2.462951183319091797e+00,-1.524455666542053223e+00,-9.436214566230773926e-01,-9.702068567276000977e-02,3.858321905136108398e+00,2.483258545398712158e-01,9.890437758910612942e-01,9.890437758910612942e-01,9.890437758910612942e-01,9.890437758910612942e-01
1.349788546562194824e+00,9.859986305236816406e-01,-1.102825880050659180e+00,2.526652574539184570e+00,-1.514560222625732422e+00,-9.570002555847167969e-01,-1.445252299308776855e-01,3.847098827362060547e+00,2.397268414497375488e-01,9.848990437862205072e-01,9.848990437862205072e-01,9.848990437862205072e-01,9.848990437862205072e-01
1.395659208297729492e+00,1.017896056175231934e+00,-1.125458955764770508e+00,2.588708162307739258e+00,-1.499566197395324707e+00,-9.723218679428100586e-01,-1.779408454895019531e-01,3.809185981750488281e+00,2.274373620748519897e-01,9.801068501771471597e-01,9.801068501771471597e-01,9.801068501771471597e-01,9.801068501771471597e-01
1.445409536361694336e+00,1.037860274314880371e+00,-1.146366596221923828e+00,2.646269321441650391e+00,-1.475821375846862793e+00,-9.889399409294128418e-01,-1.923338770866394043e-01,3.744514465332031250e+00,2.095218598842620850e-01,9.746752832786342857e-01,9.746752832786342857e-01,9.746752832786342857e-01,9.746752832786342857e-01
1.498293638229370117e+00,1.042941927909851074e+00,-1.165000200271606445e+00,2.695389986038208008e+00,-1.438941001892089844e+00,-1.005386471748352051e+00,-1.849566102027893066e-01,3.658323526382446289e+00,1.863389760255813599e-01,9.686132550498458560e-01,9.686132550498458560e-01,9.686132550498458560e-01,9.686132550498458560e-01
1.221616268157958984e+00,7.255747318267822266e-01,-1.004175662994384766e+00,2.297507762908935547e+00,-1.641577363014221191e+00,-9.622790813446044922e-01,1.674185991287231445e-01,3.691934108734130859e+00,2.682583332061767578e-01,9.619304842877499651e-01,9.619304842877499651e-01,9.619304842877499651e-01,9.619304842877499651e-01
1.254546523094177246e+00,7.713961601257324219e-01,-1.028938412666320801e+00,2.347693920135498047e+00,-1.624541044235229492e+00,-9.644300937652587891e-01,1.196054220199584961e-01,3.725166320800781250e+00,2.641577422618865967e-01,9.546374787601190626e-01,9.546374787601190626e-01,9.546374787601190626e-01,9.546374787601190626e-01
1.289265155792236328e+00,8.170568346977233887e-01,-1.052260994911193848e+00,2.401264667510986328e+00,-1.608076214790344238e+00,-9.689210653305053711e-01,6.903290748596191406e-02,3.748932361602783203e+00,2.570021152496337891e-01,9.467455164113300903e-01,9.467455164113300903e-01,9.467455164113300903e-01,9.467455164113300903e-01
1.325991630554199219e+00,8.603410720825195312e-01,-1.074425339698791504e+00,2.457040548324584961e+00,-1.590235590934753418e+00,-9.755532741546630859e-01,1.914703845977783203e-02,3.758678197860717773e+00,2.474877536296844482e-01,9.382666256751205358e-01,9.382666256751205358e-01,9.382666256751205358e-01,9.382666256751205358e-01
1.365160465240478516e+00,8.991661071777343750e-01,-1.095344781875610352e+00,2.513318061828613281e+00,-1.568962812423706055e+00,-9.840378761291503906e-01,-2.586609125137329102e-02,3.750425577163696289e+00,2.355266660451889038e-01,9.292135649292703192e-01,9.292135649292703192e-01,9.292135649292703192e-01,9.292135649292703192e-01
1.406945943832397461e+00,9.312723875045776367e-01,-1.114755630493164062e+00,2.567963123321533203e+00,-1.541754722595214844e+00,-9.939510226249694824e-01,-6.148439645767211914e-02,3.721651554107666016e+00,2.206515669822692871e-01,9.195998011279906681e-01,9.195998011279906681e-01,9.195998011279906681e-01,9.195998011279906681e-01
1.451155185699462891e+00,9.542999267578125000e-01,-1.132317066192626953e+00,2.618220567703247070e+00,-1.505591392517089844e+00,-1.004550933837890625e+00,-8.364558219909667969e-02,3.672608852386474609e+00,2.024821937084197998e-01,9.094394876485163426e-01,9.094394876485163426e-01,9.094394876485163426e-01,9.094394876485163426e-01
1.497118711471557617e+00,9.663533568382263184e-01,-1.147696733474731445e+00,2.660643815994262695e+00,-1.457645535469055176e+00,-1.014489650726318359e+00,-9.018522500991821289e-02,3.607944965362548828e+00,1.813518851995468140e-01,8.987474413890548242e-01,8.987474413890548242e-01,8.987474413890548242e-01,8.987474413890548242e-01
1.543518304824829102e+00,9.671153426170349121e-01,-1.160637736320495605e+00,2.691552400588989258e+00,-1.397197246551513672e+00,-1.021604776382446289e+00,-8.168870210647583008e-02,3.536313533782958984e+00,1.576301157474517822e-01,8.875391191558755777e-01,8.875391191558755777e-01,8.875391191558755777e-01,8.875391191558755777e-01
1.588223099708557129e+00,9.578822255134582520e-01,-1.171111345291137695e+00,2.707844495773315430e+00,-1.326730728149414062e+00,-1.023300647735595703e+00,-6.105357408523559570e-02,3.467836856842041016e+00,1.320264339447021484e-01,8.758305933778409713e-01,8.758305933778409713e-01,8.758305933778409713e-01,8.758305933778409713e-01
1.280326128005981445e+00,7.476279735565185547e-01,-1.041317582130432129e+00,2.394437551498413086e+00,-1.697500109672546387e+00,-1.003241419792175293e+00,1.453952193260192871e-01,3.679796695709228516e+00,2.709398567676544189e-01,8.636385271871970248e-01,8.636385271871970248e-01,8.636385271871970248e-01,8.636385271871970248e-01
1.319698929786682129e+00,7.817909121513366699e-01,-1.064793705940246582e+00,2.438965559005737305e+00,-1.665109276771545410e+00,-1.006844878196716309e+00,1.109620332717895508e-01,3.678379535675048828e+00,2.639588117599487305e-01,8.509801489058534951e-01,8.509801489058534951e-01,8.509801489058534951e-01,8.509801489058534951e-01
1.358863711357116699e+00,8.153226971626281738e-01,-1.084959506988525391e+00,2.485379219055175781e+00,-1.631380677223205566e+00,-1.011438488960266113e+00,7.525968551635742188e-02,3.668408155441284180e+00,2.526044249534606934e-01,8.378732259767524004e-01,8.378732259767524004e-01,8.378732259767524004e-01,8.378732259767524004e-01
1.398272871971130371e+00,8.457364439964294434e-01,-1.102244138717651367e+00,2.531532287597656250e+00,-1.593156695365905762e+00,-1.016764283180236816e+00,4.228579998016357422e-02,3.646815538406372070e+00,2.376421093940734863e-01,8.243360383802582625e-01,8.243360383802582625e-01,8.243360383802582625e-01,8.243360383802582625e-01
1.438139677047729492e+00,8.711206316947937012e-01,-1.116765737533569336e+00,2.574793577194213867e+00,-1.547671794891357422e+00,-1.022222876548767090e+00,1.553833484649658203e-02,3.613076210021972656e+00,2.193462401628494263e-01,8.103873515757145096e-01,8.103873515757145096e-01,8.103873515757145096e-01,8.103873515757145096e-01
1.478156328201293945e+00,8.900460600852966309e-01,-1.128563523292541504e+00,2.612190008163452148e+00,-1.492719411849975586e+00,-1.026828289031982422e+00,-2.996623516082763672e-03,3.570117712020874023e+00,1.982279419898986816e-01,7.960463890085682781e-01,7.960463890085682781e-01,7.960463890085682781e-01,7.960463890085682781e-01
1.517487883567810059e+00,9.021880030632019043e-01,-1.137624740600585938e+00,2.640704870223999023e+00,-1.428006768226623535e+00,-1.029156327247619629e+00,-1.330029964447021484e-02,3.523969650268554688e+00,1.743671000003814697e-01,7.813328042235301307e-01,7.813328042235301307e-01,7.813328042235301307e-01,7.813328042235301307e-01
1.554685711860656738e+00,9.080873131752014160e-01,-1.144001603126525879e+00,2.657851696014404297e+00,-1.355736255645751953e+00,-1.027675747871398926e+00,-1.704365015029907227e-02,3.481872558593750000e+00,1.477946639060974121e-01,7.662666526243945286e-01,7.662666526243945286e-01,7.662666526243945286e-01,7.662666526243945286e-01
1.587862133979797363e+00,9.086742997169494629e-01,-1.147742390632629395e+00,2.662278175354003906e+00,-1.280636787414550781e+00,-1.021351099014282227e+00,-1.542413234710693359e-02,3.448582887649536133e+00,1.199285462498664856e-01,7.508683629211081456e-01,7.508683629211081456e-01,7.508683629211081456e-01,7.508683629211081456e-01
1.615033864974975586e+00,9.052226543426513672e-01,-1.148789405822753906e+00,2.654282331466674805e+00,-1.208688974380493164e+00,-1.010109782218933105e+00,-8.986055850982666016e-03,3.425624370574951172e+00,9.355428069829940796e-02,7.351587083046950966e-01,7.351587083046950966e-01,7.351587083046950966e-01,7.351587083046950966e-01
1.317190170288085938e+00,7.570827603340148926e-01,-1.062598347663879395e+00,2.451885461807250977e+00,-1.725212216377258301e+00,-1.031064033508300781e+00,1.317784786224365234e-01,3.651432514190673828e+00,2.740762829780578613e-01,7.191587773905294689e-01,7.191587773905294689e-01,7.191587773905294689e-01,7.191587773905294689e-01
1.359923601150512695e+00,7.791959047317504883e-01,-1.082943201065063477e+00,2.488146066665649414e+00,-1.675022363662719727e+00,-1.035934686660766602e+00,1.112577319145202637e-01,3.622278690338134766e+00,2.654000520706176758e-01,7.028899449703340796e-01,7.028899449703340796e-01,7.028899449703340796e-01,7.028899449703340796e-01
1.400100708007812500e+00,8.014087080955505371e-01,-1.098119020462036133e+00,2.524381875991821289e+00,-1.621979951858520508e+00,-1.040003776550292969e+00,8.900016546249389648e-02,3.590798854827880859e+00,2.512445747852325439e-01,6.863738426130958636e-01,6.863738426130958636e-01,6.863738426130958636e-01,6.863738426130958636e-01
1.438184976577758789e+00,8.219414353370666504e-01,-1.108907580375671387e+00,2.557891607284545898e+00,-1.562913417816162109e+00,-1.042809724807739258e+00,6.770116090774536133e-02,3.557080984115600586e+00,2.326061576604843140e-01,6.696323291548131884e-01,6.696323291548131884e-01,6.696323291548131884e-01,6.696323291548131884e-01
1.474124550819396973e+00,8.399815559387207031e-01,-1.115846753120422363e+00,2.585885763168334961e+00,-1.496253490447998047e+00,-1.043530583381652832e+00,4.824316501617431641e-02,3.524346828460693359e+00,2.101780176162719727e-01,6.526874611167721163e-01,6.526874611167721163e-01,6.526874611167721163e-01,6.526874611167721163e-01
1.507288098335266113e+00,8.556529283523559570e-01,-1.119353175163269043e+00,2.605942964553833008e+00,-1.422835469245910645e+00,-1.041186213493347168e+00,2.987688779830932617e-02,3.497684240341186523e+00,1.842017769813537598e-01,6.355614630916260888e-01,6.355614630916260888e-01,6.355614630916260888e-01,6.355614630916260888e-01
1.536535263061523438e+00,8.693037033081054688e-01,-1.119787812232971191e+00,2.616480588912963867e+00,-1.345809936523437500e+00,-1.035116434097290039e+00,1.118582487106323242e-02,3.481575012207031250e+00,1.552857756614685059e-01,6.182766981362421976e-01,6.182766981362421976e-01,6.182766981362421976e-01,6.182766981362421976e-01
1.560491085052490234e+00,8.809922933578491211e-01,-1.117373704910278320e+00,2.617109060287475586e+00,-1.270076274871826172e+00,-1.025404810905456543e+00,-7.452964782714843750e-03,3.476596832275390625e+00,1.258529722690582275e-01,6.008556382097791637e-01,6.008556382097791637e-01,6.008556382097791637e-01,6.008556382097791637e-01
1.577878117561340332e+00,8.908709883689880371e-01,-1.112194299697875977e+00,2.608796119689941406e+00,-1.200652956962585449e+00,-1.012845516204833984e+00,-2.496987581253051758e-02,3.480973243713378906e+00,9.914968162775039673e-02,5.833208346950481404e-01,5.833208346950481404e-01,5.833208346950481404e-01,5.833208346950481404e-01
1.587806224822998047e+00,8.995652794837951660e-01,-1.104327917098999023e+00,2.593700170516967773e+00,-1.141207933425903320e+00,-9.986593723297119141e-01,-4.166549444198608398e-02,3.493337869644165039e+00,7.748932391405105591e-02,5.656948890406219288e-01,5.656948890406219288e-01,5.656948890406219288e-01,5.656948890406219288e-01
1.328731417655944824e+00,7.583906054496765137e-01,-1.066353678703308105e+00,2.467420101165771484e+00,-1.728930950164794922e+00,-1.042244672775268555e+00,1.273910999298095703e-01,3.637157917022705078e+00,2.748522758483886719e-01,5.480004235606305008e-01,5.480004235606305008e-01,5.480004235606305008e-01,5.480004235606305008e-01
1.370413899421691895e+00,7.741765379905700684e-01,-1.082479357719421387e+00,2.495949983596801758e+00,-1.666153907775878906e+00,-1.047506570816040039e+00,1.126782894134521484e-01,3.599423885345458984e+00,2.656670808792114258e-01,5.302600524285759898e-01,5.302600524285759898e-01,5.302600524285759898e-01,5.302600524285759898e-01
1.407633900642395020e+00,7.920222282409667969e-01,-1.092414021492004395e+00,2.523466348648071289e+00,-1.600968003273010254e+00,-1.050689220428466797e+00,9.347689151763916016e-02,3.567222595214843750e+00,2.504392564296722412e-01,5.124963529008098595e-01,5.124963529008098595e-01,5.124963529008098595e-01,5.124963529008098595e-01
1.440860271453857422e+00,8.108671903610229492e-01,-1.097327113151550293e+00,2.547483205795288086e+00,-1.531118512153625488e+00,-1.051376581192016602e+00,7.104426622390747070e-02,3.542038679122924805e+00,2.303357571363449097e-01,4.947318368046922932e-01,4.947318368046922932e-01,4.947318368046922932e-01,4.947318368046922932e-01
1.470031380653381348e+00,8.304705619812011719e-01,-1.098091959953308105e+00,2.565854072570800781e+00,-1.456615686416625977e+00,-1.049032330513000488e+00,4.502856731414794922e-02,3.527033329010009766e+00,2.062128186225891113e-01,4.769889223256637001e-01,4.769889223256637001e-01,4.769889223256637001e-01,4.769889223256637001e-01
1.494592189788818359e+00,8.508986234664916992e-01,-1.095391511917114258e+00,2.577199220657348633e+00,-1.379810690879821777e+00,-1.043351769447326660e+00,1.436287164688110352e-02,3.525040388107299805e+00,1.789716929197311401e-01,4.592899061267539107e-01,4.592899061267539107e-01,4.592899061267539107e-01,4.592899061267539107e-01
1.513702630996704102e+00,8.718011379241943359e-01,-1.089733242988586426e+00,2.581164836883544922e+00,-1.304682731628417969e+00,-1.034647583961486816e+00,-2.079278230667114258e-02,3.535843372344970703e+00,1.506898999214172363e-01,4.416569358332262940e-01,4.416569358332262940e-01,4.416569358332262940e-01,4.416569358332262940e-01
1.526554107666015625e+00,8.925606012344360352e-01,-1.081445336341857910e+00,2.578473329544067383e+00,-1.235633492469787598e+00,-1.023829817771911621e+00,-5.834335088729858398e-02,3.555932998657226562e+00,1.246660649776458740e-01,4.241119829142276365e-01,4.241119829142276365e-01,4.241119829142276365e-01,4.241119829142276365e-01
1.532622694969177246e+00,9.130127429962158203e-01,-1.070806503295898438e+00,2.570774078369140625e+00,-1.176017522811889648e+00,-1.012025713920593262e+00,-9.705877304077148438e-02,3.582253932952880859e+00,1.034205108880996704e-01,4.066768159924932236e-01,4.066768159924932236e-01,4.066768159924932236e-01,4.066768159924932236e-01
1.531799793243408203e+00,9.335554838180541992e-01,-1.058182477951049805e+00,2.560304403305053711e+00,-1.127694725990295410e+00,-1.000321745872497559e+00,-1.372269988059997559e-01,3.613140583038330078e+00,8.814939111471176147e-02,3.893729746122024382e-01,3.893729746122024382e-01,3.893729746122024382e-01,3.893729746122024382e-01
1.316535592079162598e+00,7.544397115707397461e-01,-1.055358052253723145e+00,2.444899797439575195e+00,-1.714481353759765625e+00,-1.035672068595886230e+00,1.315883994102478027e-01,3.646202087402343750e+00,2.725545763969421387e-01,3.722217434942451941e-01,3.722217434942451941e-01,3.722217434942451941e-01,3.722217434942451941e-01
1.352975249290466309e+00,7.723265290260314941e-01,-1.067740082740783691e+00,2.468335866928100586e+00,-1.648923635482788086e+00,-1.039500474929809570e+00,1.120558977127075195e-01,3.620783090591430664e+00,2.636223435401916504e-01,3.552441273071428318e-01,3.552441273071428318e-01,3.552441273071428318e-01,3.552441273071428318e-01
1.384029030799865723e+00,7.943682670593261719e-01,-1.074168682098388672e+00,2.491428375244140625e+00,-1.583390593528747559e+00,-1.041263461112976074e+00,8.462387323379516602e-02,3.605822801589965820e+00,2.493069171905517578e-01,3.384608259809490094e-01,3.384608259809490094e-01,3.384608259809490094e-01,3.384608259809490094e-01
1.410332083702087402e+00,8.193979263305664062e-01,-1.076021075248718262e+00,2.512405633926391602e+00,-1.516396522521972656e+00,-1.040959358215332031e+00,5.045551061630249023e-02,3.601134777069091797e+00,2.310978323221206665e-01,3.218922105904445941e-01,3.218922105904445941e-01,3.218922105904445941e-01,3.218922105904445941e-01
1.432154774665832520e+00,8.466904759407043457e-01,-1.074298262596130371e+00,2.529869794845581055e+00,-1.448207020759582520e+00,-1.038581013679504395e+00,9.931802749633789062e-03,3.606978893280029297e+00,2.102106511592864990e-01,3.055582998329299249e-01,3.055582998329299249e-01,3.055582998329299249e-01,3.055582998329299249e-01
1.449432730674743652e+00,8.755095601081848145e-01,-1.069757103919982910e+00,2.543013811111450195e+00,-1.380494117736816406e+00,-1.034316301345825195e+00,-3.670018911361694336e-02,3.622991561889648438e+00,1.879994273185729980e-01,2.894787371248970231e-01,2.894787371248970231e-01,2.894787371248970231e-01,2.894787371248970231e-01
1.461938142776489258e+00,9.049275517463684082e-01,-1.062945961952209473e+00,2.551707744598388672e+00,-1.315932750701904297e+00,-1.028649926185607910e+00,-8.809077739715576172e-02,3.646935462951660156e+00,1.662962734699249268e-01,2.736727683407896849e-01,2.736727683407896849e-01,2.736727683407896849e-01,2.736727683407896849e-01
1.469458341598510742e+00,9.340144991874694824e-01,-1.054272055625915527e+00,2.556469440460205078e+00,-1.257313370704650879e+00,-1.022285342216491699e+00,-1.417356729507446289e-01,3.675143241882324219e+00,1.473471969366073608e-01,2.581592202160344351e-01,2.581592202160344351e-01,2.581592202160344351e-01,2.581592202160344351e-01
1.471945166587829590e+00,9.623233079910278320e-01,-1.044106006622314453e+00,2.558324813842773438e+00,-1.206702947616577148e+00,-1.015909671783447266e+00,-1.959069371223449707e-01,3.704894781112670898e+00,1.326999664306640625e-01,2.429564794353842316e-01,2.429564794353842316e-01,2.429564794353842316e-01,2.429564794353842316e-01
1.469570517539978027e+00,9.898966550827026367e-01,-1.032873630523681641e+00,2.558618307113647461e+00,-1.165243864059448242e+00,-1.010102868080139160e+00,-2.499949932098388672e-01,3.734738826751708984e+00,1.230846792459487915e-01,2.280824724265799741e-01,2.280824724265799741e-01,2.280824724265799741e-01,2.280824724265799741e-01
1.281596064567565918e+00,7.444629669189453125e-01,-1.031997680664062500e+00,2.386703014373779297e+00,-1.683883905410766602e+00,-1.012092232704162598e+00,1.443105936050415039e-01,3.669813871383666992e+00,2.688179612159729004e-01,2.135546458781838464e-01,2.135546458781838464e-01,2.135546458781838464e-01,2.135546458781838464e-01
1.309474825859069824e+00,7.709066271781921387e-01,-1.042421579360961914e+00,2.407709836959838867e+00,-1.625383019447326660e+00,-1.012180566787719727e+00,1.128363013267517090e-01,3.670585155487060547e+00,2.614095211029052734e-01,1.993899479993437862e-01,1.993899479993437862e-01,1.993899479993437862e-01,1.993899479993437862e-01
1.332405209541320801e+00,8.027355670928955078e-01,-1.048479795455932617e+00,2.430276155471801758e+00,-1.569958448410034180e+00,-1.011200547218322754e+00,7.131171226501464844e-02,3.681988239288330078e+00,2.503967583179473877e-01,1.856048105381202795e-01,1.856048105381202795e-01,1.856048105381202795e-01,1.856048105381202795e-01
1.351340889930725098e+00,8.381124138832092285e-01,-1.051515460014343262e+00,2.453380823135375977e+00,-1.516291022300720215e+00,-1.009650111198425293e+00,2.167761325836181641e-02,3.700905799865722656e+00,2.375298738479614258e-01,1.722151315738455479e-01,1.722151315738455479e-01,1.722151315738455479e-01,1.722151315738455479e-01
1.367082834243774414e+00,8.756337165832519531e-01,-1.052414536476135254e+00,2.476125717163085938e+00,-1.464134216308593750e+00,-1.007930755615234375e+00,-3.423768281936645508e-02,3.724585533142089844e+00,2.240177392959594727e-01,1.592362590979081727e-01,1.592362590979081727e-01,1.592362590979081727e-01,1.592362590979081727e-01
1.380171537399291992e+00,9.139133095741271973e-01,-1.051788091659545898e+00,2.497869253158569336e+00,-1.413799881935119629e+00,-1.006464481353759766e+00,-9.448122978210449219e-02,3.750422000885009766e+00,2.109299004077911377e-01,1.466829753961141347e-01,1.466829753961141347e-01,1.466829753961141347e-01,1.466829753961141347e-01
1.390997290611267090e+00,9.515430927276611328e-01,-1.050020694732666016e+00,2.518173456192016602e+00,-1.365920305252075195e+00,-1.005691051483154297e+00,-1.567995548248291016e-01,3.775950670242309570e+00,1.991534382104873657e-01,1.345694822447457972e-01,1.345694822447457972e-01,1.345694822447457972e-01,1.345694822447457972e-01
1.399859666824340820e+00,9.871716499328613281e-01,-1.047313451766967773e+00,2.536759138107299805e+00,-1.321242213249206543e+00,-1.006018877029418945e+00,-2.184829711914062500e-01,3.798851966857910156e+00,1.894675195217132568e-01,1.229093869311921328e-01,1.229093869311921328e-01,1.229093869311921328e-01,1.229093869311921328e-01
1.406991004943847656e+00,1.019736647605895996e+00,-1.043742656707763672e+00,2.553465127944946289e+00,-1.280362010002136230e+00,-1.007722496986389160e+00,-2.770902514457702637e-01,3.817664146423339844e+00,1.822907030582427979e-01,1.117156891089389759e-01,1.117156891089389759e-01,1.117156891089389759e-01,1.117156891089389759e-01
1.412550449371337891e+00,1.048581361770629883e+00,-1.039327383041381836e+00,2.568223237991333008e+00,-1.243608474731445312e+00,-1.010884881019592285e+00,-3.310101628303527832e-01,3.832290172576904297e+00,1.774467229843139648e-01,1.010007684955362417e-01,1.010007684955362417e-01,1.010007684955362417e-01,1.010007684955362417e-01
1.228135824203491211e+00,7.270902395248413086e-01,-9.989289045333862305e-01,2.299486398696899414e+00,-1.636834502220153809e+00,-9.754217863082885742e-01,1.621725559234619141e-01,3.684739828109741211e+00,2.660945057868957520e-01,9.077637342102740092e-02,9.077637342102740092e-02,9.077637342102740092e-02,9.077637342102740092e-02
1.246404528617858887e+00,7.632064223289489746e-01,-1.009590387344360352e+00,2.319233179092407227e+00,-1.589362025260925293e+00,-9.702985882759094238e-01,1.188887357711791992e-01,3.711911201477050781e+00,2.618059217929840088e-01,8.105361023318369273e-02,8.105361023318369273e-02,8.105361023318369273e-02,8.105361023318369273e-02
1.261511445045471191e+00,8.044528365135192871e-01,-1.018137693405151367e+00,2.342271804809570312e+00,-1.546687245368957520e+00,-9.653543829917907715e-01,6.597751379013061523e-02,3.746479988098144531e+00,2.556562125682830811e-01,7.184293356476162407e-02,7.184293356476162407e-02,7.184293356476162407e-02,7.184293356476162407e-02
1.274560570716857910e+00,8.486068844795227051e-01,-1.025662779808044434e+00,2.368057012557983398e+00,-1.507486701011657715e+00,-9.612766504287719727e-01,5.889058113098144531e-03,3.783971786499023438e+00,2.491976916790008545e-01,6.315413746686887597e-02,6.315413746686887597e-02,6.315413746686887597e-02,6.315413746686887597e-02
1.286664247512817383e+00,8.940091133117675781e-01,-1.032749891281127930e+00,2.395925045013427734e+00,-1.471105813980102539e+00,-9.585845470428466797e-01,-5.884504318237304688e-02,3.820629119873046875e+00,2.433277517557144165e-01,5.499634741142689354e-02,5.499634741142689354e-02,5.499634741142689354e-02,5.499634741142689354e-02
1.298664093017578125e+00,9.391520023345947266e-01,-1.039675354957580566e+00,2.425299167633056641e+00,-1.437160611152648926e+00,-9.577415585517883301e-01,-1.256187558174133301e-01,3.853418350219726562e+00,2.387327849864959717e-01,4.737801316459505641e-02,4.737801316459505641e-02,4.737801316459505641e-02,4.737801316459505641e-02
1.311185717582702637e+00,9.826098084449768066e-01,-1.046461105346679688e+00,2.455640554428100586e+00,-1.405370712280273438e+00,-9.591693878173828125e-01,-1.917633414268493652e-01,3.880022048950195312e+00,2.358158677816390991e-01,4.030690253193303096e-02,4.030690253193303096e-02,4.030690253193303096e-02,4.030690253193303096e-02
1.324667692184448242e+00,1.023027420043945312e+00,-1.052913904190063477e+00,2.486391782760620117e+00,-1.375441908836364746e+00,-9.632294178009033203e-01,-2.546652555465698242e-01,3.898893356323242188e+00,2.345568835735321045e-01,3.379009597501331230e-02,3.379009597501331230e-02,3.379009597501331230e-02,3.379009597501331230e-02
1.339361190795898438e+00,1.059140324592590332e+00,-1.058664441108703613e+00,2.516924142837524414e+00,-1.346970677375793457e+00,-9.701814651489257812e-01,-3.119351267814636230e-01,3.909685134887695312e+00,2.341863512992858887e-01,2.783398209810195034e-02,2.783398209810195034e-02,2.783398209810195034e-02,2.783398209810195034e-02
1.355292677879333496e+00,1.089875578880310059e+00,-1.063183903694152832e+00,2.546489238739013672e+00,-1.319338083267211914e+00,-9.801069498062133789e-01,-3.618884086608886719e-01,3.912913322448730469e+00,2.334512472152709961e-01,2.244425400250438241e-02,2.244425400250438241e-02,2.244425400250438241e-02,2.244425400250438241e-02
1.165609359741210938e+00,7.018775343894958496e-01,-9.607360363006591797e-01,2.195761919021606445e+00,-1.575737595558166504e+00,-9.322519898414611816e-01,1.797717213630676270e-01,3.666586875915527344e+00,2.674693465232849121e-01,1.762590650509948675e-02,1.762590650509948675e-02,1.762590650509948675e-02,1.762590650509948675e-02
1.175937652587890625e+00,7.441481947898864746e-01,-9.728243350982666016e-01,2.214215755462646484e+00,-1.536913037300109863e+00,-9.225486516952514648e-01,1.300967931747436523e-01,3.709273815155029297e+00,2.674266993999481201e-01,1.338323421661252732e-02,1.338323421661252732e-02,1.338323421661252732e-02,1.338323421661252732e-02
1.185437798500061035e+00,7.901178002357482910e-01,-9.845175743103027344e-01,2.236613035202026367e+00,-1.502769112586975098e+00,-9.142562150955200195e-01,7.336890697479248047e-02,3.755795955657958984e+00,2.663637399673461914e-01,9.719830474132051812e-03,9.719830474132051812e-03,9.719830474132051812e-03,9.719830474132051812e-03
1.194838166236877441e+00,8.378920555114746094e-01,-9.965485930442810059e-01,2.262672185897827148e+00,-1.472288727760314941e+00,-9.078694581985473633e-01,1.149958372116088867e-02,3.802773475646972656e+00,2.654042541980743408e-01,6.638587121420957970e-03,6.638587121420957970e-03,6.638587121420957970e-03,6.638587121420957970e-03
1.205040454864501953e+00,8.861921429634094238e-01,-1.009201884269714355e+00,2.291904449462890625e+00,-1.444989204406738281e+00,-9.037195444107055664e-01,-5.352675914764404297e-02,3.847509384155273438e+00,2.650251984596252441e-01,4.141695129608213843e-03,4.141695129608213843e-03,4.141695129608213843e-03,4.141695129608213843e-03
1.216728329658508301e+00,9.339335560798645020e-01,-1.022521615028381348e+00,2.323902606964111328e+00,-1.420618295669555664e+00,-9.020849466323852539e-01,-1.197347044944763184e-01,3.887879848480224609e+00,2.656350731849670410e-01,2.230646049889428717e-03,2.230646049889428717e-03,2.230646049889428717e-03,2.230646049889428717e-03
1.230406045913696289e+00,9.801179766654968262e-01,-1.036364078521728516e+00,2.358319044113159180e+00,-1.398998379707336426e+00,-9.032232165336608887e-01,-1.851119995117187500e-01,3.922146797180175781e+00,2.675743401050567627e-01,9.062342889703534077e-04,9.062342889703534077e-04,9.062342889703534077e-04,9.062342889703534077e-04
1.246438741683959961e+00,1.023780107498168945e+00,-1.050420999526977539e+00,2.394809007644653320e+00,-1.379904389381408691e+00,-9.073802232742309570e-01,-2.475869059562683105e-01,3.948837280273437500e+00,2.709641158580780029e-01,1.685601970686789741e-04,1.685601970686789741e-04,1.685601970686789741e-04,1.685601970686789741e-04
1.265070438385009766e+00,1.063954830169677734e+00,-1.064230084419250488e+00,2.432971477508544922e+00,-1.362945318222045898e+00,-9.147884845733642578e-01,-3.050897717475891113e-01,3.967119216918945312e+00,2.751775979995727539e-01,1.703395743080093894e-05,1.703395743080093894e-05,1.703395743080093894e-05,1.703395743080093894e-05
1.286392331123352051e+00,1.099702835083007812e+00,-1.077143549919128418e+00,2.472275018692016602e+00,-1.347419381141662598e+00,-9.256434440612792969e-01,-3.559303879737854004e-01,3.976571559906005859e+00,2.788340449333190918e-01,4.503802654653998871e-04,4.503802654653998871e-04,4.503802654653998871e-04,4.503802654653998871e-04
1.104108095169067383e+00,6.708290576934814453e-01,-9.223848581314086914e-01,2.089802742004394531e+00,-1.508462667465209961e+00,-8.896164298057556152e-01,1.945708394050598145e-01,3.610038280487060547e+00,2.749470770359039307e-01,1.466643784773791204e-03,1.466643784773791204e-03,1.466643784773791204e-03,1.466643784773791204e-03
1.109414935111999512e+00,7.147729396820068359e-01,-9.358204603195190430e-01,2.107038021087646484e+00,-1.474825859069824219e+00,-8.774805068969726562e-01,1.441478133201599121e-01,3.656151771545410156e+00,2.792022228240966797e-01,3.063195366555193644e-03,3.063195366555193644e-03,3.063195366555193644e-03,3.063195366555193644e-03
1.115820169448852539e+00,7.608811855316162109e-01,-9.495562314987182617e-01,2.128067493438720703e+00,-1.445030212402343750e+00,-8.677999973297119141e-01,8.948487043380737305e-02,3.704123973846435547e+00,2.823234498500823975e-01,5.236739018101510545e-03,5.236739018101510545e-03,5.236739018101510545e-03,5.236739018101510545e-03
1.123306632041931152e+00,8.079354763031005859e-01,-9.640445709228515625e-01,2.152830362319946289e+00,-1.418529391288757324e+00,-8.607126474380493164e-01,3.147232532501220703e-02,3.752494335174560547e+00,2.851693928241729736e-01,7.983319605337546587e-03,7.983319605337546587e-03,7.983319605337546587e-03,7.983319605337546587e-03
1.132293462753295898e+00,8.552203178405761719e-01,-9.794078469276428223e-01,2.180990695953369141e+00,-1.395154356956481934e+00,-8.562656044960021973e-01,-2.889978885650634766e-02,3.799980163574218750e+00,2.879084348678588867e-01,1.129833127365864609e-02,1.129833127365864609e-02,1.129833127365864609e-02,1.129833127365864609e-02
1.143132448196411133e+00,9.021523594856262207e-01,-9.956381320953369141e-01,2.212285995483398438e+00,-1.374893426895141602e+00,-8.544902205467224121e-01,-9.058511257171630859e-02,3.845512866973876953e+00,2.907014191150665283e-01,1.517652657061796528e-02,1.517652657061796528e-02,1.517652657061796528e-02,1.517652657061796528e-02
1.156112551689147949e+00,9.481998682022094727e-01,-1.012637019157409668e+00,2.246534109115600586e+00,-1.357783436775207520e+00,-8.554212450981140137e-01,-1.524729728698730469e-01,3.888064146041870117e+00,2.938365340232849121e-01,1.961202625335495275e-02,1.961202625335495275e-02,1.961202625335495275e-02,1.961202625335495275e-02
1.171496868133544922e+00,9.928472042083740234e-01,-1.030223011970520020e+00,2.283598423004150391e+00,-1.343831777572631836e+00,-8.591052293777465820e-01,-2.133585214614868164e-01,3.926518917083740234e+00,2.977802753448486328e-01,2.459832976303033547e-02,2.459832976303033547e-02,2.459832976303033547e-02,2.459832976303033547e-02
1.189532876014709473e+00,1.035546898841857910e+00,-1.048132538795471191e+00,2.323347091674804688e+00,-1.332949757575988770e+00,-8.656131625175476074e-01,-2.718668580055236816e-01,3.959609031677246094e+00,3.029498457908630371e-01,3.012832634791923203e-02,3.012832634791923203e-02,3.012832634791923203e-02,3.012832634791923203e-02
1.210448741912841797e+00,1.075685739517211914e+00,-1.066000342369079590e+00,2.365606784820556641e+00,-1.324879050254821777e+00,-8.750475645065307617e-01,-3.264527320861816406e-01,3.986300945281982422e+00,3.089887201786041260e-01,3.619430681624519197e-02,3.619430681624519197e-02,3.619430681624519197e-02,3.619430681624519197e-02
1.051828742027282715e+00,6.388390064239501953e-01,-8.884937167167663574e-01,1.995449542999267578e+00,-1.445950865745544434e+00,-8.532033562660217285e-01,2.071244716644287109e-01,3.531434774398803711e+00,2.841429412364959717e-01,4.278797589928562406e-02,4.278797589928562406e-02,4.278797589928562406e-02,4.278797589928562406e-02
1.054928183555603027e+00,6.815935969352722168e-01,-9.027841091156005859e-01,2.012368917465209961e+00,-1.416184663772583008e+00,-8.408691883087158203e-01,1.593275666236877441e-01,3.574951648712158203e+00,2.914836108684539795e-01,4.990046520478541581e-02,4.990046520478541581e-02,4.990046520478541581e-02,4.990046520478541581e-02
1.060264945030212402e+00,7.255109548568725586e-01,-9.174124002456665039e-01,2.032744884490966797e+00,-1.389582872390747070e+00,-8.316353559494018555e-01,1.091149449348449707e-01,3.620186567306518555e+00,2.973016500473022461e-01,5.752234674019085503e-02,5.752234674019085503e-02,5.752234674019085503e-02,5.752234674019085503e-02
1.067152976989746094e+00,7.699546217918395996e-01,-9.326989650726318359e-01,2.056704521179199219e+00,-1.365930199623107910e+00,-8.253205418586730957e-01,5.659335851669311523e-02,3.666858434677124023e+00,3.024810254573822021e-01,6.564364698480767979e-02,6.564364698480767979e-02,6.564364698480767979e-02,6.564364698480767979e-02
1.075618863105773926e+00,8.146409392356872559e-01,-9.487202763557434082e-01,2.084018945693969727e+00,-1.345218300819396973e+00,-8.217429518699645996e-01,2.114534378051757812e-03,3.714377164840698242e+00,3.071041405200958252e-01,7.425386148952245469e-02,7.425386148952245469e-02,7.425386148952245469e-02,7.425386148952245469e-02
1.085778355598449707e+00,8.593428134918212891e-01,-9.654936194419860840e-01,2.114495754241943359e+00,-1.327494859695434570e+00,-8.207554817199707031e-01,-5.396848917007446289e-02,3.762089729309082031e+00,3.111869990825653076e-01,8.334196998236587106e-02,8.334196998236587106e-02,8.334196998236587106e-02,8.334196998236587106e-02
1.097778081893920898e+00,9.038292169570922852e-01,-9.830035567283630371e-01,2.148008346557617188e+00,-1.312823057174682617e+00,-8.222516179084777832e-01,-1.112183332443237305e-01,3.809332370758056641e+00,3.147979378700256348e-01,9.289645195780399378e-02,9.289645195780399378e-02,9.289645195780399378e-02,9.289645195780399378e-02
1.111799597740173340e+00,9.478431344032287598e-01,-1.001201391220092773e+00,2.184484004974365234e+00,-1.301259040832519531e+00,-8.261650800704956055e-01,-1.690835356712341309e-01,3.855347394943237305e+00,3.181313276290893555e-01,1.029053027273279519e-01,1.029053027273279519e-01,1.029053027273279519e-01,1.029053027273279519e-01
1.128062963485717773e+00,9.910843372344970703e-01,-1.019998669624328613e+00,2.223887205123901367e+00,-1.292833089828491211e+00,-8.324685096740722656e-01,-2.268557548522949219e-01,3.899160861968994141e+00,3.215999901294708252e-01,1.133560499086202489e-01,1.133560499086202489e-01,1.133560499086202489e-01,1.133560499086202489e-01
1.146822333335876465e+00,1.033187389373779297e+00,-1.039256811141967773e+00,2.266198635101318359e+00,-1.287522912025451660e+00,-8.411722183227539062e-01,-2.835626006126403809e-01,3.939552783966064453e+00,3.258932530879974365e-01,1.242357703302704452e-01,1.242357703302704452e-01,1.242357703302704452e-01,1.242357703302704452e-01
1.014260411262512207e+00,6.119858622550964355e-01,-8.631371259689331055e-01,1.924529552459716797e+00,-1.398143172264099121e+00,-8.267552256584167480e-01,2.168550491333007812e-01,3.458214521408081055e+00,2.910224497318267822e-01,1.355311073288134605e-01,1.355311073288134605e-01,1.355311073288134605e-01,1.355311073288134605e-01
1.017283678054809570e+00,6.529343128204345703e-01,-8.780889511108398438e-01,1.942762374877929688e+00,-1.372508525848388672e+00,-8.156903386116027832e-01,1.723967194557189941e-01,3.499867439270019531e+00,2.998082637786865234e-01,1.472282884146130510e-01,1.472282884146130510e-01,1.472282884146130510e-01,1.472282884146130510e-01
1.023077607154846191e+00,6.946156024932861328e-01,-8.932486176490783691e-01,1.964233756065368652e+00,-1.349615812301635742e+00,-8.079768419265747070e-01,1.264468431472778320e-01,3.543771743774414062e+00,3.067373335361480713e-01,1.593131432829714700e-01,1.593131432829714700e-01,1.593131432829714700e-01,1.593131432829714700e-01
1.030573248863220215e+00,7.367823719978332520e-01,-9.088989496231079102e-01,1.989191532135009766e+00,-1.329376101493835449e+00,-8.032304644584655762e-01,7.859313488006591797e-02,3.590017318725585938e+00,3.128156661987304688e-01,1.717711221466576288e-01,1.717711221466576288e-01,1.717711221466576288e-01,1.717711221466576288e-01
1.039583683013916016e+00,7.794187664985656738e-01,-9.251250624656677246e-01,2.017474651336669922e+00,-1.311813592910766602e+00,-8.011346459388732910e-01,2.876257896423339844e-02,3.638298988342285156e+00,3.181341886520385742e-01,1.845873143659566562e-01,1.845873143659566562e-01,1.845873143659566562e-01,1.845873143659566562e-01
1.050107359886169434e+00,8.224767446517944336e-01,-9.419838190078735352e-01,2.048925876617431641e+00,-1.296969056129455566e+00,-8.014563918113708496e-01,-2.302670478820800781e-02,3.688125610351562500e+00,3.226731121540069580e-01,1.977464673522336680e-01,1.977464673522336680e-01,1.977464673522336680e-01,1.977464673522336680e-01
1.062229514122009277e+00,8.658511042594909668e-01,-9.595188498497009277e-01,2.083434104919433594e+00,-1.284887909889221191e+00,-8.040350675582885742e-01,-7.667553424835205078e-02,3.738860607147216797e+00,3.264331519603729248e-01,2.112330057209404477e-01,2.112330057209404477e-01,2.112330057209404477e-01,2.112330057209404477e-01
1.076101660728454590e+00,9.093798995018005371e-01,-9.777554273605346680e-01,2.120932579040527344e+00,-1.275619745254516602e+00,-8.087708353996276855e-01,-1.319281458854675293e-01,3.789783000946044922e+00,3.294807076454162598e-01,2.250310506699874091e-01,2.250310506699874091e-01,2.250310506699874091e-01,2.250310506699874091e-01
1.091931939125061035e+00,9.528416395187377930e-01,-9.966921210289001465e-01,2.161392450332641602e+00,-1.269214868545532227e+00,-8.156160116195678711e-01,-1.883513927459716797e-01,3.840023517608642578e+00,3.320270180702209473e-01,2.391244395593433159e-01,2.391244395593433159e-01,2.391244395593433159e-01,2.391244395593433159e-01
1.109979867935180664e+00,9.959457516670227051e-01,-1.016290307044982910e+00,2.204814195632934570e+00,-1.265715360641479492e+00,-8.245681524276733398e-01,-2.452937364578247070e-01,3.888447284698486328e+00,3.345355987548828125e-01,2.534967456678232089e-01,2.534967456678232089e-01,2.534967456678232089e-01,2.534967456678232089e-01
9.940366744995117188e-01,5.955078601837158203e-01,-8.491075038909912109e-01,1.885423183441162109e+00,-1.371635794639587402e+00,-8.125672340393066406e-01,2.227301597595214844e-01,3.413339138031005859e+00,2.945447266101837158e-01,2.681312981029919662e-01,2.681312981029919662e-01,2.681312981029919662e-01,2.681312981029919662e-01
9.984079003334045410e-01,6.355581283569335938e-01,-8.649188876152038574e-01,1.906759262084960938e+00,-1.350429773330688477e+00,-8.034551143646240234e-01,1.806936860084533691e-01,3.456332921981811523e+00,3.035144209861755371e-01,2.830112018402652918e-01,2.830112018402652918e-01,2.830112018402652918e-01,2.830112018402652918e-01
1.005774497985839844e+00,6.763607263565063477e-01,-8.808636069297790527e-01,1.931274771690368652e+00,-1.331651210784912109e+00,-7.976904511451721191e-01,1.373271942138671875e-01,3.502198696136474609e+00,3.103953599929809570e-01,2.981193578673453359e-01,2.981193578673453359e-01,2.981193578673453359e-01,2.981193578673453359e-01
1.014910101890563965e+00,7.178511023521423340e-01,-8.972313404083251953e-01,1.959290266036987305e+00,-1.315251350402832031e+00,-7.948085069656372070e-01,9.193128347396850586e-02,3.551061868667602539e+00,3.162726163864135742e-01,3.134384834102598161e-01,3.134384834102598161e-01,3.134384834102598161e-01,3.134384834102598161e-01
1.025552988052368164e+00,7.601224780082702637e-01,-9.141277074813842773e-01,1.990684866905212402e+00,-1.301269412040710449e+00,-7.944490313529968262e-01,4.424214363098144531e-02,3.602625846862792969e+00,3.212564587593078613e-01,3.289511322174799579e-01,3.289511322174799579e-01,3.289511322174799579e-01,3.289511322174799579e-01
1.037671923637390137e+00,8.031861782073974609e-01,-9.316380620002746582e-01,2.025319576263427734e+00,-1.289745211601257324e+00,-7.963599562644958496e-01,-5.857169628143310547e-03,3.656357288360595703e+00,3.253252506256103516e-01,3.446397148786876086e-01,3.446397148786876086e-01,3.446397148786876086e-01,3.446397148786876086e-01
1.051347374916076660e+00,8.469635844230651855e-01,-9.498380422592163086e-01,2.063089847564697266e+00,-1.280721068382263184e+00,-8.003771305084228516e-01,-5.837112665176391602e-02,3.711522817611694336e+00,3.284677863121032715e-01,3.604865191550677972e-01,3.604865191550677972e-01,3.604865191550677972e-01,3.604865191550677972e-01
1.066739559173583984e+00,8.912942409515380859e-01,-9.687851667404174805e-01,2.103927612304687500e+00,-1.274247646331787109e+00,-8.064073324203491211e-01,-1.131418943405151367e-01,3.767226696014404297e+00,3.307431638240814209e-01,3.764737302981502887e-01,3.764737302981502887e-01,3.764737302981502887e-01,3.764737302981502887e-01
1.084074616432189941e+00,9.359380602836608887e-01,-9.885095357894897461e-01,2.147798299789428711e+00,-1.270387411117553711e+00,-8.144158720970153809e-01,-1.697736382484436035e-01,3.822420597076416016e+00,3.323514163494110107e-01,3.925834513345234367e-01,3.925834513345234367e-01,3.925834513345234367e-01,3.925834513345234367e-01
1.103635668754577637e+00,9.805664420127868652e-01,-1.009002089500427246e+00,2.194694757461547852e+00,-1.269207954406738281e+00,-8.244173526763916016e-01,-2.276064753532409668e-01,3.875763893127441406e+00,3.337606489658355713e-01,4.087977232939988270e-01,4.087977232939988270e-01,4.087977232939988270e-01,4.087977232939988270e-01
9.924192428588867188e-01,5.933052897453308105e-01,-8.480569720268249512e-01,1.883832216262817383e+00,-1.370084524154663086e+00,-8.120257854461669922e-01,2.232340574264526367e-01,3.410150051116943359e+00,2.949933409690856934e-01,4.250985453591392682e-01,4.250985453591392682e-01,4.250985453591392682e-01,4.250985453591392682e-01
9.991582036018371582e-01,6.342191100120544434e-01,-8.652281761169433594e-01,1.909876227378845215e+00,-1.352921247482299805e+00,-8.049389719963073730e-01,1.815879344940185547e-01,3.458045482635498047e+00,3.033056557178497314e-01,4.414678949143132081e-01,4.414678949143132081e-01,4.414678949143132081e-01,4.414678949143132081e-01
1.009027957916259766e+00,6.761892437934875488e-01,-8.825566172599792480e-01,1.939197659492492676e+00,-1.337942838668823242e+00,-8.011015653610229492e-01,1.382256746292114258e-01,3.509219646453857422e+00,3.093301951885223389e-01,4.578877474728645924e-01,4.578877474728645924e-01,4.578877474728645924e-01,4.578877474728645924e-01
1.020776748657226562e+00,7.191796898841857910e-01,-9.003522396087646484e-01,1.972160696983337402e+00,-1.325124740600585938e+00,-8.000540137290954590e-01,9.234052896499633789e-02,3.563681840896606445e+00,3.141737878322601318e-01,4.743400964612914383e-01,4.743400964612914383e-01,4.743400964612914383e-01,4.743400964612914383e-01
1.034153342247009277e+00,7.632814049720764160e-01,-9.187378287315368652e-01,2.008663177490234375e+00,-1.314526081085205078e+00,-8.014498353004455566e-01,4.360783100128173828e-02,3.620963096618652344e+00,3.179489970207214355e-01,4.908069728397078113e-01,4.908069728397078113e-01,4.908069728397078113e-01,4.908069728397078113e-01
1.049153208732604980e+00,8.084728121757507324e-01,-9.378120899200439453e-01,2.048573017120361328e+00,-1.306204319000244141e+00,-8.050588369369506836e-01,-8.107125759124755859e-03,3.680278301239013672e+00,3.206528127193450928e-01,5.072704645383255828e-01,5.072704645383255828e-01,5.072704645383255828e-01,5.072704645383255828e-01
1.065893530845642090e+00,8.546125888824462891e-01,-9.576579928398132324e-01,2.091785192489624023e+00,-1.300221323966979980e+00,-8.107435703277587891e-01,-6.277400255203247070e-02,3.740556478500366211e+00,3.223311603069305420e-01,5.237127356900135311e-01,5.237127356900135311e-01,5.237127356900135311e-01,5.237127356900135311e-01
1.084581017494201660e+00,9.014464020729064941e-01,-9.783319830894470215e-01,2.138223409652709961e+00,-1.296650648117065430e+00,-8.184416890144348145e-01,-1.200977563858032227e-01,3.800490617752075195e+00,3.231609165668487549e-01,5.401160456395127651e-01,5.401160456395127651e-01,5.401160456395127651e-01,5.401160456395127651e-01
1.105497479438781738e+00,9.486028552055358887e-01,-9.998512268066406250e-01,2.187838315963745117e+00,-1.295576810836791992e+00,-8.281509280204772949e-01,-1.794360280036926270e-01,3.858488082885742188e+00,3.235684335231781006e-01,5.564627677102974568e-01,5.564627677102974568e-01,5.564627677102974568e-01,5.564627677102974568e-01
1.128993988037109375e+00,9.955762028694152832e-01,-1.022177934646606445e+00,2.240596771240234375e+00,-1.297080278396606445e+00,-8.399189710617065430e-01,-2.397184967994689941e-01,3.912483215332031250e+00,3.244032561779022217e-01,5.727354077105436536e-01,5.727354077105436536e-01,5.727354077105436536e-01,5.727354077105436536e-01
1.011574983596801758e+00,6.072985529899597168e-01,-8.616459369659423828e-01,1.923420667648315430e+00,-1.395451307296752930e+00,-8.256138563156127930e-01,2.177509069442749023e-01,3.453255176544189453e+00,2.917978167533874512e-01,5.889166221601549456e-01,5.889166221601549456e-01,5.889166221601549456e-01,5.889166221601549456e-01
1.021673321723937988e+00,6.513924598693847656e-01,-8.807895779609680176e-01,1.955619454383850098e+00,-1.381369829177856445e+00,-8.202227354049682617e-01,1.736797094345092773e-01,3.509034633636474609e+00,2.985812723636627197e-01,6.049892362212958563e-01,6.049892362212958563e-01,6.049892362212958563e-01,6.049892362212958563e-01
1.035047292709350586e+00,6.969299316406250000e-01,-9.001815319061279297e-01,1.991374611854553223e+00,-1.369313240051269531e+00,-8.180400133132934570e-01,1.270931959152221680e-01,3.567943572998046875e+00,3.028725981712341309e-01,6.209362613153984745e-01,6.209362613153984745e-01,6.209362613153984745e-01,6.209362613153984745e-01
1.050526857376098633e+00,7.437889575958251953e-01,-9.201439023017883301e-01,2.031038999557495117e+00,-1.359294056892395020e+00,-8.186514377593994141e-01,7.721996307373046875e-02,3.629678249359130859e+00,3.057315647602081299e-01,6.367409124101003348e-01,6.367409124101003348e-01,6.367409124101003348e-01,6.367409124101003348e-01
1.067929148674011230e+00,7.919397354125976562e-01,-9.408044815063476562e-01,2.074493646621704102e+00,-1.351401567459106445e+00,-8.217527270317077637e-01,2.381515502929687500e-02,3.693272113800048828e+00,3.073160648345947266e-01,6.523866249601659728e-01,6.523866249601659728e-01,6.523866249601659728e-01,6.523866249601659728e-01
1.087321281433105469e+00,8.412008285522460938e-01,-9.622537493705749512e-01,2.121585607528686523e+00,-1.345725655555725098e+00,-8.271562457084655762e-01,-3.308779001235961914e-02,3.757277250289916992e+00,3.077658116817474365e-01,6.678570714869408453e-01,6.678570714869408453e-01,6.678570714869408453e-01,6.678570714869408453e-01
1.108903646469116211e+00,8.912220001220703125e-01,-9.845476150512695312e-01,2.172176122665405273e+00,-1.342358469963073730e+00,-8.347679376602172852e-01,-9.308362007141113281e-02,3.819839477539062500e+00,3.073969781398773193e-01,6.831361777814592973e-01,6.831361777814592973e-01,6.831361777814592973e-01,6.831361777814592973e-01
1.132977366447448730e+00,9.414768815040588379e-01,-1.007691502571105957e+00,2.226143360137939453e+00,-1.341388702392578125e+00,-8.445685505867004395e-01,-1.552546024322509766e-01,3.878679752349853516e+00,3.068572282791137695e-01,6.982081387169138953e-01,6.982081387169138953e-01,6.982081387169138953e-01,6.982081387169138953e-01
1.159934878349304199e+00,9.912389516830444336e-01,-1.031619191169738770e+00,2.283366918563842773e+00,-1.342875003814697266e+00,-8.565970063209533691e-01,-2.180438637733459473e-01,3.930879592895507812e+00,3.072941005229949951e-01,7.130574336567639948e-01,7.130574336567639948e-01,7.130574336567639948e-01,7.130574336567639948e-01
1.190262794494628906e+00,1.039528369903564453e+00,-1.056161999702453613e+00,2.343673706054687500e+00,-1.346779704093933105e+00,-8.709498047828674316e-01,-2.790204882621765137e-01,3.972764730453491211e+00,3.098759949207305908e-01,7.276688414453124087e-01,7.276688414453124087e-01,7.276688414453124087e-01,7.276688414453124087e-01
1.052643060684204102e+00,6.354205608367919922e-01,-8.902328610420227051e-01,2.002021789550781250e+00,-1.446873664855957031e+00,-8.526127338409423828e-01,2.078165411949157715e-01,3.532765388488769531e+00,2.842579483985900879e-01,7.420274549682286391e-01,7.420274549682286391e-01,7.420274549682286391e-01,7.420274549682286391e-01
1.067291736602783203e+00,6.841831803321838379e-01,-9.115942716598510742e-01,2.041335344314575195e+00,-1.434958457946777344e+00,-8.487792015075683594e-01,1.591014266014099121e-01,3.596567153930664062e+00,2.883392572402954102e-01,7.561186952710667875e-01,7.561186952710667875e-01,7.561186952710667875e-01,7.561186952710667875e-01
1.085298061370849609e+00,7.345703244209289551e-01,-9.332540631294250488e-01,2.084600210189819336e+00,-1.425030946731567383e+00,-8.482145071029663086e-01,1.069017648696899414e-01,3.662030220031738281e+00,2.898183763027191162e-01,7.699283252244220055e-01,7.699283252244220055e-01,7.699283252244220055e-01,7.699283252244220055e-01
1.105719208717346191e+00,7.862195968627929688e-01,-9.555274248123168945e-01,2.132042884826660156e+00,-1.417098402976989746e+00,-8.505600690841674805e-01,5.073857307434082031e-02,3.728019237518310547e+00,2.897364795207977295e-01,7.834424627249916284e-01,7.834424627249916284e-01,7.834424627249916284e-01,7.834424627249916284e-01
1.128514647483825684e+00,8.387961983680725098e-01,-9.785253405570983887e-01,2.183454036712646484e+00,-1.411233901977539062e+00,-8.555573821067810059e-01,-9.214401245117187500e-03,3.792424201965332031e+00,2.885177433490753174e-01,7.966475934224535038e-01,7.966475934224535038e-01,7.966475934224535038e-01,7.966475934224535038e-01
1.153884053230285645e+00,8.917450904846191406e-01,-1.002289295196533203e+00,2.238579034805297852e+00,-1.407494187355041504e+00,-8.630593419075012207e-01,-7.215994596481323242e-02,3.852491378784179688e+00,2.867714166641235352e-01,8.095305829626349148e-01,8.095305829626349148e-01,8.095305829626349148e-01,8.095305829626349148e-01
1.182164311408996582e+00,9.442473649978637695e-01,-1.026783347129821777e+00,2.297147989273071289e+00,-1.405885934829711914e+00,-8.730074763298034668e-01,-1.365475058555603027e-01,3.904895544052124023e+00,2.854852378368377686e-01,8.220786887381059671e-01,8.220786887381059671e-01,8.220786887381059671e-01,8.220786887381059671e-01
1.213824987411499023e+00,9.951671957969665527e-01,-1.051856756210327148e+00,2.358818292617797852e+00,-1.406291365623474121e+00,-8.854265213012695312e-01,-1.999076604843139648e-01,3.945527076721191406e+00,2.855451405048370361e-01,8.342795711379482615e-01,8.342795711379482615e-01,8.342795711379482615e-01,8.342795711379482615e-01
1.249414563179016113e+00,1.042974233627319336e+00,-1.077215194702148438e+00,2.423093557357788086e+00,-1.408325195312500000e+00,-9.004114866256713867e-01,-2.587419152259826660e-01,3.969630718231201172e+00,2.868341505527496338e-01,8.461213042890869396e-01,8.461213042890869396e-01,8.461213042890869396e-01,8.461213042890869396e-01
1.289495110511779785e+00,1.085672616958618164e+00,-1.102367401123046875e+00,2.489210844039916992e+00,-1.411108255386352539e+00,-9.180920124053955078e-01,-3.085423707962036133e-01,3.972989082336425781e+00,2.871889770030975342e-01,8.575923862821650534e-01,8.575923862821650534e-01,8.575923862821650534e-01,8.575923862821650534e-01
1.111074090003967285e+00,6.708115935325622559e-01,-9.301657676696777344e-01,2.107600450515747070e+00,-1.517472863197326660e+00,-8.902298212051391602e-01,1.956617236137390137e-01,3.618673324584960938e+00,2.746082246303558350e-01,8.686817488756262140e-01,8.686817488756262140e-01,8.686817488756262140e-01,8.686817488756262140e-01
1.131670594215393066e+00,7.226214408874511719e-01,-9.533503651618957520e-01,2.153576612472534180e+00,-1.506843328475952148e+00,-8.885053396224975586e-01,1.432200074195861816e-01,3.683447122573852539e+00,2.752088606357574463e-01,8.793787666722148177e-01,8.793787666722148177e-01,8.793787666722148177e-01,8.793787666722148177e-01
1.155444741249084473e+00,7.757939696311950684e-01,-9.766571521759033203e-01,2.203810691833496094e+00,-1.498222708702087402e+00,-8.900257349014282227e-01,8.661794662475585938e-02,3.746284484863281250e+00,2.734594941139221191e-01,8.896732657628303453e-01,8.896732657628303453e-01,8.896732657628303453e-01,8.896732657628303453e-01
1.181866765022277832e+00,8.294665813446044922e-01,-1.000392913818359375e+00,2.258240222930908203e+00,-1.491358280181884766e+00,-8.944855332374572754e-01,2.617949247360229492e-02,3.804452419281005859e+00,2.706158757209777832e-01,8.995555318331994732e-01,8.995555318331994732e-01,8.995555318331994732e-01,8.995555318331994732e-01
1.211150050163269043e+00,8.827469348907470703e-01,-1.024615168571472168e+00,2.316401481628417969e+00,-1.486032247543334961e+00,-9.016556143760681152e-01,-3.673434257507324219e-02,3.854362010955810547e+00,2.673274874687194824e-01,9.090163177295123020e-01,9.090163177295123020e-01,9.090163177295123020e-01,9.090163177295123020e-01
1.243707656860351562e+00,9.344074726104736328e-01,-1.049236536026000977e+00,2.377702951431274414e+00,-1.481892228126525879e+00,-9.114164710044860840e-01,-9.968829154968261719e-02,3.891642332077026367e+00,2.640202939510345459e-01,9.180468504797767437e-01,9.180468504797767437e-01,9.180468504797767437e-01,9.180468504797767437e-01
1.280019283294677734e+00,9.827920794486999512e-01,-1.074024438858032227e+00,2.441380262374877930e+00,-1.478279113769531250e+00,-9.237296581268310547e-01,-1.589965224266052246e-01,3.911399364471435547e+00,2.607149183750152588e-01,9.266388377682170940e-01,9.266388377682170940e-01,9.266388377682170940e-01,9.266388377682170940e-01
1.320558786392211914e+00,1.025748014450073242e+00,-1.098575115203857422e+00,2.506361484527587891e+00,-1.473999619483947754e+00,-9.385820627212524414e-01,-2.099307179450988770e-01,3.908574581146240234e+00,2.563832104206085205e-01,9.347844738607269388e-01,9.347844738607269388e-01,9.347844738607269388e-01,9.347844738607269388e-01
1.365689873695373535e+00,1.060576558113098145e+00,-1.122303366661071777e+00,2.571065187454223633e+00,-1.467020750045776367e+00,-9.558781385421752930e-01,-2.471761703491210938e-01,3.879330158233642578e+00,2.482925951480865479e-01,9.424764449799127863e-01,9.424764449799127863e-01,9.424764449799127863e-01,9.424764449799127863e-01
1.415481448173522949e+00,1.084085941314697266e+00,-1.144462585449218750e+00,2.633131980895996094e+00,-1.454101681709289551e+00,-9.752264022827148438e-01,-2.656579017639160156e-01,3.821729421615600586e+00,2.331671118736267090e-01,9.497079341289221821e-01,9.497079341289221821e-01,9.497079341289221821e-01,9.497079341289221821e-01
1.179358839988708496e+00,7.066890001296997070e-01,-9.760760068893432617e-01,2.226541996002197266e+00,-1.596449851989746094e+00,-9.346651434898376465e-01,1.796175837516784668e-01,3.678406000137329102e+00,2.683926224708557129e-01,9.564726253638138331e-01,9.564726253638138331e-01,9.564726253638138331e-01,9.564726253638138331e-01
1.207546830177307129e+00,7.568399906158447266e-01,-1.000684142112731934e+00,2.276970386505126953e+00,-1.584231972694396973e+00,-9.355428218841552734e-01,1.277605295181274414e-01,3.728998899459838867e+00,2.662065029144287109e-01,9.627647075148089151e-01,9.627647075148089151e-01,9.627647075148089151e-01,9.627647075148089151e-01
1.238357543945312500e+00,8.075768947601318359e-01,-1.024779558181762695e+00,2.331595420837402344e+00,-1.573650360107421875e+00,-9.393030405044555664e-01,7.188802957534790039e-02,3.772469758987426758e+00,2.615858018398284912e-01,9.685788773573715815e-01,9.685788773573715815e-01,9.685788773573715815e-01,9.685788773573715815e-01
1.271815180778503418e+00,8.571870326995849609e-01,-1.048654198646545410e+00,2.389764070510864258e+00,-1.563610911369323730e+00,-9.457051753997802734e-01,1.438343524932861328e-02,3.804437875747680664e+00,2.553721964359283447e-01,9.739103422345967154e-01,9.739103422345967154e-01,9.739103422345967154e-01,9.739103422345967154e-01
1.308391690254211426e+00,9.039304256439208984e-01,-1.072278261184692383e+00,2.450363159179687500e+00,-1.552918910980224609e+00,-9.545116424560546875e-01,-4.120898246765136719e-02,3.820103883743286133e+00,2.476840615272521973e-01,9.787548221329808174e-01,9.787548221329808174e-01,9.787548221329808174e-01,9.787548221329808174e-01
1.348503470420837402e+00,9.457015991210937500e-01,-1.095440626144409180e+00,2.511970758438110352e+00,-1.539940714836120605e+00,-9.654794931411743164e-01,-9.039956331253051758e-02,3.814798831939697266e+00,2.381007224321365356e-01,9.831085512141740645e-01,9.831085512141740645e-01,9.831085512141740645e-01,9.831085512141740645e-01
1.392395615577697754e+00,9.799812436103820801e-01,-1.117784023284912109e+00,2.572677135467529297e+00,-1.522350311279296875e+00,-9.782457947731018066e-01,-1.280324459075927734e-01,3.784855365753173828e+00,2.255232036113739014e-01,9.869682788058889988e-01,9.869682788058889988e-01,9.869682788058889988e-01,9.869682788058889988e-01
1.440001487731933594e+00,1.003911852836608887e+00,-1.138882994651794434e+00,2.629833936691284180e+00,-1.496930837631225586e+00,-9.921087026596069336e-01,-1.489935517311096191e-01,3.729125976562500000e+00,2.086122483015060425e-01,9.903312698556432370e-01,9.903312698556432370e-01,9.903312698556432370e-01,9.903312698556432370e-01
1.490758895874023438e+00,1.014706611633300781e+00,-1.158379316329956055e+00,2.679827213287353516e+00,-1.459837079048156738e+00,-1.005669236183166504e+00,-1.498787999153137207e-01,3.651465892791748047e+00,1.874446272850036621e-01,9.931953048515560489e-01,9.931953048515560489e-01,9.931953048515560489e-01,9.931953048515560489e-01
1.543400526046752930e+00,1.011223316192626953e+00,-1.176042795181274414e+00,2.718403339385986328e+00,-1.408758044242858887e+00,-1.016422986984252930e+00,-1.303658485412597656e-01,3.561124324798583984e+00,1.633972525596618652e-01,9.955586792149309083e-01,9.955586792149309083e-01,9.955586792149309083e-01,9.955586792149309083e-01
1.251043915748596191e+00,7.379538416862487793e-01,-1.023883819580078125e+00,2.348125696182250977e+00,-1.672408461570739746e+00,-9.820880889892578125e-01,1.561402082443237305e-01,3.691685438156127930e+00,2.694419026374816895e-01,9.974202021698518328e-01,9.974202021698518328e-01,9.974202021698518328e-01,9.974202021698518328e-01
1.288690447807312012e+00,7.798579335212707520e-01,-1.049856662750244141e+00,2.399200916290283203e+00,-1.651785016059875488e+00,-9.853286743164062500e-01,1.132168173789978027e-01,3.709027767181396484e+00,2.639252841472625732e-01,9.987791950955147158e-01,9.987791950955147158e-01,9.987791950955147158e-01,9.987791950955147158e-01
1.327914595603942871e+00,8.209499120712280273e-01,-1.073957443237304688e+00,2.453485965728759766e+00,-1.630988478660583496e+00,-9.904559850692749023e-01,6.900680065155029297e-02,3.714512348175048828e+00,2.545928657054901123e-01,9.996354893674971320e-01,9.996354893674971320e-01,9.996354893674971320e-01,9.996354893674971320e-01
1.369094967842102051e+00,8.585847616195678711e-01,-1.096551895141601562e+00,2.509264230728149414e+00,-1.607250809669494629e+00,-9.971276521682739258e-01,2.794170379638671875e-02,3.703279018402099609e+00,2.420315742492675781e-01,9.999894236946309523e-01,9.999894236946309523e-01,9.999894236946309523e-01,9.999894236946309523e-01
1.412624359130859375e+00,8.903648257255554199e-01,-1.117670416831970215e+00,2.564186811447143555e+00,-1.577694296836853027e+00,-1.004740595817565918e+00,-5.063533782958984375e-03,3.672040939331054688e+00,2.261507213115692139e-01,9.998418409586025124e-01,9.998418409586025124e-01,9.998418409586025124e-01,9.998418409586025124e-01
1.458458423614501953e+00,9.139028787612915039e-01,-1.137265086174011230e+00,2.615307569503784180e+00,-1.539073586463928223e+00,-1.012325882911682129e+00,-2.557438611984252930e-02,3.620664119720458984e+00,2.071839570999145508e-01,9.991940845638407342e-01,9.991940845638407342e-01,9.991940845638407342e-01,9.991940845638407342e-01
1.506047368049621582e+00,9.274702072143554688e-01,-1.155268549919128418e+00,2.659046888351440430e+00,-1.488671422004699707e+00,-1.018327116966247559e+00,-3.110343217849731445e-02,3.553876399993896484e+00,1.859980821609497070e-01,9.980479943056861369e-01,9.980479943056861369e-01,9.980479943056861369e-01,9.980479943056861369e-01
1.554182052612304688e+00,9.309726357460021973e-01,-1.171627879142761230e+00,2.691684484481811523e+00,-1.426174879074096680e+00,-1.020559310913085938e+00,-2.195841073989868164e-02,3.480832338333129883e+00,1.631898134946823120e-01,9.964059017652473482e-01,9.964059017652473482e-01,9.964059017652473482e-01,9.964059017652473482e-01
1.600851058959960938e+00,9.257311224937438965e-01,-1.186437726020812988e+00,2.710171461105346680e+00,-1.354530811309814453e+00,-1.016742944717407227e+00,-1.061558723449707031e-03,3.412434577941894531e+00,1.392153203487396240e-01,9.942706252397508493e-01,9.942706252397508493e-01,9.942706252397508493e-01,9.942706252397508493e-01
1.643527507781982422e+00,9.138296246528625488e-01,-1.199752211570739746e+00,2.713049888610839844e+00,-1.280089616775512695e+00,-1.005540251731872559e+00,2.871161699295043945e-02,3.355951070785522461e+00,1.152085661888122559e-01,9.916454642175815959e-01,9.916454642175815959e-01,9.916454642175815959e-01,9.916454642175815959e-01
1.320679903030395508e+00,7.604905962944030762e-01,-1.070109248161315918e+00,2.461892604827880859e+00,-1.734624624252319336e+00,-1.028639078140258789e+00,1.302616000175476074e-01,3.653408765792846680e+00,2.750851809978485107e-01,9.885341934075795312e-01,9.885341934075795312e-01,9.885341934075795312e-01,9.885341934075795312e-01
1.369176506996154785e+00,7.867038846015930176e-01,-1.097263336181640625e+00,2.508666753768920898e+00,-1.694937348365783691e+00,-1.033473730087280273e+00,1.084554195404052734e-01,3.619977474212646484e+00,2.657971382141113281e-01,9.849410563325251555e-01,9.849410563325251555e-01,9.849410563325251555e-01,9.849410563325251555e-01
1.417273402214050293e+00,8.102202415466308594e-01,-1.120422601699829102e+00,2.555980682373046875e+00,-1.650733113288879395e+00,-1.037841320037841797e+00,8.969503641128540039e-02,3.573818206787109375e+00,2.509204745292663574e-01,9.808707584970737248e-01,9.808707584970737248e-01,9.808707584970737248e-01,9.808707584970737248e-01
1.465376257896423340e+00,8.284922838211059570e-01,-1.140244364738464355e+00,2.600350379943847656e+00,-1.597495317459106445e+00,-1.040700078010559082e+00,7.836747169494628906e-02,3.514860153198242188e+00,2.319726049900054932e-01,9.763284601407582475e-01,9.763284601407582475e-01,9.763284601407582475e-01,9.763284601407582475e-01
1.513276457786560059e+00,8.404998779296875000e-01,-1.157159328460693359e+00,2.637845516204833984e+00,-1.532570481300354004e+00,-1.040415406227111816e+00,7.630097866058349609e-02,3.448802947998046875e+00,2.102021276950836182e-01,9.713197685869559006e-01,9.713197685869559006e-01,9.713197685869559006e-01,9.713197685869559006e-01
1.559951305389404297e+00,8.470073938369750977e-01,-1.171537399291992188e+00,2.664785861968994141e+00,-1.456669330596923828e+00,-1.035084247589111328e+00,8.243352174758911133e-02,3.385478973388671875e+00,1.857090294361114502e-01,9.658507301990512106e-01,9.658507301990512106e-01,9.658507301990512106e-01,9.658507301990512106e-01
1.603592514991760254e+00,8.495029807090759277e-01,-1.183803677558898926e+00,2.678531646728515625e+00,-1.373982906341552734e+00,-1.023351669311523438e+00,9.361469745635986328e-02,3.334775686264038086e+00,1.582181602716445923e-01,9.599278219552911384e-01,9.599278219552911384e-01,9.599278219552911384e-01,9.599278219552911384e-01
1.642039418220520020e+00,8.490346670150756836e-01,-1.194190025329589844e+00,2.678211927413940430e+00,-1.291674256324768066e+00,-1.005336284637451172e+00,1.077754497528076172e-01,3.301025629043579102e+00,1.290108561515808105e-01,9.535579426540990999e-01,9.535579426540990999e-01,9.535579426540990999e-01,9.535579426540990999e-01
1.673274755477905273e+00,8.457778692245483398e-01,-1.202612400054931641e+00,2.665160417556762695e+00,-1.217529416084289551e+00,-9.828840494155883789e-01,1.252959370613098145e-01,3.282041072845458984e+00,1.020466163754463196e-01,9.467484037618807413e-01,9.467484037618807413e-01,9.467484037618807413e-01,9.467484037618807413e-01
1.695992469787597656e+00,8.397292494773864746e-01,-1.208873510360717773e+00,2.642564773559570312e+00,-1.156846880912780762e+00,-9.587560892105102539e-01,1.459245681762695312e-01,3.273964881896972656e+00,8.044262230396270752e-02,9.395069199155778872e-01,9.395069199155778872e-01,9.395069199155778872e-01,9.395069199155778872e-01
1.382057785987854004e+00,7.725540995597839355e-01,-1.109980225563049316e+00,2.556905508041381836e+00,-1.775575757026672363e+00,-1.070499420166015625e+00,1.105893850326538086e-01,3.577154636383056641e+00,2.829818129539489746e-01,9.318415990924742154e-01,9.318415990924742154e-01,9.318415990924742154e-01,9.318415990924742154e-01
1.440977334976196289e+00,7.770063877105712891e-01,-1.137098670005798340e+00,2.594508886337280273e+00,-1.705929756164550781e+00,-1.076219439506530762e+00,1.189922094345092773e-01,3.484899282455444336e+00,2.721374332904815674e-01,9.237609324599217464e-01,9.237609324599217464e-01,9.237609324599217464e-01,9.237609324599217464e-01
1.496458411216735840e+00,7.775405049324035645e-01,-1.157668948173522949e+00,2.627731323242187500e+00,-1.625540971755981445e+00,-1.076907634735107422e+00,1.326335072517395020e-01,3.390535831451416016e+00,2.560640871524810791e-01,9.152737839179156953e-01,9.152737839179156953e-01,9.152737839179156953e-01,9.152737839179156953e-01
1.548646807670593262e+00,7.759062647819519043e-01,-1.172803282737731934e+00,2.651430368423461914e+00,-1.532995939254760742e+00,-1.070077657699584961e+00,1.505956053733825684e-01,3.306435585021972656e+00,2.344745099544525146e-01,9.063893793475490401e-01,9.063893793475490401e-01,9.063893793475490401e-01,9.063893793475490401e-01
1.596040010452270508e+00,7.753561139106750488e-01,-1.183700442314147949e+00,2.662065982818603516e+00,-1.432353734970092773e+00,-1.054057598114013672e+00,1.682919263839721680e-01,3.246369838714599609e+00,2.053737640380859375e-01,8.971172955786058667e-01,8.971172955786058667e-01,8.971172955786058667e-01,8.971172955786058667e-01
1.636444211006164551e+00,7.779622673988342285e-01,-1.191334605216979980e+00,2.658392667770385742e+00,-1.331903219223022461e+00,-1.029490470886230469e+00,1.808397769927978516e-01,3.217509269714355469e+00,1.688868999481201172e-01,8.874674490896474754e-01,8.874674490896474754e-01,8.874674490896474754e-01,8.874674490896474754e-01
1.667769312858581543e+00,7.828249335289001465e-01,-1.196119904518127441e+00,2.641877651214599609e+00,-1.241516470909118652e+00,-9.997600317001342773e-01,1.888850331306457520e-01,3.214427471160888672e+00,1.310991793870925903e-01,8.774500844541186506e-01,8.774500844541186506e-01,8.774500844541186506e-01,8.774500844541186506e-01
1.688795089721679688e+00,7.875313758850097656e-01,-1.198164939880371094e+00,2.616167068481445312e+00,-1.168082237243652344e+00,-9.693473577499389648e-01,1.956402063369750977e-01,3.226527214050292969e+00,9.885257482528686523e-02,8.670757625460917550e-01,8.670757625460917550e-01,8.670757625460917550e-01,8.670757625460917550e-01
1.699622750282287598e+00,7.902685403823852539e-01,-1.197648406028747559e+00,2.585712432861328125e+00,-1.113542556762695312e+00,-9.418230056762695312e-01,2.025155425071716309e-01,3.245873451232910156e+00,7.497330009937286377e-02,8.563553485193673431e-01,8.563553485193673431e-01,8.563553485193673431e-01,8.563553485193673431e-01
1.701548814773559570e+00,7.908105254173278809e-01,-1.194772005081176758e+00,2.554488420486450195e+00,-1.076174855232238770e+00,-9.190102815628051758e-01,2.087917327880859375e-01,3.268451690673828125e+00,5.898950248956680298e-02,8.452999995737638939e-01,8.452999995737638939e-01,8.452999995737638939e-01,8.452999995737638939e-01
1.428307056427001953e+00,7.754214406013488770e-01,-1.137702107429504395e+00,2.623592138290405273e+00,-1.794601917266845703e+00,-1.104066729545593262e+00,1.007462143898010254e-01,3.493320465087890625e+00,2.919671833515167236e-01,8.339211525224606847e-01,8.339211525224606847e-01,8.339211525224606847e-01,8.339211525224606847e-01
1.494874119758605957e+00,7.566328048706054688e-01,-1.162439227104187012e+00,2.649074077606201172e+00,-1.690292716026306152e+00,-1.110677957534790039e+00,1.380722820758819580e-01,3.352224826812744141e+00,2.850445210933685303e-01,8.222305111743519745e-01,8.222305111743519745e-01,8.222305111743519745e-01,8.222305111743519745e-01
1.554554700851440430e+00,7.364107966423034668e-01,-1.178124189376831055e+00,2.664165019989013672e+00,-1.572252273559570312e+00,-1.105724334716796875e+00,1.774930655956268311e-01,3.231785297393798828e+00,2.701793611049652100e-01,8.102400335453796565e-01,8.102400335453796565e-01,8.102400335453796565e-01,8.102400335453796565e-01
1.606619834899902344e+00,7.229052186012268066e-01,-1.186900377273559570e+00,2.663734674453735352e+00,-1.446427345275878906e+00,-1.085944771766662598e+00,2.113700509071350098e-01,3.153539180755615234e+00,2.404537498950958252e-01,7.979619189128748236e-01,7.979619189128748236e-01,7.979619189128748236e-01,7.979619189128748236e-01
1.648308634757995605e+00,7.205985188484191895e-01,-1.190640449523925781e+00,2.647038221359252930e+00,-1.324407696723937988e+00,-1.052988886833190918e+00,2.312530875205993652e-01,3.127654790878295898e+00,1.959720253944396973e-01,7.854085947269129342e-01,7.854085947269129342e-01,7.854085947269129342e-01,7.854085947269129342e-01
1.677177667617797852e+00,7.275719642639160156e-01,-1.190073847770690918e+00,2.617336034774780273e+00,-1.219292283058166504e+00,-1.013423442840576172e+00,2.382141947746276855e-01,3.141933202743530273e+00,1.474691033363342285e-01,7.725927033927201260e-01,7.725927033927201260e-01,7.725927033927201260e-01,7.725927033927201260e-01
1.692254781723022461e+00,7.385603189468383789e-01,-1.185612201690673828e+00,2.580385208129882812e+00,-1.138402819633483887e+00,-9.748280048370361328e-01,2.379429936408996582e-01,3.176834106445312500e+00,1.061963438987731934e-01,7.595270889381253721e-01,7.595270889381253721e-01,7.595270889381253721e-01,7.595270889381253721e-01
1.694645166397094727e+00,7.494611740112304688e-01,-1.177994966506958008e+00,2.541910409927368164e+00,-1.081770539283752441e+00,-9.420884847640991211e-01,2.336408495903015137e-01,3.219578742980957031e+00,7.632565498352050781e-02,7.462247835800532858e-01,7.462247835800532858e-01,7.462247835800532858e-01,7.462247835800532858e-01
1.686940073966979980e+00,7.591344118118286133e-01,-1.167900204658508301e+00,2.506150007247924805e+00,-1.045485019683837891e+00,-9.167875051498413086e-01,2.255117297172546387e-01,3.264821767807006836e+00,5.715851858258247375e-02,7.326989942039844328e-01,7.326989942039844328e-01,7.326989942039844328e-01,7.326989942039844328e-01
1.672138094902038574e+00,7.686733603477478027e-01,-1.155816435813903809e+00,2.475686311721801758e+00,-1.024629473686218262e+00,-8.984317779541015625e-01,2.120773196220397949e-01,3.311619281768798828e+00,4.638382419943809509e-02,7.189630887702582740e-01,7.189630887702582740e-01,7.189630887702582740e-01,7.189630887702582740e-01
1.453935980796813965e+00,7.730956077575683594e-01,-1.149382472038269043e+00,2.656547784805297852e+00,-1.797197818756103516e+00,-1.125776171684265137e+00,9.791266918182373047e-02,3.436163902282714844e+00,2.990450561046600342e-01,7.050305826610497872e-01,7.050305826610497872e-01,7.050305826610497872e-01,7.050305826610497872e-01
1.523661494255065918e+00,7.367219328880310059e-01,-1.169300079345703125e+00,2.670588254928588867e+00,-1.664732217788696289e+00,-1.134105205535888672e+00,1.530119776725769043e-01,3.268061637878417969e+00,2.963375747203826904e-01,6.909151249817451212e-01,6.909151249817451212e-01,6.909151249817451212e-01,6.909151249817451212e-01
1.583499789237976074e+00,7.039311528205871582e-01,-1.178479313850402832e+00,2.669433355331420898e+00,-1.519297838211059570e+00,-1.124781012535095215e+00,2.043016254901885986e-01,3.142335653305053711e+00,2.778126597404479980e-01,6.766304848303257291e-01,6.766304848303257291e-01,6.766304848303257291e-01,6.766304848303257291e-01
1.631763935089111328e+00,6.867810487747192383e-01,-1.180196166038513184e+00,2.649213552474975586e+00,-1.373059272766113281e+00,-1.095056176185607910e+00,2.392084896564483643e-01,3.084296464920043945e+00,2.359161078929901123e-01,6.621905375483345679e-01,6.621905375483345679e-01,6.621905375483345679e-01,6.621905375483345679e-01
1.665131449699401855e+00,6.878179311752319336e-01,-1.176181674003601074e+00,2.612639427185058594e+00,-1.242905855178833008e+00,-1.051210284233093262e+00,2.523847222328186035e-01,3.091083049774169922e+00,1.795551031827926636e-01,6.476092509668043284e-01,6.476092509668043284e-01,6.476092509668043284e-01,6.476092509668043284e-01
1.681545376777648926e+00,7.008069753646850586e-01,-1.166816949844360352e+00,2.566925764083862305e+00,-1.141514420509338379e+00,-1.004423618316650391e+00,2.506460547447204590e-01,3.135069847106933594e+00,1.265752017498016357e-01,6.329006716604451688e-01,6.329006716604451688e-01,6.329006716604451688e-01,6.329006716604451688e-01
1.681678295135498047e+00,7.186037302017211914e-01,-1.153045654296875000e+00,2.519979476928710938e+00,-1.070669889450073242e+00,-9.632854461669921875e-01,2.389373183250427246e-01,3.195169210433959961e+00,8.651016652584075928e-02,6.180789112232183413e-01,6.180789112232183413e-01,6.180789112232183413e-01,6.180789112232183413e-01
1.668672680854797363e+00,7.373663783073425293e-01,-1.136272311210632324e+00,2.477497100830078125e+00,-1.025897264480590820e+00,-9.312413930892944336e-01,2.189075350761413574e-01,3.261294841766357422e+00,6.100801378488540649e-02,6.031581325782775505e-01,6.031581325782775505e-01,6.031581325782775505e-01,6.031581325782775505e-01
1.646549463272094727e+00,7.571166753768920898e-01,-1.117532849311828613e+00,2.442757844924926758e+00,-1.001149296760559082e+00,-9.080870747566223145e-01,1.898631453514099121e-01,3.330442428588867188e+00,4.761846736073493958e-02,5.881525363351335356e-01,5.881525363351335356e-01,5.881525363351335356e-01,5.881525363351335356e-01
1.618861198425292969e+00,7.795146107673645020e-01,-1.097639799118041992e+00,2.417313337326049805e+00,-9.910145998001098633e-01,-8.922524452209472656e-01,1.508353948593139648e-01,3.401511907577514648e+00,4.246503487229347229e-02,5.730763472066384701e-01,5.730763472066384701e-01,5.730763472066384701e-01,5.730763472066384701e-01
1.457071185111999512e+00,7.698504328727722168e-01,-1.145281314849853516e+00,2.655900001525878906e+00,-1.790014028549194336e+00,-1.132613658905029297e+00,9.858238697052001953e-02,3.424741744995117188e+00,2.993093132972717285e-01,5.579438004982796295e-01,5.579438004982796295e-01,5.579438004982796295e-01,5.579438004982796295e-01
1.524899363517761230e+00,7.270970940589904785e-01,-1.159232497215270996e+00,2.662518978118896484e+00,-1.644264698028564453e+00,-1.143376946449279785e+00,1.562528312206268311e-01,3.253660678863525391e+00,2.957462668418884277e-01,5.427691286820518490e-01,5.427691286820518490e-01,5.427691286820518490e-01,5.427691286820518490e-01
1.581087708473205566e+00,6.916065812110900879e-01,-1.161676049232482910e+00,2.652104616165161133e+00,-1.487102746963500977e+00,-1.134006023406982422e+00,2.049023807048797607e-01,3.135797500610351562e+00,2.717724442481994629e-01,5.275665480669546881e-01,5.275665480669546881e-01,5.275665480669546881e-01,5.275665480669546881e-01
1.623522758483886719e+00,6.759838461875915527e-01,-1.156521677970886230e+00,2.621986865997314453e+00,-1.333204388618469238e+00,-1.102140188217163086e+00,2.310736775398254395e-01,3.095843791961669922e+00,2.227835655212402344e-01,5.123502455779663789e-01,5.123502455779663789e-01,5.123502455779663789e-01,5.123502455779663789e-01
1.648892283439636230e+00,6.811146736145019531e-01,-1.145307302474975586e+00,2.576805114746093750e+00,-1.201340198516845703e+00,-1.056039452552795410e+00,2.336516976356506348e-01,3.121779441833496094e+00,1.633586585521697998e-01,4.971343656551309165e-01,4.971343656551309165e-01,4.971343656551309165e-01,4.971343656551309165e-01
1.655619382858276367e+00,6.997841000556945801e-01,-1.128371000289916992e+00,2.525500297546386719e+00,-1.102619647979736328e+00,-1.008140087127685547e+00,2.198970913887023926e-01,3.183077335357666016e+00,1.117909103631973267e-01,4.819329972841094323e-01,4.819329972841094323e-01,4.819329972841094323e-01,4.819329972841094323e-01
1.645249962806701660e+00,7.250863909721374512e-01,-1.107009172439575195e+00,2.476627588272094727e+00,-1.036491990089416504e+00,-9.668858051300048828e-01,1.925377249717712402e-01,3.260972023010253906e+00,7.602521777153015137e-02,4.667601611694154329e-01,4.667601611694154329e-01,4.667601611694154329e-01,4.667601611694154329e-01
1.621718406677246094e+00,7.537522315979003906e-01,-1.083048939704895020e+00,2.435745000839233398e+00,-9.974137544631958008e-01,-9.351156353950500488e-01,1.520363092422485352e-01,3.346305370330810547e+00,5.591537803411483765e-02,4.516297970611627410e-01,4.516297970611627410e-01,4.516297970611627410e-01,4.516297970611627410e-01
1.589462757110595703e+00,7.859941720962524414e-01,-1.057982683181762695e+00,2.405767679214477539e+00,-9.792041182518005371e-01,-9.122471213340759277e-01,9.801232814788818359e-02,3.434675216674804688e+00,4.727247357368469238e-02,4.365557512460195855e-01,4.365557512460195855e-01,4.365557512460195855e-01,4.365557512460195855e-01
1.552202820777893066e+00,8.230997323989868164e-01,-1.033108472824096680e+00,2.387847423553466797e+00,-9.765712618827819824e-01,-8.966283798217773438e-01,3.053873777389526367e-02,3.522926330566406250e+00,4.575642570853233337e-02,4.215517642127492026e-01,4.215517642127492026e-01,4.215517642127492026e-01,4.215517642127492026e-01
1.438979387283325195e+00,7.671463489532470703e-01,-1.128580451011657715e+00,2.624799489974975586e+00,-1.776428937911987305e+00,-1.123175501823425293e+00,1.024528741836547852e-01,3.459293842315673828e+00,2.925217151641845703e-01,4.066314585024257133e-01,4.066314585024257133e-01,4.066314585024257133e-01,4.066314585024257133e-01
1.500162124633789062e+00,7.310237288475036621e-01,-1.137176632881164551e+00,2.629367113113403320e+00,-1.635367751121520996e+00,-1.135630965232849121e+00,1.479934751987457275e-01,3.309608936309814453e+00,2.844281792640686035e-01,3.918083267531929925e-01,3.918083267531929925e-01,3.918083267531929925e-01,3.918083267531929925e-01
1.549405574798583984e+00,7.028849720954895020e-01,-1.134255647659301758e+00,2.618832588195800781e+00,-1.484652757644653320e+00,-1.130562663078308105e+00,1.820695102214813232e-01,3.210000991821289062e+00,2.579147815704345703e-01,3.770957199490928002e-01,3.770957199490928002e-01,3.770957199490928002e-01,3.770957199490928002e-01
1.584942579269409180e+00,6.930121779441833496e-01,-1.123748898506164551e+00,2.591012239456176758e+00,-1.336734771728515625e+00,-1.105321764945983887e+00,1.931193470954895020e-01,3.182053089141845703e+00,2.111110687255859375e-01,3.625068358822536307e-01,3.625068358822536307e-01,3.625068358822536307e-01,3.625068358822536307e-01
1.604063630104064941e+00,7.025194764137268066e-01,-1.107461571693420410e+00,2.550037145614624023e+00,-1.208556890487670898e+00,-1.066078186035156250e+00,1.803172230720520020e-01,3.215902328491210938e+00,1.570265889167785645e-01,3.480547078373871228e-01,3.480547078373871228e-01,3.480547078373871228e-01,3.480547078373871228e-01
1.605461716651916504e+00,7.260799407958984375e-01,-1.085977554321289062e+00,2.503991365432739258e+00,-1.111128926277160645e+00,-1.023212790489196777e+00,1.500049829483032227e-01,3.284771203994750977e+00,1.115130186080932617e-01,3.337521935072795820e-01,3.337521935072795820e-01,3.337521935072795820e-01,3.337521935072795820e-01
1.590442299842834473e+00,7.585045695304870605e-01,-1.060568213462829590e+00,2.461036920547485352e+00,-1.045290350914001465e+00,-9.845445156097412109e-01,1.039291620254516602e-01,3.371149063110351562e+00,8.065084367990493774e-02,3.196119641476438122e-01,3.196119641476438122e-01,3.196119641476438122e-01,3.196119641476438122e-01
1.562440991401672363e+00,7.969760298728942871e-01,-1.033194899559020996e+00,2.426872253417968750e+00,-1.006876349449157715e+00,-9.534275531768798828e-01,4.205137491226196289e-02,3.465017318725585938e+00,6.359623372554779053e-02,3.056464939793802627e-01,3.056464939793802627e-01,3.056464939793802627e-01,3.056464939793802627e-01
1.525614500045776367e+00,8.409429192543029785e-01,-1.005838155746459961e+00,2.404581785202026367e+00,-9.905730485916137695e-01,-9.301155209541320801e-01,-3.534257411956787109e-02,3.559656620025634766e+00,5.663751810789108276e-02,2.918680498459945705e-01,2.918680498459945705e-01,2.918680498459945705e-01,2.918680498459945705e-01
1.483812093734741211e+00,8.905537128448486328e-01,-9.803288578987121582e-01,2.395269393920898438e+00,-9.913022518157958984e-01,-9.136101007461547852e-01,-1.265443563461303711e-01,3.649463176727294922e+00,5.642672255635261536e-02,2.782886811336176547e-01,2.782886811336176547e-01,2.782886811336176547e-01,2.782886811336176547e-01
1.400505781173706055e+00,7.633555531501770020e-01,-1.101745486259460449e+00,2.564916849136352539e+00,-1.755686759948730469e+00,-1.097633361816406250e+00,1.113059520721435547e-01,3.529415130615234375e+00,2.831645905971527100e-01,2.649202099607147476e-01,2.649202099607147476e-01,2.649202099607147476e-01,2.649202099607147476e-01
1.450867295265197754e+00,7.452951669692993164e-01,-1.107172489166259766e+00,2.572141408920288086e+00,-1.636365175247192383e+00,-1.108863472938537598e+00,1.326481699943542480e-01,3.425109386444091797e+00,2.716786563396453857e-01,2.517742216442734327e-01,2.517742216442734327e-01,2.517742216442734327e-01,2.517742216442734327e-01
1.490262150764465332e+00,7.345597743988037109e-01,-1.102258682250976562e+00,2.569770574569702148e+00,-1.511293768882751465e+00,-1.108842730522155762e+00,1.420748233795166016e-01,3.358170986175537109e+00,2.477362900972366333e-01,2.388620554489437331e-01,2.388620554489437331e-01,2.388620554489437331e-01,2.388620554489437331e-01
1.517995834350585938e+00,7.366536855697631836e-01,-1.090274333953857422e+00,2.555860519409179688e+00,-1.386927366256713867e+00,-1.095464110374450684e+00,1.324712634086608887e-01,3.342293739318847656e+00,2.119070142507553101e-01,2.261947956252505221e-01,2.261947956252505221e-01,2.261947956252505221e-01,2.261947956252505221e-01
1.532642483711242676e+00,7.531449794769287109e-01,-1.073336958885192871e+00,2.532368898391723633e+00,-1.274199128150939941e+00,-1.071008324623107910e+00,1.008073687553405762e-01,3.375643491744995117e+00,1.704483628273010254e-01,2.137832627426827781e-01,2.137832627426827781e-01,2.137832627426827781e-01,2.137832627426827781e-01
1.533343791961669922e+00,7.814607024192810059e-01,-1.052609562873840332e+00,2.504169702529907227e+00,-1.182806611061096191e+00,-1.041113972663879395e+00,5.185341835021972656e-02,3.439982891082763672e+00,1.336694359779357910e-01,2.016380053231214275e-01,2.016380053231214275e-01,2.016380053231214275e-01,2.016380053231214275e-01
1.520730376243591309e+00,8.186511993408203125e-01,-1.029281377792358398e+00,2.477078676223754883e+00,-1.116514682769775391e+00,-1.011291027069091797e+00,-1.140350103378295898e-02,3.519590139389038086e+00,1.069913953542709351e-01,1.897692917797612622e-01,1.897692917797612622e-01,1.897692917797612622e-01,1.897692917797612622e-01
1.496911644935607910e+00,8.626371026039123535e-01,-1.005006432533264160e+00,2.456017255783081055e+00,-1.074359416961669922e+00,-9.850674867630004883e-01,-8.799785375595092773e-02,3.604234457015991211e+00,9.110054373741149902e-02,1.781871026663165991e-01,1.781871026663165991e-01,1.781871026663165991e-01,1.781871026663165991e-01
1.464994549751281738e+00,9.121168255805969238e-01,-9.817167520523071289e-01,2.444125175476074219e+00,-1.053087711334228516e+00,-9.639762639999389648e-01,-1.766068935394287109e-01,3.686491966247558594e+00,8.459858596324920654e-02,1.669011232409740031e-01,1.669011232409740031e-01,1.669011232409740031e-01,1.669011232409740031e-01
1.428492903709411621e+00,9.659125208854675293e-01,-9.613168239593505859e-01,2.442702770233154297e+00,-1.048539280891418457e+00,-9.483440518379211426e-01,-2.741410732269287109e-01,3.760423898696899414e+00,8.619447797536849976e-02,1.559207363492388088e-01,1.559207363492388088e-01,1.559207363492388088e-01,1.559207363492388088e-01
1.344400763511657715e+00,7.557333707809448242e-01,-1.066851139068603516e+00,2.479851245880126953e+00,-1.723864793777465820e+00,-1.058706045150756836e+00,1.264607906341552734e-01,3.610332012176513672e+00,2.747434377670288086e-01,1.452550156294661887e-01,1.452550156294661887e-01,1.452550156294661887e-01,1.452550156294661887e-01
1.381541490554809570e+00,7.608526945114135742e-01,-1.072126388549804688e+00,2.491775989532470703e+00,-1.634519100189208984e+00,-1.064855337142944336e+00,1.185394525527954102e-01,3.563996315002441406e+00,2.642251551151275635e-01,1.349127190445346680e-01,1.349127190445346680e-01,1.349127190445346680e-01,1.349127190445346680e-01
1.409768342971801758e+00,7.734971046447753906e-01,-1.069816112518310547e+00,2.500832319259643555e+00,-1.545957803726196289e+00,-1.065659999847412109e+00,9.813255071640014648e-02,3.542177200317382812e+00,2.466953247785568237e-01,1.249022827428014626e-01,1.249022827428014626e-01,1.249022827428014626e-01,1.249022827428014626e-01
1.429556727409362793e+00,7.940380573272705078e-01,-1.062306761741638184e+00,2.505800724029541016e+00,-1.459095597267150879e+00,-1.060851693153381348e+00,6.397092342376708984e-02,3.546974658966064453e+00,2.243289649486541748e-01,1.152318152511267457e-01,1.152318152511267457e-01,1.152318152511267457e-01,1.152318152511267457e-01
1.441091775894165039e+00,8.223791718482971191e-01,-1.051384449005126953e+00,2.506786346435546875e+00,-1.377436637878417969e+00,-1.051066040992736816e+00,1.502281427383422852e-02,3.576974153518676758e+00,1.995972096920013428e-01,1.059090920024393090e-01,1.059090920024393090e-01,1.059090920024393090e-01,1.059090920024393090e-01
1.444553971290588379e+00,8.572749495506286621e-01,-1.038397312164306641e+00,2.505116224288940430e+00,-1.305331468582153320e+00,-1.037963032722473145e+00,-4.711288213729858398e-02,3.625227928161621094e+00,1.759621202945709229e-01,9.694155019996375522e-02,9.694155019996375522e-02,9.694155019996375522e-02,9.694155019996375522e-02
1.440505623817443848e+00,8.968599438667297363e-01,-1.024437904357910156e+00,2.502824783325195312e+00,-1.246112108230590820e+00,-1.023686289787292480e+00,-1.184762716293334961e-01,3.681863784790039062e+00,1.570557057857513428e-01,8.833628401992976720e-02,8.833628401992976720e-02,8.833628401992976720e-02,8.833628401992976720e-02
1.430078744888305664e+00,9.395474791526794434e-01,-1.010540604591369629e+00,2.502038717269897461e+00,-1.201024889945983887e+00,-1.010140299797058105e+00,-1.957221627235412598e-01,3.739195346832275391e+00,1.448619365692138672e-01,8.010004015422178547e-02,8.010004015422178547e-02,8.010004015422178547e-02,8.010004015422178547e-02
1.414903879165649414e+00,9.840210080146789551e-01,-9.977383613586425781e-01,2.504493713378906250e+00,-1.169536232948303223e+00,-9.987341165542602539e-01,-2.760934829711914062e-01,3.792171955108642578e+00,1.400594115257263184e-01,7.223921369414981752e-02,7.223921369414981752e-02,7.223921369414981752e-02,7.223921369414981752e-02
1.396980285644531250e+00,1.029036641120910645e+00,-9.869876503944396973e-01,2.511248350143432617e+00,-1.149948239326477051e+00,-9.904001951217651367e-01,-3.567933440208435059e-01,3.837762594223022461e+00,1.425832808017730713e-01,6.475984435614157153e-02,6.475984435614157153e-02,6.475984435614157153e-02,6.475984435614157153e-02
1.277179718017578125e+00,7.415512800216674805e-01,-1.026927351951599121e+00,2.376767396926879883e+00,-1.677260994911193848e+00,-1.011499285697937012e+00,1.466975808143615723e-01,3.669073104858398438e+00,2.683601081371307373e-01,5.766761304989431736e-02,5.766761304989431736e-02,5.766761304989431736e-02,5.766761304989431736e-02
1.301531791687011719e+00,7.670021057128906250e-01,-1.034370899200439453e+00,2.392592906951904297e+00,-1.614478945732116699e+00,-1.010472059249877930e+00,1.146017313003540039e-01,3.672494173049926758e+00,2.611403763294219971e-01,5.096783878917299226e-02,5.096783878917299226e-02,5.096783878917299226e-02,5.096783878917299226e-02
1.320008873939514160e+00,7.993841171264648438e-01,-1.037751793861389160e+00,2.410268306732177734e+00,-1.556453585624694824e+00,-1.007757544517517090e+00,7.045167684555053711e-02,3.690154075622558594e+00,2.507022321224212646e-01,4.466547594514636010e-02,4.466547594514636010e-02,4.466547594514636010e-02,4.466547594514636010e-02
1.333808183670043945e+00,8.367530107498168945e-01,-1.038704037666320801e+00,2.429148435592651367e+00,-1.502178072929382324e+00,-1.004058718681335449e+00,1.623249053955078125e-02,3.717952728271484375e+00,2.390357553958892822e-01,3.876511184182468428e-02,3.876511184182468428e-02,3.876511184182468428e-02,3.876511184182468428e-02
1.344057321548461914e+00,8.774903416633605957e-01,-1.038330435752868652e+00,2.448725938796997070e+00,-1.451603889465332031e+00,-1.000039339065551758e+00,-4.590946435928344727e-02,3.751751899719238281e+00,2.275560498237609863e-01,3.327096469289420044e-02,3.327096469289420044e-02,3.327096469289420044e-02,3.327096469289420044e-02
1.351689219474792480e+00,9.199261069297790527e-01,-1.037391424179077148e+00,2.468721628189086914e+00,-1.405029654502868652e+00,-9.964101314544677734e-01,-1.134389042854309082e-01,3.787451267242431641e+00,2.175011634826660156e-01,2.818688187890283636e-02,2.818688187890283636e-02,2.818688187890283636e-02,2.818688187890283636e-02
1.357536435127258301e+00,9.623584151268005371e-01,-1.036357879638671875e+00,2.488976955413818359e+00,-1.362823605537414551e+00,-9.938864707946777344e-01,-1.833453774452209473e-01,3.821290493011474609e+00,2.098573744297027588e-01,2.351633856348039897e-02,2.351633856348039897e-02,2.351633856348039897e-02,2.351633856348039897e-02
1.362355947494506836e+00,1.003169655799865723e+00,-1.035454273223876953e+00,2.509366035461425781e+00,-1.325227737426757812e+00,-9.931129813194274902e-01,-2.522554397583007812e-01,3.850187301635742188e+00,2.053160965442657471e-01,1.926243664697568914e-02,1.926243664697568914e-02,1.926243664697568914e-02,1.926243664697568914e-02
1.366812944412231445e+00,1.041011571884155273e+00,-1.034711718559265137e+00,2.529733657836914062e+00,-1.292185425758361816e+00,-9.945645332336425781e-01,-3.172041773796081543e-01,3.872562408447265625e+00,2.038793861865997314e-01,1.542790405561433875e-02,1.542790405561433875e-02,1.542790405561433875e-02,1.542790405561433875e-02
1.371423840522766113e+00,1.074864268302917480e+00,-1.034009218215942383e+00,2.549857378005981445e+00,-1.263324856758117676e+00,-9.984968900680541992e-01,-3.760762214660644531e-01,3.888552665710449219e+00,2.046833336353302002e-01,1.201509436398934261e-02,1.201509436398934261e-02,1.201509436398934261e-02,1.201509436398934261e-02
1.207152366638183594e+00,7.193119525909423828e-01,-9.855038523674011230e-01,2.265090227127075195e+00,-1.617143154144287109e+00,-9.620938301086425781e-01,1.679142117500305176e-01,3.682759761810302734e+00,2.658946514129638672e-01,9.025986748422754058e-03,9.025986748422754058e-03,9.025986748422754058e-03,9.025986748422754058e-03
1.221571564674377441e+00,7.573908567428588867e-01,-9.958624839782714844e-01,2.282751083374023438e+00,-1.571534514427185059e+00,-9.548324942588806152e-01,1.220565438270568848e-01,3.716106414794921875e+00,2.630564272403717041e-01,6.462186268475222928e-03,6.462186268475222928e-03,6.462186268475222928e-03,6.462186268475222928e-03
1.233416438102722168e+00,8.005731105804443359e-01,-1.004903793334960938e+00,2.304219722747802734e+00,-1.531289458274841309e+00,-9.480198621749877930e-01,6.689172983169555664e-02,3.756297111511230469e+00,2.588439583778381348e-01,4.324924473598557029e-03,4.324924473598557029e-03,4.324924473598557029e-03,4.324924473598557029e-03
1.243837118148803711e+00,8.465770483016967773e-01,-1.013655662536621094e+00,2.329088926315307617e+00,-1.495110750198364258e+00,-9.423893094062805176e-01,4.907846450805664062e-03,3.798772811889648438e+00,2.546908557415008545e-01,2.615060331680629790e-03,2.615060331680629790e-03,2.615060331680629790e-03,2.615060331680629790e-03
1.254023313522338867e+00,8.937451243400573730e-01,-1.022622585296630859e+00,2.356783866882324219e+00,-1.462325811386108398e+00,-9.384801387786865234e-01,-6.134527921676635742e-02,3.839795827865600586e+00,2.513551712036132812e-01,1.333081475969888352e-03,1.333081475969888352e-03,1.333081475969888352e-03,1.333081475969888352e-03
1.264877796173095703e+00,9.406250119209289551e-01,-1.031997799873352051e+00,2.386807441711425781e+00,-1.432520389556884766e+00,-9.367557764053344727e-01,-1.293027997016906738e-01,3.876431703567504883e+00,2.494173645973205566e-01,4.791057666214126876e-04,4.791057666214126876e-04,4.791057666214126876e-04,4.791057666214126876e-04
1.277072429656982422e+00,9.858819246292114258e-01,-1.041723132133483887e+00,2.418699741363525391e+00,-1.405377030372619629e+00,-9.376275539398193359e-01,-1.963749527931213379e-01,3.906435012817382812e+00,2.492321282625198364e-01,5.288316286594652027e-05,5.288316286594652027e-05,5.288316286594652027e-05,5.288316286594652027e-05
1.291082024574279785e+00,1.028259634971618652e+00,-1.051528215408325195e+00,2.451983451843261719e+00,-1.380547642707824707e+00,-9.414545297622680664e-01,-2.600207328796386719e-01,3.928224086761474609e+00,2.507628202438354492e-01,5.379790156379016253e-05,5.379790156379016253e-05,5.379790156379016253e-05,5.379790156379016253e-05
1.307193040847778320e+00,1.066568255424499512e+00,-1.060958862304687500e+00,2.486107110977172852e+00,-1.357540607452392578e+00,-9.485223293304443359e-01,-3.178967833518981934e-01,3.941328525543212891e+00,2.531181871891021729e-01,4.808709776826791682e-04,4.808709776826791682e-04,4.808709776826791682e-04,4.808709776826791682e-04
1.325468659400939941e+00,1.099744915962219238e+00,-1.069374084472656250e+00,2.520376920700073242e+00,-1.335585594177246094e+00,-9.589899182319641113e-01,-3.683051466941833496e-01,3.945896148681640625e+00,2.548456490039825439e-01,1.332762922010066742e-03,1.332762922010066742e-03,1.332762922010066742e-03,1.332762922010066742e-03
1.141411781311035156e+00,6.906306147575378418e-01,-9.457583427429199219e-01,2.155066728591918945e+00,-1.550463795661926270e+00,-9.157960414886474609e-01,1.854115128517150879e-01,3.649278163909912109e+00,2.697597146034240723e-01,2.607776871198730362e-03,2.607776871198730362e-03,2.607776871198730362e-03,2.607776871198730362e-03
1.149498343467712402e+00,7.339943051338195801e-01,-9.584726691246032715e-01,2.173040628433227539e+00,-1.513908267021179199e+00,-9.048740863800048828e-01,1.349092125892639160e-01,3.694466352462768555e+00,2.714550495147705078e-01,4.303861925034457858e-03,4.303861925034457858e-03,4.303861925034457858e-03,4.303861925034457858e-03
1.157632589340209961e+00,7.804897427558898926e-01,-9.712089300155639648e-01,2.195082664489746094e+00,-1.481829524040222168e+00,-8.958288431167602539e-01,7.846343517303466797e-02,3.742612361907958984e+00,2.721396088600158691e-01,6.418616785612896170e-03,6.418616785612896170e-03,6.418616785612896170e-03,6.418616785612896170e-03
1.166287660598754883e+00,8.284527063369750977e-01,-9.845734238624572754e-01,2.220991849899291992e+00,-1.453367948532104492e+00,-8.890329599380493164e-01,1.760977506637573242e-02,3.791018724441528320e+00,2.728006243705749512e-01,8.949293672914415687e-03,8.949293672914415687e-03,8.949293672914415687e-03,8.949293672914415687e-03
1.176194071769714355e+00,8.768163919448852539e-01,-9.987668991088867188e-01,2.250335454940795898e+00,-1.428151249885559082e+00,-8.847093582153320312e-01,-4.604458808898925781e-02,3.837522506713867188e+00,2.737773358821868896e-01,1.189280251108698616e-02,1.189280251108698616e-02,1.189280251108698616e-02,1.189280251108698616e-02
1.187911868095397949e+00,9.246950149536132812e-01,-1.013793230056762695e+00,2.282764673233032227e+00,-1.406019210815429688e+00,-8.830356597900390625e-01,-1.108936667442321777e-01,3.880444288253784180e+00,2.754053175449371338e-01,1.524571537955560219e-02,1.524571537955560219e-02,1.524571537955560219e-02,1.524571537955560219e-02
1.201867222785949707e+00,9.712725281715393066e-01,-1.029505252838134766e+00,2.317997455596923828e+00,-1.386884093284606934e+00,-8.841784000396728516e-01,-1.752593517303466797e-01,3.918306589126586914e+00,2.780582904815673828e-01,1.900427122290565540e-02,1.900427122290565540e-02,1.900427122290565540e-02,1.900427122290565540e-02
1.218390107154846191e+00,1.015745878219604492e+00,-1.045624494552612305e+00,2.355773687362670898e+00,-1.370613932609558105e+00,-8.883063197135925293e-01,-2.373560667037963867e-01,3.949623584747314453e+00,2.820269763469696045e-01,2.316438081333321852e-02,2.316438081333321852e-02,2.316438081333321852e-02,2.316438081333321852e-02
1.237734317779541016e+00,1.057288408279418945e+00,-1.061743259429931641e+00,2.395794391632080078e+00,-1.356924414634704590e+00,-8.955941796302795410e-01,-2.953096628189086914e-01,3.973206996917724609e+00,2.870284616947174072e-01,2.772163195928006862e-02,2.772163195928006862e-02,2.772163195928006862e-02,2.772163195928006862e-02
1.260054826736450195e+00,1.095045089721679688e+00,-1.077287793159484863e+00,2.437658309936523438e+00,-1.345247864723205566e+00,-9.062185883522033691e-01,-3.473702669143676758e-01,3.988253593444824219e+00,2.918994426727294922e-01,3.267129495372372849e-02,3.267129495372372849e-02,3.267129495372372849e-02,3.267129495372372849e-02
1.085360407829284668e+00,6.598308682441711426e-01,-9.105929136276245117e-01,2.056637048721313477e+00,-1.486657500267028809e+00,-8.764058947563171387e-01,1.991961598396301270e-01,3.585088253021240234e+00,2.781735062599182129e-01,3.800832825546252014e-02,3.800832825546252014e-02,3.800832825546252014e-02,3.800832825546252014e-02
1.090184688568115234e+00,7.039257287979125977e-01,-9.247549772262573242e-01,2.074663162231445312e+00,-1.455090045928955078e+00,-8.643096089363098145e-01,1.493137478828430176e-01,3.631487369537353516e+00,2.835221588611602783e-01,4.372738439658069298e-02,4.372738439658069298e-02,4.372738439658069298e-02,4.372738439658069298e-02
1.096677780151367188e+00,7.497965693473815918e-01,-9.392826557159423828e-01,2.096450328826904297e+00,-1.427079200744628906e+00,-8.549854159355163574e-01,9.588652849197387695e-02,3.679580926895141602e+00,2.875471413135528564e-01,4.982281610915967329e-02,4.982281610915967329e-02,4.982281610915967329e-02,4.982281610915967329e-02
1.104546427726745605e+00,7.964674830436706543e-01,-9.545650482177734375e-01,2.122006893157958984e+00,-1.402220726013183594e+00,-8.484336733818054199e-01,3.945446014404296875e-02,3.728446960449218750e+00,2.910917103290557861e-01,5.628868266417696997e-02,5.628868266417696997e-02,5.628868266417696997e-02,5.628868266417696997e-02
1.114046573638916016e+00,8.433934450149536133e-01,-9.706987142562866211e-01,2.151035070419311523e+00,-1.380420804023742676e+00,-8.446037173271179199e-01,-1.927644014358520508e-02,3.777050733566284180e+00,2.942858338356018066e-01,6.311875641542596949e-02,6.311875641542596949e-02,6.311875641542596949e-02,6.311875641542596949e-02
1.125434756278991699e+00,8.901183009147644043e-01,-9.876793622970581055e-01,2.183295726776123047e+00,-1.361704707145690918e+00,-8.434540629386901855e-01,-7.950586080551147461e-02,3.824407577514648438e+00,2.972561419010162354e-01,7.030652954117538878e-02,7.030652954117538878e-02,7.030652954117538878e-02,7.030652954117538878e-02
1.138948678970336914e+00,9.362125396728515625e-01,-1.005433440208435059e+00,2.218623161315917969e+00,-1.346127629280090332e+00,-8.449618816375732422e-01,-1.403487920761108398e-01,3.869543075561523438e+00,3.002428114414215088e-01,7.784522097618845615e-02,7.784522097618845615e-02,7.784522097618845615e-02,7.784522097618845615e-02
1.154825687408447266e+00,9.812350273132324219e-01,-1.023822784423828125e+00,2.256902456283569336e+00,-1.333719372749328613e+00,-8.491292595863342285e-01,-2.007982730865478516e-01,3.911350727081298828e+00,3.036852478981018066e-01,8.572778352664334189e-02,8.572778352664334189e-02,8.572778352664334189e-02,8.572778352664334189e-02
1.173316359519958496e+00,1.024694561958312988e+00,-1.042638182640075684e+00,2.298033475875854492e+00,-1.324436187744140625e+00,-8.559919595718383789e-01,-2.596238851547241211e-01,3.948473691940307617e+00,3.082257211208343506e-01,9.394691116039483036e-02,9.394691116039483036e-02,9.394691116039483036e-02,9.394691116039483036e-02
1.194680571556091309e+00,1.066010236740112305e+00,-1.061582803726196289e+00,2.341884851455688477e+00,-1.318097710609436035e+00,-8.656278848648071289e-01,-3.152812123298645020e-01,3.979597330093383789e+00,3.139299750328063965e-01,1.024950464649505566e-01,1.024950464649505566e-01,1.024950464649505566e-01,1.024950464649505566e-01
1.042721986770629883e+00,6.320366263389587402e-01,-8.827158212661743164e-01,1.978328347206115723e+00,-1.434292197227478027e+00,-8.463631868362426758e-01,2.100819349288940430e-01,3.514361858367919922e+00,2.859618365764617920e-01,1.113643882654771211e-01,1.113643882654771211e-01,1.113643882654771211e-01,1.113643882654771211e-01
1.046538949012756348e+00,6.749816536903381348e-01,-8.977310061454772949e-01,1.997150182723999023e+00,-1.406663417816162109e+00,-8.348014354705810547e-01,1.628180742263793945e-01,3.559088230133056641e+00,2.935048043727874756e-01,1.205468993950521428e-01,1.205468993950521428e-01,1.205468993950521428e-01,1.205468993950521428e-01
1.052846908569335938e+00,7.189945578575134277e-01,-9.130576252937316895e-01,2.019420862197875977e+00,-1.382005572319030762e+00,-8.264517784118652344e-01,1.133167743682861328e-01,3.605720043182373047e+00,2.993435859680175781e-01,1.300343146093768110e-01,1.300343146093768110e-01,1.300343146093768110e-01,1.300343146093768110e-01
1.060821056365966797e+00,7.635720372200012207e-01,-9.290044307708740234e-01,2.045305728912353516e+00,-1.360165596008300781e+00,-8.210566639900207520e-01,6.149750947952270508e-02,3.654063701629638672e+00,3.044039905071258545e-01,1.398181486380802308e-01,1.398181486380802308e-01,1.398181486380802308e-01,1.398181486380802308e-01
1.070416569709777832e+00,8.085117936134338379e-01,-9.456524252891540527e-01,2.074594259262084961e+00,-1.341157555580139160e+00,-8.183860778808593750e-01,7.566750049591064453e-03,3.703550338745117188e+00,3.087807893753051758e-01,1.498897043647064442e-01,1.498897043647064442e-01,1.498897043647064442e-01,1.498897043647064442e-01
1.081716418266296387e+00,8.536255955696105957e-01,-9.630318880081176758e-01,2.107100248336791992e+00,-1.325036883354187012e+00,-8.182666301727294922e-01,-4.821830987930297852e-02,3.753469944000244141e+00,3.125028610229492188e-01,1.602400811274715675e-01,1.602400811274715675e-01,1.602400811274715675e-01,1.602400811274715675e-01
1.094858884811401367e+00,8.986910581588745117e-01,-9.811434149742126465e-01,2.142696380615234375e+00,-1.311869382858276367e+00,-8.205804228782653809e-01,-1.054755449295043945e-01,3.803049087524414062e+00,3.156573772430419922e-01,1.708601831328266929e-01,1.708601831328266929e-01,1.708601831328266929e-01,1.708601831328266929e-01
1.110032081604003906e+00,9.434382319450378418e-01,-9.999534487724304199e-01,2.181304216384887695e+00,-1.301715970039367676e+00,-8.252602219581604004e-01,-1.636540889739990234e-01,3.851397275924682617e+00,3.184651136398315430e-01,1.817407279738502690e-01,1.817407279738502690e-01,1.817407279738502690e-01,1.817407279738502690e-01
1.127471446990966797e+00,9.875354170799255371e-01,-1.019385099411010742e+00,2.222879886627197266e+00,-1.294615030288696289e+00,-8.322840929031372070e-01,-2.220038771629333496e-01,3.897381067276000977e+00,3.213848769664764404e-01,1.928722552454903427e-01,1.928722552454903427e-01,1.928722552454903427e-01,1.928722552454903427e-01
1.147453427314758301e+00,1.030569314956665039e+00,-1.039306282997131348e+00,2.267395973205566406e+00,-1.290556192398071289e+00,-8.416726589202880859e-01,-2.794618010520935059e-01,3.939572095870971680e+00,3.251920342445373535e-01,2.042451352486736038e-01,2.042451352486736038e-01,2.042451352486736038e-01,2.042451352486736038e-01
1.015429377555847168e+00,6.118026375770568848e-01,-8.642622828483581543e-01,1.926560044288635254e+00,-1.399280309677124023e+00,-8.271228075027465820e-01,2.175310850143432617e-01,3.459768533706665039e+00,2.909981608390808105e-01,2.158495777752815203e-01,2.158495777752815203e-01,2.158495777752815203e-01,2.158495777752815203e-01
1.019755125045776367e+00,6.535712480545043945e-01,-8.799977302551269531e-01,1.947406291961669922e+00,-1.375581264495849609e+00,-8.169986605644226074e-01,1.728407144546508789e-01,3.504286050796508789e+00,2.993725836277008057e-01,2.276756409660308234e-01,2.276756409660308234e-01,2.276756409660308234e-01,2.276756409660308234e-01
1.026938796043395996e+00,6.961754560470581055e-01,-8.959394693374633789e-01,1.971530318260192871e+00,-1.354489088058471680e+00,-8.102164864540100098e-01,1.264780163764953613e-01,3.551192998886108398e+00,3.057720661163330078e-01,2.397132402332904366e-01,2.397132402332904366e-01,2.397132402332904366e-01,2.397132402332904366e-01
1.035883903503417969e+00,7.393926382064819336e-01,-9.123805165290832520e-01,1.999194622039794922e+00,-1.335939288139343262e+00,-8.063783645629882812e-01,7.796633243560791016e-02,3.600522518157958984e+00,3.112180531024932861e-01,2.519521572409163523e-01,2.519521572409163523e-01,2.519521572409163523e-01,2.519521572409163523e-01
1.046400070190429688e+00,7.832046747207641602e-01,-9.294154644012451172e-01,2.030241966247558594e+00,-1.319972634315490723e+00,-8.051660060882568359e-01,2.720868587493896484e-02,3.651865005493164062e+00,3.158153593540191650e-01,2.643820489331668022e-01,2.643820489331668022e-01,2.643820489331668022e-01,2.643820489331668022e-01
1.058495879173278809e+00,8.275409340858459473e-01,-9.471081495285034180e-01,2.064513683319091797e+00,-1.306642889976501465e+00,-8.063528537750244141e-01,-2.577108144760131836e-02,3.704584360122680664e+00,3.195681869983673096e-01,2.769924566048538317e-01,2.769924566048538317e-01,2.769924566048538317e-01,2.769924566048538317e-01
1.072275638580322266e+00,8.722566962242126465e-01,-9.655049443244934082e-01,2.101894855499267578e+00,-1.296008586883544922e+00,-8.097903728485107422e-01,-8.082616329193115234e-02,3.757873058319091797e+00,3.225196003913879395e-01,2.897728150048906048e-01,2.897728150048906048e-01,2.897728150048906048e-01,2.897728150048906048e-01
1.087915301322937012e+00,9.171348810195922852e-01,-9.846263527870178223e-01,2.142310619354248047e+00,-1.288131594657897949e+00,-8.153950572013854980e-01,-1.375998258590698242e-01,3.810809135437011719e+00,3.248089253902435303e-01,3.027124614654576051e-01,3.027124614654576051e-01,3.027124614654576051e-01,3.027124614654576051e-01
1.105651974678039551e+00,9.618805050849914551e-01,-1.004457712173461914e+00,2.185723304748535156e+00,-1.283072113990783691e+00,-8.231381177902221680e-01,-1.955094337463378906e-01,3.862262248992919922e+00,3.267732262611389160e-01,3.158006450490504768e-01,3.158006450490504768e-01,3.158006450490504768e-01,3.158006450490504768e-01
1.125778079032897949e+00,1.006109595298767090e+00,-1.024935603141784668e+00,2.232116460800170898e+00,-1.280873060226440430e+00,-8.330380916595458984e-01,-2.536730170249938965e-01,3.910757064819335938e+00,3.290797770023345947e-01,3.290265357057664541e-01,3.290265357057664541e-01,3.290265357057664541e-01,3.290265357057664541e-01
1.004135251045227051e+00,6.025038957595825195e-01,-8.564894795417785645e-01,1.905620574951171875e+00,-1.384906411170959473e+00,-8.195624351501464844e-01,2.206678986549377441e-01,3.435620784759521484e+00,2.930879592895507812e-01,3.423792334331972054e-01,3.423792334331972054e-01,3.423792334331972054e-01,3.423792334331972054e-01
1.009998202323913574e+00,6.440834999084472656e-01,-8.731594085693359375e-01,1.929763078689575195e+00,-1.364989399909973145e+00,-8.111982941627502441e-01,1.774025559425354004e-01,3.482535839080810547e+00,3.013427853584289551e-01,3.558477774314303121e-01,3.558477774314303121e-01,3.558477774314303121e-01,3.558477774314303121e-01
1.018886923789978027e+00,6.866079568862915039e-01,-8.899961113929748535e-01,1.957163572311401367e+00,-1.347416162490844727e+00,-8.061366081237792969e-01,1.324290037155151367e-01,3.532280921936035156e+00,3.074233531951904297e-01,3.694211552456772019e-01,3.694211552456772019e-01,3.694211552456772019e-01,3.694211552456772019e-01
1.029604911804199219e+00,7.299621701240539551e-01,-9.073036909103393555e-01,1.988143444061279297e+00,-1.332154154777526855e+00,-8.039382696151733398e-01,8.507490158081054688e-02,3.584875822067260742e+00,3.124050498008728027e-01,3.830883118891866279e-01,3.830883118891866279e-01,3.830883118891866279e-01,3.830883118891866279e-01
1.041922807693481445e+00,7.741850614547729492e-01,-9.251947999000549316e-01,2.022575139999389648e+00,-1.319259405136108398e+00,-8.042656183242797852e-01,3.511703014373779297e-02,3.639856338500976562e+00,3.164055049419403076e-01,3.968381589391388187e-01,3.968381589391388187e-01,3.968381589391388187e-01,3.968381589391388187e-01
1.055842757225036621e+00,8.192256689071655273e-01,-9.437534809112548828e-01,2.060313224792480469e+00,-1.308792352676391602e+00,-8.068895339965820312e-01,-1.749950647354125977e-02,3.696474075317382812e+00,3.194353878498077393e-01,4.106595835983461451e-01,4.106595835983461451e-01,4.106595835983461451e-01,4.106595835983461451e-01
1.071479678153991699e+00,8.649303317070007324e-01,-9.630461931228637695e-01,2.101245403289794922e+00,-1.300816297531127930e+00,-8.116688728332519531e-01,-7.267189025878906250e-02,3.753741025924682617e+00,3.215537965297698975e-01,4.245414577156504943e-01,4.245414577156504943e-01,4.245414577156504943e-01,4.245414577156504943e-01
1.089030623435974121e+00,9.110475182533264160e-01,-9.831112623214721680e-01,2.145295143127441406e+00,-1.295403122901916504e+00,-8.185342550277709961e-01,-1.300417780876159668e-01,3.810496807098388672e+00,3.229414820671081543e-01,4.384726467580594700e-01,4.384726467580594700e-01,4.384726467580594700e-01,4.384726467580594700e-01
1.108762502670288086e+00,9.572249650955200195e-01,-1.003946781158447266e+00,2.192414760589599609e+00,-1.292627692222595215e+00,-8.274750709533691406e-01,-1.889516115188598633e-01,3.865319252014160156e+00,3.240132331848144531e-01,4.524420187277078398e-01,4.524420187277078398e-01,4.524420187277078398e-01,4.524420187277078398e-01
1.131005167961120605e+00,1.002992987632751465e+00,-1.025496006011962891e+00,2.242576599121093750e+00,-1.292551755905151367e+00,-8.385303020477294922e-01,-2.483609914779663086e-01,3.916367530822753906e+00,3.255758285522460938e-01,4.664384530168739218e-01,4.664384530168739218e-01,4.664384530168739218e-01,4.664384530168739218e-01
1.009823322296142578e+00,6.062895655632019043e-01,-8.605270385742187500e-01,1.918597936630249023e+00,-1.392938971519470215e+00,-8.240865468978881836e-01,2.187840342521667480e-01,3.448872566223144531e+00,2.922107875347137451e-01,4.804508491944441961e-01,4.804508491944441961e-01,4.804508491944441961e-01,4.804508491944441961e-01
1.018084287643432617e+00,6.493159532546997070e-01,-8.785650730133056641e-01,1.947263598442077637e+00,-1.376216292381286621e+00,-8.174002170562744141e-01,1.749785542488098145e-01,3.500885009765625000e+00,2.995881140232086182e-01,4.944681357172167613e-01,4.944681357172167613e-01,4.944681357172167613e-01,4.944681357172167613e-01
1.029483199119567871e+00,6.935724020004272461e-01,-8.968032002449035645e-01,1.979325413703918457e+00,-1.361658096313476562e+00,-8.139486312866210938e-01,1.289960741996765137e-01,3.555873870849609375e+00,3.046163022518157959e-01,5.084792785597057607e-01,5.084792785597057607e-01,5.084792785597057607e-01,5.084792785597057607e-01
1.042838096618652344e+00,7.389279007911682129e-01,-9.155614376068115234e-01,2.015125274658203125e+00,-1.349255561828613281e+00,-8.133109211921691895e-01,8.011990785598754883e-02,3.613687992095947266e+00,3.083685636520385742e-01,5.224732897561114031e-01,5.224732897561114031e-01,5.224732897561114031e-01,5.224732897561114031e-01
1.057950258255004883e+00,7.853780984878540039e-01,-9.349637031555175781e-01,2.054541110992431641e+00,-1.339083194732666016e+00,-8.151710033416748047e-01,2.812373638153076172e-02,3.673599720001220703e+00,3.109826147556304932e-01,5.364392358483478507e-01,5.364392358483478507e-01,5.364392358483478507e-01,5.364392358483478507e-01
1.074861884117126465e+00,8.327994942665100098e-01,-9.550991058349609375e-01,2.097423791885375977e+00,-1.331219911575317383e+00,-8.193256855010986328e-01,-2.699488401412963867e-02,3.734499931335449219e+00,3.125317692756652832e-01,5.503662462340803696e-01,5.503662462340803696e-01,5.503662462340803696e-01,5.503662462340803696e-01
1.093736410140991211e+00,8.809342384338378906e-01,-9.760284423828125000e-01,2.143649816513061523e+00,-1.325748443603515625e+00,-8.256629705429077148e-01,-8.497917652130126953e-02,3.794959783554077148e+00,3.132030367851257324e-01,5.642435214089203122e-01,5.642435214089203122e-01,5.642435214089203122e-01,5.642435214089203122e-01
1.114829421043395996e+00,9.293883442878723145e-01,-9.977716207504272461e-01,2.193123817443847656e+00,-1.322754025459289551e+00,-8.341445922851562500e-01,-1.451812386512756348e-01,3.853271484375000000e+00,3.134060502052307129e-01,5.780603410970333034e-01,5.780603410970333034e-01,5.780603410970333034e-01,5.780603410970333034e-01
1.138475537300109863e+00,9.776193499565124512e-01,-1.020290613174438477e+00,2.245766639709472656e+00,-1.322310805320739746e+00,-8.447917103767395020e-01,-2.065032720565795898e-01,3.907263755798339844e+00,3.139393031597137451e-01,5.918060722645880345e-01,5.918060722645880345e-01,5.918060722645880345e-01,5.918060722645880345e-01
1.165083885192871094e+00,1.024905443191528320e+00,-1.043467998504638672e+00,2.301492929458618164e+00,-1.324442267417907715e+00,-8.576766252517700195e-01,-2.672101259231567383e-01,3.954168796539306641e+00,3.160696029663085938e-01,6.054701770105910263e-01,6.054701770105910263e-01,6.054701770105910263e-01,6.054701770105910263e-01
1.033767461776733398e+00,6.232303977012634277e-01,-8.772284388542175293e-01,1.966221809387207031e+00,-1.423867702484130859e+00,-8.405803442001342773e-01,2.122585177421569824e-01,3.498400449752807617e+00,2.878907620906829834e-01,6.190422203298121540e-01,6.190422203298121540e-01,6.190422203298121540e-01,6.190422203298121540e-01
1.045363187789916992e+00,6.693874001502990723e-01,-8.970342874526977539e-01,2.000503540039062500e+00,-1.409562468528747559e+00,-8.353822827339172363e-01,1.657487750053405762e-01,3.557199954986572266e+00,2.935227453708648682e-01,6.325118777427073402e-01,6.325118777427073402e-01,6.325118777427073402e-01,6.325118777427073402e-01
1.060186505317687988e+00,7.170718908309936523e-01,-9.171038866043090820e-01,2.038475751876831055e+00,-1.397330045700073242e+00,-8.334017992019653320e-01,1.162756681442260742e-01,3.618471384048461914e+00,2.966561913490295410e-01,6.458689427873179900e-01,6.458689427873179900e-01,6.458689427873179900e-01,6.458689427873179900e-01
1.077183365821838379e+00,7.660245895385742188e-01,-9.377644062042236328e-01,2.080433845520019531e+00,-1.387175440788269043e+00,-8.342654109001159668e-01,6.323522329330444336e-02,3.681626319885253906e+00,2.983273863792419434e-01,6.591033343683385670e-01,6.591033343683385670e-01,6.591033343683385670e-01,6.591033343683385670e-01
1.096245169639587402e+00,8.160746097564697266e-01,-9.591387510299682617e-01,2.126220226287841797e+00,-1.379185676574707031e+00,-8.377000689506530762e-01,6.577789783477783203e-03,3.745297908782958984e+00,2.987841069698333740e-01,6.722051039587193522e-01,6.722051039587193522e-01,6.722051039587193522e-01,6.722051039587193522e-01
1.117501735687255859e+00,8.668912649154663086e-01,-9.812954664230346680e-01,2.175644397735595703e+00,-1.373450517654418945e+00,-8.435436487197875977e-01,-5.337387323379516602e-02,3.807587146759033203e+00,2.983357608318328857e-01,6.851644426492733420e-01,6.851644426492733420e-01,6.851644426492733420e-01,6.851644426492733420e-01
1.141209125518798828e+00,9.179531335830688477e-01,-1.004249930381774902e+00,2.228528499603271484e+00,-1.370047688484191895e+00,-8.517245650291442871e-01,-1.157657504081726074e-01,3.866168022155761719e+00,2.975580394268035889e-01,6.979716880419837288e-01,6.979716880419837288e-01,6.979716880419837288e-01,6.979716880419837288e-01
1.167725205421447754e+00,9.685295224189758301e-01,-1.027944803237915039e+00,2.284698009490966797e+00,-1.369018554687500000e+00,-8.622432947158813477e-01,-1.791074872016906738e-01,3.918125152587890625e+00,2.974372506141662598e-01,7.106173309828306417e-01,7.106173309828306417e-01,7.106173309828306417e-01,7.106173309828306417e-01
1.197509050369262695e+00,1.017631888389587402e+00,-1.052215695381164551e+00,2.343927383422851562e+00,-1.370302319526672363e+00,-8.751695752143859863e-01,-2.411019206047058105e-01,3.959817409515380859e+00,2.990495562553405762e-01,7.230920221301422313e-01,7.230920221301422313e-01,7.230920221301422313e-01,7.230920221301422313e-01
1.231093049049377441e+00,1.063939213752746582e+00,-1.076760411262512207e+00,2.405865907669067383e+00,-1.373612761497497559e+00,-8.906396627426147461e-01,-2.986201643943786621e-01,3.987364292144775391e+00,3.021365106105804443e-01,7.353865783546615909e-01,7.353865783546615909e-01,7.353865783546615909e-01,7.353865783546615909e-01
1.075792789459228516e+00,6.505880355834960938e-01,-9.060743451118469238e-01,2.044778585433959961e+00,-1.475766420364379883e+00,-8.681166172027587891e-01,2.024355530738830566e-01,3.571349143981933594e+00,2.802517712116241455e-01,7.474919889676435725e-01,7.474919889676435725e-01,7.474919889676435725e-01,7.474919889676435725e-01
1.091896891593933105e+00,7.003548741340637207e-01,-9.277040362358093262e-01,2.085261583328247070e+00,-1.463212251663208008e+00,-8.645434379577636719e-01,1.521287560462951660e-01,3.635384798049926758e+00,2.831448316574096680e-01,7.593994217735071661e-01,7.593994217735071661e-01,7.593994217735071661e-01,7.593994217735071661e-01
1.111201882362365723e+00,7.517191767692565918e-01,-9.495789408683776855e-01,2.129799365997314453e+00,-1.452751040458679199e+00,-8.642089366912841797e-01,9.803718328475952148e-02,3.700044631958007812e+00,2.835414111614227295e-01,7.711002289437528523e-01,7.711002289437528523e-01,7.711002289437528523e-01,7.711002289437528523e-01
1.132932186126708984e+00,8.041343688964843750e-01,-9.720205664634704590e-01,2.178526401519775391e+00,-1.444305300712585449e+00,-8.667956590652465820e-01,3.996539115905761719e-02,3.763713359832763672e+00,2.825209498405456543e-01,7.825859527089594758e-01,7.825859527089594758e-01,7.825859527089594758e-01,7.825859527089594758e-01
1.157149553298950195e+00,8.570898771286010742e-01,-9.951263666152954102e-01,2.231163978576660156e+00,-1.437875151634216309e+00,-8.720734119415283203e-01,-2.156472206115722656e-02,3.823832035064697266e+00,2.806626856327056885e-01,7.938483308659249893e-01,7.938483308659249893e-01,7.938483308659249893e-01,7.938483308659249893e-01
1.184122681617736816e+00,9.098444581031799316e-01,-1.018901467323303223e+00,2.287389516830444336e+00,-1.433431625366210938e+00,-8.799153566360473633e-01,-8.530735969543457031e-02,3.877321720123291016e+00,2.787598967552185059e-01,8.048793020971678480e-01,8.048793020971678480e-01,8.048793020971678480e-01,8.048793020971678480e-01
1.214260101318359375e+00,9.613556265830993652e-01,-1.043238878250122070e+00,2.346822261810302734e+00,-1.430845975875854492e+00,-8.902904987335205078e-01,-1.491450071334838867e-01,3.920384168624877930e+00,2.775835692882537842e-01,8.156710111001279628e-01,8.156710111001279628e-01,8.156710111001279628e-01,8.156710111001279628e-01
1.248058319091796875e+00,1.010213494300842285e+00,-1.067892789840698242e+00,2.408953905105590820e+00,-1.429762959480285645e+00,-9.032531976699829102e-01,-2.099686264991760254e-01,3.948457479476928711e+00,2.773753702640533447e-01,8.262158135236741252e-01,8.262158135236741252e-01,8.262158135236741252e-01,8.262158135236741252e-01
1.286038517951965332e+00,1.054563760757446289e+00,-1.092448472976684570e+00,2.473045825958251953e+00,-1.429410219192504883e+00,-9.189074039459228516e-01,-2.635574340820312500e-01,3.956973314285278320e+00,2.770832479000091553e-01,8.365062807096075304e-01,8.365062807096075304e-01,8.365062807096075304e-01,8.365062807096075304e-01
1.328656196594238281e+00,1.092066764831542969e+00,-1.116259336471557617e+00,2.537972688674926758e+00,-1.428302049636840820e+00,-9.373444318771362305e-01,-3.052083849906921387e-01,3.942099094390869141e+00,2.736538052558898926e-01,8.465352042371006025e-01,8.465352042371006025e-01,8.465352042371006025e-01,8.465352042371006025e-01
1.131963849067687988e+00,6.829832196235656738e-01,-9.440340995788574219e-01,2.144894361495971680e+00,-1.542612791061401367e+00,-9.044609665870666504e-01,1.903688311576843262e-01,3.642326593399047852e+00,2.718799114227294922e-01,8.562956002681230139e-01,8.562956002681230139e-01,8.562956002681230139e-01,8.562956002681230139e-01
1.154026508331298828e+00,7.342976331710815430e-01,-9.671938419342041016e-01,2.191024541854858398e+00,-1.530714869499206543e+00,-9.030878543853759766e-01,1.378505229949951172e-01,3.703555345535278320e+00,2.716778218746185303e-01,8.657807136921196189e-01,8.657807136921196189e-01,8.657807136921196189e-01,8.657807136921196189e-01
1.179002285003662109e+00,7.868937253952026367e-01,-9.903230667114257812e-01,2.241462469100952148e+00,-1.520902156829833984e+00,-9.048491120338439941e-01,8.099800348281860352e-02,3.761787891387939453e+00,2.693279087543487549e-01,8.749840220683855474e-01,8.749840220683855474e-01,8.749840220683855474e-01,8.749840220683855474e-01
1.206551313400268555e+00,8.396811485290527344e-01,-1.013736605644226074e+00,2.296015501022338867e+00,-1.512723922729492188e+00,-9.094863533973693848e-01,2.058541774749755859e-02,3.813880920410156250e+00,2.659512758255004883e-01,8.838992393647023826e-01,8.838992393647023826e-01,8.838992393647023826e-01,8.838992393647023826e-01
1.237009644508361816e+00,8.915594816207885742e-01,-1.037462830543518066e+00,2.354082345962524414e+00,-1.505767345428466797e+00,-9.168066382408142090e-01,-4.149860143661499023e-02,3.855875015258789062e+00,2.619940042495727539e-01,8.925203194910353854e-01,8.925203194910353854e-01,8.925203194910353854e-01,8.925203194910353854e-01
1.270826339721679688e+00,9.410908222198486328e-01,-1.061370253562927246e+00,2.414916753768920898e+00,-1.499429702758789062e+00,-9.267094135284423828e-01,-1.022139191627502441e-01,3.883282661437988281e+00,2.577127218246459961e-01,9.008414596272205088e-01,9.008414596272205088e-01,9.008414596272205088e-01,9.008414596272205088e-01
1.308455228805541992e+00,9.864073991775512695e-01,-1.085167407989501953e+00,2.477545261383056641e+00,-1.492712736129760742e+00,-9.391463398933410645e-01,-1.574616432189941406e-01,3.891298294067382812e+00,2.527682483196258545e-01,9.088571033437671254e-01,9.088571033437671254e-01,9.088571033437671254e-01,9.088571033437671254e-01
1.350280046463012695e+00,1.025155186653137207e+00,-1.108390092849731445e+00,2.540601968765258789e+00,-1.483975410461425781e+00,-9.540420770645141602e-01,-2.023313045501708984e-01,3.875430107116699219e+00,2.457292228937149048e-01,9.165619435150390570e-01,9.165619435150390570e-01,9.165619435150390570e-01,9.165619435150390570e-01
1.396486878395080566e+00,1.054486155509948730e+00,-1.130424380302429199e+00,2.602097034454345703e+00,-1.470634579658508301e+00,-9.711381793022155762e-01,-2.316420078277587891e-01,3.832999706268310547e+00,2.338968813419342041e-01,9.239509250242711191e-01,9.239509250242711191e-01,9.239509250242711191e-01,9.239509250242711191e-01
1.446869373321533203e+00,1.071190118789672852e+00,-1.150593042373657227e+00,2.659124612808227539e+00,-1.448914766311645508e+00,-9.896979331970214844e-01,-2.408733367919921875e-01,3.764111518859863281e+00,2.150071114301681519e-01,9.310192472600516966e-01,9.310192472600516966e-01,9.310192472600516966e-01,9.310192472600516966e-01
1.196926355361938477e+00,7.153843045234680176e-01,-9.874480962753295898e-01,2.257026195526123047e+00,-1.615995645523071289e+00,-9.468352198600769043e-01,1.737160086631774902e-01,3.686783552169799805e+00,2.679379880428314209e-01,9.377623664040202200e-01,9.377623664040202200e-01,9.377623664040202200e-01,9.377623664040202200e-01
1.226725697517395020e+00,7.637490034103393555e-01,-1.011985540390014648e+00,2.306873321533203125e+00,-1.601491332054138184e+00,-9.480593204498291016e-01,1.233226060867309570e-01,3.730593681335449219e+00,2.651143968105316162e-01,9.441759975097492319e-01,9.441759975097492319e-01,9.441759975097492319e-01,9.441759975097492319e-01
1.258838772773742676e+00,8.125816583633422852e-01,-1.035731077194213867e+00,2.360847949981689453e+00,-1.588518142700195312e+00,-9.519740939140319824e-01,6.918996572494506836e-02,3.766607761383056641e+00,2.596428692340850830e-01,9.502561163728926452e-01,9.502561163728926452e-01,9.502561163728926452e-01,9.502561163728926452e-01
1.293431520462036133e+00,8.599308133125305176e-01,-1.058996200561523438e+00,2.418108463287353516e+00,-1.575653195381164551e+00,-9.583771228790283203e-01,1.420176029205322266e-02,3.790172338485717773e+00,2.523055076599121094e-01,9.559989611928867426e-01,9.559989611928867426e-01,9.559989611928867426e-01,9.559989611928867426e-01
1.331011772155761719e+00,9.038793444633483887e-01,-1.081753373146057129e+00,2.477334499359130859e+00,-1.561375141143798828e+00,-9.670190811157226562e-01,-3.775095939636230469e-02,3.796534061431884766e+00,2.431102097034454346e-01,9.614010340265962684e-01,9.614010340265962684e-01,9.614010340265962684e-01,9.614010340265962684e-01
1.371950984001159668e+00,9.422009587287902832e-01,-1.103795170783996582e+00,2.536852359771728516e+00,-1.543706417083740234e+00,-9.775856733322143555e-01,-8.200192451477050781e-02,3.781508445739746094e+00,2.315458059310913086e-01,9.664591020345094652e-01,9.664591020345094652e-01,9.664591020345094652e-01,9.664591020345094652e-01
1.416373014450073242e+00,9.723439216613769531e-01,-1.124799251556396484e+00,2.594436407089233398e+00,-1.519992589950561523e+00,-9.895526766777038574e-01,-1.134830117225646973e-01,3.742491722106933594e+00,2.166083157062530518e-01,9.711701985201861564e-01,9.711701985201861564e-01,9.711701985201861564e-01,9.711701985201861564e-01
1.464015364646911621e+00,9.915820360183715820e-01,-1.144437193870544434e+00,2.647065639495849609e+00,-1.486840963363647461e+00,-1.001929283142089844e+00,-1.278334856033325195e-01,3.680343389511108398e+00,1.977379024028778076e-01,9.755316237638549381e-01,9.755316237638549381e-01,9.755316237638549381e-01,9.755316237638549381e-01
1.514068007469177246e+00,9.979227185249328613e-01,-1.162457704544067383e+00,2.690920829772949219e+00,-1.441231131553649902e+00,-1.012889981269836426e+00,-1.230130791664123535e-01,3.601153850555419922e+00,1.756000518798828125e-01,9.795409456511809942e-01,9.795409456511809942e-01,9.795409456511809942e-01,9.795409456511809942e-01
1.564930319786071777e+00,9.913766980171203613e-01,-1.178783655166625977e+00,2.722001552581787109e+00,-1.382685661315917969e+00,-1.019622921943664551e+00,-1.001641750335693359e-01,3.515383720397949219e+00,1.514295637607574463e-01,9.831960000983775982e-01,9.831960000983775982e-01,9.831960000983775982e-01,9.831960000983775982e-01
1.265925049781799316e+00,7.436025142669677734e-01,-1.033544063568115234e+00,2.373034000396728516e+00,-1.686790585517883301e+00,-9.923228621482849121e-01,1.502119898796081543e-01,3.687789440155029297e+00,2.702728509902954102e-01,9.864948912749876841e-01,9.864948912749876841e-01,9.864948912749876841e-01,9.864948912749876841e-01
1.305567979812622070e+00,7.826861143112182617e-01,-1.059643983840942383e+00,2.423241853713989258e+00,-1.662735581398010254e+00,-9.958974123001098633e-01,1.107967495918273926e-01,3.695828676223754883e+00,2.640143632888793945e-01,9.894359916257809973e-01,9.894359916257809973e-01,9.894359916257809973e-01,9.894359916257809973e-01
1.346433401107788086e+00,8.207190632820129395e-01,-1.083516836166381836e+00,2.476375341415405273e+00,-1.638000488281250000e+00,-1.000996351242065430e+00,7.075411081314086914e-02,3.691658973693847656e+00,2.535545527935028076e-01,9.920179416933812000e-01,9.920179416933812000e-01,9.920179416933812000e-01,9.920179416933812000e-01
1.388967871665954590e+00,8.549365401268005371e-01,-1.105585694313049316e+00,2.530429124832153320e+00,-1.609432935714721680e+00,-1.007207274436950684e+00,3.481310606002807617e-02,3.670708894729614258e+00,2.395065426826477051e-01,9.942396497433392266e-01,9.942396497433392266e-01,9.942396497433392266e-01,9.942396497433392266e-01
1.433505177497863770e+00,8.829327821731567383e-01,-1.125967741012573242e+00,2.582743167877197266e+00,-1.573868036270141602e+00,-1.013766765594482422e+00,7.845759391784667969e-03,3.630661010742187500e+00,2.219849228858947754e-01,9.961002911935352699e-01,9.961002911935352699e-01,9.961002911935352699e-01,9.961002911935352699e-01
1.479864835739135742e+00,9.025520682334899902e-01,-1.144735455513000488e+00,2.630053997039794922e+00,-1.528097271919250488e+00,-1.019449234008789062e+00,-6.483912467956542969e-03,3.573311328887939453e+00,2.017864584922790527e-01,9.975993078498943678e-01,9.975993078498943678e-01,9.975993078498943678e-01,9.975993078498943678e-01
1.527317166328430176e+00,9.128819704055786133e-01,-1.161905050277709961e+00,2.668688535690307617e+00,-1.470502018928527832e+00,-1.022422552108764648e+00,-6.840646266937255859e-03,3.505325794219970703e+00,1.796897053718566895e-01,9.987364069505433317e-01,9.987364069505433317e-01,9.987364069505433317e-01,9.987364069505433317e-01
1.574377536773681641e+00,9.145121574401855469e-01,-1.177573442459106445e+00,2.695223093032836914e+00,-1.402311325073242188e+00,-1.020502448081970215e+00,5.347192287445068359e-03,3.436752319335937500e+00,1.561170071363449097e-01,9.995115600206576634e-01,9.995115600206576634e-01,9.995115600206576634e-01,9.995115600206576634e-01
1.618889093399047852e+00,9.090126156806945801e-01,-1.191896915435791016e+00,2.707301855087280273e+00,-1.328097462654113770e+00,-1.011931300163269043e+00,2.700883150100708008e-02,3.377134323120117188e+00,1.315269172191619873e-01,9.999250015403662317e-01,9.999250015403662317e-01,9.999250015403662317e-01,9.999250015403662317e-01
1.658399105072021484e+00,8.981646895408630371e-01,-1.204860687255859375e+00,2.704479694366455078e+00,-1.255105018615722656e+00,-9.963790774345397949e-01,5.620956420898437500e-02,3.330727100372314453e+00,1.077446714043617249e-01,9.999772274281992779e-01,9.999772274281992779e-01,9.999772274281992779e-01,9.999772274281992779e-01
1.334927916526794434e+00,7.642453908920288086e-01,-1.079898238182067871e+00,2.485022544860839844e+00,-1.746149897575378418e+00,-1.038037657737731934e+00,1.250157952308654785e-01,3.639668464660644531e+00,2.767583429813385010e-01,9.996689933426814445e-01,9.996689933426814445e-01,9.996689933426814445e-01,9.996689933426814445e-01
1.386201143264770508e+00,7.865295410156250000e-01,-1.107807517051696777e+00,2.531054735183715820e+00,-1.701776981353759766e+00,-1.043032884597778320e+00,1.090820431709289551e-01,3.593424320220947266e+00,2.667922973632812500e-01,9.990013128047845470e-01,9.990013128047845470e-01,9.990013128047845470e-01,9.990013128047845470e-01
1.436703324317932129e+00,8.055883049964904785e-01,-1.131399631500244141e+00,2.576927900314331055e+00,-1.651669859886169434e+00,-1.046741008758544922e+00,9.743583202362060547e-02,3.534631729125976562e+00,2.510911226272583008e-01,9.979754551440589427e-01,9.979754551440589427e-01,9.979754551440589427e-01,9.979754551440589427e-01
1.486819744110107422e+00,8.192065358161926270e-01,-1.151466608047485352e+00,2.618673801422119141e+00,-1.591181039810180664e+00,-1.047779440879821777e+00,9.385830163955688477e-02,3.465456008911132812e+00,2.316549718379974365e-01,9.965929432713709346e-01,9.965929432713709346e-01,9.965929432713709346e-01,9.965929432713709346e-01
1.536168932914733887e+00,8.273054361343383789e-01,-1.168551206588745117e+00,2.652132987976074219e+00,-1.518756508827209473e+00,-1.044213533401489258e+00,9.904050827026367188e-02,3.394224166870117188e+00,2.093847543001174927e-01,9.948555512812728985e-01,9.948555512812728985e-01,9.948555512812728985e-01,9.948555512812728985e-01
1.583404183387756348e+00,8.313618898391723633e-01,-1.183217048645019531e+00,2.673809766769409180e+00,-1.436679005622863770e+00,-1.034224629402160645e+00,1.106877923011779785e-01,3.332149744033813477e+00,1.839911937713623047e-01,9.927653018871321899e-01,9.927653018871321899e-01,9.927653018871321899e-01,9.927653018871321899e-01
1.626513719558715820e+00,8.329902291297912598e-01,-1.195982933044433594e+00,2.681665897369384766e+00,-1.350844144821166992e+00,-1.017141342163085938e+00,1.252687573432922363e-01,3.287830352783203125e+00,1.551054716110229492e-01,9.903244636922419186e-01,9.903244636922419186e-01,9.903244636922419186e-01,9.903244636922419186e-01
1.663338899612426758e+00,8.326374888420104980e-01,-1.207039713859558105e+00,2.675788164138793945e+00,-1.269487619400024414e+00,-9.942362904548645020e-01,1.417762637138366699e-01,3.262163162231445312e+00,1.254985928535461426e-01,9.875355483002219437e-01,9.875355483002219437e-01,9.875355483002219437e-01,9.875355483002219437e-01
1.692149877548217773e+00,8.297575712203979492e-01,-1.216274619102478027e+00,2.658492088317871094e+00,-1.199945807456970215e+00,-9.683354496955871582e-01,1.611310839653015137e-01,3.250468254089355469e+00,9.975264966487884521e-02,9.844013072681103704e-01,9.844013072681103704e-01,9.844013072681103704e-01,9.844013072681103704e-01
1.712168693542480469e+00,8.238398432731628418e-01,-1.223535776138305664e+00,2.633553743362426758e+00,-1.146023273468017578e+00,-9.425619244575500488e-01,1.832172274589538574e-01,3.247640609741210938e+00,8.044936507940292358e-02,9.809247289056363117e-01,9.809247289056363117e-01,9.809247289056363117e-01,9.809247289056363117e-01
1.399571657180786133e+00,7.757407426834106445e-01,-1.123196363449096680e+00,2.585085391998291016e+00,-1.787390470504760742e+00,-1.081217765808105469e+00,1.054529547691345215e-01,3.550100803375244141e+00,2.862791419029235840e-01,9.771090349242249617e-01,9.771090349242249617e-01,9.771090349242249617e-01,9.771090349242249617e-01
1.462925553321838379e+00,7.742071151733398438e-01,-1.152404904365539551e+00,2.621991157531738281e+00,-1.710437536239624023e+00,-1.086303472518920898e+00,1.237517595291137695e-01,3.438809871673583984e+00,2.761459052562713623e-01,9.729576769393974978e-01,9.729576769393974978e-01,9.729576769393974978e-01,9.729576769393974978e-01
1.522341609001159668e+00,7.680662870407104492e-01,-1.174841523170471191e+00,2.653001785278320312e+00,-1.620808243751525879e+00,-1.084406137466430664e+00,1.485107541084289551e-01,3.328996658325195312e+00,2.618719935417175293e-01,9.684743328302596321e-01,9.684743328302596321e-01,9.684743328302596321e-01,9.684743328302596321e-01
1.577856183052062988e+00,7.611210346221923828e-01,-1.191724300384521484e+00,2.672471284866333008e+00,-1.519151449203491211e+00,-1.072530627250671387e+00,1.771981418132781982e-01,3.237085103988647461e+00,2.410142421722412109e-01,9.636629029598831053e-01,9.636629029598831053e-01,9.636629029598831053e-01,9.636629029598831053e-01
1.627405285835266113e+00,7.576093673706054688e-01,-1.204515576362609863e+00,2.677208662033081055e+00,-1.411842107772827148e+00,-1.049574971199035645e+00,2.035377025604248047e-01,3.177851200103759766e+00,2.103815227746963501e-01,9.585275062604279306e-01,9.585275062604279306e-01,9.585275062604279306e-01,9.585275062604279306e-01
1.668514728546142578e+00,7.592047452926635742e-01,-1.214193105697631836e+00,2.666962146759033203e+00,-1.309351801872253418e+00,-1.017816543579101562e+00,2.224174737930297852e-01,3.155514478683471680e+00,1.717989295721054077e-01,9.530724761869073802e-01,9.530724761869073802e-01,9.530724761869073802e-01,9.530724761869073802e-01
1.699153780937194824e+00,7.635192871093750000e-01,-1.221102714538574219e+00,2.644553661346435547e+00,-1.222122311592102051e+00,-9.824701547622680664e-01,2.360602021217346191e-01,3.159334182739257812e+00,1.338888853788375854e-01,9.473023565436027305e-01,9.473023565436027305e-01,9.473023565436027305e-01,9.473023565436027305e-01
1.718623757362365723e+00,7.669606208801269531e-01,-1.225452661514282227e+00,2.614660739898681641e+00,-1.155515551567077637e+00,-9.488739371299743652e-01,2.482795119285583496e-01,3.175939083099365234e+00,1.035351902246475220e-01,9.412218971871184614e-01,9.412218971871184614e-01,9.412218971871184614e-01,9.412218971871184614e-01
1.727797865867614746e+00,7.673934102058410645e-01,-1.227478504180908203e+00,2.582048416137695312e+00,-1.109303832054138184e+00,-9.203632473945617676e-01,2.606400251388549805e-01,3.196574211120605469e+00,8.243471384048461914e-02,9.348360496101995043e-01,9.348360496101995043e-01,9.348360496101995043e-01,9.348360496101995043e-01
1.728668451309204102e+00,7.648874521255493164e-01,-1.227321147918701172e+00,2.550400257110595703e+00,-1.080006241798400879e+00,-8.979873061180114746e-01,2.724117040634155273e-01,3.217451095581054688e+00,6.911152601242065430e-02,9.281499624104136981e-01,9.281499624104136981e-01,9.281499624104136981e-01,9.281499624104136981e-01
1.455021142959594727e+00,7.782895565032958984e-01,-1.158980250358581543e+00,2.665834188461303711e+00,-1.808760166168212891e+00,-1.119457721710205078e+00,9.557944536209106445e-02,3.441009521484375000e+00,3.002803623676300049e-01,9.211689766478957653e-01,9.211689766478957653e-01,9.211689766478957653e-01,9.211689766478957653e-01
1.529103755950927734e+00,7.489318251609802246e-01,-1.187845230102539062e+00,2.689558982849121094e+00,-1.690694451332092285e+00,-1.123580932617187500e+00,1.501568257808685303e-01,3.271805286407470703e+00,2.992635071277618408e-01,9.138986210963619961e-01,9.138986210963619961e-01,9.138986210963619961e-01,9.138986210963619961e-01
1.595242261886596680e+00,7.187979817390441895e-01,-1.207363009452819824e+00,2.699895381927490234e+00,-1.557909011840820312e+00,-1.111785292625427246e+00,2.077010869979858398e-01,3.134024143218994141e+00,2.882077693939208984e-01,9.063446073916516799e-01,9.063446073916516799e-01,9.063446073916516799e-01,9.063446073916516799e-01
1.652233958244323730e+00,6.997472643852233887e-01,-1.219972372055053711e+00,2.691570997238159180e+00,-1.420974016189575195e+00,-1.081202983856201172e+00,2.566043436527252197e-01,3.053853034973144531e+00,2.565641403198242188e-01,8.985128250820916262e-01,8.985128250820916262e-01,8.985128250820916262e-01,8.985128250820916262e-01
1.696534633636474609e+00,6.959318518638610840e-01,-1.227493643760681152e+00,2.665517330169677734e+00,-1.295270800590515137e+00,-1.036792874336242676e+00,2.871975898742675781e-01,3.036661386489868164e+00,2.077151387929916382e-01,8.904093365850018760e-01,8.904093365850018760e-01,8.904093365850018760e-01,8.904093365850018760e-01
1.725630402565002441e+00,7.022795081138610840e-01,-1.230441212654113770e+00,2.627393722534179688e+00,-1.194687843322753906e+00,-9.888352155685424805e-01,3.033075928688049316e-01,3.059900760650634766e+00,1.575442999601364136e-01,8.820403720537021153e-01,8.820403720537021153e-01,8.820403720537021153e-01,8.820403720537021153e-01
1.739380836486816406e+00,7.108793854713439941e-01,-1.229582548141479492e+00,2.584535837173461914e+00,-1.123437881469726562e+00,-9.462296366691589355e-01,3.121079206466674805e-01,3.099086284637451172e+00,1.176041364669799805e-01,8.734123241593628739e-01,8.734123241593628739e-01,8.734123241593628739e-01,8.734123241593628739e-01
1.740243673324584961e+00,7.170028686523437500e-01,-1.225896477699279785e+00,2.542786598205566406e+00,-1.077917933464050293e+00,-9.129451513290405273e-01,3.176347613334655762e-01,3.140356540679931641e+00,9.017869830131530762e-02,8.645317427921395126e-01,8.645317427921395126e-01,8.645317427921395126e-01,8.645317427921395126e-01
1.731931805610656738e+00,7.203422188758850098e-01,-1.219865560531616211e+00,2.505670309066772461e+00,-1.051674962043762207e+00,-8.889518976211547852e-01,3.201707005500793457e-01,3.179402351379394531e+00,7.286456227302551270e-02,8.554053296859632782e-01,8.554053296859632782e-01,8.554053296859632782e-01,8.554053296859632782e-01
1.717961192131042480e+00,7.227571010589599609e-01,-1.211776018142700195e+00,2.474822521209716797e+00,-1.038595080375671387e+00,-8.725205659866333008e-01,3.184477686882019043e-01,3.216408729553222656e+00,6.249175965785980225e-02,8.460399329714265448e-01,8.460399329714265448e-01,8.460399329714265448e-01,8.460399329714265448e-01
1.496490836143493652e+00,7.745480537414550781e-01,-1.182998776435852051e+00,2.721612691879272461e+00,-1.813823461532592773e+00,-1.150312423706054688e+00,9.324738383293151855e-02,3.343128442764282227e+00,3.183712363243103027e-01,8.364425416612020214e-01,8.364425416612020214e-01,8.364425416612020214e-01,8.364425416612020214e-01
1.578313946723937988e+00,7.193457484245300293e-01,-1.209050655364990234e+00,2.730862855911254883e+00,-1.655846834182739258e+00,-1.153536915779113770e+00,1.780015528202056885e-01,3.133096694946289062e+00,3.276838064193725586e-01,8.266202800724274935e-01,8.266202800724274935e-01,8.266202800724274935e-01,8.266202800724274935e-01
1.647848367691040039e+00,6.718060970306396484e-01,-1.224084615707397461e+00,2.719347238540649414e+00,-1.486442804336547852e+00,-1.130443692207336426e+00,2.567160129547119141e-01,2.990079402923583984e+00,3.114038705825805664e-01,8.165804021905187504e-01,8.165804021905187504e-01,8.165804021905187504e-01,8.165804021905187504e-01
1.702535271644592285e+00,6.494671106338500977e-01,-1.231609463691711426e+00,2.684202671051025391e+00,-1.326729774475097656e+00,-1.081468939781188965e+00,3.105511367321014404e-01,2.941504001617431641e+00,2.614429295063018799e-01,8.063302859788268329e-01,8.063302859788268329e-01,8.063302859788268329e-01,8.063302859788268329e-01
1.737986087799072266e+00,6.505983471870422363e-01,-1.232495784759521484e+00,2.632528543472290039e+00,-1.198064684867858887e+00,-1.021193981170654297e+00,3.380238711833953857e-01,2.964840888977050781e+00,1.977827250957489014e-01,7.958774276386149094e-01,7.958774276386149094e-01,7.958774276386149094e-01,7.958774276386149094e-01
1.752790093421936035e+00,6.624639630317687988e-01,-1.227296113967895508e+00,2.575479745864868164e+00,-1.108800768852233887e+00,-9.657382965087890625e-01,3.491597175598144531e-01,3.019182682037353516e+00,1.424784362316131592e-01,7.852294358237701388e-01,7.852294358237701388e-01,7.852294358237701388e-01,7.852294358237701388e-01
1.749873042106628418e+00,6.746137738227844238e-01,-1.218063473701477051e+00,2.521642684936523438e+00,-1.053590893745422363e+00,-9.229003787040710449e-01,3.514373898506164551e-01,3.079562187194824219e+00,1.029294580221176147e-01,7.743940258146908562e-01,7.743940258146908562e-01,7.743940258146908562e-01,7.743940258146908562e-01
1.734758496284484863e+00,6.841629147529602051e-01,-1.206165552139282227e+00,2.475350379943847656e+00,-1.023145556449890137e+00,-8.929697871208190918e-01,3.475213050842285156e-01,3.137509822845458984e+00,7.762431353330612183e-02,7.633790136557476735e-01,7.633790136557476735e-01,7.633790136557476735e-01,7.633790136557476735e-01
1.712671756744384766e+00,6.929495334625244141e-01,-1.192148685455322266e+00,2.438246250152587891e+00,-1.009181022644042969e+00,-8.731878399848937988e-01,3.367804288864135742e-01,3.193129539489746094e+00,6.272891163825988770e-02,7.521923102607452893e-01,7.521923102607452893e-01,7.521923102607452893e-01,7.521923102607452893e-01
1.687320470809936523e+00,7.035998106002807617e-01,-1.176495671272277832e+00,2.410544395446777344e+00,-1.005767107009887695e+00,-8.606582880020141602e-01,3.181365132331848145e-01,3.248466730117797852e+00,5.500193312764167786e-02,7.408419154907406323e-01,7.408419154907406323e-01,7.408419154907406323e-01,7.408419154907406323e-01
1.520239233970642090e+00,7.688523530960083008e-01,-1.192819118499755859e+00,2.749583005905151367e+00,-1.809518337249755859e+00,-1.171081781387329102e+00,9.431248903274536133e-02,3.280482530593872070e+00,3.319715857505798340e-01,7.293359122085883994e-01,7.293359122085883994e-01,7.293359122085883994e-01,7.293359122085883994e-01
1.605588436126708984e+00,6.949953436851501465e-01,-1.213928222656250000e+00,2.746524095535278320e+00,-1.621304750442504883e+00,-1.174972534179687500e+00,1.967836022377014160e-01,3.048018455505371094e+00,3.455621004104614258e-01,7.176824603145650627e-01,7.176824603145650627e-01,7.176824603145650627e-01,7.176824603145650627e-01
1.675160527229309082e+00,6.377068161964416504e-01,-1.223361134529113770e+00,2.717041254043579102e+00,-1.426443219184875488e+00,-1.143699169158935547e+00,2.824726402759552002e-01,2.912512302398681641e+00,3.190820813179016113e-01,7.058897907673444827e-01,7.058897907673444827e-01,7.058897907673444827e-01,7.058897907673444827e-01
1.725270509719848633e+00,6.163822412490844727e-01,-1.225044012069702148e+00,2.661409854888916016e+00,-1.254288554191589355e+00,-1.082185149192810059e+00,3.329795300960540771e-01,2.893026351928710938e+00,2.539128959178924561e-01,6.939661995946512230e-01,6.939661995946512230e-01,6.939661995946512230e-01,6.939661995946512230e-01
1.751194238662719727e+00,6.226533651351928711e-01,-1.218579173088073730e+00,2.592332839965820312e+00,-1.127847909927368164e+00,-1.013214349746704102e+00,3.560407161712646484e-01,2.942313671112060547e+00,1.825520098209381104e-01,6.819200418977949818e-01,6.819200418977949818e-01,6.819200418977949818e-01,6.819200418977949818e-01
1.753053903579711914e+00,6.393377184867858887e-01,-1.205207824707031250e+00,2.524150133132934570e+00,-1.047449231147766113e+00,-9.551084041595458984e-01,3.613673448562622070e-01,3.015420436859130859e+00,1.252328604459762573e-01,6.697597258543279697e-01,6.697597258543279697e-01,6.697597258543279697e-01,6.697597258543279697e-01
1.736477017402648926e+00,6.558793783187866211e-01,-1.187954425811767578e+00,2.464838504791259766e+00,-1.001888036727905273e+00,-9.132367372512817383e-01,3.549847602844238281e-01,3.091341972351074219e+00,8.657558262348175049e-02,6.574937067229952303e-01,6.574937067229952303e-01,6.574937067229952303e-01,6.574937067229952303e-01
1.708837389945983887e+00,6.713987588882446289e-01,-1.168320178985595703e+00,2.417266368865966797e+00,-9.800238609313964844e-01,-8.853116035461425781e-01,3.381868004798889160e-01,3.166145324707031250e+00,6.387448310852050781e-02,6.451304808550943903e-01,6.451304808550943903e-01,6.451304808550943903e-01,6.451304808550943903e-01
1.675812363624572754e+00,6.888038516044616699e-01,-1.147026777267456055e+00,2.382064104080200195e+00,-9.736524820327758789e-01,-8.674163818359375000e-01,3.100608587265014648e-01,3.241689205169677734e+00,5.311301723122596741e-02,6.326785797163528846e-01,6.326785797163528846e-01,6.326785797163528846e-01,6.326785797163528846e-01
1.640901565551757812e+00,7.106425166130065918e-01,-1.124856829643249512e+00,2.358814477920532227e+00,-9.773744344711303711e-01,-8.564506173133850098e-01,2.705385088920593262e-01,3.318537712097167969e+00,4.978542029857635498e-02,6.201465639233588734e-01,6.201465639233588734e-01,6.201465639233588734e-01,6.201465639233588734e-01
1.524627208709716797e+00,7.646917104721069336e-01,-1.188800096511840820e+00,2.749888181686401367e+00,-1.801581859588623047e+00,-1.179280161857604980e+00,9.551355242729187012e-02,3.265006542205810547e+00,3.336907029151916504e-01,6.075430172985684107e-01,6.075430172985684107e-01,6.075430172985684107e-01,6.075430172985684107e-01
1.608887195587158203e+00,6.828264594078063965e-01,-1.203853487968444824e+00,2.739349842071533203e+00,-1.598152518272399902e+00,-1.186120629310607910e+00,2.005823254585266113e-01,3.027570247650146484e+00,3.453816771507263184e-01,5.948765409477849708e-01,5.948765409477849708e-01,5.948765409477849708e-01,5.948765409477849708e-01
1.675638437271118164e+00,6.225044131278991699e-01,-1.206990599632263184e+00,2.699647903442382812e+00,-1.390362620353698730e+00,-1.153439283370971680e+00,2.823758125305175781e-01,2.900886058807373047e+00,3.101890981197357178e-01,5.821557473640577296e-01,5.821557473640577296e-01,5.821557473640577296e-01,5.821557473640577296e-01
1.720479369163513184e+00,6.026846170425415039e-01,-1.202447414398193359e+00,2.633017063140869141e+00,-1.211523532867431641e+00,-1.088069677352905273e+00,3.262022435665130615e-01,2.896867036819458008e+00,2.377791702747344971e-01,5.693892545618295387e-01,5.693892545618295387e-01,5.693892545618295387e-01,5.693892545618295387e-01
1.738689661026000977e+00,6.123743653297424316e-01,-1.189122557640075684e+00,2.555009841918945312e+00,-1.084909558296203613e+00,-1.016258001327514648e+00,3.436883985996246338e-01,2.958616256713867188e+00,1.642498373985290527e-01,5.565856802450885876e-01,5.565856802450885876e-01,5.565856802450885876e-01,5.565856802450885876e-01
1.731268763542175293e+00,6.335927844047546387e-01,-1.168546199798583984e+00,2.481397151947021484e+00,-1.006986975669860840e+00,-9.570233821868896484e-01,3.416367173194885254e-01,3.043420314788818359e+00,1.073117479681968689e-01,5.437536360132797508e-01,5.437536360132797508e-01,5.437536360132797508e-01,5.437536360132797508e-01
1.705089092254638672e+00,6.563774347305297852e-01,-1.144155859947204590e+00,2.419958829879760742e+00,-9.647881388664245605e-01,-9.148110151290893555e-01,3.234980702400207520e-01,3.133976936340332031e+00,7.121571898460388184e-02,5.309017216086476809e-01,5.309017216086476809e-01,5.309017216086476809e-01,5.309017216086476809e-01
1.668170690536499023e+00,6.805601716041564941e-01,-1.117776274681091309e+00,2.373180150985717773e+00,-9.470998644828796387e-01,-8.866301774978637695e-01,2.895548343658447266e-01,3.227785825729370117e+00,5.340658500790596008e-02,5.180385192085845691e-01,5.180385192085845691e-01,5.180385192085845691e-01,5.180385192085845691e-01
1.626293540000915527e+00,7.090922594070434570e-01,-1.090507149696350098e+00,2.341446399688720703e+00,-9.459856152534484863e-01,-8.684061765670776367e-01,2.400557994842529297e-01,3.323751211166381836e+00,4.765140265226364136e-02,5.051725877665290687e-01,5.051725877665290687e-01,5.051725877665290687e-01,5.051725877665290687e-01
1.582946300506591797e+00,7.440309524536132812e-01,-1.063519001007080078e+00,2.324082136154174805e+00,-9.561468958854675293e-01,-8.571099638938903809e-01,1.762261986732482910e-01,3.419515371322631836e+00,4.802811145782470703e-02,4.923124574049301261e-01,4.923124574049301261e-01,4.923124574049301261e-01,4.923124574049301261e-01
1.510398387908935547e+00,7.633092999458312988e-01,-1.173470377922058105e+00,2.724833011627197266e+00,-1.792364001274108887e+00,-1.173466801643371582e+00,9.667450189590454102e-02,3.296875000000000000e+00,3.230552673339843750e-01,4.794666238636033917e-01,4.794666238636033917e-01,4.794666238636033917e-01,4.794666238636033917e-01
1.589182376861572266e+00,6.856755614280700684e-01,-1.182618737220764160e+00,2.712743520736694336e+00,-1.591225504875183105e+00,-1.184596776962280273e+00,1.904776394367218018e-01,3.071923255920410156e+00,3.285419940948486328e-01,4.666435430068938683e-01,4.666435430068938683e-01,4.666435430068938683e-01,4.666435430068938683e-01
1.650618195533752441e+00,6.288287043571472168e-01,-1.179535388946533203e+00,2.672438144683837891e+00,-1.384499549865722656e+00,-1.158200740814208984e+00,2.605546116828918457e-01,2.952055931091308594e+00,2.899712026119232178e-01,4.538516253928440713e-01,4.538516253928440713e-01,4.538516253928440713e-01,4.538516253928440713e-01
1.690294027328491211e+00,6.103948950767517090e-01,-1.169004201889038086e+00,2.605987548828125000e+00,-1.203896522521972656e+00,-1.098731637001037598e+00,2.939558625221252441e-01,2.950537204742431641e+00,2.182262390851974487e-01,4.410992309076136597e-01,4.410992309076136597e-01,4.410992309076136597e-01,4.410992309076136597e-01
1.703732132911682129e+00,6.215697526931762695e-01,-1.150174498558044434e+00,2.528158426284790039e+00,-1.073679924011230469e+00,-1.030009746551513672e+00,3.024243712425231934e-01,3.014607667922973633e+00,1.474645137786865234e-01,4.283946634682219701e-01,4.283946634682219701e-01,4.283946634682219701e-01,4.283946634682219701e-01
1.691690921783447266e+00,6.469855904579162598e-01,-1.124119877815246582e+00,2.454858541488647461e+00,-9.923515915870666504e-01,-9.710128307342529297e-01,2.897171378135681152e-01,3.106181859970092773e+00,9.409229457378387451e-02,4.157461657966775026e-01,4.157461657966775026e-01,4.157461657966775026e-01,4.157461657966775026e-01
1.660494804382324219e+00,6.774106621742248535e-01,-1.094172835350036621e+00,2.394770622253417969e+00,-9.483584761619567871e-01,-9.274007081985473633e-01,2.560892701148986816e-01,3.209903001785278320e+00,6.283089518547058105e-02,4.031619142684702561e-01,4.031619142684702561e-01,4.031619142684702561e-01,4.031619142684702561e-01
1.617823362350463867e+00,7.118959426879882812e-01,-1.062746167182922363e+00,2.351041316986083984e+00,-9.312360882759094238e-01,-8.972555994987487793e-01,2.021307945251464844e-01,3.319278478622436523e+00,4.932755604386329651e-02,3.906500138382740794e-01,3.906500138382740794e-01,3.906500138382740794e-01,3.906500138382740794e-01
1.569530248641967773e+00,7.525632977485656738e-01,-1.031505823135375977e+00,2.324321746826171875e+00,-9.331707358360290527e-01,-8.770420551300048828e-01,1.293697357177734375e-01,3.429038286209106445e+00,4.607836157083511353e-02,3.782184930457184180e-01,3.782184930457184180e-01,3.782184930457184180e-01,3.782184930457184180e-01
1.519448161125183105e+00,8.006480932235717773e-01,-1.002105951309204102e+00,2.313840866088867188e+00,-9.485110044479370117e-01,-8.639240860939025879e-01,4.041373729705810547e-02,3.534207820892333984e+00,4.753362759947776794e-02,3.658752991039073144e-01,3.658752991039073144e-01,3.658752991039073144e-01,3.658752991039073144e-01
1.478435039520263672e+00,7.636256217956542969e-01,-1.149166464805603027e+00,2.675971984863281250e+00,-1.781185150146484375e+00,-1.153305888175964355e+00,9.991958737373352051e-02,3.370300054550170898e+00,3.053174018859863281e-01,3.536282930733682939e-01,3.536282930733682939e-01,3.536282930733682939e-01,3.536282930733682939e-01
1.547603130340576172e+00,7.025330662727355957e-01,-1.153827667236328125e+00,2.667946815490722656e+00,-1.600774288177490234e+00,-1.167710781097412109e+00,1.707545220851898193e-01,3.178126335144042969e+00,3.022237122058868408e-01,3.414852451239845932e-01,3.414852451239845932e-01,3.414852451239845932e-01,3.414852451239845932e-01
1.601077198982238770e+00,6.571986675262451172e-01,-1.146051049232482910e+00,2.636785507202148438e+00,-1.412476778030395508e+00,-1.152992725372314453e+00,2.216518819332122803e-01,3.069028615951538086e+00,2.664312422275543213e-01,3.294538298873727067e-01,3.294538298873727067e-01,3.294538298873727067e-01,3.294538298873727067e-01
1.635400533676147461e+00,6.424068808555603027e-01,-1.130876421928405762e+00,2.582895994186401367e+00,-1.240310549736022949e+00,-1.109051704406738281e+00,2.393232882022857666e-01,3.062646150588989258e+00,2.033339887857437134e-01,3.175416219021218178e-01,3.175416219021218178e-01,3.175416219021218178e-01,3.175416219021218178e-01
1.646821856498718262e+00,6.543545722961425781e-01,-1.108770012855529785e+00,2.516861438751220703e+00,-1.107724785804748535e+00,-1.051693081855773926e+00,2.322436571121215820e-01,3.122121334075927734e+00,1.404336690902709961e-01,3.057560911542184234e-01,3.057560911542184234e-01,3.057560911542184234e-01,3.057560911542184234e-01
1.635160326957702637e+00,6.829056739807128906e-01,-1.080271959304809570e+00,2.452399969100952148e+00,-1.019649744033813477e+00,-9.973301291465759277e-01,2.037486433982849121e-01,3.214520931243896484e+00,9.377253800630569458e-02,2.941045987148475094e-01,2.941045987148475094e-01,2.941045987148475094e-01,2.941045987148475094e-01
1.604645609855651855e+00,7.205796241760253906e-01,-1.047963619232177734e+00,2.399147748947143555e+00,-9.692441225051879883e-01,-9.536725282669067383e-01,1.527810692787170410e-01,3.322956323623657227e+00,6.643556803464889526e-02,2.825943924777389871e-01,2.825943924777389871e-01,2.825943924777389871e-01,2.825943924777389871e-01
1.561544656753540039e+00,7.649197578430175781e-01,-1.014686226844787598e+00,2.361644029617309570e+00,-9.480147957801818848e-01,-9.214298725128173828e-01,7.973003387451171875e-02,3.436769723892211914e+00,5.382933467626571655e-02,2.712326029980948183e-01,2.712326029980948183e-01,2.712326029980948183e-01,2.712326029980948183e-01
1.511497974395751953e+00,8.162947297096252441e-01,-9.827677011489868164e-01,2.341285467147827148e+00,-9.485810995101928711e-01,-8.985810875892639160e-01,-1.313626766204833984e-02,3.547590255737304688e+00,4.997057467699050903e-02,2.600262394351012807e-01,2.600262394351012807e-01,2.600262394351012807e-01,2.600262394351012807e-01
1.458896875381469727e+00,8.746444582939147949e-01,-9.543572664260864258e-01,2.337445020675659180e+00,-9.647908806800842285e-01,-8.829346895217895508e-01,-1.212728023529052734e-01,3.648129940032958984e+00,5.113720521330833435e-02,2.489821855998425870e-01,2.489821855998425870e-01,2.489821855998425870e-01,2.489821855998425870e-01
1.430061578750610352e+00,7.630679011344909668e-01,-1.117551326751708984e+00,2.604869365692138672e+00,-1.764264106750488281e+00,-1.119996309280395508e+00,1.071719527244567871e-01,3.472530364990234375e+00,2.890303730964660645e-01,2.381071961104612167e-01,2.381071961104612167e-01,2.381071961104612167e-01,2.381071961104612167e-01
1.486229896545410156e+00,7.284161448478698730e-01,-1.120243787765502930e+00,2.604656457901000977e+00,-1.619805335998535156e+00,-1.133875966072082520e+00,1.461964249610900879e-01,3.335285663604736328e+00,2.785409092903137207e-01,2.274078926562542735e-01,2.274078926562542735e-01,2.274078926562542735e-01,2.274078926562542735e-01
1.529172062873840332e+00,7.041212320327758789e-01,-1.111376881599426270e+00,2.589797973632812500e+00,-1.468315124511718750e+00,-1.130346655845642090e+00,1.696934103965759277e-01,3.252515077590942383e+00,2.496623396873474121e-01,2.168907603723183031e-01,2.168907603723183031e-01,2.168907603723183031e-01,2.168907603723183031e-01
1.557196736335754395e+00,6.993893980979919434e-01,-1.095188379287719727e+00,2.559181213378906250e+00,-1.322564363479614258e+00,-1.107025861740112305e+00,1.669605970382690430e-01,3.242852687835693359e+00,2.036232948303222656e-01,2.065621443262498635e-01,2.065621443262498635e-01,2.065621443262498635e-01,2.065621443262498635e-01
1.568037033081054688e+00,7.146701812744140625e-01,-1.073614835739135742e+00,2.517843008041381836e+00,-1.199182868003845215e+00,-1.070074439048767090e+00,1.390527486801147461e-01,3.292563438415527344e+00,1.543710827827453613e-01,1.964282461183828321e-01,1.964282461183828321e-01,1.964282461183828321e-01,1.964282461183828321e-01
1.560981154441833496e+00,7.452289462089538574e-01,-1.047546982765197754e+00,2.474311113357543945e+00,-1.107985973358154297e+00,-1.029333710670471191e+00,9.153842926025390625e-02,3.375013828277587891e+00,1.150399446487426758e-01,1.864951205968755632e-01,1.864951205968755632e-01,1.864951205968755632e-01,1.864951205968755632e-01
1.537857055664062500e+00,7.866536378860473633e-01,-1.018644571304321289e+00,2.436703681945800781e+00,-1.049170970916748047e+00,-9.921100735664367676e-01,2.522414922714233398e-02,3.472794055938720703e+00,8.933413028717041016e-02,1.767686726889310944e-01,1.767686726889310944e-01,1.767686726889310944e-01,1.767686726889310944e-01
1.502474546432495117e+00,8.362166285514831543e-01,-9.893094301223754883e-01,2.410377502441406250e+00,-1.018380403518676758e+00,-9.616298675537109375e-01,-5.950951576232910156e-02,3.574311017990112305e+00,7.563176751136779785e-02,1.672546543492949844e-01,1.672546543492949844e-01,1.672546543492949844e-01,1.672546543492949844e-01
1.459392189979553223e+00,8.924126029014587402e-01,-9.620563983917236328e-01,2.397762775421142578e+00,-1.010012626647949219e+00,-9.383660554885864258e-01,-1.600902080535888672e-01,3.670238018035888672e+00,7.099825143814086914e-02,1.579586616271561605e-01,1.579586616271561605e-01,1.579586616271561605e-01,1.579586616271561605e-01
1.413069128990173340e+00,9.536648392677307129e-01,-9.391749501228332520e-01,2.398932456970214844e+00,-1.018227100372314453e+00,-9.217088818550109863e-01,-2.711522579193115234e-01,3.753276348114013672e+00,7.388395071029663086e-02,1.488861318524182797e-01,1.488861318524182797e-01,1.488861318524182797e-01,1.488861318524182797e-01
1.368546605110168457e+00,7.583275437355041504e-01,-1.080295801162719727e+00,2.514735221862792969e+00,-1.736265301704406738e+00,-1.076633691787719727e+00,1.204903721809387207e-01,3.577366352081298828e+00,2.778513431549072266e-01,1.400423409422434373e-01,1.400423409422434373e-01,1.400423409422434373e-01,1.400423409422434373e-01
1.410145998001098633e+00,7.531723380088806152e-01,-1.083825826644897461e+00,2.522841215133666992e+00,-1.632301449775695801e+00,-1.085389971733093262e+00,1.242300271987915039e-01,3.508168458938598633e+00,2.664461731910705566e-01,1.314324008287198753e-01,1.314324008287198753e-01,1.314324008287198753e-01,1.314324008287198753e-01
1.441367626190185547e+00,7.562955021858215332e-01,-1.078501105308532715e+00,2.525404214859008789e+00,-1.527310609817504883e+00,-1.086239337921142578e+00,1.146087646484375000e-01,3.470633745193481445e+00,2.459021508693695068e-01,1.230612570083537971e-01,1.230612570083537971e-01,1.230612570083537971e-01,1.230612570083537971e-01
1.462273240089416504e+00,7.698684930801391602e-01,-1.067218422889709473e+00,2.521161317825317383e+00,-1.424320220947265625e+00,-1.078283309936523438e+00,8.800774812698364258e-02,3.470828056335449219e+00,2.183969169855117798e-01,1.149336862140613036e-01,1.149336862140613036e-01,1.149336862140613036e-01,1.149336862140613036e-01
1.472538232803344727e+00,7.945703268051147461e-01,-1.052050113677978516e+00,2.511168003082275391e+00,-1.329903364181518555e+00,-1.062684178352355957e+00,4.225784540176391602e-02,3.507112026214599609e+00,1.875362545251846313e-01,1.070542942101916362e-01,1.070542942101916362e-01,1.070542942101916362e-01,1.070542942101916362e-01
1.472066402435302734e+00,8.286812305450439453e-01,-1.034462332725524902e+00,2.498337984085083008e+00,-1.250680446624755859e+00,-1.042569875717163086e+00,-1.955962181091308594e-02,3.567256450653076172e+00,1.592999398708343506e-01,9.942751371108399239e-02,9.942751371108399239e-02,9.942751371108399239e-02,9.942751371108399239e-02
1.461625099182128906e+00,8.699384331703186035e-01,-1.015741348266601562e+00,2.486318111419677734e+00,-1.190271496772766113e+00,-1.021433830261230469e+00,-9.341740608215332031e-02,3.637912273406982422e+00,1.380485147237777710e-01,9.205760242352900580e-02,9.205760242352900580e-02,9.205760242352900580e-02,9.205760242352900580e-02
1.442936897277832031e+00,9.164485335350036621e-01,-9.973104000091552734e-01,2.478404283523559570e+00,-1.148905158042907715e+00,-1.001976966857910156e+00,-1.765138506889343262e-01,3.709540367126464844e+00,1.253477931022644043e-01,8.494864121344558594e-02,8.494864121344558594e-02,8.494864121344558594e-02,8.494864121344558594e-02
1.418493866920471191e+00,9.665507078170776367e-01,-9.806917309761047363e-01,2.476826906204223633e+00,-1.124584555625915527e+00,-9.858745336532592773e-01,-2.660145759582519531e-01,3.775633096694946289e+00,1.213203072547912598e-01,7.810453239699444161e-02,7.810453239699444161e-02,7.810453239699444161e-02,7.810453239699444161e-02
1.391261219978332520e+00,1.018464922904968262e+00,-9.672946929931640625e-01,2.482508897781372070e+00,-1.114105701446533203e+00,-9.740393757820129395e-01,-3.580468893051147461e-01,3.831852436065673828e+00,1.257319748401641846e-01,7.152899815626634350e-02,7.152899815626634350e-02,7.152899815626634350e-02,7.152899815626634350e-02
1.299276709556579590e+00,7.467122077941894531e-01,-1.039651870727539062e+00,2.410781145095825195e+00,-1.693486452102661133e+00,-1.027497410774230957e+00,1.399114131927490234e-01,3.654168367385864258e+00,2.701213955879211426e-01,6.522557907960846446e-02,6.522557907960846446e-02,6.522557907960846446e-02,6.522557907960846446e-02
1.327197670936584473e+00,7.661104798316955566e-01,-1.045909285545349121e+00,2.424985647201538086e+00,-1.622499108314514160e+00,-1.028746604919433594e+00,1.146297454833984375e-01,3.643608570098876953e+00,2.617240250110626221e-01,5.919763282653395242e-02,5.919763282653395242e-02,5.919763282653395242e-02,5.919763282653395242e-02
1.348077893257141113e+00,7.930118441581726074e-01,-1.047033667564392090e+00,2.439893722534179688e+00,-1.555653095245361328e+00,-1.027253150939941406e+00,7.660633325576782227e-02,3.650834321975708008e+00,2.491503059864044189e-01,5.344833291715439527e-02,5.344833291715439527e-02,5.344833291715439527e-02,5.344833291715439527e-02
1.362987756729125977e+00,8.259531855583190918e-01,-1.044920086860656738e+00,2.454782724380493164e+00,-1.492387890815734863e+00,-1.023561954498291016e+00,2.714526653289794922e-02,3.672854423522949219e+00,2.345420420169830322e-01,4.798066764590924738e-02,4.798066764590924738e-02,4.798066764590924738e-02,4.798066764590924738e-02
1.372891902923583984e+00,8.635879158973693848e-01,-1.040926933288574219e+00,2.469319105148315430e+00,-1.433373332023620605e+00,-1.018358111381530762e+00,-3.225016593933105469e-02,3.705823898315429688e+00,2.196040749549865723e-01,4.279743911934286160e-02,4.279743911934286160e-02,4.279743911934286160e-02,4.279743911934286160e-02
1.378633022308349609e+00,9.042982459068298340e-01,-1.036060333251953125e+00,2.483565330505371094e+00,-1.379690051078796387e+00,-1.012532114982604980e+00,-9.937530755996704102e-02,3.745014667510986328e+00,2.059780210256576538e-01,3.790126241759156356e-02,3.790126241759156356e-02,3.790126241759156356e-02,3.790126241759156356e-02
1.381070733070373535e+00,9.462758302688598633e-01,-1.031032562255859375e+00,2.497802019119262695e+00,-1.332365751266479492e+00,-1.007076025009155273e+00,-1.709440350532531738e-01,3.785207509994506836e+00,1.952374428510665894e-01,3.329456487914606022e-02,3.329456487914606022e-02,3.329456487914606022e-02,3.329456487914606022e-02
1.381128668785095215e+00,9.878158569335937500e-01,-1.026320338249206543e+00,2.512363195419311523e+00,-1.291979789733886719e+00,-1.002905368804931641e+00,-2.432153820991516113e-01,3.821950435638427734e+00,1.885781735181808472e-01,2.897958550841633896e-02,2.897958550841633896e-02,2.897958550841633896e-02,2.897958550841633896e-02
1.379759907722473145e+00,1.027536153793334961e+00,-1.022218823432922363e+00,2.527517080307006836e+00,-1.258491516113281250e+00,-1.000723600387573242e+00,-3.130159974098205566e-01,3.852646350860595703e+00,1.864077597856521606e-01,2.495837450550275616e-02,2.495837450550275616e-02,2.495837450550275616e-02,2.495837450550275616e-02
1.377870082855224609e+00,1.064365983009338379e+00,-1.018872380256652832e+00,2.543398857116699219e+00,-1.231359958648681641e+00,-1.000993132591247559e+00,-3.779424428939819336e-01,3.876798152923583984e+00,1.881299465894699097e-01,2.123279291755003628e-02,2.123279291755003628e-02,2.123279291755003628e-02,2.123279291755003628e-02
1.228321790695190430e+00,7.269369959831237793e-01,-9.980590939521789551e-01,2.299501180648803711e+00,-1.636625766754150391e+00,-9.771302342414855957e-01,1.616000533103942871e-01,3.683937072753906250e+00,2.660797834396362305e-01,1.780451241096642212e-02,1.780451241096642212e-02,1.780451241096642212e-02,1.780451241096642212e-02
1.245370388031005859e+00,7.620223760604858398e-01,-1.007535696029663086e+00,2.316771984100341797e+00,-1.586751461029052734e+00,-9.715168476104736328e-01,1.188214421272277832e-01,3.710320949554443359e+00,2.618423104286193848e-01,1.467501516371122472e-02,1.467501516371122472e-02,1.467501516371122472e-02,1.467501516371122472e-02
1.258876800537109375e+00,8.028632998466491699e-01,-1.015013337135314941e+00,2.337519168853759766e+00,-1.542342662811279297e+00,-9.657942652702331543e-01,6.571823358535766602e-02,3.745462894439697266e+00,2.558444142341613770e-01,1.184559387680417242e-02,1.184559387680417242e-02,1.184559387680417242e-02,1.184559387680417242e-02
1.270097136497497559e+00,8.471151590347290039e-01,-1.021689772605895996e+00,2.361270666122436523e+00,-1.502058982849121094e+00,-9.607579112052917480e-01,4.863262176513671875e-03,3.784498691558837891e+00,2.497026026248931885e-01,9.317351904132631368e-03,9.317351904132631368e-03,9.317351904132631368e-03,9.317351904132631368e-03
1.280286192893981934e+00,8.930096030235290527e-01,-1.028220534324645996e+00,2.387431859970092773e+00,-1.465235948562622070e+00,-9.570205211639404297e-01,-6.108158826828002930e-02,3.823312759399414062e+00,2.443512380123138428e-01,7.091203499558162981e-03,7.091203499558162981e-03,7.091203499558162981e-03,7.091203499558162981e-03
1.290415763854980469e+00,9.389512538909912109e-01,-1.034926295280456543e+00,2.415491580963134766e+00,-1.431477427482604980e+00,-9.551245570182800293e-01,-1.293758153915405273e-01,3.858585834503173828e+00,2.405066788196563721e-01,5.167874180274201201e-03,5.167874180274201201e-03,5.167874180274201201e-03,5.167874180274201201e-03
1.301228880882263184e+00,9.834541678428649902e-01,-1.041853785514831543e+00,2.444975614547729492e+00,-1.400488376617431641e+00,-9.555546641349792480e-01,-1.972190737724304199e-01,3.887784004211425781e+00,2.386052459478378296e-01,3.547901205280479253e-03,3.547901205280479253e-03,3.547901205280479253e-03,3.547901205280479253e-03
1.313269257545471191e+00,1.025130987167358398e+00,-1.048819661140441895e+00,2.475392103195190430e+00,-1.371956110000610352e+00,-9.587230682373046875e-01,-2.618659138679504395e-01,3.909193277359008789e+00,2.386640757322311401e-01,2.231634167806584301e-03,2.231634167806584301e-03,2.231634167806584301e-03,2.231634167806584301e-03
1.326882123947143555e+00,1.062705874443054199e+00,-1.055448532104492188e+00,2.506179809570312500e+00,-1.345445394515991211e+00,-9.649364948272705078e-01,-3.208152651786804199e-01,3.922359466552734375e+00,2.398849129676818848e-01,1.219235700422538482e-03,1.219235700422538482e-03,1.219235700422538482e-03,1.219235700422538482e-03
1.342176556587219238e+00,1.095103621482849121e+00,-1.061187267303466797e+00,2.536655664443969727e+00,-1.320279717445373535e+00,-9.743292927742004395e-01,-3.723171949386596680e-01,3.927672386169433594e+00,2.409189194440841675e-01,5.106822915376674210e-04,5.106822915376674210e-04,5.106822915376674210e-04,5.106822915376674210e-04
1.160806775093078613e+00,6.998969316482543945e-01,-9.576141238212585449e-01,2.188087463378906250e+00,-1.571102023124694824e+00,-9.294354319572448730e-01,1.805131435394287109e-01,3.663840055465698242e+00,2.678273618221282959e-01,1.057652119231811128e-04,1.057652119231811128e-04,1.057652119231811128e-04,1.057652119231811128e-04
1.170474767684936523e+00,7.422534227371215820e-01,-9.696944952011108398e-01,2.206032752990722656e+00,-1.532376170158386230e+00,-9.193467497825622559e-01,1.307150721549987793e-01,3.706884860992431641e+00,2.681740224361419678e-01,4.091549831553020766e-06,4.091549831553020766e-06,4.091549831553020766e-06,4.091549831553020766e-06
1.179476261138916016e+00,7.882928848266601562e-01,-9.815124273300170898e-01,2.228048801422119141e+00,-1.498431921005249023e+00,-9.107477664947509766e-01,7.399916648864746094e-02,3.753738403320312500e+00,2.675242125988006592e-01,2.050853532380436661e-04,2.050853532380436661e-04,2.050853532380436661e-04,2.050853532380436661e-04
1.188523411750793457e+00,8.361265659332275391e-01,-9.937798976898193359e-01,2.253864049911499023e+00,-1.468250036239624023e+00,-9.041317701339721680e-01,1.224708557128906250e-02,3.801083326339721680e+00,2.669725120067596436e-01,7.079888776724274635e-04,7.079888776724274635e-04,7.079888776724274635e-04,7.079888776724274635e-04
1.198505878448486328e+00,8.844949603080749512e-01,-1.006762266159057617e+00,2.282992601394653320e+00,-1.441347122192382812e+00,-8.998207449913024902e-01,-5.260437726974487305e-02,3.846290826797485352e+00,2.669616937637329102e-01,1.511863938052471212e-03,1.511863938052471212e-03,1.511863938052471212e-03,1.511863938052471212e-03
1.210094571113586426e+00,9.323404431343078613e-01,-1.020490407943725586e+00,2.315032005310058594e+00,-1.417474269866943359e+00,-8.980784416198730469e-01,-1.186375617980957031e-01,3.887301206588745117e+00,2.678796052932739258e-01,2.615593362886803330e-03,2.615593362886803330e-03,2.615593362886803330e-03,2.615593362886803330e-03
1.223782181739807129e+00,9.786943793296813965e-01,-1.034814357757568359e+00,2.349642038345336914e+00,-1.396461606025695801e+00,-8.991449475288391113e-01,-1.838982701301574707e-01,3.922418117523193359e+00,2.700719237327575684e-01,4.017882549159523808e-03,4.017882549159523808e-03,4.017882549159523808e-03,4.017882549159523808e-03
1.239928841590881348e+00,1.022620439529418945e+00,-1.049426078796386719e+00,2.386490583419799805e+00,-1.378095269203186035e+00,-9.032491445541381836e-01,-2.463698983192443848e-01,3.950143814086914062e+00,2.736951112747192383e-01,5.717261116165772705e-03,5.717261116165772705e-03,5.717261116165772705e-03,5.717261116165772705e-03
1.258781075477600098e+00,1.063177108764648438e+00,-1.063867568969726562e+00,2.425190925598144531e+00,-1.361999273300170898e+00,-9.106100201606750488e-01,-3.040007352828979492e-01,3.969554901123046875e+00,2.781845927238464355e-01,7.712084656512407932e-03,7.712084656512407932e-03,7.712084656512407932e-03,7.712084656512407932e-03
1.280441999435424805e+00,1.099436640739440918e+00,-1.077497959136962891e+00,2.465235233306884766e+00,-1.347487688064575195e+00,-9.214187860488891602e-01,-3.550764918327331543e-01,3.980124473571777344e+00,2.821850478649139404e-01,1.000053658246818911e-02,1.000053658246818911e-02,1.000053658246818911e-02,1.000053658246818911e-02
1.100600242614746094e+00,6.688522696495056152e-01,-9.202185869216918945e-01,2.083790540695190430e+00,-1.504549980163574219e+00,-8.871772885322570801e-01,1.953794360160827637e-01,3.605768203735351562e+00,2.755392193794250488e-01,1.258063006578935550e-02,1.258063006578935550e-02,1.258063006578935550e-02,1.258063006578935550e-02
1.105902910232543945e+00,7.128995060920715332e-01,-9.338709712028503418e-01,2.101336002349853516e+00,-1.471415996551513672e+00,-8.750820159912109375e-01,1.450229287147521973e-01,3.652095794677734375e+00,2.799895405769348145e-01,1.545021006911134753e-02,1.545021006911134753e-02,1.545021006911134753e-02,1.545021006911134753e-02
1.112431526184082031e+00,7.590367197990417480e-01,-9.478377699851989746e-01,2.122684478759765625e+00,-1.442064881324768066e+00,-8.655139803886413574e-01,9.055638313293457031e-02,3.700237751007080078e+00,2.832584381103515625e-01,1.860695546696294889e-02,1.860695546696294889e-02,1.860695546696294889e-02,1.860695546696294889e-02
1.120111107826232910e+00,8.060919046401977539e-01,-9.625549316406250000e-01,2.147777795791625977e+00,-1.415973663330078125e+00,-8.585792779922485352e-01,3.279983997344970703e-02,3.748832702636718750e+00,2.862013578414916992e-01,2.204838125441332952e-02,2.204838125441332952e-02,2.204838125441332952e-02,2.204838125441332952e-02
1.129322171211242676e+00,8.533805608749389648e-01,-9.781365394592285156e-01,2.176279783248901367e+00,-1.392983555793762207e+00,-8.543018698692321777e-01,-2.731364965438842773e-02,3.796636104583740234e+00,2.889832854270935059e-01,2.577184084132411179e-02,2.577184084132411179e-02,2.577184084132411179e-02,2.577184084132411179e-02
1.140394210815429688e+00,9.003399610519409180e-01,-9.945726394653320312e-01,2.207924127578735352e+00,-1.373087286949157715e+00,-8.526957631111145020e-01,-8.877974748611450195e-02,3.842580318450927734e+00,2.917643785476684570e-01,2.977452843015587769e-02,2.977452843015587769e-02,2.977452843015587769e-02,2.977452843015587769e-02
1.153601884841918945e+00,9.464515447616577148e-01,-1.011766195297241211e+00,2.242523431777954102e+00,-1.356321692466735840e+00,-8.537824153900146484e-01,-1.505197882652282715e-01,3.885628461837768555e+00,2.948324084281921387e-01,3.405348147522885283e-02,3.405348147522885283e-02,3.405348147522885283e-02,3.405348147522885283e-02
1.169199228286743164e+00,9.912061691284179688e-01,-1.029540300369262695e+00,2.279937028884887695e+00,-1.342694401741027832e+00,-8.575987219810485840e-01,-2.113519310951232910e-01,3.924649477005004883e+00,2.986610829830169678e-01,3.860558322132784381e-02,3.860558322132784381e-02,3.860558322132784381e-02,3.860558322132784381e-02
1.187431454658508301e+00,1.034057974815368652e+00,-1.047636628150939941e+00,2.320029020309448242e+00,-1.332119822502136230e+00,-8.642088174819946289e-01,-2.699086666107177734e-01,3.958339214324951172e+00,3.037121593952178955e-01,4.342756531947938869e-02,4.342756531947938869e-02,4.342756531947938869e-02,4.342756531947938869e-02
1.208528161048889160e+00,1.074389219284057617e+00,-1.065696597099304199e+00,2.362623929977416992e+00,-1.324345946311950684e+00,-8.737121224403381348e-01,-3.246280550956726074e-01,3.985617160797119141e+00,3.096765577793121338e-01,4.851601051773390960e-02,4.851601051773390960e-02,4.851601051773390960e-02,4.851601051773390960e-02
1.050658464431762695e+00,6.378943324089050293e-01,-8.877645730972290039e-01,1.993146896362304688e+00,-1.444371104240417480e+00,-8.522341847419738770e-01,2.076053619384765625e-01,3.529144763946533203e+00,2.843669652938842773e-01,5.386735542474369032e-02,5.386735542474369032e-02,5.386735542474369032e-02,5.386735542474369032e-02
1.053864836692810059e+00,6.806982159614562988e-01,-9.021482467651367188e-01,2.010329008102416992e+00,-1.414911508560180664e+00,-8.400061726570129395e-01,1.598670482635498047e-01,3.572841644287109375e+00,2.917184531688690186e-01,5.947789334390207738e-02,5.947789334390207738e-02,5.947789334390207738e-02,5.947789334390207738e-02
1.059312582015991211e+00,7.246258854866027832e-01,-9.168451428413391113e-01,2.030901670455932617e+00,-1.388542175292968750e+00,-8.308753371238708496e-01,1.097497940063476562e-01,3.618210792541503906e+00,2.975318431854248047e-01,6.534377717577533051e-02,6.534377717577533051e-02,6.534377717577533051e-02,6.534377717577533051e-02
1.066290616989135742e+00,7.690574526786804199e-01,-9.321715235710144043e-01,2.054987668991088867e+00,-1.365058302879333496e+00,-8.246452808380126953e-01,5.734062194824218750e-02,3.664977550506591797e+00,3.027000725269317627e-01,7.146102238657275896e-02,7.146102238657275896e-02,7.146102238657275896e-02,7.146102238657275896e-02
1.074808716773986816e+00,8.137164711952209473e-01,-9.482031464576721191e-01,2.082353830337524414e+00,-1.344455003738403320e+00,-8.211250305175781250e-01,2.979636192321777344e-03,3.712551116943359375e+00,3.073124587535858154e-01,7.782551004034266029e-02,7.782551004034266029e-02,7.782551004034266029e-02,7.782551004034266029e-02
1.084972739219665527e+00,8.583767414093017578e-01,-9.649571180343627930e-01,2.112800359725952148e+00,-1.326780915260314941e+00,-8.201615810394287109e-01,-5.298227071762084961e-02,3.760274171829223633e+00,3.113895356655120850e-01,8.443298989257541631e-02,8.443298989257541631e-02,8.443298989257541631e-02,8.443298989257541631e-02
1.096921801567077637e+00,9.028053283691406250e-01,-9.824184775352478027e-01,2.146193504333496094e+00,-1.312099218368530273e+00,-8.216449618339538574e-01,-1.101076602935791016e-01,3.807482719421386719e+00,3.150023818016052246e-01,9.127908354288682968e-02,9.127908354288682968e-02,9.127908354288682968e-02,9.127908354288682968e-02
1.110829949378967285e+00,9.467430114746093750e-01,-1.000539422035217285e+00,2.182454109191894531e+00,-1.300466060638427734e+00,-8.255065083503723145e-01,-1.678429841995239258e-01,3.853431701660156250e+00,3.183427453041076660e-01,9.835928764443313543e-02,9.835928764443313543e-02,9.835928764443313543e-02,9.835928764443313543e-02
1.126911282539367676e+00,9.898893237113952637e-01,-1.019232392311096191e+00,2.221541166305541992e+00,-1.291912078857421875e+00,-8.317170143127441406e-01,-2.254840135574340820e-01,3.897175788879394531e+00,3.218100965023040771e-01,1.056689771677024603e-01,1.056689771677024603e-01,1.056689771677024603e-01,1.056689771677024603e-01
1.145413398742675781e+00,1.031883120536804199e+00,-1.038359880447387695e+00,2.263431549072265625e+00,-1.286416769027709961e+00,-8.402848839759826660e-01,-2.820754647254943848e-01,3.937538623809814453e+00,3.260720968246459961e-01,1.132034087162852032e-01,1.132034087162852032e-01,1.132034087162852032e-01,1.132034087162852032e-01
1.012874841690063477e+00,6.110275983810424805e-01,-8.620904088020324707e-01,1.921652674674987793e+00,-1.396229147911071777e+00,-8.257563114166259766e-01,2.171645164489746094e-01,3.455163955688476562e+00,2.911949455738067627e-01,1.209577238922656117e-01,1.209577238922656117e-01,1.209577238922656117e-01,1.209577238922656117e-01
1.015558958053588867e+00,6.516872644424438477e-01,-8.768103718757629395e-01,1.939220070838928223e+00,-1.370269775390625000e+00,-8.145145773887634277e-01,1.729032993316650391e-01,3.495974063873291016e+00,3.000911772251129150e-01,1.289269527088391376e-01,1.289269527088391376e-01,1.289269527088391376e-01,1.289269527088391376e-01
1.020937085151672363e+00,6.929974555969238281e-01,-8.916939496994018555e-01,1.959875583648681641e+00,-1.346980571746826172e+00,-8.065847158432006836e-01,1.272426843643188477e-01,3.538868188858032227e+00,3.071752190589904785e-01,1.371060170477342854e-01,1.371060170477342854e-01,1.371060170477342854e-01,1.371060170477342854e-01
1.027932167053222656e+00,7.347105741500854492e-01,-9.070192575454711914e-01,1.983857154846191406e+00,-1.326272249221801758e+00,-8.015770912170410156e-01,7.978326082229614258e-02,3.583943605422973633e+00,3.134588003158569336e-01,1.454897341590490889e-01,1.454897341590490889e-01,1.454897341590490889e-01,1.454897341590490889e-01
1.036346077919006348e+00,7.768105268478393555e-01,-9.228674769401550293e-01,2.010995864868164062e+00,-1.308167099952697754e+00,-7.991705536842346191e-01,3.046548366546630859e-02,3.630922317504882812e+00,3.190385997295379639e-01,1.540728202011080183e-01,1.540728202011080183e-01,1.540728202011080183e-01,1.540728202011080183e-01
1.046164870262145996e+00,8.192528486251831055e-01,-9.392929673194885254e-01,2.041128158569335938e+00,-1.292702317237854004e+00,-7.991266250610351562e-01,-2.068489789962768555e-02,3.679359436035156250e+00,3.238959312438964844e-01,1.628498938178897237e-01,1.628498938178897237e-01,1.628498938178897237e-01,1.628498938178897237e-01
1.057459950447082520e+00,8.619419932365417480e-01,-9.563386440277099609e-01,2.074136972427368164e+00,-1.279918909072875977e+00,-8.012776374816894531e-01,-7.357168197631835938e-02,3.728687763214111328e+00,3.280230462551116943e-01,1.718154797516418530e-01,1.718154797516418530e-01,1.718154797516418530e-01,1.718154797516418530e-01
1.070366859436035156e+00,9.047319293022155762e-01,-9.740313291549682617e-01,2.109952449798583984e+00,-1.269861221313476562e+00,-8.055161237716674805e-01,-1.279674172401428223e-01,3.778275966644287109e+00,3.314618170261383057e-01,1.809640124882567758e-01,1.809640124882567758e-01,1.809640124882567758e-01,1.809640124882567758e-01
1.085074901580810547e+00,9.474277496337890625e-01,-9.923745989799499512e-01,2.148543357849121094e+00,-1.262575030326843262e+00,-8.117851614952087402e-01,-1.834881901741027832e-01,3.827389240264892578e+00,3.343694806098937988e-01,1.902898399330117396e-01,1.902898399330117396e-01,1.902898399330117396e-01,1.902898399330117396e-01
1.101821541786193848e+00,9.897780418395996094e-01,-1.011339664459228516e+00,2.189911365509033203e+00,-1.258101463317871094e+00,-8.200718164443969727e-01,-2.395745515823364258e-01,3.875086307525634766e+00,3.371085226535797119e-01,1.997872271142339118e-01,1.997872271142339118e-01,1.997872271142339118e-01,1.997872271142339118e-01
9.881523251533508301e-01,5.915114283561706543e-01,-8.446608781814575195e-01,1.873435616493225098e+00,-1.363676190376281738e+00,-8.084386587142944336e-01,2.237421274185180664e-01,3.399946212768554688e+00,2.952513396739959717e-01,2.094503599125301929e-01,2.094503599125301929e-01,2.094503599125301929e-01,2.094503599125301929e-01
9.913526177406311035e-01,6.304650902748107910e-01,-8.597283959388732910e-01,1.892446041107177734e+00,-1.341293811798095703e+00,-7.986797690391540527e-01,1.824858784675598145e-01,3.439799785614013672e+00,3.046673238277435303e-01,2.192733488131424213e-01,2.192733488131424213e-01,2.192733488131424213e-01,2.192733488131424213e-01
9.974184036254882812e-01,6.699708700180053711e-01,-8.748528957366943359e-01,1.914390206336975098e+00,-1.321271181106567383e+00,-7.922252416610717773e-01,1.401776075363159180e-01,3.482264041900634766e+00,3.120996057987213135e-01,2.292502326790774037e-01,2.292502326790774037e-01,2.292502326790774037e-01,2.292502326790774037e-01
1.005108594894409180e+00,7.099784612655639648e-01,-8.903092145919799805e-01,1.939572572708129883e+00,-1.303551673889160156e+00,-7.885962128639221191e-01,9.613615274429321289e-02,3.527508735656738281e+00,3.186429738998413086e-01,2.393749825426023659e-01,2.393749825426023659e-01,2.393749825426023659e-01,2.393749825426023659e-01
1.014136195182800293e+00,7.505970001220703125e-01,-9.061943292617797852e-01,1.967863798141479492e+00,-1.288165330886840820e+00,-7.874191999435424805e-01,5.010908842086791992e-02,3.575330257415771484e+00,3.244197070598602295e-01,2.496415054127346655e-01,2.496415054127346655e-01,2.496415054127346655e-01,2.496415054127346655e-01
1.024441599845886230e+00,7.918629646301269531e-01,-9.225882887840270996e-01,1.999121069908142090e+00,-1.275140762329101562e+00,-7.884273529052734375e-01,1.977503299713134766e-03,3.625335693359375000e+00,3.294058442115783691e-01,2.600436480963987940e-01,2.600436480963987940e-01,2.600436480963987940e-01,2.600436480963987940e-01
1.036074638366699219e+00,8.337341547012329102e-01,-9.395664930343627930e-01,2.033235549926757812e+00,-1.264506816864013672e+00,-7.914397716522216797e-01,-4.828542470932006836e-02,3.676986217498779297e+00,3.335645496845245361e-01,2.705752010308795086e-01,2.705752010308795086e-01,2.705752010308795086e-01,2.705752010308795086e-01
1.049159765243530273e+00,8.761031031608581543e-01,-9.571930766105651855e-01,2.070137262344360352e+00,-1.256299495697021484e+00,-7.963447570800781250e-01,-1.006051898002624512e-01,3.729616641998291016e+00,3.368926048278808594e-01,2.812299021252258058e-01,2.812299021252258058e-01,2.812299021252258058e-01,2.812299021252258058e-01
1.063879609107971191e+00,9.188033938407897949e-01,-9.755126237869262695e-01,2.109793424606323242e+00,-1.250567674636840820e+00,-8.030868768692016602e-01,-1.547381281852722168e-01,3.782486915588378906e+00,3.394638597965240479e-01,2.920014406083216718e-01,2.920014406083216718e-01,2.920014406083216718e-01,2.920014406083216718e-01
1.080468893051147461e+00,9.616079330444335938e-01,-9.945418834686279297e-01,2.152203083038330078e+00,-1.247371912002563477e+00,-8.116586208343505859e-01,-2.102566957473754883e-01,3.834697723388671875e+00,3.415092527866363525e-01,3.028834608813224527e-01,3.028834608813224527e-01,3.028834608813224527e-01,3.028834608813224527e-01
9.767085909843444824e-01,5.816726088523864746e-01,-8.363823890686035156e-01,1.851292729377746582e+00,-1.348576903343200684e+00,-8.007018566131591797e-01,2.268483042716979980e-01,3.372941017150878906e+00,2.969644367694854736e-01,3.138695663721323692e-01,3.138695663721323692e-01,3.138695663721323692e-01,3.138695663721323692e-01
9.811357855796813965e-01,6.200852990150451660e-01,-8.520834445953369141e-01,1.872834563255310059e+00,-1.329494476318359375e+00,-7.925025224685668945e-01,1.872458457946777344e-01,3.414424419403076172e+00,3.062676787376403809e-01,3.249533233897096141e-01,3.249533233897096141e-01,3.249533233897096141e-01,3.249533233897096141e-01
9.885004758834838867e-01,6.591861844062805176e-01,-8.678155541419982910e-01,1.897287368774414062e+00,-1.312539935111999512e+00,-7.875114083290100098e-01,1.465159654617309570e-01,3.458967685699462891e+00,3.134690225124359131e-01,3.361282649759363417e-01,3.361282649759363417e-01,3.361282649759363417e-01,3.361282649759363417e-01
9.975124597549438477e-01,6.989970803260803223e-01,-8.838658332824707031e-01,1.924997091293334961e+00,-1.297671079635620117e+00,-7.852326035499572754e-01,1.038532257080078125e-01,3.506698131561279297e+00,3.196983337402343750e-01,3.473878947528399319e-01,3.473878947528399319e-01,3.473878947528399319e-01,3.473878947528399319e-01
1.007866263389587402e+00,7.396679520606994629e-01,-9.003458619117736816e-01,1.955858469009399414e+00,-1.284922719001770020e+00,-7.852879762649536133e-01,5.891913175582885742e-02,3.557379484176635742e+00,3.250864744186401367e-01,3.587256907629364777e-01,3.587256907629364777e-01,3.587256907629364777e-01,3.587256907629364777e-01
1.019502282142639160e+00,7.812542915344238281e-01,-9.173512458801269531e-01,1.989740729331970215e+00,-1.274328827857971191e+00,-7.874159216880798340e-01,1.153755187988281250e-02,3.610567092895507812e+00,3.296059668064117432e-01,3.701351093005696979e-01,3.701351093005696979e-01,3.701351093005696979e-01,3.701351093005696979e-01
1.032476425170898438e+00,8.237164616584777832e-01,-9.349729418754577637e-01,2.026541948318481445e+00,-1.265924930572509766e+00,-7.914468646049499512e-01,-3.835874795913696289e-02,3.665645599365234375e+00,3.332155048847198486e-01,3.816095887320671842e-01,3.816095887320671842e-01,3.816095887320671842e-01,3.816095887320671842e-01
1.046924829483032227e+00,8.669344186782836914e-01,-9.532887935638427734e-01,2.066194057464599609e+00,-1.259757399559020996e+00,-7.972842454910278320e-01,-9.072470664978027344e-02,3.721833229064941406e+00,3.359133601188659668e-01,3.931425533025803554e-01,3.931425533025803554e-01,3.931425533025803554e-01,3.931425533025803554e-01
1.063045740127563477e+00,9.107155203819274902e-01,-9.723556637763977051e-01,2.108663558959960938e+00,-1.255889773368835449e+00,-8.048905730247497559e-01,-1.453251242637634277e-01,3.778231382369995117e+00,3.377874791622161865e-01,4.047274169275316136e-01,4.047274169275316136e-01,4.047274169275316136e-01,4.047274169275316136e-01
1.081092476844787598e+00,9.547933340072631836e-01,-9.921998381614685059e-01,2.153945922851562500e+00,-1.254403710365295410e+00,-8.142769336700439453e-01,-2.016944289207458496e-01,3.833764553070068359e+00,3.391036391258239746e-01,4.163575869665876450e-01,4.163575869665876450e-01,4.163575869665876450e-01,4.163575869665876450e-01
9.789851903915405273e-01,5.829652547836303711e-01,-8.380070328712463379e-01,1.857228875160217285e+00,-1.351973891258239746e+00,-8.027500510215759277e-01,2.259898781776428223e-01,3.378952264785766602e+00,2.966861426830291748e-01,4.280264679781166648e-01,4.280264679781166648e-01,4.280264679781166648e-01,4.280264679781166648e-01
9.852283000946044922e-01,6.224239468574523926e-01,-8.547871112823486328e-01,1.882372140884399414e+00,-1.335590362548828125e+00,-7.959166169166564941e-01,1.861821413040161133e-01,3.424695730209350586e+00,3.054155409336090088e-01,4.397274654521230453e-01,4.397274654521230453e-01,4.397274654521230453e-01,4.397274654521230453e-01
9.944883584976196289e-01,6.628249883651733398e-01,-8.716444969177246094e-01,1.910530090332031250e+00,-1.321170449256896973e+00,-7.922147512435913086e-01,1.448876261711120605e-01,3.473762035369873047e+00,3.119235634803771973e-01,4.514539895196527652e-01,4.514539895196527652e-01,4.514539895196527652e-01,4.514539895196527652e-01
1.005485653877258301e+00,7.041902542114257812e-01,-8.888789415359497070e-01,1.942070364952087402e+00,-1.308692574501037598e+00,-7.911673784255981445e-01,1.012557148933410645e-01,3.526193141937255859e+00,3.173334002494812012e-01,4.631994586367697009e-01,4.631994586367697009e-01,4.631994586367697009e-01,4.631994586367697009e-01
1.017934918403625488e+00,7.466542124748229980e-01,-9.066119194030761719e-01,1.976899266242980957e+00,-1.298215270042419434e+00,-7.924169301986694336e-01,5.492538213729858398e-02,3.581628799438476562e+00,3.217662274837493896e-01,4.749573032411266715e-01,4.749573032411266715e-01,4.749573032411266715e-01,4.749573032411266715e-01
1.031800746917724609e+00,7.902398705482482910e-01,-9.249462485313415527e-01,2.014892101287841797e+00,-1.289795398712158203e+00,-7.957247495651245117e-01,5.717873573303222656e-03,3.639449596405029297e+00,3.251988291740417480e-01,4.867209693792689529e-01,4.867209693792689529e-01,4.867209693792689529e-01,4.867209693792689529e-01
1.047168850898742676e+00,8.348558545112609863e-01,-9.439752101898193359e-01,2.055949687957763672e+00,-1.283492326736450195e+00,-8.009464740753173828e-01,-4.640597105026245117e-02,3.698801279067993164e+00,3.276218771934509277e-01,4.984839223028402211e-01,4.984839223028402211e-01,4.984839223028402211e-01,4.984839223028402211e-01
1.064210772514343262e+00,8.803105950355529785e-01,-9.637731313705444336e-01,2.100002050399780273e+00,-1.279378533363342285e+00,-8.080121278762817383e-01,-1.013097763061523438e-01,3.758608818054199219e+00,3.291088342666625977e-01,5.102396500318383543e-01,5.102396500318383543e-01,5.102396500318383543e-01,5.102396500318383543e-01
1.083168268203735352e+00,9.263160228729248047e-01,-9.843842983245849609e-01,2.147010803222656250e+00,-1.277544736862182617e+00,-8.169116377830505371e-01,-1.585733294486999512e-01,3.817622900009155273e+00,3.298903703689575195e-01,5.219816668831432915e-01,5.219816668831432915e-01,5.219816668831432915e-01,5.219816668831432915e-01
1.104346036911010742e+00,9.724790453910827637e-01,-1.005810737609863281e+00,2.196961402893066406e+00,-1.278093457221984863e+00,-8.276844024658203125e-01,-2.174538969993591309e-01,3.874275207519531250e+00,3.304929137229919434e-01,5.337035169625899966e-01,5.337035169625899966e-01,5.337035169625899966e-01,5.337035169625899966e-01
9.957117438316345215e-01,5.956168770790100098e-01,-8.500784635543823242e-01,1.891915202140808105e+00,-1.374279856681823730e+00,-8.145725727081298828e-01,2.213351726531982422e-01,3.418280124664306641e+00,2.941418290138244629e-01,5.453987776188558012e-01,5.453987776188558012e-01,5.453987776188558012e-01,5.453987776188558012e-01
1.004388213157653809e+00,6.378077268600463867e-01,-8.683784008026123047e-01,1.921666622161865234e+00,-1.359855413436889648e+00,-8.088313341140747070e-01,1.792677640914916992e-01,3.470491886138916016e+00,3.017542958259582520e-01,5.570610628575113354e-01,5.570610628575113354e-01,5.570610628575113354e-01,5.570610628575113354e-01
1.016200661659240723e+00,6.812362670898437500e-01,-8.868451714515686035e-01,1.954663634300231934e+00,-1.347307205200195312e+00,-8.062177300453186035e-01,1.351061463356018066e-01,3.525959014892578125e+00,3.069982230663299561e-01,5.686840267135465643e-01,5.686840267135465643e-01,5.686840267135465643e-01,5.686840267135465643e-01
1.029927849769592285e+00,7.258646488189697266e-01,-9.057876467704772949e-01,1.991268873214721680e+00,-1.336655378341674805e+00,-8.062910437583923340e-01,8.802777528762817383e-02,3.584556102752685547e+00,3.109473884105682373e-01,5.802613665808452614e-01,5.802613665808452614e-01,5.802613665808452614e-01,5.802613665808452614e-01
1.045333862304687500e+00,7.717463374137878418e-01,-9.253329634666442871e-01,2.031382322311401367e+00,-1.327991247177124023e+00,-8.087264895439147949e-01,3.771620988845825195e-02,3.645623207092285156e+00,3.137279450893402100e-01,5.917868264970029824e-01,5.917868264970029824e-01,5.917868264970029824e-01,5.917868264970029824e-01
1.062434792518615723e+00,8.187983036041259766e-01,-9.455817937850952148e-01,2.074870347976684570e+00,-1.321403622627258301e+00,-8.133185505867004395e-01,-1.591604948043823242e-02,3.708125114440917969e+00,3.153831958770751953e-01,6.032542003819767462e-01,6.032542003819767462e-01,6.032542003819767462e-01,6.032542003819767462e-01
1.081376552581787109e+00,8.667956590652465820e-01,-9.666122794151306152e-01,2.121620178222656250e+00,-1.316984176635742188e+00,-8.199558854103088379e-01,-7.272434234619140625e-02,3.770683765411376953e+00,3.160490989685058594e-01,6.146573352290768399e-01,6.146573352290768399e-01,6.146573352290768399e-01,6.146573352290768399e-01
1.102400541305541992e+00,9.153757095336914062e-01,-9.884679317474365234e-01,2.171544075012207031e+00,-1.314834475517272949e+00,-8.286024928092956543e-01,-1.321938037872314453e-01,3.831649303436279297e+00,3.160589635372161865e-01,6.259901342468970897e-01,6.259901342468970897e-01,6.259901342468970897e-01,6.259901342468970897e-01
1.125830769538879395e+00,9.640299081802368164e-01,-1.011140227317810059e+00,2.224573612213134766e+00,-1.315057158470153809e+00,-8.392827510833740234e-01,-1.933689713478088379e-01,3.888962268829345703e+00,3.160971403121948242e-01,6.372465599507426415e-01,6.372465599507426415e-01,6.372465599507426415e-01,6.372465599507426415e-01
1.152067661285400391e+00,1.012078166007995605e+00,-1.034550428390502930e+00,2.280644178390502930e+00,-1.317728161811828613e+00,-8.520698547363281250e-01,-2.547028660774230957e-01,3.939981937408447266e+00,3.173723816871643066e-01,6.484206372022204290e-01,6.484206372022204290e-01,6.484206372022204290e-01,6.484206372022204290e-01
1.027394175529479980e+00,6.184188127517700195e-01,-8.725662231445312500e-01,1.954019427299499512e+00,-1.414972782135009766e+00,-8.358600139617919922e-01,2.135841250419616699e-01,3.485368728637695312e+00,2.887036502361297607e-01,6.595064561956536231e-01,6.595064561956536231e-01,6.595064561956536231e-01,6.595064561956536231e-01
1.039286851882934570e+00,6.645814776420593262e-01,-8.926324248313903809e-01,1.989196062088012695e+00,-1.401910066604614258e+00,-8.311013579368591309e-01,1.675521731376647949e-01,3.544938087463378906e+00,2.944171726703643799e-01,6.704981753900869368e-01,6.704981753900869368e-01,6.704981753900869368e-01,6.704981753900869368e-01
1.054423093795776367e+00,7.122356295585632324e-01,-9.129515290260314941e-01,2.027962446212768555e+00,-1.390730142593383789e+00,-8.295294046401977539e-01,1.186040043830871582e-01,3.607057571411132812e+00,2.976170778274536133e-01,6.813900243856032546e-01,6.813900243856032546e-01,6.813900243856032546e-01,6.813900243856032546e-01
1.071722269058227539e+00,7.611832618713378906e-01,-9.338384270668029785e-01,2.070621490478515625e+00,-1.381477475166320801e+00,-8.307538628578186035e-01,6.607615947723388672e-02,3.671164989471435547e+00,2.993255257606506348e-01,6.921763067427795235e-01,6.921763067427795235e-01,6.921763067427795235e-01,6.921763067427795235e-01
1.091048598289489746e+00,8.112857937812805176e-01,-9.554162025451660156e-01,2.117027997970581055e+00,-1.374261617660522461e+00,-8.344937562942504883e-01,9.863734245300292969e-03,3.735928535461425781e+00,2.997802197933197021e-01,7.028514027441429279e-01,7.028514027441429279e-01,7.028514027441429279e-01,7.028514027441429279e-01
1.112512946128845215e+00,8.622326254844665527e-01,-9.777595996856689453e-01,2.167000532150268555e+00,-1.369188427925109863e+00,-8.405833244323730469e-01,-4.976749420166015625e-02,3.799473285675048828e+00,2.992770373821258545e-01,7.134097720965133504e-01,7.134097720965133504e-01,7.134097720965133504e-01,7.134097720965133504e-01
1.136361598968505859e+00,9.135167598724365234e-01,-1.000894546508789062e+00,2.220369815826416016e+00,-1.366351604461669922e+00,-8.489496707916259766e-01,-1.120211482048034668e-01,3.859493732452392578e+00,2.983711659908294678e-01,7.238459565731681922e-01,7.238459565731681922e-01,7.238459565731681922e-01,7.238459565731681922e-01
1.162947058677673340e+00,9.644206166267395020e-01,-1.024777173995971680e+00,2.276969432830810547e+00,-1.365813016891479492e+00,-8.595930337905883789e-01,-1.754649281501770020e-01,3.913106918334960938e+00,2.980316579341888428e-01,7.341545825947919379e-01,7.341545825947919379e-01,7.341545825947919379e-01,7.341545825947919379e-01
1.192726016044616699e+00,1.013972878456115723e+00,-1.049261331558227539e+00,2.336591005325317383e+00,-1.367543339729309082e+00,-8.725808858871459961e-01,-2.378487586975097656e-01,3.956688642501831055e+00,2.994387745857238770e-01,7.443303637482974189e-01,7.443303637482974189e-01,7.443303637482974189e-01,7.443303637482974189e-01
1.226238012313842773e+00,1.060874462127685547e+00,-1.074064731597900391e+00,2.398907184600830078e+00,-1.371304035186767578e+00,-8.880484700202941895e-01,-2.960700988769531250e-01,3.986305713653564453e+00,3.025276064872741699e-01,7.543681032425060273e-01,7.543681032425060273e-01,7.543681032425060273e-01,7.543681032425060273e-01
1.072968959808349609e+00,6.483316421508789062e-01,-9.041498303413391113e-01,2.038967609405517578e+00,-1.471600651741027832e+00,-8.657031655311584473e-01,2.035769224166870117e-01,3.566094398498535156e+00,2.806402444839477539e-01,7.642626962998446682e-01,7.642626962998446682e-01,7.642626962998446682e-01,7.642626962998446682e-01
1.089113593101501465e+00,6.982409954071044922e-01,-9.258706569671630859e-01,2.079848527908325195e+00,-1.459586739540100098e+00,-8.622678518295288086e-01,1.533105969429016113e-01,3.630677700042724609e+00,2.835810184478759766e-01,7.740091324832142350e-01,7.740091324832142350e-01,7.740091324832142350e-01,7.740091324832142350e-01
1.108469486236572266e+00,7.496951222419738770e-01,-9.478329420089721680e-01,2.124697923660278320e+00,-1.449550032615661621e+00,-8.620643615722656250e-01,9.931343793869018555e-02,3.695881366729736328e+00,2.840207815170288086e-01,7.836024979572137061e-01,7.836024979572137061e-01,7.836024979572137061e-01,7.836024979572137061e-01
1.130239486694335938e+00,8.021878600120544434e-01,-9.703503847122192383e-01,2.173658370971679688e+00,-1.441446542739868164e+00,-8.647625446319580078e-01,4.135084152221679688e-02,3.760141849517822266e+00,2.830250859260559082e-01,7.930379776829701299e-01,7.930379776829701299e-01,7.930379776829701299e-01,7.930379776829701299e-01
1.154464483261108398e+00,8.552324175834655762e-01,-9.935209155082702637e-01,2.226463079452514648e+00,-1.435298323631286621e+00,-8.701255321502685547e-01,-2.009791135787963867e-02,3.820938110351562500e+00,2.811634540557861328e-01,8.023108575458408609e-01,8.023108575458408609e-01,8.023108575458408609e-01,8.023108575458408609e-01
1.181401371955871582e+00,9.081057906150817871e-01,-1.017353653907775879e+00,2.282799720764160156e+00,-1.431093931198120117e+00,-8.780235052108764648e-01,-8.382755517959594727e-02,3.875226497650146484e+00,2.792282104492187500e-01,8.114165264153508916e-01,8.114165264153508916e-01,8.114165264153508916e-01,8.114165264153508916e-01
1.211449623107910156e+00,9.597861766815185547e-01,-1.041748642921447754e+00,2.342303276062011719e+00,-1.428726196289062500e+00,-8.884239196777343750e-01,-1.477700471878051758e-01,3.919269084930419922e+00,2.780349552631378174e-01,8.203504781367296772e-01,8.203504781367296772e-01,8.203504781367296772e-01,8.203504781367296772e-01
1.245105862617492676e+00,1.008886933326721191e+00,-1.066467761993408203e+00,2.404483556747436523e+00,-1.427867650985717773e+00,-9.013811945915222168e-01,-2.088748216629028320e-01,3.948542118072509766e+00,2.778679430484771729e-01,8.291083134534269483e-01,8.291083134534269483e-01,8.291083134534269483e-01,8.291083134534269483e-01
1.282895326614379883e+00,1.053582429885864258e+00,-1.091104626655578613e+00,2.468629598617553711e+00,-1.427784919738769531e+00,-9.170050024986267090e-01,-2.629740238189697266e-01,3.958478927612304688e+00,2.777563929557800293e-01,8.376857418601135752e-01,8.376857418601135752e-01,8.376857418601135752e-01,8.376857418601135752e-01
1.325284242630004883e+00,1.091564297676086426e+00,-1.115020871162414551e+00,2.533653974533081055e+00,-1.427050352096557617e+00,-9.354003071784973145e-01,-3.053794503211975098e-01,3.945238351821899414e+00,2.747028470039367676e-01,8.460785833856478977e-01,8.460785833856478977e-01,8.460785833856478977e-01,8.460785833856478977e-01
1.129330515861511230e+00,6.812692284584045410e-01,-9.423217177391052246e-01,2.139777421951293945e+00,-1.539222121238708496e+00,-9.024652838706970215e-01,1.914377808570861816e-01,3.639202594757080078e+00,2.722126841545104980e-01,8.542827703055733135e-01,8.542827703055733135e-01,8.542827703055733135e-01,8.542827703055733135e-01
1.151090621948242188e+00,7.326332330703735352e-01,-9.653913378715515137e-01,2.185742616653442383e+00,-1.527419567108154297e+00,-9.010109901428222656e-01,1.389065384864807129e-01,3.700892925262451172e+00,2.721070945262908936e-01,8.622943487836820520e-01,8.622943487836820520e-01,8.622943487836820520e-01,8.622943487836820520e-01
1.175761938095092773e+00,7.852690219879150391e-01,-9.884396791458129883e-01,2.235954284667968750e+00,-1.517655134201049805e+00,-9.026877880096435547e-01,8.208137750625610352e-02,3.759735584259033203e+00,2.698447406291961670e-01,8.701094804423616935e-01,8.701094804423616935e-01,8.701094804423616935e-01,8.701094804423616935e-01
1.202981233596801758e+00,8.381280303001403809e-01,-1.011779308319091797e+00,2.290240049362182617e+00,-1.509513616561889648e+00,-9.072331190109252930e-01,2.166575193405151367e-02,3.812688112258911133e+00,2.665724158287048340e-01,8.777244438613274191e-01,8.777244438613274191e-01,8.777244438613274191e-01,8.777244438613274191e-01
1.233065009117126465e+00,8.901506662368774414e-01,-1.035441756248474121e+00,2.348026275634765625e+00,-1.502618908882141113e+00,-9.144532680511474609e-01,-4.055035114288330078e-02,3.855894565582275391e+00,2.627516090869903564e-01,8.851356360044728699e-01,8.851356360044728699e-01,8.851356360044728699e-01,8.851356360044728699e-01
1.266455531120300293e+00,9.399446249008178711e-01,-1.059299230575561523e+00,2.408599853515625000e+00,-1.496416211128234863e+00,-9.242523908615112305e-01,-1.016433835029602051e-01,3.884946823120117188e+00,2.586677968502044678e-01,8.923395735746315616e-01,8.923395735746315616e-01,8.923395735746315616e-01,8.923395735746315616e-01
1.303606748580932617e+00,9.856941699981689453e-01,-1.083065509796142578e+00,2.471032619476318359e+00,-1.489973068237304688e+00,-9.365945458412170410e-01,-1.576194167137145996e-01,3.895098686218261719e+00,2.540487647056579590e-01,8.993328942960099326e-01,8.993328942960099326e-01,8.993328942960099326e-01,8.993328942960099326e-01
1.344912648200988770e+00,1.025103569030761719e+00,-1.106278896331787109e+00,2.534024715423583984e+00,-1.481738805770874023e+00,-9.514297246932983398e-01,-2.036601305007934570e-01,3.881833076477050781e+00,2.475420534610748291e-01,9.061123581241437019e-01,9.061123581241437019e-01,9.061123581241437019e-01,9.061123581241437019e-01
1.390584707260131836e+00,1.055380940437316895e+00,-1.128319263458251953e+00,2.595678806304931641e+00,-1.469247698783874512e+00,-9.685499668121337891e-01,-2.346377372741699219e-01,3.842329740524291992e+00,2.364618927240371704e-01,9.126748483832685110e-01,9.126748483832685110e-01,9.126748483832685110e-01,9.126748483832685110e-01
1.440462708473205566e+00,1.073355555534362793e+00,-1.148480892181396484e+00,2.653217792510986328e+00,-1.448851466178894043e+00,-9.873119592666625977e-01,-2.459865212440490723e-01,3.776314020156860352e+00,2.183293402194976807e-01,9.190173728310252477e-01,9.190173728310252477e-01,9.190173728310252477e-01,9.190173728310252477e-01
1.192888259887695312e+00,7.134736776351928711e-01,-9.847072362899780273e-01,2.249956130981445312e+00,-1.611481785774230957e+00,-9.442036151885986328e-01,1.750060319900512695e-01,3.685103893280029297e+00,2.679712474346160889e-01,9.251370646504600836e-01,9.251370646504600836e-01,9.251370646504600836e-01,9.251370646504600836e-01
1.221997261047363281e+00,7.620707750320434570e-01,-1.009015202522277832e+00,2.299345016479492188e+00,-1.597032546997070312e+00,-9.452018737792968750e-01,1.243554949760437012e-01,3.730383872985839844e+00,2.653358578681945801e-01,9.310311833693210026e-01,9.310311833693210026e-01,9.310311833693210026e-01,9.310311833693210026e-01
1.253417730331420898e+00,8.112301826477050781e-01,-1.032580494880676270e+00,2.352872610092163086e+00,-1.584185242652893066e+00,-9.489170312881469727e-01,6.981706619262695312e-02,3.768316745758056641e+00,2.601272463798522949e-01,9.366971157066958931e-01,9.366971157066958931e-01,9.366971157066958931e-01,9.366971157066958931e-01
1.287295341491699219e+00,8.590686321258544922e-01,-1.055713295936584473e+00,2.409755706787109375e+00,-1.571607828140258789e+00,-9.551565647125244141e-01,1.412093639373779297e-02,3.794372081756591797e+00,2.531518638134002686e-01,9.421323763470784707e-01,9.421323763470784707e-01,9.421323763470784707e-01,9.421323763470784707e-01
1.324136495590209961e+00,9.037363529205322266e-01,-1.078386425971984863e+00,2.468746662139892578e+00,-1.557886838912963867e+00,-9.636944532394409180e-01,-3.899282217025756836e-02,3.803849697113037109e+00,2.444604188203811646e-01,9.473346086419861534e-01,9.473346086419861534e-01,9.473346086419861534e-01,9.473346086419861534e-01
1.364328384399414062e+00,9.430715441703796387e-01,-1.100389957427978516e+00,2.528268098831176758e+00,-1.541177511215209961e+00,-9.742584228515625000e-01,-8.498865365982055664e-02,3.792490243911743164e+00,2.335848361253738403e-01,9.523015852392626712e-01,9.523015852392626712e-01,9.523015852392626712e-01,9.523015852392626712e-01
1.408033132553100586e+00,9.745711088180541992e-01,-1.121388196945190430e+00,2.586226701736450195e+00,-1.518975257873535156e+00,-9.863979220390319824e-01,-1.188632249832153320e-01,3.757405519485473633e+00,2.195007801055908203e-01,9.570312086402968932e-01,9.570312086402968932e-01,9.570312086402968932e-01,9.570312086402968932e-01
1.455056667327880859e+00,9.955089688301086426e-01,-1.141016364097595215e+00,2.639766454696655273e+00,-1.488007783889770508e+00,-9.992445707321166992e-01,-1.360694766044616699e-01,3.698749542236328125e+00,2.013464570045471191e-01,9.615215116853785826e-01,9.615215116853785826e-01,9.615215116853785826e-01,9.615215116853785826e-01
1.504682302474975586e+00,1.003626823425292969e+00,-1.158993244171142578e+00,2.685183525085449219e+00,-1.445000886917114258e+00,-1.011145591735839844e+00,-1.341481804847717285e-01,3.621734142303466797e+00,1.795651167631149292e-01,9.657706579674518732e-01,9.657706579674518732e-01,9.657706579674518732e-01,9.657706579674518732e-01
1.555450439453125000e+00,9.985566735267639160e-01,-1.175195455551147461e+00,2.718443870544433594e+00,-1.388903975486755371e+00,-1.019406557083129883e+00,-1.137200593948364258e-01,3.536155223846435547e+00,1.553122997283935547e-01,9.697769421745812135e-01,9.697769421745812135e-01,9.697769421745812135e-01,9.697769421745812135e-01
1.260275483131408691e+00,7.415609359741210938e-01,-1.029615998268127441e+00,2.363610029220581055e+00,-1.681231617927551270e+00,-9.887380599975585938e-01,1.521909236907958984e-01,3.689462184906005859e+00,2.698675394058227539e-01,9.735387903614769467e-01,9.735387903614769467e-01,9.735387903614769467e-01,9.735387903614769467e-01
1.298862934112548828e+00,7.815333604812622070e-01,-1.055403709411621094e+00,2.413584232330322266e+00,-1.657951474189758301e+00,-9.920954108238220215e-01,1.115245223045349121e-01,3.701125144958496094e+00,2.639356851577758789e-01,9.770547601504635526e-01,9.770547601504635526e-01,9.770547601504635526e-01,9.770547601504635526e-01
1.338736653327941895e+00,8.206850886344909668e-01,-1.079091906547546387e+00,2.466654777526855469e+00,-1.634327530860900879e+00,-9.971069693565368652e-01,6.978666782379150391e-02,3.701147317886352539e+00,2.539724111557006836e-01,9.803235408622748004e-01,9.803235408622748004e-01,9.803235408622748004e-01,9.803235408622748004e-01
1.380341410636901855e+00,8.563081026077270508e-01,-1.101094722747802734e+00,2.520952939987182617e+00,-1.607389211654663086e+00,-1.003412246704101562e+00,3.154712915420532227e-02,3.684827327728271484e+00,2.405868470668792725e-01,9.833439535771544282e-01,9.833439535771544282e-01,9.833439535771544282e-01,9.833439535771544282e-01
1.424055457115173340e+00,8.860155940055847168e-01,-1.121508240699768066e+00,2.573981523513793945e+00,-1.574139118194580078e+00,-1.010334014892578125e+00,1.666665077209472656e-03,3.649385452270507812e+00,2.237862795591354370e-01,9.861149511267354173e-01,9.861149511267354173e-01,9.861149511267354173e-01,9.861149511267354173e-01
1.469776272773742676e+00,9.075511097908020020e-01,-1.140374302864074707e+00,2.622652530670166016e+00,-1.531387805938720703e+00,-1.016771912574768066e+00,-1.586049795150756836e-02,3.595657587051391602e+00,2.041083425283432007e-01,9.886356180171953500e-01,9.886356180171953500e-01,9.886356180171953500e-01,9.886356180171953500e-01
1.516879796981811523e+00,9.196348190307617188e-01,-1.157697081565856934e+00,2.663372993469238281e+00,-1.477060794830322266e+00,-1.021019935607910156e+00,-1.916366815567016602e-02,3.529290676116943359e+00,1.823568046092987061e-01,9.909051702842459619e-01,9.909051702842459619e-01,9.909051702842459619e-01,9.909051702842459619e-01
1.564036130905151367e+00,9.225381612777709961e-01,-1.173533678054809570e+00,2.692631244659423828e+00,-1.411723732948303223e+00,-1.020888805389404297e+00,-9.091019630432128906e-03,3.459730386734008789e+00,1.590150892734527588e-01,9.929229552805363124e-01,9.929229552805363124e-01,9.929229552805363124e-01,9.929229552805363124e-01
1.609193444252014160e+00,9.176824092864990234e-01,-1.188042879104614258e+00,2.707794904708862305e+00,-1.339197278022766113e+00,-1.014380097389221191e+00,1.144337654113769531e-02,3.396996021270751953e+00,1.345806121826171875e-01,9.946884513960713159e-01,9.946884513960713159e-01,9.946884513960713159e-01,9.946884513960713159e-01
1.649909377098083496e+00,9.069322943687438965e-01,-1.201268196105957031e+00,2.707974195480346680e+00,-1.266265630722045898e+00,-1.000704646110534668e+00,4.024386405944824219e-02,3.346572637557983398e+00,1.106210425496101379e-01,9.962012677122842330e-01,9.962012677122842330e-01,9.962012677122842330e-01,9.962012677122842330e-01
1.328557729721069336e+00,7.626962065696716309e-01,-1.075545430183410645e+00,2.474919319152832031e+00,-1.741244435310363770e+00,-1.033895850181579590e+00,1.271615028381347656e-01,3.646151542663574219e+00,2.760126590728759766e-01,9.974611435904323642e-01,9.974611435904323642e-01,9.974611435904323642e-01,9.974611435904323642e-01
1.378657341003417969e+00,7.868517637252807617e-01,-1.103277683258056641e+00,2.521507501602172852e+00,-1.699243187904357910e+00,-1.038801789283752441e+00,1.085026264190673828e-01,3.605700731277465820e+00,2.663695514202117920e-01,9.984679481950184954e-01,9.984679481950184954e-01,9.984679481950184954e-01,9.984679481950184954e-01
1.428228616714477539e+00,8.080533146858215332e-01,-1.126945018768310547e+00,2.568388462066650391e+00,-1.652211189270019531e+00,-1.042768120765686035e+00,9.362155199050903320e-02,3.552400350570678711e+00,2.510212063789367676e-01,9.992216799529549665e-01,9.992216799529549665e-01,9.992216799529549665e-01,9.992216799529549665e-01
1.477688074111938477e+00,8.238762021064758301e-01,-1.147313356399536133e+00,2.611818313598632812e+00,-1.595517516136169434e+00,-1.044541835784912109e+00,8.669477701187133789e-02,3.487234592437744141e+00,2.318046689033508301e-01,9.997224659492291998e-01,9.997224659492291998e-01,9.997224659492291998e-01,9.997224659492291998e-01
1.526759624481201172e+00,8.337681889533996582e-01,-1.164906382560729980e+00,2.647724151611328125e+00,-1.527061700820922852e+00,-1.042281746864318848e+00,8.905655145645141602e-02,3.417290210723876953e+00,2.098829448223114014e-01,9.999705612598515092e-01,9.999705612598515092e-01,9.999705612598515092e-01,9.999705612598515092e-01
1.574265956878662109e+00,8.388828039169311523e-01,-1.180227756500244141e+00,2.672497749328613281e+00,-1.448398351669311523e+00,-1.034077048301696777e+00,9.906542301177978516e-02,3.353273630142211914e+00,1.852400600910186768e-01,9.999663482228893230e-01,9.999663482228893230e-01,9.999663482228893230e-01,9.999663482228893230e-01
1.618295907974243164e+00,8.408082723617553711e-01,-1.193785786628723145e+00,2.683789968490600586e+00,-1.364652872085571289e+00,-1.018906116485595703e+00,1.133920550346374512e-01,3.304550170898437500e+00,1.574935615062713623e-01,9.997103356484223768e-01,9.997103356484223768e-01,9.997103356484223768e-01,9.997103356484223768e-01
1.656694054603576660e+00,8.402963280677795410e-01,-1.205814599990844727e+00,2.681220054626464844e+00,-1.283622503280639648e+00,-9.975252151489257812e-01,1.304268836975097656e-01,3.273810386657714844e+00,1.285804510116577148e-01,9.992031579682769671e-01,9.992031579682769671e-01,9.992031579682769671e-01,9.992031579682769671e-01
1.687598109245300293e+00,8.370733857154846191e-01,-1.216224670410156250e+00,2.666647195816040039e+00,-1.212946772575378418e+00,-9.723965525627136230e-01,1.508132219314575195e-01,3.257511377334594727e+00,1.028400436043739319e-01,9.984455743264184502e-01,9.984455743264184502e-01,9.984455743264184502e-01,9.984455743264184502e-01
1.709995031356811523e+00,8.307405710220336914e-01,-1.224843859672546387e+00,2.643591165542602539e+00,-1.157164812088012695e+00,-9.465872049331665039e-01,1.744106411933898926e-01,3.250918865203857422e+00,8.316176384687423706e-02,9.974384676109118164e-01,9.974384676109118164e-01,9.974384676109118164e-01,9.974384676109118164e-01
1.394630432128906250e+00,7.754472494125366211e-01,-1.120402216911315918e+00,2.578181028366088867e+00,-1.785533070564270020e+00,-1.077600479125976562e+00,1.064717769622802734e-01,3.558845996856689453e+00,2.854779958724975586e-01,9.961828434283734879e-01,9.961828434283734879e-01,9.961828434283734879e-01,9.961828434283734879e-01
1.457350492477416992e+00,7.764615416526794434e-01,-1.150145173072814941e+00,2.616716861724853516e+00,-1.712593436241149902e+00,-1.082525134086608887e+00,1.216828823089599609e-01,3.452624797821044922e+00,2.750374674797058105e-01,9.946798290218703542e-01,9.946798290218703542e-01,9.946798290218703542e-01,9.946798290218703542e-01
1.516575932502746582e+00,7.726643681526184082e-01,-1.173527598381042480e+00,2.650064706802368164e+00,-1.627460598945617676e+00,-1.081019878387451172e+00,1.437672972679138184e-01,3.345337867736816406e+00,2.606151700019836426e-01,9.929306721332318286e-01,9.929306721332318286e-01,9.929306721332318286e-01,9.929306721332318286e-01
1.572435736656188965e+00,7.671534419059753418e-01,-1.191694736480712891e+00,2.672601938247680664e+00,-1.530041217803955078e+00,-1.070169091224670410e+00,1.709841489791870117e-01,3.252392768859863281e+00,2.406668514013290405e-01,9.909367398107734592e-01,9.909367398107734592e-01,9.909367398107734592e-01,9.909367398107734592e-01
1.623017787933349609e+00,7.639309763908386230e-01,-1.206021547317504883e+00,2.680874586105346680e+00,-1.425927758216857910e+00,-1.048602819442749023e+00,1.977217793464660645e-01,3.188680171966552734e+00,2.120476812124252319e-01,9.886995171634394008e-01,9.886995171634394008e-01,9.886995171634394008e-01,9.886995171634394008e-01
1.665888428688049316e+00,7.650029659271240234e-01,-1.217500567436218262e+00,2.674166679382324219e+00,-1.324975013732910156e+00,-1.018038272857666016e+00,2.185251712799072266e-01,3.160223722457885742e+00,1.755816936492919922e-01,9.862206060624041370e-01,9.862206060624041370e-01,9.862206060624041370e-01,9.862206060624041370e-01
1.698938965797424316e+00,7.685304880142211914e-01,-1.226508021354675293e+00,2.654793739318847656e+00,-1.237685322761535645e+00,-9.832077026367187500e-01,2.345482707023620605e-01,3.158553600311279297e+00,1.388539373874664307e-01,9.835017237911636290e-01,9.835017237911636290e-01,9.835017237911636290e-01,9.835017237911636290e-01
1.721240043640136719e+00,7.710790634155273438e-01,-1.233210802078247070e+00,2.627133846282958984e+00,-1.170198917388916016e+00,-9.493966102600097656e-01,2.494790554046630859e-01,3.170669794082641602e+00,1.090016961097717285e-01,9.805447016452167874e-01,9.805447016452167874e-01,9.805447016452167874e-01,9.805447016452167874e-01
1.733396172523498535e+00,7.703884840011596680e-01,-1.237777113914489746e+00,2.595934391021728516e+00,-1.123028159141540527e+00,-9.201801419258117676e-01,2.650593519210815430e-01,3.187357425689697266e+00,8.821469545364379883e-02,9.773514834823878727e-01,9.773514834823878727e-01,9.773514834823878727e-01,9.773514834823878727e-01
