X0,X1,X2,X3,X4,X5,Y0,Y1,Y2,Y3,U0,U1,U2,U3
-5.243281275033950806e-02,6.226465106010437012e-02,-1.328347325325012207e-01,1.172377914190292358e-02,-4.226535558700561523e-02,-1.118670850992202759e-01,-2.134906053543090820e+00,7.251173853874206543e-01,6.037244945764541626e-02,-4.043002605438232422e+00,-2.401265605206453824e+00,6.540359463804974460e-01,5.451801005381802234e-01,-4.141622126721892450e+00
-4.329442232847213745e-02,5.706351995468139648e-02,-1.019730120897293091e-01,-6.067641079425811768e-03,5.030333995819091797e-03,-8.986599743366241455e-02,-2.512300968170166016e+00,4.335637986660003662e-01,7.993558645248413086e-01,-4.154784202575683594e+00,-2.401600191071540991e+00,6.213223977408121046e-01,6.168050650136983615e-01,-4.137440691947435134e+00
-3.619181364774703979e-02,5.762174725532531738e-02,-9.706884622573852539e-02,1.311356574296951294e-02,-3.614664077758789062e-03,-1.023665517568588257e-01,-2.281625747680664062e+00,7.368820905685424805e-01,3.364338874816894531e-01,-4.026209354400634766e+00,-2.401910187200310354e+00,5.880191681363455825e-01,6.872247044065246113e-01,-4.132972796052186482e+00
-3.398067504167556763e-02,5.605721473693847656e-02,-9.288394451141357422e-02,5.229935050010681152e-03,1.102602481842041016e-02,-8.903436362743377686e-02,-2.363428831100463867e+00,4.798141121864318848e-01,7.704967856407165527e-01,-4.111537933349609375e+00,-2.402196607639132342e+00,5.541745457969667887e-01,7.564351392321484457e-01,-4.128223338172842816e+00
-2.900696545839309692e-02,5.681347846984863281e-02,-8.611765503883361816e-02,9.021818637847900391e-03,1.393389701843261719e-02,-9.018872678279876709e-02,-2.388166189193725586e+00,5.646077394485473633e-01,7.405452728271484375e-01,-4.067736625671386719e+00,-2.402460473439613331e+00,5.198336446632864094e-01,8.244381155772129155e-01,-4.123197197095653799e+00
-2.721715718507766724e-02,5.514785647392272949e-02,-8.254452049732208252e-02,8.499391376972198486e-03,2.258551120758056641e-02,-8.574040234088897705e-02,-2.373065710067749023e+00,4.732896089553833008e-01,8.771764636039733887e-01,-4.128094673156738281e+00,-2.402702843269845179e+00,4.850368492863861292e-01,8.912456263907289067e-01,-4.117899251027559160e+00
-2.239946275949478149e-02,5.531370639801025391e-02,-7.651771605014801025e-02,9.718231856822967529e-03,2.660709619522094727e-02,-8.303345739841461182e-02,-2.395150423049926758e+00,4.733411073684692383e-01,9.468973278999328613e-01,-4.072257041931152344e+00,-2.402924741425779054e+00,4.498277466345256270e-01,9.568628927426818809e-01,-4.112334389042925586e+00
-2.100702375173568726e-02,5.415746569633483887e-02,-7.347339391708374023e-02,9.433925151824951172e-03,3.330254554748535156e-02,-8.017788827419281006e-02,-2.392092227935791016e+00,4.167190194129943848e-01,1.039882063865661621e+00,-4.120935916900634766e+00,-2.403127118587171207e+00,4.142439902407528129e-01,1.021298013088316914e+00,-4.106507315476356723e+00
-1.703304797410964966e-02,5.393028259277343750e-02,-6.854516267776489258e-02,1.031997054815292358e-02,3.720998764038085938e-02,-7.743553817272186279e-02,-2.400832176208496094e+00,3.986800312995910645e-01,1.108364701271057129e+00,-4.079037189483642578e+00,-2.403310966353174205e+00,3.783269476214273785e-01,1.084558194802711650e+00,-4.100422873009331504e+00
-1.553633064031600952e-02,5.300751328468322754e-02,-6.567835807800292969e-02,9.999714791774749756e-03,4.256242513656616211e-02,-7.480634748935699463e-02,-2.400336742401123047e+00,3.516346514225006104e-01,1.187761068344116211e+00,-4.104466915130615234e+00,-2.403477250296046197e+00,3.421159516476275919e-01,1.146652238105417609e+00,-4.094085852416760929e+00
-1.241257041692733765e-02,5.261617898941040039e-02,-6.180167198181152344e-02,1.051645725965499878e-02,4.613882303237915039e-02,-7.229228317737579346e-02,-2.404534816741943359e+00,3.249011635780334473e-01,1.251733303070068359e+00,-4.076334953308105469e+00,-2.403626848723666942e+00,3.056360448980736111e-01,1.207601719120180439e+00,-4.087500688885592481e+00
-1.087994128465652466e-02,5.182743072509765625e-02,-5.919851362705230713e-02,1.020499318838119507e-02,5.045151710510253906e-02,-6.985203921794891357e-02,-2.403821229934692383e+00,2.827387154102325439e-01,1.320540189743041992e+00,-4.086148738861083984e+00,-2.403760709328655931e+00,2.689287929845290415e-01,1.267413050534139440e+00,-4.080672227320667034e+00
-8.397720754146575928e-03,5.136185884475708008e-02,-5.614575743675231934e-02,1.041559129953384399e-02,5.360692739486694336e-02,-6.752027571201324463e-02,-2.405500650405883789e+00,2.509541213512420654e-01,1.380236268043518066e+00,-4.065680980682373047e+00,-2.403879689557431920e+00,2.320250666588976884e-01,1.326100183389413045e+00,-4.073605001366169986e+00
-6.925605237483978271e-03,5.067262053489685059e-02,-5.389882624149322510e-02,1.008098572492599487e-02,5.708676576614379883e-02,-6.525780260562896729e-02,-2.404548883438110352e+00,2.110751867294311523e-01,1.441278219223022461e+00,-4.066314220428466797e+00,-2.403984566334301576e+00,1.949481331581442989e-01,1.383680934647741445e+00,-4.066303291321023750e+00
-4.924528300762176514e-03,5.018320679664611816e-02,-5.150462687015533447e-02,1.005976647138595581e-02,5.979061126708984375e-02,-6.308560073375701904e-02,-2.404665470123291016e+00,1.764224022626876831e-01,1.496785998344421387e+00,-4.049902915954589844e+00,-2.404076217787903147e+00,1.577344697195063317e-01,1.440166351897706143e+00,-4.058771821101398558e+00
-3.564827144145965576e-03,4.957512021064758301e-02,-4.964451491832733154e-02,9.681649506092071533e-03,6.258696317672729492e-02,-6.097958981990814209e-02,-2.403533458709716797e+00,1.374963521957397461e-01,1.552093744277954102e+00,-4.045157432556152344e+00,-2.404155361582915873e+00,1.204078619414207796e-01,1.495570198153010955e+00,-4.051014800814850325e+00
-1.929976046085357666e-03,4.909396171569824219e-02,-4.779684543609619141e-02,9.484790265560150146e-03,6.484210491180419922e-02,-5.895133316516876221e-02,-2.402807474136352539e+00,1.011423915624618530e-01,1.603826642036437988e+00,-4.030930519104003906e+00,-2.404222721102417193e+00,8.299366179802612764e-02,1.549906166685699249e+00,-4.043036511559652268e+00
-7.063075900077819824e-04,4.855617880821228027e-02,-4.631952941417694092e-02,9.054295718669891357e-03,6.706619262695312500e-02,-5.698297917842864990e-02,-2.401571750640869141e+00,6.256560981273651123e-02,1.654749512672424316e+00,-4.023063182830810547e+00,-2.404279071837681414e+00,4.552264773498435751e-02,1.603187712508287843e+00,-4.034841476960782991e+00
6.459280848503112793e-04,4.810357093811035156e-02,-4.493290185928344727e-02,8.724488317966461182e-03,6.889665126800537109e-02,-5.508337914943695068e-02,-2.400492191314697266e+00,2.521760761737823486e-02,1.703243613243103027e+00,-4.010028362274169922e+00,-2.404325024893274598e+00,8.014560581305479880e-03,1.655426785565002890e+00,-4.026433662541998082e+00
1.728676259517669678e-03,4.762956500053405762e-02,-4.382091760635375977e-02,8.241519331932067871e-03,7.063120603561401367e-02,-5.323933064937591553e-02,-2.399260520935058594e+00,-1.331578195095062256e-02,1.750708103179931641e+00,-4.000444412231445312e+00,-2.404361241348101252e+00,-2.950602645335092394e-02,1.706636253620638977e+00,-4.017817287427491557e+00
2.858035266399383545e-03,4.721617698669433594e-02,-4.282964766025543213e-02,7.810838520526885986e-03,7.206898927688598633e-02,-5.145435035228729248e-02,-2.398089647293090820e+00,-5.124828219413757324e-02,1.796443104743957520e+00,-3.988065481185913086e+00,-2.404388347789881308e+00,-6.701603584078834330e-02,1.756828755870746717e+00,-4.008996490083630349e+00
3.806911408901214600e-03,4.680246114730834961e-02,-4.205137491226196289e-02,7.280059158802032471e-03,7.338398694992065430e-02,-4.972113668918609619e-02,-2.396983385086059570e+00,-8.978202939033508301e-02,1.841158866882324219e+00,-3.977597713470458984e+00,-2.404406975637244592e+00,-1.044923928395354029e-01,1.806017403281527045e+00,-3.999975387383797099e+00
4.758618772029876709e-03,4.643461108207702637e-02,-4.140070080757141113e-02,6.774514913558959961e-03,7.446706295013427734e-02,-4.803915321826934814e-02,-2.395904302597045898e+00,-1.279999911785125732e-01,1.884576439857482910e+00,-3.965660810470581055e+00,-2.404417691314005179e+00,-1.419142948193536924e-01,1.854214493083699455e+00,-3.990757994201697301e+00
5.586735904216766357e-03,4.607763886451721191e-02,-4.092152416706085205e-02,6.203219294548034668e-03,7.541966438293457031e-02,-4.640467464923858643e-02,-2.394995450973510742e+00,-1.665275990962982178e-01,1.927064061164855957e+00,-3.954782485961914062e+00,-2.404421047601809747e+00,-1.792613676278000112e-01,1.901432432071156198e+00,-3.981348293915777603e+00
6.395421922206878662e-03,4.575783014297485352e-02,-4.056468605995178223e-02,5.642339587211608887e-03,7.618552446365356445e-02,-4.481633007526397705e-02,-2.394139051437377930e+00,-2.048178315162658691e-01,1.968508601188659668e+00,-3.943175315856933594e+00,-2.404417571804511766e+00,-2.165140920877411113e-01,1.947683521425267905e+00,-3.971750221978101347e+00
7.117249071598052979e-03,4.545441269874572754e-02,-4.034928977489471436e-02,5.040228366851806641e-03,7.682454586029052734e-02,-4.327060282230377197e-02,-2.393442153930664062e+00,-2.432421594858169556e-01,2.009128332138061523e+00,-3.932172298431396484e+00,-2.404407765918663564e+00,-2.536538019320620507e-01,1.992979956714901579e+00,-3.961967665914346792e+00
7.811255753040313721e-03,4.518203437328338623e-02,-4.024562239646911621e-02,4.440188407897949219e-03,7.730954885482788086e-02,-4.176647961139678955e-02,-2.392853975296020508e+00,-2.814880907535552979e-01,2.048894882202148438e+00,-3.920828819274902344e+00,-2.404392096833004366e+00,-2.906635952421278701e-01,2.037333771748515154e+00,-3.952004402001466854e+00
8.441761136054992676e-03,4.492866992950439453e-02,-4.025991261005401611e-02,3.814682364463806152e-03,7.767689228057861328e-02,-4.030214250087738037e-02,-2.392433166503906250e+00,-3.197239637374877930e-01,2.087907791137695312e+00,-3.909858703613281250e+00,-2.404371012090142923e+00,-3.275269649373411252e-01,2.080756922795028885e+00,-3.941864190250089717e+00
9.043060243129730225e-03,4.470154643058776855e-02,-4.037335515022277832e-02,3.189846873283386230e-03,7.791501283645629883e-02,-3.887526690959930420e-02,-2.392095327377319336e+00,-3.577926754951477051e-01,2.126177787780761719e+00,-3.898747205734252930e+00,-2.404344939119005264e+00,-3.642278662110683962e-01,2.123261284307457863e+00,-3.931550769581764193e+00
9.597204625606536865e-03,4.449380934238433838e-02,-4.058501124382019043e-02,2.549558877944946289e-03,7.804703712463378906e-02,-3.748445212841033936e-02,-2.391921281814575195e+00,-3.957674205303192139e-01,2.163769960403442383e+00,-3.887854576110839844e+00,-2.404314277459999261e+00,-4.007514604352779841e-01,2.164858603142950422e+00,-3.921067806199304062e+00
1.012353599071502686e-02,4.430903494358062744e-02,-4.088234901428222656e-02,1.910090446472167969e-03,7.806986570358276367e-02,-3.612856566905975342e-02,-2.391834497451782227e+00,-4.335342645645141602e-01,2.200681209564208984e+00,-3.876929521560668945e+00,-2.404279402598108462e+00,-4.370838085656787442e-01,2.205560517400562581e+00,-3.910418914831625958e+00
1.061473786830902100e-02,4.414276778697967529e-02,-4.126152396202087402e-02,1.263044774532318115e-03,7.799893617630004883e-02,-3.480602800846099854e-02,-2.391890764236450195e+00,-4.711536765098571777e-01,2.236967325210571289e+00,-3.866144895553588867e+00,-2.404240686844767882e+00,-4.732108614914430911e-01,2.245378617701546453e+00,-3.899607682973437406e+00
1.108235865831375122e-02,4.399666190147399902e-02,-4.171065986156463623e-02,6.183777004480361938e-04,7.783788442611694336e-02,-3.351397812366485596e-02,-2.392021417617797852e+00,-5.085137486457824707e-01,2.272653818130493164e+00,-3.855357170104980469e+00,-2.404198583023675617e+00,-5.091142747751038478e-01,2.284324700734782443e+00,-3.888637771176230995e+00
1.152388006448745728e-02,4.386775195598602295e-02,-4.222704470157623291e-02,-2.804957330226898193e-05,7.759511470794677734e-02,-3.225304186344146729e-02,-2.392275571823120117e+00,-5.456711053848266602e-01,2.307747125625610352e+00,-3.844654560089111328e+00,-2.404153354697520673e+00,-5.447847791034148290e-01,2.322409957691653482e+00,-3.877512592030176730e+00
1.194521784782409668e-02,4.375642538070678711e-02,-4.280202090740203857e-02,-6.707701832056045532e-04,7.727563381195068359e-02,-3.102131187915802002e-02,-2.392606735229492188e+00,-5.825411677360534668e-01,2.342257261276245117e+00,-3.833971023559570312e+00,-2.404105312279619433e+00,-5.802105803102104442e-01,2.359645678778883759e+00,-3.866235588837211967e+00
1.234687119722366333e-02,4.366020858287811279e-02,-4.343120753765106201e-02,-1.311050727963447571e-03,7.688677310943603516e-02,-2.981819212436676025e-02,-2.393024444580078125e+00,-6.191664934158325195e-01,2.376197576522827148e+00,-3.823337554931640625e+00,-2.404054746976978407e+00,-6.153806235486304343e-01,2.396043054886727752e+00,-3.854810157160071249e+00
1.273313909769058228e-02,4.357889294624328613e-02,-4.410767555236816406e-02,-1.945117488503456116e-03,7.643252611160278320e-02,-2.864252030849456787e-02,-2.393491268157958984e+00,-6.554870009422302246e-01,2.409559011459350586e+00,-3.812695264816284180e+00,-2.404001931286950722e+00,-6.502845933231019560e-01,2.431613177589027952e+00,-3.843239644822281420e+00
1.310469955205917358e-02,4.351103305816650391e-02,-4.482543468475341797e-02,-2.573991194367408752e-03,7.592087984085083008e-02,-2.749262750148773193e-02,-2.394023180007934570e+00,-6.914932727813720703e-01,2.442373752593994141e+00,-3.802059412002563477e+00,-2.403947171978666031e+00,-6.849091393789082938e-01,2.466366396661541227e+00,-3.831527413494831169e+00
1.346493512392044067e-02,4.345589876174926758e-02,-4.557929933071136475e-02,-3.194814547896385193e-03,7.535582780838012695e-02,-2.636872231960296631e-02,-2.394603013992309570e+00,-7.271606922149658203e-01,2.474624156951904297e+00,-3.791414260864257812e+00,-2.403890718893485268e+00,-7.192443390752290000e-01,2.500313421543931547e+00,-3.819676733112808975e+00
1.381509751081466675e-02,4.341185092926025391e-02,-4.636496305465698242e-02,-3.807371482253074646e-03,7.474249601364135742e-02,-2.526922523975372314e-02,-2.395206451416015625e+00,-7.625022530555725098e-01,2.506322145462036133e+00,-3.780744552612304688e+00,-2.403832786092433782e+00,-7.532823347626508292e-01,2.533465088069242199e+00,-3.807690804236130599e+00
1.415697485208511353e-02,4.337844252586364746e-02,-4.717749357223510742e-02,-4.410700872540473938e-03,7.408499717712402344e-02,-2.419431507587432861e-02,-2.395845651626586914e+00,-7.974760532379150391e-01,2.537453651428222656e+00,-3.770039796829223633e+00,-2.403773589609058181e+00,-7.870146441983488783e-01,2.565831900706850632e+00,-3.795572801928964513e+00
1.449204236268997192e-02,4.335381090641021729e-02,-4.801276326179504395e-02,-5.004288628697395325e-03,7.338839769363403320e-02,-2.314274013042449951e-02,-2.396492004394531250e+00,-8.321046829223632812e-01,2.568024158477783203e+00,-3.759289026260375977e+00,-2.403713330329555475e+00,-8.204334160856889824e-01,2.597424246396759617e+00,-3.783325855262126503e+00
1.482207328081130981e-02,4.333767294883728027e-02,-4.886603355407714844e-02,-5.586953833699226379e-03,7.265591621398925781e-02,-2.211390435695648193e-02,-2.397137880325317383e+00,-8.663409948348999023e-01,2.598022460937500000e+00,-3.748458623886108398e+00,-2.403652204589659114e+00,-8.535305071176541025e-01,2.628252370451497733e+00,-3.770953068980506195e+00
1.514820009469985962e-02,4.332900047302246094e-02,-4.973247647285461426e-02,-6.158018484711647034e-03,7.189357280731201172e-02,-2.110622823238372803e-02,-2.397766351699829102e+00,-9.001678228378295898e-01,2.627470016479492188e+00,-3.737556934356689453e+00,-2.403590438108596405e+00,-8.862943020875665434e-01,2.658326293665679074e+00,-3.758457598032861835e+00
1.547228544950485229e-02,4.332694411277770996e-02,-5.060952901840209961e-02,-6.717829033732414246e-03,7.110369205474853516e-02,-2.012099325656890869e-02,-2.398422718048095703e+00,-9.336076378822326660e-01,2.656354427337646484e+00,-3.726582527160644531e+00,-2.403528168099129836e+00,-9.187206066710446040e-01,2.687656096599772226e+00,-3.745842391962062479e+00
1.579412072896957397e-02,4.333020746707916260e-02,-5.149362981319427490e-02,-7.265044376254081726e-03,7.029002904891967773e-02,-1.915717124938964844e-02,-2.399040699005126953e+00,-9.666212201118469238e-01,2.684644699096679688e+00,-3.715519428253173828e+00,-2.403465549704551840e+00,-9.508030043783408658e-01,2.716251667795815283e+00,-3.733110421293420078e+00
1.611601561307907104e-02,4.333800077438354492e-02,-5.238138139247894287e-02,-7.799474522471427917e-03,6.945532560348510742e-02,-1.821357011795043945e-02,-2.399625301361083984e+00,-9.992276430130004883e-01,2.712361574172973633e+00,-3.704334974288940430e+00,-2.403402726182932270e+00,-9.825355999146477837e-01,2.744122775418639915e+00,-3.720264613119437236e+00
1.643795520067214966e-02,4.334966838359832764e-02,-5.327017605304718018e-02,-8.321208879351615906e-03,6.860303878784179688e-02,-1.729035377502441406e-02,-2.400182008743286133e+00,-1.031408071517944336e+00,2.739496469497680664e+00,-3.693045616149902344e+00,-2.403339829426472729e+00,-1.013913019423109851e+00,2.771279067255903339e+00,-3.707307851099804097e+00
1.676132529973983765e-02,4.336448013782501221e-02,-5.415573716163635254e-02,-8.829848840832710266e-03,6.773698329925537109e-02,-1.638650894165039062e-02,-2.400705337524414062e+00,-1.063141465187072754e+00,2.766052007675170898e+00,-3.681627750396728516e+00,-2.403277004547873297e+00,-1.044927250146683972e+00,2.797730477490376622e+00,-3.694243069499219434e+00
1.708663254976272583e-02,4.338166117668151855e-02,-5.503666400909423828e-02,-9.324500337243080139e-03,6.685930490493774414e-02,-1.550196111202239990e-02,-2.401173114776611328e+00,-1.094432353973388672e+00,2.792021274566650391e+00,-3.670093059539794922e+00,-2.403214366457298912e+00,-1.075573189947517827e+00,2.823486511919325537e+00,-3.681073087944051636e+00
1.741490513086318970e-02,4.340064525604248047e-02,-5.590946972370147705e-02,-9.806232526898384094e-03,6.597250699996948242e-02,-1.463617384433746338e-02,-2.401612758636474609e+00,-1.125271439552307129e+00,2.817405462265014648e+00,-3.658405780792236328e+00,-2.403152013056684133e+00,-1.105847183976874204e+00,2.848556436855912199e+00,-3.667800655092661621e+00
1.774580031633377075e-02,4.342028498649597168e-02,-5.677337944507598877e-02,-1.027411036193370819e-02,6.507956981658935547e-02,-1.378944516181945801e-02,-2.401993274688720703e+00,-1.155670046806335449e+00,2.842192411422729492e+00,-3.646609306335449219e+00,-2.403090040756738599e+00,-1.135745029563810071e+00,2.872949535864723902e+00,-3.654428507987641961e+00
1.808097213506698608e-02,4.344061017036437988e-02,-5.762529373168945312e-02,-1.072838343679904938e-02,6.418132781982421875e-02,-1.296079158782958984e-02,-2.402328968048095703e+00,-1.185608148574829102e+00,2.866387605667114258e+00,-3.634643793106079102e+00,-2.403028537331799441e+00,-1.165262957978519864e+00,2.896674983369472933e+00,-3.640959342836396662e+00
1.841963082551956177e-02,4.346023499965667725e-02,-5.846373736858367920e-02,-1.116911880671977997e-02,6.328159570693969727e-02,-1.215024292469024658e-02,-2.402598619461059570e+00,-1.215094685554504395e+00,2.889979600906372070e+00,-3.622547149658203125e+00,-2.402967582920984224e+00,-1.194397166502588981e+00,2.919741902047925830e+00,-3.627395831319376818e+00
1.876353472471237183e-02,4.347962141036987305e-02,-5.928567051887512207e-02,-1.159626431763172150e-02,6.238126754760742188e-02,-1.135653257369995117e-02,-2.402819156646728516e+00,-1.244102120399475098e+00,2.912988185882568359e+00,-3.610269308090209961e+00,-2.402907251519416310e+00,-1.223142280118012515e+00,2.942159551424457398e+00,-3.613740674176972423e+00
1.911150664091110229e-02,4.349733889102935791e-02,-6.009133160114288330e-02,-1.201006583869457245e-02,6.148302555084228516e-02,-1.058079302310943604e-02,-2.402979373931884766e+00,-1.272659063339233398e+00,2.935391664505004883e+00,-3.597867250442504883e+00,-2.402847606111339740e+00,-1.251496341829489101e+00,2.963936715978461756e+00,-3.599996427346003447e+00
1.946512609720230103e-02,4.351356625556945801e-02,-6.087775528430938721e-02,-1.241056062281131744e-02,6.058788299560546875e-02,-9.821966290473937988e-03,-2.403092861175537109e+00,-1.300742506980895996e+00,2.957201480865478516e+00,-3.585291862487792969e+00,-2.402788704168786094e+00,-1.279456476536996679e+00,2.985082236887267371e+00,-3.586165653049710134e+00
1.982391625642776489e-02,4.352742433547973633e-02,-6.164439022541046143e-02,-1.279767043888568878e-02,5.969774723052978516e-02,-9.079366922378540039e-03,-2.403130531311035156e+00,-1.328365564346313477e+00,2.978419065475463867e+00,-3.572556495666503906e+00,-2.402730596542173469e+00,-1.307020091416136953e+00,3.005604864826270539e+00,-3.572250877972205529e+00
2.018804103136062622e-02,4.353865981101989746e-02,-6.238989531993865967e-02,-1.317199505865573883e-02,5.881404876708984375e-02,-8.353859186172485352e-03,-2.403122186660766602e+00,-1.355520248413085938e+00,2.999033451080322266e+00,-3.559669017791748047e+00,-2.402673327851684082e+00,-1.334184864449555308e+00,3.025513261381757246e+00,-3.558254593659947673e+00
2.055763453245162964e-02,4.354698956012725830e-02,-6.311282515525817871e-02,-1.353356428444385529e-02,5.793839693069458008e-02,-7.644414901733398438e-03,-2.403056383132934570e+00,-1.382199525833129883e+00,3.019054889678955078e+00,-3.546621084213256836e+00,-2.402616936869691688e+00,-1.360948732940534089e+00,3.044816000463882677e+00,-3.544179256923202459e+00
2.093333750963211060e-02,4.355207085609436035e-02,-6.381282210350036621e-02,-1.388234458863735199e-02,5.707168579101562500e-02,-6.950750946998596191e-03,-2.402934551239013672e+00,-1.408426165580749512e+00,3.038497686386108398e+00,-3.533418416976928711e+00,-2.402561456893669511e+00,-1.387309882008330275e+00,3.063521569719581450e+00,-3.530027290237514936e+00
2.131434530019760132e-02,4.355341196060180664e-02,-6.448873877525329590e-02,-1.421898044645786285e-02,5.621510744094848633e-02,-6.272867321968078613e-03,-2.402752637863159180e+00,-1.434181451797485352e+00,3.057342529296875000e+00,-3.520054340362548828e+00,-2.402506916109121260e+00,-1.413266733063445413e+00,3.081638371945442767e+00,-3.515801082145173062e+00
2.170141786336898804e-02,4.355099797248840332e-02,-6.513945758342742920e-02,-1.454369165003299713e-02,5.537003278732299805e-02,-5.610674619674682617e-03,-2.402534008026123047e+00,-1.459470748901367188e+00,3.075606107711791992e+00,-3.506535530090332031e+00,-2.402453337942036971e+00,-1.438817932262175914e+00,3.099174726500677046e+00,-3.501502987656678556e+00
2.209412306547164917e-02,4.354429244995117188e-02,-6.576463580131530762e-02,-1.485676877200603485e-02,5.453729629516601562e-02,-4.963859915733337402e-03,-2.402265071868896484e+00,-1.484299659729003906e+00,3.093283653259277344e+00,-3.492862701416015625e+00,-2.402400741400467776e+00,-1.463962338939517327e+00,3.116138870720016829e+00,-3.487135328652214206e+00
2.249246090650558472e-02,4.353338479995727539e-02,-6.636402010917663574e-02,-1.515769027173519135e-02,5.371785163879394531e-02,-4.331633448600769043e-03,-2.401929616928100586e+00,-1.508663296699523926e+00,3.110393285751342773e+00,-3.479047775268554688e+00,-2.402349142460136644e+00,-1.488698755790618833e+00,3.132538850389835705e+00,-3.472700400670567511e+00
2.289671450853347778e-02,4.351802170276641846e-02,-6.693613529205322266e-02,-1.544803939759731293e-02,5.291247367858886719e-02,-3.714218735694885254e-03,-2.401569604873657227e+00,-1.532564043998718262e+00,3.126932382583618164e+00,-3.465070247650146484e+00,-2.402298556068833690e+00,-1.513025426652119476e+00,3.148382310610812418e+00,-3.458200485433562399e+00
2.330633252859115601e-02,4.349768161773681641e-02,-6.748166680335998535e-02,-1.572708971798419952e-02,5.212229490280151367e-02,-3.111392259597778320e-03,-2.401151657104492188e+00,-1.556016445159912109e+00,3.142904758453369141e+00,-3.450964927673339844e+00,-2.402248987104265598e+00,-1.536942351642655025e+00,3.163677496674844658e+00,-3.443637793700892402e+00
2.372183650732040405e-02,4.347290098667144775e-02,-6.799918413162231445e-02,-1.599602960050106049e-02,5.134737491607666016e-02,-2.523094415664672852e-03,-2.400722265243530273e+00,-1.579002022743225098e+00,3.158319234848022461e+00,-3.436705112457275391e+00,-2.402200440294777195e+00,-1.560448961456163852e+00,3.178432261230828004e+00,-3.429014522917848140e+00
2.414224296808242798e-02,4.344280064105987549e-02,-6.848920881748199463e-02,-1.625438593327999115e-02,5.058932304382324219e-02,-1.948609948158264160e-03,-2.400235176086425781e+00,-1.601538419723510742e+00,3.173180103302001953e+00,-3.422323226928710938e+00,-2.402152917432673007e+00,-1.583544820223985905e+00,3.192654372760141968e+00,-3.414332839936883968e+00
2.456863969564437866e-02,4.340812563896179199e-02,-6.895086169242858887e-02,-1.650273241102695465e-02,4.984736442565917969e-02,-1.388058066368103027e-03,-2.399732589721679688e+00,-1.623614668846130371e+00,3.187497377395629883e+00,-3.407791137695312500e+00,-2.402106417626218793e+00,-1.606229612592700029e+00,3.206351516466498186e+00,-3.399594881449214068e+00
2.499907463788986206e-02,4.336796700954437256e-02,-6.938451528549194336e-02,-1.674223877489566803e-02,4.912358522415161133e-02,-8.411854505538940430e-04,-2.399202585220336914e+00,-1.645242691040039062e+00,3.201271057128906250e+00,-3.393146991729736328e+00,-2.402060937536886431e+00,-1.628503130785392772e+00,3.219531295165675377e+00,-3.384802754416393000e+00
2.543561905622482300e-02,4.332305490970611572e-02,-6.978978216648101807e-02,-1.697158999741077423e-02,4.841727018356323242e-02,-3.074258565902709961e-04,-2.398649215698242188e+00,-1.666428089141845703e+00,3.214529752731323242e+00,-3.378376245498657227e+00,-2.402016471601616576e+00,-1.650365261647840809e+00,3.232201230175277828e+00,-3.369958536501911350e+00
2.587614208459854126e-02,4.327283799648284912e-02,-7.016628980636596680e-02,-1.719272695481777191e-02,4.772967100143432617e-02,2.130270004272460938e-04,-2.398082733154296875e+00,-1.687153935432434082e+00,3.227254390716552734e+00,-3.363487482070922852e+00,-2.401973012239846383e+00,-1.671815973681298972e+00,3.244368762204596912e+00,-3.355064276502778942e+00
2.632180601358413696e-02,4.321748018264770508e-02,-7.051447033882141113e-02,-1.740477420389652252e-02,4.706054925918579102e-02,7.210224866867065430e-04,-2.397490978240966797e+00,-1.707446455955505371e+00,3.239474534988403320e+00,-3.348481893539428711e+00,-2.401930550045098478e+00,-1.692855304063805244e+00,3.256041252244298523e+00,-3.340121994781116488e+00
2.677179127931594849e-02,4.315729439258575439e-02,-7.083402574062347412e-02,-1.760876737534999847e-02,4.641062021255493164e-02,1.216307282447814941e-03,-2.396902322769165039e+00,-1.727286577224731445e+00,3.251195192337036133e+00,-3.333374500274658203e+00,-2.401889073960961074e+00,-1.713483345662466961e+00,3.267225982456217093e+00,-3.325133683695742359e+00
2.722590416669845581e-02,4.309144616127014160e-02,-7.112549245357513428e-02,-1.780478097498416901e-02,4.577982425689697266e-02,1.698613166809082031e-03,-2.396300077438354492e+00,-1.746701598167419434e+00,3.262400150299072266e+00,-3.318164110183715820e+00,-2.401848541103461354e+00,-1.733702682652900506e+00,3.277930026213209391e+00,-3.310101268603361735e+00
2.768378704786300659e-02,4.301995038986206055e-02,-7.139150798320770264e-02,-1.799338497221469879e-02,4.516583681106567383e-02,2.167224884033203125e-03,-2.395694255828857422e+00,-1.765731453895568848e+00,3.273089647293090820e+00,-3.302859544754028320e+00,-2.401808838491072962e+00,-1.753521718756064329e+00,3.288160071096013937e+00,-3.295026554683849973e+00
2.814487367868423462e-02,4.294335842132568359e-02,-7.162898778915405273e-02,-1.817478053271770477e-02,4.457169771194458008e-02,2.624526619911193848e-03,-2.395071506500244141e+00,-1.784309983253479004e+00,3.283295631408691406e+00,-3.287449836730957031e+00,-2.401770023152748124e+00,-1.772935139341250910e+00,3.297923462717394116e+00,-3.279911541650162743e+00
2.860980480909347534e-02,4.286155104637145996e-02,-7.183989882469177246e-02,-1.834920980036258698e-02,4.399597644805908203e-02,3.069445490837097168e-03,-2.394456148147583008e+00,-1.802489519119262695e+00,3.293024063110351562e+00,-3.271953344345092773e+00,-2.401732069442676032e+00,-1.791944181179915718e+00,3.307227121400611480e+00,-3.264758097463159814e+00
2.907747775316238403e-02,4.277464747428894043e-02,-7.202377915382385254e-02,-1.851750724017620087e-02,4.344010353088378906e-02,3.502205014228820801e-03,-2.393859386444091797e+00,-1.820250511169433594e+00,3.302282333374023438e+00,-3.256390810012817383e+00,-2.401694950155320196e+00,-1.810550188541953709e+00,3.316077887019155845e+00,-3.249568062409275093e+00
2.954845875501632690e-02,4.268267750740051270e-02,-7.218119502067565918e-02,-1.867889799177646637e-02,4.290258884429931641e-02,3.923580050468444824e-03,-2.393251657485961914e+00,-1.837602496147155762e+00,3.311073780059814453e+00,-3.240734815597534180e+00,-2.401658636650474410e+00,-1.828754605977429337e+00,3.324482519596362096e+00,-3.234343249444629809e+00
3.002170473337173462e-02,4.258558154106140137e-02,-7.231207191944122314e-02,-1.883503794670104980e-02,4.238474369049072266e-02,4.333168268203735352e-03,-2.392670631408691406e+00,-1.854546308517456055e+00,3.319406986236572266e+00,-3.225012779235839844e+00,-2.401623098968236114e+00,-1.846558971112244762e+00,3.332447699904857785e+00,-3.219085444539155016e+00
3.049760311841964722e-02,4.248356819152832031e-02,-7.241752743721008301e-02,-1.898483932018280029e-02,4.188561439514160156e-02,4.731550812721252441e-03,-2.392088174819946289e+00,-1.871095180511474609e+00,3.327296018600463867e+00,-3.209227800369262695e+00,-2.401588305933800349e+00,-1.863964907458739884e+00,3.339980030066130201e+00,-3.203796407020710113e+00
3.097549825906753540e-02,4.237653315067291260e-02,-7.249695062637329102e-02,-1.913000643253326416e-02,4.140543937683105469e-02,5.118563771247863770e-03,-2.391535282135009766e+00,-1.887242197990417480e+00,3.334734678268432617e+00,-3.193366765975952148e+00,-2.401554225252033437e+00,-1.880974117242851795e+00,3.347086034149946876e+00,-3.188477869919200902e+00
3.145534545183181763e-02,4.226490855216979980e-02,-7.255163788795471191e-02,-1.926986128091812134e-02,4.094427824020385742e-02,5.494758486747741699e-03,-2.391001462936401367e+00,-1.903000593185424805e+00,3.341754436492919922e+00,-3.177464485168457031e+00,-2.401520823591768661e+00,-1.897588374249425280e+00,3.353772158773954182e+00,-3.173131540310703436e+00
3.193672746419906616e-02,4.214845597743988037e-02,-7.258181273937225342e-02,-1.940476149320602417e-02,4.050153493881225586e-02,5.860164761543273926e-03,-2.390478610992431641e+00,-1.918370723724365234e+00,3.348344087600708008e+00,-3.161505699157714844e+00,-2.401488066659760445e+00,-1.913809516687208001e+00,3.360044773703148913e+00,-3.157759099661576307e+00
3.241956979036331177e-02,4.202756285667419434e-02,-7.258754968643188477e-02,-1.953575760126113892e-02,4.007735848426818848e-02,6.214588880538940430e-03,-2.390004873275756836e+00,-1.933356285095214844e+00,3.354519128799438477e+00,-3.145500183105468750e+00,-2.401455923056313058e+00,-1.929640232723190962e+00,3.365910281308873930e+00,-3.142362195699737626e+00
3.290327638387680054e-02,4.190188646316528320e-02,-7.257036864757537842e-02,-1.966172456741333008e-02,3.967100381851196289e-02,6.558716297149658203e-03,-2.389523267745971680e+00,-1.947969913482666016e+00,3.360278844833374023e+00,-3.129455566406250000e+00,-2.401424368973657408e+00,-1.945084841058980052e+00,3.371375225530631958e+00,-3.126942434324634146e+00
3.338787704706192017e-02,4.177173972129821777e-02,-7.252976298332214355e-02,-1.978483051061630249e-02,3.928261995315551758e-02,6.892025470733642578e-03,-2.389102935791015625e+00,-1.962217569351196289e+00,3.365635395050048828e+00,-3.113367319107055664e+00,-2.401393360568721658e+00,-1.960143630601252518e+00,3.376445515959163757e+00,-3.111501440389865092e+00
3.387268632650375366e-02,4.163762927055358887e-02,-7.246674597263336182e-02,-1.990332454442977905e-02,3.891173005104064941e-02,7.215648889541625977e-03,-2.388684272766113281e+00,-1.976073741912841797e+00,3.370598554611206055e+00,-3.097250223159790039e+00,-2.401362862500140860e+00,-1.974818897865546319e+00,3.381127258472726105e+00,-3.096040793443156858e+00
3.435794264078140259e-02,4.149873554706573486e-02,-7.238170504570007324e-02,-2.001930773258209229e-02,3.855881094932556152e-02,7.528826594352722168e-03,-2.388319015502929688e+00,-1.989598989486694336e+00,3.375177383422851562e+00,-3.081110715866088867e+00,-2.401332839030958066e+00,-1.989112995299316955e+00,3.385426488846445814e+00,-3.080562048851087198e+00
3.484339267015457153e-02,4.135645925998687744e-02,-7.227495312690734863e-02,-2.013128995895385742e-02,3.822234272956848145e-02,7.832393050193786621e-03,-2.387977838516235352e+00,-2.002734422683715820e+00,3.379377841949462891e+00,-3.064939260482788086e+00,-2.401303254072206350e+00,-2.003028325401508436e+00,3.389349173514151659e+00,-3.065066738130580948e+00
3.532805293798446655e-02,4.120977222919464111e-02,-7.214698195457458496e-02,-2.024098485708236694e-02,3.790357708930969238e-02,8.126348257064819336e-03,-2.387672424316406250e+00,-2.015522003173828125e+00,3.383205175399780273e+00,-3.048754692077636719e+00,-2.401274071217368355e+00,-2.016567334867006345e+00,3.392901210330085959e+00,-3.049556369280392865e+00
3.581271320581436157e-02,4.105943441390991211e-02,-7.199852168560028076e-02,-2.034776657819747925e-02,3.760081529617309570e-02,8.410528302192687988e-03,-2.387410640716552734e+00,-2.027958869934082031e+00,3.386668205261230469e+00,-3.032547950744628906e+00,-2.401245253767771093e+00,-2.029732508756180387e+00,3.396088429330724079e+00,-3.034032427112601571e+00
3.629604727029800415e-02,4.090511798858642578e-02,-7.183004915714263916e-02,-2.045202255249023438e-02,3.731471300125122070e-02,8.685708045959472656e-03,-2.387167453765869141e+00,-2.040044784545898438e+00,3.389770507812500000e+00,-3.016331195831298828e+00,-2.401216764748903998e+00,-2.042526364692307972e+00,3.398916593496518423e+00,-3.018496373584099945e+00
3.677888959646224976e-02,4.074761271476745605e-02,-7.164174318313598633e-02,-2.055414766073226929e-02,3.704443573951721191e-02,8.951365947723388672e-03,-2.386987447738647461e+00,-2.051780700683593750e+00,3.392528295516967773e+00,-3.000106334686279297e+00,-2.401188566917748179e+00,-2.054951447087212557e+00,3.401391399513683744e+00,-3.002949648128080185e+00
3.726001828908920288e-02,4.058650135993957520e-02,-7.143464684486389160e-02,-2.065396308898925781e-02,3.678995370864868164e-02,9.208410978317260742e-03,-2.386825799942016602e+00,-2.063172817230224609e+00,3.394943475723266602e+00,-2.983879327774047852e+00,-2.401160622761071561e+00,-2.067010321398057737e+00,3.403518478536000202e+00,-2.987393667985529078e+00
3.773980587720870972e-02,4.042193293571472168e-02,-7.120898365974426270e-02,-2.075237780809402466e-02,3.655046224594116211e-02,9.455963969230651855e-03,-2.386722087860107422e+00,-2.074233293533325195e+00,3.397011756896972656e+00,-2.967644453048706055e+00,-2.401132906004583401e+00,-2.078706746351732804e+00,3.405303437416329349e+00,-2.971829806016399900e+00
3.821753710508346558e-02,4.025411605834960938e-02,-7.096633315086364746e-02,-2.084867656230926514e-02,3.632539510726928711e-02,9.694784879684448242e-03,-2.386641502380371094e+00,-2.084966897964477539e+00,3.398748874664306641e+00,-2.951421022415161133e+00,-2.401105411018700675e+00,-2.090046500479303404e+00,3.406751888196189348e+00,-2.956259375044908211e+00
3.869328647851943970e-02,4.008316993713378906e-02,-7.070629298686981201e-02,-2.094413340091705322e-02,3.611505031585693359e-02,9.924605488777160645e-03,-2.386624813079833984e+00,-2.095379352569580078e+00,3.400163888931274414e+00,-2.935208559036254883e+00,-2.401078077910849817e+00,-2.101029818572618613e+00,3.407869189108246655e+00,-2.940683772739806745e+00
3.916671127080917358e-02,3.990915417671203613e-02,-7.042938470840454102e-02,-2.103775739669799805e-02,3.591847419738769531e-02,1.014645397663116455e-02,-2.386621952056884766e+00,-2.105458259582519531e+00,3.401254415512084961e+00,-2.918988943099975586e+00,-2.401050872776825162e+00,-2.111659653343958887e+00,3.408660729313677695e+00,-2.925104323921365879e+00
3.963754326105117798e-02,3.973227739334106445e-02,-7.013642787933349609e-02,-2.113047242164611816e-02,3.573584556579589844e-02,1.035955548286437988e-02,-2.386672496795654297e+00,-2.115220069885253906e+00,3.402033090591430664e+00,-2.902792692184448242e+00,-2.401023761937796763e+00,-2.121938984299069020e+00,3.409131837455804170e+00,-2.909522332204153461e+00
4.010573774576187134e-02,3.955274820327758789e-02,-6.982789933681488037e-02,-2.122216671705245972e-02,3.556630015373229980e-02,1.056456565856933594e-02,-2.386762857437133789e+00,-2.124665260314941406e+00,3.402507781982421875e+00,-2.886607646942138672e+00,-2.400996711932881666e+00,-2.131870813497671602e+00,3.409287782471558614e+00,-2.893939080300842459e+00
4.057075828313827515e-02,3.937050700187683105e-02,-6.950399279594421387e-02,-2.131322771310806274e-02,3.540992736816406250e-02,1.076149940490722656e-02,-2.386893987655639648e+00,-2.133791923522949219e+00,3.402677297592163086e+00,-2.870437860488891602e+00,-2.400969689504589777e+00,-2.141458161342901789e+00,3.409133774403044104e+00,-2.878355830326019493e+00
4.103270918130874634e-02,3.918591141700744629e-02,-6.916573643684387207e-02,-2.140325307846069336e-02,3.526568412780761719e-02,1.095068454742431641e-02,-2.387056350708007812e+00,-2.142606973648071289e+00,3.402554512023925781e+00,-2.854284286499023438e+00,-2.400942661577142534e+00,-2.150704062401134209e+00,3.408674965209021579e+00,-2.862773824099988040e+00
4.149096459150314331e-02,3.899887204170227051e-02,-6.881289184093475342e-02,-2.149321138858795166e-02,3.513410687446594238e-02,1.113186776638031006e-02,-2.387268543243408203e+00,-2.151105403900146484e+00,3.402134895324707031e+00,-2.838152408599853516e+00,-2.400915595227789190e+00,-2.159611561253636847e+00,3.407916449576473550e+00,-2.847194283452577857e+00
4.194574803113937378e-02,3.880965709686279297e-02,-6.844729185104370117e-02,-2.158220112323760986e-02,3.501409292221069336e-02,1.130543649196624756e-02,-2.387510538101196289e+00,-2.159312963485717773e+00,3.401441335678100586e+00,-2.822060585021972656e+00,-2.400888457651120689e+00,-2.168183708380906793e+00,3.406863265732078538e+00,-2.831618410526945961e+00
4.239674657583236694e-02,3.861826658248901367e-02,-6.806780397891998291e-02,-2.167148143053054810e-02,3.490555286407470703e-02,1.147153973579406738e-02,-2.387801408767700195e+00,-2.167209386825561523e+00,3.400462388992309570e+00,-2.805975198745727539e+00,-2.400861216116513486e+00,-2.176423556080421928e+00,3.405520396253773452e+00,-2.816047388083387393e+00
4.284357279539108276e-02,3.842464089393615723e-02,-6.767614185810089111e-02,-2.176040410995483398e-02,3.480815887451171875e-02,1.163001358509063721e-02,-2.388123035430908203e+00,-2.174816370010375977e+00,3.399205684661865234e+00,-2.789929866790771484e+00,-2.400833857820913853e+00,-2.184334942882470987e+00,3.403892631962277537e+00,-2.800482355649606347e+00
4.328627139329910278e-02,3.822951018810272217e-02,-6.727281212806701660e-02,-2.184931188821792603e-02,3.472051024436950684e-02,1.178102195262908936e-02,-2.388491392135620117e+00,-2.182124137878417969e+00,3.397680997848510742e+00,-2.773910284042358398e+00,-2.400806400009131814e+00,-2.191922854353605121e+00,3.401984508220611048e+00,-2.784924398444199589e+00
4.372414201498031616e-02,3.803205490112304688e-02,-6.685820221900939941e-02,-2.193830162286758423e-02,3.464353084564208984e-02,1.192483305931091309e-02,-2.388881206512451172e+00,-2.189153194427490234e+00,3.395885467529296875e+00,-2.757932186126708984e+00,-2.400778773994085125e+00,-2.199188856570971407e+00,3.399801098932376142e+00,-2.769374687603542995e+00
4.415772110223770142e-02,3.783321380615234375e-02,-6.643229722976684570e-02,-2.202706784009933472e-02,3.457576036453247070e-02,1.206189393997192383e-02,-2.389298915863037109e+00,-2.195880889892578125e+00,3.393829107284545898e+00,-2.741970539093017578e+00,-2.400750953436918689e+00,-2.206136192522697215e+00,3.397347132126526059e+00,-2.753834324326089433e+00
4.458617419004440308e-02,3.763255476951599121e-02,-6.599590182304382324e-02,-2.211683988571166992e-02,3.451767563819885254e-02,1.219175755977630615e-02,-2.389763355255126953e+00,-2.202333211898803711e+00,3.391515254974365234e+00,-2.726049423217773438e+00,-2.400722912502484263e+00,-2.212768107674802476e+00,3.394627280384960866e+00,-2.738304391266258797e+00
4.500976949930191040e-02,3.743073344230651855e-02,-6.554964184761047363e-02,-2.220650017261505127e-02,3.446832299232482910e-02,1.231476664543151855e-02,-2.390257358551025391e+00,-2.208495378494262695e+00,3.388952493667602539e+00,-2.710169076919555664e+00,-2.400694625820007921e+00,-2.219087846823100563e+00,3.391646161495113443e+00,-2.722785952810195642e+00
4.542804509401321411e-02,3.722713887691497803e-02,-6.509366631507873535e-02,-2.229680866003036499e-02,3.442794084548950195e-02,1.243126392364501953e-02,-2.390774011611938477e+00,-2.214387893676757812e+00,3.386140108108520508e+00,-2.694324493408203125e+00,-2.400666068438170875e+00,-2.225098650974073777e+00,3.388408339102441325e+00,-2.707280055351533044e+00
4.584119468927383423e-02,3.702266514301300049e-02,-6.462864577770233154e-02,-2.238740772008895874e-02,3.439539670944213867e-02,1.254086196422576904e-02,-2.391329288482666016e+00,-2.219994544982910156e+00,3.383084774017333984e+00,-2.678521394729614258e+00,-2.400637215774748867e+00,-2.230803754255933580e+00,3.384918323362924752e+00,-2.691787727567141353e+00
4.624863713979721069e-02,3.681690245866775513e-02,-6.415475904941558838e-02,-2.247898280620574951e-02,3.437080979347229004e-02,1.264427602291107178e-02,-2.391911029815673828e+00,-2.225327491760253906e+00,3.379790544509887695e+00,-2.662750959396362305e+00,-2.400608043560817695e+00,-2.236206380859957488e+00,3.381180571595660656e+00,-2.676309980692895163e+00
4.665053635835647583e-02,3.661012649536132812e-02,-6.367273628711700439e-02,-2.257116138935089111e-02,3.435397148132324219e-02,1.274092495441436768e-02,-2.392528772354125977e+00,-2.230393171310424805e+00,3.376262664794921875e+00,-2.647036075592041016e+00,-2.400578527779647420e+00,-2.241309742013548600e+00,3.377199488935325622e+00,-2.660847808799423397e+00
4.704653471708297729e-02,3.640236705541610718e-02,-6.318268179893493652e-02,-2.266378700733184814e-02,3.434395790100097656e-02,1.283191144466400146e-02,-2.393151521682739258e+00,-2.235180616378784180e+00,3.372500658035278320e+00,-2.631347179412841797e+00,-2.400548644600343451e+00,-2.246117032985428530e+00,3.372979428984688610e+00,-2.645402189067870946e+00
4.743655771017074585e-02,3.619399666786193848e-02,-6.268540024757385254e-02,-2.275737375020980835e-02,3.434064984321594238e-02,1.291622221469879150e-02,-2.393815517425537109e+00,-2.239698171615600586e+00,3.368510961532592773e+00,-2.615712404251098633e+00,-2.400518391099341287e+00,-2.250632200011198680e+00,3.368524599890141857e+00,-2.629974056290684814e+00
4.782048612833023071e-02,3.598442673683166504e-02,-6.218142807483673096e-02,-2.285183221101760864e-02,3.434336185455322266e-02,1.299446821212768555e-02,-2.394490242004394531e+00,-2.243967533111572266e+00,3.364288330078125000e+00,-2.600112915039062500e+00,-2.400487791254263481e+00,-2.254860128106952022e+00,3.363839040747814924e+00,-2.614564296539547694e+00
4.819826036691665649e-02,3.577434271574020386e-02,-6.167121231555938721e-02,-2.294719964265823364e-02,3.435209393501281738e-02,1.306682825088500977e-02,-2.395190715789794922e+00,-2.247981548309326172e+00,3.359855890274047852e+00,-2.584567070007324219e+00,-2.400456786518398555e+00,-2.258802616742223712e+00,3.358927116907932220e+00,-2.599173882247983514e+00
4.856950789690017700e-02,3.556367754936218262e-02,-6.115454435348510742e-02,-2.304325997829437256e-02,3.436613082885742188e-02,1.313336193561553955e-02,-2.395896911621093750e+00,-2.251720190048217773e+00,3.355191230773925781e+00,-2.569051980972290039e+00,-2.400425359567063044e+00,-2.262462974763436829e+00,3.353792956115227764e+00,-2.583803718641323410e+00
4.893428832292556763e-02,3.535246849060058594e-02,-6.063234806060791016e-02,-2.314072847366333008e-02,3.438568115234375000e-02,1.319397985935211182e-02,-2.396634817123413086e+00,-2.255215644836425781e+00,3.350320577621459961e+00,-2.553593158721923828e+00,-2.400393493573818482e+00,-2.265844499518530508e+00,3.348440635320537595e+00,-2.568454694746173494e+00
4.929260164499282837e-02,3.514102846384048462e-02,-6.010493636131286621e-02,-2.323878556489944458e-02,3.440997004508972168e-02,1.324902474880218506e-02,-2.397381782531738281e+00,-2.258453845977783203e+00,3.345242023468017578e+00,-2.538182497024536133e+00,-2.400361172155022427e+00,-2.268950474719550581e+00,3.342874181229324115e+00,-2.553127683637816503e+00
4.964391142129898071e-02,3.492892533540725708e-02,-5.957213044166564941e-02,-2.333839982748031616e-02,3.443902730941772461e-02,1.329833269119262695e-02,-2.398144245147705078e+00,-2.261439085006713867e+00,3.339941024780273438e+00,-2.522808313369750977e+00,-2.400328379310365357e+00,-2.271784168330294396e+00,3.337097570850086292e+00,-2.537823542687613010e+00
4.998866468667984009e-02,3.471687436103820801e-02,-5.903515219688415527e-02,-2.343898266553878784e-02,3.447207808494567871e-02,1.334217190742492676e-02,-2.398926258087158203e+00,-2.264181852340698242e+00,3.334448337554931641e+00,-2.507489442825317383e+00,-2.400295099359524009e+00,-2.274348830481113914e+00,3.331114732042907978e+00,-2.522543113810407966e+00
5.032632499933242798e-02,3.450462222099304199e-02,-5.849409103393554688e-02,-2.353997528553009033e-02,3.450894355773925781e-02,1.338115334510803223e-02,-2.399689674377441406e+00,-2.266671895980834961e+00,3.328753232955932617e+00,-2.492215871810913086e+00,-2.400261316874920947e+00,-2.276647691409256158e+00,3.324929544067917853e+00,-2.507287223711935464e+00
5.065701156854629517e-02,3.429214656352996826e-02,-5.794848501682281494e-02,-2.364341169595718384e-02,3.454962372779846191e-02,1.341399550437927246e-02,-2.400502920150756836e+00,-2.268921375274658203e+00,3.322848796844482422e+00,-2.476982831954956055e+00,-2.400227016610727127e+00,-2.278683959427249661e+00,3.318545838133753367e+00,-2.492056684136217282e+00
5.098048597574234009e-02,3.408001363277435303e-02,-5.739998817443847656e-02,-2.374691516160964966e-02,3.459358215332031250e-02,1.344245672225952148e-02,-2.401292562484741211e+00,-2.270924091339111328e+00,3.316766977310180664e+00,-2.461813211441040039e+00,-2.400192183428132786e+00,-2.280460818918025101e+00,3.311967397946079750e+00,-2.476852292112974308e+00
5.129692703485488892e-02,3.386779129505157471e-02,-5.684798955917358398e-02,-2.385229617357254028e-02,3.464016318321228027e-02,1.346498727798461914e-02,-2.402112245559692383e+00,-2.272691249847412109e+00,3.310476303100585938e+00,-2.446679830551147461e+00,-2.400156827058424369e+00,-2.281982111898106957e+00,3.305197971253849509e+00,-2.461674804777482795e+00
5.160585790872573853e-02,3.365552425384521484e-02,-5.629338324069976807e-02,-2.395869791507720947e-02,3.468948602676391602e-02,1.348289847373962402e-02,-2.402918338775634766e+00,-2.274227380752563477e+00,3.303998470306396484e+00,-2.431596517562866211e+00,-2.400120984181576045e+00,-2.283252370941292853e+00,3.298241271080121439e+00,-2.446524938040508967e+00
5.190760642290115356e-02,3.344380110502243042e-02,-5.573643743991851807e-02,-2.406588941812515259e-02,3.474074602127075195e-02,1.349598169326782227e-02,-2.403722286224365234e+00,-2.275522947311401367e+00,3.297338247299194336e+00,-2.416562080383300781e+00,-2.400084600556386061e+00,-2.284273596455232092e+00,3.291100924351233470e+00,-2.431403486875754361e+00
5.220172554254531860e-02,3.323194384574890137e-02,-5.517712235450744629e-02,-2.417485415935516357e-02,3.479430079460144043e-02,1.350378990173339844e-02,-2.404533863067626953e+00,-2.276595354080200195e+00,3.290482044219970703e+00,-2.401573896408081055e+00,-2.400047667834493303e+00,-2.285049030262366720e+00,3.283780533149224912e+00,-2.416311185216552637e+00
5.248843878507614136e-02,3.302077203989028931e-02,-5.461600422859191895e-02,-2.428463846445083618e-02,3.484928607940673828e-02,1.350697875022888184e-02,-2.405339479446411133e+00,-2.277428388595581055e+00,3.283447980880737305e+00,-2.386634349822998047e+00,-2.400010178112772508e+00,-2.285581896219829545e+00,3.276283655074582857e+00,-2.401248752873949233e+00
5.276752263307571411e-02,3.281007707118988037e-02,-5.405329167842864990e-02,-2.439595013856887817e-02,3.490585088729858398e-02,1.350550353527069092e-02,-2.406149387359619141e+00,-2.278035640716552734e+00,3.276239156723022461e+00,-2.371746063232421875e+00,-2.399972123878122865e+00,-2.285875398891384691e+00,3.268613803806114326e+00,-2.386216895757541145e+00
5.303902179002761841e-02,3.259962797164916992e-02,-5.348935723304748535e-02,-2.450839430093765259e-02,3.496336936950683594e-02,1.349925994873046875e-02,-2.406947612762451172e+00,-2.278424263000488281e+00,3.268845558166503906e+00,-2.356900453567504883e+00,-2.399933497949572114e+00,-2.285932722238615433e+00,3.260774449660976515e+00,-2.371216306096313176e+00
5.330281704664230347e-02,3.238996863365173340e-02,-5.292403697967529297e-02,-2.462219446897506714e-02,3.502181172370910645e-02,1.348848640918731689e-02,-2.407746076583862305e+00,-2.278576374053955078e+00,3.261277437210083008e+00,-2.342098951339721680e+00,-2.399894293417741853e+00,-2.285757028331078189e+00,3.252769020154636870e+00,-2.356247662659477271e+00
5.355869978666305542e-02,3.218084573745727539e-02,-5.235816538333892822e-02,-2.473714202642440796e-02,3.508096933364868164e-02,1.347333192825317383e-02,-2.408529520034790039e+00,-2.278510093688964844e+00,3.253537654876708984e+00,-2.327350854873657227e+00,-2.399854503581711374e+00,-2.285351456076305965e+00,3.244600900560846046e+00,-2.341311630977315428e+00
5.380707234144210815e-02,3.197230398654937744e-02,-5.179196596145629883e-02,-2.485332638025283813e-02,3.514057397842407227e-02,1.345370709896087646e-02,-2.409307718276977539e+00,-2.278238058090209961e+00,3.245633602142333984e+00,-2.312654972076416016e+00,-2.399814121883403928e+00,-2.284719119968341428e+00,3.236273434471577559e+00,-2.326408863562016816e+00
5.404750257730484009e-02,3.176468610763549805e-02,-5.122524499893188477e-02,-2.497085183858871460e-02,3.520008921623229980e-02,1.342979073524475098e-02,-2.410077095031738281e+00,-2.277734994888305664e+00,3.237557888031005859e+00,-2.297997474670410156e+00,-2.399773141839449675e+00,-2.283863108856995172e+00,3.227789924357056250e+00,-2.311540000128513572e+00
5.428002029657363892e-02,3.155772387981414795e-02,-5.065876245498657227e-02,-2.508948743343353271e-02,3.525942564010620117e-02,1.340171694755554199e-02,-2.410825729370117188e+00,-2.277022838592529297e+00,3.229317188262939453e+00,-2.283388853073120117e+00,-2.399731581710419892e+00,-2.282786937449343245e+00,3.219153596562524200e+00,-2.296705643892332560e+00
5.450470000505447388e-02,3.135171532630920410e-02,-5.009274184703826904e-02,-2.520900964736938477e-02,3.531813621520996094e-02,1.336945593357086182e-02,-2.411554336547851562e+00,-2.276096105575561523e+00,3.220912694931030273e+00,-2.268828392028808594e+00,-2.399689481977383299e+00,-2.281494486158939683e+00,3.210367605944181690e+00,-2.281906364532316989e+00
5.472154170274734497e-02,3.114635497331619263e-02,-4.952701926231384277e-02,-2.533060312271118164e-02,3.537645936012268066e-02,1.333247125148773193e-02,-2.412293910980224609e+00,-2.274971485137939453e+00,3.212343215942382812e+00,-2.254314422607421875e+00,-2.399646799600075209e+00,-2.279988078228962767e+00,3.201435187854033249e+00,-2.267142800273419301e+00
5.493027716875076294e-02,3.094229102134704590e-02,-4.896228015422821045e-02,-2.545261383056640625e-02,3.543385863304138184e-02,1.329208910465240479e-02,-2.412994146347045898e+00,-2.273624897003173828e+00,3.203624963760375977e+00,-2.239852905273437500e+00,-2.399603534271274707e+00,-2.278270794753869399e+00,3.192359476925349160e+00,-2.252415535829666471e+00
5.513117462396621704e-02,3.073904663324356079e-02,-4.839842021465301514e-02,-2.557606995105743408e-02,3.549000620841979980e-02,1.324735581874847412e-02,-2.413683414459228516e+00,-2.272078275680541992e+00,3.194741725921630859e+00,-2.225430965423583984e+00,-2.399559686061909058e+00,-2.276345694656556340e+00,3.183143568610252050e+00,-2.237725143644050618e+00
5.532408505678176880e-02,3.053687512874603271e-02,-4.783582687377929688e-02,-2.570064365863800049e-02,3.554478287696838379e-02,1.319903135299682617e-02,-2.414347171783447266e+00,-2.270328998565673828e+00,3.185709714889526367e+00,-2.211052417755126953e+00,-2.399515255372314915e+00,-2.274215813843650125e+00,3.173790519704385638e+00,-2.223072184085579384e+00
5.550893396139144897e-02,3.033580631017684937e-02,-4.727455973625183105e-02,-2.582661807537078857e-02,3.559812903404235840e-02,1.314641535282135010e-02,-2.415002107620239258e+00,-2.268376111984252930e+00,3.176520109176635742e+00,-2.196723699569702148e+00,-2.399470242881756477e+00,-2.271884164372981019e+00,3.164303348871474242e+00,-2.208457205646329413e+00
5.568591505289077759e-02,3.013598918914794922e-02,-4.671489074826240540e-02,-2.595341950654983521e-02,3.564971685409545898e-02,1.309043169021606445e-02,-2.415624856948852539e+00,-2.266222238540649414e+00,3.167188167572021484e+00,-2.182437181472778320e+00,-2.399424649496148199e+00,-2.269353733632811121e+00,3.154685037167938688e+00,-2.193880745138487853e+00
5.585477501153945923e-02,2.993724495172500610e-02,-4.615709558129310608e-02,-2.608162164688110352e-02,3.569936752319335938e-02,1.303043961524963379e-02,-2.416230916976928711e+00,-2.263874292373657227e+00,3.157703638076782227e+00,-2.168197154998779297e+00,-2.399378476294073081e+00,-2.266627483532548393e+00,3.144938528567531755e+00,-2.179343327891412496e+00
5.601573735475540161e-02,2.973988652229309082e-02,-4.560143128037452698e-02,-2.621062844991683960e-02,3.574728965759277344e-02,1.296693086624145508e-02,-2.416811466217041016e+00,-2.261332750320434570e+00,3.148085594177246094e+00,-2.154016494750976562e+00,-2.399331724471124083e+00,-2.263708349706085254e+00,3.135066730485886133e+00,-2.164845467948668389e+00
5.616877228021621704e-02,2.954371273517608643e-02,-4.504774883389472961e-02,-2.634063363075256348e-02,3.579217195510864258e-02,1.289997994899749756e-02,-2.417355060577392578e+00,-2.258592367172241211e+00,3.138311386108398438e+00,-2.139854669570922852e+00,-2.399284395282621052e+00,-2.260599240726401504e+00,3.125072514305199167e+00,-2.150387668265089314e+00
5.631364136934280396e-02,2.934884279966354370e-02,-4.449659958481788635e-02,-2.647210657596588135e-02,3.583517670631408691e-02,1.282931864261627197e-02,-2.417886018753051758e+00,-2.255668878555297852e+00,3.128405094146728516e+00,-2.125755310058593750e+00,-2.399236508705423265e+00,-2.257303350439962664e+00,3.114958626554681143e+00,-2.135970398919030622e+00
5.645080655813217163e-02,2.915540337562561035e-02,-4.394802823662757874e-02,-2.660429477691650391e-02,3.587511181831359863e-02,1.275509595870971680e-02,-2.418385505676269531e+00,-2.252555847167968750e+00,3.118356704711914062e+00,-2.111693620681762695e+00,-2.399188098460642848e+00,-2.253824065836192325e+00,3.104727714084868584e+00,-2.121594103374935258e+00
5.657977610826492310e-02,2.896346151828765869e-02,-4.340209439396858215e-02,-2.673748135566711426e-02,3.591206669807434082e-02,1.267756521701812744e-02,-2.418852090835571289e+00,-2.249245405197143555e+00,3.108168840408325195e+00,-2.097671031951904297e+00,-2.399139139937462861e+00,-2.250163769735732178e+00,3.094382667246790231e+00,-2.107259282996968075e+00
5.670086294412612915e-02,2.877280116081237793e-02,-4.285923764109611511e-02,-2.687193453311920166e-02,3.594627976417541504e-02,1.259651780128479004e-02,-2.419297218322753906e+00,-2.245764732360839844e+00,3.097850084304809570e+00,-2.083700418472290039e+00,-2.399089638767272881e+00,-2.246325325127917161e+00,3.083926197059250196e+00,-2.092966393071045150e+00
5.681418627500534058e-02,2.858360111713409424e-02,-4.231953993439674377e-02,-2.700731158256530762e-02,3.597733378410339355e-02,1.251229643821716309e-02,-2.419711589813232422e+00,-2.242109298706054688e+00,3.087405920028686523e+00,-2.069774389266967773e+00,-2.399039600814761197e+00,-2.242311570307092161e+00,3.073360979070418164e+00,-2.078715878272656692e+00
5.691964179277420044e-02,2.839621156454086304e-02,-4.178303852677345276e-02,-2.714327722787857056e-02,3.600475192070007324e-02,1.242473721504211426e-02,-2.420092582702636719e+00,-2.238261222839355469e+00,3.076828241348266602e+00,-2.055890083312988281e+00,-2.398989032134741350e+00,-2.238125318330994595e+00,3.062689653797790346e+00,-2.064508172843066980e+00
5.701697617769241333e-02,2.820998430252075195e-02,-4.124977067112922668e-02,-2.728050947189331055e-02,3.602895140647888184e-02,1.233398914337158203e-02,-2.420437812805175781e+00,-2.234241485595703125e+00,3.066115856170654297e+00,-2.042044162750244141e+00,-2.398937938927799607e+00,-2.233769356486400071e+00,3.051914827167989674e+00,-2.050343700765502764e+00
5.710684508085250854e-02,2.802572399377822876e-02,-4.072006419301033020e-02,-2.741836011409759521e-02,3.604930639266967773e-02,1.224014908075332642e-02,-2.420756816864013672e+00,-2.230042934417724609e+00,3.055287122726440430e+00,-2.028243780136108398e+00,-2.398886327494817117e+00,-2.229246445760568740e+00,3.041039070956625956e+00,-2.036222875941360755e+00
5.718863755464553833e-02,2.784288674592971802e-02,-4.019379988312721252e-02,-2.755755186080932617e-02,3.606605529785156250e-02,1.214314997196197510e-02,-2.421046257019042969e+00,-2.225671529769897461e+00,3.044329404830932617e+00,-2.014480352401733398e+00,-2.398834204190333885e+00,-2.224559320318975519e+00,3.030064923228206641e+00,-2.022146102366394249e+00
5.726281553506851196e-02,2.766170352697372437e-02,-3.967187181115150452e-02,-2.769703418016433716e-02,3.607884049415588379e-02,1.204328238964080811e-02,-2.421289443969726562e+00,-2.221140146255493164e+00,3.033257961273193359e+00,-2.000770092010498047e+00,-2.398781575374888231e+00,-2.219710686990205684e+00,3.018994888775948571e+00,-2.008113774306915733e+00
5.732923001050949097e-02,2.748221904039382935e-02,-3.915334865450859070e-02,-2.783767879009246826e-02,3.608763217926025391e-02,1.194024831056594849e-02,-2.421508312225341797e+00,-2.216430187225341797e+00,3.022059917449951172e+00,-1.987092375755310059e+00,-2.398728447366272221e+00,-2.214703224756258582e+00,3.007831439561663878e+00,-1.994126276475992388e+00
5.738804489374160767e-02,2.730459719896316528e-02,-3.863893821835517883e-02,-2.797892689704895020e-02,3.609228134155273438e-02,1.183439791202545166e-02,-2.421690464019775391e+00,-2.211553335189819336e+00,3.010749816894531250e+00,-1.973459720611572266e+00,-2.398674842251240058e+00,-2.209539828034525755e+00,2.996576967809227110e+00,-1.980183963853328510e+00
5.743914097547531128e-02,2.712855488061904907e-02,-3.812906518578529358e-02,-2.812105417251586914e-02,3.609269857406616211e-02,1.172550022602081299e-02,-2.421838521957397461e+00,-2.206524133682250977e+00,2.999326229095458984e+00,-1.959876775741577148e+00,-2.398620791292529919e+00,-2.204223498953669313e+00,2.985233806506731202e+00,-1.966287170487138747e+00
5.748281627893447876e-02,2.695440500974655151e-02,-3.762318566441535950e-02,-2.826388180255889893e-02,3.608846664428710938e-02,1.161380112171173096e-02,-2.421952247619628906e+00,-2.201325654983520508e+00,2.987787008285522461e+00,-1.946323871612548828e+00,-2.398566280030825837e+00,-2.198756509801127024e+00,2.973804393085701214e+00,-1.952436279854154799e+00
5.751883238554000854e-02,2.678202837705612183e-02,-3.712178394198417664e-02,-2.840739488601684570e-02,3.607982397079467773e-02,1.149944961071014404e-02,-2.422025680541992188e+00,-2.195969581604003906e+00,2.976138830184936523e+00,-1.932814955711364746e+00,-2.398511317925648978e+00,-2.193141475406599650e+00,2.962291061689941607e+00,-1.938631635533900832e+00
5.754748731851577759e-02,2.661146968603134155e-02,-3.662497922778129578e-02,-2.855151891708374023e-02,3.606665134429931641e-02,1.138222217559814453e-02,-2.422065019607543945e+00,-2.190460681915283203e+00,2.964384317398071289e+00,-1.919352054595947266e+00,-2.398455914521411714e+00,-2.187380984819861318e+00,2.950696114787231039e+00,-1.924873571984795806e+00
5.756873637437820435e-02,2.644285559654235840e-02,-3.613268211483955383e-02,-2.869630604982376099e-02,3.604862093925476074e-02,1.126255095005035400e-02,-2.422065496444702148e+00,-2.184793949127197266e+00,2.952526092529296875e+00,-1.905923604965209961e+00,-2.398400079411080910e+00,-2.181477600964205621e+00,2.939021823566207559e+00,-1.911162414701897516e+00
5.758256465196609497e-02,2.627604454755783081e-02,-3.564514592289924622e-02,-2.884186804294586182e-02,3.602588176727294922e-02,1.113985478878021240e-02,-2.422036409378051758e+00,-2.178977966308593750e+00,2.940559387207031250e+00,-1.892541766166687012e+00,-2.398343822199121789e+00,-2.175433860292121935e+00,2.927270428333368812e+00,-1.897498480374647967e+00
5.758919566869735718e-02,2.611115574836730957e-02,-3.516233339905738831e-02,-2.898810803890228271e-02,3.599828481674194336e-02,1.101474463939666748e-02,-2.421971559524536133e+00,-2.173013925552368164e+00,2.928496122360229492e+00,-1.879197597503662109e+00,-2.398287152463718375e+00,-2.169252272442467877e+00,2.915444138910018967e+00,-1.883882077044616743e+00
5.758846551179885864e-02,2.594824880361557007e-02,-3.468458727002143860e-02,-2.913451194763183594e-02,3.596565127372741699e-02,1.088713109493255615e-02,-2.421858072280883789e+00,-2.166898250579833984e+00,2.916331291198730469e+00,-1.865898489952087402e+00,-2.398230079718326024e+00,-2.162935319899859543e+00,2.903545135029174773e+00,-1.870313504263247495e+00
5.758067220449447632e-02,2.578724920749664307e-02,-3.421154990792274475e-02,-2.928192168474197388e-02,3.592792153358459473e-02,1.075683534145355225e-02,-2.421720981597900391e+00,-2.160639762878417969e+00,2.904067277908325195e+00,-1.852632522583007812e+00,-2.398172613372554718e+00,-2.156485457656048155e+00,2.891575566732531577e+00,-1.856793053249601311e+00
5.756566673517227173e-02,2.562841027975082397e-02,-3.374375775456428528e-02,-2.942942827939987183e-02,3.588506579399108887e-02,1.062431931495666504e-02,-2.421536207199096680e+00,-2.154231786727905273e+00,2.891713619232177734e+00,-1.839413881301879883e+00,-2.398114762692426627e+00,-2.149905112872494417e+00,2.879537554767399588e+00,-1.843321007048100757e+00
5.754383653402328491e-02,2.547133713960647583e-02,-3.328110650181770325e-02,-2.957771718502044678e-02,3.583711385726928711e-02,1.048915833234786987e-02,-2.421323060989379883e+00,-2.147698163986206055e+00,2.879266738891601562e+00,-1.826235771179199219e+00,-2.398056552482789705e+00,-2.143196875552974667e+00,2.867433172357296112e+00,-1.829897620981408402e+00
5.751489102840423584e-02,2.531655132770538330e-02,-3.282364085316658020e-02,-2.972619980573654175e-02,3.578349947929382324e-02,1.035175472497940063e-02,-2.421065330505371094e+00,-2.141010046005249023e+00,2.866725921630859375e+00,-1.813091993331909180e+00,-2.397998014374006726e+00,-2.136363387668796410e+00,2.855264456024863229e+00,-1.816523133837857129e+00
5.747898668050765991e-02,2.516363561153411865e-02,-3.237148001790046692e-02,-2.987528592348098755e-02,3.572496771812438965e-02,1.021204888820648193e-02,-2.420772552490234375e+00,-2.134195089340209961e+00,2.854101419448852539e+00,-1.799996614456176758e+00,-2.397939138058935438e+00,-2.129406755630205428e+00,2.843033463568700459e+00,-1.803197828942981307e+00
5.743654072284698486e-02,2.501289546489715576e-02,-3.192472830414772034e-02,-3.002485632896423340e-02,3.566068410873413086e-02,1.006983965635299683e-02,-2.420452356338500977e+00,-2.127249717712402344e+00,2.841391086578369141e+00,-1.786937594413757324e+00,-2.397879935407814411e+00,-2.122329330540359216e+00,2.830742198420656219e+00,-1.789921953874856309e+00
5.738703906536102295e-02,2.486427873373031616e-02,-3.148333355784416199e-02,-3.017474710941314697e-02,3.559106588363647461e-02,9.925514459609985352e-03,-2.420089244842529297e+00,-2.120164155960083008e+00,2.828595638275146484e+00,-1.773920774459838867e+00,-2.397820418297119005e+00,-2.115133437275284578e+00,2.818392636309538180e+00,-1.776695748409458098e+00
5.733118206262588501e-02,2.471770346164703369e-02,-3.104760125279426575e-02,-3.032472729682922363e-02,3.551569581031799316e-02,9.779125452041625977e-03,-2.419682979583740234e+00,-2.112959146499633789e+00,2.815721511840820312e+00,-1.760941267013549805e+00,-2.397760598582610925e+00,-2.107821374237694556e+00,2.805986725641868684e+00,-1.763519444661303393e+00
5.726856738328933716e-02,2.457343041896820068e-02,-3.061718121170997620e-02,-3.047536313533782959e-02,3.543496131896972656e-02,9.630277752876281738e-03,-2.419255256652832031e+00,-2.105618238449096680e+00,2.802766799926757812e+00,-1.748006701469421387e+00,-2.397700488071922376e+00,-2.100395413109002796e+00,2.793526387882659279e+00,-1.750393267224100491e+00
5.719940364360809326e-02,2.443114668130874634e-02,-3.019258007407188416e-02,-3.062614053487777710e-02,3.534844517707824707e-02,9.479478001594543457e-03,-2.418780326843261719e+00,-2.098158836364746094e+00,2.789734840393066406e+00,-1.735110402107238770e+00,-2.397640098496775618e+00,-2.092857798599258246e+00,2.781013517936230528e+00,-1.737317433311389436e+00
5.712392926216125488e-02,2.429115027189254761e-02,-2.977341786026954651e-02,-3.077732771635055542e-02,3.525638580322265625e-02,9.326606988906860352e-03,-2.418278455734252930e+00,-2.090575695037841797e+00,2.776632070541381836e+00,-1.722254514694213867e+00,-2.397579441484778862e+00,-2.085210748195281738e+00,2.768449984526972774e+00,-1.724292152897192842e+00
5.704208463430404663e-02,2.415322512388229370e-02,-2.936011925339698792e-02,-3.092868626117706299e-02,3.515854477882385254e-02,9.171545505523681641e-03,-2.417738437652587891e+00,-2.082875728607177734e+00,2.763453245162963867e+00,-1.709440946578979492e+00,-2.397518528530876214e+00,-2.077456451906606993e+00,2.755837630580106001e+00,-1.711317628856654727e+00
5.695392936468124390e-02,2.401774376630783081e-02,-2.895245328545570374e-02,-3.108008950948715210e-02,3.505483269691467285e-02,9.014710783958435059e-03,-2.417159557342529297e+00,-2.075047969818115234e+00,2.750206947326660156e+00,-1.696665048599243164e+00,-2.397457370968407719e+00,-2.069597072009516481e+00,2.743178273602525419e+00,-1.698394057106690003e+00
5.685964226722717285e-02,2.388434857130050659e-02,-2.855061367154121399e-02,-3.123190253973007202e-02,3.494551777839660645e-02,8.855663239955902100e-03,-2.416554212570190430e+00,-2.067112445831298828e+00,2.736892461776733398e+00,-1.683934450149536133e+00,-2.397395991674138749e+00,-2.061634950151941315e+00,2.730473659401469799e+00,-1.685521607481099693e+00
5.675922334194183350e-02,2.375327050685882568e-02,-2.815470471978187561e-02,-3.138382732868194580e-02,3.483015298843383789e-02,8.694685995578765869e-03,-2.415913581848144531e+00,-2.059061288833618164e+00,2.723510742187500000e+00,-1.671243071556091309e+00,-2.397334417125799977e+00,-2.053572462518385766e+00,2.717725494442457368e+00,-1.672700437073715962e+00
5.665291100740432739e-02,2.362447977066040039e-02,-2.776460722088813782e-02,-3.153578937053680420e-02,3.470891714096069336e-02,8.531905710697174072e-03,-2.415237903594970703e+00,-2.050899267196655273e+00,2.710067987442016602e+00,-1.658590793609619141e+00,-2.397272644839218536e+00,-2.045411449046556029e+00,2.704935575122825675e+00,-1.659930743595509739e+00
5.654057115316390991e-02,2.349788695573806763e-02,-2.738049253821372986e-02,-3.168809413909912109e-02,3.458201885223388672e-02,8.367136120796203613e-03,-2.414535284042358398e+00,-2.042633295059204102e+00,2.696564912796020508e+00,-1.645985841751098633e+00,-2.397210687810451990e+00,-2.037154000005360732e+00,2.692105611203710946e+00,-1.647212692457700189e+00
5.642257630825042725e-02,2.337364852428436279e-02,-2.700227126479148865e-02,-3.184036910533905029e-02,3.444889187812805176e-02,8.200734853744506836e-03,-2.413796186447143555e+00,-2.034259557723999023e+00,2.683003902435302734e+00,-1.633412837982177734e+00,-2.397148558987637568e+00,-2.028802180299007496e+00,2.679237287986233618e+00,-1.634546442426098700e+00
5.629869550466537476e-02,2.325173467397689819e-02,-2.663008496165275574e-02,-3.199262917041778564e-02,3.430998325347900391e-02,8.032470941543579102e-03,-2.413024187088012695e+00,-2.025779247283935547e+00,2.669384956359863281e+00,-1.620887041091918945e+00,-2.397086271252549139e+00,-2.020358029313430670e+00,2.666332266653404837e+00,-1.621932145745727860e+00
5.616930127143859863e-02,2.313215285539627075e-02,-2.626390382647514343e-02,-3.214506804943084717e-02,3.416508436203002930e-02,7.862344384193420410e-03,-2.412228107452392578e+00,-2.017200946807861328e+00,2.655714035034179688e+00,-1.608402729034423828e+00,-2.397023837401965896e+00,-2.011823560758073892e+00,2.653392184612148874e+00,-1.609369948265430894e+00
5.603416264057159424e-02,2.301507443189620972e-02,-2.590368315577507019e-02,-3.229741752147674561e-02,3.401422500610351562e-02,7.690563797950744629e-03,-2.411399364471435547e+00,-2.008511304855346680e+00,2.641989707946777344e+00,-1.595961093902587891e+00,-2.396961270128873611e+00,-2.003200762503411614e+00,2.640418655835198081e+00,-1.596859989562491533e+00
5.589374154806137085e-02,2.290016412734985352e-02,-2.554956451058387756e-02,-3.244967013597488403e-02,3.385737538337707520e-02,7.517270743846893311e-03,-2.410534858703613281e+00,-1.999734282493591309e+00,2.628217220306396484e+00,-1.583557367324829102e+00,-2.396898582003500699e+00,-1.994491596413271450e+00,2.627413271203088652e+00,-1.584402403067246778e+00
5.574789643287658691e-02,2.278768271207809448e-02,-2.520154044032096863e-02,-3.260213136672973633e-02,3.369450569152832031e-02,7.342092692852020264e-03,-2.409651041030883789e+00,-1.990861177444458008e+00,2.614396095275878906e+00,-1.571197986602783203e+00,-2.396835785454204171e+00,-1.985697998173553414e+00,2.614377598846120865e+00,-1.571997316187705662e+00
5.559676140546798706e-02,2.267776429653167725e-02,-2.485952153801918030e-02,-3.275427967309951782e-02,3.352567553520202637e-02,7.165446877479553223e-03,-2.408734798431396484e+00,-1.981886267662048340e+00,2.600532293319702148e+00,-1.558881759643554688e+00,-2.396772892748206818e+00,-1.976821877115860548e+00,2.601313184486280683e+00,-1.559644850434157570e+00
5.544046312570571899e-02,2.257005125284194946e-02,-2.452361956238746643e-02,-3.290658444166183472e-02,3.335082530975341797e-02,6.987035274505615234e-03,-2.407795667648315430e+00,-1.972827076911926270e+00,2.586621046066284180e+00,-1.546605587005615234e+00,-2.396709922139269366e+00,-1.967865344380703263e+00,2.588221495372717396e+00,-1.547345103534101929e+00
5.527903884649276733e-02,2.246481925249099731e-02,-2.419391646981239319e-02,-3.305874019861221313e-02,3.316992521286010742e-02,6.807208061218261719e-03,-2.406827688217163086e+00,-1.963678121566772461e+00,2.572671651840209961e+00,-1.534372568130493164e+00,-2.396646893035919490e+00,-1.958830528572131913e+00,2.575103965835729980e+00,-1.535098163992343334e+00
5.511269718408584595e-02,2.236203849315643311e-02,-2.387041226029396057e-02,-3.321065008640289307e-02,3.298294544219970703e-02,6.625831127166748047e-03,-2.405833244323730469e+00,-1.954442858695983887e+00,2.558684349060058594e+00,-1.522183060646057129e+00,-2.396583810701724104e+00,-1.949719015448930337e+00,2.561962136252589506e+00,-1.522904155475973909e+00
5.494142323732376099e-02,2.226173877716064453e-02,-2.355300262570381165e-02,-3.336267173290252686e-02,3.278997540473937988e-02,6.442785263061523438e-03,-2.404823303222656250e+00,-1.945122003555297852e+00,2.544659376144409180e+00,-1.510037302970886230e+00,-2.396520687941976480e+00,-1.940532652473668351e+00,2.548797454646727800e+00,-1.510763173483615995e+00
5.476530641317367554e-02,2.216399461030960083e-02,-2.324180677533149719e-02,-3.351421654224395752e-02,3.259095549583435059e-02,6.258547306060791016e-03,-2.403779983520507812e+00,-1.935713529586791992e+00,2.530603408813476562e+00,-1.497934818267822266e+00,-2.396457537448748898e+00,-1.931273264008447788e+00,2.535611347244733693e+00,-1.498675307888581498e+00
5.458454787731170654e-02,2.206856757402420044e-02,-2.293687686324119568e-02,-3.366585820913314819e-02,3.238597512245178223e-02,6.072774529457092285e-03,-2.402719974517822266e+00,-1.926234722137451172e+00,2.516516685485839844e+00,-1.485876560211181641e+00,-2.396394371788573174e+00,-1.921942651266579594e+00,2.522405218773296820e+00,-1.486640643049093713e+00
5.439915508031845093e-02,2.197579294443130493e-02,-2.263795956969261169e-02,-3.381714224815368652e-02,3.217497467994689941e-02,5.885690450668334961e-03,-2.401636838912963867e+00,-1.916667938232421875e+00,2.502399921417236328e+00,-1.473860383033752441e+00,-2.396331203390126952e+00,-1.912542592258399177e+00,2.509180452756007984e+00,-1.474659257918516042e+00
5.420938879251480103e-02,2.188540995121002197e-02,-2.234545722603797913e-02,-3.396819531917572021e-02,3.195795416831970215e-02,5.696997046470642090e-03,-2.400536298751831055e+00,-1.907034397125244141e+00,2.488255977630615234e+00,-1.461893320083618164e+00,-2.396268044531939978e+00,-1.903074841731134503e+00,2.495938411810312285e+00,-1.462731226155567832e+00
5.401504784822463989e-02,2.179760485887527466e-02,-2.205889299511909485e-02,-3.411919623613357544e-02,3.173494338989257812e-02,5.507156252861022949e-03,-2.399416208267211914e+00,-1.897318363189697266e+00,2.474086046218872070e+00,-1.449963569641113281e+00,-2.396204907330109712e+00,-1.893541131103843034e+00,2.482680437944355223e+00,-1.450856616234562191e+00
5.381641536951065063e-02,2.171222865581512451e-02,-2.177867665886878967e-02,-3.426984697580337524e-02,3.150595724582672119e-02,5.315840244293212891e-03,-2.398276567459106445e+00,-1.887534856796264648e+00,2.459890842437744141e+00,-1.438081979751586914e+00,-2.396141803726048902e+00,-1.883943168395688428e+00,2.469407852853925167e+00,-1.439035491555623381e+00
5.361361801624298096e-02,2.162951231002807617e-02,-2.150455489754676819e-02,-3.442004323005676270e-02,3.127093613147735596e-02,5.123525857925415039e-03,-2.397114276885986328e+00,-1.877675771713256836e+00,2.445678710937500000e+00,-1.426241159439086914e+00,-2.396078745474258476e+00,-1.874282638149451952e+00,2.456121958219265267e+00,-1.427267910554912422e+00
5.340663343667984009e-02,2.154929935932159424e-02,-2.123669907450675964e-02,-3.457007557153701782e-02,3.103004395961761475e-02,4.929631948471069336e-03,-2.395941972732543945e+00,-1.867750406265258789e+00,2.431444644927978516e+00,-1.414450764656066895e+00,-2.396015748109778798e+00,-1.864561365851264751e+00,2.442824001913328491e+00,-1.415553910431603946e+00
5.319564789533615112e-02,2.147173881530761719e-02,-2.097503095865249634e-02,-3.471978008747100830e-02,3.078325092792510986e-02,4.734590649604797363e-03,-2.394755840301513672e+00,-1.857757806777954102e+00,2.417197704315185547e+00,-1.402707457542419434e+00,-2.395952827401349960e+00,-1.854781167595503266e+00,2.429515209301883694e+00,-1.403893522158466078e+00
5.298077315092086792e-02,2.139661461114883423e-02,-2.071953937411308289e-02,-3.486916422843933105e-02,3.053036332130432129e-02,4.538461565971374512e-03,-2.393549919128417969e+00,-1.847704172134399414e+00,2.402933835983276367e+00,-1.391001701354980469e+00,-2.395889990603025321e+00,-1.844943492855921185e+00,2.416196857671665921e+00,-1.392286806220091488e+00
5.276205390691757202e-02,2.132414281368255615e-02,-2.047036215662956238e-02,-3.501821309328079224e-02,3.027164936065673828e-02,4.340976476669311523e-03,-2.392336606979370117e+00,-1.837589383125305176e+00,2.388659954071044922e+00,-1.379349470138549805e+00,-2.395827249458467367e+00,-1.835049963035118914e+00,2.402870164926149243e+00,-1.380733799086862668e+00
5.253959447145462036e-02,2.125430852174758911e-02,-2.022710070013999939e-02,-3.516683727502822876e-02,3.000706434249877930e-02,4.142478108406066895e-03,-2.391108036041259766e+00,-1.827407002449035645e+00,2.374373912811279297e+00,-1.367737770080566406e+00,-2.395764615555002752e+00,-1.825102178537590270e+00,2.389536329799111236e+00,-1.369234532509382873e+00
5.231342464685440063e-02,2.118696272373199463e-02,-1.999015733599662781e-02,-3.531520813703536987e-02,2.973660826683044434e-02,3.942802548408508301e-03,-2.389869213104248047e+00,-1.817171812057495117e+00,2.360079526901245117e+00,-1.356173753738403320e+00,-2.395702100316419170e+00,-1.815101718769885908e+00,2.376196532125246730e+00,-1.357789033616111141e+00
5.208384245634078979e-02,2.112231403589248657e-02,-1.975956931710243225e-02,-3.546290844678878784e-02,2.946038544178009033e-02,3.742069005966186523e-03,-2.388618469238281250e+00,-1.806883454322814941e+00,2.345785617828369141e+00,-1.344664454460144043e+00,-2.395639714995890124e+00,-1.805050142135256719e+00,2.362851933110917013e+00,-1.346397325011001733e+00
5.185075849294662476e-02,2.106039226055145264e-02,-1.953483372926712036e-02,-3.561038523912429810e-02,2.917820215225219727e-02,3.540188074111938477e-03,-2.387364625930786133e+00,-1.796530723571777344e+00,2.331482410430908203e+00,-1.333193540573120117e+00,-2.395577470669010278e+00,-1.794948986021679405e+00,2.349503675604845743e+00,-1.335059424871139377e+00
5.161436647176742554e-02,2.100096642971038818e-02,-1.931628584861755371e-02,-3.575746715068817139e-02,2.889028191566467285e-02,3.337249159812927246e-03,-2.386102199554443359e+00,-1.786131620407104492e+00,2.317177534103393555e+00,-1.321770429611206055e+00,-2.395515378226959147e+00,-1.784799766783925490e+00,2.336152884368774885e+00,-1.323775347044375827e+00
5.137464404106140137e-02,2.094426751136779785e-02,-1.910399645566940308e-02,-3.590396046638488770e-02,2.859665453433990479e-02,3.133386373519897461e-03,-2.384829998016357422e+00,-1.775679826736450195e+00,2.302876472473144531e+00,-1.310400009155273438e+00,-2.395453448369781135e+00,-1.774603979719451718e+00,2.322800666348195264e+00,-1.312545101146969317e+00
5.113186687231063843e-02,2.089015394449234009e-02,-1.889770105481147766e-02,-3.605022281408309937e-02,2.829727530479431152e-02,2.928361296653747559e-03,-2.383560657501220703e+00,-1.765182495117187500e+00,2.288575887680053711e+00,-1.299074292182922363e+00,-2.395391691599797479e+00,-1.764363099038166238e+00,2.309448110943038923e+00,-1.301368692661222237e+00
5.088597536087036133e-02,2.083882689476013184e-02,-1.869746670126914978e-02,-3.619565069675445557e-02,2.799217402935028076e-02,2.722471952438354492e-03,-2.382279157638549805e+00,-1.754629135131835938e+00,2.274279117584228516e+00,-1.287797808647155762e+00,-2.395330121378833610e+00,-1.754078677149125687e+00,2.296096262119761366e+00,-1.290246107749422499e+00
5.063711106777191162e-02,2.079009264707565308e-02,-1.850341632962226868e-02,-3.634072095155715942e-02,2.768133580684661865e-02,2.515614032745361328e-03,-2.380995750427246094e+00,-1.744035601615905762e+00,2.259989023208618164e+00,-1.276569128036499023e+00,-2.395268750970437566e+00,-1.743752243855906325e+00,2.282746147121990532e+00,-1.279177328787905799e+00
5.038534849882125854e-02,2.074406296014785767e-02,-1.831531152129173279e-02,-3.648531436920166016e-02,2.736490964889526367e-02,2.307906746864318848e-03,-2.379710674285888672e+00,-1.733395934104919434e+00,2.245707750320434570e+00,-1.265387773513793945e+00,-2.395207587343841649e+00,-1.733385116912666390e+00,2.269398830559027580e+00,-1.268162363675420456e+00
5.013090372085571289e-02,2.070077508687973022e-02,-1.813334971666336060e-02,-3.662949800491333008e-02,2.704288065433502197e-02,2.099007368087768555e-03,-2.378435611724853516e+00,-1.722717642784118652e+00,2.231438398361206055e+00,-1.254261493682861328e+00,-2.395146640784959313e+00,-1.722978704113486970e+00,2.256055329032305767e+00,-1.257201199445563189e+00
4.987369477748870850e-02,2.066003531217575073e-02,-1.795732229948043823e-02,-3.677295148372650146e-02,2.671523392200469971e-02,1.889526844024658203e-03,-2.377146482467651367e+00,-1.711997509002685547e+00,2.217177867889404297e+00,-1.243176937103271484e+00,-2.395085921416431507e+00,-1.712534393623734719e+00,2.242716642442940334e+00,-1.246293819210284148e+00
4.961395263671875000e-02,2.062217146158218384e-02,-1.778732985258102417e-02,-3.691601753234863281e-02,2.638202905654907227e-02,1.678958535194396973e-03,-2.375871658325195312e+00,-1.701237797737121582e+00,2.202934503555297852e+00,-1.232146978378295898e+00,-2.395025439195009653e+00,-1.702053553977542100e+00,2.229383754241514026e+00,-1.235440202246224084e+00
4.935175925493240356e-02,2.058690041303634644e-02,-1.762335374951362610e-02,-3.705829381942749023e-02,2.604329586029052734e-02,1.467674970626831055e-03,-2.374590873718261719e+00,-1.690444111824035645e+00,2.188706159591674805e+00,-1.221165299415588379e+00,-2.394965203909106499e+00,-1.691537534068078719e+00,2.216057631678006068e+00,-1.224640324081041065e+00
4.908702522516250610e-02,2.055450528860092163e-02,-1.746523752808570862e-02,-3.720018267631530762e-02,2.569921314716339111e-02,1.255497336387634277e-03,-2.373322248458862305e+00,-1.679608821868896484e+00,2.174497365951538086e+00,-1.210237503051757812e+00,-2.394905225176509944e+00,-1.680987663132407439e+00,2.202739226051611432e+00,-1.213894156579740757e+00
4.882008582353591919e-02,2.052476257085800171e-02,-1.731302961707115173e-02,-3.734143078327178955e-02,2.534952759742736816e-02,1.042604446411132812e-03,-2.372055292129516602e+00,-1.668742537498474121e+00,2.160307168960571289e+00,-1.199353933334350586e+00,-2.394845512442264734e+00,-1.670405250729723567e+00,2.189429472960631617e+00,-1.203201668031008698e+00
4.855089634656906128e-02,2.049779146909713745e-02,-1.716686040163040161e-02,-3.748199343681335449e-02,2.499459683895111084e-02,8.288621902465820312e-04,-2.370796203613281250e+00,-1.657845497131347656e+00,2.146141529083251953e+00,-1.188529491424560547e+00,-2.394786074976717583e+00,-1.659791586713310840e+00,2.176129292552287708e+00,-1.192562823233537683e+00
4.827956110239028931e-02,2.047354727983474731e-02,-1.702637970447540283e-02,-3.762205690145492554e-02,2.463415265083312988e-02,6.143748760223388672e-04,-2.369545459747314453e+00,-1.646914243698120117e+00,2.131995201110839844e+00,-1.177747726440429688e+00,-2.394726921873730596e+00,-1.649147941196755562e+00,2.162839589772675097e+00,-1.181977583582363600e+00
4.800625145435333252e-02,2.045215666294097900e-02,-1.689190044999122620e-02,-3.776142746210098267e-02,2.426843345165252686e-02,3.991276025772094727e-04,-2.368306636810302734e+00,-1.635956168174743652e+00,2.117879867553710938e+00,-1.167024016380310059e+00,-2.394668062833537281e+00,-1.638475679529243667e+00,2.149561215433662298e+00,-1.171445892597334115e+00
4.773084074258804321e-02,2.043341845273971558e-02,-1.676318794488906860e-02,-3.790012001991271973e-02,2.389734983444213867e-02,1.832693815231323242e-04,-2.367070198059082031e+00,-1.624967575073242188e+00,2.103786468505859375e+00,-1.156346559524536133e+00,-2.394609507342722488e+00,-1.627776135272830382e+00,2.136295009712974036e+00,-1.160967692078431979e+00
4.745372384786605835e-02,2.041749656200408936e-02,-1.664032414555549622e-02,-3.803829103708267212e-02,2.352119982242584229e-02,-3.361701965332031250e-05,-2.365858793258666992e+00,-1.613958716392517090e+00,2.089725017547607422e+00,-1.145730018615722656e+00,-2.394551263319099732e+00,-1.617050418626065245e+00,2.123041867657444293e+00,-1.150542946436153402e+00
4.717481881380081177e-02,2.040440589189529419e-02,-1.652305945754051208e-02,-3.817567974328994751e-02,2.313967049121856689e-02,-2.508759498596191406e-04,-2.364652156829833984e+00,-1.602918386459350586e+00,2.075694084167480469e+00,-1.135156154632568359e+00,-2.394493339321941860e+00,-1.606299741242101620e+00,2.109802628756697551e+00,-1.140171601657577805e+00
4.689419269561767578e-02,2.039399743080139160e-02,-1.641171798110008240e-02,-3.831249475479125977e-02,2.275301516056060791e-02,-4.689097404479980469e-04,-2.363461494445800781e+00,-1.591861963272094727e+00,2.061696052551269531e+00,-1.124639391899108887e+00,-2.394435743750318757e+00,-1.595525296767780210e+00,2.096578117866268798e+00,-1.129853600504310496e+00
4.661201685667037964e-02,2.038653939962387085e-02,-1.630600169301033020e-02,-3.844852745532989502e-02,2.236124873161315918e-02,-6.875544786453247070e-04,-2.362287998199462891e+00,-1.580778121948242188e+00,2.047734737396240234e+00,-1.114176750183105469e+00,-2.394378484843813659e+00,-1.584728260854071369e+00,2.083369145429572633e+00,-1.119588882588440137e+00
4.632827639579772949e-02,2.038178592920303345e-02,-1.620601117610931396e-02,-3.858393430709838867e-02,2.196426689624786377e-02,-9.069144725799560547e-04,-2.361130237579345703e+00,-1.569675922393798828e+00,2.033805131912231445e+00,-1.103764295578002930e+00,-2.394321570683437539e+00,-1.573909791161159921e+00,2.070176507699773349e+00,-1.109377384448474446e+00
4.604312777519226074e-02,2.037993818521499634e-02,-1.611166447401046753e-02,-3.871865570545196533e-02,2.156232297420501709e-02,-1.126796007156372070e-03,-2.359992742538452148e+00,-1.558553934097290039e+00,2.019917964935302734e+00,-1.093407869338989258e+00,-2.394265009192741100e+00,-1.563071027357078036e+00,2.057000986961734057e+00,-1.099219039625298544e+00
4.575657099485397339e-02,2.038081735372543335e-02,-1.602294296026229858e-02,-3.885262459516525269e-02,2.115537226200103760e-02,-1.347333192825317383e-03,-2.358871221542358398e+00,-1.547414541244506836e+00,2.006066799163818359e+00,-1.083104968070983887e+00,-2.394208808139130618e+00,-1.552213091111199095e+00,2.043843351753920512e+00,-1.089113778738121763e+00
4.546891152858734131e-02,2.038457244634628296e-02,-1.593973487615585327e-02,-3.898587077856063843e-02,2.074347436428070068e-02,-1.568421721458435059e-03,-2.357773303985595703e+00,-1.536260128021240234e+00,1.992259144783020020e+00,-1.072855353355407715e+00,-2.394152975135381389e+00,-1.541337086081281171e+00,2.030704357090339141e+00,-1.079061529560422006e+00
4.517993330955505371e-02,2.039124071598052979e-02,-1.586199179291725159e-02,-3.911849111318588257e-02,2.032667398452758789e-02,-1.790046691894531250e-03,-2.356699228286743164e+00,-1.525084257125854492e+00,1.978494405746459961e+00,-1.062659502029418945e+00,-2.394097517641347483e+00,-1.530444097895207634e+00,2.017584744682440423e+00,-1.069062217095896328e+00
4.488993436098098755e-02,2.040058374404907227e-02,-1.578998193144798279e-02,-3.925027698278427124e-02,1.990494132041931152e-02,-2.012252807617187500e-03,-2.355643272399902344e+00,-1.513904094696044922e+00,1.964773297309875488e+00,-1.052519559860229492e+00,-2.394042441441222913e+00,-1.519535330252541616e+00,2.004485205505850409e+00,-1.059115750032461722e+00
4.459886997938156128e-02,2.041289955377578735e-02,-1.572336629033088684e-02,-3.938125818967819214e-02,1.947836577892303467e-02,-2.234935760498046875e-03,-2.354611396789550781e+00,-1.502704381942749023e+00,1.951098442077636719e+00,-1.042434453964233398e+00,-2.393987752514935341e+00,-1.508611943019262602e+00,1.991406424890849181e+00,-1.049222037049609479e+00
4.430691897869110107e-02,2.042797207832336426e-02,-1.566220447421073914e-02,-3.951164335012435913e-02,1.904693245887756348e-02,-2.458229660987854004e-03,-2.353608608245849609e+00,-1.491497874259948730e+00,1.937469005584716797e+00,-1.032401561737060547e+00,-2.393933459175372036e+00,-1.497674856471390425e+00,1.978349136791857310e+00,-1.039381006446353339e+00
4.401410371065139771e-02,2.044600248336791992e-02,-1.560639217495918274e-02,-3.964126855134963989e-02,1.861084997653961182e-02,-2.681925892829895020e-03,-2.352633476257324219e+00,-1.480278015136718750e+00,1.923892617225646973e+00,-1.022425889968872070e+00,-2.393879568070000463e+00,-1.486725108112128213e+00,1.965314025288584121e+00,-1.029592570504434645e+00
4.372064769268035889e-02,2.046681940555572510e-02,-1.555613055825233459e-02,-3.976987302303314209e-02,1.817010343074798584e-02,-2.906143665313720703e-03,-2.351681709289550781e+00,-1.469055652618408203e+00,1.910367727279663086e+00,-1.012510418891906738e+00,-2.393826085689265248e+00,-1.475763719585446054e+00,1.952301761634721355e+00,-1.019856638886530886e+00
4.342631250619888306e-02,2.049060165882110596e-02,-1.551094651222229004e-02,-3.989802300930023193e-02,1.772457361221313477e-02,-3.130808472633361816e-03,-2.350764036178588867e+00,-1.457815885543823242e+00,1.896891117095947266e+00,-1.002642273902893066e+00,-2.393773018369467653e+00,-1.464791696723861891e+00,1.939313004453869560e+00,-1.010173118702832884e+00
4.313144087791442871e-02,2.051712572574615479e-02,-1.547123864293098450e-02,-4.002527147531509399e-02,1.727451384067535400e-02,-3.356024622917175293e-03,-2.349874496459960938e+00,-1.446576952934265137e+00,1.883468151092529297e+00,-9.928352832794189453e-01,-2.393720372295879084e+00,-1.453810029590484554e+00,1.926348399935653433e+00,-1.000541914577615099e+00
4.283602535724639893e-02,2.054658532142639160e-02,-1.543678715825080872e-02,-4.015174508094787598e-02,1.681981980800628662e-02,-3.581628203392028809e-03,-2.349016666412353516e+00,-1.435330986976623535e+00,1.870101332664489746e+00,-9.830831885337829590e-01,-2.393668153506080643e+00,-1.442819692516244423e+00,1.913408582031635108e+00,-9.909629287158101540e-01
4.254010319709777832e-02,2.057897299528121948e-02,-1.540759950876235962e-02,-4.027741402387619019e-02,1.636067032814025879e-02,-3.807634115219116211e-03,-2.348191976547241211e+00,-1.424079656600952148e+00,1.856792688369750977e+00,-9.733904004096984863e-01,-2.393616367893530494e+00,-1.431821644131874738e+00,1.900494172651353120e+00,-9.814360609695810256e-01
4.224390536546707153e-02,2.061423659324645996e-02,-1.538354903459548950e-02,-4.040212184190750122e-02,1.589682698249816895e-02,-4.034042358398437500e-03,-2.347396612167358398e+00,-1.412823677062988281e+00,1.843538165092468262e+00,-9.637480974197387695e-01,-2.393565021211353727e+00,-1.420816827394918658e+00,1.887605781858335607e+00,-9.719612089048960124e-01
4.194724559783935547e-02,2.065233886241912842e-02,-1.536465808749198914e-02,-4.052623361349105835e-02,1.542870700359344482e-02,-4.260763525962829590e-03,-2.346637725830078125e+00,-1.401567101478576660e+00,1.830345511436462402e+00,-9.541642665863037109e-01,-2.393514119076358249e+00,-1.409806169611544924e+00,1.874744008066056900e+00,-9.625382678680974857e-01
4.165054857730865479e-02,2.069345861673355103e-02,-1.535102352499961853e-02,-4.064938426017761230e-02,1.495619118213653564e-02,-4.487976431846618652e-03,-2.345919132232666016e+00,-1.390312314033508301e+00,1.817217707633972168e+00,-9.446438550949096680e-01,-2.393463664691955373e+00,-1.398790680890170002e+00,1.861909410300660594e+00,-9.531671185534343893e-01
4.135351628065109253e-02,2.073742449283599854e-02,-1.534233614802360535e-02,-4.077199101448059082e-02,1.447932422161102295e-02,-4.715621471405029297e-03,-2.345241069793701172e+00,-1.379054427146911621e+00,1.804147720336914062e+00,-9.351766109466552734e-01,-2.393413661791587099e+00,-1.387771329159795064e+00,1.849102543979624480e+00,-9.438476429914597343e-01
4.105640202760696411e-02,2.078429609537124634e-02,-1.533877849578857422e-02,-4.089343547821044922e-02,1.399801671504974365e-02,-4.943385720252990723e-03,-2.344588994979858398e+00,-1.367796063423156738e+00,1.791141271591186523e+00,-9.257640838623046875e-01,-2.393364117391802548e+00,-1.376748919701456852e+00,1.836323995177052248e+00,-9.345797398602283534e-01
4.075936973094940186e-02,2.083405852317810059e-02,-1.534017175436019897e-02,-4.101425409317016602e-02,1.351262629032135010e-02,-5.171790719032287598e-03,-2.343987941741943359e+00,-1.356543660163879395e+00,1.778199672698974609e+00,-9.164140820503234863e-01,-2.393315036248695904e+00,-1.365724334478339852e+00,1.823574312900689831e+00,-9.253632941608618268e-01
4.046230018138885498e-02,2.088683098554611206e-02,-1.534646749496459961e-02,-4.113421589136123657e-02,1.302278041839599609e-02,-5.400359630584716797e-03,-2.343423366546630859e+00,-1.345286965370178223e+00,1.765322446823120117e+00,-9.071146249771118164e-01,-2.393266422974543062e+00,-1.354698441510106877e+00,1.810854035034293208e+00,-9.161981888045828137e-01
4.016530513763427734e-02,2.094245702028274536e-02,-1.535789296030998230e-02,-4.125321656465530396e-02,1.252888143062591553e-02,-5.629211664199829102e-03,-2.342896223068237305e+00,-1.334038972854614258e+00,1.752514958381652832e+00,-8.978794813156127930e-01,-2.393218282042250067e+00,-1.343672094938068495e+00,1.798163688515053815e+00,-9.070843046709795576e-01
3.986863046884536743e-02,2.100105583667755127e-02,-1.537409424781799316e-02,-4.137152433395385742e-02,1.203088462352752686e-02,-5.858436226844787598e-03,-2.342419624328613281e+00,-1.322796702384948730e+00,1.739777922630310059e+00,-8.887016177177429199e-01,-2.393170617790038257e+00,-1.332646135086193118e+00,1.785503789511044603e+00,-8.980215206662727212e-01
3.957204520702362061e-02,2.106244862079620361e-02,-1.539516448974609375e-02,-4.148890078067779541e-02,1.152874529361724854e-02,-6.087958812713623047e-03,-2.341979026794433594e+00,-1.311558485031127930e+00,1.727104306221008301e+00,-8.795791864395141602e-01,-2.393123434426360774e+00,-1.321621388517256523e+00,1.772874843598631678e+00,-8.890097137815684558e-01
3.927589207887649536e-02,2.112702280282974243e-02,-1.542099192738533020e-02,-4.160542786121368408e-02,1.102258265018463135e-02,-6.317660212516784668e-03,-2.341589450836181641e+00,-1.300322651863098145e+00,1.714508891105651855e+00,-8.705173134803771973e-01,-2.393076736035048224e+00,-1.310598668084995477e+00,1.760277345939952554e+00,-8.800487591511305663e-01
3.898004442453384399e-02,2.119427174329757690e-02,-1.545173302292823792e-02,-4.172118753194808960e-02,1.051232218742370605e-02,-6.547853350639343262e-03,-2.341243028640747070e+00,-1.289101004600524902e+00,1.701977729797363281e+00,-8.615121841430664062e-01,-2.393030526580683937e+00,-1.299578772981836217e+00,1.747711781460261626e+00,-8.711385301106343571e-01
3.868461400270462036e-02,2.126463502645492554e-02,-1.548710092902183533e-02,-4.183600842952728271e-02,9.998217225074768066e-03,-6.778165698051452637e-03,-2.340944290161132812e+00,-1.277880668640136719e+00,1.689523816108703613e+00,-8.525679111480712891e-01,-2.392984809914205258e+00,-1.288562488782246884e+00,1.735178625025443733e+00,-8.622788982554380199e-01
3.838974237442016602e-02,2.133785188198089600e-02,-1.552717015147209167e-02,-4.194999486207962036e-02,9.480193257331848145e-03,-7.008731365203857422e-03,-2.340692996978759766e+00,-1.266672849655151367e+00,1.677143812179565430e+00,-8.436809778213500977e-01,-2.392939587039375482e+00,-1.277550644087287690e+00,1.722678314549442424e+00,-8.534697219897213749e-01
3.809544444084167480e-02,2.141416072845458984e-02,-1.557192951440811157e-02,-4.206310212612152100e-02,8.958294987678527832e-03,-7.239490747451782227e-03,-2.340493202209472656e+00,-1.255471944808959961e+00,1.664842724800109863e+00,-8.348553776741027832e-01,-2.392894859834657773e+00,-1.266544034496541293e+00,1.710211287747051001e+00,-8.447108621352068525e-01
3.780176490545272827e-02,2.149328589439392090e-02,-1.562129333615303040e-02,-4.217532277107238770e-02,8.432462811470031738e-03,-7.470607757568359375e-03,-2.340341091156005859e+00,-1.244282484054565430e+00,1.652611732482910156e+00,-8.260850906372070312e-01,-2.392850633830231555e+00,-1.255543364627252911e+00,1.697778009842896285e+00,-8.360021936947620302e-01
3.750874847173690796e-02,2.157538384199142456e-02,-1.567523553967475891e-02,-4.228668659925460815e-02,7.902920246124267578e-03,-7.701858878135681152e-03,-2.340239286422729492e+00,-1.233103871345520020e+00,1.640460729598999023e+00,-8.173753619194030762e-01,-2.392806912043113687e+00,-1.244549375648780210e+00,1.685378912767227622e+00,-8.273435799836268423e-01
3.721644729375839233e-02,2.166054397821426392e-02,-1.573371887207031250e-02,-4.239717125892639160e-02,7.369637489318847656e-03,-7.933318614959716797e-03,-2.340191841125488281e+00,-1.221933722496032715e+00,1.628389716148376465e+00,-8.087267875671386719e-01,-2.392763697367627174e+00,-1.233562796233492076e+00,1.673014418852341700e+00,-8.187348826870389784e-01
3.692501038312911987e-02,2.174848318099975586e-02,-1.579672098159790039e-02,-4.250676929950714111e-02,6.832614541053771973e-03,-8.164927363395690918e-03,-2.340192317962646484e+00,-1.210781812667846680e+00,1.616396546363830566e+00,-8.001337051391601562e-01,-2.392720992580832373e+00,-1.222584342619636777e+00,1.660684940992636527e+00,-8.101759619110949773e-01
3.663441538810729980e-02,2.183955162763595581e-02,-1.586420089006423950e-02,-4.261549562215805054e-02,6.291925907135009766e-03,-8.396834135055541992e-03,-2.340252876281738281e+00,-1.199638366699218750e+00,1.604485034942626953e+00,-7.916040420532226562e-01,-2.392678800348179813e+00,-1.211614718670441571e+00,1.648390882804567248e+00,-8.016666762336133178e-01
3.634472191333770752e-02,2.193340659141540527e-02,-1.593605428934097290e-02,-4.272329807281494141e-02,5.747646093368530273e-03,-8.628815412521362305e-03,-2.340360879898071289e+00,-1.188511610031127930e+00,1.592652201652526855e+00,-7.831296920776367188e-01,-2.392637123229381046e+00,-1.200654615929549918e+00,1.636132638786720772e+00,-7.932068827549980661e-01
3.605601936578750610e-02,2.203039079904556274e-02,-1.601224020123481750e-02,-4.283036291599273682e-02,5.199804902076721191e-03,-8.861079812049865723e-03,-2.340534448623657227e+00,-1.177395701408386230e+00,1.580904364585876465e+00,-7.747175693511962891e-01,-2.392595963684499338e+00,-1.189704713672792291e+00,1.623910594479857084e+00,-7.847964371490989688e-01
3.576832264661788940e-02,2.213032543659210205e-02,-1.609278842806816101e-02,-4.293644428253173828e-02,4.648461937904357910e-03,-9.093403816223144531e-03,-2.340760231018066406e+00,-1.166294693946838379e+00,1.569240450859069824e+00,-7.663655281066894531e-01,-2.392555324080245516e+00,-1.178765678956517293e+00,1.611725126626876170e+00,-7.764351937140766546e-01
3.548175096511840820e-02,2.223315834999084473e-02,-1.617772132158279419e-02,-4.304155707359313965e-02,4.093542695045471191e-03,-9.325966238975524902e-03,-2.341041564941406250e+00,-1.155211925506591797e+00,1.557658433914184570e+00,-7.580728530883789062e-01,-2.392515206696499863e+00,-1.167838166662091837e+00,1.599576603332872438e+00,-7.681230054232598414e-01
3.519620001316070557e-02,2.233903110027313232e-02,-1.626677438616752625e-02,-4.314590245485305786e-02,3.535300493240356445e-03,-9.558498859405517578e-03,-2.341382503509521484e+00,-1.144140481948852539e+00,1.546164393424987793e+00,-7.498392462730407715e-01,-2.392475610172209777e+00,-1.156922872373864930e+00,1.587465354502130888e+00,-7.598597133057372055e-01
3.491193801164627075e-02,2.244777977466583252e-02,-1.636014133691787720e-02,-4.324913024902343750e-02,2.973578870296478271e-03,-9.791269898414611816e-03,-2.341777801513671875e+00,-1.133089065551757812e+00,1.534752964973449707e+00,-7.416659593582153320e-01,-2.392436534594681419e+00,-1.146020457659527869e+00,1.575391714320792502e+00,-7.516451616906182354e-01
3.462892025709152222e-02,2.255965024232864380e-02,-1.645760610699653625e-02,-4.335170984268188477e-02,2.408422529697418213e-03,-1.002421975135803223e-02,-2.342242956161499023e+00,-1.122051477432250977e+00,1.523430347442626953e+00,-7.335513830184936523e-01,-2.392397984436261282e+00,-1.135131505934096285e+00,1.563356045978061992e+00,-7.434792070751466975e-01
3.434706479310989380e-02,2.267444878816604614e-02,-1.655926927924156189e-02,-4.345336556434631348e-02,1.839965581893920898e-03,-1.025727391242980957e-02,-2.342765808105468750e+00,-1.111031055450439453e+00,1.512193918228149414e+00,-7.254977822303771973e-01,-2.392359961139136182e+00,-1.124256632630101782e+00,1.551358679868422685e+00,-7.353616959332884839e-01
3.406665474176406860e-02,2.279213070869445801e-02,-1.666506752371788025e-02,-4.355400800704956055e-02,1.268379390239715576e-03,-1.049034297466278076e-02,-2.343347072601318359e+00,-1.100034236907958984e+00,1.501048922538757324e+00,-7.175068259239196777e-01,-2.392322466042342999e+00,-1.113396442068108838e+00,1.539399938095946885e+00,-7.272924735059755896e-01
3.378766030073165894e-02,2.291285246610641479e-02,-1.677482202649116516e-02,-4.365383833646774292e-02,6.932690739631652832e-04,-1.072360575199127197e-02,-2.343994140625000000e+00,-1.089051723480224609e+00,1.489988684654235840e+00,-7.095685005187988281e-01,-2.392285500387525854e+00,-1.102551527523361052e+00,1.527480134615874396e+00,-7.192713838453279607e-01
3.350993245840072632e-02,2.303651720285415649e-02,-1.688860356807708740e-02,-4.375271499156951904e-02,1.152232289314270020e-04,-1.095688343048095703e-02,-2.344700813293457031e+00,-1.078086853027343750e+00,1.479019880294799805e+00,-7.016957998275756836e-01,-2.392249065324899782e+00,-1.091722471288486540e+00,1.515599575376086472e+00,-7.112982698588730113e-01
3.323376923799514771e-02,2.316318452358245850e-02,-1.700640469789505005e-02,-4.385071992874145508e-02,-4.660785198211669922e-04,-1.119035482406616211e-02,-2.345475673675537109e+00,-1.067142963409423828e+00,1.468141317367553711e+00,-6.938833594322204590e-01,-2.392213161919419129e+00,-1.080909844734182279e+00,1.503758558458663908e+00,-7.033729733537702478e-01
3.295908123254776001e-02,2.329289168119430542e-02,-1.712802425026893616e-02,-4.394781589508056641e-02,-1.050621271133422852e-03,-1.142376661300659180e-02,-2.346313476562500000e+00,-1.056213378906250000e+00,1.457353353500366211e+00,-6.861250996589660645e-01,-2.392177791157141353e+00,-1.070114208366237385e+00,1.491957374221428267e+00,-6.954953350810303414e-01
3.268607705831527710e-02,2.342546731233596802e-02,-1.725364848971366882e-02,-4.404401779174804688e-02,-1.638039946556091309e-03,-1.165734231472015381e-02,-2.347218990325927734e+00,-1.045312881469726562e+00,1.446660399436950684e+00,-6.784335970878601074e-01,-2.392142953951794659e+00,-1.059336111880146536e+00,1.480196305439419602e+00,-6.876651947797379760e-01
3.241450339555740356e-02,2.356104552745819092e-02,-1.738305762410163879e-02,-4.413937032222747803e-02,-2.228721976280212402e-03,-1.189099252223968506e-02,-2.348188877105712891e+00,-1.034425497055053711e+00,1.436053872108459473e+00,-6.707955598831176758e-01,-2.392108651151537924e+00,-1.048576094213103715e+00,1.468475627446473197e+00,-6.798823912212728082e-01
3.214470297098159790e-02,2.369964867830276489e-02,-1.751631870865821838e-02,-4.423378407955169678e-02,-2.822160720825195312e-03,-1.212465763092041016e-02,-2.349229812622070312e+00,-1.023563146591186523e+00,1.425548076629638672e+00,-6.632249951362609863e-01,-2.392074879622519301e+00,-1.037834735917024798e+00,1.456795581681489260e+00,-6.721467524092520351e-01
3.187648206949234009e-02,2.384121716022491455e-02,-1.765331998467445374e-02,-4.432724416255950928e-02,-3.418810665607452393e-03,-1.235838234424591064e-02,-2.350333690643310547e+00,-1.012716412544250488e+00,1.415129542350769043e+00,-6.557078361511230469e-01,-2.392041638122770930e+00,-1.027112581581935524e+00,1.445156415523449756e+00,-6.644581103163815783e-01
3.161003440618515015e-02,2.398567646741867065e-02,-1.779416948556900024e-02,-4.441979527473449707e-02,-4.018336534500122070e-03,-1.259206235408782959e-02,-2.351504087448120117e+00,-1.001897573471069336e+00,1.404808402061462402e+00,-6.482522487640380859e-01,-2.392008929834098296e+00,-1.016410105540386244e+00,1.433558399626985169e+00,-6.568163072930718327e-01
3.134537488222122192e-02,2.413320541381835938e-02,-1.793858408927917480e-02,-4.451142251491546631e-02,-4.620753228664398193e-03,-1.282581686973571777e-02,-2.352746248245239258e+00,-9.910953044891357422e-01,1.394581437110900879e+00,-6.408556103706359863e-01,-2.391976754813907924e+00,-1.005727812690063061e+00,1.422001776844802778e+00,-6.492211771528316744e-01
3.108247369527816772e-02,2.428368479013442993e-02,-1.808670908212661743e-02,-4.460228234529495239e-02,-5.225919187068939209e-03,-1.305976510047912598e-02,-2.354063987731933594e+00,-9.803172349929809570e-01,1.384449958801269531e+00,-6.335234642028808594e-01,-2.391945113034813719e+00,-9.950661982451747267e-01,1.410486782903390690e+00,-6.416725528172291249e-01
3.082143515348434448e-02,2.443706989288330078e-02,-1.823835447430610657e-02,-4.469209909439086914e-02,-5.833998322486877441e-03,-1.329354941844940186e-02,-2.355443477630615234e+00,-9.695599079132080078e-01,1.374412536621093750e+00,-6.262443065643310547e-01,-2.391914004390375048e+00,-9.844257478129921912e-01,1.399013646528495913e+00,-6.341702663541828322e-01
3.056227415800094604e-02,2.459349483251571655e-02,-1.839374378323554993e-02,-4.478102922439575195e-02,-6.444841623306274414e-03,-1.352736353874206543e-02,-2.356897354125976562e+00,-9.588276147842407227e-01,1.364475607872009277e+00,-6.190301775932312012e-01,-2.391883428701025771e+00,-9.738069374670513811e-01,1.387582589570576230e+00,-6.267141490162486672e-01
3.030506521463394165e-02,2.475291490554809570e-02,-1.855252310633659363e-02,-4.486908763647079468e-02,-7.058441638946533203e-03,-1.376122236251831055e-02,-2.358424663543701172e+00,-9.481149911880493164e-01,1.354634046554565430e+00,-6.118727922439575195e-01,-2.391853385720184022e+00,-9.632102338189908464e-01,1.376193827130330893e+00,-6.193040312788983259e-01
3.004977852106094360e-02,2.491521835327148438e-02,-1.871484890580177307e-02,-4.495625197887420654e-02,-7.674753665924072266e-03,-1.399500668048858643e-02,-2.360021591186523438e+00,-9.374281167984008789e-01,1.344890117645263672e+00,-6.047739386558532715e-01,-2.391823875140550726e+00,-9.526360940876016370e-01,1.364847567684189356e+00,-6.119397428788143634e-01
2.979636937379837036e-02,2.508053183555603027e-02,-1.888069137930870056e-02,-4.504254460334777832e-02,-8.293680846691131592e-03,-1.422894001007080078e-02,-2.361694335937500000e+00,-9.267623424530029297e-01,1.335242986679077148e+00,-5.977393388748168945e-01,-2.391794896600587084e+00,-9.420849661661802044e-01,1.353544013209796448e+00,-6.046211128521725708e-01
2.954510599374771118e-02,2.524878084659576416e-02,-1.904987171292304993e-02,-4.512791335582733154e-02,-8.915372192859649658e-03,-1.446281373500823975e-02,-2.363439321517944336e+00,-9.161211252212524414e-01,1.325693368911743164e+00,-5.907582640647888184e-01,-2.391766449691172358e+00,-9.315572886873132452e-01,1.342283359311488455e+00,-5.973479695729250194e-01
2.929579466581344604e-02,2.542003989219665527e-02,-1.922245696187019348e-02,-4.521232843399047852e-02,-9.539596736431121826e-03,-1.469659805297851562e-02,-2.365256547927856445e+00,-9.055004119873046875e-01,1.316243767738342285e+00,-5.838390588760375977e-01,-2.391738530224610138e+00,-9.210535237040404777e-01,1.331065772898131216e+00,-5.901201317665100143e-01
2.904865890741348267e-02,2.559417486190795898e-02,-1.939843967556953430e-02,-4.529583454132080078e-02,-1.016634702682495117e-02,-1.493030786514282227e-02,-2.367147445678710938e+00,-8.949095010757446289e-01,1.306895613670349121e+00,-5.769795179367065430e-01,-2.391711136067192101e+00,-9.105741063623307152e-01,1.319891427266471906e+00,-5.829374226021459826e-01
2.880362421274185181e-02,2.577130496501922607e-02,-1.957767084240913391e-02,-4.537849128246307373e-02,-1.079565286636352539e-02,-1.516416668891906738e-02,-2.369117736816406250e+00,-8.843398094177246094e-01,1.297644257545471191e+00,-5.701794624328613281e-01,-2.391684268922952494e+00,-9.001194289638887458e-01,1.308760512926218533e+00,-5.757996740326797314e-01
2.856066077947616577e-02,2.595141530036926270e-02,-1.976013556122779846e-02,-4.546032845973968506e-02,-1.142737269401550293e-02,-1.539793610572814941e-02,-2.371164798736572266e+00,-8.737926483154296875e-01,1.288494467735290527e+00,-5.634393095970153809e-01,-2.391657927702734998e+00,-8.896898989730395169e-01,1.297673197857795335e+00,-5.687067108049190800e-01
2.831985801458358765e-02,2.613445371389389038e-02,-1.994587108492851257e-02,-4.554104804992675781e-02,-1.206175237894058228e-02,-1.563161611557006836e-02,-2.373280048370361328e+00,-8.632674217224121094e-01,1.279441118240356445e+00,-5.567541122436523438e-01,-2.391632111253012116e+00,-8.792859154274541567e-01,1.286629643974267490e+00,-5.616583570656196178e-01
2.808127552270889282e-02,2.632042765617370605e-02,-2.013482525944709778e-02,-4.562105238437652588e-02,-1.269846409559249878e-02,-1.586526632308959961e-02,-2.375477313995361328e+00,-8.527705073356628418e-01,1.270491957664489746e+00,-5.501300096511840820e-01,-2.391606818361466047e+00,-8.689078690178584363e-01,1.275630007233740315e+00,-5.546544363944999612e-01
2.784497290849685669e-02,2.650932967662811279e-02,-2.032696828246116638e-02,-4.570008814334869385e-02,-1.333751529455184937e-02,-1.609879732131958008e-02,-2.377749919891357422e+00,-8.423006534576416016e-01,1.261646151542663574e+00,-5.435662865638732910e-01,-2.391582047762768060e+00,-8.585561421653926661e-01,1.264674437751647007e+00,-5.476947718372491281e-01
2.761086076498031616e-02,2.670119702816009521e-02,-2.052209898829460144e-02,-4.577828198671340942e-02,-1.397907733917236328e-02,-1.633247733116149902e-02,-2.380102157592773438e+00,-8.318486213684082031e-01,1.252894282341003418e+00,-5.370566248893737793e-01,-2.391557798144483105e+00,-8.482311090979850476e-01,1.253763079913228884e+00,-5.407791859385389088e-01
2.737893909215927124e-02,2.689599245786666870e-02,-2.072044089436531067e-02,-4.585556685924530029e-02,-1.462289690971374512e-02,-1.656597852706909180e-02,-2.382530212402343750e+00,-8.214235305786132812e-01,1.244247317314147949e+00,-5.306090116500854492e-01,-2.391534068153168935e+00,-8.379331359246513511e-01,1.242896072485810688e+00,-5.339075007750340163e-01
2.714944630861282349e-02,2.709361910820007324e-02,-2.092177793383598328e-02,-4.593194276094436646e-02,-1.526900380849838257e-02,-1.679942011833190918e-02,-2.385035514831542969e+00,-8.110272884368896484e-01,1.235701441764831543e+00,-5.242173075675964355e-01,-2.391510856400616891e+00,-8.276625807086420705e-01,1.232073548731223323e+00,-5.270795379884026799e-01
2.692223340272903442e-02,2.729434520006179810e-02,-2.112611010670661926e-02,-4.600737988948822021e-02,-1.591740548610687256e-02,-1.703283190727233887e-02,-2.387622356414794922e+00,-8.006492853164672852e-01,1.227258205413818359e+00,-5.178861021995544434e-01,-2.391488161470261886e+00,-8.174197935384064362e-01,1.221295636518149097e+00,-5.202951188183286835e-01
2.669730037450790405e-02,2.749788761138916016e-02,-2.133338525891304016e-02,-4.608194530010223389e-02,-1.656801998615264893e-02,-1.726607978343963623e-02,-2.390283346176147461e+00,-7.902972102165222168e-01,1.218915820121765137e+00,-5.116101503372192383e-01,-2.391465976452596287e+00,-8.072051358975522728e-01,1.210562424258674996e+00,-5.135540515431372688e-01
2.647482603788375854e-02,2.770435810089111328e-02,-2.154376730322837830e-02,-4.615566879510879517e-02,-1.722081005573272705e-02,-1.749932765960693359e-02,-2.393028736114501953e+00,-7.799761295318603516e-01,1.210679769515991211e+00,-5.053975582122802734e-01,-2.391444297806197827e+00,-7.970189500356923418e-01,1.199874016337827198e+00,-5.068561518949060707e-01
2.625476568937301636e-02,2.791365981101989746e-02,-2.175684645771980286e-02,-4.622849822044372559e-02,-1.787585020065307617e-02,-1.773253083229064941e-02,-2.395851373672485352e+00,-7.696771621704101562e-01,1.202540159225463867e+00,-4.992351830005645752e-01,-2.391423127094731704e+00,-7.868615523336186524e-01,1.189230544023994529e+00,-5.002012470710961445e-01
2.603700011968612671e-02,2.812602370977401733e-02,-2.197289094328880310e-02,-4.630043357610702515e-02,-1.853302866220474243e-02,-1.796555519104003906e-02,-2.398755073547363281e+00,-7.593992948532104492e-01,1.194507360458374023e+00,-4.931342899799346924e-01,-2.391402462052520050e+00,-7.767332649474167905e-01,1.178632109728582789e+00,-4.935891551881628203e-01
2.582169324159622192e-02,2.834114432334899902e-02,-2.219179645180702209e-02,-4.637147486209869385e-02,-1.919228583574295044e-02,-1.819853484630584717e-02,-2.401736259460449219e+00,-7.491509914398193359e-01,1.186575174331665039e+00,-4.870904982089996338e-01,-2.391382300343581679e+00,-7.666344027566784902e-01,1.168078810556450575e+00,-4.870196939505180289e-01
2.560887485742568970e-02,2.855923026800155640e-02,-2.241342887282371521e-02,-4.644162952899932861e-02,-1.985359191894531250e-02,-1.843146979808807373e-02,-2.404801845550537109e+00,-7.389256358146667480e-01,1.178746700286865234e+00,-4.811048507690429688e-01,-2.391362639565816295e+00,-7.565652734473812258e-01,1.157570738398896015e+00,-4.804926806763967218e-01
2.539855986833572388e-02,2.878017723560333252e-02,-2.263781800866127014e-02,-4.651094973087310791e-02,-2.051702141761779785e-02,-1.866421103477478027e-02,-2.407947301864624023e+00,-7.287267446517944336e-01,1.171022057533264160e+00,-4.751728475093841553e-01,-2.391343477255353012e+00,-7.465261775943328182e-01,1.147107980026632390e+00,-4.740079323237242903e-01
2.519070357084274292e-02,2.900403738021850586e-02,-2.286500111222267151e-02,-4.657939076423645020e-02,-2.118232846260070801e-02,-1.889699697494506836e-02,-2.411177158355712891e+00,-7.185537815093994141e-01,1.163401484489440918e+00,-4.693048894405364990e-01,-2.391324810891022778e+00,-7.365174087420833793e-01,1.136690617182763319e+00,-4.675652655159839854e-01
2.498533576726913452e-02,2.923065423965454102e-02,-2.309478446841239929e-02,-4.664693027734756470e-02,-2.184981107711791992e-02,-1.912951469421386719e-02,-2.414481163024902344e+00,-7.084053158760070801e-01,1.155880093574523926e+00,-4.634835422039031982e-01,-2.391306637898978682e+00,-7.265392534849618444e-01,1.126318726675803017e+00,-4.611644965680879449e-01
2.484559267759323120e-02,2.934974431991577148e-02,-2.327348664402961731e-02,-4.664955288171768188e-02,-2.214828878641128540e-02,-1.915669441223144531e-02,-2.414013624191284180e+00,-7.040302753448486328e-01,1.154282569885253906e+00,-4.622211158275604248e-01,-2.391300085342019877e+00,-7.228814664955659497e-01,1.122519989409352270e+00,-4.588236244881692683e-01
2.481976896524429321e-02,2.936265617609024048e-02,-2.338093891739845276e-02,-4.661224782466888428e-02,-2.219878882169723511e-02,-1.912245154380798340e-02,-2.412439584732055664e+00,-7.049220800399780273e-01,1.155352950096130371e+00,-4.633556008338928223e-01,-2.391300085342019877e+00,-7.228814664955659497e-01,1.122519989409352270e+00,-4.588236244881692683e-01
2.679156512022018433e-02,2.861365675926208496e-02,-2.333911135792732239e-02,-4.495655000209808350e-02,-2.016753703355789185e-02,-1.893475651741027832e-02,-2.396951436996459961e+00,-7.657047510147094727e-01,1.187579631805419922e+00,-5.038524866104125977e-01,-2.332298937360538726e+00,-7.128145517989451507e-01,1.103484185369038917e+00,-4.548218816251961560e-01
2.857077866792678833e-02,2.777738869190216064e-02,-2.158113941550254822e-02,-4.295293241739273071e-02,-1.698323339223861694e-02,-1.834905147552490234e-02,-2.365112304687500000e+00,-7.901835441589355469e-01,1.206203818321228027e+00,-5.309004783630371094e-01,-2.241139224549409281e+00,-6.999796389323289514e-01,1.079275344138006076e+00,-4.485829494136225337e-01
2.910371869802474976e-02,2.658614516258239746e-02,-1.918343827128410339e-02,-4.119531065225601196e-02,-1.354878395795822144e-02,-1.722699403762817383e-02,-2.302600622177124023e+00,-7.856125235557556152e-01,1.201861381530761719e+00,-5.386387109756469727e-01,-2.152481534484243397e+00,-6.904003984697841823e-01,1.060368692007966906e+00,-4.424303568614292304e-01
2.907525748014450073e-02,2.501311153173446655e-02,-1.690657064318656921e-02,-3.937670588493347168e-02,-1.005916297435760498e-02,-1.580627262592315674e-02,-2.216694831848144531e+00,-7.807203531265258789e-01,1.188049316406250000e+00,-5.417462587356567383e-01,-2.066245763531735058e+00,-6.836065779707890533e-01,1.045073719160485748e+00,-4.363466903530454077e-01
2.874951809644699097e-02,2.338183671236038208e-02,-1.469704508781433105e-02,-3.759852796792984009e-02,-6.753072142601013184e-03,-1.427045464515686035e-02,-2.122920513153076172e+00,-7.713637351989746094e-01,1.169099330902099609e+00,-5.397135615348815918e-01,-1.982362392460671918e+00,-6.792476183035534021e-01,1.032297840722111282e+00,-4.303207194931312207e-01
2.823989093303680420e-02,2.175757288932800293e-02,-1.264693588018417358e-02,-3.589963912963867188e-02,-3.681086003780364990e-03,-1.268498599529266357e-02,-2.026517629623413086e+00,-7.605975866317749023e-01,1.148218989372253418e+00,-5.348562002182006836e-01,-1.900762215898668783e+00,-6.770338329697566104e-01,1.021178741017966241e+00,-4.243435989543492548e-01
2.767547219991683960e-02,2.017317712306976318e-02,-1.081568002700805664e-02,-3.427395224571228027e-02,-8.850246667861938477e-04,-1.112391054630279541e-02,-1.931164264678955078e+00,-7.513977289199829102e-01,1.127262234687805176e+00,-5.286790728569030762e-01,-1.821375742099383466e+00,-6.767301362526249031e-01,1.011070753938347888e+00,-4.184087268797676007e-01
2.710158377885818481e-02,1.866481453180313110e-02,-9.199529886245727539e-03,-3.272669762372970581e-02,1.622758805751800537e-03,-9.617477655410766602e-03,-1.838919639587402344e+00,-7.437139749526977539e-01,1.106985807418823242e+00,-5.216352343559265137e-01,-1.744138745416427438e+00,-6.781549778125270933e-01,1.001609818041260258e+00,-4.125124091515297020e-01
2.653218060731887817e-02,1.723567396402359009e-02,-7.792685180902481079e-03,-3.125254064798355103e-02,3.855139017105102539e-03,-8.171275258064270020e-03,-1.750088930130004883e+00,-7.376688718795776367e-01,1.087617874145507812e+00,-5.140318274497985840e-01,-1.668992536165656571e+00,-6.811608607265309256e-01,9.926210153344302567e-01,-4.066528996013747954e-01
2.597919106483459473e-02,1.588218659162521362e-02,-6.584495306015014648e-03,-2.984444797039031982e-02,5.830727517604827881e-03,-6.788611412048339844e-03,-1.664734125137329102e+00,-7.334218025207519531e-01,1.069244384765625000e+00,-5.060861110687255859e-01,-1.595881581885616018e+00,-6.856150067795335756e-01,9.839903257864083264e-01,-4.008290738077145421e-01
2.545166760683059692e-02,1.460011303424835205e-02,-5.562916398048400879e-03,-2.849688380956649780e-02,7.568128407001495361e-03,-5.472794175148010254e-03,-1.582889080047607422e+00,-7.310651540756225586e-01,1.051884412765502930e+00,-4.979686141014099121e-01,-1.524752199401915975e+00,-6.913930064463209568e-01,9.756176311302624526e-01,-3.950399429301378329e-01
2.495959401130676270e-02,1.338408142328262329e-02,-4.720058292150497437e-03,-2.720464020967483521e-02,9.083531796932220459e-03,-4.229485988616943359e-03,-1.504613518714904785e+00,-7.308135032653808594e-01,1.035550475120544434e+00,-4.898839592933654785e-01,-1.455550419177127131e+00,-6.983776763261033693e-01,9.673932950438457468e-01,-3.892844169225777584e-01
2.450455725193023682e-02,1.222985237836837769e-02,-4.042785614728927612e-03,-2.596274763345718384e-02,1.039329171180725098e-02,-3.058917820453643799e-03,-1.429775476455688477e+00,-7.325602769851684570e-01,1.020148515701293945e+00,-4.818930923938751221e-01,-1.388223743172644742e+00,-7.064631008333314144e-01,9.592451209719391469e-01,-3.835617869827674387e-01
2.408125996589660645e-02,1.113135367631912231e-02,-3.514111042022705078e-03,-2.476690709590911865e-02,1.151712983846664429e-02,-1.955404877662658691e-03,-1.358035564422607422e+00,-7.360490560531616211e-01,1.005524396896362305e+00,-4.739705920219421387e-01,-1.322722388292019380e+00,-7.155536520025769232e-01,9.511508488882268741e-01,-3.778718526885664342e-01
2.368543297052383423e-02,1.008151471614837646e-02,-3.118313848972320557e-03,-2.361349761486053467e-02,1.247484236955642700e-02,-9.133741259574890137e-04,-1.289070844650268555e+00,-7.411092519760131836e-01,9.915475249290466309e-01,-4.661034047603607178e-01,-1.258997748510477521e+00,-7.255606869061589359e-01,9.431040392998507604e-01,-3.722145714958471907e-01
2.332020550966262817e-02,9.073838591575622559e-03,-2.847839146852493286e-03,-2.249978482723236084e-02,1.328077167272567749e-02,6.529688835144042969e-05,-1.222805738449096680e+00,-7.478610873222351074e-01,9.781639575958251953e-01,-4.583982527256011963e-01,-1.197001099950866454e+00,-7.363969931585375717e-01,9.350585657063849032e-01,-3.665894859522838001e-01
2.297770231962203979e-02,8.104916661977767944e-03,-2.684369683265686035e-03,-2.142298221588134766e-02,1.395127177238464355e-02,9.886696934700012207e-04,-1.158905029296875000e+00,-7.558965682983398438e-01,9.652137160301208496e-01,-4.507344067096710205e-01,-1.136686234493848202e+00,-7.479847045646302872e-01,9.270202257365787180e-01,-3.609966680765829827e-01
2.265473455190658569e-02,7.168911397457122803e-03,-2.616163343191146851e-03,-2.038147300481796265e-02,1.450254023075103760e-02,1.861177384853363037e-03,-1.097149491310119629e+00,-7.651262283325195312e-01,9.526236653327941895e-01,-4.431222379207611084e-01,-1.078008987749322189e+00,-7.602485152698971183e-01,9.189941732422449716e-01,-3.554361756829557684e-01
2.234712988138198853e-02,6.262015551328659058e-03,-2.629207447171211243e-03,-1.937381178140640259e-02,1.494897156953811646e-02,2.688601613044738770e-03,-1.037320137023925781e+00,-7.753317952156066895e-01,9.403045177459716797e-01,-4.354978799819946289e-01,-1.020925883675011248e+00,-7.731185234175455001e-01,9.109926343276207872e-01,-3.499081346765077205e-01
2.205637842416763306e-02,5.380053073167800903e-03,-2.717778086662292480e-03,-1.839924603700637817e-02,1.530129462480545044e-02,3.470286726951599121e-03,-9.793864488601684570e-01,-7.865825891494750977e-01,9.282388687133789062e-01,-4.279398322105407715e-01,-9.653939284321428893e-01,-7.865253671986643935e-01,9.029952359826833863e-01,-3.444123293730183555e-01
2.177758142352104187e-02,4.521302878856658936e-03,-2.868860960006713867e-03,-1.745612174272537231e-02,1.557082682847976685e-02,4.212424159049987793e-03,-9.231399297714233398e-01,-7.985931634902954102e-01,9.163442850112915039e-01,-4.203611910343170166e-01,-9.113721745187748358e-01,-8.004055546716857261e-01,8.950109668016271725e-01,-3.389488402556433688e-01
2.151094377040863037e-02,3.682475537061691284e-03,-3.076845780014991760e-03,-1.654415577650070190e-02,1.576723903417587280e-02,4.915572702884674072e-03,-8.685396313667297363e-01,-8.113865852355957031e-01,9.046108722686767578e-01,-4.128186702728271484e-01,-8.588200129161466245e-01,-8.146981286700201164e-01,8.870329325549837218e-01,-3.335175804188866833e-01
2.125453948974609375e-02,2.862041816115379333e-03,-3.333520144224166870e-03,-1.566224545240402222e-02,1.589875668287277222e-02,5.582705140113830566e-03,-8.154813051223754883e-01,-8.248240351676940918e-01,8.929962515830993652e-01,-4.052855968475341797e-01,-8.076983232545020819e-01,-8.293453863417010741e-01,8.790588749801948598e-01,-3.281185041090843857e-01
2.100699394941329956e-02,2.058176323771476746e-03,-3.632267937064170837e-03,-1.480978913605213165e-02,1.597352325916290283e-02,6.216099485754966736e-03,-7.638891935348510742e-01,-8.388258814811706543e-01,8.814799189567565918e-01,-3.977679610252380371e-01,-7.579687906127801078e-01,-8.442932786683741142e-01,8.710889628434234089e-01,-3.227515869917761959e-01
2.076738327741622925e-02,1.269523054361343384e-03,-3.967205062508583069e-03,-1.398616470396518707e-02,1.599847525358200073e-02,6.817722693085670471e-03,-7.137031555175781250e-01,-8.533184528350830078e-01,8.700478076934814453e-01,-3.902690410614013672e-01,-7.095941828828404851e-01,-8.594905795134020199e-01,8.631225174239417486e-01,-3.174167906045867737e-01
2.053445577621459961e-02,4.949588328599929810e-04,-4.332678392529487610e-03,-1.319079287350177765e-02,1.598007231950759888e-02,7.389551028609275818e-03,-6.648626327514648438e-01,-8.682167530059814453e-01,8.586820960044860840e-01,-3.827886581420898438e-01,-6.625381694084807593e-01,-8.748891083335857966e-01,8.551600971768076320e-01,-3.121140853838745288e-01
2.030724659562110901e-02,-2.663675695657730103e-04,-4.723438993096351624e-03,-1.242313906550407410e-02,1.592403650283813477e-02,7.933760061860084534e-03,-6.173121929168701172e-01,-8.834421634674072266e-01,8.473750352859497070e-01,-3.753201365470886230e-01,-6.167653426215514711e-01,-8.904436034236589137e-01,8.472038536825095001e-01,-3.068434541027132978e-01
2.008499577641487122e-02,-1.015178859233856201e-03,-5.135022103786468506e-03,-1.168273761868476868e-02,1.583582162857055664e-02,8.451994508504867554e-03,-5.710127353668212891e-01,-8.989315032958984375e-01,8.361259698867797852e-01,-3.678738474845886230e-01,-5.722413719806203058e-01,-9.061112539646721808e-01,8.392559475022930426e-01,-3.016048743087517692e-01
1.986670866608619690e-02,-1.751972362399101257e-03,-5.562948063015937805e-03,-1.096911542117595673e-02,1.572015136480331421e-02,8.946323767304420471e-03,-5.259154438972473145e-01,-9.146077632904052734e-01,8.249305486679077148e-01,-3.604419827461242676e-01,-5.289328700119780846e-01,-9.218517934581984541e-01,8.313197642083516303e-01,-2.963983319515514081e-01
1.965229958295822144e-02,-2.477211877703666687e-03,-6.004063412547111511e-03,-1.028183661401271820e-02,1.558111608028411865e-02,9.417695924639701843e-03,-4.820029735565185547e-01,-9.304353594779968262e-01,8.137953877449035645e-01,-3.530406355857849121e-01,-4.868072238694718390e-01,-9.376271969321732236e-01,8.233953395507046524e-01,-2.912237746187597009e-01
1.944153755903244019e-02,-3.191243857145309448e-03,-6.455965340137481689e-03,-9.620385244488716125e-03,1.542180776596069336e-02,9.866777807474136353e-03,-4.392558038234710693e-01,-9.463811516761779785e-01,8.027197122573852539e-01,-3.456827402114868164e-01,-4.458325658317152107e-01,-9.534015783060068028e-01,8.154787438474894179e-01,-2.860811052890547823e-01
1.923331618309020996e-02,-3.893982619047164917e-03,-6.914766505360603333e-03,-8.983990177512168884e-03,1.524586975574493408e-02,1.029581949114799500e-02,-3.976220488548278809e-01,-9.623538255691528320e-01,7.917037010192871094e-01,-3.383554816246032715e-01,-4.059783785900080710e-01,-9.691412873744981171e-01,8.075747058196615091e-01,-2.809703104356415237e-01
1.902765035629272461e-02,-4.585731774568557739e-03,-7.378250360488891602e-03,-8.372303098440170288e-03,1.505630463361740112e-02,1.070552691817283630e-02,-3.570906519889831543e-01,-9.783307313919067383e-01,7.807553410530090332e-01,-3.310735523700714111e-01,-3.672149222584202288e-01,-9.848145162007598818e-01,7.996846595907168842e-01,-2.758913387302176501e-01
1.882406696677207947e-02,-5.266422405838966370e-03,-7.843969389796257019e-03,-7.784822955727577209e-03,1.485572010278701782e-02,1.109724491834640503e-02,-3.176355957984924316e-01,-9.942610263824462891e-01,7.698815464973449707e-01,-3.238372802734375000e-01,-3.295131327671473320e-01,-1.000391585883471546e+00,7.918099850813394847e-01,-2.708441355306786535e-01
1.862253621220588684e-02,-5.936133675277233124e-03,-8.310180157423019409e-03,-7.220888510346412659e-03,1.464630663394927979e-02,1.147170364856719971e-02,-2.792381942272186279e-01,-1.010117173194885254e+00,7.590876817703247070e-01,-3.166563212871551514e-01,-2.928431565913988122e-01,-1.015846793511558044e+00,7.839512799541473731e-01,-2.658286444289375550e-01
1.842254400253295898e-02,-6.594674661755561829e-03,-8.774815127253532410e-03,-6.679948419332504272e-03,1.443022489547729492e-02,1.183012872934341431e-02,-2.418733388185501099e-01,-1.025848746299743652e+00,7.483800649642944336e-01,-3.095315694808959961e-01,-2.571783014377841958e-01,-1.031153106252570062e+00,7.761103223348282398e-01,-2.608448030782595795e-01
1.822412014007568359e-02,-7.242030464112758636e-03,-9.236369282007217407e-03,-6.161440163850784302e-03,1.420924067497253418e-02,1.217330992221832275e-02,-2.055248320102691650e-01,-1.041431188583374023e+00,7.377666234970092773e-01,-3.024680316448211670e-01,-2.224918906934147123e-01,-1.046286127353733164e+00,7.682885081771396729e-01,-2.558925465153609746e-01
1.802695542573928833e-02,-7.878084667026996613e-03,-9.693302214145660400e-03,-5.664745345711708069e-03,1.398505270481109619e-02,1.250218227505683899e-02,-1.701696217060089111e-01,-1.056827664375305176e+00,7.272523045539855957e-01,-2.954686284065246582e-01,-1.887580947264764497e-01,-1.061222901349103243e+00,7.604872642523002879e-01,-2.509718062824076168e-01
1.783130690455436707e-02,-8.502768352627754211e-03,-1.014517806470394135e-02,-5.189353600144386292e-03,1.375861465930938721e-02,1.281683146953582764e-02,-1.358051300048828125e-01,-1.072034001350402832e+00,7.168452739715576172e-01,-2.885490059852600098e-01,-1.559497689208729776e-01,-1.075944866299984204e+00,7.527045293964982342e-01,-2.460824865117187954e-01
1.763663813471794128e-02,-9.115890599787235260e-03,-1.059043407440185547e-02,-4.734404385089874268e-03,1.353131234645843506e-02,1.311850547790527344e-02,-1.023940220475196838e-01,-1.087002396583557129e+00,7.065460085868835449e-01,-2.817030847072601318e-01,-1.240427961692488479e-01,-1.090431706796738176e+00,7.449418217917018747e-01,-2.412245119587359266e-01
1.744321733713150024e-02,-9.717373177409172058e-03,-1.102843694388866425e-02,-4.299405962228775024e-03,1.330409944057464600e-02,1.340752840042114258e-02,-6.993049383163452148e-02,-1.101724863052368164e+00,6.963636875152587891e-01,-2.749399840831756592e-01,-9.301337490430981736e-02,-1.104664971647963068e+00,7.371998257613706640e-01,-2.363977980075593066e-01
1.725069805979728699e-02,-1.030702888965606689e-02,-1.145825907588005066e-02,-3.883706405758857727e-03,1.307785511016845703e-02,1.368457823991775513e-02,-3.839166089892387390e-02,-1.116169333457946777e+00,6.862984895706176758e-01,-2.682597637176513672e-01,-6.283830243422393325e-02,-1.118627595442125200e+00,7.294788529138279687e-01,-2.316022538051174529e-01
1.705915108323097229e-02,-1.088475994765758514e-02,-1.187926717102527618e-02,-3.486672416329383850e-03,1.285339891910552979e-02,1.395021378993988037e-02,-7.761247456073760986e-03,-1.130321502685546875e+00,6.763569116592407227e-01,-2.616668343544006348e-01,-3.349378890387793434e-02,-1.132305912556051508e+00,7.217799364380880212e-01,-2.268378005650678042e-01
1.686850935220718384e-02,-1.145045459270477295e-02,-1.229097880423069000e-02,-3.107624128460884094e-03,1.263132691383361816e-02,1.420508325099945068e-02,2.198205143213272095e-02,-1.144165158271789551e+00,6.665444970130920410e-01,-2.551631629467010498e-01,-4.957213779163999190e-03,-1.145686587863694594e+00,7.141037473129303592e-01,-2.221043500389328906e-01
1.667873561382293701e-02,-1.200406625866889954e-02,-1.269294321537017822e-02,-2.745984122157096863e-03,1.241218298673629761e-02,1.444946974515914917e-02,5.085340887308120728e-02,-1.157686352729797363e+00,6.568607687950134277e-01,-2.487519681453704834e-01,2.279247183502757304e-02,-1.158755763147817364e+00,7.064503457485268312e-01,-2.174017995786305946e-01
1.648980006575584412e-02,-1.254539564251899719e-02,-1.308470778167247772e-02,-2.401087433099746704e-03,1.219642162322998047e-02,1.468397676944732666e-02,7.887140661478042603e-02,-1.170867443084716797e+00,6.473112106323242188e-01,-2.424342483282089233e-01,4.977615080404534237e-02,-1.171501404556564818e+00,6.988200485812197105e-01,-2.127300493667641512e-01
1.630168408155441284e-02,-1.307440921664237976e-02,-1.346600800752639771e-02,-2.072326838970184326e-03,1.198437064886093140e-02,1.490897685289382935e-02,1.060543954372406006e-01,-1.183698058128356934e+00,6.378965973854064941e-01,-2.362111955881118774e-01,7.601462486696167198e-02,-1.183913436432146638e+00,6.912136255718992484e-01,-2.080890049411530662e-01
1.611423864960670471e-02,-1.359106972813606262e-02,-1.383640244603157043e-02,-1.759015023708343506e-03,1.177650690078735352e-02,1.512508094310760498e-02,1.324270367622375488e-01,-1.196161508560180664e+00,6.286178827285766602e-01,-2.300816774368286133e-01,1.015288486886775088e-01,-1.195984140449155353e+00,6.836325007174467450e-01,-2.034785806518598084e-01
1.592767611145973206e-02,-1.409522071480751038e-02,-1.419580914080142975e-02,-1.460649073123931885e-03,1.157294213771820068e-02,1.533253490924835205e-02,1.579976081848144531e-01,-1.208253622055053711e+00,6.194806098937988281e-01,-2.240485697984695435e-01,1.263375429015004270e-01,-1.207703625510182066e+00,6.760767007824517449e-01,-1.988986644323491315e-01
1.574178785085678101e-02,-1.458691991865634918e-02,-1.454404368996620178e-02,-1.176584511995315552e-03,1.137393712997436523e-02,1.553180068731307983e-02,1.827918887138366699e-01,-1.219963312149047852e+00,6.104823946952819824e-01,-2.181109786033630371e-01,1.504594766544453399e-01,-1.219063958136310299e+00,6.685468166236994136e-01,-1.943491514803332709e-01
1.555665954947471619e-02,-1.506600715219974518e-02,-1.488094776868820190e-02,-9.061768651008605957e-04,1.117963343858718872e-02,1.572327315807342529e-02,2.068255841732025146e-01,-1.231279969215393066e+00,6.016270518302917480e-01,-2.122697681188583374e-01,1.739129132463742011e-01,-1.230058068607640553e+00,6.610434355297238884e-01,-1.898299351243760147e-01
1.537222042679786682e-02,-1.553263142704963684e-02,-1.520646549761295319e-02,-6.489381194114685059e-04,1.099008321762084961e-02,1.590720564126968384e-02,2.301186919212341309e-01,-1.242200374603271484e+00,5.929098129272460938e-01,-2.065218687057495117e-01,1.967167427248013023e-01,-1.240681855727896687e+00,6.535670617534514726e-01,-1.853409125563014181e-01
1.518862694501876831e-02,-1.598664745688438416e-02,-1.552057638764381409e-02,-4.042237997055053711e-04,1.080538332462310791e-02,1.608398556709289551e-02,2.526859939098358154e-01,-1.252719283103942871e+00,5.843368172645568848e-01,-2.008697539567947388e-01,2.188879273389865987e-01,-1.250929263900387944e+00,6.461182957495736900e-01,-1.808819719018366079e-01
1.500567048788070679e-02,-1.642813347280025482e-02,-1.582318171858787537e-02,-1.715049147605895996e-04,1.062562316656112671e-02,1.625401526689529419e-02,2.745509743690490723e-01,-1.262827873229980469e+00,5.759042501449584961e-01,-1.953102052211761475e-01,2.404434544421192033e-01,-1.260795908150863953e+00,6.386976971712137185e-01,-1.764530021033992313e-01
1.482349634170532227e-02,-1.685707457363605499e-02,-1.611437089741230011e-02,4.975125193595886230e-05,1.045070588588714600e-02,1.641744375228881836e-02,2.957267463207244873e-01,-1.272524952888488770e+00,5.676122903823852539e-01,-1.898432672023773193e-01,2.613998513706420890e-01,-1.270278095027780108e+00,6.313058189111240281e-01,-1.720538904645216860e-01
1.464203000068664551e-02,-1.727355644106864929e-02,-1.639416255056858063e-02,2.601034939289093018e-04,1.028064638376235962e-02,1.657464355230331421e-02,3.162352442741394043e-01,-1.281806588172912598e+00,5.594588518142700195e-01,-1.844667494297027588e-01,2.817733995563885818e-01,-1.279373211308968639e+00,6.239428309235529602e-01,-1.676845199301148226e-01
1.446139067411422729e-02,-1.767760887742042542e-02,-1.666268706321716309e-02,4.599951207637786865e-04,1.011529192328453064e-02,1.672582328319549561e-02,3.360899984836578369e-01,-1.290674567222595215e+00,5.514446496963500977e-01,-1.791786700487136841e-01,3.015798046343111105e-01,-1.288078974028675328e+00,6.166091620030113019e-01,-1.633447739304703661e-01
1.428146660327911377e-02,-1.806928589940071106e-02,-1.692001521587371826e-02,6.500855088233947754e-04,9.954705834388732910e-03,1.687128841876983643e-02,3.553138077259063721e-01,-1.299123048782348633e+00,5.435672998428344727e-01,-1.739804148674011230e-01,3.208343800915237076e-01,-1.296393751829218122e+00,6.093051806870269926e-01,-1.590345340856553491e-01
1.410231739282608032e-02,-1.844871789216995239e-02,-1.716629043221473694e-02,8.306875824928283691e-04,9.798672050237655640e-03,1.701124012470245361e-02,3.739207386970520020e-01,-1.307155966758728027e+00,5.358246564865112305e-01,-1.688669174909591675e-01,3.395520833752357359e-01,-1.304316586819503021e+00,6.020311521643474384e-01,-1.547536799607044933e-01
1.392399519681930542e-02,-1.881586387753486633e-02,-1.740165613591670990e-02,1.002438366413116455e-03,9.647123515605926514e-03,1.714582741260528564e-02,3.919266462326049805e-01,-1.314769625663757324e+00,5.282160043716430664e-01,-1.638408750295639038e-01,3.577472974411244344e-01,-1.311846717273747576e+00,5.947874822310253995e-01,-1.505020903199325577e-01
1.374635845422744751e-02,-1.917096599936485291e-02,-1.762606389820575714e-02,1.165732741355895996e-03,9.499967098236083984e-03,1.727543771266937256e-02,4.093554913997650146e-01,-1.321962118148803711e+00,5.207350254058837891e-01,-1.588928997516632080e-01,3.754340216318567958e-01,-1.318983882855916834e+00,5.875745419962266070e-01,-1.462796424262375328e-01
1.356958597898483276e-02,-1.951404288411140442e-02,-1.783992350101470947e-02,1.320935785770416260e-03,9.357001632452011108e-03,1.740010082721710205e-02,4.262146651744842529e-01,-1.328741908073425293e+00,5.133847594261169434e-01,-1.540274173021316528e-01,3.926260889902979390e-01,-1.325728703021915589e+00,5.803924668051152480e-01,-1.420862112287883949e-01
1.339357346296310425e-02,-1.984525471925735474e-02,-1.804331690073013306e-02,1.468621194362640381e-03,9.218119084835052490e-03,1.752004027366638184e-02,4.425275921821594238e-01,-1.335106492042541504e+00,5.061585903167724609e-01,-1.492407917976379395e-01,4.093368777681840598e-01,-1.332082074134456118e+00,5.732414465228314882e-01,-1.379216706779211321e-01
1.321833580732345581e-02,-2.016466483473777771e-02,-1.823639497160911560e-02,1.609139144420623779e-03,9.083159267902374268e-03,1.763549447059631348e-02,4.583079516887664795e-01,-1.341056704521179199e+00,4.990559220314025879e-01,-1.445303112268447876e-01,4.255793758217553124e-01,-1.338045248406707799e+00,5.661217450726538924e-01,-1.337858942983645716e-01
1.304397359490394592e-02,-2.047248184680938721e-02,-1.841928623616695404e-02,1.742914319038391113e-03,8.951995521783828735e-03,1.774667203426361084e-02,4.735732376575469971e-01,-1.346598267555236816e+00,4.920741319656372070e-01,-1.398917883634567261e-01,4.413661255195693300e-01,-1.343619680867614852e+00,5.590338747224066207e-01,-1.296787566634762801e-01
1.287034898996353149e-02,-2.076878026127815247e-02,-1.859228126704692841e-02,1.870304346084594727e-03,8.824482560157775879e-03,1.785357296466827393e-02,4.883364737033843994e-01,-1.351731538772583008e+00,4.852088987827301025e-01,-1.353277862071990967e-01,4.567094868341967651e-01,-1.348807488186742676e+00,5.519779350523684736e-01,-1.256001281085277199e-01
1.269759982824325562e-02,-2.105371654033660889e-02,-1.875542290508747101e-02,1.991681754589080811e-03,8.700411766767501831e-03,1.795655488967895508e-02,5.026146769523620605e-01,-1.356460213661193848e+00,4.784590601921081543e-01,-1.308296024799346924e-01,4.716214316261720940e-01,-1.353611018941414113e+00,5.449541825580163090e-01,-1.215498794045750536e-01
1.252562552690505981e-02,-2.132746577262878418e-02,-1.890908181667327881e-02,2.107448875904083252e-03,8.579671382904052734e-03,1.805558800697326660e-02,5.164228677749633789e-01,-1.360789299011230469e+00,4.718200862407684326e-01,-1.264014244079589844e-01,4.861136098958401264e-01,-1.358032939100219272e+00,5.379628762819267385e-01,-1.175278805488557676e-01
1.235447078943252563e-02,-2.159014716744422913e-02,-1.905323937535285950e-02,2.217940986156463623e-03,8.462090045213699341e-03,1.815104484558105469e-02,5.297779440879821777e-01,-1.364718914031982422e+00,4.652902483940124512e-01,-1.220343559980392456e-01,5.001972819306967910e-01,-1.362076050944879935e+00,5.310041627557231525e-01,-1.135339991351643624e-01
1.218421757221221924e-02,-2.184193581342697144e-02,-1.918834261596202850e-02,2.323478460311889648e-03,8.347488939762115479e-03,1.824274659156799316e-02,5.426881909370422363e-01,-1.368259906768798828e+00,4.588664472103118896e-01,-1.177336275577545166e-01,5.138834923393063026e-01,-1.365743614859111554e+00,5.240783289865312833e-01,-1.095681040707078280e-01
1.201470941305160522e-02,-2.208302542567253113e-02,-1.931430213153362274e-02,2.424351871013641357e-03,8.235808461904525757e-03,1.833121478557586670e-02,5.551757812500000000e-01,-1.371409654617309570e+00,4.525456130504608154e-01,-1.134888902306556702e-01,5.271829575745308194e-01,-1.369039081128987645e+00,5.171856195337716233e-01,-1.056300629606242852e-01
1.184612140059471130e-02,-2.231349050998687744e-02,-1.943160779774188995e-02,2.520911395549774170e-03,8.126772940158843994e-03,1.841621100902557373e-02,5.672459006309509277e-01,-1.374178767204284668e+00,4.463260769844055176e-01,-1.093059480190277100e-01,5.401061060110878831e-01,-1.371966137383796802e+00,5.103262856859387409e-01,-1.017197428641549994e-01
1.167827099561691284e-02,-2.253355458378791809e-02,-1.954017020761966705e-02,2.613447606563568115e-03,8.020322769880294800e-03,1.849812269210815430e-02,5.789195299148559570e-01,-1.376563668251037598e+00,4.402019381523132324e-01,-1.051754876971244812e-01,5.526630610898424223e-01,-1.374528647080619947e+00,5.035003344452827490e-01,-9.783700754512651698e-02
1.151136308908462524e-02,-2.274343743920326233e-02,-1.964043080806732178e-02,2.702198922634124756e-03,7.916238158941268921e-03,1.857680082321166992e-02,5.902032852172851562e-01,-1.378580331802368164e+00,4.341714382171630859e-01,-1.011003330349922180e-01,5.648636912017258593e-01,-1.376730708689145599e+00,4.967079267451853797e-01,-9.398172196075602058e-02
1.134525239467620850e-02,-2.294322848320007324e-02,-1.973246037960052490e-02,2.787515521049499512e-03,7.814411073923110962e-03,1.865258812904357910e-02,6.011151671409606934e-01,-1.380225658416748047e+00,4.282324314117431641e-01,-9.707584232091903687e-02,5.767176047051493226e-01,-1.378576618804044474e+00,4.899492420729381625e-01,-9.015375080139644004e-02
1.117997244000434875e-02,-2.313317358493804932e-02,-1.981647126376628876e-02,2.869501709938049316e-03,7.714707404375076294e-03,1.872543990612030029e-02,6.116631627082824707e-01,-1.381509065628051758e+00,4.223805963993072510e-01,-9.310033917427062988e-02,5.882341502860864990e-01,-1.380070845584616457e+00,4.832243950097852014e-01,-8.635295760908905105e-02
1.101559028029441833e-02,-2.331335470080375671e-02,-1.989276893436908722e-02,2.948559820652008057e-03,7.616955786943435669e-03,1.879559457302093506e-02,6.218616366386413574e-01,-1.382436513900756836e+00,4.166178703308105469e-01,-8.917382359504699707e-02,5.994224303763797668e-01,-1.381218027047049768e+00,4.765334788508975294e-01,-8.257920531296025768e-02
1.085195690393447876e-02,-2.348409220576286316e-02,-1.996146701276302338e-02,3.024868667125701904e-03,7.521048188209533691e-03,1.886291801929473877e-02,6.317235231399536133e-01,-1.383011102676391602e+00,4.109323322772979736e-01,-8.529296517372131348e-02,6.102913099534904573e-01,-1.382022962393655963e+00,4.698765643289361527e-01,-7.883235626404563878e-02
1.068923994898796082e-02,-2.364541590213775635e-02,-2.002267725765705109e-02,3.098621964454650879e-03,7.426798343658447266e-03,1.892772316932678223e-02,6.412570476531982422e-01,-1.383238434791564941e+00,4.053283333778381348e-01,-8.145311474800109863e-02,6.208494253367653481e-01,-1.382490604618457963e+00,4.632536983378333639e-01,-7.511227227012824692e-02
1.052735373377799988e-02,-2.379760891199111938e-02,-2.007686719298362732e-02,3.170058131217956543e-03,7.334142923355102539e-03,1.898986101150512695e-02,6.504732966423034668e-01,-1.383129715919494629e+00,3.998012244701385498e-01,-7.766029238700866699e-02,6.311051929801173577e-01,-1.382626054367128043e+00,4.566649026563451286e-01,-7.141881463057586643e-02
1.036627218127250671e-02,-2.394084259867668152e-02,-2.012393623590469360e-02,3.239355981349945068e-03,7.242940366268157959e-03,1.904965937137603760e-02,6.593869328498840332e-01,-1.382685184478759766e+00,3.943470716476440430e-01,-7.390365749597549438e-02,6.410667257531704744e-01,-1.382434324026089234e+00,4.501103642977777319e-01,-6.775184563356129175e-02
1.020607724785804749e-02,-2.407522127032279968e-02,-2.016412466764450073e-02,3.306724131107330322e-03,7.153108716011047363e-03,1.910711824893951416e-02,6.680045127868652344e-01,-1.381911516189575195e+00,3.889660835266113281e-01,-7.018560171127319336e-02,6.507416885893798630e-01,-1.381919941893572590e+00,4.435907515751736918e-01,-6.411123101270288505e-02
1.004666090011596680e-02,-2.420098334550857544e-02,-2.019766718149185181e-02,3.372341394424438477e-03,7.064554840326309204e-03,1.916220784187316895e-02,6.763370037078857422e-01,-1.380814790725708008e+00,3.836521506309509277e-01,-6.650599092245101929e-02,6.601380191321691848e-01,-1.381088730528526431e+00,4.371057381856350288e-01,-6.049682872816180418e-02
9.888142347335815430e-03,-2.431830391287803650e-02,-2.022466808557510376e-02,3.436371684074401855e-03,6.977085024118423462e-03,1.921519637107849121e-02,6.843959093093872070e-01,-1.379402160644531250e+00,3.784056007862091064e-01,-6.285762041807174683e-02,6.692632515550855921e-01,-1.379946099451141217e+00,4.306554207377660815e-01,-5.690849982909970683e-02
9.730383753776550293e-03,-2.442737668752670288e-02,-2.024545706808567047e-02,3.498956561088562012e-03,6.890710443258285522e-03,1.926593482494354248e-02,6.921882033348083496e-01,-1.377680301666259766e+00,3.732222914695739746e-01,-5.924671143293380737e-02,6.781247293237161466e-01,-1.378497550011831274e+00,4.242398949762111737e-01,-5.334610526420389964e-02
9.573526680469512939e-03,-2.452833577990531921e-02,-2.026009932160377502e-02,3.560267388820648193e-03,6.805241107940673828e-03,1.931460201740264893e-02,6.997230052947998047e-01,-1.375655174255371094e+00,3.681013882160186768e-01,-5.566671490669250488e-02,6.867296129296264207e-01,-1.376748672608830271e+00,4.178592566639060535e-01,-4.980950593299245804e-02
9.417470544576644897e-03,-2.462139353156089783e-02,-2.026876807212829590e-02,3.620445728302001953e-03,6.720677018165588379e-03,1.936137676239013672e-02,7.070121169090270996e-01,-1.373332619667053223e+00,3.630417585372924805e-01,-5.211701989173889160e-02,6.950848876205563132e-01,-1.374705144932716339e+00,4.115136024642948032e-01,-4.629856273712375236e-02
9.262256324291229248e-03,-2.470673993229866028e-02,-2.027168124914169312e-02,3.679625689983367920e-03,6.636884063482284546e-03,1.940613985061645508e-02,7.140617370605468750e-01,-1.370720028877258301e+00,3.580386340618133545e-01,-4.859749972820281982e-02,7.031973711267102134e-01,-1.372372731220214082e+00,4.052030308235917144e-01,-4.281313663170351058e-02
9.107835590839385986e-03,-2.478447929024696350e-02,-2.026897296309471130e-02,3.737978637218475342e-03,6.553776562213897705e-03,1.944901049137115479e-02,7.208811044692993164e-01,-1.367820143699645996e+00,3.530905842781066895e-01,-4.510670155286788940e-02,7.110737213830896630e-01,-1.369757282495729367e+00,3.989276428529877072e-01,-3.935308867658677406e-02
8.954279124736785889e-03,-2.485480159521102905e-02,-2.026086859405040741e-02,3.795541822910308838e-03,6.471302360296249390e-03,1.948991417884826660e-02,7.274731397628784180e-01,-1.364643096923828125e+00,3.481965959072113037e-01,-4.164623841643333435e-02,7.187196858964918222e-01,-1.366862921231480898e+00,3.926868278444081151e-01,-3.591826792534348611e-02
8.801449090242385864e-03,-2.491796389222145081e-02,-2.024756185710430145e-02,3.852479159832000732e-03,6.389249116182327271e-03,1.952904462814331055e-02,7.338540554046630859e-01,-1.361193776130676270e+00,3.433511555194854736e-01,-3.820968046784400940e-02,7.261415988131180166e-01,-1.363695579958920989e+00,3.864806688562421599e-01,-3.250853535871436190e-02
8.649494498968124390e-03,-2.497408911585807800e-02,-2.022909000515937805e-02,3.908894956111907959e-03,6.307665258646011353e-03,1.956634223461151123e-02,7.400255799293518066e-01,-1.357478380203247070e+00,3.385535776615142822e-01,-3.479813039302825928e-02,7.333457641373866132e-01,-1.360261541386626805e+00,3.803093547430914101e-01,-2.912375392451202819e-02
8.498273789882659912e-03,-2.502332255244255066e-02,-2.020573243498802185e-02,3.964878618717193604e-03,6.226487457752227783e-03,1.960183680057525635e-02,7.459956407546997070e-01,-1.353502392768859863e+00,3.338022530078887939e-01,-3.141357749700546265e-02,7.403381063797956907e-01,-1.356566579848874632e+00,3.741728441648021763e-01,-2.576378286155101352e-02
8.347861468791961670e-03,-2.506581693887710571e-02,-2.017756365239620209e-02,4.020534455776214600e-03,6.145592778921127319e-03,1.963576674461364746e-02,7.517735362052917480e-01,-1.349271655082702637e+00,3.290973603725433350e-01,-2.805050648748874664e-02,7.471244060351237559e-01,-1.352616507334762019e+00,3.680710813004917648e-01,-2.242848140343541019e-02
8.198253810405731201e-03,-2.510184794664382935e-02,-2.014488726854324341e-02,4.075951874256134033e-03,6.064958870410919189e-03,1.966790854930877686e-02,7.573641538619995117e-01,-1.344797968864440918e+00,3.244341313838958740e-01,-2.471293881535530090e-02,7.537103059651770742e-01,-1.348417174669912955e+00,3.620039954789270875e-01,-1.911770880857651192e-02
8.049391210079193115e-03,-2.513143420219421387e-02,-2.010766975581645966e-02,4.131220281124114990e-03,5.984518676996231079e-03,1.969836652278900146e-02,7.627729177474975586e-01,-1.340078115463256836e+00,3.198104500770568848e-01,-2.139762789011001587e-02,7.601013177780319152e-01,-1.343974473482649090e+00,3.559715008089470722e-01,-1.583132439022362503e-02
7.901325821876525879e-03,-2.515489980578422546e-02,-2.006620168685913086e-02,4.186354577541351318e-03,5.904186517000198364e-03,1.972730457782745361e-02,7.680094242095947266e-01,-1.335128188133239746e+00,3.152268528938293457e-01,-1.810196973383426666e-02,7.663028282036735694e-01,-1.339294338939109652e+00,3.499734958098522086e-01,-1.256918754648375658e-02
7.754012942314147949e-03,-2.517229318618774414e-02,-2.002058923244476318e-02,4.241511225700378418e-03,5.823947489261627197e-03,1.975458860397338867e-02,7.730774879455566406e-01,-1.329947948455810547e+00,3.106796741485595703e-01,-1.482920814305543900e-02,7.723198590271213027e-01,-1.334382092378194162e+00,3.440100407417215900e-01,-9.331158172623888261e-03
7.607474923133850098e-03,-2.518368884921073914e-02,-1.997064426541328430e-02,4.296772181987762451e-03,5.743872374296188354e-03,1.978057622909545898e-02,7.779851555824279785e-01,-1.324536561965942383e+00,3.061706125736236572e-01,-1.157256029546260834e-02,7.781563429375879526e-01,-1.329240460318327877e+00,3.380818841349144677e-01,-6.117097824598296055e-03
7.461648434400558472e-03,-2.518941834568977356e-02,-1.991690695285797119e-02,4.352010786533355713e-03,5.663815885782241821e-03,1.980495452880859375e-02,7.827335000038146973e-01,-1.318912267684936523e+00,3.016952276229858398e-01,-8.337570354342460632e-03,7.838179783953060920e-01,-1.323877229282840906e+00,3.321884083881500027e-01,-2.926865330302778033e-03
7.316689938306808472e-03,-2.518944069743156433e-02,-1.985939592123031616e-02,4.407472908496856689e-03,5.583722144365310669e-03,1.982791721820831299e-02,7.873284816741943359e-01,-1.313075423240661621e+00,2.972570955753326416e-01,-5.122868344187736511e-03,7.893095213203228377e-01,-1.318297988151053701e+00,3.263295867819368534e-01,2.396789695538478022e-04
7.172342389822006226e-03,-2.518409490585327148e-02,-1.979816891252994537e-02,4.463233053684234619e-03,5.503688007593154907e-03,1.984949409961700439e-02,7.917830944061279297e-01,-1.307029843330383301e+00,2.928477525711059570e-01,-1.926594413816928864e-03,7.946356099476217238e-01,-1.312508316921974894e+00,3.205053929821569114e-01,3.382674460943585829e-03
7.028862833976745605e-03,-2.517340332269668579e-02,-1.973333209753036499e-02,4.519127309322357178e-03,5.423523485660552979e-03,1.986962556838989258e-02,7.960905432701110840e-01,-1.300784468650817871e+00,2.884702682495117188e-01,1.253653317689895630e-03,7.998007698495988027e-01,-1.306513788666260334e+00,3.147158016392850866e-01,6.502260224408013163e-03
6.886035203933715820e-03,-2.515761181712150574e-02,-1.966515555977821350e-02,4.575312137603759766e-03,5.343306809663772583e-03,1.988847553730010986e-02,8.002648353576660156e-01,-1.294346213340759277e+00,2.841234803199768066e-01,4.415141418576240540e-03,8.048094189555083933e-01,-1.300319972074630792e+00,3.089607889876548885e-01,9.598575002957689464e-03
6.744012236595153809e-03,-2.513673156499862671e-02,-1.959369331598281860e-02,4.631951451301574707e-03,5.262993276119232178e-03,1.990589499473571777e-02,8.043054938316345215e-01,-1.287717103958129883e+00,2.798055708408355713e-01,7.556113414466381073e-03,8.096658725678699264e-01,-1.293932434588638047e+00,3.032403334446892029e-01,1.267175716995735252e-02
6.602615118026733398e-03,-2.511097863316535950e-02,-1.951891556382179260e-02,4.688940942287445068e-03,5.182582885026931763e-03,1.992218196392059326e-02,8.082227706909179688e-01,-1.280899763107299805e+00,2.755149900913238525e-01,1.068365946412086487e-02,8.143743483758099089e-01,-1.287356746103669902e+00,2.975544162101208534e-01,1.572194469702025213e-02
6.462067365646362305e-03,-2.508059144020080566e-02,-1.944113895297050476e-02,4.746243357658386230e-03,5.101956427097320557e-03,1.993712782859802246e-02,8.120146393775939941e-01,-1.273911833763122559e+00,2.712509930133819580e-01,1.379571016877889633e-02,8.189381479779597184e-01,-1.280596080526508418e+00,2.919027585920128676e-01,1.874928281858053228e-02
6.322164088487625122e-03,-2.504550293087959290e-02,-1.936044543981552124e-02,4.804074764251708984e-03,5.021188408136367798e-03,1.995082199573516846e-02,8.156887292861938477e-01,-1.266746282577514648e+00,2.670136392116546631e-01,1.688773930072784424e-02,8.233611858876089817e-01,-1.273655635182006529e+00,2.862853097462447760e-01,2.175390975844565186e-02
6.182957440614700317e-03,-2.500592917203903198e-02,-1.927676051855087280e-02,4.862330853939056396e-03,4.940252751111984253e-03,1.996327936649322510e-02,8.192473649978637695e-01,-1.259409427642822266e+00,2.627991437911987305e-01,1.996599137783050537e-02,8.276476029709017856e-01,-1.266541527679182710e+00,2.807021221849257953e-01,2.473596035467576226e-02
6.044480949640274048e-03,-2.496194839477539062e-02,-1.919041201472282410e-02,4.921101033687591553e-03,4.859145730733871460e-03,1.997448503971099854e-02,8.226927518844604492e-01,-1.251910448074340820e+00,2.586105465888977051e-01,2.302408777177333832e-02,8.318011087126861991e-01,-1.259258862643293453e+00,2.751531404802804448e-01,2.769557222213446523e-02
5.906678736209869385e-03,-2.491379529237747192e-02,-1.910126954317092896e-02,4.980392754077911377e-03,4.777859896421432495e-03,1.998461782932281494e-02,8.260345458984375000e-01,-1.244250893592834473e+00,2.544431686401367188e-01,2.607049979269504547e-02,8.358253201874223937e-01,-1.251812707318290308e+00,2.696383086220056624e-01,3.063288259935417063e-02
5.769569426774978638e-03,-2.486161142587661743e-02,-1.900964975357055664e-02,5.040131509304046631e-03,4.696324467658996582e-03,1.999351382255554199e-02,8.292716741561889648e-01,-1.236441969871520996e+00,2.502969205379486084e-01,2.910089492797851562e-02,8.397237660556103878e-01,-1.244208094432492917e+00,2.641575702938604997e-01,3.354802832586821493e-02
5.633249878883361816e-03,-2.480537444353103638e-02,-1.891552656888961792e-02,5.100473761558532715e-03,4.614651203155517578e-03,2.000135183334350586e-02,8.324072957038879395e-01,-1.228484153747558594e+00,2.461760044097900391e-01,3.211402148008346558e-02,8.434998905576991390e-01,-1.236450025510585915e+00,2.587108691504042546e-01,3.644114581952061921e-02
5.497481673955917358e-03,-2.474533021450042725e-02,-1.881900429725646973e-02,5.161330103874206543e-03,4.532765597105026245e-03,2.000813186168670654e-02,8.354493975639343262e-01,-1.220381021499633789e+00,2.420734912157058716e-01,3.511351346969604492e-02,8.471570575054264696e-01,-1.228543474621947240e+00,2.532981490935746760e-01,3.931237105379667418e-02
5.362536758184432983e-03,-2.468159049749374390e-02,-1.872027665376663208e-02,5.222722887992858887e-03,4.450649023056030273e-03,2.001370489597320557e-02,8.383943438529968262e-01,-1.212145209312438965e+00,2.379920482635498047e-01,3.809609264135360718e-02,8.506984563184191162e-01,-1.220493093041370436e+00,2.479193098947154450e-01,4.216184059005892437e-02
5.228154361248016357e-03,-2.461411803960800171e-02,-1.861927099525928497e-02,5.284778773784637451e-03,4.368316382169723511e-03,2.001827955245971680e-02,8.412512540817260742e-01,-1.203766822814941406e+00,2.339291721582412720e-01,4.106363654136657715e-02,8.541265124474396453e-01,-1.212301386260998148e+00,2.425739368231807358e-01,4.498969794858759252e-02
5.094468593597412109e-03,-2.454315871000289917e-02,-1.851613074541091919e-02,5.347356200218200684e-03,4.285778850317001343e-03,2.002170681953430176e-02,8.440180420875549316e-01,-1.195260047912597656e+00,2.298838794231414795e-01,4.401595145463943481e-02,8.574447911994200755e-01,-1.203974532457779079e+00,2.372621670435218766e-01,4.779607312488026033e-02
4.961479455232620239e-03,-2.446875348687171936e-02,-1.841100864112377167e-02,5.410522222518920898e-03,4.203036427497863770e-03,2.002416551113128662e-02,8.466994762420654297e-01,-1.186628937721252441e+00,2.258598208427429199e-01,4.695163667201995850e-02,8.606562657300330654e-01,-1.195517089427033719e+00,2.319838985276310439e-01,5.058110126198645667e-02
4.829157143831253052e-03,-2.439110353589057922e-02,-1.830392889678478241e-02,5.474284291267395020e-03,4.120087251067161560e-03,2.002562582492828369e-02,8.493003845214843750e-01,-1.177878141403198242e+00,2.218527197837829590e-01,4.987311735749244690e-02,8.637638353790068058e-01,-1.186933566454248856e+00,2.267390247887448862e-01,5.334491708905718388e-02
4.697434604167938232e-03,-2.431026846170425415e-02,-1.819498464465141296e-02,5.538620054721832275e-03,4.036931321024894714e-03,2.002604305744171143e-02,8.518217802047729492e-01,-1.169009566307067871e+00,2.178612500429153442e-01,5.277905613183975220e-02,8.667703289572883385e-01,-1.178228427682348700e+00,2.215274348407568206e-01,5.608765490617547561e-02
4.566460847854614258e-03,-2.422639727592468262e-02,-1.808425597846508026e-02,5.603522062301635742e-03,3.953544422984123230e-03,2.002547681331634521e-02,8.542657494544982910e-01,-1.160032510757446289e+00,2.138868868350982666e-01,5.567111819982528687e-02,8.696785080320793559e-01,-1.169406095823776193e+00,2.163490131575184217e-01,5.880944856916103802e-02
4.436053335666656494e-03,-2.413951978087425232e-02,-1.797179877758026123e-02,5.669027566909790039e-03,3.870015963912010193e-03,2.002395689487457275e-02,8.566362261772155762e-01,-1.150944948196411133e+00,2.099284827709197998e-01,5.854657292366027832e-02,8.724910702097291582e-01,-1.160470956209998850e+00,2.112036396321634868e-01,6.151043147440182768e-02
4.306364804506301880e-03,-2.404976636171340942e-02,-1.785774156451225281e-02,5.735121667385101318e-03,3.786247223615646362e-03,2.002140879631042480e-02,8.589328527450561523e-01,-1.141755461692810059e+00,2.059855461120605469e-01,6.140646338462829590e-02,8.752106524165507162e-01,-1.151427361171608155e+00,2.060911895364319624e-01,6.419073654367037085e-02
4.177246242761611938e-03,-2.395721152424812317e-02,-1.774206943809986115e-02,5.801782011985778809e-03,3.702335059642791748e-03,2.001799643039703369e-02,8.611608147621154785e-01,-1.132463932037353516e+00,2.020583450794219971e-01,6.425140798091888428e-02,8.778394174880903567e-01,-1.142278305438419794e+00,2.010116142377899318e-01,6.685049786184932286e-02
4.048824310302734375e-03,-2.386193722486495972e-02,-1.762490719556808472e-02,5.869068205356597900e-03,3.618242219090461731e-03,2.001364529132843018e-02,8.633205890655517578e-01,-1.123077034950256348e+00,1.981468945741653442e-01,6.708015501499176025e-02,8.803797477725670007e-01,-1.133027618088447541e+00,1.959648073952021952e-01,6.948984792394849452e-02
3.921002149581909180e-03,-2.376412600278854370e-02,-1.750627532601356506e-02,5.936883389949798584e-03,3.534009680151939392e-03,2.000841498374938965e-02,8.654160499572753906e-01,-1.113598585128784180e+00,1.942490041255950928e-01,6.989485770463943481e-02,8.828342534561326449e-01,-1.123679999371128835e+00,1.909506039122042531e-01,7.210891759933120426e-02
3.793850541114807129e-03,-2.366381883621215820e-02,-1.738628745079040527e-02,6.005220115184783936e-03,3.449587151408195496e-03,2.000218629837036133e-02,8.674451708793640137e-01,-1.104032993316650391e+00,1.903643459081649780e-01,7.269394397735595703e-02,8.852052673877759403e-01,-1.114239402873512974e+00,1.859688784400763961e-01,7.470783813347524338e-02
3.667287528514862061e-03,-2.356104552745819092e-02,-1.726498827338218689e-02,6.074190139770507812e-03,3.365039825439453125e-03,1.999521255493164062e-02,8.694158792495727539e-01,-1.094380974769592285e+00,1.864956319332122803e-01,7.547725737094879150e-02,8.874950669490651034e-01,-1.104709735855538444e+00,1.810195029761908492e-01,7.728674026577274370e-02
3.541368991136550903e-03,-2.345601841807365417e-02,-1.714245602488517761e-02,6.143629550933837891e-03,3.280356526374816895e-03,1.998727023601531982e-02,8.713250160217285156e-01,-1.084650993347167969e+00,1.826386898756027222e-01,7.824516296386718750e-02,8.897058767581719207e-01,-1.095094863112021422e+00,1.761023469337279768e-01,7.984575421660716765e-02
3.416098654270172119e-03,-2.334873378276824951e-02,-1.701876893639564514e-02,6.213627755641937256e-03,3.195546567440032959e-03,1.997843384742736816e-02,8.731752634048461914e-01,-1.074844241142272949e+00,1.787954568862915039e-01,8.099617063999176025e-02,8.918398713721426008e-01,-1.085398611094270827e+00,1.712172772114173291e-01,8.238500967443114498e-02
3.291428089141845703e-03,-2.323932200670242310e-02,-1.689393259584903717e-02,6.284169852733612061e-03,3.110645338892936707e-03,1.996885240077972412e-02,8.749719858169555664e-01,-1.064964175224304199e+00,1.749657690525054932e-01,8.373259007930755615e-02,8.938991779874094767e-01,-1.075624772286144726e+00,1.663641582633226534e-01,8.490463578285215029e-02
3.167383372783660889e-03,-2.312778308987617493e-02,-1.676805689930915833e-02,6.355226039886474609e-03,3.025624901056289673e-03,1.995836198329925537e-02,8.767116665840148926e-01,-1.055013298988342285e+00,1.711491048336029053e-01,8.645142614841461182e-02,8.958858364967710042e-01,-1.065776969131906116e+00,1.615428618746473921e-01,8.740476128044388782e-02
3.043897449970245361e-03,-2.301430329680442810e-02,-1.664108783006668091e-02,6.426788866519927979e-03,2.940528094768524170e-03,1.994714140892028809e-02,8.784020543098449707e-01,-1.044994235038757324e+00,1.673432886600494385e-01,8.915732800960540771e-02,8.978011768053494324e-01,-1.055856586759093441e+00,1.567534095992333398e-01,8.988551672817621241e-02
2.921134233474731445e-03,-2.289890870451927185e-02,-1.651321537792682648e-02,6.498791277408599854e-03,2.855360507965087891e-03,1.993498206138610840e-02,8.800359368324279785e-01,-1.034915804862976074e+00,1.635511219501495361e-01,9.184491634368896484e-02,8.996475702476826042e-01,-1.045868549781229229e+00,1.519955747822835102e-01,9.234702823269000382e-02
2.798900008201599121e-03,-2.278159558773040771e-02,-1.638438925147056580e-02,6.571382284164428711e-03,2.770185470581054688e-03,1.992215216159820557e-02,8.816235661506652832e-01,-1.024772405624389648e+00,1.597723662853240967e-01,9.451536089181900024e-02,9.014268920045396261e-01,-1.035816253679231913e+00,1.472692332096865453e-01,9.478942295021806907e-02
2.677280455827713013e-03,-2.266261726617813110e-02,-1.625460945069789886e-02,6.644345819950103760e-03,2.684915438294410706e-03,1.990856230258941650e-02,8.831635117530822754e-01,-1.014573097229003906e+00,1.560029983520507812e-01,9.717492759227752686e-02,9.031409723753218710e-01,-1.025703045270560665e+00,1.425742610833100610e-01,9.721282746707032851e-02
2.556305378675460815e-03,-2.254192158579826355e-02,-1.612419635057449341e-02,6.717763841152191162e-03,2.599654719233512878e-03,1.989410817623138428e-02,8.846530318260192871e-01,-1.004324316978454590e+00,1.522486358880996704e-01,9.981189668178558350e-02,9.047915988966966916e-01,-1.015532226092560997e+00,1.379105352220000857e-01,9.961736778877587628e-02
2.435896545648574829e-03,-2.241962403059005737e-02,-1.599287241697311401e-02,6.791643798351287842e-03,2.514334395527839661e-03,1.987899839878082275e-02,8.861005306243896484e-01,-9.940209388732910156e-01,1.485036462545394897e-01,1.024377793073654175e-01,9.063805184598153764e-01,-1.005307055981259134e+00,1.332779332627040680e-01,1.020031693292358516e-01
2.316121011972427368e-03,-2.229581028223037720e-02,-1.586091332137584686e-02,6.865955889225006104e-03,2.429066225886344910e-03,1.986306905746459961e-02,8.875024318695068359e-01,-9.836731553077697754e-01,1.447711437940597534e-01,1.050437465310096741e-01,9.079094394261841838e-01,-9.950307568411174142e-01,1.286763338615036223e-01,1.043703568998623904e-01
2.196930348873138428e-03,-2.217049151659011841e-02,-1.572819240391254425e-02,6.940670311450958252e-03,2.343783155083656311e-03,1.984645426273345947e-02,8.888617157936096191e-01,-9.732779264450073242e-01,1.410495489835739136e-01,1.076356843113899231e-01,9.093800337421651392e-01,-9.847065166006728765e-01,1.241056168946817612e-01,1.067190546987325656e-01
2.078354358673095703e-03,-2.204379066824913025e-02,-1.559486053884029388e-02,7.015772163867950439e-03,2.258550375699996948e-03,1.982913911342620850e-02,8.901793956756591797e-01,-9.628428220748901367e-01,1.373402178287506104e-01,1.102107018232345581e-01,9.107936162526125701e-01,-9.743363902063175708e-01,1.195655895989519990e-01,1.090493889894653262e-01
1.960352063179016113e-03,-2.191578969359397888e-02,-1.546093448996543884e-02,7.091224193572998047e-03,2.173321321606636047e-03,1.981113851070404053e-02,8.914576768875122070e-01,-9.523693323135375977e-01,1.336411088705062866e-01,1.127707958221435547e-01,9.121516050708733392e-01,-9.639228588326527181e-01,1.150560918862611193e-01,1.113614842728558318e-01
1.842975616455078125e-03,-2.178641036152839661e-02,-1.532647758722305298e-02,7.167078554630279541e-03,2.088166773319244385e-03,1.979231834411621094e-02,8.926925063133239746e-01,-9.418574571609497070e-01,1.299540698528289795e-01,1.153106242418289185e-01,9.134557199391697413e-01,-9.534695155541238476e-01,1.105770415951107949e-01,1.136554616398796624e-01
1.726176589727401733e-03,-2.165583521127700806e-02,-1.519143395125865936e-02,7.243305444717407227e-03,2.003092318773269653e-03,1.977296173572540283e-02,8.938924670219421387e-01,-9.313110113143920898e-01,1.262786686420440674e-01,1.178364977240562439e-01,9.147074266203384374e-01,-9.429791639200453268e-01,1.061283067326092566e-01,1.159314434080608580e-01
1.609962433576583862e-03,-2.152409777045249939e-02,-1.505596935749053955e-02,7.319860160350799561e-03,1.918110996484756470e-03,1.975288987159729004e-02,8.950540423393249512e-01,-9.207344055175781250e-01,1.226147487759590149e-01,1.203437373042106628e-01,9.159081552955867789e-01,-9.324545594215308819e-01,1.017097552936972876e-01,1.181895513085759464e-01
1.494329422712326050e-03,-2.139129489660263062e-02,-1.492000557482242584e-02,7.396720349788665771e-03,1.833224669098854065e-03,1.973217725753784180e-02,8.961803913116455078e-01,-9.101288914680480957e-01,1.189607083797454834e-01,1.228361576795578003e-01,9.170593021779833709e-01,-9.218984123735652902e-01,9.732125534804512978e-02,1.204299064795558288e-01
1.379325985908508301e-03,-2.125748246908187866e-02,-1.478366740047931671e-02,7.473878562450408936e-03,1.748431473970413208e-03,1.971074938774108887e-02,8.972704410552978516e-01,-8.994993567466735840e-01,1.153170242905616760e-01,1.253114491701126099e-01,9.181622311249141299e-01,-9.113133909379594888e-01,9.296267512690421786e-02,1.226526294593725946e-01
1.264888793230056763e-03,-2.112271264195442200e-02,-1.464689709246158600e-02,7.551312446594238281e-03,1.663779839873313904e-03,1.968879997730255127e-02,8.983282446861267090e-01,-8.888458013534545898e-01,1.116847172379493713e-01,1.277721226215362549e-01,9.192182752494639786e-01,-9.007021242853364695e-01,8.863388311005034048e-02,1.248578401799328025e-01
1.151083037257194519e-03,-2.098696306347846985e-02,-1.450989022850990295e-02,7.629066705703735352e-03,1.579277217388153076e-03,1.966604590415954590e-02,8.993490934371948242e-01,-8.781718015670776367e-01,1.080636233091354370e-01,1.302108764648437500e-01,9.202287354283298360e-01,-8.900671948615892504e-01,8.433474721911195238e-02,1.270456579876044767e-01
1.037791371345520020e-03,-2.085038274526596069e-02,-1.437241956591606140e-02,7.707051932811737061e-03,1.494890078902244568e-03,1.964290440082550049e-02,9.003428816795349121e-01,-8.674759864807128906e-01,1.044523492455482483e-01,1.326397210359573364e-01,9.211944316528822840e-01,-8.794095368052908812e-01,8.006500521814538529e-02,1.292162056471928555e-01
9.251702576875686646e-04,-2.071293443441390991e-02,-1.423480920493602753e-02,7.785268127918243408e-03,1.410702243447303772e-03,1.961900293827056885e-02,9.012993574142456055e-01,-8.567670583724975586e-01,1.008544936776161194e-01,1.350457519292831421e-01,9.221168483781914116e-01,-8.687325060336050786e-01,7.582459419637219145e-02,1.313695991483257719e-01
8.130557835102081299e-04,-2.057469636201858521e-02,-1.409690640866756439e-02,7.863707840442657471e-03,1.326665282249450684e-03,1.959460973739624023e-02,9.022275209426879883e-01,-8.460407853126525879e-01,9.726724773645401001e-02,1.374370753765106201e-01,9.229971587941364630e-01,-8.580384140465735499e-01,7.161336919847480220e-02,1.335059564030757207e-01
7.016099989414215088e-04,-2.043581381440162659e-02,-1.395882852375507355e-02,7.942408323287963867e-03,1.242863945662975311e-03,1.956953108310699463e-02,9.031255245208740234e-01,-8.353061676025390625e-01,9.368997067213058472e-02,1.398094892501831055e-01,9.238365068469037711e-01,-8.473295258424007326e-01,6.743118406187310898e-02,1.356253947419791828e-01
5.906242877244949341e-04,-2.029616385698318481e-02,-1.382044702768325806e-02,8.021317422389984131e-03,1.159222796559333801e-03,1.954399049282073975e-02,9.039961099624633789e-01,-8.245538473129272461e-01,9.012266248464584351e-02,1.421679258346557617e-01,9.246360085032131471e-01,-8.366080623636898972e-01,6.327789140455750139e-02,1.377280309103726119e-01
4.803463816642761230e-04,-2.015595883131027222e-02,-1.368199661374092102e-02,8.100338280200958252e-03,1.075789332389831543e-03,1.951776444911956787e-02,9.048343896865844727e-01,-8.138001561164855957e-01,8.656698465347290039e-02,1.445076316595077515e-01,9.253967530137355846e-01,-8.258762030507255103e-01,5.915334261279581174e-02,1.398139810647686943e-01
3.706030547618865967e-04,-2.001512795686721802e-02,-1.354340463876724243e-02,8.179619908332824707e-03,9.926175698637962341e-04,1.949110627174377441e-02,9.056484699249267578e-01,-8.030377626419067383e-01,8.302373439073562622e-02,1.468297690153121948e-01,9.261198041757350286e-01,-8.151360884985188182e-01,5.505738782894324668e-02,1.418833607692024934e-01
2.614129334688186646e-04,-1.987384632229804993e-02,-1.340466551482677460e-02,8.258983492851257324e-03,9.096842259168624878e-04,1.946386694908142090e-02,9.064354896545410156e-01,-7.922723293304443359e-01,7.948879897594451904e-02,1.491366773843765259e-01,9.268062015949084520e-01,-8.043898232154321759e-01,5.098987593915007416e-02,1.439362849915958309e-01
1.528747379779815674e-04,-1.973201707005500793e-02,-1.326589472591876984e-02,8.338488638401031494e-03,8.269473910331726074e-04,1.943598687648773193e-02,9.071927070617675781e-01,-7.815052866935729980e-01,7.596533000469207764e-02,1.514249444007873535e-01,9.274568305596082585e-01,-7.936389815159962113e-01,4.695068295846035328e-02,1.459728685668135184e-01
4.482828080654144287e-05,-1.958975195884704590e-02,-1.312702707946300507e-02,8.418202400207519531e-03,7.445411756634712219e-04,1.940773427486419678e-02,9.079294800758361816e-01,-7.707351446151733398e-01,7.245305180549621582e-02,1.536965221166610718e-01,9.280725708786490280e-01,-7.828851643315649644e-01,4.293968013193792677e-02,1.479932256689802383e-01
-6.258673965930938721e-05,-1.944706961512565613e-02,-1.298807747662067413e-02,8.497908711433410645e-03,6.623342633247375488e-04,1.937891542911529541e-02,9.086373448371887207e-01,-7.599671483039855957e-01,6.895118206739425659e-02,1.559535861015319824e-01,9.286544758874504257e-01,-7.721306783798138618e-01,3.895669549652659713e-02,1.499974691763072132e-01
-1.694113016128540039e-04,-1.930404454469680786e-02,-1.284919306635856628e-02,8.577786386013031006e-03,5.804523825645446777e-04,1.934958994388580322e-02,9.093223810195922852e-01,-7.492042183876037598e-01,6.546110659837722778e-02,1.581909805536270142e-01,9.292034633496408791e-01,-7.613773657316414978e-01,3.500158094700663719e-02,1.519857117698703297e-01
-2.757050096988677979e-04,-1.916063949465751648e-02,-1.271030120551586151e-02,8.657760918140411377e-03,4.988592118024826050e-04,1.931975781917572021e-02,9.099835157394409180e-01,-7.384431362152099609e-01,6.198154389858245850e-02,1.604108363389968872e-01,9.297204286312727994e-01,-7.506270292340242456e-01,3.107418803736232069e-02,1.539580655324711556e-01
-3.813896328210830688e-04,-1.901703327894210815e-02,-1.257140375673770905e-02,8.737742900848388672e-03,4.175482317805290222e-04,1.928949356079101562e-02,9.106224179267883301e-01,-7.276912331581115723e-01,5.851232260465621948e-02,1.626169681549072266e-01,9.302062457288563513e-01,-7.398814347928431845e-01,2.717436801859992451e-02,1.559146419458185551e-01
-4.864633083343505859e-04,-1.887310668826103210e-02,-1.243264414370059967e-02,8.817821741104125977e-03,3.365790471434593201e-04,1.925864815711975098e-02,9.112356901168823242e-01,-7.169479131698608398e-01,5.505560338497161865e-02,1.648013889789581299e-01,9.306617682967326388e-01,-7.291423137358022943e-01,2.330197187645260612e-02,1.578555518876982311e-01
-5.910098552703857422e-04,-1.872898638248443604e-02,-1.229386217892169952e-02,8.897937834262847900e-03,2.559190616011619568e-04,1.922746002674102783e-02,9.118300676345825195e-01,-7.062119245529174805e-01,5.160909891128540039e-02,1.669726967811584473e-01,9.310878306738811228e-01,-7.184113652524867222e-01,1.945685036913121987e-02,1.597809056291653318e-01
-6.949286907911300659e-04,-1.858465000987052917e-02,-1.215525716543197632e-02,8.978083729743957520e-03,1.755906268954277039e-04,1.919575035572052002e-02,9.124001860618591309e-01,-6.954892873764038086e-01,4.817529767751693726e-02,1.691239774227142334e-01,9.314852489100756694e-01,-7.076902589108519104e-01,1.563885406507435974e-02,1.616908128317170734e-01
-7.983390241861343384e-04,-1.844022795557975769e-02,-1.201670803129673004e-02,9.058281779289245605e-03,9.559700265526771545e-05,1.916360855102539062e-02,9.129529595375061035e-01,-6.847774982452392578e-01,4.474945366382598877e-02,1.712606698274612427e-01,9.318545801938121764e-01,-6.969796917197428332e-01,1.184787741458626607e-02,1.635853834664612316e-01
-9.011477231979370117e-04,-1.829560101032257080e-02,-1.187827996909618378e-02,9.138457477092742920e-03,1.598801463842391968e-05,1.913104951381683350e-02,9.134821891784667969e-01,-6.740788221359252930e-01,4.133784770965576172e-02,1.733785867691040039e-01,9.321967137646818280e-01,-6.862816944754661641e-01,8.083751283855722045e-03,1.654647255603634015e-01
-1.003367826342582703e-03,-1.815097779035568237e-02,-1.173998787999153137e-02,9.218581020832061768e-03,-6.331549957394599915e-05,1.909804344177246094e-02,9.139922857284545898e-01,-6.633979082107543945e-01,3.793521225452423096e-02,1.754824668169021606e-01,9.325123979029087407e-01,-6.755977856877446452e-01,4.346329378125733320e-03,1.673289470021842029e-01
-1.105006784200668335e-03,-1.800623908638954163e-02,-1.160192489624023438e-02,9.298719465732574463e-03,-1.422106288373470306e-04,1.906456053256988525e-02,9.144808053970336914e-01,-6.527336835861206055e-01,3.454552590847015381e-02,1.775654256343841553e-01,9.328023526563452572e-01,-6.649294091987669741e-01,6.354679249262233046e-04,1.691781551134665107e-01
-1.206098124384880066e-03,-1.786155253648757935e-02,-1.146395504474639893e-02,9.378850460052490234e-03,-2.207546494901180267e-04,1.903076469898223877e-02,9.149547815322875977e-01,-6.420868635177612305e-01,3.116485476493835449e-02,1.796359270811080933e-01,9.330672810676001738e-01,-6.542779767745998676e-01,-3.048976147444769618e-03,1.710124566067875163e-01
-1.306571066379547119e-03,-1.771676912903785706e-02,-1.132623478770256042e-02,9.458914399147033691e-03,-2.989103086292743683e-04,1.899647712707519531e-02,9.154049158096313477e-01,-6.314591169357299805e-01,2.779801934957504272e-02,1.816859841346740723e-01,9.333078700058700106e-01,-6.436448701585611998e-01,-6.707145137107662324e-03,1.728319575836747557e-01
-1.406533643603324890e-03,-1.757209748029708862e-02,-1.118868775665760040e-02,9.538933634757995605e-03,-3.766533918678760529e-04,1.896189153194427490e-02,9.158411026000976562e-01,-6.208521127700805664e-01,2.444121986627578735e-02,1.837216168642044067e-01,9.335247909983486192e-01,-6.330314431842399836e-01,-1.033918049581120449e-02,1.746367635325195844e-01
-1.505849882960319519e-03,-1.742744073271751404e-02,-1.105139590799808502e-02,9.618863463401794434e-03,-4.540220834314823151e-04,1.892684400081634521e-02,9.162557125091552734e-01,-6.102680563926696777e-01,2.109701931476593018e-02,1.857390403747558594e-01,9.337187010611266436e-01,-6.224390239462461727e-01,-1.394522275608517208e-02,1.764269793264836017e-01
-1.604652032256126404e-03,-1.728290319442749023e-02,-1.091433688998222351e-02,9.698733687400817871e-03,-5.309577099978923798e-04,1.889152824878692627e-02,9.166563749313354492e-01,-5.997067093849182129e-01,1.776466518640518188e-02,1.877406388521194458e-01,9.338901564724907400e-01,-6.118685800925203200e-01,-1.752543424790367968e-02,1.782027099533620706e-01
-1.702841371297836304e-03,-1.713851094245910645e-02,-1.077754981815814972e-02,9.778492152690887451e-03,-6.074896082282066345e-04,1.885572075843811035e-02,9.170377254486083984e-01,-5.891714692115783691e-01,1.444242894649505615e-02,1.897248625755310059e-01,9.340396781875975885e-01,-6.013209682996121241e-01,-2.107998212730736315e-02,1.799640599707499899e-01
-1.800496131181716919e-03,-1.699421927332878113e-02,-1.064098626375198364e-02,9.858168661594390869e-03,-6.836180109530687332e-04,1.881967484951019287e-02,9.174044132232666016e-01,-5.786589980125427246e-01,1.113264262676239014e-02,1.916942298412322998e-01,9.341679538635795366e-01,-5.907977174994313296e-01,-2.460898562883380089e-02,1.817111318121904240e-01
-1.897523179650306702e-03,-1.685004681348800659e-02,-1.050476729869842529e-02,9.937725961208343506e-03,-7.593033369630575180e-04,1.878316700458526611e-02,9.177508354187011719e-01,-5.681743025779724121e-01,7.836066186428070068e-03,1.936435401439666748e-01,9.342755620069187472e-01,-5.802999609180078400e-01,-2.811258842010486148e-02,1.834440281112608151e-01
-1.994049176573753357e-03,-1.670612767338752747e-02,-1.036873832345008850e-02,1.001715660095214844e-02,-8.345700334757566452e-04,1.874639093875885010e-02,9.180851578712463379e-01,-5.577150583267211914e-01,4.548184573650360107e-03,1.955805569887161255e-01,9.343630673083571647e-01,-5.698288034570206939e-01,-3.159093379184010897e-02,1.851628509049956239e-01
-2.089951187372207642e-03,-1.656242087483406067e-02,-1.023308746516704559e-02,1.009643077850341797e-02,-9.094076231122016907e-04,1.870925724506378174e-02,9.184020757675170898e-01,-5.472874641418457031e-01,1.273840665817260742e-03,1.974996477365493774e-01,9.344310212947684047e-01,-5.593853233855240470e-01,-3.504416463165042905e-02,1.868677016332974672e-01
-2.185281366109848022e-03,-1.641890779137611389e-02,-1.009777002036571503e-02,1.017562299966812134e-02,-9.837660472840070724e-04,1.867181062698364258e-02,9.187041521072387695e-01,-5.368883013725280762e-01,-1.987457275390625000e-03,1.994005143642425537e-01,9.344799629806491703e-01,-5.489705740763424213e-01,-3.847242339771819730e-02,1.885586811383438977e-01
-2.280082553625106812e-03,-1.627566665410995483e-02,-9.962726384401321411e-03,1.025463640689849854e-02,-1.057701185345649719e-03,1.863406598567962646e-02,9.189921021461486816e-01,-5.265181660652160645e-01,-5.238495767116546631e-03,2.012873739004135132e-01,9.345104195192884822e-01,-5.385855857853237838e-01,-4.187585209252286944e-02,1.902358896639969876e-01
-2.374254167079925537e-03,-1.613269746303558350e-02,-9.828047826886177063e-03,1.033346354961395264e-02,-1.131175551563501358e-03,1.859597861766815186e-02,9.192632436752319336e-01,-5.161814689636230469e-01,-8.476264774799346924e-03,2.031569927930831909e-01,9.345229068536035077e-01,-5.282313674731297093e-01,-4.525459223654396124e-02,1.918994268552111360e-01
-2.467926591634750366e-03,-1.599004119634628296e-02,-9.693711996078491211e-03,1.041214168071746826e-02,-1.204183558002114296e-03,1.855765283107757568e-02,9.195230007171630859e-01,-5.058758258819580078e-01,-1.170269399881362915e-02,2.050110995769500732e-01,9.345177604231161839e-01,-5.179082450597533027e-01,-4.860881812678152780e-02,1.935493930526918094e-01
-2.560941502451896667e-03,-1.584763079881668091e-02,-9.559758007526397705e-03,1.049061119556427002e-02,-1.276743831112980843e-03,1.851893961429595947e-02,9.197638630867004395e-01,-4.956039488315582275e-01,-1.491538435220718384e-02,2.068472206592559814e-01,9.344955352205580601e-01,-5.076174198328549103e-01,-5.193865859046292027e-02,1.951858862484349699e-01
-2.653479576110839844e-03,-1.570560783147811890e-02,-9.426115080714225769e-03,1.056892424821853638e-02,-1.348824473097920418e-03,1.848007738590240479e-02,9.199962615966796875e-01,-4.853642582893371582e-01,-1.811728626489639282e-02,2.086702585220336914e-01,9.344567120762499179e-01,-4.973598248559644164e-01,-5.524425460387997339e-02,1.968090043283555191e-01
-2.745412290096282959e-03,-1.556396856904029846e-02,-9.292922914028167725e-03,1.064699143171310425e-02,-1.420436194166541100e-03,1.844081282615661621e-02,9.202125072479248047e-01,-4.751626253128051758e-01,-2.130737900733947754e-02,2.104754149913787842e-01,9.344017435615675771e-01,-4.871363023445449136e-01,-5.852575040570636572e-02,1.984188447268907529e-01
-2.836747094988822937e-03,-1.542261987924575806e-02,-9.160097688436508179e-03,1.072490960359573364e-02,-1.491575734689831734e-03,1.840128004550933838e-02,9.204145669937133789e-01,-4.649941325187683105e-01,-2.448406070470809937e-02,2.122638076543807983e-01,9.343310713720421878e-01,-4.769476708240263929e-01,-6.178329019371292530e-02,2.000155042988945586e-01
-2.927601337432861328e-03,-1.528174057602882385e-02,-9.027611464262008667e-03,1.080258190631866455e-02,-1.562249846756458282e-03,1.836155354976654053e-02,9.206075072288513184e-01,-4.548612236976623535e-01,-2.765111625194549561e-02,2.140399813652038574e-01,9.342451268308101797e-01,-4.667947265265853796e-01,-6.501701812712633310e-02,2.015990793201554443e-01
-3.017764538526535034e-03,-1.514118537306785583e-02,-8.895602077245712280e-03,1.088003069162368774e-02,-1.632417086511850357e-03,1.832157373428344727e-02,9.207838773727416992e-01,-4.447681605815887451e-01,-3.080084174871444702e-02,2.157971262931823730e-01,9.341443313917895397e-01,-4.566782448209452117e-01,-6.822707832911265036e-02,2.031696654879296127e-01
-3.107452765107154846e-03,-1.500109210610389709e-02,-8.764008060097694397e-03,1.095726713538169861e-02,-1.702104695141315460e-03,1.828135550022125244e-02,9.209507107734680176e-01,-4.347115755081176758e-01,-3.394045680761337280e-02,2.175393998622894287e-01,9.340290971426266076e-01,-4.465989816727922168e-01,-7.141361488914722833e-02,2.047273579214595185e-01
-3.196552395820617676e-03,-1.486142352223396301e-02,-8.632807061076164246e-03,1.103425770998001099e-02,-1.771305222064256668e-03,1.824080944061279297e-02,9.211034774780273438e-01,-4.246928095817565918e-01,-3.706873953342437744e-02,2.192659974098205566e-01,9.338997838530124218e-01,-4.365574960665411508e-01,-7.457676380649928827e-02,2.062722513101112043e-01
-3.285080194473266602e-03,-1.472218707203865051e-02,-8.502025157213211060e-03,1.111099496483802795e-02,-1.840051729232072830e-03,1.820011436939239502e-02,9.212452173233032227e-01,-4.147128462791442871e-01,-4.018341749906539917e-02,2.209786623716354370e-01,9.337567095911923909e-01,-4.265541918517506970e-01,-7.771665486547883750e-02,2.078044398796012326e-01
-3.373047336935997009e-03,-1.458340883255004883e-02,-8.371701464056968689e-03,1.118747889995574951e-02,-1.908229663968086243e-03,1.815916597843170166e-02,9.213742613792419434e-01,-4.047732949256896973e-01,-4.328450560569763184e-02,2.226734459400177002e-01,9.336003072322052176e-01,-4.165899631480530774e-01,-8.083344057241152736e-02,2.093240168625397357e-01
-3.460448235273361206e-03,-1.444509997963905334e-02,-8.241804316639900208e-03,1.126369461417198181e-02,-1.975956838577985764e-03,1.811803877353668213e-02,9.214923977851867676e-01,-3.948734998703002930e-01,-4.637291282415390015e-02,2.243546098470687866e-01,9.334309395299519307e-01,-4.066654321692662055e-01,-8.392726176948422934e-02,2.108310751288291207e-01
-3.547292202711105347e-03,-1.430726051330566406e-02,-8.112380281090736389e-03,1.133965700864791870e-02,-2.043163869529962540e-03,1.807664334774017334e-02,9.215983152389526367e-01,-3.850142955780029297e-01,-4.944868385791778564e-02,2.260187864303588867e-01,9.332489603472307049e-01,-3.967812006264181401e-01,-8.699825889868940954e-02,2.123257069799274199e-01
-3.633586689829826355e-03,-1.416997984051704407e-02,-7.983379065990447998e-03,1.141531020402908325e-02,-2.109905239194631577e-03,1.803506910800933838e-02,9.216945767402648926e-01,-3.751970529556274414e-01,-5.251332372426986694e-02,2.276706397533416748e-01,9.330547150528514244e-01,-3.869378508729854338e-01,-9.004657198472479362e-02,2.138080041497205930e-01
-3.719285130500793457e-03,-1.403313875198364258e-02,-7.854877039790153503e-03,1.149072498083114624e-02,-2.176118548959493637e-03,1.799325644969940186e-02,9.217778444290161133e-01,-3.654211759567260742e-01,-5.556319653987884521e-02,2.293044179677963257e-01,9.328485409186130228e-01,-3.771359470742429165e-01,-9.307234061792668545e-02,2.152780578054088456e-01
-3.804476931691169739e-03,-1.389685273170471191e-02,-7.726823911070823669e-03,1.156584173440933228e-02,-2.241842448711395264e-03,1.795133948326110840e-02,9.218533039093017578e-01,-3.556871414184570312e-01,-5.860069394111633301e-02,2.309253215789794922e-01,9.326307675160588895e-01,-3.673760364001771861e-01,-9.607570393720364643e-02,2.167359585483937812e-01
-3.889044746756553650e-03,-1.376110315322875977e-02,-7.599271833896636963e-03,1.164065673947334290e-02,-2.307047601789236069e-03,1.790912449359893799e-02,9.219152927398681641e-01,-3.459979295730590820e-01,-6.162534654140472412e-02,2.325295507907867432e-01,9.324017171130956072e-01,-3.576586502417973823e-01,-9.905680061292466976e-02,2.181817964151513134e-01
-3.973104059696197510e-03,-1.362586766481399536e-02,-7.472166791558265686e-03,1.171521097421646118e-02,-2.371736336499452591e-03,1.786682009696960449e-02,9.219692945480346680e-01,-3.363494277000427246e-01,-6.463658809661865234e-02,2.341196686029434204e-01,9.321616244614541191e-01,-3.479839560503183993e-01,-1.020157609478800492e-01,2.196156611977108097e-01
-4.056580364704132080e-03,-1.349121332168579102e-02,-7.345544174313545227e-03,1.178941130638122559e-02,-2.435925882309675217e-03,1.782430708408355713e-02,9.220118522644042969e-01,-3.267463445663452148e-01,-6.763513386249542236e-02,2.356956303119659424e-01,9.319108182185898981e-01,-3.383525419001680024e-01,-1.049527245593609576e-01,2.210376417268933025e-01
-4.139516502618789673e-03,-1.335709914565086365e-02,-7.219437509775161743e-03,1.186329871416091919e-02,-2.499629277735948563e-03,1.778158545494079590e-02,9.220435619354248047e-01,-3.171866536140441895e-01,-7.062101364135742188e-02,2.372561246156692505e-01,9.316496029119520905e-01,-3.287649060666171241e-01,-1.078678287836833810e-01,2.224478263426503122e-01
-4.221886396408081055e-03,-1.322359591722488403e-02,-7.093779742717742920e-03,1.193690299987792969e-02,-2.562798094004392624e-03,1.773878931999206543e-02,9.220681786537170410e-01,-3.076718747615814209e-01,-7.359356433153152466e-02,2.388038635253906250e-01,9.313782627322523266e-01,-3.192214725657374075e-01,-1.107612089907211717e-01,2.238463028815107503e-01
-4.303704947233200073e-03,-1.309061795473098755e-02,-6.968695670366287231e-03,1.201016455888748169e-02,-2.625441644340753555e-03,1.769582927227020264e-02,9.220811128616333008e-01,-2.982027530670166016e-01,-7.655057311058044434e-02,2.403342723846435547e-01,9.310970750477454150e-01,-3.097226492210945481e-01,-1.136329998494553933e-01,2.252331586254552043e-01
-4.384957253932952881e-03,-1.295820623636245728e-02,-6.844088435173034668e-03,1.208310574293136597e-02,-2.687582280486822128e-03,1.765264570713043213e-02,9.220829606056213379e-01,-2.887776494026184082e-01,-7.949541509151458740e-02,2.418500632047653198e-01,9.308063107247754875e-01,-3.002688286413141006e-01,-1.164833353034460672e-01,2.266084803030958272e-01
-4.465714097023010254e-03,-1.282645016908645630e-02,-6.719935685396194458e-03,1.215571910142898560e-02,-2.749234903603792191e-03,1.760940253734588623e-02,9.220793247222900391e-01,-2.793971896171569824e-01,-8.242893964052200317e-02,2.433549463748931885e-01,9.305062344481744852e-01,-2.908603892165625426e-01,-1.193123485463720157e-01,2.279723540908620005e-01
-4.545833915472030640e-03,-1.269529759883880615e-02,-6.596352905035018921e-03,1.222799718379974365e-02,-2.810352016240358353e-03,1.756598055362701416e-02,9.220643639564514160e-01,-2.700661122798919678e-01,-8.534723520278930664e-02,2.448435127735137939e-01,9.301971050415378528e-01,-2.814976961316488224e-01,-1.221201719976050953e-01,2.293248656141789188e-01
-4.625454545021057129e-03,-1.256474107503890991e-02,-6.473274901509284973e-03,1.229993626475334167e-02,-2.870947588235139847e-03,1.752245426177978516e-02,9.220410585403442383e-01,-2.607797384262084961e-01,-8.825225383043289185e-02,2.463179081678390503e-01,9.298791545664552016e-01,-2.721810118523561028e-01,-1.249069433235753396e-01,2.306661001120881571e-01
-4.704512655735015869e-03,-1.243477314710617065e-02,-6.350709125399589539e-03,1.237152516841888428e-02,-2.931038383394479752e-03,1.747880876064300537e-02,9.220082163810729980e-01,-2.515393793582916260e-01,-9.114316105842590332e-02,2.477783262729644775e-01,9.295525784255197488e-01,-2.629104529164169035e-01,-1.276728083264712377e-01,2.319961425171801761e-01
-4.783045500516891479e-03,-1.230545714497566223e-02,-6.228666752576828003e-03,1.244276016950607300e-02,-2.990624867379665375e-03,1.743502914905548096e-02,9.219672083854675293e-01,-2.423460483551025391e-01,-9.402179718017578125e-02,2.492252886295318604e-01,9.292176499402915457e-01,-2.536864789263154618e-01,-1.304178883659052601e-01,2.333150765767567636e-01
-4.860986024141311646e-03,-1.217677071690559387e-02,-6.107170134782791138e-03,1.251365244388580322e-02,-3.049702383577823639e-03,1.739111542701721191e-02,9.219169020652770996e-01,-2.332012206315994263e-01,-9.688629209995269775e-02,2.506578266620635986e-01,9.288745977014517541e-01,-2.445093692088527448e-01,-1.331423153679094640e-01,2.346229858010644431e-01
-4.938434809446334839e-03,-1.204871758818626404e-02,-5.986141040921211243e-03,1.258419454097747803e-02,-3.108259290456771851e-03,1.734718680381774902e-02,9.218604564666748047e-01,-2.241013348102569580e-01,-9.973760694265365601e-02,2.520785033702850342e-01,9.285236448292484290e-01,-2.353793898070747903e-01,-1.358462207070252892e-01,2.359199531645906067e-01
-5.015294998884201050e-03,-1.192129403352737427e-02,-5.865745246410369873e-03,1.265432685613632202e-02,-3.166291862726211548e-03,1.730301976203918457e-02,9.217913150787353516e-01,-2.150522917509078979e-01,-1.025742068886756897e-01,2.534818351268768311e-01,9.281650092308625366e-01,-2.262967942951370770e-01,-1.385297351996584714e-01,2.372060611077221604e-01
-5.091641098260879517e-03,-1.179448142647743225e-02,-5.745789036154747009e-03,1.272416114807128906e-02,-3.223845735192298889e-03,1.725885272026062012e-02,9.217170476913452148e-01,-2.060468345880508423e-01,-1.053980439901351929e-01,2.548745274543762207e-01,9.277989038576622827e-01,-2.172618246055807445e-01,-1.411929890974453206e-01,2.384813915384177696e-01
-5.167439579963684082e-03,-1.166842505335807800e-02,-5.626427009701728821e-03,1.279359310865402222e-02,-3.280870616436004639e-03,1.721455156803131104e-02,9.216353893280029297e-01,-1.970938146114349365e-01,-1.082092821598052979e-01,2.562535107135772705e-01,9.274255369623971568e-01,-2.082747118709315504e-01,-1.438361120805961013e-01,2.397460258338692252e-01
-5.242668092250823975e-03,-1.154293492436408997e-02,-5.507599562406539917e-03,1.286265254020690918e-02,-3.337370231747627258e-03,1.717019081115722656e-02,9.215434789657592773e-01,-1.881876587867736816e-01,-1.110040768980979919e-01,2.576176822185516357e-01,9.270451123562932771e-01,-1.993356772777651054e-01,-1.464592332512613948e-01,2.410000448421579233e-01
-5.317376926541328430e-03,-1.141813397407531738e-02,-5.389306694269180298e-03,1.293134689331054688e-02,-3.393382765352725983e-03,1.712577044963836670e-02,9.214453697204589844e-01,-1.793298721313476562e-01,-1.137862354516983032e-01,2.589698433876037598e-01,9.266577506920172791e-01,-1.904445998970956955e-01,-1.490624881272433477e-01,2.422435292992733413e-01
-5.391562357544898987e-03,-1.129398122429847717e-02,-5.271565169095993042e-03,1.299965754151344299e-02,-3.448868170380592346e-03,1.708120107650756836e-02,9.213380813598632812e-01,-1.705200076103210449e-01,-1.165551617741584778e-01,2.603073716163635254e-01,9.262636575393453642e-01,-1.816017240630355412e-01,-1.516460037609706768e-01,2.434765589482471571e-01
-5.465181544423103333e-03,-1.117049902677536011e-02,-5.154345184564590454e-03,1.306761056184768677e-02,-3.503859974443912506e-03,1.703664660453796387e-02,9.212247133255004883e-01,-1.617591679096221924e-01,-1.193094477057456970e-01,2.616334259510040283e-01,9.258630315948391809e-01,-1.728072734894176565e-01,-1.542099068905883608e-01,2.446992130248342723e-01
-5.538327619433403015e-03,-1.104767620563507080e-02,-5.037676542997360229e-03,1.313514634966850281e-02,-3.558347001671791077e-03,1.699198782444000244e-02,9.211031198501586914e-01,-1.530457437038421631e-01,-1.220507472753524780e-01,2.629459798336029053e-01,9.254560478267053192e-01,-1.640613796550151882e-01,-1.567543254504700501e-01,2.459115703491846772e-01
-5.610866472125053406e-03,-1.092552393674850464e-02,-4.921607673168182373e-03,1.320231705904006958e-02,-3.612338565289974213e-03,1.694728434085845947e-02,9.209737777709960938e-01,-1.443838924169540405e-01,-1.247762739658355713e-01,2.642447948455810547e-01,9.250428764441056551e-01,-1.553641614939372251e-01,-1.592793869060414869e-01,2.471137092291138537e-01
-5.682947114109992981e-03,-1.080402731895446777e-02,-4.806026816368103027e-03,1.326911523938179016e-02,-3.665799275040626526e-03,1.690247654914855957e-02,9.208372831344604492e-01,-1.357672959566116333e-01,-1.274901628494262695e-01,2.655307352542877197e-01,9.246236830732532663e-01,-1.467157259443036543e-01,-1.617852182543021711e-01,2.483057074621831950e-01
-5.754427984356880188e-03,-1.068327575922012329e-02,-4.691006615757942200e-03,1.333548128604888916e-02,-3.718798980116844177e-03,1.685765385627746582e-02,9.206938743591308594e-01,-1.272037029266357422e-01,-1.301898509263992310e-01,2.668062746524810791e-01,9.241986289334931381e-01,-1.381161685065961930e-01,-1.642719460243585450e-01,2.494876423377915542e-01
-5.825405940413475037e-03,-1.056313142180442810e-02,-4.576576873660087585e-03,1.340147852897644043e-02,-3.771247342228889465e-03,1.681275665760040283e-02,9.205418229103088379e-01,-1.186877489089965820e-01,-1.328739076852798462e-01,2.680656015872955322e-01,9.237678710132699589e-01,-1.295655738109198762e-01,-1.667396962779906511e-01,2.506595906392735107e-01
-5.895880982279777527e-03,-1.044371351599693298e-02,-4.462653771042823792e-03,1.346707344055175781e-02,-3.823237493634223938e-03,1.676791906356811523e-02,9.203859567642211914e-01,-1.102208346128463745e-01,-1.355448812246322632e-01,2.693160474300384521e-01,9.233315622460973593e-01,-1.210640161936148151e-01,-1.691885946101513993e-01,2.518216286459791231e-01
-5.965786054730415344e-03,-1.032496988773345947e-02,-4.349369555711746216e-03,1.353226229548454285e-02,-3.874728456139564514e-03,1.672293245792388916e-02,9.202200174331665039e-01,-1.018055975437164307e-01,-1.382012516260147095e-01,2.705511152744293213e-01,9.228898516864543211e-01,-1.126115602825045331e-01,-1.716187661495106320e-01,2.529738321353662278e-01
-6.035231053829193115e-03,-1.020687818527221680e-02,-4.236562177538871765e-03,1.359708607196807861e-02,-3.925705328583717346e-03,1.667793095111846924e-02,9.200487136840820312e-01,-9.343552589416503906e-02,-1.408449709415435791e-01,2.717745900154113770e-01,9.224428846856409514e-01,-1.042082615910016885e-01,-1.740303355590223366e-01,2.541162763850939865e-01
-6.104085594415664673e-03,-1.008949428796768188e-02,-4.124321043491363525e-03,1.366149634122848511e-02,-3.976209089159965515e-03,1.663292944431304932e-02,9.198702573776245117e-01,-8.511738479137420654e-02,-1.434735655784606934e-01,2.729867696762084961e-01,9.219908030675765254e-01,-9.585416712025045249e-02,-1.764234270364232748e-01,2.552490361751102443e-01
-6.172487512230873108e-03,-9.972799569368362427e-03,-4.012670367956161499e-03,1.372548937797546387e-02,-4.026202484965324402e-03,1.658788323402404785e-02,9.196854233741760254e-01,-7.684807479381561279e-02,-1.460885405540466309e-01,2.741854786872863770e-01,9.215337453045575611e-01,-8.754931596990596365e-02,-1.787981643148004451e-01,2.563721857897419132e-01
-6.240297108888626099e-03,-9.856764227151870728e-03,-3.901556134223937988e-03,1.378906890749931335e-02,-4.075728356838226318e-03,1.654280722141265869e-02,9.194921255111694336e-01,-6.862883269786834717e-02,-1.486884653568267822e-01,2.753725647926330566e-01,9.210718466929851411e-01,-7.929373995662380992e-02,-1.811546706630896009e-01,2.574857990197856328e-01
-6.307642906904220581e-03,-9.741488844156265259e-03,-3.791011869907379150e-03,1.385227590799331665e-02,-4.124755039811134338e-03,1.649777591228485107e-02,9.192961454391479492e-01,-6.045974791049957275e-02,-1.512754559516906738e-01,2.765487134456634521e-01,9.206052395290348356e-01,-7.108746424058404179e-02,-1.834930688866537596e-01,2.585899491645968218e-01
-6.374457851052284241e-03,-9.626835584640502930e-03,-3.681048750877380371e-03,1.391504704952239990e-02,-4.173299297690391541e-03,1.645262539386749268e-02,9.190897345542907715e-01,-5.233921110630035400e-02,-1.538478732109069824e-01,2.777106761932373047e-01,9.201340532842767761e-01,-6.293050795945275000e-02,-1.858134813278049802e-01,2.596847090341781739e-01
-6.440762430429458618e-03,-9.512890130281448364e-03,-3.571627661585807800e-03,1.397743821144104004e-02,-4.221372306346893311e-03,1.640753448009490967e-02,9.188792705535888672e-01,-4.426808655261993408e-02,-1.564062237739562988e-01,2.788622677326202393e-01,9.196584147812832954e-01,-5.482288486999576521e-02,-1.881160298663142605e-01,2.607701509512722615e-01
-6.506565958261489868e-03,-9.399656206369400024e-03,-3.462757915258407593e-03,1.403939723968505859e-02,-4.268974065780639648e-03,1.636242866516113281e-02,9.186625480651855469e-01,-3.624665737152099609e-02,-1.589511632919311523e-01,2.800028026103973389e-01,9.191784652266400402e-01,-4.676464855247277480e-02,-1.904008015416491506e-01,2.618463462242764384e-01
-6.571862846612930298e-03,-9.287133812904357910e-03,-3.354448825120925903e-03,1.410095021128654480e-02,-4.316061735153198242e-03,1.631736755371093750e-02,9.184406995773315430e-01,-2.827559411525726318e-02,-1.614812910556793213e-01,2.811316251754760742e-01,9.186943230351782841e-01,-3.875579455582169736e-02,-1.926679247215692947e-01,2.629133663217621542e-01
-6.636600941419601440e-03,-9.175270795822143555e-03,-3.246743232011795044e-03,1.416206359863281250e-02,-4.362691193819046021e-03,1.627217233180999756e-02,9.182085990905761719e-01,-2.035495638847351074e-02,-1.639972329139709473e-01,2.822467982769012451e-01,9.182061033041446496e-01,-3.079631177709732034e-02,-1.949175297518429273e-01,2.639712822688500826e-01
-6.700895726680755615e-03,-9.064082056283950806e-03,-3.139551728963851929e-03,1.422281190752983093e-02,-4.408862441778182983e-03,1.622711122035980225e-02,9.179742336273193359e-01,-1.248072087764739990e-02,-1.664991378784179688e-01,2.833526134490966797e-01,9.177139252842750894e-01,-2.288620248704359428e-02,-1.971497340768888218e-01,2.650201644202612727e-01
-6.764657795429229736e-03,-8.953608572483062744e-03,-3.032963722944259644e-03,1.428312808275222778e-02,-4.454541951417922974e-03,1.618199050426483154e-02,9.177322387695312500e-01,-4.658192396163940430e-03,-1.689867973327636719e-01,2.844454050064086914e-01,9.172179065621854921e-01,-1.502546719508114463e-02,-1.993646544615857163e-01,2.660600826505202243e-01
-6.827879697084426880e-03,-8.843794465065002441e-03,-2.926934510469436646e-03,1.434303075075149536e-02,-4.499763250350952148e-03,1.613694429397583008e-02,9.174841642379760742e-01,3.114670515060424805e-03,-1.714583337306976318e-01,2.855274081230163574e-01,9.167181632397742863e-01,-7.214105344608549332e-03,-2.015624069836065568e-01,2.670911063559245346e-01
-6.890721619129180908e-03,-8.734695613384246826e-03,-2.821456640958786011e-03,1.440251618623733521e-02,-4.544513300061225891e-03,1.609188318252563477e-02,9.172320365905761719e-01,1.084080338478088379e-02,-1.739186346530914307e-01,2.865983545780181885e-01,9.162148101135717537e-01,5.478839855739895933e-04,-2.037431070256393584e-01,2.681133044565031653e-01
-6.952919065952301025e-03,-8.626330643892288208e-03,-2.716567367315292358e-03,1.446156948804855347e-02,-4.588823765516281128e-03,1.604680716991424561e-02,9.169721603393554688e-01,1.851259171962738037e-02,-1.763636320829391479e-01,2.876586616039276123e-01,9.157079608541102145e-01,8.260501373662833269e-03,-2.059068692677102630e-01,2.691267453979813151e-01
-7.014730945229530334e-03,-8.518639951944351196e-03,-2.612223848700523376e-03,1.452021300792694092e-02,-4.632661119103431702e-03,1.600177586078643799e-02,9.167084097862243652e-01,2.613835036754608154e-02,-1.787956506013870239e-01,2.887078821659088135e-01,9.151977281852147206e-01,1.592374634107144790e-02,-2.080538076794042068e-01,2.701314971537405740e-01
-7.075972855091094971e-03,-8.411627262830734253e-03,-2.508450299501419067e-03,1.457843929529190063e-02,-4.676040261983871460e-03,1.595674455165863037e-02,9.164372086524963379e-01,3.371343016624450684e-02,-1.812124103307723999e-01,2.897456288337707520e-01,9.146842240632790944e-01,2.353761663340259158e-02,-2.101840355121993575e-01,2.711276272267835741e-01
-7.136777043342590332e-03,-8.305341005325317383e-03,-2.405237406492233276e-03,1.463624835014343262e-02,-4.718977957963943481e-03,1.591180264949798584e-02,9.161630868911743164e-01,4.123952984809875488e-02,-1.836158335208892822e-01,2.907738983631134033e-01,9.141675598565377481e-01,3.110210749513317788e-02,-2.122976652916765961e-01,2.721152026516991951e-01
-7.197031751275062561e-03,-8.199736475944519043e-03,-2.302644774317741394e-03,1.469363272190093994e-02,-4.761453717947006226e-03,1.586680114269256592e-02,9.158809185028076172e-01,4.871436208486557007e-02,-1.860043555498123169e-01,2.917891740798950195e-01,9.136478465242684477e-01,3.861721093894161794e-02,-2.143948088098536209e-01,2.730942899966195547e-01
-7.256865501403808594e-03,-8.094817399978637695e-03,-2.200562506914138794e-03,1.475059613585472107e-02,-4.803469404578208923e-03,1.582194864749908447e-02,9.155958294868469238e-01,5.614231526851654053e-02,-1.883786916732788086e-01,2.927955985069274902e-01,9.131251947960056237e-01,4.608291501011491792e-02,-2.164755771174515231e-01,2.740649553651879899e-01
-7.316149771213531494e-03,-7.990635931491851807e-03,-2.099126577377319336e-03,1.480710878968238831e-02,-4.845077171921730042e-03,1.577702164649963379e-02,9.153032302856445312e-01,6.351712346076965332e-02,-1.907394677400588989e-01,2.937903702259063721e-01,9.125997153507086068e-01,5.349920304494152484e-02,-2.185400805161153703e-01,2.750272643985184895e-01
-7.374938577413558960e-03,-7.887125015258789062e-03,-1.998210325837135315e-03,1.486325263977050781e-02,-4.886234179139137268e-03,1.573221385478973389e-02,9.150073528289794922e-01,7.084425538778305054e-02,-1.930855214595794678e-01,2.947757840156555176e-01,9.120715189959136548e-01,6.086605292473113576e-02,-2.205884285507825060e-01,2.759812822771589014e-01
-7.433313876390457153e-03,-7.784273475408554077e-03,-1.897875219583511353e-03,1.491895690560340881e-02,-4.926934838294982910e-03,1.568740606307983398e-02,9.147053956985473633e-01,7.812434434890747070e-02,-1.954179704189300537e-01,2.957492172718048096e-01,9.115404219639730021e-01,6.818474287246979737e-02,-2.226207505769128570e-01,2.769270750207795118e-01
-7.491149008274078369e-03,-7.682066410779953003e-03,-1.798048615455627441e-03,1.497423648834228516e-02,-4.967225715517997742e-03,1.564264297485351562e-02,9.143966436386108398e-01,8.535655587911605835e-02,-1.977358758449554443e-01,2.967134714126586914e-01,9.110061278358294601e-01,7.545705064892324621e-02,-2.246371830762858568e-01,2.778647086905929875e-01
-7.548529654741287231e-03,-7.580574601888656616e-03,-1.698814332485198975e-03,1.502911746501922607e-02,-5.007013678550720215e-03,1.559792459011077881e-02,9.140837192535400391e-01,9.253904223442077637e-02,-2.000395208597183228e-01,2.976656854152679443e-01,9.104691822514002775e-01,8.268101801011380758e-02,-2.266378030435030055e-01,2.787942451903089869e-01
-7.605470716953277588e-03,-7.479775696992874146e-03,-1.600079238414764404e-03,1.508357375860214233e-02,-5.046470090746879578e-03,1.555331051349639893e-02,9.137681722640991211e-01,9.967534244060516357e-02,-2.023313939571380615e-01,2.986120581626892090e-01,9.099296610276200736e-01,8.985676225817815221e-02,-2.286227195245598975e-01,2.797157480421685327e-01
-7.661860436201095581e-03,-7.379606366157531738e-03,-1.501981168985366821e-03,1.513759791851043701e-02,-5.085414275527000427e-03,1.550872623920440674e-02,9.134438037872314453e-01,1.067603379487991333e-01,-2.046048939228057861e-01,2.995437383651733398e-01,9.093876381789406382e-01,9.698440453892517854e-02,-2.305920409677292005e-01,2.806292803301311256e-01
-7.717864587903022766e-03,-7.280133664608001709e-03,-1.404399052262306213e-03,1.519121602177619934e-02,-5.123959854245185852e-03,1.546417176723480225e-02,9.131165146827697754e-01,1.138000711798667908e-01,-2.068676650524139404e-01,3.004670739173889160e-01,9.088431860024723807e-01,1.040640695284638512e-01,-2.325458752225284531e-01,2.815349047022558948e-01
-7.773343473672866821e-03,-7.181331515312194824e-03,-1.307368278503417969e-03,1.524440757930278778e-02,-5.162101238965988159e-03,1.541964709758758545e-02,9.127829670906066895e-01,1.207908242940902710e-01,-2.091162204742431641e-01,3.013807535171508789e-01,9.082963751630697136e-01,1.110958851177534512e-01,-2.344843295385297122e-01,2.824326833730750330e-01
-7.828366011381149292e-03,-7.083181291818618774e-03,-1.210886985063552856e-03,1.529720053076744080e-02,-5.199829116463661194e-03,1.537527143955230713e-02,9.124460220336914062e-01,1.277344077825546265e-01,-2.113495469093322754e-01,3.022853136062622070e-01,9.077472747784487428e-01,1.180799820929450683e-01,-2.364075105642252095e-01,2.833226781259796101e-01
-7.882919162511825562e-03,-6.985723972320556641e-03,-1.115038990974426270e-03,1.534955389797687531e-02,-5.237109959125518799e-03,1.533089578151702881e-02,9.121030569076538086e-01,1.346276104450225830e-01,-2.135684043169021606e-01,3.031775057315826416e-01,9.071959525042789796e-01,1.250164938133164483e-01,-2.383155243459502415e-01,2.842049503155879564e-01
-7.937015965580940247e-03,-6.888888776302337646e-03,-1.019651070237159729e-03,1.540151797235012054e-02,-5.274005234241485596e-03,1.528660953044891357e-02,9.117556810379028320e-01,1.414769887924194336e-01,-2.157743275165557861e-01,3.040621578693389893e-01,9.066424746192951467e-01,1.319055558857639143e-01,-2.402084763266812972e-01,2.850795608701365280e-01
-7.990669459104537964e-03,-6.792768836021423340e-03,-9.248647838830947876e-04,1.545304991304874420e-02,-5.310459062457084656e-03,1.524235308170318604e-02,9.114037156105041504e-01,1.482767462730407715e-01,-2.179667204618453979e-01,3.049359619617462158e-01,9.060869061103825617e-01,1.387473058365043810e-01,-2.420864713449356331e-01,2.859465702938482345e-01
-8.043853566050529480e-03,-6.697326898574829102e-03,-8.305981755256652832e-04,1.550415903329849243e-02,-5.346544086933135986e-03,1.519818603992462158e-02,9.110479950904846191e-01,1.550293862819671631e-01,-2.201460301876068115e-01,3.058023154735565186e-01,9.055293107576676270e-01,1.455418827796630676e-01,-2.439496136336832266e-01,2.868060386693156993e-01
-8.096564561128616333e-03,-6.602525711059570312e-03,-7.369089871644973755e-04,1.555484905838966370e-02,-5.382206290960311890e-03,1.515407860279083252e-02,9.106863737106323242e-01,1.617342531681060791e-01,-2.223102748394012451e-01,3.066577613353729248e-01,9.049697512196185345e-01,1.522894270832900465e-01,-2.457980068190989131e-01,2.876580256598804120e-01
-8.148824796080589294e-03,-6.508365273475646973e-03,-6.437655538320541382e-04,1.560513675212860107e-02,-5.417484790086746216e-03,1.511012017726898193e-02,9.103212356567382812e-01,1.683926135301589966e-01,-2.244596183300018311e-01,3.075046837329864502e-01,9.044082891181343120e-01,1.589900800327538888e-01,-2.476317539195760919e-01,2.885025905120085499e-01
-8.200639858841896057e-03,-6.414871662855148315e-03,-5.512014031410217285e-04,1.565499231219291687e-02,-5.452351644635200500e-03,1.506614685058593750e-02,9.099501371383666992e-01,1.750033646821975708e-01,-2.265959829092025757e-01,3.083407580852508545e-01,9.038449851236237675e-01,1.656439834906897890e-01,-2.494509573444680661e-01,2.893397920576705196e-01
-8.251979947090148926e-03,-6.322022527456283569e-03,-4.591718316078186035e-04,1.570446044206619263e-02,-5.486827343702316284e-03,1.502227783203125000e-02,9.095751047134399414e-01,1.815675348043441772e-01,-2.287180870771408081e-01,3.091680705547332764e-01,9.032798990400975336e-01,1.722512795553635678e-01,-2.512557188930443774e-01,2.901696887167230510e-01
-8.302954956889152527e-03,-6.229840219020843506e-03,-3.676377236843109131e-04,1.575350388884544373e-02,-5.520934239029884338e-03,1.497851312160491943e-02,9.091975688934326172e-01,1.880877763032913208e-01,-2.308286130428314209e-01,3.099882602691650391e-01,9.027129280375215670e-01,1.788128926182343259e-01,-2.530461509849150636e-01,2.909923382688713311e-01
-8.353359997272491455e-03,-6.138265132904052734e-03,-2.766959369182586670e-04,1.580213569104671478e-02,-5.554631352424621582e-03,1.493482291698455811e-02,9.088124632835388184e-01,1.945585310459136963e-01,-2.329216599464416504e-01,3.107973933219909668e-01,9.021442480085154481e-01,1.853283971875070435e-01,-2.548223460384542727e-01,2.918077984842122885e-01
-8.403429761528968811e-03,-6.047356873750686646e-03,-1.862868666648864746e-04,1.585037261247634888e-02,-5.587937310338020325e-03,1.489122211933135986e-02,9.084256887435913086e-01,2.009854316711425781e-01,-2.350032627582550049e-01,3.115978240966796875e-01,9.015739107963629539e-01,1.917979628651380053e-01,-2.565844044236919586e-01,2.926161265521572408e-01
-8.453011512756347656e-03,-5.957074463367462158e-03,-9.640492498874664307e-05,1.589816063642501831e-02,-5.620868876576423645e-03,1.484768092632293701e-02,9.080321788787841797e-01,2.073656767606735229e-01,-2.370704710483551025e-01,3.123895823955535889e-01,9.010019672134643720e-01,1.982217606141634947e-01,-2.583324259311240989e-01,2.934173792587883578e-01
-8.502151817083358765e-03,-5.867410451173782349e-03,-7.087364792823791504e-06,1.594557985663414001e-02,-5.653422325849533081e-03,1.480422914028167725e-02,9.076348543167114258e-01,2.137004435062408447e-01,-2.391235232353210449e-01,3.131715655326843262e-01,9.004284671894294823e-01,2.045999621058224305e-01,-2.600665097661563618e-01,2.942116129893355136e-01
-8.550897240638732910e-03,-5.778420716524124146e-03,8.173100650310516357e-05,1.599259488284587860e-02,-5.685620009899139404e-03,1.476083695888519287e-02,9.072347879409790039e-01,2.199908941984176636e-01,-2.411656975746154785e-01,3.139464855194091797e-01,8.998534598428180598e-01,2.109327394337389139e-01,-2.617867545490243364e-01,2.949988837305385636e-01
-8.599160239100456238e-03,-5.690041929483413696e-03,1.700110733509063721e-04,1.603917405009269714e-02,-5.717445164918899536e-03,1.471759378910064697e-02,9.068294763565063477e-01,2.262346297502517700e-01,-2.431918680667877197e-01,3.147129714488983154e-01,8.992769935528955871e-01,2.172202648255351365e-01,-2.634932583144424245e-01,2.957792470729952994e-01
-8.646991103887557983e-03,-5.602292716503143311e-03,2.576727420091629028e-04,1.608536764979362488e-02,-5.748877301812171936e-03,1.467438042163848877e-02,9.064191579818725586e-01,2.324315905570983887e-01,-2.452039718627929688e-01,3.154678642749786377e-01,8.986991160314087290e-01,2.234627103528575853e-01,-2.651861185115353958e-01,2.965527582135306095e-01
-8.694456890225410461e-03,-5.515191704034805298e-03,3.449041396379470825e-04,1.613116823136806488e-02,-5.779970437288284302e-03,1.463136076927185059e-02,9.060083627700805664e-01,2.385866791009902954e-01,-2.472044378519058228e-01,3.162183165550231934e-01,8.981198743943299423e-01,2.296602476391632341e-01,-2.668654320035438454e-01,2.973194719575513734e-01
-8.741412311792373657e-03,-5.428686738014221191e-03,4.315059632062911987e-04,1.617653295397758484e-02,-5.810668691992759705e-03,1.458834111690521240e-02,9.055891036987304688e-01,2.446932941675186157e-01,-2.491887658834457397e-01,3.169563412666320801e-01,8.975393152336397229e-01,2.358130475655914049e-01,-2.685312950676880250e-01,2.980794427214114584e-01
-8.788010105490684509e-03,-5.342796444892883301e-03,5.176495760679244995e-04,1.622151583433151245e-02,-5.841040983796119690e-03,1.454545557498931885e-02,9.051680564880371094e-01,2.507589161396026611e-01,-2.511618137359619141e-01,3.176884949207305908e-01,8.969574846890804309e-01,2.419212799750867782e-01,-2.701838033949182094e-01,2.988327245347620620e-01
-8.834134787321090698e-03,-5.257584154605865479e-03,6.032362580299377441e-04,1.626609452068805695e-02,-5.871064960956573486e-03,1.450265944004058838e-02,9.047434329986572266e-01,2.567767500877380371e-01,-2.531214952468872070e-01,3.184128403663635254e-01,8.963744285199385375e-01,2.479851133747174585e-01,-2.718230520897224056e-01,2.995793710429205392e-01
-8.879859000444412231e-03,-5.172912031412124634e-03,6.882622838020324707e-04,1.631026342511177063e-02,-5.900697782635688782e-03,1.445992290973663330e-02,9.043124318122863770e-01,2.627517282962799072e-01,-2.550661563873291016e-01,3.191258609294891357e-01,8.957901921768181008e-01,2.540047146360256414e-01,-2.734491356699667586e-01,3.003194355092235202e-01
-8.925180882215499878e-03,-5.088888108730316162e-03,7.728096097707748413e-04,1.635406725108623505e-02,-5.930028855800628662e-03,1.441736519336700439e-02,9.038808941841125488e-01,2.686834335327148438e-01,-2.569988667964935303e-01,3.198340535163879395e-01,8.952048208734316725e-01,2.599802486937924928e-01,-2.750621480666470831e-01,3.010529708173879659e-01
-8.970055729150772095e-03,-5.005501210689544678e-03,8.568018674850463867e-04,1.639744080603122711e-02,-5.958989262580871582e-03,1.437483727931976318e-02,9.034436941146850586e-01,2.745689153671264648e-01,-2.589183449745178223e-01,3.205328285694122314e-01,8.946183596583653364e-01,2.659118782432173256e-01,-2.766621826236952408e-01,3.017800294738730016e-01
-9.014546871185302734e-03,-4.922658205032348633e-03,9.402856230735778809e-04,1.644043065607547760e-02,-5.987606942653656006e-03,1.433247327804565430e-02,9.030026197433471680e-01,2.804131805896759033e-01,-2.608231604099273682e-01,3.212235271930694580e-01,8.940306337899389666e-01,2.718007786546466353e-01,-2.782493406903138733e-01,3.025006635084378503e-01
-9.058615192770957947e-03,-4.840448498725891113e-03,1.023266464471817017e-03,1.648303121328353882e-02,-6.015878170728683472e-03,1.429019868373870850e-02,9.025585651397705078e-01,2.862133979797363281e-01,-2.627156972885131836e-01,3.219068348407745361e-01,8.934417101986554810e-01,2.776470075383843938e-01,-2.798237135763735339e-01,3.032149246902832163e-01
-9.102284908294677734e-03,-4.758790135383605957e-03,1.105699688196182251e-03,1.652523130178451538e-02,-6.043810397386550903e-03,1.424801349639892578e-02,9.021091461181640625e-01,2.919710278511047363e-01,-2.645939290523529053e-01,3.225807547569274902e-01,8.928517269562555869e-01,2.834502900972533102e-01,-2.813853892232786036e-01,3.039228644513689570e-01
-9.145542979240417480e-03,-4.677750170230865479e-03,1.187643036246299744e-03,1.656705886125564575e-02,-6.071407347917556763e-03,1.420594751834869385e-02,9.016572237014770508e-01,2.976856529712677002e-01,-2.664597928524017334e-01,3.232478201389312744e-01,8.922607157985732451e-01,2.892108398261110103e-01,-2.829344591481805504e-01,3.046245338065103891e-01
-9.188394993543624878e-03,-4.597272723913192749e-03,1.269074156880378723e-03,1.660848036408424377e-02,-6.098695099353790283e-03,1.416395604610443115e-02,9.012001752853393555e-01,3.033583164215087891e-01,-2.683125734329223633e-01,3.239070773124694824e-01,8.916687077359585212e-01,2.949288708448641327e-01,-2.844710143161506832e-01,3.053199834046316230e-01
-9.230855852365493774e-03,-4.517395049333572388e-03,1.349993050098419189e-03,1.664952561259269714e-02,-6.125636398792266846e-03,1.412211358547210693e-02,9.007406234741210938e-01,3.089882135391235352e-01,-2.701519727706909180e-01,3.245587944984436035e-01,8.910757330978906765e-01,3.006045977234678146e-01,-2.859951451411438250e-01,3.060092635311172926e-01
-9.272923693060874939e-03,-4.438132047653198242e-03,1.430414617061614990e-03,1.669016852974891663e-02,-6.152261048555374146e-03,1.408036053180694580e-02,9.002776145935058594e-01,3.145753145217895508e-01,-2.719795107841491699e-01,3.252036869525909424e-01,8.904818215775764934e-01,3.062382353044101335e-01,-2.875069414867924555e-01,3.066924241101537385e-01
-9.314566850662231445e-03,-4.359371960163116455e-03,1.510292291641235352e-03,1.673043146729469299e-02,-6.178561598062515259e-03,1.403869688510894775e-02,8.998087048530578613e-01,3.201209306716918945e-01,-2.737919092178344727e-01,3.258387744426727295e-01,8.898870022765877907e-01,3.118299985252515061e-01,-2.890064926673249213e-01,3.073695147070764633e-01
-9.355865418910980225e-03,-4.281245172023773193e-03,1.589696854352951050e-03,1.677034422755241394e-02,-6.204538047313690186e-03,1.399719715118408203e-02,8.993396759033203125e-01,3.256253004074096680e-01,-2.755931019783020020e-01,3.264683485031127930e-01,8.892913037494961648e-01,3.173801022391409266e-01,-2.904938874483933842e-01,3.080405845307254697e-01
-9.396724402904510498e-03,-4.203684628009796143e-03,1.668568700551986694e-03,1.680984348058700562e-02,-6.230205297470092773e-03,1.395578682422637939e-02,8.988652229309082031e-01,3.310861289501190186e-01,-2.773802876472473145e-01,3.270897269248962402e-01,8.886947540485068409e-01,3.228887610345667070e-01,-2.919692140479697717e-01,3.087056824357812812e-01
-9.437233209609985352e-03,-4.126634448766708374e-03,1.746969297528266907e-03,1.684897020459175110e-02,-6.255552172660827637e-03,1.391449570655822754e-02,8.983867168426513672e-01,3.365086317062377930e-01,-2.791544198989868164e-01,3.277034759521484375e-01,8.880973807681007415e-01,3.283561890541786266e-01,-2.934325601371959857e-01,3.093648569251196134e-01
-9.477324783802032471e-03,-4.050217568874359131e-03,1.824855804443359375e-03,1.688771322369575500e-02,-6.280623376369476318e-03,1.387330889701843262e-02,8.979058265686035156e-01,3.418874144554138184e-01,-2.809169590473175049e-01,3.283114135265350342e-01,8.874992110897097497e-01,3.337825998120783622e-01,-2.948840128412913986e-01,3.100181561521478391e-01
-9.517025202512741089e-03,-3.974311053752899170e-03,1.902231946587562561e-03,1.692609861493110657e-02,-6.305318325757980347e-03,1.383222639560699463e-02,8.974199295043945312e-01,3.472258448600769043e-01,-2.826648056507110596e-01,3.289091885089874268e-01,8.869002718263652163e-01,3.391682060105088437e-01,-2.963236587403351163e-01,3.106656279231674311e-01
-9.556397795677185059e-03,-3.899004310369491577e-03,1.979127526283264160e-03,1.696408912539482117e-02,-6.329771131277084351e-03,1.379130780696868896e-02,8.969330787658691406e-01,3.525241017341613770e-01,-2.844016551971435547e-01,3.295028209686279297e-01,8.863005894673756657e-01,3.445132193553959166e-01,-2.977515838702524675e-01,3.113073196997082626e-01
-9.595330804586410522e-03,-3.824263811111450195e-03,2.055533230304718018e-03,1.700170710682868958e-02,-6.353899836540222168e-03,1.375044882297515869e-02,8.964413404464721680e-01,3.577803671360015869e-01,-2.861258387565612793e-01,3.300885558128356934e-01,8.857001902230161594e-01,3.498178503707964349e-01,-2.991678737235750618e-01,3.119432786008780600e-01
-9.633902460336685181e-03,-3.750029951333999634e-03,2.131454646587371826e-03,1.703895628452301025e-02,-6.377734243869781494e-03,1.370973885059356689e-02,8.959459066390991211e-01,3.629978299140930176e-01,-2.878364920616149902e-01,3.306670784950256348e-01,8.850990727238026157e-01,3.550824373971007697e-01,-3.005726142884195817e-01,3.125735510381492666e-01
-9.672140702605247498e-03,-3.676332533359527588e-03,2.206875011324882507e-03,1.707584410905838013e-02,-6.401274353265762329e-03,1.366913318634033203e-02,8.954476118087768555e-01,3.681764602661132812e-01,-2.895350754261016846e-01,3.312380909919738770e-01,8.844972065519999260e-01,3.603074539177157920e-01,-3.019658921069333646e-01,3.131981826973094796e-01
-9.709954261779785156e-03,-3.603197634220123291e-03,2.281792461872100830e-03,1.711237058043479919e-02,-6.424508988857269287e-03,1.362867653369903564e-02,8.949460983276367188e-01,3.733130097389221191e-01,-2.912198305130004883e-01,3.318020403385162354e-01,8.838946718439152361e-01,3.654928487128396020e-01,-3.033477889783180448e-01,3.138172204167178347e-01
-9.747426956892013550e-03,-3.530576825141906738e-03,2.356274053454399109e-03,1.714850962162017822e-02,-6.447460502386093140e-03,1.358833909034729004e-02,8.944406509399414062e-01,3.784121870994567871e-01,-2.928927242755889893e-01,3.323599994182586670e-01,8.832914903313779931e-01,3.706388439498382037e-01,-3.047183883751390931e-01,3.144307099180279619e-01
-9.784534573554992676e-03,-3.458492457866668701e-03,2.430217340588569641e-03,1.718429103493690491e-02,-6.470132619142532349e-03,1.354803144931793213e-02,8.939310312271118164e-01,3.834713995456695557e-01,-2.945539653301239014e-01,3.329094052314758301e-01,8.826876834230980018e-01,3.757456609753074828e-01,-3.060777732411058549e-01,3.150386965885990653e-01
-9.821284562349319458e-03,-3.386989235877990723e-03,2.503747120499610901e-03,1.721973717212677002e-02,-6.492536514997482300e-03,1.350793242454528809e-02,8.934214115142822266e-01,3.884919583797454834e-01,-2.962039113044738770e-01,3.334552943706512451e-01,8.820832722412988991e-01,3.808135201651669521e-01,-3.074260259922621530e-01,3.156412254837429043e-01
-9.857662022113800049e-03,-3.315944224596023560e-03,2.576753497123718262e-03,1.725479587912559509e-02,-6.514631211757659912e-03,1.346795260906219482e-02,8.929060101509094238e-01,3.934736251831054688e-01,-2.978388071060180664e-01,3.339918255805969238e-01,8.814782776583830470e-01,3.858426407739870001e-01,-3.087632285181993730e-01,3.162383413289517886e-01
-9.893670678138732910e-03,-3.245465457439422607e-03,2.649292349815368652e-03,1.728949695825576782e-02,-6.536465138196945190e-03,1.342807710170745850e-02,8.923880457878112793e-01,3.984158039093017578e-01,-2.994627356529235840e-01,3.345228135585784912e-01,8.808727203335735556e-01,3.908332407837700195e-01,-3.100894621831684628e-01,3.168300885221450036e-01
-9.929317981004714966e-03,-3.175515681505203247e-03,2.721365541219711304e-03,1.732384040951728821e-02,-6.557997316122055054e-03,1.338838040828704834e-02,8.918677568435668945e-01,4.033190608024597168e-01,-3.010732829570770264e-01,3.350474834442138672e-01,8.802666207495962736e-01,3.957855367515294431e-01,-3.114048078273379261e-01,3.174165111358984714e-01
-9.964592754840850830e-03,-3.106035292148590088e-03,2.792930230498313904e-03,1.735781133174896240e-02,-6.579264998435974121e-03,1.334872841835021973e-02,8.913415074348449707e-01,4.081843495368957520e-01,-3.026711642742156982e-01,3.355636000633239746e-01,8.796599992493480125e-01,4.006997436565938320e-01,-3.127093457678941091e-01,3.179976529196895663e-01
-9.999584406614303589e-03,-3.037132322788238525e-03,2.864060923457145691e-03,1.739146560430526733e-02,-6.600297987461090088e-03,1.330922544002532959e-02,8.908162117004394531e-01,4.130131006240844727e-01,-3.042600750923156738e-01,3.360759317874908447e-01,8.790528760725759838e-01,4.055760747471470751e-01,-3.140031558002434053e-01,3.185735573021303835e-01
-1.003416255116462708e-02,-2.968706190586090088e-03,2.934750169515609741e-03,1.742474734783172607e-02,-6.621040403842926025e-03,1.326985657215118408e-02,8.902856111526489258e-01,4.178035855293273926e-01,-3.058351278305053711e-01,3.365815877914428711e-01,8.784452713925831047e-01,4.104147413860569360e-01,-3.152863171992364988e-01,3.191442673932059493e-01
-1.006840169429779053e-02,-2.900794148445129395e-03,3.004919737577438354e-03,1.745767332613468170e-02,-6.641503423452377319e-03,1.323059201240539551e-02,8.897516727447509766e-01,4.225553274154663086e-01,-3.073974847793579102e-01,3.370792567729949951e-01,8.778372053529299723e-01,4.152159528958838663e-01,-3.165589087202462792e-01,3.197098259865104319e-01
-1.010232418775558472e-02,-2.833385020494461060e-03,3.074644133448600769e-03,1.749026961624622345e-02,-6.661720573902130127e-03,1.319146156311035156e-02,8.892159461975097656e-01,4.272711873054504395e-01,-3.089489340782165527e-01,3.375714421272277832e-01,8.772286981041319542e-01,4.199799164035623034e-01,-3.178210086004484292e-01,3.202702755614920682e-01
-1.013584434986114502e-02,-2.766475081443786621e-03,3.143901005387306213e-03,1.752249710261821747e-02,-6.681684404611587524e-03,1.315243542194366455e-02,8.886754512786865234e-01,4.319483935832977295e-01,-3.104875087738037109e-01,3.380572795867919922e-01,8.766197698404045724e-01,4.247068366843699261e-01,-3.190726945599334785e-01,3.208256582856781614e-01
-1.016910374164581299e-02,-2.700071781873703003e-03,3.212720155715942383e-03,1.755439676344394684e-02,-6.701383739709854126e-03,1.311360299587249756e-02,8.881348967552185059e-01,4.365907311439514160e-01,-3.120149970054626465e-01,3.385379016399383545e-01,8.760104408363700301e-01,4.293969160052970024e-01,-3.203140438028857506e-01,3.213760160169241153e-01
-1.020193845033645630e-02,-2.634149044752120972e-03,3.281055018305778503e-03,1.758593879640102386e-02,-6.720848381519317627e-03,1.307481527328491211e-02,8.875883817672729492e-01,4.411944150924682617e-01,-3.135301470756530762e-01,3.390113711357116699e-01,8.754005823949911891e-01,4.340510444329694906e-01,-3.215451397315638449e-01,3.219213892122911869e-01
-1.023450493812561035e-02,-2.568710595369338989e-03,3.348976373672485352e-03,1.761716790497303009e-02,-6.740026175975799561e-03,1.303623616695404053e-02,8.870415687561035156e-01,4.457641243934631348e-01,-3.150334656238555908e-01,3.394793868064880371e-01,8.747903121836326790e-01,4.386689697576460767e-01,-3.227660541494160595e-01,3.224618198291740456e-01
-1.026669517159461975e-02,-2.503737807273864746e-03,3.416398540139198303e-03,1.764802448451519012e-02,-6.758976727724075317e-03,1.299770176410675049e-02,8.864887952804565430e-01,4.502962827682495117e-01,-3.165245652198791504e-01,3.399399518966674805e-01,8.741796539238541053e-01,4.432508722825631575e-01,-3.239768625857776252e-01,3.229973488316854047e-01
-1.029860600829124451e-02,-2.439290285110473633e-03,3.483431413769721985e-03,1.767857931554317474e-02,-6.777681410312652588e-03,1.295939087867736816e-02,8.859374523162841797e-01,4.547940492630004883e-01,-3.180054128170013428e-01,3.403972983360290527e-01,8.735686223853895704e-01,4.477969717113009507e-01,-3.251776404721432590e-01,3.235280168158966019e-01
-1.033011078834533691e-02,-2.375259995460510254e-03,3.549970686435699463e-03,1.770875044167041779e-02,-6.796136498451232910e-03,1.292113959789276123e-02,8.853783011436462402e-01,4.592545032501220703e-01,-3.194721043109893799e-01,3.408461213111877441e-01,8.729572321776566390e-01,4.523074864670539319e-01,-3.263684627491176271e-01,3.240538640762712363e-01
-1.036136597394943237e-02,-2.311792224645614624e-03,3.616107627749443054e-03,1.773864589631557465e-02,-6.814349442720413208e-03,1.288300752639770508e-02,8.848209381103515625e-01,4.636809229850769043e-01,-3.209313750267028809e-01,3.412911295890808105e-01,8.723454977739151239e-01,4.567826335948250716e-01,-3.275494038681949771e-01,3.245749306078121732e-01
-1.039224117994308472e-02,-2.248767763376235962e-03,3.681786358356475830e-03,1.776815764605998993e-02,-6.832335144281387329e-03,1.284499466419219971e-02,8.842580318450927734e-01,4.680706262588500977e-01,-3.223773241043090820e-01,3.417299091815948486e-01,8.717334335354899322e-01,4.612226286630736749e-01,-3.287205377934945827e-01,3.250912561082049956e-01
-1.042279601097106934e-02,-2.186201512813568115e-03,3.747012466192245483e-03,1.779736764729022980e-02,-6.850074976682662964e-03,1.280711591243743896e-02,8.836928606033325195e-01,4.724256396293640137e-01,-3.238114714622497559e-01,3.421622514724731445e-01,8.711210537359758144e-01,4.656276856650344298e-01,-3.298819380034958559e-01,3.256028799799649542e-01
-1.045305281877517700e-02,-2.124074846506118774e-03,3.811828792095184326e-03,1.782623864710330963e-02,-6.867587566375732422e-03,1.276947557926177979e-02,8.831261396408081055e-01,4.767471253871917725e-01,-3.252328038215637207e-01,3.425903022289276123e-01,8.705083725854486643e-01,4.699980169197642832e-01,-3.310336774927955528e-01,3.261098413325789758e-01
-1.048296689987182617e-02,-2.062432467937469482e-03,3.876142203807830811e-03,1.785477809607982635e-02,-6.884854286909103394e-03,1.273180544376373291e-02,8.825541734695434570e-01,4.810319542884826660e-01,-3.266440629959106445e-01,3.430097997188568115e-01,8.698954042546961363e-01,4.743338329726412561e-01,-3.321758287738658666e-01,3.266121789846559431e-01
-1.051260903477668762e-02,-2.001211047172546387e-03,3.940088674426078796e-03,1.788302697241306305e-02,-6.901938468217849731e-03,1.269438862800598145e-02,8.819824457168579102e-01,4.852861166000366211e-01,-3.280439972877502441e-01,3.434267342090606689e-01,8.692821628994633620e-01,4.786353424953178060e-01,-3.333084638787778831e-01,3.271099314660675383e-01
-1.054191961884498596e-02,-1.940514892339706421e-03,4.003573209047317505e-03,1.791093312203884125e-02,-6.918746978044509888e-03,1.265701651573181152e-02,8.814072608947753906e-01,4.895030856132507324e-01,-3.294337093830108643e-01,3.438367247581481934e-01,8.686686626846860104e-01,4.829027521857277017e-01,-3.344316543609364700e-01,3.276031370200923054e-01
-1.057085767388343811e-02,-1.880228519439697266e-03,4.066636785864830017e-03,1.793849281966686249e-02,-6.935354322195053101e-03,1.261977851390838623e-02,8.808273077011108398e-01,4.936858117580413818e-01,-3.308106064796447754e-01,3.442413210868835449e-01,8.680549178087484385e-01,4.871362666673832997e-01,-3.355454712968837794e-01,3.280918336055627660e-01
-1.059955731034278870e-02,-1.820422708988189697e-03,4.129264503717422485e-03,1.796577684581279755e-02,-6.951738148927688599e-03,1.258268952369689941e-02,8.802478313446044922e-01,4.978358745574951172e-01,-3.321779966354370117e-01,3.446408212184906006e-01,8.674409425277550545e-01,4.913360883887265551e-01,-3.366499852879542565e-01,3.285760588990098707e-01
-1.062790304422378540e-02,-1.761052757501602173e-03,4.191473126411437988e-03,1.799271441996097565e-02,-6.967909634113311768e-03,1.254576444625854492e-02,8.796646595001220703e-01,5.019513964653015137e-01,-3.335328102111816406e-01,3.450354933738708496e-01,8.668267511798005698e-01,4.955024175215514415e-01,-3.377452664621234391e-01,3.290558502968102261e-01
-1.065596938133239746e-02,-1.702107489109039307e-03,4.253225401043891907e-03,1.801932416856288910e-02,-6.983868777751922607e-03,1.250895857810974121e-02,8.790784478187561035e-01,5.060338973999023438e-01,-3.348762392997741699e-01,3.454238772392272949e-01,8.662122876714761777e-01,4.996357788132945177e-01,-3.388313864293481248e-01,3.295312442008707654e-01
-1.068371906876564026e-02,-1.643624156713485718e-03,4.314573481678962708e-03,1.804566197097301483e-02,-6.999578326940536499e-03,1.247225701808929443e-02,8.784905076026916504e-01,5.100831985473632812e-01,-3.362095355987548828e-01,3.458064794540405273e-01,8.655975601605753189e-01,5.037363977566070572e-01,-3.399084145538655011e-01,3.300022773884581095e-01
-1.071120426058769226e-02,-1.585528254508972168e-03,4.375547170639038086e-03,1.807165704667568207e-02,-7.015094161033630371e-03,1.243567466735839844e-02,8.778987526893615723e-01,5.141025185585021973e-01,-3.375322818756103516e-01,3.461844325065612793e-01,8.649826229724854043e-01,5.078042838464073006e-01,-3.409764184572851020e-01,3.304689868304824807e-01
-1.073835417628288269e-02,-1.527920365333557129e-03,4.436086863279342651e-03,1.809736154973506927e-02,-7.030434906482696533e-03,1.239918172359466553e-02,8.773055076599121094e-01,5.180872082710266113e-01,-3.388457298278808594e-01,3.465581238269805908e-01,8.643674861979607771e-01,5.118396497022763558e-01,-3.420354665248870329e-01,3.309314087751752953e-01
-1.076520606875419617e-02,-1.470722258090972900e-03,4.496222361922264099e-03,1.812276057898998260e-02,-7.045533508062362671e-03,1.236292719841003418e-02,8.767106533050537109e-01,5.220395922660827637e-01,-3.401459455490112305e-01,3.469266891479492188e-01,8.637521597964878950e-01,5.158427067445954251e-01,-3.430856266865657811e-01,3.313895791979289407e-01
-1.079178601503372192e-02,-1.413963735103607178e-03,4.555925726890563965e-03,1.814782805740833282e-02,-7.060419768095016479e-03,1.232675462961196899e-02,8.761125802993774414e-01,5.259593129158020020e-01,-3.414362072944641113e-01,3.472894132137298584e-01,8.631366536105512521e-01,5.198136651397662344e-01,-3.441269664188150168e-01,3.318435338033421944e-01
-1.081802695989608765e-02,-1.357600092887878418e-03,4.615213721990585327e-03,1.817259751260280609e-02,-7.075116038322448730e-03,1.229069381952285767e-02,8.755107522010803223e-01,5.298468470573425293e-01,-3.427148461341857910e-01,3.476466536521911621e-01,8.625209773799444868e-01,5.237527337463596666e-01,-3.451595527468027114e-01,3.322933080272650330e-01
-1.084403321146965027e-02,-1.301687210798263550e-03,4.674106836318969727e-03,1.819709874689579010e-02,-7.089629769325256348e-03,1.225478202104568481e-02,8.749094009399414062e-01,5.337038636207580566e-01,-3.439847826957702637e-01,3.480001688003540039e-01,8.619051407560673894e-01,5.276601200607192732e-01,-3.461834522463442254e-01,3.327389370388375567e-01
-1.086972281336784363e-02,-1.246184110641479492e-03,4.732595756649971008e-03,1.822127588093280792e-02,-7.103923708200454712e-03,1.221898198127746582e-02,8.743041753768920898e-01,5.375285148620605469e-01,-3.452433645725250244e-01,3.483480215072631836e-01,8.612891533162450042e-01,5.315360301619077577e-01,-3.471987310459776488e-01,3.331804557425331881e-01
-1.089512556791305542e-02,-1.191049814224243164e-03,4.790680482983589172e-03,1.824515499174594879e-02,-7.118016481399536133e-03,1.218329370021820068e-02,8.736951351165771484e-01,5.413230061531066895e-01,-3.464907407760620117e-01,3.486899137496948242e-01,8.606730245780467303e-01,5.353806686573094886e-01,-3.482054548289251761e-01,3.336178987802038143e-01
-1.092027872800827026e-02,-1.136399805545806885e-03,4.848374053835868835e-03,1.826875843107700348e-02,-7.131934165954589844e-03,1.214777678251266479e-02,8.730874061584472656e-01,5.450857877731323242e-01,-3.477295935153961182e-01,3.490290939807891846e-01,8.600567640136108638e-01,5.391942386270853760e-01,-3.492036888352030854e-01,3.340513005331187113e-01
-1.094509661197662354e-02,-1.082114875316619873e-03,4.905642941594123840e-03,1.829201914370059967e-02,-7.145661860704421997e-03,1.211234927177429199e-02,8.724737167358398438e-01,5.488165616989135742e-01,-3.489561676979064941e-01,3.493620753288269043e-01,8.594403810639973385e-01,5.429769415693384005e-01,-3.501934978635486417e-01,3.344806951240119619e-01
-1.096965745091438293e-02,-1.028239727020263672e-03,4.962543025612831116e-03,1.831503398716449738e-02,-7.159210741519927979e-03,1.207706332206726074e-02,8.718597888946533203e-01,5.525181293487548828e-01,-3.501737713813781738e-01,3.496911525726318359e-01,8.588238851535262564e-01,5.467289773442396417e-01,-3.511749462735184735e-01,3.349061164191218798e-01
-1.099395006895065308e-02,-9.747669100761413574e-04,5.019024014472961426e-03,1.833773218095302582e-02,-7.172551006078720093e-03,1.204194873571395874e-02,8.712436556816101074e-01,5.561883449554443359e-01,-3.513795733451843262e-01,3.500149250030517578e-01,8.582072857041369573e-01,5.504505441185931769e-01,-3.521480979874956896e-01,3.353275980302339310e-01
-1.101796329021453857e-02,-9.216703474521636963e-04,5.075132474303245544e-03,1.836015842854976654e-02,-7.185712456703186035e-03,1.200690120458602905e-02,8.706243038177490234e-01,5.598295927047729492e-01,-3.525762856006622314e-01,3.503336310386657715e-01,8.575905921497503082e-01,5.541418383100163991e-01,-3.531130164926743475e-01,3.357451733167232666e-01
-1.104170456528663635e-02,-8.690468966960906982e-04,5.130846053361892700e-03,1.838229782879352570e-02,-7.198698818683624268e-03,1.197201758623123169e-02,8.700051307678222656e-01,5.634386539459228516e-01,-3.537637591361999512e-01,3.506493568420410156e-01,8.569737960543212241e-01,5.578031377754913978e-01,-3.540697653335485584e-01,3.361588750692099947e-01
-1.106513664126396179e-02,-8.167698979377746582e-04,5.186162889003753662e-03,1.840412430465221405e-02,-7.211480289697647095e-03,1.193718612194061279e-02,8.693802952766418457e-01,5.670179128646850586e-01,-3.549401760101318359e-01,3.509584069252014160e-01,8.563568509816417151e-01,5.614348956448844685e-01,-3.550184086660000959e-01,3.365687351531768678e-01
-1.108836382627487183e-02,-7.648691534996032715e-04,5.241142585873603821e-03,1.842570118606090546e-02,-7.224112749099731445e-03,1.190258562564849854e-02,8.687565922737121582e-01,5.705705881118774414e-01,-3.561071753501892090e-01,3.512652218341827393e-01,8.557398161057034880e-01,5.650370721586114309e-01,-3.559590073242894781e-01,3.369747870657198718e-01
-1.111126318573951721e-02,-7.133558392524719238e-04,5.295680835843086243e-03,1.844696141779422760e-02,-7.236540317535400391e-03,1.186806708574295044e-02,8.681279420852661133e-01,5.740906000137329102e-01,-3.572623729705810547e-01,3.515653014183044434e-01,8.551226978653243549e-01,5.686098711323168686e-01,-3.568916231626282354e-01,3.373770631202816506e-01
-1.113393530249595642e-02,-6.622448563575744629e-04,5.349846556782722473e-03,1.846798323094844818e-02,-7.248822599649429321e-03,1.183373481035232544e-02,8.675003051757812500e-01,5.775823593139648438e-01,-3.584086298942565918e-01,3.518624901771545410e-01,8.545055025587400266e-01,5.721534954152878161e-01,-3.578163176163111081e-01,3.377755953841060643e-01
-1.115633547306060791e-02,-6.114989519119262695e-04,5.403649061918258667e-03,1.848870329558849335e-02,-7.260899990797042847e-03,1.179942488670349121e-02,8.668678998947143555e-01,5.810457468032836914e-01,-3.595458865165710449e-01,3.521538078784942627e-01,8.538882363512120266e-01,5.756681468669448964e-01,-3.587331517040073803e-01,3.381704156801645933e-01
-1.117846369743347168e-02,-5.611181259155273438e-04,5.457095801830291748e-03,1.850915327668190002e-02,-7.272832095623016357e-03,1.176530122756958008e-02,8.662343025207519531e-01,5.844807624816894531e-01,-3.606726527214050293e-01,3.524419963359832764e-01,8.532709052826470408e-01,5.791540263326240279e-01,-3.596421860299035544e-01,3.385615555890774120e-01
-1.120037212967872620e-02,-5.111284554004669189e-04,5.510127171874046326e-03,1.852932758629322052e-02,-7.284592837095260620e-03,1.173129677772521973e-02,8.655992746353149414e-01,5.878867506980895996e-01,-3.617900609970092773e-01,3.527251482009887695e-01,8.526535152752020563e-01,5.826113336199580939e-01,-3.605434807859601576e-01,3.389490464510341305e-01
-1.122194901108741760e-02,-4.615448415279388428e-04,5.562806501984596252e-03,1.854922994971275330e-02,-7.296178489923477173e-03,1.169740408658981323e-02,8.649618625640869141e-01,5.912622213363647461e-01,-3.628977239131927490e-01,3.530046641826629639e-01,8.520360721409356852e-01,5.860402674747673402e-01,-3.614370957540778417e-01,3.393329193677141475e-01
-1.124333217740058899e-02,-4.123114049434661865e-04,5.615141242742538452e-03,1.856886781752109528e-02,-7.307596504688262939e-03,1.166366040706634521e-02,8.643233776092529297e-01,5.946120023727416992e-01,-3.639965057373046875e-01,3.532802760601043701e-01,8.514185815894251830e-01,5.894410255567854584e-01,-3.623230903083538568e-01,3.397132052042070027e-01
-1.126443222165107727e-02,-3.634244203567504883e-04,5.667071789503097534e-03,1.858821697533130646e-02,-7.318865507841110229e-03,1.163002103567123413e-02,8.636811971664428711e-01,5.979325771331787109e-01,-3.650845885276794434e-01,3.535507619380950928e-01,8.508010492354290966e-01,5.928138044152770902e-01,-3.632015234172932261e-01,3.400899345909391691e-01
-1.128528267145156860e-02,-3.149174153804779053e-04,5.718659609556198120e-03,1.860732212662696838e-02,-7.329978048801422119e-03,1.159648597240447998e-02,8.630378246307373047e-01,6.012259721755981445e-01,-3.661645054817199707e-01,3.538177013397216797e-01,8.501834806065170502e-01,5.961587994649822919e-01,-3.640724536459748473e-01,3.404631379255872448e-01
-1.130590215325355530e-02,-2.667382359504699707e-04,5.769891664385795593e-03,1.862614601850509644e-02,-7.340896874666213989e-03,1.156313717365264893e-02,8.623923659324645996e-01,6.044924259185791016e-01,-3.672332465648651123e-01,3.540799319744110107e-01,8.495658811507493802e-01,5.994762049612959443e-01,-3.649359391582965295e-01,3.408328453750069653e-01
-1.132623478770256042e-02,-2.189502120018005371e-04,5.820717662572860718e-03,1.864471100270748138e-02,-7.351685315370559692e-03,1.152990758419036865e-02,8.617453575134277344e-01,6.077290177345275879e-01,-3.682923913002014160e-01,3.543381690979003906e-01,8.489482562443401159e-01,6.027662139757207216e-01,-3.657920377191752892e-01,3.411990868771488938e-01
-1.134638860821723938e-02,-1.715198159217834473e-04,5.871204659342765808e-03,1.866302266716957092e-02,-7.362317293882369995e-03,1.149673759937286377e-02,8.610968589782714844e-01,6.109406948089599609e-01,-3.693446516990661621e-01,3.545922040939331055e-01,8.483306111993136334e-01,6.060290183714299728e-01,-3.666408066967810075e-01,3.415618921429810495e-01
-1.136621460318565369e-02,-1.244544982910156250e-04,5.921363830566406250e-03,1.868107356131076813e-02,-7.372781634330749512e-03,1.146373152732849121e-02,8.604459762573242188e-01,6.141233444213867188e-01,-3.703863024711608887e-01,3.548431098461151123e-01,8.477129512712118231e-01,6.092648087782278621e-01,-3.674823030647136890e-01,3.419212906584145895e-01
-1.138584315776824951e-02,-7.770210504531860352e-05,5.971163511276245117e-03,1.869885995984077454e-02,-7.383111864328384399e-03,1.143091917037963867e-02,8.597941398620605469e-01,6.172809004783630371e-01,-3.714178204536437988e-01,3.550904095172882080e-01,8.470952553528507956e-01,6.124738930539218584e-01,-3.683165843329365696e-01,3.422773101499497206e-01
-1.140522211790084839e-02,-3.130733966827392578e-05,6.020564585924148560e-03,1.871639676392078400e-02,-7.393255829811096191e-03,1.139810681343078613e-02,8.591384887695312500e-01,6.204105019569396973e-01,-3.724409043788909912e-01,3.553309738636016846e-01,8.464775434531812692e-01,6.156563925356678402e-01,-3.691437061687340426e-01,3.426299805256822761e-01
-1.142441853880882263e-02,1.472607254981994629e-05,6.069686263799667358e-03,1.873367466032505035e-02,-7.403295487165451050e-03,1.136554777622222900e-02,8.584846258163452148e-01,6.235159635543823242e-01,-3.734558224678039551e-01,3.555716872215270996e-01,8.458598229067653129e-01,6.188124841253704878e-01,-3.699637242976090978e-01,3.429793307364235044e-01
-1.144328713417053223e-02,6.040558218955993652e-05,6.118372082710266113e-03,1.875068433582782745e-02,-7.413152605295181274e-03,1.133295148611068726e-02,8.578246831893920898e-01,6.265908479690551758e-01,-3.744609951972961426e-01,3.558045625686645508e-01,8.452420976437923228e-01,6.219423586060208731e-01,-3.707766941785897719e-01,3.433253893183589867e-01
-1.146196946501731873e-02,1.057945191860198975e-04,6.166798993945121765e-03,1.876746490597724915e-02,-7.422883063554763794e-03,1.130060106515884399e-02,8.571653366088867188e-01,6.296440362930297852e-01,-3.754569292068481445e-01,3.560361564159393311e-01,8.446243714956077620e-01,6.250462057721652975e-01,-3.715826708900710762e-01,3.436681845874906549e-01
-1.148039475083351135e-02,1.508370041847229004e-04,6.214821711182594299e-03,1.878397911787033081e-02,-7.432457059621810913e-03,1.126834750175476074e-02,8.565030097961425781e-01,6.326688528060913086e-01,-3.764429092407226562e-01,3.562624454498291016e-01,8.440066482000340153e-01,6.281242144155273488e-01,-3.723817091320828498e-01,3.440077446414298024e-01
-1.149862632155418396e-02,1.955069601535797119e-04,6.262518465518951416e-03,1.880026422441005707e-02,-7.441908121109008789e-03,1.123616099357604980e-02,8.558403849601745605e-01,6.356687545776367188e-01,-3.774228692054748535e-01,3.564857840538024902e-01,8.433889314067023468e-01,6.311765723109573623e-01,-3.731738632286256130e-01,3.443440973611666678e-01
-1.151659712195396423e-02,2.398714423179626465e-04,6.309915333986282349e-03,1.881631463766098022e-02,-7.451239973306655884e-03,1.120416820049285889e-02,8.551764488220214844e-01,6.386440992355346680e-01,-3.783929347991943359e-01,3.567070364952087402e-01,8.427712246823555464e-01,6.342034662024911285e-01,-3.739591871299388637e-01,3.446772704128574505e-01
-1.153436303138732910e-02,2.838857471942901611e-04,6.356941536068916321e-03,1.883208937942981720e-02,-7.460393011569976807e-03,1.117229461669921875e-02,8.545105457305908203e-01,6.415925621986389160e-01,-3.793536424636840820e-01,3.569232821464538574e-01,8.421535315162220758e-01,6.372050817887526808e-01,-3.747377344148028477e-01,3.450072912496023880e-01
-1.155187189579010010e-02,3.276132047176361084e-04,6.403595209121704102e-03,1.884760707616806030e-02,-7.469426840543746948e-03,1.114045828580856323e-02,8.538401126861572266e-01,6.445156335830688477e-01,-3.803053498268127441e-01,3.571342527866363525e-01,8.415358553253270424e-01,6.401816037089596012e-01,-3.755095582928518749e-01,3.453341871132298291e-01
-1.156918704509735107e-02,3.710016608238220215e-04,6.449973210692405701e-03,1.886294409632682800e-02,-7.478307932615280151e-03,1.110881567001342773e-02,8.531714081764221191e-01,6.474156975746154785e-01,-3.812492191791534424e-01,3.573431670665740967e-01,8.409181994598472487e-01,6.431332155283793206e-01,-3.762747116068311248e-01,3.456579850360748107e-01
-1.158628240227699280e-02,4.140771925449371338e-04,6.496027112007141113e-03,1.887799240648746490e-02,-7.487077265977859497e-03,1.107726991176605225e-02,8.524994850158691406e-01,6.502909064292907715e-01,-3.821847140789031982e-01,3.575489521026611328e-01,8.403005672084804534e-01,6.460600997238429288e-01,-3.770332468349323896e-01,3.459787118427523622e-01
-1.160313189029693604e-02,4.567950963973999023e-04,6.541715934872627258e-03,1.889284513890743256e-02,-7.495712488889694214e-03,1.104587316513061523e-02,8.518279194831848145e-01,6.531395912170410156e-01,-3.831113874912261963e-01,3.577511310577392578e-01,8.396829618037893184e-01,6.489624376695837249e-01,-3.777852160930850189e-01,3.462963941519554556e-01
-1.161979138851165771e-02,4.992410540580749512e-04,6.587076932191848755e-03,1.890743151307106018e-02,-7.504172623157501221e-03,1.101455092430114746e-02,8.511524200439453125e-01,6.559652090072631836e-01,-3.840290307998657227e-01,3.579477667808532715e-01,8.390653864275730012e-01,6.518404096223684441e-01,-3.785306711372122823e-01,3.466110583782177068e-01
-1.163622736930847168e-02,5.413368344306945801e-04,6.632167845964431763e-03,1.892179623246192932e-02,-7.512576878070831299e-03,1.098339259624481201e-02,8.504778146743774414e-01,6.587671041488647461e-01,-3.849401175975799561e-01,3.581447899341583252e-01,8.384478442162421885e-01,6.546941947071723833e-01,-3.792696633656014726e-01,3.469227307337036659e-01
-1.165242120623588562e-02,5.831308662891387939e-04,6.676875054836273193e-03,1.893591880798339844e-02,-7.520779967308044434e-03,1.095230877399444580e-02,8.497993946075439453e-01,6.615427732467651367e-01,-3.858408927917480469e-01,3.583348393440246582e-01,8.378303298737107552e-01,6.575240025967761248e-01,-3.800022426987546553e-01,3.472314358353447150e-01
-1.166840270161628723e-02,6.246492266654968262e-04,6.721276789903640747e-03,1.894980110228061676e-02,-7.528901100158691406e-03,1.092141866683959961e-02,8.491199016571044922e-01,6.642956733703613281e-01,-3.867323398590087891e-01,3.585230708122253418e-01,8.372128437230895726e-01,6.603300204730724321e-01,-3.807284594602141636e-01,3.475371990408110401e-01
-1.168424636125564575e-02,6.658099591732025146e-04,6.765343248844146729e-03,1.896347664296627045e-02,-7.536876946687698364e-03,1.089052855968475342e-02,8.484399914741516113e-01,6.670255661010742188e-01,-3.876191377639770508e-01,3.587067425251007080e-01,8.365953949464938200e-01,6.631124007694778610e-01,-3.814483648114121994e-01,3.478400469877661050e-01
-1.169977337121963501e-02,7.067024707794189453e-04,6.809148937463760376e-03,1.897692680358886719e-02,-7.544767111539840698e-03,1.085987687110900879e-02,8.477581739425659180e-01,6.697312593460083008e-01,-3.884949982166290283e-01,3.588896989822387695e-01,8.359779859076356123e-01,6.658713203848353190e-01,-3.821620086566005492e-01,3.481400049895232440e-01
-1.171515509486198425e-02,7.473230361938476562e-04,6.852587684988975525e-03,1.899012923240661621e-02,-7.552485913038253784e-03,1.082927733659744263e-02,8.470733165740966797e-01,6.724143624305725098e-01,-3.893624544143676758e-01,3.590661287307739258e-01,8.353606189068216725e-01,6.686069551838382807e-01,-3.828694405478383356e-01,3.484370981584548610e-01
-1.173033565282821655e-02,7.875673472881317139e-04,6.895728409290313721e-03,1.900313422083854675e-02,-7.560115307569503784e-03,1.079879701137542725e-02,8.463900089263916016e-01,6.750733852386474609e-01,-3.902242183685302734e-01,3.592414855957031250e-01,8.347432961850217437e-01,6.713194799879558250e-01,-3.835707096870782373e-01,3.487313514075542353e-01
-1.174526289105415344e-02,8.275769650936126709e-04,6.938561797142028809e-03,1.901589334011077881e-02,-7.567610591650009155e-03,1.076842844486236572e-02,8.457021713256835938e-01,6.777094602584838867e-01,-3.910757899284362793e-01,3.594123721122741699e-01,8.341260199279180165e-01,6.740090685652638802e-01,-3.842658649282872929e-01,3.490227894519832286e-01
-1.176005229353904724e-02,8.672475814819335938e-04,6.981108337640762329e-03,1.902843825519084930e-02,-7.574997842311859131e-03,1.073820143938064575e-02,8.450155854225158691e-01,6.803237199783325195e-01,-3.919212818145751953e-01,3.595816493034362793e-01,8.335087922699705443e-01,6.766758936209863462e-01,-3.849549547796013993e-01,3.493114368106398082e-01
-1.177455484867095947e-02,9.066835045814514160e-04,7.023312151432037354e-03,1.904075965285301208e-02,-7.582265883684158325e-03,1.070803403854370117e-02,8.443239927291870117e-01,6.829140186309814453e-01,-3.927567601203918457e-01,3.597455620765686035e-01,8.328916152984883192e-01,6.793201267877649885e-01,-3.856380274053664570e-01,3.495973178077030341e-01
-1.178896054625511169e-02,9.457692503929138184e-04,7.065238431096076965e-03,1.905289664864540100e-02,-7.589422166347503662e-03,1.067805290222167969e-02,8.436360359191894531e-01,6.854833960533142090e-01,-3.935868144035339355e-01,3.599084019660949707e-01,8.322744910577061228e-01,6.819419386157636875e-01,-3.863151306283383324e-01,3.498804565741970851e-01
-1.180309057235717773e-02,9.846091270446777344e-04,7.106855511665344238e-03,1.906477846205234528e-02,-7.596466690301895142e-03,1.064816117286682129e-02,8.429431915283203125e-01,6.880293488502502441e-01,-3.944069743156433105e-01,3.600673675537109375e-01,8.316574215528534930e-01,6.845414985632095606e-01,-3.869863119317238365e-01,3.501608770495415746e-01
-1.181705296039581299e-02,1.023158431053161621e-03,7.148172706365585327e-03,1.907646097242832184e-02,-7.603380829095840454e-03,1.061837375164031982e-02,8.422496318817138672e-01,6.905537247657775879e-01,-3.952200412750244141e-01,3.602228164672851562e-01,8.310404087542511142e-01,6.871189749860612261e-01,-3.876516184613356675e-01,3.504386029831114691e-01
-1.183080673217773438e-02,1.061446964740753174e-03,7.189195603132247925e-03,1.908794417977333069e-02,-7.610198110342025757e-03,1.058870553970336914e-02,8.415545821189880371e-01,6.930567026138305664e-01,-3.960250616073608398e-01,3.603751957416534424e-01,8.304234546013991025e-01,6.896745351286599490e-01,-3.883110970277240392e-01,3.507136579357868489e-01
-1.184440404176712036e-02,1.099396497011184692e-03,7.229922339320182800e-03,1.909919641911983490e-02,-7.616925984621047974e-03,1.055914908647537231e-02,8.408598303794860840e-01,6.955371499061584473e-01,-3.968242108821868896e-01,3.605260848999023438e-01,8.298065610070586295e-01,6.922083451135055965e-01,-3.889647941082290949e-01,3.509860652815159909e-01
-1.185773313045501709e-02,1.137122511863708496e-03,7.270328700542449951e-03,1.911022514104843140e-02,-7.623497396707534790e-03,1.052971184253692627e-02,8.401607275009155273e-01,6.979943513870239258e-01,-3.976122438907623291e-01,3.606715798377990723e-01,8.291897298613664091e-01,6.947205699314714655e-01,-3.896127558491699339e-01,3.512558482088675160e-01
-1.187094673514366150e-02,1.174557954072952271e-03,7.310438901185989380e-03,1.912108249962329865e-02,-7.629990577697753906e-03,1.050036400556564331e-02,8.394625186920166016e-01,7.004323005676269531e-01,-3.983952701091766357e-01,3.608145415782928467e-01,8.285729630359266462e-01,6.972113734320722900e-01,-3.902550280679192851e-01,3.515230297225885314e-01
-1.188395544886589050e-02,1.211710274219512939e-03,7.350310683250427246e-03,1.913171820342540741e-02,-7.636401802301406860e-03,1.047114282846450806e-02,8.387631177902221680e-01,7.028493881225585938e-01,-3.991714715957641602e-01,3.609566688537597656e-01,8.279562623879336281e-01,6.996809183130225929e-01,-3.908916562550016627e-01,3.517876326451540026e-01
-1.189677417278289795e-02,1.248579472303390503e-03,7.389869540929794312e-03,1.914215087890625000e-02,-7.642682641744613647e-03,1.044203341007232666e-02,8.380627036094665527e-01,7.052441239356994629e-01,-3.999397158622741699e-01,3.610948324203491211e-01,8.273396297642675590e-01,7.021293661108330975e-01,-3.915226855762706237e-01,3.520496796183313903e-01
-1.190937682986259460e-02,1.285184174776077271e-03,7.429134100675582886e-03,1.915237493813037872e-02,-7.648859173059463501e-03,1.041299104690551758e-02,8.373596072196960449e-01,7.076173424720764160e-01,-4.007005095481872559e-01,3.612295985221862793e-01,8.267230670056248121e-01,7.045568771904230365e-01,-3.921481608749498582e-01,3.523091931047291903e-01
-1.192182302474975586e-02,1.321557909250259399e-03,7.468122988939285278e-03,1.916240341961383820e-02,-7.654935121536254883e-03,1.038417220115661621e-02,8.366566896438598633e-01,7.099710106849670410e-01,-4.014521837234497070e-01,3.613620996475219727e-01,8.261065759506386330e-01,7.069636107351706666e-01,-3.927681266737990673e-01,3.525661953893595713e-01
-1.193408295512199402e-02,1.357644796371459961e-03,7.506800815463066101e-03,1.917222142219543457e-02,-7.660910487174987793e-03,1.035535335540771484e-02,8.359511494636535645e-01,7.123031616210937500e-01,-4.021981060504913330e-01,3.614906370639801025e-01,8.254901584399996217e-01,7.093497247371816083e-01,-3.933826271772347116e-01,3.528207085811881361e-01
-1.194617897272109985e-02,1.393474638462066650e-03,7.545258849859237671e-03,1.918186806142330170e-02,-7.666777819395065308e-03,1.032669097185134888e-02,8.352459669113159180e-01,7.146167159080505371e-01,-4.029372930526733398e-01,3.616177439689636230e-01,8.248738163205937557e-01,7.117153759866827745e-01,-3.939917062734049069e-01,3.530727546146901208e-01
-1.195808500051498413e-02,1.429013907909393311e-03,7.583390921354293823e-03,1.919127069413661957e-02,-7.672574371099472046e-03,1.029816269874572754e-02,8.345395326614379883e-01,7.169074416160583496e-01,-4.036685824394226074e-01,3.617426455020904541e-01,8.242575514496360833e-01,7.140607200624549122e-01,-3.945954075363101166e-01,3.533223552514147547e-01
-1.196976751089096069e-02,1.464299857616424561e-03,7.621243596076965332e-03,1.920050568878650665e-02,-7.678244262933731079e-03,1.026967167854309082e-02,8.338305354118347168e-01,7.191774845123291016e-01,-4.043928384780883789e-01,3.618631362915039062e-01,8.236413656988077481e-01,7.163859113215548247e-01,-3.951937742279805765e-01,3.535695320815285814e-01
-1.198134198784828186e-02,1.499362289905548096e-03,7.658846676349639893e-03,1.920953951776027679e-02,-7.683832198381423950e-03,1.024135947227478027e-02,8.331216573715209961e-01,7.214301228523254395e-01,-4.051099121570587158e-01,3.619820475578308105e-01,8.230252609583975643e-01,7.186911028892012387e-01,-3.957868493004944588e-01,3.538143065253801511e-01
-1.199270039796829224e-02,1.534178853034973145e-03,7.696123793721199036e-03,1.921837590634822845e-02,-7.689312100410461426e-03,1.021309196949005127e-02,8.324096798896789551e-01,7.236610651016235352e-01,-4.058190584182739258e-01,3.620961010456085205e-01,8.224092391414618008e-01,7.209764466486598966e-01,-3.963746753981893245e-01,3.540566998350533345e-01
-1.200391352176666260e-02,1.568675041198730469e-03,7.733175531029701233e-03,1.922705210745334625e-02,-7.694721221923828125e-03,1.018495857715606689e-02,8.316999673843383789e-01,7.258727550506591797e-01,-4.065239131450653076e-01,3.622103035449981689e-01,8.217933021879645361e-01,7.232420932311857120e-01,-3.969572948596921669e-01,3.542967330959222449e-01
-1.201489940285682678e-02,1.602999866008758545e-03,7.769946008920669556e-03,1.923550106585025787e-02,-7.700044661760330200e-03,1.015691459178924561e-02,8.309854269027709961e-01,7.280649542808532715e-01,-4.072193205356597900e-01,3.623205721378326416e-01,8.211774520689374413e-01,7.254881920058529055e-01,-3.975347497201073832e-01,3.545344272282057729e-01
-1.202581077814102173e-02,1.636996865272521973e-03,7.806476205587387085e-03,1.924380287528038025e-02,-7.705278694629669189e-03,1.012904942035675049e-02,8.302752971649169922e-01,7.302387356758117676e-01,-4.079105257987976074e-01,3.624305427074432373e-01,8.205616907906413404e-01,7.277148910694409834e-01,-3.981070817130699102e-01,3.547698029885291704e-01
-1.203645765781402588e-02,1.670815050601959229e-03,7.842693477869033813e-03,1.925185881555080414e-02,-7.710374891757965088e-03,1.010120660066604614e-02,8.295578956604003906e-01,7.323911190032958984e-01,-4.085915684700012207e-01,3.625342547893524170e-01,8.199460203987273266e-01,7.299223372361575146e-01,-3.986743322729335293e-01,3.550028809714736444e-01
-1.204697042703628540e-02,1.704379916191101074e-03,7.878679782152175903e-03,1.925976760685443878e-02,-7.715392857789993286e-03,1.007349789142608643e-02,8.288418054580688477e-01,7.345259785652160645e-01,-4.092671275138854980e-01,3.626366853713989258e-01,8.193304429824090906e-01,7.321106760277416026e-01,-3.992365425367894738e-01,3.552336816111372197e-01
-1.205733045935630798e-02,1.737684011459350586e-03,7.914390414953231812e-03,1.926750317215919495e-02,-7.720362395048141479e-03,1.004589349031448364e-02,8.281257152557373047e-01,7.366418242454528809e-01,-4.099369049072265625e-01,3.627375066280364990e-01,8.187149147117110948e-01,7.342802464969965248e-01,-3.997937520977072889e-01,3.554622238758242680e-01
-1.206752657890319824e-02,1.770742237567901611e-03,7.949860766530036926e-03,1.927503570914268494e-02,-7.725223898887634277e-03,1.001840829849243164e-02,8.274085521697998047e-01,7.387388944625854492e-01,-4.105997681617736816e-01,3.628360927104949951e-01,8.180994644536980775e-01,7.364310785724735853e-01,-4.003460022295821097e-01,3.556885286417686975e-01
-1.207752525806427002e-02,1.803562045097351074e-03,7.985053583979606628e-03,1.928238756954669952e-02,-7.729984819889068604e-03,9.991049766540527344e-03,8.266899585723876953e-01,7.408156394958496094e-01,-4.112546443939208984e-01,3.629316091537475586e-01,8.174841033826647507e-01,7.385632760234746019e-01,-4.008933334332036580e-01,3.559126161248030162e-01
-1.208738982677459717e-02,1.836165785789489746e-03,8.019989356398582458e-03,1.928955875337123871e-02,-7.734660059213638306e-03,9.963706135749816895e-03,8.259689807891845703e-01,7.428755760192871094e-01,-4.119043648242950439e-01,3.630236089229583740e-01,8.168688329100454171e-01,7.406769829156967244e-01,-4.014357856537212332e-01,3.561345061072179186e-01
-1.209709048271179199e-02,1.868519932031631470e-03,8.054673671722412109e-03,1.929655298590660095e-02,-7.739279419183731079e-03,9.936511516571044922e-03,8.252484202384948730e-01,7.449167370796203613e-01,-4.125474989414215088e-01,3.631145954132080078e-01,8.162536544681403550e-01,7.427723421587170138e-01,-4.019733985484444383e-01,3.563542182173606299e-01
-1.210663840174674988e-02,1.900654286146163940e-03,8.089110255241394043e-03,1.930338144302368164e-02,-7.743801921606063843e-03,9.909451007843017578e-03,8.245272636413574219e-01,7.469401359558105469e-01,-4.131835401058197021e-01,3.632029891014099121e-01,8.156385695133766545e-01,7.448494954999803630e-01,-4.025062114889872422e-01,3.565717719311590206e-01
-1.211602240800857544e-02,1.932535320520401001e-03,8.123271167278289795e-03,1.930999942123889923e-02,-7.748242467641830444e-03,9.882450103759765625e-03,8.238041400909423828e-01,7.489438652992248535e-01,-4.138134121894836426e-01,3.632885813713073730e-01,8.150235795295430741e-01,7.469085835187292410e-01,-4.030342635632974124e-01,3.567871865736554904e-01
-1.212522760033607483e-02,1.964233815670013428e-03,8.157210424542427063e-03,1.931648142635822296e-02,-7.752604782581329346e-03,9.855568408966064453e-03,8.230798244476318359e-01,7.509313821792602539e-01,-4.144362807273864746e-01,3.633719086647033691e-01,8.144086860310226772e-01,7.489497456199365466e-01,-4.035575935778109025e-01,3.570004813205289174e-01
-1.213432103395462036e-02,1.995678991079330444e-03,8.190890774130821228e-03,1.932277344167232513e-02,-7.756885141134262085e-03,9.828791022300720215e-03,8.223556280136108398e-01,7.529009580612182617e-01,-4.150535464286804199e-01,3.634530603885650635e-01,8.137938905660713207e-01,7.509731200284003316e-01,-4.040762400594708481e-01,3.572116751996282091e-01
-1.214324310421943665e-02,2.026870846748352051e-03,8.224334567785263062e-03,1.932890713214874268e-02,-7.761109620332717896e-03,9.802073240280151367e-03,8.216308951377868652e-01,7.548525333404541016e-01,-4.156660437583923340e-01,3.635327816009521484e-01,8.131791947200488480e-01,7.529788437824574965e-01,-4.045902412578590845e-01,3.574207870925028563e-01
-1.215197890996932983e-02,2.057861536741256714e-03,8.257530629634857178e-03,1.933484338223934174e-02,-7.765240967273712158e-03,9.775519371032714844e-03,8.209042549133300781e-01,7.567855119705200195e-01,-4.162698388099670410e-01,3.636100888252258301e-01,8.125646001186739298e-01,7.549670527280237797e-01,-4.050996351472827550e-01,3.576278357359225502e-01
-1.216061040759086609e-02,2.088658511638641357e-03,8.290458470582962036e-03,1.934063993394374847e-02,-7.769256830215454102e-03,9.749047458171844482e-03,8.201768994331359863e-01,7.587024569511413574e-01,-4.168672561645507812e-01,3.636829853057861328e-01,8.119501084312970018e-01,7.569378815128541271e-01,-4.056044594288609195e-01,3.578328397234156744e-01
-1.216906681656837463e-02,2.119213342666625977e-03,8.323147892951965332e-03,1.934626325964927673e-02,-7.773224264383316040e-03,9.722605347633361816e-03,8.194480538368225098e-01,7.606015205383300781e-01,-4.174599647521972656e-01,3.637541532516479492e-01,8.113357213741554386e-01,7.588914635799270947e-01,-4.061047515326110524e-01,3.580358175067978044e-01
-1.217738911509513855e-02,2.149514853954315186e-03,8.355651050806045532e-03,1.935171522200107574e-02,-7.777161896228790283e-03,9.696349501609802246e-03,8.187209367752075195e-01,7.624839544296264648e-01,-4.180475473403930664e-01,3.638267219066619873e-01,8.107214407136399403e-01,7.608279311618688645e-01,-4.066005486195354846e-01,3.582367873976940453e-01
-1.218554377555847168e-02,2.179637551307678223e-03,8.387869223952293396e-03,1.935698278248310089e-02,-7.780939340591430664e-03,9.670160710811614990e-03,8.179902434349060059e-01,7.643481492996215820e-01,-4.186264276504516602e-01,3.638931810855865479e-01,8.101072682695659166e-01,7.627474152747748537e-01,-4.070918875837193918e-01,3.584357675690669764e-01
-1.219355314970016479e-02,2.209533005952835083e-03,8.419867604970932007e-03,1.936210133135318756e-02,-7.784720510244369507e-03,9.644031524658203125e-03,8.172594308853149414e-01,7.661964893341064453e-01,-4.192015528678894043e-01,3.639595508575439453e-01,8.094932059184470896e-01,7.646500457121416794e-01,-4.075788050544059682e-01,3.586327760567549761e-01
-1.220143958926200867e-02,2.239227294921875000e-03,8.451633155345916748e-03,1.936706714332103729e-02,-7.788367569446563721e-03,9.618066251277923584e-03,8.165284395217895508e-01,7.680281400680541992e-01,-4.197691082954406738e-01,3.640226721763610840e-01,8.088792555967569964e-01,7.665359510387441677e-01,-4.080613373981055170e-01,3.588278307609957252e-01
-1.220915466547012329e-02,2.268724143505096436e-03,8.483147248625755310e-03,1.937185414135456085e-02,-7.791996002197265625e-03,9.592123329639434814e-03,8.157949447631835938e-01,7.698431611061096191e-01,-4.203315079212188721e-01,3.640839159488677979e-01,8.082654193042299040e-01,7.684052585848946126e-01,-4.085395207206822255e-01,3.590209494479520425e-01
-1.221678406000137329e-02,2.297952771186828613e-03,8.514419198036193848e-03,1.937650144100189209e-02,-7.795542478561401367e-03,9.566381573677062988e-03,8.150649070739746094e-01,7.716409564018249512e-01,-4.208881855010986328e-01,3.641442358493804932e-01,8.076516991071230889e-01,7.702580944402104279e-01,-4.090133908694176812e-01,3.592121497512431039e-01
-1.222418248653411865e-02,2.327024936676025391e-03,8.545467630028724670e-03,1.938097365200519562e-02,-7.798988372087478638e-03,9.540610015392303467e-03,8.143289089202880859e-01,7.734218835830688477e-01,-4.214381873607635498e-01,3.641999959945678711e-01,8.070380971415117566e-01,7.720945834476005132e-01,-4.094829834351430553e-01,3.594014491734766059e-01
-1.223151758313179016e-02,2.355858683586120605e-03,8.576322346925735474e-03,1.938530802726745605e-02,-7.802415639162063599e-03,9.515002369880676270e-03,8.135961294174194336e-01,7.751885056495666504e-01,-4.219845235347747803e-01,3.642567992210388184e-01,8.064246156165669754e-01,7.739148491973606436e-01,-4.099483337542801364e-01,3.595888650877711035e-01
-1.223868876695632935e-02,2.384498715400695801e-03,8.606936782598495483e-03,1.938946731388568878e-02,-7.805749773979187012e-03,9.489476680755615234e-03,8.128610849380493164e-01,7.769382596015930176e-01,-4.225239753723144531e-01,3.643104434013366699e-01,8.058112568178512625e-01,7.757190140209960783e-01,-4.104094769109619678e-01,3.597744147392885061e-01
-1.224571466445922852e-02,2.412948757410049438e-03,8.637316524982452393e-03,1.939346641302108765e-02,-7.809005677700042725e-03,9.464040398597717285e-03,8.121246099472045898e-01,7.786717414855957031e-01,-4.230570793151855469e-01,3.643613159656524658e-01,8.051980231106143915e-01,7.775071989856442434e-01,-4.108664477391419378e-01,3.599581152467651313e-01
-1.225260645151138306e-02,2.441190183162689209e-03,8.667472749948501587e-03,1.939732581377029419e-02,-7.812220603227615356e-03,9.438693523406982422e-03,8.113881349563598633e-01,7.803896665573120117e-01,-4.235852360725402832e-01,3.644109368324279785e-01,8.045849169430799863e-01,7.792795238874611341e-01,-4.113192808246236565e-01,3.601399836040349856e-01
-1.225936040282249451e-02,2.469215542078018188e-03,8.697392418980598450e-03,1.940104179084300995e-02,-7.815375924110412598e-03,9.413465857505798340e-03,8.106517791748046875e-01,7.820910811424255371e-01,-4.241075515747070312e-01,3.644588589668273926e-01,8.039719408497445485e-01,7.810361072462617127e-01,-4.117680105072041297e-01,3.603200366815610955e-01
-1.226596534252166748e-02,2.497073262929916382e-03,8.727088570594787598e-03,1.940458267927169800e-02,-7.818419486284255981e-03,9.388320147991180420e-03,8.099128603935241699e-01,7.837766408920288086e-01,-4.246227741241455078e-01,3.645031452178955078e-01,8.033590974546890306e-01,7.827770662991251349e-01,-4.122126708827266728e-01,3.604982912279670604e-01
-1.227248460054397583e-02,2.524696290493011475e-03,8.756596595048904419e-03,1.940798386931419373e-02,-7.821444422006607056e-03,9.363248944282531738e-03,8.091752529144287109e-01,7.854481935501098633e-01,-4.251353740692138672e-01,3.645476698875427246e-01,8.027463894748646522e-01,7.845025169947076327e-01,-4.126532958052006594e-01,3.606747638715628312e-01
-1.227881014347076416e-02,2.552129328250885010e-03,8.785849437117576599e-03,1.941122673451900482e-02,-7.824379950761795044e-03,9.338259696960449219e-03,8.084353208541870117e-01,7.871020436286926270e-01,-4.256405830383300781e-01,3.645887374877929688e-01,8.021338197234109124e-01,7.862125739871208552e-01,-4.130899188888889628e-01,3.608494711218713791e-01
-1.228506863117218018e-02,2.579361200332641602e-03,8.814925327897071838e-03,1.941433176398277283e-02,-7.827285677194595337e-03,9.313434362411499023e-03,8.076974153518676758e-01,7.887427210807800293e-01,-4.261413812637329102e-01,3.646302521228790283e-01,8.015213911129676072e-01,7.879073506301897956e-01,-4.135225735103710276e-01,3.610224293711615795e-01
-1.229112595319747925e-02,2.606391906738281250e-03,8.843697607517242432e-03,1.941727660596370697e-02,-7.830064743757247925e-03,9.288586676120758057e-03,8.069552779197692871e-01,7.903642654418945312e-01,-4.266352653503417969e-01,3.646655678749084473e-01,8.009091066589641983e-01,7.895869589712216641e-01,-4.139512928106299783e-01,3.611936548959762683e-01
-1.229713857173919678e-02,2.633281052112579346e-03,8.872384205460548401e-03,1.942009292542934418e-02,-7.832877337932586670e-03,9.263932704925537109e-03,8.062157034873962402e-01,7.919772863388061523e-01,-4.271259903907775879e-01,3.647041916847229004e-01,8.002969454020951723e-01,7.912516021711806236e-01,-4.143761073621745616e-01,3.613631604356479232e-01
-1.230293884873390198e-02,2.659970894455909729e-03,8.900765329599380493e-03,1.942275650799274445e-02,-7.835548371076583862e-03,9.239293634891510010e-03,8.054723739624023438e-01,7.935707569122314453e-01,-4.276087880134582520e-01,3.647365570068359375e-01,7.996847080615904213e-01,7.929021669975941933e-01,-4.147970302044396429e-01,3.615309332534950015e-01
-1.230866461992263794e-02,2.686480060219764709e-03,8.929001167416572571e-03,1.942528970539569855e-02,-7.838211953639984131e-03,9.214758872985839844e-03,8.047299385070800781e-01,7.951526045799255371e-01,-4.280884861946105957e-01,3.647696971893310547e-01,7.990725882590100637e-01,7.945380313161352070e-01,-4.152141122346162949e-01,3.616970163353766532e-01
-1.231427863240242004e-02,2.712784335017204285e-03,8.957026526331901550e-03,1.942766644060611725e-02,-7.840793579816818237e-03,9.190320968627929688e-03,8.039872646331787109e-01,7.967192530632019043e-01,-4.285629689693450928e-01,3.648009002208709717e-01,7.984605867425680348e-01,7.961593123253938309e-01,-4.156273854093657794e-01,3.618614251247674329e-01
-1.231973990797996521e-02,2.738891169428825378e-03,8.984833955764770508e-03,1.942991279065608978e-02,-7.843323051929473877e-03,9.165987372398376465e-03,8.032443523406982422e-01,7.982703447341918945e-01,-4.290317893028259277e-01,3.648306131362915039e-01,7.978487042675541652e-01,7.977661263212401099e-01,-4.160368814493105583e-01,3.620241749410956222e-01
-1.232507452368736267e-02,2.764862030744552612e-03,9.012412279844284058e-03,1.943200454115867615e-02,-7.845781743526458740e-03,9.141668677330017090e-03,8.024982213973999023e-01,7.998076081275939941e-01,-4.294949173927307129e-01,3.648562431335449219e-01,7.972369415975716356e-01,7.993585886986264155e-01,-4.164426318409394367e-01,3.621852809809712470e-01
-1.233032345771789551e-02,2.790629863739013672e-03,9.039865806698799133e-03,1.943398639559745789e-02,-7.848225533962249756e-03,9.117543697357177734e-03,8.017551898956298828e-01,8.013327717781066895e-01,-4.299543499946594238e-01,3.648841381072998047e-01,7.966252995058201725e-01,8.009368139536661158e-01,-4.168446678385011595e-01,3.623447583194258081e-01
-1.233540102839469910e-02,2.816196531057357788e-03,9.067000821232795715e-03,1.943580992519855499e-02,-7.850557565689086914e-03,9.093441069126129150e-03,8.010092377662658691e-01,8.028390407562255859e-01,-4.304065108299255371e-01,3.649063110351562500e-01,7.960137787763402750e-01,8.025009156859833626e-01,-4.172430204658869601e-01,3.625026219111442405e-01
-1.234040409326553345e-02,2.841606736183166504e-03,9.094012901186943054e-03,1.943750120699405670e-02,-7.852885872125625610e-03,9.069457650184631348e-03,8.002640604972839355e-01,8.043348789215087891e-01,-4.308553338050842285e-01,3.649295568466186523e-01,7.954023802052847536e-01,8.040510066004090683e-01,-4.176377205185241581e-01,3.626588865917021454e-01
-1.234526187181472778e-02,2.866823226213455200e-03,9.120788425207138062e-03,1.943905837833881378e-02,-7.855124771595001221e-03,9.045526385307312012e-03,7.995175719261169434e-01,8.058148622512817383e-01,-4.312985539436340332e-01,3.649495840072631836e-01,7.947911046021794990e-01,8.055871985094396059e-01,-4.180287985652590410e-01,3.628135670787993039e-01
-1.235000789165496826e-02,2.891877666115760803e-03,9.147396311163902283e-03,1.944048143923282623e-02,-7.857318967580795288e-03,9.021691977977752686e-03,7.987705469131469727e-01,8.072821497917175293e-01,-4.317370653152465820e-01,3.649686276912689209e-01,7.941799527911861389e-01,8.071096023352615223e-01,-4.184162849502384707e-01,3.629666779734968540e-01
-1.235464960336685181e-02,2.916762605309486389e-03,9.173817932605743408e-03,1.944177225232124329e-02,-7.859494537115097046e-03,8.997939527034759521e-03,7.980234622955322266e-01,8.087365627288818359e-01,-4.321714937686920166e-01,3.649869561195373535e-01,7.935689256123937829e-01,8.086183281119362354e-01,-4.188002097948384517e-01,3.631182337614437539e-01
-1.235916838049888611e-02,2.941455692052841187e-03,9.200023487210273743e-03,1.944292336702346802e-02,-7.861562073230743408e-03,8.974283933639526367e-03,7.972756624221801758e-01,8.101757764816284180e-01,-4.325998723506927490e-01,3.650023341178894043e-01,7.929580239230560323e-01,8.101134849874245258e-01,-4.191806029995007177e-01,3.632682488141245614e-01
-1.236356422305107117e-02,2.966001629829406738e-03,9.226018562912940979e-03,1.944395713508129120e-02,-7.863599807024002075e-03,8.950717747211456299e-03,7.965271472930908203e-01,8.116016983985900879e-01,-4.330228567123413086e-01,3.650158941745758057e-01,7.923472485988927172e-01,8.115951812257727882e-01,-4.195574942456492540e-01,3.634167373900804021e-01
-1.236785203218460083e-02,2.990366891026496887e-03,9.251836687326431274e-03,1.944485679268836975e-02,-7.865615189075469971e-03,8.927211165428161621e-03,7.957783937454223633e-01,8.130147457122802734e-01,-4.334423542022705078e-01,3.650289177894592285e-01,7.917366005353544400e-01,8.130635242094634840e-01,-4.199309129975729027e-01,3.635637136361567490e-01
-1.237203553318977356e-02,3.014551475644111633e-03,9.277466684579849243e-03,1.944561861455440521e-02,-7.867552340030670166e-03,8.903756737709045410e-03,7.950287461280822754e-01,8.144143223762512207e-01,-4.338575005531311035e-01,3.650396466255187988e-01,7.911260806488989994e-01,8.145186204412743214e-01,-4.203008885043187370e-01,3.637091915887281091e-01
-1.237608864903450012e-02,3.038581460714340210e-03,9.302923455834388733e-03,1.944626867771148682e-02,-7.869437336921691895e-03,8.880466222763061523e-03,7.942794561386108398e-01,8.158006072044372559e-01,-4.342663884162902832e-01,3.650495409965515137e-01,7.905156898782734753e-01,8.159605755469026001e-01,-4.206674498015862684e-01,3.638531851749397528e-01
-1.238007098436355591e-02,3.062434494495391846e-03,9.328171610832214355e-03,1.944677904248237610e-02,-7.871288806200027466e-03,8.857205510139465332e-03,7.935296297073364258e-01,8.171743154525756836e-01,-4.346720576286315918e-01,3.650576472282409668e-01,7.899054291857914301e-01,8.173894942766598559e-01,-4.210306257135867924e-01,3.639957082139356759e-01
-1.238390058279037476e-02,3.086127340793609619e-03,9.353213012218475342e-03,1.944715343415737152e-02,-7.873073220252990723e-03,8.834011852741241455e-03,7.927781343460083008e-01,8.185334801673889160e-01,-4.350717961788177490e-01,3.650631904602050781e-01,7.892952995586245413e-01,8.188054805080955401e-01,-4.213904448549827819e-01,3.641367744180997734e-01
-1.238762959837913513e-02,3.109661862254142761e-03,9.378148242831230164e-03,1.944743469357490540e-02,-7.874827831983566284e-03,8.810952305793762207e-03,7.920278310775756836e-01,8.198820948600769043e-01,-4.354680478572845459e-01,3.650696277618408203e-01,7.886853020100739187e-01,8.202086372480208443e-01,-4.217469356327360752e-01,3.642763973942879097e-01
-1.239126548171043396e-02,3.133051097393035889e-03,9.402815252542495728e-03,1.944754645228385925e-02,-7.876552641391754150e-03,8.787907660007476807e-03,7.912749052047729492e-01,8.212168216705322266e-01,-4.358590245246887207e-01,3.650725185871124268e-01,7.880754375808768364e-01,8.215990666348585991e-01,-4.221001262480018057e-01,3.644145906450614869e-01
-1.239476725459098816e-02,3.156248480081558228e-03,9.427336975932121277e-03,1.944757625460624695e-02,-7.878214120864868164e-03,8.764959871768951416e-03,7.905231118202209473e-01,8.225383758544921875e-01,-4.362461268901824951e-01,3.650748729705810547e-01,7.874657073404662810e-01,8.229768699407760124e-01,-4.224500446980333779e-01,3.645513675699251777e-01
-1.239819824695587158e-02,3.179291263222694397e-03,9.451655671000480652e-03,1.944746449589729309e-02,-7.879815995693206787e-03,8.742153644561767578e-03,7.897714376449584961e-01,8.238472938537597656e-01,-4.366275072097778320e-01,3.650754690170288086e-01,7.868561123882905628e-01,8.243421475739807214e-01,-4.227967187780534153e-01,3.646867414665568297e-01
-1.240152493119239807e-02,3.202196210622787476e-03,9.475825354456901550e-03,1.944724842905998230e-02,-7.881391793489456177e-03,8.719295263290405273e-03,7.890177965164184570e-01,8.251459598541259766e-01,-4.370069801807403564e-01,3.650742173194885254e-01,7.862466538550907380e-01,8.256949990810709128e-01,-4.231401760831819403e-01,3.648207255320513043e-01
-1.240473985671997070e-02,3.224942833185195923e-03,9.499825537204742432e-03,1.944691874086856842e-02,-7.882937788963317871e-03,8.696600794792175293e-03,7.882651090621948242e-01,8.264318704605102539e-01,-4.373809993267059326e-01,3.650729358196258545e-01,7.856373329041907994e-01,8.270355231492785286e-01,-4.234804440102503675e-01,3.649533328641437757e-01
-1.240783184766769409e-02,3.247488290071487427e-03,9.523618966341018677e-03,1.944645866751670837e-02,-7.884427905082702637e-03,8.674032986164093018e-03,7.875130176544189453e-01,8.277029395103454590e-01,-4.377496838569641113e-01,3.650704622268676758e-01,7.850281507327966368e-01,8.283638176086539628e-01,-4.238175497597634900e-01,3.650845764624527368e-01
-1.241085305809974670e-02,3.269938752055168152e-03,9.547224268317222595e-03,1.944588683545589447e-02,-7.885850965976715088e-03,8.651480078697204590e-03,7.867586612701416016e-01,8.289638757705688477e-01,-4.381138384342193604e-01,3.650642931461334229e-01,7.844191085733015489e-01,8.296799794345824930e-01,-4.241515203377589915e-01,3.652144692297100703e-01
-1.241377368569374084e-02,3.292154520750045776e-03,9.570686146616935730e-03,1.944519020617008209e-02,-7.887247949838638306e-03,8.629009127616882324e-03,7.860059738159179688e-01,8.302116394042968750e-01,-4.384758472442626953e-01,3.650591075420379639e-01,7.838102076945653307e-01,8.309841047499704203e-01,-4.244823825576902188e-01,3.653430239730012241e-01
-1.241653412580490112e-02,3.314277157187461853e-03,9.593971073627471924e-03,1.944434270262718201e-02,-7.888641208410263062e-03,8.606612682342529297e-03,7.852500081062316895e-01,8.314470052719116211e-01,-4.388317465782165527e-01,3.650526404380798340e-01,7.832014494032425445e-01,8.322762888275963000e-01,-4.248101630423309905e-01,3.654702534049943941e-01
-1.241924613714218140e-02,3.336252644658088684e-03,9.617064148187637329e-03,1.944345608353614807e-02,-7.889918982982635498e-03,8.584320545196533203e-03,7.844961285591125488e-01,8.326717615127563477e-01,-4.391829967498779297e-01,3.650426268577575684e-01,7.825928350450465087e-01,8.335566260925703075e-01,-4.251348882256580364e-01,3.655961701451778678e-01
-1.242187246680259705e-02,3.358084708452224731e-03,9.639987722039222717e-03,1.944240741431713104e-02,-7.891211658716201782e-03,8.562080562114715576e-03,7.837406992912292480e-01,8.338850736618041992e-01,-4.395307600498199463e-01,3.650324344635009766e-01,7.819843660060902257e-01,8.348252101245769996e-01,-4.254565843547222226e-01,3.657207867210943708e-01
-1.242435723543167114e-02,3.379730507731437683e-03,9.662734344601631165e-03,1.944126002490520477e-02,-7.892426103353500366e-03,8.539900183677673340e-03,7.829849720001220703e-01,8.350845575332641602e-01,-4.398741722106933594e-01,3.650203049182891846e-01,7.813759894557785746e-01,8.360823108984628549e-01,-4.257752666520481233e-01,3.658441051125886356e-01
-1.242680102586746216e-02,3.401247784495353699e-03,9.685359895229339600e-03,1.943998597562313080e-02,-7.893640547990798950e-03,8.517786860466003418e-03,7.822294235229492188e-01,8.362754583358764648e-01,-4.402152895927429199e-01,3.650085926055908203e-01,7.807676648557004828e-01,8.373281575353677120e-01,-4.260909526042048756e-01,3.659661295708474538e-01
-1.242910325527191162e-02,3.422623500227928162e-03,9.707780554890632629e-03,1.943860203027725220e-02,-7.894780486822128296e-03,8.495822548866271973e-03,7.814735174179077148e-01,8.374524116516113281e-01,-4.405492246150970459e-01,3.649945259094238281e-01,7.801594697111592369e-01,8.385625928643382077e-01,-4.264036830899281538e-01,3.660868870003147757e-01
-1.243133842945098877e-02,3.443883731961250305e-03,9.730041027069091797e-03,1.943713799118995667e-02,-7.895868271589279175e-03,8.473828434944152832e-03,7.807161808013916016e-01,8.386201858520507812e-01,-4.408807158470153809e-01,3.649774789810180664e-01,7.795514041923753412e-01,8.397857116463265381e-01,-4.267134833497784885e-01,3.662063893051427654e-01
-1.243347302079200745e-02,3.464957699179649353e-03,9.752189740538597107e-03,1.943555660545825958e-02,-7.896982133388519287e-03,8.451968431472778320e-03,7.799606323242187500e-01,8.397767543792724609e-01,-4.412096142768859863e-01,3.649631440639495850e-01,7.789434684643848916e-01,8.409976079785289604e-01,-4.270203784364490218e-01,3.663246482936746151e-01
-1.243548840284347534e-02,3.485897555947303772e-03,9.774131700396537781e-03,1.943384669721126556e-02,-7.898014038801193237e-03,8.430235087871551514e-03,7.792041301727294922e-01,8.409200906753540039e-01,-4.415316581726074219e-01,3.649459779262542725e-01,7.783356626875050921e-01,8.421983752994701700e-01,-4.273243932164670356e-01,3.664416756795130237e-01
-1.243744045495986938e-02,3.506731241941452026e-03,9.795885533094406128e-03,1.943202689290046692e-02,-7.899019867181777954e-03,8.408434689044952393e-03,7.784448862075805664e-01,8.420537710189819336e-01,-4.418513178825378418e-01,3.649255335330963135e-01,7.777279870177747911e-01,8.433881063941423006e-01,-4.276255523719170726e-01,3.665574830825874542e-01
-1.243931427597999573e-02,3.527356311678886414e-03,9.817531332373619080e-03,1.943014189600944519e-02,-7.899999618530273438e-03,8.386775851249694824e-03,7.776894569396972656e-01,8.431764841079711914e-01,-4.421688914299011230e-01,3.649068176746368408e-01,7.771204416074333210e-01,8.445668933993628613e-01,-4.279238804021875398e-01,3.666720820302270534e-01
-1.244108751416206360e-02,3.547919914126396179e-03,9.839020669460296631e-03,1.942811533808708191e-02,-7.900923490524291992e-03,8.365213871002197266e-03,7.769309282302856445e-01,8.442894220352172852e-01,-4.424799084663391113e-01,3.648856580257415771e-01,7.765130266053528185e-01,8.457348278088588911e-01,-4.282194016256603009e-01,3.667854839582291304e-01
-1.244276762008666992e-02,3.568315878510475159e-03,9.860316291451454163e-03,1.942600123584270477e-02,-7.901798933744430542e-03,8.343681693077087402e-03,7.761726379394531250e-01,8.453901410102844238e-01,-4.427877366542816162e-01,3.648622632026672363e-01,7.759057421575155100e-01,8.468920004784606936e-01,-4.285121401814229181e-01,3.668977002119254704e-01
-1.244434341788291931e-02,3.588590770959854126e-03,9.881459176540374756e-03,1.942378282546997070e-02,-7.902674376964569092e-03,8.322283625602722168e-03,7.754146456718444824e-01,8.464802503585815430e-01,-4.430907070636749268e-01,3.648390471935272217e-01,7.752985884074670153e-01,8.480385016315691304e-01,-4.288021200310038195e-01,3.670087420472603612e-01
-1.244587078690528870e-02,3.608686849474906921e-03,9.902443736791610718e-03,1.942145638167858124e-02,-7.903486490249633789e-03,8.300848305225372314e-03,7.746560573577880859e-01,8.475596308708190918e-01,-4.433924555778503418e-01,3.648135960102081299e-01,7.746915654967756470e-01,8.491744208642942882e-01,-4.290893649600843740e-01,3.671186206318472478e-01
-1.244725659489631653e-02,3.628673031926155090e-03,9.923329576849937439e-03,1.941902749240398407e-02,-7.904306054115295410e-03,8.279547095298767090e-03,7.738972902297973633e-01,8.486291766166687012e-01,-4.436896443367004395e-01,3.647894859313964844e-01,7.740846735655014799e-01,8.502998471505400779e-01,-4.293738985802341701e-01,3.672273470460492573e-01
-1.244859769940376282e-02,3.648512065410614014e-03,9.944021701812744141e-03,1.941649243235588074e-02,-7.905032485723495483e-03,8.258342742919921875e-03,7.731388807296752930e-01,8.496872782707214355e-01,-4.439820647239685059e-01,3.647623956203460693e-01,7.734779127526614229e-01,8.514148688476355087e-01,-4.296557443305776269e-01,3.673349322840473441e-01
-1.244981959462165833e-02,3.668261691927909851e-03,9.964570403099060059e-03,1.941385678946971893e-02,-7.905766367912292480e-03,8.237183094024658203e-03,7.723788022994995117e-01,8.507357835769653320e-01,-4.442704319953918457e-01,3.647345006465911865e-01,7.728712831966858543e-01,8.525195737013636643e-01,-4.299349254795747366e-01,3.674413872549011084e-01
-1.245101541280746460e-02,3.687845543026924133e-03,9.984953328967094421e-03,1.941114105284214020e-02,-7.906440645456314087e-03,8.216053247451782227e-03,7.716197967529296875e-01,8.517745137214660645e-01,-4.445569515228271484e-01,3.647046685218811035e-01,7.722647850358873578e-01,8.536140488514294411e-01,-4.302114651266876200e-01,3.675467227836288209e-01
-1.245205476880073547e-02,3.707321360707283020e-03,1.000518538057804108e-02,1.940830610692501068e-02,-7.907118648290634155e-03,8.195042610168457031e-03,7.708594799041748047e-01,8.528015613555908203e-01,-4.448377788066864014e-01,3.646748065948486328e-01,7.716584184089355647e-01,8.546983808365440360e-01,-4.304853862041273516e-01,3.676509496122697951e-01
-1.245305687189102173e-02,3.726657480001449585e-03,1.002525351941585541e-02,1.940540410578250885e-02,-7.907733321189880371e-03,8.174091577529907227e-03,7.701003551483154297e-01,8.538191914558410645e-01,-4.451156258583068848e-01,3.646427690982818604e-01,7.710521834553195619e-01,8.557726556001100660e-01,-4.307567114785769702e-01,3.677540784009592501e-01
-1.245396584272384644e-02,3.745857626199722290e-03,1.004521735012531281e-02,1.940237544476985931e-02,-7.908318191766738892e-03,8.153125643730163574e-03,7.693392038345336914e-01,8.548272848129272461e-01,-4.453915655612945557e-01,3.646102249622344971e-01,7.704460803158224014e-01,8.568369584952515439e-01,-4.310254635528705247e-01,3.678561197289947349e-01
-1.245480403304100037e-02,3.764929249882698059e-03,1.006505452096462250e-02,1.939926855266094208e-02,-7.908903062343597412e-03,8.132353425025939941e-03,7.685806155204772949e-01,8.558259606361389160e-01,-4.456630647182464600e-01,3.645788133144378662e-01,7.698401091329818424e-01,8.578913742903354622e-01,-4.312916648677613818e-01,3.679570840959019429e-01
-1.245555654168128967e-02,3.783866763114929199e-03,1.008472032845020294e-02,1.939605548977851868e-02,-7.909428328275680542e-03,8.111611008644104004e-03,7.678209543228149414e-01,8.568136096000671387e-01,-4.459307789802551270e-01,3.645449876785278320e-01,7.692342700515779619e-01,8.589359871743847963e-01,-4.315553377035896143e-01,3.680569819225162909e-01
-1.245620846748352051e-02,3.802714869379997253e-03,1.010422036051750183e-02,1.939273998141288757e-02,-7.909927517175674438e-03,8.090838789939880371e-03,7.670583128929138184e-01,8.577917814254760742e-01,-4.461952447891235352e-01,3.645083904266357422e-01,7.686285632190896777e-01,8.599708807622170603e-01,-4.318165041820509753e-01,3.681558235520381306e-01
-1.245681568980216980e-02,3.821399062871932983e-03,1.012359932065010071e-02,1.938935369253158569e-02,-7.910411804914474487e-03,8.070230484008789062e-03,7.662991285324096680e-01,8.587604761123657227e-01,-4.464566707611083984e-01,3.644731044769287109e-01,7.680229887861830251e-01,8.609961381001842717e-01,-4.320751862678637312e-01,3.682536192511081663e-01
-1.245729625225067139e-02,3.840006887912750244e-03,1.014284044504165649e-02,1.938586682081222534e-02,-7.910836488008499146e-03,8.049681782722473145e-03,7.655375003814697266e-01,8.597193956375122070e-01,-4.467127323150634766e-01,3.644353747367858887e-01,7.674175469071824462e-01,8.620118416713128395e-01,-4.323314057705263669e-01,3.683503792108839270e-01
-1.245772838592529297e-02,3.858495503664016724e-03,1.016191393136978149e-02,1.938227750360965729e-02,-7.911246269941329956e-03,8.029192686080932617e-03,7.647758126258850098e-01,8.606689572334289551e-01,-4.469655752182006836e-01,3.643963932991027832e-01,7.668122377405323098e-01,8.630180734008796595e-01,-4.325851843460073454e-01,3.684461135480962546e-01
-1.245813071727752686e-02,3.876788541674613953e-03,1.018087379634380341e-02,1.937862113118171692e-02,-7.911641150712966919e-03,8.008733391761779785e-03,7.640167474746704102e-01,8.616093993186950684e-01,-4.472185075283050537e-01,3.643581271171569824e-01,7.662070614493008414e-01,8.640149146616603604e-01,-4.328365434985024796e-01,3.685408323061263314e-01
-1.245838031172752380e-02,3.895014524459838867e-03,1.019973680377006531e-02,1.937484927475452423e-02,-7.912013679742813110e-03,7.988370954990386963e-03,7.632550001144409180e-01,8.625403642654418945e-01,-4.474659562110900879e-01,3.643195331096649170e-01,7.656020182016348707e-01,8.650024462797242242e-01,-4.330855045820910521e-01,3.686345454560785995e-01
-1.245860382914543152e-02,3.913125023245811462e-03,1.021838560700416565e-02,1.937099918723106384e-02,-7.912311702966690063e-03,7.968023419380187988e-03,7.624930143356323242e-01,8.634617924690246582e-01,-4.477097392082214355e-01,3.642766177654266357e-01,7.649971081712518828e-01,8.659807485394644955e-01,-4.333320888025042339e-01,3.687272628978395250e-01
-1.245872676372528076e-02,3.931090235710144043e-03,1.023693196475505829e-02,1.936706714332103729e-02,-7.912628352642059326e-03,7.947787642478942871e-03,7.617324590682983398e-01,8.643735647201538086e-01,-4.479508996009826660e-01,3.642355203628540039e-01,7.643923315379140826e-01,8.669499011896115714e-01,-4.335763172188265013e-01,3.688189944611602877e-01
-1.245878636837005615e-02,3.948971629142761230e-03,1.025534234941005707e-02,1.936304755508899689e-02,-7.912892848253250122e-03,7.927611470222473145e-03,7.609708309173583984e-01,8.652769923210144043e-01,-4.481880068778991699e-01,3.641923367977142334e-01,7.637876884879136741e-01,8.679099834479894193e-01,-4.338182107452192016e-01,3.689097499067117703e-01
-1.245880872011184692e-02,3.966702148318290710e-03,1.027362979948520660e-02,1.935894787311553955e-02,-7.913123816251754761e-03,7.907509803771972656e-03,7.602108716964721680e-01,8.661716580390930176e-01,-4.484230577945709229e-01,3.641489446163177490e-01,7.631831792145513660e-01,8.688610740078579475e-01,-4.340577901525987659e-01,3.689995389271678028e-01
-1.245866343379020691e-02,3.984348848462104797e-03,1.029176637530326843e-02,1.935472711920738220e-02,-7.913362234830856323e-03,7.887408137321472168e-03,7.594470381736755371e-01,8.670555353164672852e-01,-4.486536979675292969e-01,3.641041517257690430e-01,7.625787729455643094e-01,8.698032079731612409e-01,-4.342950452323516841e-01,3.690883472746716576e-01
-1.245851442217826843e-02,4.001908004283905029e-03,1.030979305505752563e-02,1.935046352446079254e-02,-7.913563400506973267e-03,7.867395877838134766e-03,7.586849927902221680e-01,8.679336309432983398e-01,-4.488819241523742676e-01,3.640583753585815430e-01,7.619744815802390603e-01,8.707364791323709552e-01,-4.345300081154213623e-01,3.691761935213135337e-01
-1.245832443237304688e-02,4.019318148493766785e-03,1.032772101461887360e-02,1.934611052274703979e-02,-7.913716137409210205e-03,7.847473025321960449e-03,7.579243183135986328e-01,8.688030242919921875e-01,-4.491077661514282227e-01,3.640126585960388184e-01,7.613703180825945882e-01,8.716609823106221677e-01,-4.347627118453475936e-01,3.692630969877338520e-01
-1.245798915624618530e-02,4.036620259284973145e-03,1.034544408321380615e-02,1.934163272380828857e-02,-7.913883775472640991e-03,7.827565073966979980e-03,7.571609020233154297e-01,8.696603178977966309e-01,-4.493290781974792480e-01,3.639650940895080566e-01,7.607662822461247476e-01,8.725767935210573256e-01,-4.349931762069794150e-01,3.693490667720868981e-01
-1.245762407779693604e-02,4.053788259625434875e-03,1.036308705806732178e-02,1.933710277080535889e-02,-7.913995534181594849e-03,7.807783782482147217e-03,7.564001083374023438e-01,8.705102801322937012e-01,-4.495478272438049316e-01,3.639178872108459473e-01,7.601623738582091727e-01,8.734839882551516110e-01,-4.352214208351398717e-01,3.694341118979248551e-01
-1.245717704296112061e-02,4.070874303579330444e-03,1.038058288395404816e-02,1.933248527348041534e-02,-7.914062589406967163e-03,7.788024842739105225e-03,7.556374669075012207e-01,8.713514804840087891e-01,-4.497628211975097656e-01,3.638681173324584961e-01,7.595585927003762894e-01,8.743826414875245367e-01,-4.354474652160545967e-01,3.695182413150709388e-01
-1.245667040348052979e-02,4.087828099727630615e-03,1.039795763790607452e-02,1.932778209447860718e-02,-7.914151996374130249e-03,7.768318057060241699e-03,7.548756599426269531e-01,8.721844553947448730e-01,-4.499762654304504395e-01,3.638190627098083496e-01,7.589549385485353517e-01,8.752728276812969943e-01,-4.356713286888376224e-01,3.696014639005093527e-01
-1.245610415935516357e-02,4.104705527424812317e-03,1.041522808372974396e-02,1.932301744818687439e-02,-7.914159446954727173e-03,7.748663425445556641e-03,7.541131973266601562e-01,8.730100989341735840e-01,-4.501858949661254883e-01,3.637676537036895752e-01,7.583514111732317931e-01,8.761546207931218966e-01,-4.358930304469765815e-01,3.696837884592639178e-01
-1.245545223355293274e-02,4.121461883187294006e-03,1.043234579265117645e-02,1.931813731789588928e-02,-7.914219051599502563e-03,7.729083299636840820e-03,7.533504962921142578e-01,8.738260269165039062e-01,-4.503926634788513184e-01,3.637171387672424316e-01,7.577480103398899214e-01,8.770280942782125999e-01,-4.361125895397843788e-01,3.697652237252874174e-01
-1.245473325252532959e-02,4.138141870498657227e-03,1.044933497905731201e-02,1.931321248412132263e-02,-7.914196699857711792e-03,7.709510624408721924e-03,7.525867223739624023e-01,8.746346235275268555e-01,-4.505960047245025635e-01,3.636632263660430908e-01,7.571447358090540591e-01,8.778933210958115296e-01,-4.363300248739300780e-01,3.698457783623371742e-01
-1.245396211743354797e-02,4.154674708843231201e-03,1.046625338494777679e-02,1.930820196866989136e-02,-7.914159446954727173e-03,7.690027356147766113e-03,7.518244981765747070e-01,8.754351139068603516e-01,-4.507979750633239746e-01,3.636108040809631348e-01,7.565415873366512223e-01,8.787503737139995552e-01,-4.365453552148678140e-01,3.699254609648590653e-01
-1.245311275124549866e-02,4.171129316091537476e-03,1.048302650451660156e-02,1.930308900773525238e-02,-7.914133369922637939e-03,7.670655846595764160e-03,7.510619163513183594e-01,8.762269020080566406e-01,-4.509952068328857422e-01,3.635580241680145264e-01,7.559385646742262654e-01,8.795993241151096598e-01,-4.367585991883105034e-01,3.700042800588803638e-01
-1.245221495628356934e-02,4.187464714050292969e-03,1.049964688718318939e-02,1.929793134331703186e-02,-7.914047688245773315e-03,7.651299238204956055e-03,7.502996921539306641e-01,8.770104050636291504e-01,-4.511901140213012695e-01,3.635026812553405762e-01,7.553356675691950128e-01,8.804402438008651632e-01,-4.369697752817388037e-01,3.700822441028782106e-01
-1.245123520493507385e-02,4.203677177429199219e-03,1.051619648933410645e-02,1.929269172251224518e-02,-7.913969457149505615e-03,7.631972432136535645e-03,7.495374083518981934e-01,8.777861595153808594e-01,-4.513837695121765137e-01,3.634483814239501953e-01,7.547328957651007197e-01,8.812732037975741228e-01,-4.371789018458745457e-01,3.701593614886721229e-01
-1.245021447539329529e-02,4.219833761453628540e-03,1.053263060748577118e-02,1.928736269474029541e-02,-7.913839071989059448e-03,7.612749934196472168e-03,7.487745881080627441e-01,8.785551786422729492e-01,-4.515729248523712158e-01,3.633924126625061035e-01,7.541302490018594318e-01,8.820982746611584213e-01,-4.373859970961100907e-01,3.702356405423055663e-01
-1.244911178946495056e-02,4.235884174704551697e-03,1.054891198873519897e-02,1.928195357322692871e-02,-7.913693785667419434e-03,7.593534886837005615e-03,7.480106353759765625e-01,8.793151378631591797e-01,-4.517592787742614746e-01,3.633347749710083008e-01,7.535277270160134488e-01,8.829155264828943972e-01,-4.375910791140616429e-01,3.703110895249279721e-01
-1.244796440005302429e-02,4.251820966601371765e-03,1.056509278714656830e-02,1.927649229764938354e-02,-7.913563400506973267e-03,7.574446499347686768e-03,7.472491264343261719e-01,8.800679445266723633e-01,-4.519432187080383301e-01,3.632784187793731689e-01,7.529253295409837898e-01,8.837250288939506593e-01,-4.377941658489866716e-01,3.703857166336784190e-01
-1.244674623012542725e-02,4.267636686563491821e-03,1.058112457394599915e-02,1.927093416452407837e-02,-7.913373410701751709e-03,7.555365562438964844e-03,7.464864850044250488e-01,8.808110952377319336e-01,-4.521241784095764160e-01,3.632195889949798584e-01,7.523230563073232124e-01,8.845268510712922527e-01,-4.379952751192582872e-01,3.704595300025662064e-01
-1.244546100497245789e-02,4.283383488655090332e-03,1.059709489345550537e-02,1.926532760262489319e-02,-7.913153618574142456e-03,7.536336779594421387e-03,7.457235455513000488e-01,8.815487623214721680e-01,-4.523027837276458740e-01,3.631604611873626709e-01,7.517209070429650142e-01,8.853210617423826756e-01,-4.381944246139073962e-01,3.705325377033577006e-01
-1.244413480162620544e-02,4.299040883779525757e-03,1.061296090483665466e-02,1.925961673259735107e-02,-7.912967354059219360e-03,7.517367601394653320e-03,7.449605464935302734e-01,8.822795748710632324e-01,-4.524792432785034180e-01,3.631021380424499512e-01,7.511188814734902630e-01,8.861077291909784659e-01,-4.383916318940173640e-01,3.706047477464565754e-01
-1.244269683957099915e-02,4.314582794904708862e-03,1.062865927815437317e-02,1.925387233495712280e-02,-7.912706583738327026e-03,7.498458027839660645e-03,7.441976070404052734e-01,8.830000162124633789e-01,-4.526513516902923584e-01,3.630408048629760742e-01,7.505169793223709362e-01,8.868869212619406861e-01,-4.385869143942662807e-01,3.706761680817898252e-01
-1.244127750396728516e-02,4.330025985836982727e-03,1.064428314566612244e-02,1.924803294241428375e-02,-7.912427186965942383e-03,7.479622960090637207e-03,7.434356212615966797e-01,8.837152123451232910e-01,-4.528220891952514648e-01,3.629798889160156250e-01,7.499152003112296017e-01,8.876587053668657523e-01,-4.387802894243448271e-01,3.707468065996870621e-01
-1.243972778320312500e-02,4.345403984189033508e-03,1.065979897975921631e-02,1.924211531877517700e-02,-7.912155240774154663e-03,7.460825145244598389e-03,7.426717877388000488e-01,8.844221830368041992e-01,-4.529891014099121094e-01,3.629184663295745850e-01,7.493135441600946578e-01,8.884231484891699226e-01,-4.389717741704977638e-01,3.708166711317684161e-01
-1.243817806243896484e-02,4.360655322670936584e-03,1.067516580224037170e-02,1.923614554107189178e-02,-7.911846041679382324e-03,7.442027330398559570e-03,7.419089078903198242e-01,8.851220011711120605e-01,-4.531551003456115723e-01,3.628549873828887939e-01,7.487120105876613474e-01,8.891803171895561464e-01,-4.391613856969306950e-01,3.708857694518190029e-01
-1.243651285767555237e-02,4.375837743282318115e-03,1.069049909710884094e-02,1.923009194433689117e-02,-7.911566644906997681e-03,7.423318922519683838e-03,7.411454319953918457e-01,8.858153223991394043e-01,-4.533183574676513672e-01,3.627936840057373047e-01,7.481105993115468866e-01,8.899302776113722224e-01,-4.393491409473746501e-01,3.709541092766839854e-01
-1.243485510349273682e-02,4.390927031636238098e-03,1.070568338036537170e-02,1.922397874295711517e-02,-7.911209017038345337e-03,7.404699921607971191e-03,7.403831481933593750e-01,8.865016698837280273e-01,-4.534780979156494141e-01,3.627297580242156982e-01,7.475093100485395992e-01,8.906730954857490223e-01,-4.395350567464583746e-01,3.710216982671398767e-01
-1.243313029408454895e-02,4.405869171023368835e-03,1.072075776755809784e-02,1.921781525015830994e-02,-7.910840213298797607e-03,7.386066019535064697e-03,7.396215200424194336e-01,8.871796131134033203e-01,-4.536374211311340332e-01,3.626655042171478271e-01,7.469081425148740294e-01,8.914088361371781399e-01,-4.397191498012618660e-01,3.710885440287876591e-01
-1.243131607770919800e-02,4.420772194862365723e-03,1.073576696217060089e-02,1.921155676245689392e-02,-7.910486310720443726e-03,7.367543876171112061e-03,7.388586997985839844e-01,8.878516554832458496e-01,-4.537927508354187012e-01,3.626019954681396484e-01,7.463070964264842955e-01,8.921375644886494483e-01,-4.399014367027903050e-01,3.711546541129301935e-01
-1.242945343255996704e-02,4.435554146766662598e-03,1.075061783194541931e-02,1.920521818101406097e-02,-7.910054177045822144e-03,7.349044084548950195e-03,7.380954623222351074e-01,8.885143399238586426e-01,-4.539448320865631104e-01,3.625355958938598633e-01,7.457061714992518908e-01,8.928593450673381060e-01,-4.400819339273804864e-01,3.712200360174535141e-01
-1.242752745747566223e-02,4.450291395187377930e-03,1.076538488268852234e-02,1.919882930815219879e-02,-7.909659296274185181e-03,7.330626249313354492e-03,7.373324036598205566e-01,8.891719579696655273e-01,-4.540942311286926270e-01,3.624698817729949951e-01,7.451053674492823520e-01,8.935742420097430028e-01,-4.402606578382883828e-01,3.712846971877145075e-01
-1.242557540535926819e-02,4.464935511350631714e-03,1.078002154827117920e-02,1.919239386916160583e-02,-7.909227162599563599e-03,7.312163710594177246e-03,7.365687489509582520e-01,8.898230791091918945e-01,-4.542427062988281250e-01,3.624016046524047852e-01,7.445046839931596105e-01,8.942823190671537192e-01,-4.404376246870497780e-01,3.713486450174207087e-01
-1.242357864975929260e-02,4.479506984353065491e-03,1.079463772475719452e-02,1.918587647378444672e-02,-7.908817380666732788e-03,7.293879985809326172e-03,7.358067035675048828e-01,8.904692530632019043e-01,-4.543882012367248535e-01,3.623364269733428955e-01,7.439041374484499647e-01,8.949833174331640606e-01,-4.406128062331716166e-01,3.714118570380548490e-01
-1.242148876190185547e-02,4.493929445743560791e-03,1.080904528498649597e-02,1.917929761111736298e-02,-7.908333092927932739e-03,7.275536656379699707e-03,7.350436449050903320e-01,8.911041021347045898e-01,-4.545311927795410156e-01,3.622668981552124023e-01,7.433037135637632353e-01,8.956775710281550396e-01,-4.407862558537664066e-01,3.714743656270829142e-01
-1.241937652230262756e-02,4.508277401328086853e-03,1.082342863082885742e-02,1.917266845703125000e-02,-7.907867431640625000e-03,7.257334887981414795e-03,7.342826724052429199e-01,8.917348384857177734e-01,-4.546723961830139160e-01,3.621999621391296387e-01,7.427034118831173926e-01,8.963651458463874899e-01,-4.409579899428323069e-01,3.715361783432982179e-01
-1.241720467805862427e-02,4.522548988461494446e-03,1.083768531680107117e-02,1.916594244539737701e-02,-7.907342165708541870e-03,7.239162921905517578e-03,7.335200309753417969e-01,8.923577070236206055e-01,-4.548099637031555176e-01,3.621305823326110840e-01,7.421032322884710819e-01,8.970461009875568825e-01,-4.411280238890793459e-01,3.715973020931846449e-01
-1.241494342684745789e-02,4.536757245659828186e-03,1.085184141993522644e-02,1.915917173027992249e-02,-7.906835526227951050e-03,7.220976054668426514e-03,7.327560782432556152e-01,8.929743766784667969e-01,-4.549457430839538574e-01,3.620603680610656738e-01,7.415031746693114822e-01,8.977204950788405524e-01,-4.412963729615819175e-01,3.716577437256691208e-01
-1.241269707679748535e-02,4.550868645310401917e-03,1.086591184139251709e-02,1.915235817432403564e-02,-7.906332612037658691e-03,7.202923297882080078e-03,7.319954037666320801e-01,8.935860395431518555e-01,-4.550798535346984863e-01,3.619913458824157715e-01,7.409032389229888160e-01,8.983883862782875429e-01,-4.414630523110267268e-01,3.717175100328463655e-01
-1.241038367152214050e-02,4.564875736832618713e-03,1.087985187768936157e-02,1.914544217288494110e-02,-7.905788719654083252e-03,7.184818387031555176e-03,7.312322854995727539e-01,8.941894769668579102e-01,-4.552120864391326904e-01,3.619199693202972412e-01,7.403034249550703993e-01,8.990498322785356322e-01,-4.416280769708916809e-01,3.717766077506988176e-01
-1.240796968340873718e-02,4.578834399580955505e-03,1.089373975992202759e-02,1.913849264383316040e-02,-7.905226200819015503e-03,7.166862487792968750e-03,7.304698228836059570e-01,8.947868347167968750e-01,-4.553399085998535156e-01,3.618491888046264648e-01,7.397037326797004653e-01,8.997048903103109785e-01,-4.417914618587503450e-01,3.718350435598265502e-01
-1.240554451942443848e-02,4.592720419168472290e-03,1.090751774609088898e-02,1.913147233426570892e-02,-7.904659956693649292e-03,7.148921489715576172e-03,7.297072410583496094e-01,8.953788280487060547e-01,-4.554663300514221191e-01,3.617774546146392822e-01,7.391041620199538809e-01,9.003536171464183724e-01,-4.419532217774622684e-01,3.718928240861597567e-01
-1.240309327840805054e-02,4.606483504176139832e-03,1.092119328677654266e-02,1.912441290915012360e-02,-7.904063910245895386e-03,7.131010293960571289e-03,7.289460897445678711e-01,8.959640264511108398e-01,-4.555917978286743164e-01,3.617049753665924072e-01,7.385047129081768746e-01,9.009960691049673231e-01,-4.421133714164206530e-01,3.719499559016885004e-01
-1.240055635571479797e-02,4.620179533958435059e-03,1.093478500843048096e-02,1.911727152764797211e-02,-7.903460413217544556e-03,7.113158702850341797e-03,7.281838655471801758e-01,8.965424299240112305e-01,-4.557140469551086426e-01,3.616325259208679199e-01,7.379053852863656227e-01,9.016323020532533983e-01,-4.422719253528222261e-01,3.720064455251868574e-01
-1.239796727895736694e-02,4.633799195289611816e-03,1.094827428460121155e-02,1.911006681621074677e-02,-7.902853190898895264e-03,7.095292210578918457e-03,7.274206280708312988e-01,8.971148729324340820e-01,-4.558348655700683594e-01,3.615589141845703125e-01,7.373061791064986492e-01,9.022623714114761384e-01,-4.424288980528695014e-01,3.720622994229270120e-01
-1.239537447690963745e-02,4.647346213459968567e-03,1.096169836819171906e-02,1.910282857716083527e-02,-7.902227342128753662e-03,7.077559828758239746e-03,7.266598939895629883e-01,8.976827263832092285e-01,-4.559534490108489990e-01,3.614859580993652344e-01,7.367070943309118602e-01,9.028863321563468380e-01,-4.425843038730290502e-01,3.721175240094108938e-01
-1.239269226789474487e-02,4.660803824663162231e-03,1.097496785223484039e-02,1.909551396965980530e-02,-7.901582866907119751e-03,7.059834897518157959e-03,7.258976101875305176e-01,8.982417583465576172e-01,-4.560686349868774414e-01,3.614108562469482422e-01,7.361081309326287236e-01,9.035042388245876355e-01,-4.427381570612341499e-01,3.721721256480906015e-01
-1.238997653126716614e-02,4.674211144447326660e-03,1.098820567131042480e-02,1.908815652132034302e-02,-7.900919765233993530e-03,7.042124867439270020e-03,7.251349687576293945e-01,8.987972736358642578e-01,-4.561828970909118652e-01,3.613356351852416992e-01,7.355092888957488473e-01,9.041161455170869665e-01,-4.428904717581882977e-01,3.722261106520882157e-01
-1.238724216818809509e-02,4.687502980232238770e-03,1.100135780870914459e-02,1.908074319362640381e-02,-7.900267839431762695e-03,7.024519145488739014e-03,7.243748307228088379e-01,8.993466496467590332e-01,-4.562957882881164551e-01,3.612618148326873779e-01,7.349105682157837105e-01,9.047221059020695844e-01,-4.430412619985562017e-01,3.722794852849210523e-01
-1.238441839814186096e-02,4.700720310211181641e-03,1.101437769830226898e-02,1.907326467335224152e-02,-7.899567484855651855e-03,7.006943225860595703e-03,7.236133217811584473e-01,8.998879194259643555e-01,-4.564048349857330322e-01,3.611855506896972656e-01,7.343119689000147110e-01,9.053221732193618143e-01,-4.431905417121770330e-01,3.723322557612225303e-01
-1.238157972693443298e-02,4.713892936706542969e-03,1.102735660970211029e-02,1.906572654843330383e-02,-7.898863404989242554e-03,6.989389657974243164e-03,7.228512763977050781e-01,9.004259109497070312e-01,-4.565128087997436523e-01,3.611093461513519287e-01,7.337134909678594274e-01,9.059164002836708196e-01,-4.433383247253799841e-01,3.723844282474676470e-01
-1.237868890166282654e-02,4.726957529783248901e-03,1.104019768536090851e-02,1.905813999474048615e-02,-7.898170500993728638e-03,6.971903145313262939e-03,7.220906019210815430e-01,9.009561538696289062e-01,-4.566184878349304199e-01,3.610329627990722656e-01,7.331151344512267798e-01,9.065048394885765193e-01,-4.434846247621748172e-01,3.724360088626950116e-01
-1.237573474645614624e-02,4.739977419376373291e-03,1.105298101902008057e-02,1.905049383640289307e-02,-7.897444069385528564e-03,6.954498589038848877e-03,7.213293910026550293e-01,9.014812111854553223e-01,-4.567208886146545410e-01,3.609561622142791748e-01,7.325168993948671936e-01,9.070875428100841908e-01,-4.436294554454539574e-01,3.724870036792293226e-01
-1.237273588776588440e-02,4.752917215228080750e-03,1.106563583016395569e-02,1.904278248548507690e-02,-7.896687835454940796e-03,6.937071681022644043e-03,7.205669283866882324e-01,9.019994735717773438e-01,-4.568213820457458496e-01,3.608770072460174561e-01,7.319187858567438587e-01,9.076645618107257452e-01,-4.437728302983303119e-01,3.725374187233992940e-01
-1.236974075436592102e-02,4.765758290886878967e-03,1.107826270163059235e-02,1.903503388166427612e-02,-7.895968854427337646e-03,6.919696927070617676e-03,7.198069095611572266e-01,9.025145173072814941e-01,-4.569227695465087891e-01,3.608003258705139160e-01,7.313207939083870013e-01,9.082359476430033052e-01,-4.439147627452604272e-01,3.725872599762708459e-01
-1.236666738986968994e-02,4.778560250997543335e-03,1.109079271554946899e-02,1.902725733816623688e-02,-7.895179092884063721e-03,6.902366876602172852e-03,7.190458774566650391e-01,9.030233621597290039e-01,-4.570201635360717773e-01,3.607209622859954834e-01,7.307229236352493773e-01,9.088017510532712118e-01,-4.440552661133936874e-01,3.726365333743598129e-01
-1.236357167363166809e-02,4.791263490915298462e-03,1.110324636101722717e-02,1.901940815150737762e-02,-7.894422858953475952e-03,6.885103881359100342e-03,7.182860374450683594e-01,9.035267829895019531e-01,-4.571165740489959717e-01,3.606430292129516602e-01,7.301251751370734233e-01,9.093620223855624074e-01,-4.441943536336947496e-01,3.726852448103592508e-01
-1.236040890216827393e-02,4.803927615284919739e-03,1.111560128629207611e-02,1.901148632168769836e-02,-7.893633097410202026e-03,6.867863237857818604e-03,7.175241708755493164e-01,9.040241241455078125e-01,-4.572096467018127441e-01,3.605632781982421875e-01,7.295275485282414207e-01,9.099168115853613070e-01,-4.443320384422934088e-01,3.727334001338640790e-01
-1.235722377896308899e-02,4.816481843590736389e-03,1.112787798047065735e-02,1.900352537631988525e-02,-7.892843335866928101e-03,6.850689649581909180e-03,7.167644500732421875e-01,9.045158028602600098e-01,-4.573017954826354980e-01,3.604842722415924072e-01,7.289300439381437569e-01,9.104661682035400938e-01,-4.444683335816519976e-01,3.727810051520888956e-01
-1.235398277640342712e-02,4.828969016671180725e-03,1.114004291594028473e-02,1.899550855159759521e-02,-7.892046123743057251e-03,6.833523511886596680e-03,7.160038948059082031e-01,9.050012230873107910e-01,-4.573918581008911133e-01,3.604039251804351807e-01,7.283326615115471858e-01,9.110101413998570319e-01,-4.446032520018248224e-01,3.728280656305927865e-01
-1.235069707036018372e-02,4.841415211558341980e-03,1.115215197205543518e-02,1.898744702339172363e-02,-7.891189306974411011e-03,6.816431879997253418e-03,7.152429819107055664e-01,9.054820537567138672e-01,-4.574786722660064697e-01,3.603223562240600586e-01,7.277354014089343348e-01,9.115487799472213881e-01,-4.447368065616823518e-01,3.728745872940053552e-01
-1.234738901257514954e-02,4.853794351220130920e-03,1.116420701146125793e-02,1.897932589054107666e-02,-7.890399545431137085e-03,6.799340248107910156e-03,7.144823074340820312e-01,9.059593081474304199e-01,-4.575659632682800293e-01,3.602425158023834229e-01,7.271382638068822901e-01,9.120821322351916338e-01,-4.448690100301815886e-01,3.729205758267451487e-01
-1.234403997659683228e-02,4.866084083914756775e-03,1.117616333067417145e-02,1.897118054330348969e-02,-7.889550179243087769e-03,6.782330572605133057e-03,7.137230038642883301e-01,9.064300656318664551e-01,-4.576504230499267578e-01,3.601612746715545654e-01,7.265412488984240857e-01,9.126102462739676957e-01,-4.449998750875747144e-01,3.729660368737449661e-01
-1.234064623713493347e-02,4.878323525190353394e-03,1.118801347911357880e-02,1.896297931671142578e-02,-7.888689637184143066e-03,6.765358150005340576e-03,7.129631042480468750e-01,9.068954586982727051e-01,-4.577322006225585938e-01,3.600787520408630371e-01,7.259443507757147307e-01,9.131331434779181855e-01,-4.451294046832743878e-01,3.730109694696086553e-01
-1.233724132180213928e-02,4.890462383627891541e-03,1.119982451200485229e-02,1.895472221076488495e-02,-7.887851446866989136e-03,6.748422980308532715e-03,7.122045755386352539e-01,9.073562026023864746e-01,-4.578142166137695312e-01,3.599980473518371582e-01,7.253475573345695704e-01,9.136508181854640087e-01,-4.452575918868072469e-01,3.730553659369356678e-01
-1.233373582363128662e-02,4.902517423033714294e-03,1.121153496205806732e-02,1.894640922546386719e-02,-7.886976003646850586e-03,6.731510162353515625e-03,7.114449739456176758e-01,9.078094959259033203e-01,-4.578933715820312500e-01,3.599159121513366699e-01,7.247508839901936062e-01,9.141633822531666231e-01,-4.453844730340794644e-01,3.730992481031253916e-01
-1.233022660017013550e-02,4.914605990052223206e-03,1.122316159307956696e-02,1.893804036080837250e-02,-7.886108011007308960e-03,6.714642047882080078e-03,7.106837034225463867e-01,9.082608222961425781e-01,-4.579693675041198730e-01,3.598321974277496338e-01,7.241543307853514078e-01,9.146708812455902615e-01,-4.455100601168793251e-01,3.731426212265604447e-01
-1.232668757438659668e-02,4.926566034555435181e-03,1.123471371829509735e-02,1.892964914441108704e-02,-7.885221391916275024e-03,6.697818636894226074e-03,7.099247574806213379e-01,9.087059497833251953e-01,-4.580450057983398438e-01,3.597489297389984131e-01,7.235578977731238481e-01,9.151733603309922804e-01,-4.456343650319730121e-01,3.731854905212211304e-01
-1.232311874628067017e-02,4.938419908285140991e-03,1.124621555209159851e-02,1.892121508717536926e-02,-7.884301245212554932e-03,6.681039929389953613e-03,7.091671228408813477e-01,9.091457724571228027e-01,-4.581198096275329590e-01,3.596659004688262939e-01,7.229615850171445812e-01,9.156708642847117829e-01,-4.457573995821459967e-01,3.732278611572708571e-01
-1.231947168707847595e-02,4.950264468789100647e-03,1.125765033066272736e-02,1.891271211206912994e-02,-7.883399724960327148e-03,6.664291024208068848e-03,7.084072828292846680e-01,9.095811843872070312e-01,-4.581916034221649170e-01,3.595825731754302979e-01,7.223653925918277485e-01,9.161634374923964819e-01,-4.458791754772451488e-01,3.732697382616477211e-01
-1.231582462787628174e-02,4.962025210261344910e-03,1.126896403729915619e-02,1.890415884554386139e-02,-7.882494479417800903e-03,6.647601723670959473e-03,7.076487541198730469e-01,9.100108742713928223e-01,-4.582616686820983887e-01,3.594984710216522217e-01,7.217693205826291036e-01,9.166511239531721644e-01,-4.459997043352201818e-01,3.733111269186546455e-01
-1.231214031577110291e-02,4.973715171217918396e-03,1.128022558987140656e-02,1.889556646347045898e-02,-7.881570607423782349e-03,6.630904972553253174e-03,7.068899869918823242e-01,9.104363918304443359e-01,-4.583311676979064941e-01,3.594140112400054932e-01,7.211733690862685009e-01,9.171339672832521384e-01,-4.461189976831648196e-01,3.733520321705435241e-01
-1.230839267373085022e-02,4.985367879271507263e-03,1.129140332341194153e-02,1.888693682849407196e-02,-7.880624383687973022e-03,6.614267826080322266e-03,7.061306834220886230e-01,9.108565449714660645e-01,-4.583974480628967285e-01,3.593283295631408691e-01,7.205775382109753657e-01,9.176120107189436048e-01,-4.462370669583590743e-01,3.733924590181101899e-01
-1.230463385581970215e-02,4.996962845325469971e-03,1.130253449082374573e-02,1.887826435267925262e-02,-7.879707962274551392e-03,6.597712635993957520e-03,7.053728103637695312e-01,9.112733602523803711e-01,-4.584626555442810059e-01,3.592441976070404053e-01,7.199818280767268375e-01,9.180852971200915702e-01,-4.463539235093105240e-01,3.734324124212783924e-01
-1.230083033442497253e-02,5.008485168218612671e-03,1.131356880068778992e-02,1.886955462396144867e-02,-7.878728210926055908e-03,6.581127643585205078e-03,7.046141028404235840e-01,9.116845726966857910e-01,-4.585262537002563477e-01,3.591573834419250488e-01,7.193862388154915743e-01,9.185538689735237572e-01,-4.464695785967959241e-01,3.734718972996908803e-01
-1.229698583483695984e-02,5.019968375563621521e-03,1.132456772029399872e-02,1.886079460382461548e-02,-7.877793163061141968e-03,6.564661860466003418e-03,7.038562893867492676e-01,9.120921492576599121e-01,-4.585877358913421631e-01,3.590728044509887695e-01,7.187907705714705608e-01,9.190177683961120447e-01,-4.465840433949027632e-01,3.735109185332943227e-01
-1.229313015937805176e-02,5.031358450651168823e-03,1.133544743061065674e-02,1.885198615491390228e-02,-7.876791059970855713e-03,6.548166275024414062e-03,7.030981183052062988e-01,9.124935865402221680e-01,-4.586479961872100830e-01,3.589853048324584961e-01,7.181954235013264798e-01,9.194770371384893837e-01,-4.466973289920711521e-01,3.735494809629372748e-01
-1.228922605514526367e-02,5.042685195803642273e-03,1.134626939892768860e-02,1.884314231574535370e-02,-7.875829935073852539e-03,6.531715393066406250e-03,7.023407220840454102e-01,9.128906726837158203e-01,-4.587072134017944336e-01,3.588990271091461182e-01,7.176001977744421723e-01,9.199317165880029901e-01,-4.468094463921349346e-01,3.735875893909483270e-01
-1.228529587388038635e-02,5.053970962762832642e-03,1.135705597698688507e-02,1.883425936102867126e-02,-7.874865084886550903e-03,6.515301764011383057e-03,7.015833258628845215e-01,9.132847785949707031e-01,-4.587653279304504395e-01,3.588130474090576172e-01,7.170050935731452357e-01,9.203818477723219038e-01,-4.469204065153641325e-01,3.736252485817314617e-01
-1.228133216500282288e-02,5.065193399786949158e-03,1.136777177453041077e-02,1.882532984018325806e-02,-7.873848080635070801e-03,6.498947739601135254e-03,7.008261680603027344e-01,9.136737585067749023e-01,-4.588209092617034912e-01,3.587259352207183838e-01,7.164101110929704808e-01,9.208274713628815666e-01,-4.470302201995054459e-01,3.736624632623516407e-01
-1.227733492851257324e-02,5.076341331005096436e-03,1.137837581336498260e-02,1.881634257733821869e-02,-7.872864603996276855e-03,6.482623517513275146e-03,7.000691294670104980e-01,9.140568971633911133e-01,-4.588750898838043213e-01,3.586387932300567627e-01,7.158152505428683199e-01,9.212686276779996630e-01,-4.471388982008246971e-01,3.736992381231292737e-01
-1.227330043911933899e-02,5.087435245513916016e-03,1.138893701136112213e-02,1.880733296275138855e-02,-7.871847599744796753e-03,6.466343998908996582e-03,6.993126869201660156e-01,9.144363999366760254e-01,-4.589276015758514404e-01,3.585511744022369385e-01,7.152205121454872083e-01,9.217053566864304992e-01,-4.472464511951482202e-01,3.737355778182181454e-01
-1.226920261979103088e-02,5.098473280668258667e-03,1.139940507709980011e-02,1.879826746881008148e-02,-7.870830595493316650e-03,6.450042128562927246e-03,6.985545754432678223e-01,9.148102402687072754e-01,-4.589785337448120117e-01,3.584624826908111572e-01,7.146258961373769258e-01,9.221376980108629828e-01,-4.473528897789045278e-01,3.737714869662051020e-01
-1.226512715220451355e-02,5.109451711177825928e-03,1.140987128019332886e-02,1.878917217254638672e-02,-7.869821041822433472e-03,6.433852016925811768e-03,6.977992057800292969e-01,9.151822924613952637e-01,-4.590290784835815430e-01,3.583759069442749023e-01,7.140314027692655774e-01,9.225656909310921971e-01,-4.474582244701657552e-01,3.738069701506964715e-01
-1.226097717881202698e-02,5.120389163494110107e-03,1.142020896077156067e-02,1.878002472221851349e-02,-7.868792861700057983e-03,6.417647004127502441e-03,6.970418691635131836e-01,9.155480265617370605e-01,-4.590766429901123047e-01,3.582867980003356934e-01,7.134370323062739772e-01,9.229893743874630907e-01,-4.475624657096890502e-01,3.738420319208993203e-01
-1.225681230425834656e-02,5.131274461746215820e-03,1.143049821257591248e-02,1.877084374427795410e-02,-7.867757230997085571e-03,6.401523947715759277e-03,6.962856054306030273e-01,9.159103631973266602e-01,-4.591225087642669678e-01,3.581981062889099121e-01,7.128427850281708889e-01,9.234087869845889474e-01,-4.476656238619591277e-01,3.738766767922204193e-01
-1.225263252854347229e-02,5.142107605934143066e-03,1.144069805741310120e-02,1.876163296401500702e-02,-7.866695523262023926e-03,6.385371088981628418e-03,6.955288648605346680e-01,9.162684679031372070e-01,-4.591675400733947754e-01,3.581075370311737061e-01,7.122486612296229369e-01,9.238239669944118271e-01,-4.477677092162285488e-01,3.739109092468513862e-01
-1.224840804934501648e-02,5.152825266122817993e-03,1.145086809992790222e-02,1.875238679349422455e-02,-7.865685969591140747e-03,6.369322538375854492e-03,6.947749853134155273e-01,9.166216254234313965e-01,-4.592123627662658691e-01,3.580203354358673096e-01,7.116546612204238675e-01,9.242349523598116789e-01,-4.478687319875605533e-01,3.739447337343517752e-01
-1.224412769079208374e-02,5.163541063666343689e-03,1.146095804870128632e-02,1.874308660626411438e-02,-7.864605635404586792e-03,6.353281438350677490e-03,6.940184831619262695e-01,9.169703722000122070e-01,-4.592534899711608887e-01,3.579299747943878174e-01,7.110607853257406852e-01,9.246417806981594989e-01,-4.479687023178697269e-01,3.739781546722475980e-01
-1.223986595869064331e-02,5.174199119210243225e-03,1.147100888192653656e-02,1.873377151787281036e-02,-7.863547652959823608e-03,6.337240338325500488e-03,6.932633519172668457e-01,9.173173308372497559e-01,-4.592954814434051514e-01,3.578402996063232422e-01,7.104670338863692258e-01,9.250444893044885708e-01,-4.480676302769644459e-01,3.740111764466144129e-01
-1.223553717136383057e-02,5.184803158044815063e-03,1.148096658289432526e-02,1.872438937425613403e-02,-7.862497121095657349e-03,6.321236491203308105e-03,6.925071477890014648e-01,9.176583290100097656e-01,-4.593349099159240723e-01,3.577502071857452393e-01,7.098734072589609756e-01,9.254431151552114931e-01,-4.481655258635875438e-01,3.740438034126641331e-01
-1.223120838403701782e-02,5.195382982492446899e-03,1.149088144302368164e-02,1.871499978005886078e-02,-7.861409336328506470e-03,6.305351853370666504e-03,6.917527318000793457e-01,9.179969429969787598e-01,-4.593716561794281006e-01,3.576596379280090332e-01,7.092799058162817527e-01,9.258376949116745580e-01,-4.482623990064589781e-01,3.740760398953407728e-01
-1.222683861851692200e-02,5.205838009715080261e-03,1.150071434676647186e-02,1.870554313063621521e-02,-7.860366255044937134e-03,6.289407610893249512e-03,6.909983158111572266e-01,9.183294177055358887e-01,-4.594098329544067383e-01,3.575700521469116211e-01,7.086865299474414126e-01,9.262282649231092790e-01,-4.483582595653165526e-01,3.741078901899016484e-01
-1.222242787480354309e-02,5.216293036937713623e-03,1.151050440967082977e-02,1.869608089327812195e-02,-7.859263569116592407e-03,6.273515522480010986e-03,6.902431845664978027e-01,9.186592698097229004e-01,-4.594449400901794434e-01,3.574786484241485596e-01,7.080932800581530850e-01,9.266148612308423571e-01,-4.484531173319580288e-01,3.741393585625156226e-01
-1.221803203225135803e-02,5.226684734225273132e-03,1.152024604380130768e-02,1.868654787540435791e-02,-7.858179509639739990e-03,6.257675588130950928e-03,6.894890069961547852e-01,9.189857840538024902e-01,-4.594795405864715576e-01,3.573882579803466797e-01,7.075001294714223787e-01,9.269975446805299724e-01,-4.485469640773276923e-01,3.741704369103909245e-01
-1.221355050802230835e-02,5.237007513642311096e-03,1.152990013360977173e-02,1.867698505520820618e-02,-7.857095450162887573e-03,6.241887807846069336e-03,6.887348890304565430e-01,9.193062782287597656e-01,-4.595115780830383301e-01,3.572976291179656982e-01,7.069070794978035144e-01,9.273763498201709199e-01,-4.486398100376729481e-01,3.742011298400084174e-01
-1.220905408263206482e-02,5.247315391898155212e-03,1.153950579464435577e-02,1.866740733385086060e-02,-7.856000214815139771e-03,6.226077675819396973e-03,6.879800558090209961e-01,9.196246862411499023e-01,-4.595429301261901855e-01,3.572057485580444336e-01,7.063141498362858206e-01,9.277512939180789786e-01,-4.487316775555246773e-01,3.742314502961849310e-01
-1.220456510782241821e-02,5.257582291960716248e-03,1.154906675219535828e-02,1.865780539810657501e-02,-7.854901254177093506e-03,6.210327148437500000e-03,6.872264146804809570e-01,9.199405908584594727e-01,-4.595733582973480225e-01,3.571140468120574951e-01,7.057213404973867732e-01,9.281224122249346342e-01,-4.488225758539638455e-01,3.742614022233273774e-01
-1.220003888010978699e-02,5.267709493637084961e-03,1.155854389071464539e-02,1.864816620945930481e-02,-7.853779941797256470e-03,6.194643676280975342e-03,6.864752769470214844e-01,9.202495217323303223e-01,-4.596027135848999023e-01,3.570230007171630859e-01,7.051286514927495030e-01,9.284897397141287367e-01,-4.489125140822863846e-01,3.742909895320979952e-01
-1.219545304775238037e-02,5.277868360280990601e-03,1.156801171600818634e-02,1.863843388855457306e-02,-7.852669805288314819e-03,6.178952753543853760e-03,6.857200860977172852e-01,9.205566644668579102e-01,-4.596298336982727051e-01,3.569315969944000244e-01,7.045360828351404647e-01,9.288533110855898833e-01,-4.490015013168717206e-01,3.743202160998789774e-01
-1.219085231423377991e-02,5.287975072860717773e-03,1.157734729349613190e-02,1.862869597971439362e-02,-7.851522415876388550e-03,6.163269281387329102e-03,6.849653124809265137e-01,9.208587408065795898e-01,-4.596549868583679199e-01,3.568373620510101318e-01,7.039436345384156857e-01,9.292131607695018891e-01,-4.490895465620519111e-01,3.743490857712464814e-01
-1.218627393245697021e-02,5.298005416989326477e-03,1.158668100833892822e-02,1.861897669732570648e-02,-7.850449532270431519e-03,6.147697567939758301e-03,6.842152476310729980e-01,9.211596846580505371e-01,-4.596813321113586426e-01,3.567470908164978027e-01,7.033513066175255402e-01,9.295693229299668570e-01,-4.491766587509802289e-01,3.743776023584399204e-01
-1.218160614371299744e-02,5.307994782924652100e-03,1.159588433802127838e-02,1.860915496945381165e-02,-7.849279791116714478e-03,6.132051348686218262e-03,6.834602355957031250e-01,9.214531779289245605e-01,-4.597038328647613525e-01,3.566519021987915039e-01,7.027590990884833300e-01,9.299218314686675813e-01,-4.492628467464999664e-01,3.744057696418281456e-01
-1.217693462967872620e-02,5.317946895956993103e-03,1.160513609647750854e-02,1.859934069216251373e-02,-7.848192006349563599e-03,6.116494536399841309e-03,6.827082037925720215e-01,9.217469692230224609e-01,-4.597275853157043457e-01,3.565611541271209717e-01,7.021670119683517397e-01,9.302707200286405298e-01,-4.493481193420137965e-01,3.744335913703889518e-01
-1.217221096158027649e-02,5.327852442860603333e-03,1.161426492035388947e-02,1.858948543667793274e-02,-7.847040891647338867e-03,6.100967526435852051e-03,6.819552183151245117e-01,9.220344424247741699e-01,-4.597477316856384277e-01,3.564672768115997314e-01,7.015750452752431698e-01,9.306160219980477155e-01,-4.494324852623520217e-01,3.744610712621673776e-01
-1.216752082109451294e-02,5.337705835700035095e-03,1.162335649132728577e-02,1.857959292829036713e-02,-7.845904678106307983e-03,6.085515022277832031e-03,6.812040805816650391e-01,9.223200082778930664e-01,-4.597674608230590820e-01,3.563745617866516113e-01,7.009831990282863190e-01,9.309577705137846992e-01,-4.495159531646415463e-01,3.744882130047564317e-01
-1.216276735067367554e-02,5.347492173314094543e-03,1.163237914443016052e-02,1.856967434287071228e-02,-7.844757288694381714e-03,6.070032715797424316e-03,6.804523468017578125e-01,9.226005673408508301e-01,-4.597864449024200439e-01,3.562809526920318604e-01,7.003914732476267391e-01,9.312959984654725076e-01,-4.495985316391750697e-01,3.745150202557582242e-01
-1.215802505612373352e-02,5.357256159186363220e-03,1.164138130843639374e-02,1.855972781777381897e-02,-7.843621075153350830e-03,6.054572761058807373e-03,6.797009706497192383e-01,9.228801131248474121e-01,-4.598053097724914551e-01,3.561878204345703125e-01,6.997998679543917522e-01,9.316307384989006568e-01,-4.496802292102796139e-01,3.745414966432619175e-01
-1.215318590402603149e-02,5.366964265704154968e-03,1.165030337870121002e-02,1.854973658919334412e-02,-7.842469960451126099e-03,6.039157509803771973e-03,6.789486408233642578e-01,9.231532812118530273e-01,-4.598211050033569336e-01,3.560940325260162354e-01,6.992083831707017749e-01,9.319620230199097133e-01,-4.497610543371853842e-01,3.745676457663057457e-01
-1.214842125773429871e-02,5.376625806093215942e-03,1.165918074548244476e-02,1.853974349796772003e-02,-7.841315120458602905e-03,6.023846566677093506e-03,6.781999468803405762e-01,9.234256744384765625e-01,-4.598365426063537598e-01,3.560008108615875244e-01,6.986170189196442282e-01,9.322898841982176776e-01,-4.498410154148948514e-01,3.745934711953544660e-01
-1.214353740215301514e-02,5.386237055063247681e-03,1.166799478232860565e-02,1.852966099977493286e-02,-7.840156555175781250e-03,6.008461117744445801e-03,6.774471402168273926e-01,9.236918091773986816e-01,-4.598503112792968750e-01,3.559065759181976318e-01,6.980257752252460035e-01,9.326143539710831654e-01,-4.499201207750513354e-01,3.746189764727664850e-01
-1.213869825005531311e-02,5.395825952291488647e-03,1.167677342891693115e-02,1.851959899067878723e-02,-7.838986814022064209e-03,5.993098020553588867e-03,6.766962409019470215e-01,9.239576458930969238e-01,-4.598643779754638672e-01,3.558117747306823730e-01,6.974346521124843434e-01,9.329354640473510596e-01,-4.499983786868080315e-01,3.746441651132613182e-01
-1.213380694389343262e-02,5.405358970165252686e-03,1.168550550937652588e-02,1.850948482751846313e-02,-7.837835699319839478e-03,5.977824330329895020e-03,6.759458184242248535e-01,9.242190122604370117e-01,-4.598762989044189453e-01,3.557181954383850098e-01,6.968436496072610842e-01,9.332532459106230860e-01,-4.500757973576968163e-01,3.746690406043924892e-01
-1.212888583540916443e-02,5.414823070168495178e-03,1.169415749609470367e-02,1.849934644997119904e-02,-7.836658507585525513e-03,5.962535738945007324e-03,6.751954555511474609e-01,9.244757890701293945e-01,-4.598874449729919434e-01,3.556233048439025879e-01,6.962527677363807843e-01,9.335677308237962935e-01,-4.501523849344970518e-01,3.746936064070211514e-01
-1.212399080395698547e-02,5.424309521913528442e-03,1.170279085636138916e-02,1.848918944597244263e-02,-7.835492491722106934e-03,5.947329103946685791e-03,6.744457483291625977e-01,9.247328042984008789e-01,-4.598970413208007812e-01,3.555287718772888184e-01,6.956620065275519460e-01,9.338789498323418758e-01,-4.502281495041042247e-01,3.747178659557760527e-01
-1.211899891495704651e-02,5.433667451143264771e-03,1.171136461198329926e-02,1.847900450229644775e-02,-7.834337651729583740e-03,5.932129919528961182e-03,6.736968755722045898e-01,9.249826669692993164e-01,-4.599062800407409668e-01,3.554352223873138428e-01,6.950713660093633672e-01,9.341869337682429109e-01,-4.503030990943994172e-01,3.747418226595338187e-01
-1.211401075124740601e-02,5.443075671792030334e-03,1.171986944973468781e-02,1.846876367926597595e-02,-7.833119481801986694e-03,5.916945636272430420e-03,6.729451417922973633e-01,9.252312183380126953e-01,-4.599120020866394043e-01,3.553383648395538330e-01,6.944808462112773695e-01,9.344917132539845017e-01,-4.503772416751176677e-01,3.747654799018846350e-01
-1.210904866456985474e-02,5.452372133731842041e-03,1.172835566103458405e-02,1.845851726830005646e-02,-7.831972092390060425e-03,5.901806056499481201e-03,6.721974611282348633e-01,9.254775047302246094e-01,-4.599201381206512451e-01,3.552449047565460205e-01,6.938904471636100357e-01,9.347933187059983551e-01,-4.504505851587167209e-01,3.747888410416019278e-01
-1.210400462150573730e-02,5.461661145091056824e-03,1.173677481710910797e-02,1.844822801649570465e-02,-7.830791175365447998e-03,5.886703729629516602e-03,6.714478135108947754e-01,9.257191419601440430e-01,-4.599246382713317871e-01,3.551497757434844971e-01,6.933001688975245491e-01,9.350917803389265925e-01,-4.505231374012462764e-01,3.748119094131112661e-01
-1.209900155663490295e-02,5.470884963870048523e-03,1.174510829150676727e-02,1.843793131411075592e-02,-7.829587906599044800e-03,5.871549248695373535e-03,6.706990003585815430e-01,9.259583353996276855e-01,-4.599300622940063477e-01,3.550527691841125488e-01,6.927100114450150947e-01,9.353871281690667727e-01,-4.505949062032165164e-01,3.748346883269663143e-01
-1.209389045834541321e-02,5.480080842971801758e-03,1.175344176590442657e-02,1.842760667204856873e-02,-7.828433066606521606e-03,5.856499075889587402e-03,6.699503660202026367e-01,9.261937141418457031e-01,-4.599331319332122803e-01,3.549585044384002686e-01,6.921199748388895401e-01,9.356793920184715008e-01,-4.506658993104672439e-01,3.748571810703105189e-01
-1.208884641528129578e-02,5.489200353622436523e-03,1.176172122359275818e-02,1.841722987592220306e-02,-7.827226072549819946e-03,5.841486155986785889e-03,6.692033410072326660e-01,9.264265894889831543e-01,-4.599360823631286621e-01,3.548634052276611328e-01,6.915300591127666596e-01,9.359686015186119423e-01,-4.507361244150364099e-01,3.748793909073547814e-01
-1.208370551466941833e-02,5.498338490724563599e-03,1.176995225250720978e-02,1.840682141482830048e-02,-7.826056331396102905e-03,5.826473236083984375e-03,6.684536933898925781e-01,9.266563653945922852e-01,-4.599366188049316406e-01,3.547679781913757324e-01,6.909402643010529310e-01,9.362547861143679651e-01,-4.508055891560292516e-01,3.749013210798431972e-01
-1.207860559225082397e-02,5.507424473762512207e-03,1.177811622619628906e-02,1.839639246463775635e-02,-7.824849337339401245e-03,5.811490118503570557e-03,6.677055954933166504e-01,9.268835783004760742e-01,-4.599364995956420898e-01,3.546713590621948242e-01,6.903505904389410919e-01,9.365379750678013426e-01,-4.508743011204867646e-01,3.749229748075253998e-01
-1.207344979047775269e-02,5.516456440091133118e-03,1.178623549640178680e-02,1.838596910238265991e-02,-7.823683321475982666e-03,5.796521902084350586e-03,6.669582724571228027e-01,9.271075725555419922e-01,-4.599362313747406006e-01,3.545757532119750977e-01,6.897610375623824952e-01,9.368181974620917174e-01,-4.509422678442551735e-01,3.749443552886216335e-01
-1.206831261515617371e-02,5.525438115000724792e-03,1.179433055222034454e-02,1.837551780045032501e-02,-7.822465151548385620e-03,5.781583487987518311e-03,6.662117838859558105e-01,9.273293018341064453e-01,-4.599353671073913574e-01,3.544794321060180664e-01,6.891715925347632332e-01,9.370954084239293547e-01,-4.510094709759674969e-01,3.749654493381008313e-01
-1.206312328577041626e-02,5.534384399652481079e-03,1.180237717926502228e-02,1.836502179503440857e-02,-7.821284234523773193e-03,5.766749382019042969e-03,6.654659509658813477e-01,9.275472164154052734e-01,-4.599320888519287109e-01,3.543846011161804199e-01,6.885822643731929205e-01,9.373696868954350947e-01,-4.510759355640778234e-01,3.749862712662652697e-01
-1.205791532993316650e-02,5.543289706110954285e-03,1.181032322347164154e-02,1.835449412465095520e-02,-7.820054888725280762e-03,5.751803517341613770e-03,6.647178530693054199e-01,9.277611970901489258e-01,-4.599284529685974121e-01,3.542862534523010254e-01,6.879930550739998818e-01,9.376410723883161769e-01,-4.511416728367166340e-01,3.750068266418283280e-01
-1.205269247293472290e-02,5.552181974053382874e-03,1.181833818554878235e-02,1.834394223988056183e-02,-7.818900048732757568e-03,5.736961960792541504e-03,6.639713048934936523e-01,9.279757142066955566e-01,-4.599251151084899902e-01,3.541923165321350098e-01,6.874039645288558820e-01,9.379095924633399362e-01,-4.512066898449941243e-01,3.750271183988141965e-01
-1.204743608832359314e-02,5.561035126447677612e-03,1.182619296014308929e-02,1.833337359130382538e-02,-7.817674428224563599e-03,5.722120404243469238e-03,6.632240414619445801e-01,9.281842708587646484e-01,-4.599183499813079834e-01,3.540939390659332275e-01,6.868149926248775516e-01,9.381752744906364239e-01,-4.512709935828507768e-01,3.750471494455399069e-01
-1.204219460487365723e-02,5.569832399487495422e-03,1.183405704796314240e-02,1.832277514040470123e-02,-7.816486060619354248e-03,5.707368254661560059e-03,6.624791622161865234e-01,9.283915162086486816e-01,-4.599118232727050781e-01,3.539983630180358887e-01,6.862261392445244690e-01,9.384381456529256038e-01,-4.513345909877648499e-01,3.750669226649803178e-01
-1.203691586852073669e-02,5.578590556979179382e-03,1.184186525642871857e-02,1.831216178834438324e-02,-7.815256714820861816e-03,5.692526698112487793e-03,6.617324948310852051e-01,9.285956025123596191e-01,-4.599053263664245605e-01,3.539004623889923096e-01,6.856374042655114520e-01,9.386982329488512411e-01,-4.513974889414612557e-01,3.750864409151336565e-01
-1.203162595629692078e-02,5.587341263890266418e-03,1.184966787695884705e-02,1.830150187015533447e-02,-7.814090698957443237e-03,5.677789449691772461e-03,6.609866619110107422e-01,9.287984967231750488e-01,-4.598974287509918213e-01,3.538051843643188477e-01,6.850487875607089716e-01,9.389555631962609450e-01,-4.514596942706192717e-01,3.751057070293964402e-01
-1.202628761529922485e-02,5.595998838543891907e-03,1.185736805200576782e-02,1.829085126519203186e-02,-7.812876254320144653e-03,5.663089454174041748e-03,6.602424383163452148e-01,9.289952516555786133e-01,-4.598877429962158203e-01,3.537082672119140625e-01,6.844602889980609950e-01,9.392101630359795950e-01,-4.515212137475815846e-01,3.751247238169285181e-01
-1.202096790075302124e-02,5.604671314358711243e-03,1.186505332589149475e-02,1.828014664351940155e-02,-7.811661809682846069e-03,5.648374557495117188e-03,6.594965457916259766e-01,9.291920661926269531e-01,-4.598776400089263916e-01,3.536108136177062988e-01,6.838719084404735193e-01,9.394620589347055795e-01,-4.515820540910617242e-01,3.751434940630185011e-01
-1.201562955975532532e-02,5.613299086689949036e-03,1.187269575893878937e-02,1.826943643391132355e-02,-7.810447365045547485e-03,5.633696913719177246e-03,6.587517857551574707e-01,9.293860197067260742e-01,-4.598667025566101074e-01,3.535135388374328613e-01,6.832836457457364121e-01,9.397112771888388449e-01,-4.516422219668529969e-01,3.751620205294571297e-01
-1.201024278998374939e-02,5.621880292892456055e-03,1.188032329082489014e-02,1.825869455933570862e-02,-7.809270173311233521e-03,5.619071424007415771e-03,6.580076217651367188e-01,9.295769929885864258e-01,-4.598551690578460693e-01,3.534180819988250732e-01,6.826955007664257113e-01,9.399578439274868247e-01,-4.517017239885364743e-01,3.751803059549044805e-01
-1.200486347079277039e-02,5.630450323224067688e-03,1.188784651458263397e-02,1.824792847037315369e-02,-7.808018475770950317e-03,5.604431033134460449e-03,6.572622060775756836e-01,9.297648668289184570e-01,-4.598412215709686279e-01,3.533186912536621094e-01,6.821074733498015963e-01,9.402017851161280637e-01,-4.517605667181893714e-01,3.751983530552526758e-01
-1.199945807456970215e-02,5.638977512717247009e-03,1.189536787569522858e-02,1.823714748024940491e-02,-7.806841284036636353e-03,5.589820444583892822e-03,6.565179824829101562e-01,9.299511909484863281e-01,-4.598280787467956543e-01,3.532220721244812012e-01,6.815195633377337803e-01,9.404431265600562417e-01,-4.518187566670934796e-01,3.752161645240066901e-01
-1.199405640363693237e-02,5.647426471114158630e-03,1.190283708274364471e-02,1.822635158896446228e-02,-7.805619388818740845e-03,5.575262010097503662e-03,6.557756662368774414e-01,9.301337599754333496e-01,-4.598140418529510498e-01,3.531249463558197021e-01,6.809317705665897114e-01,9.406818939076055930e-01,-4.518763002964431563e-01,3.752337430326369572e-01
-1.198861375451087952e-02,5.655867978930473328e-03,1.191028766334056854e-02,1.821552403271198273e-02,-7.804401218891143799e-03,5.560696125030517578e-03,6.550319194793701172e-01,9.303145408630371094e-01,-4.597991704940795898e-01,3.530277013778686523e-01,6.803440948671494182e-01,9.409181126536498851e-01,-4.519332040180537025e-01,3.752510912309610647e-01
-1.198313385248184204e-02,5.664322525262832642e-03,1.191768050193786621e-02,1.820465736091136932e-02,-7.803201675415039062e-03,5.546152591705322266e-03,6.542867422103881836e-01,9.304929971694946289e-01,-4.597820937633514404e-01,3.529297113418579102e-01,6.797565360645100307e-01,9.411518081429923743e-01,-4.519894741950699069e-01,3.752682117475042434e-01
-1.197773590683937073e-02,5.672650411725044250e-03,1.192506588995456696e-02,1.819380559027194977e-02,-7.802005857229232788e-03,5.531668663024902344e-03,6.535470485687255859e-01,9.306700229644775391e-01,-4.597677886486053467e-01,3.528341948986053467e-01,6.791690939780018477e-01,9.413830055739733638e-01,-4.520451171426739800e-01,3.752851071898716806e-01
-1.197220385074615479e-02,5.681011825799942017e-03,1.193235255777835846e-02,1.818287931382656097e-02,-7.800772786140441895e-03,5.517147481441497803e-03,6.528016328811645508e-01,9.308415055274963379e-01,-4.597485661506652832e-01,3.527349233627319336e-01,6.785817684210797562e-01,9.416117300016964009e-01,-4.521001391287939875e-01,3.753017801451177249e-01
-1.196670159697532654e-02,5.689324811100959778e-03,1.193964667618274689e-02,1.817196980118751526e-02,-7.799554616212844849e-03,5.502715706825256348e-03,6.520596146583557129e-01,9.310126304626464844e-01,-4.597297906875610352e-01,3.526377677917480469e-01,6.779945592012439626e-01,9.418380063415270342e-01,-4.521545463748124494e-01,3.753182331801066529e-01
-1.196122169494628906e-02,5.697641521692276001e-03,1.194688305258750916e-02,1.816104166209697723e-02,-7.798336446285247803e-03,5.488276481628417969e-03,6.513171792030334473e-01,9.311828613281250000e-01,-4.597103595733642578e-01,3.525392413139343262e-01,6.774074661199440683e-01,9.420618593725365031e-01,-4.522083450562740525e-01,3.753344688418916997e-01
-1.195564866065979004e-02,5.705852061510086060e-03,1.195407845079898834e-02,1.815007627010345459e-02,-7.797140628099441528e-03,5.473852157592773438e-03,6.505752205848693848e-01,9.313470125198364258e-01,-4.596905708312988281e-01,3.524422645568847656e-01,6.768204889724724893e-01,9.422833137410018267e-01,-4.522615413035941390e-01,3.753504896580751593e-01
-1.195012778043746948e-02,5.714077502489089966e-03,1.196122355759143829e-02,1.813910529017448425e-02,-7.795892655849456787e-03,5.459472537040710449e-03,6.498336195945739746e-01,9.315109848976135254e-01,-4.596689939498901367e-01,3.523431718349456787e-01,6.762336275479007286e-01,9.425023939639214365e-01,-4.523141412027674724e-01,3.753662981371821417e-01
-1.194456592202186584e-02,5.722239613533020020e-03,1.196835748851299286e-02,1.812809891998767853e-02,-7.794722914695739746e-03,5.445107817649841309e-03,6.490929126739501953e-01,9.316722750663757324e-01,-4.596484303474426270e-01,3.522469401359558105e-01,6.756468816289550317e-01,9.427191244322957742e-01,-4.523661507960759498e-01,3.753818967690277786e-01
-1.193898916244506836e-02,5.730437114834785461e-03,1.197543740272521973e-02,1.811709441244602203e-02,-7.793497294187545776e-03,5.430780351161956787e-03,6.483510732650756836e-01,9.318323135375976562e-01,-4.596246182918548584e-01,3.521479666233062744e-01,6.750602509919453320e-01,9.429335294146385937e-01,-4.524175760827968684e-01,3.753972880250780464e-01
-1.193340122699737549e-02,5.738561972975730896e-03,1.198248192667961121e-02,1.810604520142078400e-02,-7.792290300130844116e-03,5.416415631771087646e-03,6.476092338562011719e-01,9.319891929626464844e-01,-4.596019387245178223e-01,3.520496487617492676e-01,6.744737354066664414e-01,9.431456330606358129e-01,-4.524684230199118584e-01,3.754124743588342361e-01
-1.192780584096908569e-02,5.746629089117050171e-03,1.198951341211795807e-02,1.809499785304069519e-02,-7.791068404912948608e-03,5.402140319347381592e-03,6.468698382377624512e-01,9.321438670158386230e-01,-4.595785140991210938e-01,3.519523143768310547e-01,6.738873346363055683e-01,9.433554594044110120e-01,-4.525186975228143171e-01,3.754274582061850052e-01
-1.192218065261840820e-02,5.754685029387474060e-03,1.199649088084697723e-02,1.808390952646732330e-02,-7.789857685565948486e-03,5.387812852859497070e-03,6.461284756660461426e-01,9.322960972785949707e-01,-4.595544636249542236e-01,3.518539667129516602e-01,6.733010484373400661e-01,9.435630323680872511e-01,-4.525684054660185085e-01,3.754422419857823545e-01
-1.191655546426773071e-02,5.762761458754539490e-03,1.200346089899539948e-02,1.807282119989395142e-02,-7.788673043251037598e-03,5.373567342758178711e-03,6.453880667686462402e-01,9.324483871459960938e-01,-4.595290422439575195e-01,3.517564535140991211e-01,6.727148765594698210e-01,9.437683757653153593e-01,-4.526175526838671637e-01,3.754568280994140528e-01
-1.191090047359466553e-02,5.770774558186531067e-03,1.201034523546695709e-02,1.806170307099819183e-02,-7.787436246871948242e-03,5.359336733818054199e-03,6.446474790573120117e-01,9.325958490371704102e-01,-4.595018029212951660e-01,3.516570925712585449e-01,6.721288187454985685e-01,9.439715133046463480e-01,-4.526661449712404139e-01,3.754712189323600735e-01
-1.190529018640518188e-02,5.778707563877105713e-03,1.201723888516426086e-02,1.805059239268302917e-02,-7.786240428686141968e-03,5.345128476619720459e-03,6.439102888107299805e-01,9.327428936958312988e-01,-4.594771265983581543e-01,3.515603542327880859e-01,6.715428772489366871e-01,9.441724386170182726e-01,-4.527141843668708865e-01,3.754854147420900734e-01
-1.189957559108734131e-02,5.786651745438575745e-03,1.202406920492649078e-02,1.803941838443279266e-02,-7.785033434629440308e-03,5.330964922904968262e-03,6.431702375411987305e-01,9.328852295875549316e-01,-4.594481587409973145e-01,3.514623939990997314e-01,6.709570653694649778e-01,9.443710135875970080e-01,-4.527616565510185764e-01,3.754994064994177094e-01
-1.189389452338218689e-02,5.794601514935493469e-03,1.203083992004394531e-02,1.802822574973106384e-02,-7.783796638250350952e-03,5.316749215126037598e-03,6.424288749694824219e-01,9.330270290374755859e-01,-4.594189822673797607e-01,3.513619005680084229e-01,6.703713692419115411e-01,9.445674233535328312e-01,-4.528085872652973798e-01,3.755132079380029686e-01
-1.188818365335464478e-02,5.802471190690994263e-03,1.203762181103229523e-02,1.801705919206142426e-02,-7.782615721225738525e-03,5.302593111991882324e-03,6.416909098625183105e-01,9.331668019294738770e-01,-4.593911170959472656e-01,3.512647151947021484e-01,6.697857887488199990e-01,9.447616892189123483e-01,-4.528549819054155101e-01,3.755268212397071537e-01
-1.188248395919799805e-02,5.810327827930450439e-03,1.204438135027885437e-02,1.800586469471454620e-02,-7.781408727169036865e-03,5.288444459438323975e-03,6.409525871276855469e-01,9.333054423332214355e-01,-4.593625068664550781e-01,3.511667847633361816e-01,6.692003237714816422e-01,9.449538323261834627e-01,-4.529008458221517319e-01,3.755402485666128887e-01
-1.187676191329956055e-02,5.818173289299011230e-03,1.205105520784854889e-02,1.799465157091617584e-02,-7.780190557241439819e-03,5.274370312690734863e-03,6.402146220207214355e-01,9.334406852722167969e-01,-4.593309760093688965e-01,3.510676920413970947e-01,6.686149741899504173e-01,9.451438736587006728e-01,-4.529461843219223516e-01,3.755534920613132210e-01
-1.187104359269142151e-02,5.825990810990333557e-03,1.205773279070854187e-02,1.798339746892452240e-02,-7.779002189636230469e-03,5.260296165943145752e-03,6.394764780998229980e-01,9.335752725601196289e-01,-4.593001008033752441e-01,3.509698212146759033e-01,6.680297398830330469e-01,9.453318340428457089e-01,-4.529910026673471535e-01,3.755665538472064968e-01
-1.186527684330940247e-02,5.833761766552925110e-03,1.206434518098831177e-02,1.797214336693286896e-02,-7.777784019708633423e-03,5.246236920356750488e-03,6.387385725975036621e-01,9.337056279182434082e-01,-4.592676162719726562e-01,3.508707284927368164e-01,6.674446207283063481e-01,9.455177341504709121e-01,-4.530353060778165020e-01,3.755794360287733058e-01
-1.185949891805648804e-02,5.841476842761039734e-03,1.207092963159084320e-02,1.796086877584457397e-02,-7.776580750942230225e-03,5.232147872447967529e-03,6.380009055137634277e-01,9.338338971138000488e-01,-4.592361152172088623e-01,3.507721126079559326e-01,6.668596166021131255e-01,9.457015945012203773e-01,-4.530790997300577216e-01,3.755921406918730221e-01
-1.185375452041625977e-02,5.849206820130348206e-03,1.207753457129001617e-02,1.794957928359508514e-02,-7.775399833917617798e-03,5.218118429183959961e-03,6.372641324996948242e-01,9.339634180068969727e-01,-4.592043757438659668e-01,3.506748080253601074e-01,6.662747273795670555e-01,9.458834354648669729e-01,-4.531223887587015331e-01,3.756046699040284653e-01
-1.184796169400215149e-02,5.856912583112716675e-03,1.208406686782836914e-02,1.793826185166835785e-02,-7.774181663990020752e-03,5.204133689403533936e-03,6.365267038345336914e-01,9.340888261795043945e-01,-4.591698050498962402e-01,3.505758941173553467e-01,6.656899529345657873e-01,9.460632772635543253e-01,-4.531651782568489883e-01,3.756170257147126712e-01
-1.184214279055595398e-02,5.864592269062995911e-03,1.209052093327045441e-02,1.792692206799983978e-02,-7.772993296384811401e-03,5.190104246139526367e-03,6.357883214950561523e-01,9.342113137245178223e-01,-4.591349065303802490e-01,3.504760563373565674e-01,6.651052931397801737e-01,9.462411399743424489e-01,-4.532074732766376290e-01,3.756292101556418794e-01
-1.183634251356124878e-02,5.872214213013648987e-03,1.209701783955097198e-02,1.791561208665370941e-02,-7.771827280521392822e-03,5.176149308681488037e-03,6.350537538528442383e-01,9.343340396881103516e-01,-4.591015279293060303e-01,3.503792285919189453e-01,6.645207478666760315e-01,9.464170435313848939e-01,-4.532492788298085329e-01,3.756412252410564756e-01
-1.183052361011505127e-02,5.879806354641914368e-03,1.210344396531581879e-02,1.790423691272735596e-02,-7.770609110593795776e-03,5.162201821804046631e-03,6.343174576759338379e-01,9.344527721405029297e-01,-4.590658545494079590e-01,3.502803146839141846e-01,6.639363169854940461e-01,9.465910077283341550e-01,-4.532905998882723053e-01,3.756530729680119807e-01
-1.182467490434646606e-02,5.887402221560478210e-03,1.210985891520977020e-02,1.789287663996219635e-02,-7.769409567117691040e-03,5.148321390151977539e-03,6.335821151733398438e-01,9.345706105232238770e-01,-4.590287804603576660e-01,3.501820862293243408e-01,6.633520003652837449e-01,9.467630522207048926e-01,-4.533314413846761814e-01,3.756647553166693188e-01
-1.181883737444877625e-02,5.894981324672698975e-03,1.211621798574924469e-02,1.788147352635860443e-02,-7.768213748931884766e-03,5.134388804435729980e-03,6.328454017639160156e-01,9.346869587898254395e-01,-4.589917659759521484e-01,3.500826656818389893e-01,6.627677978738898412e-01,9.469331965282865582e-01,-4.533718082129704063e-01,3.756762742505785901e-01
-1.181300729513168335e-02,5.902525037527084351e-03,1.212257705628871918e-02,1.787005923688411713e-02,-7.767017930746078491e-03,5.120456218719482422e-03,6.321094036102294922e-01,9.348023533821105957e-01,-4.589555263519287109e-01,3.499838113784790039e-01,6.621837093779494587e-01,9.471014600373741654e-01,-4.534117052289745597e-01,3.756876317169702273e-01
-1.180712133646011353e-02,5.910044535994529724e-03,1.212889701128005981e-02,1.785866357386112213e-02,-7.765837013721466064e-03,5.106598138809204102e-03,6.313745975494384766e-01,9.349149465560913086e-01,-4.589173793792724609e-01,3.498854935169219971e-01,6.615997347429254383e-01,9.472678620033060382e-01,-4.534511372509445470e-01,3.756988296470404887e-01
-1.180125027894973755e-02,5.917539820075035095e-03,1.213517226278781891e-02,1.784720271825790405e-02,-7.764682173728942871e-03,5.092769861221313477e-03,6.306395530700683594e-01,9.350255727767944336e-01,-4.588785469532012939e-01,3.497876822948455811e-01,6.610158738330742523e-01,9.474324215527553106e-01,-4.534901090601389795e-01,3.757098699562415600e-01
-1.179535686969757080e-02,5.924992263317108154e-03,1.214140467345714569e-02,1.783577352762222290e-02,-7.763464003801345825e-03,5.078926682472229004e-03,6.299052238464355469e-01,9.351335763931274414e-01,-4.588391184806823730e-01,3.496878743171691895e-01,6.604321265114813100e-01,9.475951576860436321e-01,-4.535286254013856100e-01,3.757207545445653274e-01
-1.178947091102600098e-02,5.932439118623733521e-03,1.214765012264251709e-02,1.782431267201900482e-02,-7.762283086776733398e-03,5.065143108367919922e-03,6.291714906692504883e-01,9.352417588233947754e-01,-4.587994217872619629e-01,3.495899736881256104e-01,6.598484926400512984e-01,9.477560892796260683e-01,-4.535666909836482130e-01,3.757314852968378083e-01
-1.178357750177383423e-02,5.939826369285583496e-03,1.215383969247341156e-02,1.781283318996429443e-02,-7.761105895042419434e-03,5.051299929618835449e-03,6.284375786781311035e-01,9.353469014167785645e-01,-4.587606787681579590e-01,3.494913280010223389e-01,6.592649720795120682e-01,9.479152350885003964e-01,-4.536043104805929649e-01,3.757420640830014258e-01
-1.177761703729629517e-02,5.947232246398925781e-03,1.216000504791736603e-02,1.780133321881294250e-02,-7.759936153888702393e-03,5.037501454353332520e-03,6.277023553848266602e-01,9.354501366615295410e-01,-4.587193727493286133e-01,3.493926227092742920e-01,6.586815646894196297e-01,9.480726137484559723e-01,-4.536414885311549905e-01,3.757524927584059982e-01
-1.177955791354179382e-02,5.948433652520179749e-03,1.216225698590278625e-02,1.780249923467636108e-02,-7.762681692838668823e-03,5.036450922489166260e-03,6.277420520782470703e-01,9.356132745742797852e-01,-4.588281214237213135e-01,3.494761884212493896e-01,6.586815645727436275e-01,9.480726137797601538e-01,-4.536414885385470219e-01,3.757524927604777853e-01
-1.177968829870223999e-02,5.948545411229133606e-03,1.216235011816024780e-02,1.780300773680210114e-02,-7.762949913740158081e-03,5.036324262619018555e-03,6.277539134025573730e-01,9.356294870376586914e-01,-4.588399827480316162e-01,3.494802713394165039e-01,6.586815645727436275e-01,9.480726137797601538e-01,-4.536414885385470219e-01,3.757524927604777853e-01
-1.185680180788040161e-02,5.663970485329627991e-03,1.213737763464450836e-02,1.765461266040802002e-02,-7.829662412405014038e-03,5.283221602439880371e-03,6.360912322998046875e-01,9.274731874465942383e-01,-4.607257246971130371e-01,3.576663136482238770e-01,6.571616484415890858e-01,9.307552698794161472e-01,-4.503489457304633015e-01,3.757696913677794348e-01
-1.169697940349578857e-02,5.309432744979858398e-03,1.186209917068481445e-02,1.737295649945735931e-02,-7.790151983499526978e-03,5.340546369552612305e-03,6.351227760314941406e-01,9.049808979034423828e-01,-4.565254449844360352e-01,3.576824665069580078e-01,6.556038597552787950e-01,9.126205927645509863e-01,-4.478844874203061210e-01,3.757978016438744406e-01
-1.154396682977676392e-02,4.968006163835525513e-03,1.159013994038105011e-02,1.712566055357456207e-02,-7.822416722774505615e-03,5.345441401004791260e-03,6.345432996749877930e-01,8.841780424118041992e-01,-4.543758630752563477e-01,3.587385416030883789e-01,6.540187324964440441e-01,8.938984063716387540e-01,-4.460663123288723386e-01,3.758343841161668752e-01
-1.137259602546691895e-02,4.632199183106422424e-03,1.127756759524345398e-02,1.689949072897434235e-02,-7.893677800893783569e-03,5.291327834129333496e-03,6.333850622177124023e-01,8.629500865936279297e-01,-4.528509974479675293e-01,3.591873943805694580e-01,6.524151225590412162e-01,8.747816630849114539e-01,-4.447413154831387772e-01,3.758773826964065257e-01
-1.119921356439590454e-02,4.303406924009323120e-03,1.095032878220081329e-02,1.669901423156261444e-02,-7.999330759048461914e-03,5.203142762184143066e-03,6.323667764663696289e-01,8.422060012817382812e-01,-4.521790444850921631e-01,3.596638441085815430e-01,6.508003221095911561e-01,8.554289681780463672e-01,-4.437831395766525522e-01,3.759250986876667144e-01
-1.102157682180404663e-02,3.979695960879325867e-03,1.060915552079677582e-02,1.651530526578426361e-02,-8.127611130475997925e-03,5.086779594421386719e-03,6.312874555587768555e-01,8.216501474380493164e-01,-4.520344138145446777e-01,3.600076735019683838e-01,6.491787808754057032e-01,8.359368176967643116e-01,-4.431142812135999698e-01,3.759764878644487607e-01
-1.084300130605697632e-02,3.660557791590690613e-03,1.026224717497825623e-02,1.634506694972515106e-02,-8.270863443613052368e-03,4.952229559421539307e-03,6.302399635314941406e-01,8.013958930969238281e-01,-4.523154497146606445e-01,3.603168427944183350e-01,6.475549929997037601e-01,8.164025284850920938e-01,-4.426563701721891730e-01,3.760304936687003940e-01
-1.066422462463378906e-02,3.345191478729248047e-03,9.913710877299308777e-03,1.618397049605846405e-02,-8.422162383794784546e-03,4.805929958820343018e-03,6.292039155960083008e-01,7.814059257507324219e-01,-4.528765082359313965e-01,3.605948090553283691e-01,6.459324048489766268e-01,7.969004378389272780e-01,-4.423489446362530719e-01,3.760862989335586049e-01
-1.048773154616355896e-02,3.033379092812538147e-03,9.569853544235229492e-03,1.602939330041408539e-02,-8.574932813644409180e-03,4.655927419662475586e-03,6.282440423965454102e-01,7.617629766464233398e-01,-4.536188840866088867e-01,3.609009981155395508e-01,6.443148068863796540e-01,7.775123587017093163e-01,-4.421256748081667243e-01,3.761430080013439814e-01
-1.031144708395004272e-02,2.724232152104377747e-03,9.229514747858047485e-03,1.587738096714019775e-02,-8.726336061954498291e-03,4.502430558204650879e-03,6.272341012954711914e-01,7.423042058944702148e-01,-4.544292688369750977e-01,3.611692786216735840e-01,6.427031810817186441e-01,7.582587054432229356e-01,-4.419682914535796869e-01,3.762003682671737348e-01
-1.013735681772232056e-02,2.417782321572303772e-03,8.896391838788986206e-03,1.572765037417411804e-02,-8.873678743839263916e-03,4.349753260612487793e-03,6.262490749359130859e-01,7.231189012527465820e-01,-4.552890658378601074e-01,3.614528179168701172e-01,6.410993021761094424e-01,7.391771878869622947e-01,-4.418449616807188507e-01,3.762579455986883592e-01
-9.963687509298324585e-03,2.113519236445426941e-03,8.568629622459411621e-03,1.557812839746475220e-02,-9.016361087560653687e-03,4.196703433990478516e-03,6.251978874206542969e-01,7.040883302688598633e-01,-4.561419486999511719e-01,3.617006242275238037e-01,6.395031797061510037e-01,7.202670521902099221e-01,-4.417541474889060682e-01,3.763157120500189023e-01
-9.790636599063873291e-03,1.811461523175239563e-03,8.246168494224548340e-03,1.542898081243038177e-02,-9.154550731182098389e-03,4.043370485305786133e-03,6.240895986557006836e-01,6.852190494537353516e-01,-4.569922387599945068e-01,3.619154691696166992e-01,6.379147624689882612e-01,7.015262000400412923e-01,-4.416953342408340144e-01,3.763736532368439081e-01
-9.618505835533142090e-03,1.511648297309875488e-03,7.929340004920959473e-03,1.528030820190906525e-02,-9.288217872381210327e-03,3.890216350555419922e-03,6.229374408721923828e-01,6.665254235267639160e-01,-4.578423500061035156e-01,3.621070683002471924e-01,6.363342042757986761e-01,6.829571073636619971e-01,-4.416645596571184273e-01,3.764317094180261725e-01
-9.446714073419570923e-03,1.213856041431427002e-03,7.616948336362838745e-03,1.513174921274185181e-02,-9.417887777090072632e-03,3.736272454261779785e-03,6.217159032821655273e-01,6.479652523994445801e-01,-4.586876928806304932e-01,3.622581660747528076e-01,6.347611368684368260e-01,6.645508760665208570e-01,-4.416668101835792282e-01,3.764899407813760424e-01
-9.276788681745529175e-03,9.184330701828002930e-04,7.311332970857620239e-03,1.498409733176231384e-02,-9.542632848024368286e-03,3.584213554859161377e-03,6.204971075057983398e-01,6.296266913414001465e-01,-4.595351219177246094e-01,3.624128401279449463e-01,6.331962858492105051e-01,6.463209837698395965e-01,-4.416857230879198681e-01,3.765481105597199285e-01
-9.108297526836395264e-03,6.250943988561630249e-04,7.012240588665008545e-03,1.483646035194396973e-02,-9.661898016929626465e-03,3.434099256992340088e-03,6.192559599876403809e-01,6.114722490310668945e-01,-4.603623151779174805e-01,3.625597953796386719e-01,6.316399129722681804e-01,6.282724104118306840e-01,-4.417155180313954710e-01,3.766061360352456755e-01
-8.940681815147399902e-03,3.338269889354705811e-04,6.718639284372329712e-03,1.468853652477264404e-02,-9.776093065738677979e-03,3.285087645053863525e-03,6.179651021957397461e-01,5.934686660766601562e-01,-4.611606001853942871e-01,3.626803159713745117e-01,6.300918394024590530e-01,6.104018245661242403e-01,-4.417603063655128892e-01,3.766640766573637888e-01
-8.774287998676300049e-03,4.468113183975219727e-05,6.430637091398239136e-03,1.454076729714870453e-02,-9.885516017675399780e-03,3.137379884719848633e-03,6.166446805000305176e-01,5.756338834762573242e-01,-4.619410932064056396e-01,3.627836108207702637e-01,6.285520655547628399e-01,5.927092187719312788e-01,-4.418200880902606875e-01,3.767219324260722146e-01
-8.609764277935028076e-03,-2.421736717224121094e-04,6.149429827928543091e-03,1.439330168068408966e-02,-9.989649057388305664e-03,2.992302179336547852e-03,6.153225898742675781e-01,5.580067634582519531e-01,-4.627031683921813965e-01,3.628917336463928223e-01,6.270209377662276928e-01,5.751998740981086877e-01,-4.418848580368401890e-01,3.767795526741821166e-01
-8.446943014860153198e-03,-5.269665271043777466e-04,5.874834954738616943e-03,1.424574851989746094e-02,-1.008813455700874329e-02,2.850100398063659668e-03,6.139926910400390625e-01,5.405654907226562500e-01,-4.634332656860351562e-01,3.629989326000213623e-01,6.254986107336397705e-01,5.578761366176816505e-01,-4.419501571318239508e-01,3.768368702527952196e-01
-8.285157382488250732e-03,-8.096434175968170166e-04,5.605675280094146729e-03,1.409783773124217987e-02,-1.018156111240386963e-02,2.709567546844482422e-03,6.126210689544677734e-01,5.232756137847900391e-01,-4.641257226467132568e-01,3.630832433700561523e-01,6.239848583994406228e-01,5.407345321224126256e-01,-4.420225384033845129e-01,3.768939838435411138e-01
-8.124805986881256104e-03,-1.090090721845626831e-03,5.342189222574234009e-03,1.395010761916637421e-02,-1.027029007673263550e-02,2.571009099483489990e-03,6.112315654754638672e-01,5.061621069908142090e-01,-4.647937417030334473e-01,3.631580770015716553e-01,6.224796812488714304e-01,5.237750508960768991e-01,-4.421020018515218752e-01,3.769508934464151917e-01
-7.966194301843643188e-03,-1.368364319205284119e-03,5.084775388240814209e-03,1.380262151360511780e-02,-1.035418733954429626e-02,2.434976398944854736e-03,6.098397970199584961e-01,4.892372488975524902e-01,-4.654394686222076416e-01,3.632342815399169922e-01,6.209830736939079276e-01,5.069949324647169409e-01,-4.421836207912702155e-01,3.770075139550228549e-01
-7.809288799762725830e-03,-1.644540578126907349e-03,4.833571612834930420e-03,1.365520432591438293e-02,-1.043295487761497498e-02,2.301886677742004395e-03,6.084469556808471680e-01,4.724954962730407715e-01,-4.660537540912628174e-01,3.633129596710205078e-01,6.194950305807868096e-01,4.903915871617641753e-01,-4.422627779711296725e-01,3.770637656082983513e-01
-7.653634995222091675e-03,-1.918617635965347290e-03,4.587654024362564087e-03,1.350765489041805267e-02,-1.050701364874839783e-02,2.170763909816741943e-03,6.070280075073242188e-01,4.559104740619659424e-01,-4.666340351104736328e-01,3.633764386177062988e-01,6.180155582511015488e-01,4.739676363621945221e-01,-4.423441889653235704e-01,3.771197298657894548e-01
-7.499564439058303833e-03,-2.190399914979934692e-03,4.347313195466995239e-03,1.336037181317806244e-02,-1.057670265436172485e-02,2.041943371295928955e-03,6.056007146835327148e-01,4.395068585872650146e-01,-4.671895802021026611e-01,3.634378910064697266e-01,6.165446572186519258e-01,4.577230690641491129e-01,-4.424278537738520201e-01,3.771754067274971645e-01
-7.346946746110916138e-03,-2.460023388266563416e-03,4.112239927053451538e-03,1.321334578096866608e-02,-1.064202934503555298e-02,1.915320754051208496e-03,6.041641831398010254e-01,4.232716858386993408e-01,-4.677177071571350098e-01,3.634920120239257812e-01,6.150821673447822713e-01,4.416525332765014467e-01,-4.425126135956469198e-01,3.772307676346041139e-01
-7.195945829153060913e-03,-2.727616578340530396e-03,3.882575780153274536e-03,1.306657120585441589e-02,-1.070310920476913452e-02,1.791179180145263672e-03,6.027289628982543945e-01,4.072084426879882812e-01,-4.682227373123168945e-01,3.635492026805877686e-01,6.136278169535225313e-01,4.257469680601951856e-01,-4.425965050524177657e-01,3.772857641993702660e-01
-7.046286016702651978e-03,-2.993041649460792542e-03,3.657907247543334961e-03,1.292001642286777496e-02,-1.076003536581993103e-02,1.669049263000488281e-03,6.012797355651855469e-01,3.913071155548095703e-01,-4.686995446681976318e-01,3.635966479778289795e-01,6.121818348151543132e-01,4.100139507767875391e-01,-4.426811746347324439e-01,3.773404369997926944e-01
-6.898161023855209351e-03,-3.256216645240783691e-03,3.438338637351989746e-03,1.277386024594306946e-02,-1.081311330199241638e-02,1.549094915390014648e-03,5.998265743255615234e-01,3.755800724029541016e-01,-4.691546857357025146e-01,3.636435866355895996e-01,6.107442214346251452e-01,3.944534701749575767e-01,-4.427666223426023895e-01,3.773947860358703998e-01
-6.751541048288345337e-03,-3.517195582389831543e-03,3.223601728677749634e-03,1.262814924120903015e-02,-1.086236536502838135e-02,1.431263983249664307e-03,5.983701944351196289e-01,3.600203394889831543e-01,-4.695858955383300781e-01,3.636849224567413330e-01,6.093148920137132496e-01,3.790629956356216246e-01,-4.428527579473316433e-01,3.774488055931910502e-01
-6.606299430131912231e-03,-3.776047378778457642e-03,3.013543784618377686e-03,1.248282566666603088e-02,-1.090803742408752441e-02,1.315340399742126465e-03,5.969071984291076660e-01,3.446217477321624756e-01,-4.699964523315429688e-01,3.637228310108184814e-01,6.078935291859675072e-01,3.638331275198185000e-01,-4.429392452205188624e-01,3.775024743775594605e-01
-6.462570279836654663e-03,-4.032732918858528137e-03,2.808149904012680054e-03,1.233801245689392090e-02,-1.095021516084671021e-02,1.201495528221130371e-03,5.954447984695434570e-01,3.293894231319427490e-01,-4.703869521617889404e-01,3.637595474720001221e-01,6.064802467578204181e-01,3.487672016843701983e-01,-4.430262040311544469e-01,3.775557999805800313e-01
-6.320223212242126465e-03,-4.287295043468475342e-03,2.607241272926330566e-03,1.219372451305389404e-02,-1.098899170756340027e-02,1.089528203010559082e-03,5.939794778823852539e-01,3.143168687820434570e-01,-4.707581400871276855e-01,3.637922704219818115e-01,6.050749910661475939e-01,3.338636077241067257e-01,-4.431135771052459038e-01,3.776087787749473068e-01
-6.179302930831909180e-03,-4.539601504802703857e-03,2.410739660263061523e-03,1.204998046159744263e-02,-1.102451607584953308e-02,9.794533252716064453e-04,5.925107002258300781e-01,2.994080185890197754e-01,-4.711088836193084717e-01,3.638210594654083252e-01,6.036776896517621616e-01,3.191202849703174693e-01,-4.432013549482610171e-01,3.776614077576336825e-01
-6.039757281541824341e-03,-4.789857193827629089e-03,2.218462526798248291e-03,1.190682873129844666e-02,-1.105698570609092712e-02,8.711665868759155273e-04,5.910427570343017578e-01,2.846547365188598633e-01,-4.714441001415252686e-01,3.638487756252288818e-01,6.022881578502351507e-01,3.045324842098553475e-01,-4.432898133505659422e-01,3.777136876531063669e-01
-5.901619791984558105e-03,-5.037959665060043335e-03,2.030357718467712402e-03,1.176428794860839844e-02,-1.108644157648086548e-02,7.646530866622924805e-04,5.895743370056152344e-01,2.700598239898681641e-01,-4.717626571655273438e-01,3.638734817504882812e-01,6.009063882286547198e-01,2.900997036963573472e-01,-4.433787774268156956e-01,3.777656132973625236e-01
-5.764819681644439697e-03,-5.283940583467483521e-03,1.846283674240112305e-03,1.162238605320453644e-02,-1.111301779747009277e-02,6.598830223083496094e-04,5.881059169769287109e-01,2.556191384792327881e-01,-4.720643162727355957e-01,3.638956546783447266e-01,5.995323074022234078e-01,2.758198613909728092e-01,-4.434682399757342020e-01,3.778171817173392455e-01
-5.629375576972961426e-03,-5.527807399630546570e-03,1.666136085987091064e-03,1.148115843534469604e-02,-1.113685220479965210e-02,5.567520856857299805e-04,5.866382122039794922e-01,2.413323521614074707e-01,-4.723517298698425293e-01,3.639153242111206055e-01,5.981658419792061920e-01,2.616908753173936009e-01,-4.435581937960116350e-01,3.778683899399706836e-01
-5.495306104421615601e-03,-5.769602954387664795e-03,1.489844173192977905e-03,1.134063117206096649e-02,-1.115801930427551270e-02,4.553124308586120605e-04,5.851739645004272461e-01,2.271978557109832764e-01,-4.726254343986511230e-01,3.639339506626129150e-01,5.968069185609650162e-01,2.477106635618005759e-01,-4.436486316863380019e-01,3.779192349921925431e-01
-5.362484604120254517e-03,-6.009284406900405884e-03,1.317273825407028198e-03,1.120079867541790009e-02,-1.117662712931632996e-02,3.553926944732666016e-04,5.837082862854003906e-01,2.132122218608856201e-01,-4.728845357894897461e-01,3.639490008354187012e-01,5.954554637420040875e-01,2.338771442724802974e-01,-4.437395464454259586e-01,3.779697139009409179e-01
-5.231037735939025879e-03,-6.246946752071380615e-03,1.148354262113571167e-03,1.106171123683452606e-02,-1.119278371334075928e-02,2.571120858192443848e-04,5.822488069534301758e-01,1.993753015995025635e-01,-4.731318652629852295e-01,3.639640212059020996e-01,5.941114041099939680e-01,2.201882356597704427e-01,-4.438309308719656787e-01,3.780198236931499589e-01
-5.100820213556289673e-03,-6.482521072030067444e-03,9.829550981521606445e-04,1.092335768043994904e-02,-1.120656356215476990e-02,1.602917909622192383e-04,5.807890892028808594e-01,1.856836378574371338e-01,-4.733654260635375977e-01,3.639753460884094238e-01,5.927746662458351912e-01,2.066418559959504186e-01,-4.439227777646698181e-01,3.780695613957558709e-01
-4.971981048583984375e-03,-6.715966388583183289e-03,8.211508393287658691e-04,1.078582741320133209e-02,-1.121803373098373413e-02,6.510317325592041016e-05,5.793357491493225098e-01,1.721442043781280518e-01,-4.735871553421020508e-01,3.639868795871734619e-01,5.914453256721586838e-01,1.932410432904419217e-01,-4.440147904942168267e-01,3.781189367925653633e-01
-4.844363778829574585e-03,-6.947377696633338928e-03,6.626956164836883545e-04,1.064905337989330292e-02,-1.122730970382690430e-02,-2.872943878173828125e-05,5.778831243515014648e-01,1.587466895580291748e-01,-4.737977683544158936e-01,3.639952540397644043e-01,5.901232231345283630e-01,1.799807660633297168e-01,-4.441071286283539976e-01,3.781679395599755189e-01
-4.718050360679626465e-03,-7.176756858825683594e-03,5.076155066490173340e-04,1.051311008632183075e-02,-1.123448833823204041e-02,-1.210644841194152832e-04,5.764373540878295898e-01,1.454944610595703125e-01,-4.739987254142761230e-01,3.640044927597045898e-01,5.888082888654966318e-01,1.668590689793857662e-01,-4.441997778337365421e-01,3.782165670392780288e-01
-4.592899233102798462e-03,-7.404115051031112671e-03,3.557167947292327881e-04,1.037795282900333405e-02,-1.123963296413421631e-02,-2.120733261108398438e-04,5.749927759170532227e-01,1.323802769184112549e-01,-4.741882383823394775e-01,3.640108406543731689e-01,5.875004570148147920e-01,1.538741316346043109e-01,-4.442927161528243407e-01,3.782648169078020595e-01
-4.469051957130432129e-03,-7.629422470927238464e-03,2.069883048534393311e-04,1.024365611374378204e-02,-1.124280318617820740e-02,-3.016889095306396484e-04,5.735540390014648438e-01,1.194089949131011963e-01,-4.743681252002716064e-01,3.640152812004089355e-01,5.861996617258831144e-01,1.410241336926616462e-01,-4.443859216280884872e-01,3.783126868428856593e-01
-4.346393048763275146e-03,-7.852785289287567139e-03,6.133317947387695312e-05,1.011019013822078705e-02,-1.124410703778266907e-02,-3.899186849594116211e-04,5.721216797828674316e-01,1.065734252333641052e-01,-4.745385348796844482e-01,3.640200197696685791e-01,5.849058371357838126e-01,1.283072548851897365e-01,-4.444793723019889176e-01,3.783601745218579948e-01
-4.224903881549835205e-03,-8.074156939983367920e-03,-8.133053779602050781e-05,9.977562353014945984e-03,-1.124360039830207825e-02,-4.769265651702880859e-04,5.706923007965087891e-01,9.387375414371490479e-02,-4.747003018856048584e-01,3.640225529670715332e-01,5.836189173753346671e-01,1.157216750107919329e-01,-4.445730462169967812e-01,3.784072776220557266e-01
-4.104655236005783081e-03,-8.293587714433670044e-03,-2.210475504398345947e-04,9.845791384577751160e-03,-1.124136522412300110e-02,-5.626454949378967285e-04,5.692700743675231934e-01,8.130984008312225342e-02,-4.748550951480865479e-01,3.640252053737640381e-01,5.823388365691342106e-01,1.032655739350977347e-01,-4.446669214155832828e-01,3.784539938208088539e-01
-3.985550254583358765e-03,-8.510971441864967346e-03,-3.578476607799530029e-04,9.714921936392784119e-03,-1.123745366930961609e-02,-6.470531225204467773e-04,5.678526163101196289e-01,6.888211518526077271e-02,-4.749996662139892578e-01,3.640269041061401367e-01,5.810656466808090670e-01,9.094199086776756646e-02,-4.447609367950398074e-01,3.785003426946961791e-01
-3.867655992507934570e-03,-8.726391941308975220e-03,-4.918351769447326660e-04,9.584942832589149475e-03,-1.123193278908729553e-02,-7.302314043045043945e-04,5.664418935775756836e-01,5.658853426575660706e-02,-4.751371145248413086e-01,3.640277087688446045e-01,5.797992453010263336e-01,7.874760014214378379e-02,-4.448550825290642496e-01,3.785463151344025667e-01
-3.750901669263839722e-03,-8.939858525991439819e-03,-6.230808794498443604e-04,9.455837309360504150e-03,-1.122488081455230713e-02,-8.122548460960388184e-04,5.650358200073242188e-01,4.442626237869262695e-02,-4.752675294876098633e-01,3.640275597572326660e-01,5.785395441496490321e-01,6.667965890739520340e-02,-4.449493440960879398e-01,3.785919046572924218e-01
-3.635302186012268066e-03,-9.151382371783256531e-03,-7.516294717788696289e-04,9.327650070190429688e-03,-1.121632382273674011e-02,-8.930563926696777344e-04,5.636368989944458008e-01,3.239475935697555542e-02,-4.753903448581695557e-01,3.640266358852386475e-01,5.772864832385351530e-01,5.473659122385288178e-02,-4.450436975747191215e-01,3.786371100393708389e-01
-3.520824015140533447e-03,-9.360982105135917664e-03,-8.775815367698669434e-04,9.200341999530792236e-03,-1.120636612176895142e-02,-9.727329015731811523e-04,5.622435212135314941e-01,2.049125730991363525e-02,-4.755064249038696289e-01,3.640250563621520996e-01,5.760400025735347151e-01,4.291682123347115990e-02,-4.451381190435327873e-01,3.786819300566388047e-01
-3.407470881938934326e-03,-9.568691253662109375e-03,-1.000963151454925537e-03,9.073957800865173340e-03,-1.119501888751983643e-02,-1.051306724548339844e-03,5.608571171760559082e-01,8.715063333511352539e-03,-4.756169915199279785e-01,3.640225529670715332e-01,5.748000421545258476e-01,3.121877315895297059e-02,-4.452325845811131444e-01,3.787263634850945859e-01
-3.295198082923889160e-03,-9.774534031748771667e-03,-1.121830195188522339e-03,8.948460221290588379e-03,-1.118236780166625977e-02,-1.128733158111572266e-03,5.594778060913085938e-01,-2.936683595180511475e-03,-4.757210016250610352e-01,3.640210032463073730e-01,5.735665419754789607e-01,1.964087130342183699e-02,-4.453270702660444558e-01,3.787704091007422780e-01
-3.183986991643905640e-03,-9.978480637073516846e-03,-1.240298151969909668e-03,8.823886513710021973e-03,-1.116846874356269836e-02,-1.205086708068847656e-03,5.581045746803283691e-01,-1.446517556905746460e-02,-4.758180975914001465e-01,3.640179336071014404e-01,5.723394420245064840e-01,8.181540049491977523e-03,-4.454215521769108177e-01,3.788140656795823125e-01
-3.073945641517639160e-03,-1.018049381673336029e-02,-1.356299966573715210e-03,8.700255304574966431e-03,-1.115334406495094299e-02,-1.280397176742553711e-03,5.567385554313659668e-01,-2.586496621370315552e-02,-4.759112298488616943e-01,3.640144765377044678e-01,5.711188047705657578e-01,-3.155757774396338641e-03,-4.455160273047849562e-01,3.788573585395421106e-01
-2.964965999126434326e-03,-1.038058474659919739e-02,-1.469906419515609741e-03,8.577581495046615601e-03,-1.113708317279815674e-02,-1.354597508907318115e-03,5.553801059722900391e-01,-3.713990747928619385e-02,-4.759982824325561523e-01,3.640119433403015137e-01,5.699045941843917662e-01,-1.437161019915290938e-02,-4.456104758252791287e-01,3.789002916565343271e-01
-2.857070416212081909e-03,-1.057877764105796814e-02,-1.581244170665740967e-03,8.455865085124969482e-03,-1.111967116594314575e-02,-1.427821815013885498e-03,5.540277957916259766e-01,-4.829239845275878906e-02,-4.760797023773193359e-01,3.640065789222717285e-01,5.686966862181765947e-01,-2.547022559841293984e-02,-4.457048628872215534e-01,3.789428499346180756e-01
-2.750236541032791138e-03,-1.077511347830295563e-02,-1.690283417701721191e-03,8.335079997777938843e-03,-1.110122725367546082e-02,-1.499995589256286621e-03,5.526836514472961426e-01,-5.932323634624481201e-02,-4.761568307876586914e-01,3.640030920505523682e-01,5.674950292702640731e-01,-3.645283208517396262e-02,-4.457991660092850417e-01,3.789850339775395205e-01
-2.644438296556472778e-03,-1.096960157155990601e-02,-1.797173172235488892e-03,8.215229958295822144e-03,-1.108176633715629578e-02,-1.571223139762878418e-03,5.513458251953125000e-01,-7.023585587739944458e-02,-4.762289524078369141e-01,3.639979958534240723e-01,5.662995717332575119e-01,-4.732065766834102349e-02,-4.458933627101422936e-01,3.790268443890488226e-01
-2.539686858654022217e-03,-1.116222329437732697e-02,-1.901835203170776367e-03,8.096344769001007080e-03,-1.106133684515953064e-02,-1.641467213630676270e-03,5.500158667564392090e-01,-8.102741092443466187e-02,-4.762973189353942871e-01,3.639940321445465088e-01,5.651102619940721050e-01,-5.807493025376493645e-02,-4.459874305084662871e-01,3.790682817728915910e-01
-2.435967326164245605e-03,-1.135302335023880005e-02,-2.004414796829223633e-03,7.978387176990509033e-03,-1.103993505239486694e-02,-1.710750162601470947e-03,5.486929416656494141e-01,-9.170281887054443359e-02,-4.763603806495666504e-01,3.639886677265167236e-01,5.639270484340044298e-01,-6.871687764478937033e-02,-4.460813469229294448e-01,3.791093467328174871e-01
-2.333261072635650635e-03,-1.154202781617641449e-02,-2.104919403791427612e-03,7.861364632844924927e-03,-1.101770251989364624e-02,-1.779109239578247070e-03,5.473779439926147461e-01,-1.022621691226959229e-01,-4.764207303524017334e-01,3.639851510524749756e-01,5.627498794287921768e-01,-7.924772754350756232e-02,-4.461750894722047445e-01,3.791500398725726195e-01
-2.231515944004058838e-03,-1.172919943928718567e-02,-2.203434705734252930e-03,7.745295763015747070e-03,-1.099456101655960083e-02,-1.846529543399810791e-03,5.460693836212158203e-01,-1.127081960439682007e-01,-4.764744639396667480e-01,3.639792799949645996e-01,5.615787033486728808e-01,-8.966870755152876737e-02,-4.462686356749649974e-01,3.791903617959056505e-01
-2.130828797817230225e-03,-1.191458478569984436e-02,-2.299949526786804199e-03,7.630188018083572388e-03,-1.097060367465019226e-02,-1.913040876388549805e-03,5.447700023651123047e-01,-1.230384334921836853e-01,-4.765259623527526855e-01,3.639739155769348145e-01,5.604134685584526432e-01,-9.998104517107042621e-02,-4.463619630498826263e-01,3.792303131065631883e-01
-2.031065523624420166e-03,-1.209823600947856903e-02,-2.394534647464752197e-03,7.515992969274520874e-03,-1.094591990113258362e-02,-1.978710293769836426e-03,5.434774160385131836e-01,-1.332587599754333496e-01,-4.765746891498565674e-01,3.639702200889587402e-01,5.592541234175560927e-01,-1.101859678055606973e-01,-4.464550491156307199e-01,3.792698944082938395e-01
-1.932308077812194824e-03,-1.228010002523660660e-02,-2.487212419509887695e-03,7.402755320072174072e-03,-1.092045009136199951e-02,-2.043522894382476807e-03,5.421924591064453125e-01,-1.433662772178649902e-01,-4.766200482845306396e-01,3.639652729034423828e-01,5.581006162800959958e-01,-1.202847027608947988e-01,-4.465478713908820341e-01,3.793091063048442679e-01
-1.834455877542495728e-03,-1.246019266545772552e-02,-2.578064799308776855e-03,7.290445268154144287e-03,-1.089426875114440918e-02,-2.107448875904083252e-03,5.409138798713684082e-01,-1.533656269311904907e-01,-4.766597151756286621e-01,3.639598488807678223e-01,5.569528954949251043e-01,-1.302784772461471618e-01,-4.466404073943090469e-01,3.793479493999621366e-01
-1.737598329782485962e-03,-1.263860985636711121e-02,-2.667084336280822754e-03,7.179066538810729980e-03,-1.086741313338279724e-02,-2.170540392398834229e-03,5.396451354026794434e-01,-1.632563173770904541e-01,-4.766984581947326660e-01,3.639558851718902588e-01,5.558109094057107624e-01,-1.401685183747181096e-01,-4.467326346445847363e-01,3.793864242973965517e-01
-1.641653478145599365e-03,-1.281527988612651825e-02,-2.754352986812591553e-03,7.068619132041931152e-03,-1.083989813923835754e-02,-2.232849597930908203e-03,5.383824110031127930e-01,-1.730401068925857544e-01,-4.767332971096038818e-01,3.639504909515380859e-01,5.546746063509822022e-01,-1.499560531648807538e-01,-4.468245306603817468e-01,3.794245316008946767e-01
-1.546613872051239014e-03,-1.299026608467102051e-02,-2.839855849742889404e-03,6.959084421396255493e-03,-1.081179827451705933e-02,-2.294294536113739014e-03,5.371282100677490234e-01,-1.827182769775390625e-01,-4.767650961875915527e-01,3.639475703239440918e-01,5.535439346641937153e-01,-1.596423085409849896e-01,-4.469160729603729454e-01,3.794622719142026201e-01
-1.452505588531494141e-03,-1.316355168819427490e-02,-2.923704683780670166e-03,6.850473582744598389e-03,-1.078306138515472412e-02,-2.355016767978668213e-03,5.358802676200866699e-01,-1.922921538352966309e-01,-4.767939448356628418e-01,3.639418780803680420e-01,5.524188609004742068e-01,-1.692280637399180276e-01,-4.470072701557243344e-01,3.794996480095568780e-01
-1.359287649393081665e-03,-1.333512458950281143e-02,-3.005851060152053833e-03,6.742808967828750610e-03,-1.075380295515060425e-02,-2.414941787719726562e-03,5.346401333808898926e-01,-2.017604112625122070e-01,-4.768202304840087891e-01,3.639377057552337646e-01,5.512993988292738123e-01,-1.787129382867046201e-01,-4.470982114082904801e-01,3.795366682770580091e-01
-1.266963779926300049e-03,-1.350504253059625626e-02,-3.086358308792114258e-03,6.636064499616622925e-03,-1.072400808334350586e-02,-2.474077045917510986e-03,5.334082841873168945e-01,-2.111262381076812744e-01,-4.768437445163726807e-01,3.639342188835144043e-01,5.501854327622058838e-01,-1.880997306008611036e-01,-4.471887650490841137e-01,3.795733257053575671e-01
-1.175545156002044678e-03,-1.367333531379699707e-02,-3.165312111377716064e-03,6.530236452817916870e-03,-1.069369912147521973e-02,-2.532504498958587646e-03,5.321843624114990234e-01,-2.203916311264038086e-01,-4.768655598163604736e-01,3.639298379421234131e-01,5.490769123368485216e-01,-1.973896347038856525e-01,-4.472789108552425175e-01,3.796096210557152184e-01
-1.084957271814346313e-03,-1.383997779339551926e-02,-3.242664039134979248e-03,6.425298750400543213e-03,-1.066291332244873047e-02,-2.590179443359375000e-03,5.309668779373168945e-01,-2.295567095279693604e-01,-4.768842756748199463e-01,3.639265894889831543e-01,5.479737871859893250e-01,-2.065838445259768619e-01,-4.473686286039033067e-01,3.796455550893915176e-01
-9.952858090400695801e-04,-1.400500815361738205e-02,-3.318533301353454590e-03,6.321258842945098877e-03,-1.063168793916702271e-02,-2.647124230861663818e-03,5.297579765319824219e-01,-2.386228144168853760e-01,-4.769010245800018311e-01,3.639231920242309570e-01,5.468760069377091027e-01,-2.156835539068535090e-01,-4.474578980722037080e-01,3.796811285676467418e-01
-9.063668549060821533e-04,-1.416844315826892853e-02,-3.392897546291351318e-03,6.218116730451583862e-03,-1.060000061988830566e-02,-2.703346312046051025e-03,5.285553336143493652e-01,-2.475938200950622559e-01,-4.769138097763061523e-01,3.639198839664459229e-01,5.457835212154038551e-01,-2.246899565965741474e-01,-4.475466990372812259e-01,3.797163422517414455e-01
-8.183717727661132812e-04,-1.433034241199493408e-02,-3.465794026851654053e-03,6.115876138210296631e-03,-1.056791841983795166e-02,-2.758905291557312012e-03,5.273625254631042480e-01,-2.564671039581298828e-01,-4.769276678562164307e-01,3.639177083969116211e-01,5.446962796378700400e-01,-2.336042462565223188e-01,-4.476350112762733091e-01,3.797511969029363499e-01
-7.311180233955383301e-04,-1.449062861502170563e-02,-3.537245094776153564e-03,6.014470010995864868e-03,-1.053543388843536377e-02,-2.813756465911865234e-03,5.261739492416381836e-01,-2.652467191219329834e-01,-4.769364595413208008e-01,3.639154732227325439e-01,5.436142318193531997e-01,-2.424276164602252870e-01,-4.477228145663174064e-01,3.797856932824905662e-01
-6.447248160839080811e-04,-1.464940048754215240e-02,-3.607317805290222168e-03,5.913972854614257812e-03,-1.050256565213203430e-02,-2.867907285690307617e-03,5.249953269958496094e-01,-2.739326357841491699e-01,-4.769439697265625000e-01,3.639134168624877930e-01,5.425373273696115772e-01,-2.511612606943389170e-01,-4.478100886845508000e-01,3.798198321516637055e-01
-5.591064691543579102e-04,-1.480664499104022980e-02,-3.676038235425949097e-03,5.814343690872192383e-03,-1.046936586499214172e-02,-2.921439707279205322e-03,5.238232612609863281e-01,-2.825270593166351318e-01,-4.769499301910400391e-01,3.639115393161773682e-01,5.414655158939685187e-01,-2.598063723595221974e-01,-4.478968134081109942e-01,3.798536142717164332e-01
-4.743076860904693604e-04,-1.496236678212881088e-02,-3.743387758731842041e-03,5.715548992156982422e-03,-1.043579354882240295e-02,-2.974294126033782959e-03,5.226583480834960938e-01,-2.910294532775878906e-01,-4.769534766674041748e-01,3.639098107814788818e-01,5.403987469933700938e-01,-2.683641447713121519e-01,-4.479829685141354934e-01,3.798870404039094706e-01
-3.902465105056762695e-04,-1.511658076196908951e-02,-3.809440881013870239e-03,5.617618560791015625e-03,-1.040191575884819031e-02,-3.026530146598815918e-03,5.214997529983520508e-01,-2.994427084922790527e-01,-4.769545495510101318e-01,3.639079332351684570e-01,5.393369702644490449e-01,-2.768357711608336880e-01,-4.480685337797616352e-01,3.799201113095008187e-01
-3.069676458835601807e-04,-1.526935584843158722e-02,-3.874197602272033691e-03,5.520518869161605835e-03,-1.036777347326278687e-02,-3.078132867813110352e-03,5.203495621681213379e-01,-3.077678084373474121e-01,-4.769553542137145996e-01,3.639082312583923340e-01,5.382801352995697508e-01,-2.852224446761134069e-01,-4.481534889821268686e-01,3.799528277497548068e-01
-2.244636416435241699e-04,-1.542066596448421478e-02,-3.937706351280212402e-03,5.424283444881439209e-03,-1.033330336213111877e-02,-3.129102289676666260e-03,5.192072391510009766e-01,-3.160052895545959473e-01,-4.769537448883056641e-01,3.639075756072998047e-01,5.372281916869037222e-01,-2.935253583825153667e-01,-4.482378138983685312e-01,3.799851904859274376e-01
-1.426339149475097656e-04,-1.557053439319133759e-02,-3.999982029199600220e-03,5.328819155693054199e-03,-1.029858365654945374e-02,-3.179505467414855957e-03,5.180691480636596680e-01,-3.241586685180664062e-01,-4.769496917724609375e-01,3.639075756072998047e-01,5.361810890104690142e-01,-3.017457052636708936e-01,-4.483214883056241273e-01,3.800172002792808756e-01
-6.164237856864929199e-05,-1.571900025010108948e-02,-4.061050713062286377e-03,5.234215408563613892e-03,-1.026359945535659790e-02,-3.229223191738128662e-03,5.169423818588256836e-01,-3.322252631187438965e-01,-4.769448935985565186e-01,3.639087975025177002e-01,5.351387768501929543e-01,-3.098846782227914765e-01,-4.484044919810311058e-01,3.800488578910738435e-01
1.864135265350341797e-05,-1.586575061082839966e-02,-4.120904952287673950e-03,5.140557885169982910e-03,-1.022849231958389282e-02,-3.278367221355438232e-03,5.158191323280334473e-01,-3.401978611946105957e-01,-4.769359827041625977e-01,3.639086186885833740e-01,5.341016864488657978e-01,-3.179265524812751043e-01,-4.484872918597483937e-01,3.800802480379111281e-01
9.803101420402526855e-05,-1.601095125079154968e-02,-4.179503768682479858e-03,5.047816783189773560e-03,-1.019320264458656311e-02,-3.326922655105590820e-03,5.147053003311157227e-01,-3.480758965015411377e-01,-4.769284129142761230e-01,3.639092445373535156e-01,5.330694896093048918e-01,-3.258822760616323366e-01,-4.485695867864361031e-01,3.801113230659974307e-01
1.767389476299285889e-04,-1.615473255515098572e-02,-4.236955195665359497e-03,4.955891519784927368e-03,-1.015773415565490723e-02,-3.374874591827392578e-03,5.135980844497680664e-01,-3.558714091777801514e-01,-4.769182801246643066e-01,3.639110326766967773e-01,5.320420434427528544e-01,-3.337562886982188282e-01,-4.486512630286119685e-01,3.801420676214244398e-01
2.547204494476318359e-04,-1.629706844687461853e-02,-4.293292760848999023e-03,4.864793270826339722e-03,-1.012206822633743286e-02,-3.422267735004425049e-03,5.124971866607666016e-01,-3.635831475257873535e-01,-4.769060313701629639e-01,3.639118671417236328e-01,5.310193036354327045e-01,-3.415495677134857133e-01,-4.487323065562506819e-01,3.801724835327107699e-01
3.319829702377319336e-04,-1.643801666796207428e-02,-4.348505288362503052e-03,4.774499684572219849e-03,-1.008629053831100464e-02,-3.469146788120269775e-03,5.114033222198486328e-01,-3.712120056152343750e-01,-4.768943488597869873e-01,3.639147281646728516e-01,5.300012258697035517e-01,-3.492630903400055220e-01,-4.488127033393269905e-01,3.802025726283689844e-01
4.085525870323181152e-04,-1.657757163047790527e-02,-4.402637481689453125e-03,4.685055464506149292e-03,-1.005033403635025024e-02,-3.515422344207763672e-03,5.103176236152648926e-01,-3.787598013877868652e-01,-4.768803417682647705e-01,3.639174997806549072e-01,5.289877658240894620e-01,-3.568978337214015473e-01,-4.488924393478154196e-01,3.802323367369152551e-01
4.844069480895996094e-04,-1.671572402119636536e-02,-4.455696791410446167e-03,4.596374928951263428e-03,-1.001423969864845276e-02,-3.561131656169891357e-03,5.092378854751586914e-01,-3.862263560295104980e-01,-4.768640398979187012e-01,3.639208972454071045e-01,5.279788791733617259e-01,-3.644547749134416370e-01,-4.489715005516905499e-01,3.802617776868646438e-01
5.595944821834564209e-04,-1.685254462063312531e-02,-4.507757723331451416e-03,4.508487880229949951e-03,-9.978018701076507568e-03,-3.606386482715606689e-03,5.081641674041748047e-01,-3.936154842376708984e-01,-4.768473803997039795e-01,3.639235496520996094e-01,5.269745215885663914e-01,-3.719348908845848678e-01,-4.490498729209273510e-01,3.802908973067328224e-01
6.341114640235900879e-04,-1.698800176382064819e-02,-4.558742046356201172e-03,4.421412944793701172e-03,-9.941730648279190063e-03,-3.651082515716552734e-03,5.070981979370117188e-01,-4.009243249893188477e-01,-4.768301844596862793e-01,3.639289736747741699e-01,5.259746487371033119e-01,-3.793391585172929958e-01,-4.491275424255002924e-01,3.803196974250332985e-01
7.079690694808959961e-04,-1.712214201688766479e-02,-4.608776420354843140e-03,4.335109144449234009e-03,-9.905274957418441772e-03,-3.695189952850341797e-03,5.060393810272216797e-01,-4.081585109233856201e-01,-4.768090546131134033e-01,3.639331459999084473e-01,5.249792162827516817e-01,-3.866685546087419434e-01,-4.492044950353840660e-01,3.803481798702817995e-01
7.811374962329864502e-04,-1.725494116544723511e-02,-4.657831043004989624e-03,4.249572753906250000e-03,-9.868755936622619629e-03,-3.738835453987121582e-03,5.049865245819091797e-01,-4.153146743774414062e-01,-4.767877757549285889e-01,3.639376759529113770e-01,5.239881798857478623e-01,-3.939240558718052343e-01,-4.492807167205532526e-01,3.803763464709928321e-01
8.537024259567260742e-04,-1.738648489117622375e-02,-4.705909639596939087e-03,4.164803773164749146e-03,-9.832154959440231323e-03,-3.781996667385101318e-03,5.039405226707458496e-01,-4.223974645137786865e-01,-4.767660796642303467e-01,3.639436662197113037e-01,5.230014952028110287e-01,-4.011066389357652584e-01,-4.493561934509827105e-01,3.804041990556815134e-01
9.255930781364440918e-04,-1.751670613884925842e-02,-4.753027111291885376e-03,4.080772399902343750e-03,-9.795460850000381470e-03,-3.824613988399505615e-03,5.029008984565734863e-01,-4.294044077396392822e-01,-4.767420589923858643e-01,3.639499545097351074e-01,5.220191178872201077e-01,-4.082172803474067857e-01,-4.494309111966469650e-01,3.804317394528635154e-01
9.968951344490051270e-04,-1.764562353491783142e-02,-4.799284040927886963e-03,3.997519612312316895e-03,-9.758718311786651611e-03,-3.866799175739288330e-03,5.018661022186279297e-01,-4.363391697406768799e-01,-4.767160713672637939e-01,3.639548420906066895e-01,5.210410035888460856e-01,-4.152569565718905453e-01,-4.495048559275208744e-01,3.804589694910533448e-01
1.067515462636947632e-03,-1.777333021163940430e-02,-4.844557493925094604e-03,3.915008157491683960e-03,-9.721908718347549438e-03,-3.908455371856689453e-03,5.008406639099121094e-01,-4.431998729705810547e-01,-4.766909480094909668e-01,3.639627695083618164e-01,5.200671079542042996e-01,-4.222266439934655446e-01,-4.495780136135787974e-01,3.804858909987652305e-01
1.137588173151016235e-03,-1.789978705346584320e-02,-4.888992756605148315e-03,3.833178430795669556e-03,-9.685061872005462646e-03,-3.949657082557678223e-03,4.998188018798828125e-01,-4.499921798706054688e-01,-4.766626954078674316e-01,3.639702796936035156e-01,5.190973866265151671e-01,-4.291273189164516721e-01,-4.496503702247955370e-01,3.805125058045161768e-01
1.206994056701660156e-03,-1.802491396665573120e-02,-4.932519048452377319e-03,3.752171993255615234e-03,-9.648218750953674316e-03,-3.990337252616882324e-03,4.988053143024444580e-01,-4.567081928253173828e-01,-4.766336083412170410e-01,3.639789521694183350e-01,5.181320385390580929e-01,-4.359524368584001830e-01,-4.497221665070678109e-01,3.805388473093557766e-01
1.275703310966491699e-03,-1.814858615398406982e-02,-4.975225776433944702e-03,3.672003746032714844e-03,-9.611442685127258301e-03,-4.030637443065643311e-03,4.977962970733642578e-01,-4.633449018001556396e-01,-4.766035974025726318e-01,3.639849126338958740e-01,5.171711681610856592e-01,-4.426983728812479701e-01,-4.497935442875864442e-01,3.805649366560592273e-01
1.343782991170883179e-03,-1.827095821499824524e-02,-5.016978830099105835e-03,3.592621535062789917e-03,-9.574688971042633057e-03,-4.070401191711425781e-03,4.967952966690063477e-01,-4.699061810970306396e-01,-4.765731096267700195e-01,3.639940619468688965e-01,5.162144465736172583e-01,-4.493748989258941617e-01,-4.498641915540769198e-01,3.805907387463542402e-01
1.411247998476028442e-03,-1.839212141931056976e-02,-5.057916045188903809e-03,3.513939678668975830e-03,-9.537912905216217041e-03,-4.109770059585571289e-03,4.957995414733886719e-01,-4.763984680175781250e-01,-4.765422344207763672e-01,3.640027344226837158e-01,5.152618354447024984e-01,-4.559828042141576554e-01,-4.499341005991704390e-01,3.806162561922784571e-01
1.478150486946105957e-03,-1.851204223930835724e-02,-5.098022520542144775e-03,3.435976803302764893e-03,-9.501170367002487183e-03,-4.148654639720916748e-03,4.948096275329589844e-01,-4.828216731548309326e-01,-4.765094518661499023e-01,3.640128970146179199e-01,5.143132964393125617e-01,-4.625228778832266019e-01,-4.500032637154982584e-01,3.806414916058674103e-01
1.544438302516937256e-03,-1.863076910376548767e-02,-5.137369036674499512e-03,3.358766436576843262e-03,-9.464435279369354248e-03,-4.187040030956268311e-03,4.938282072544097900e-01,-4.891771674156188965e-01,-4.764748811721801758e-01,3.640230000019073486e-01,5.133687912193986014e-01,-4.689959089863706687e-01,-4.500716731956915240e-01,3.806664475991567431e-01
1.610144972801208496e-03,-1.874830201268196106e-02,-5.175903439521789551e-03,3.282230347394943237e-03,-9.427718818187713623e-03,-4.225075244903564453e-03,4.928508102893829346e-01,-4.954646825790405273e-01,-4.764406681060791016e-01,3.640336692333221436e-01,5.124282814439167222e-01,-4.754026864940329444e-01,-4.501393213323816589e-01,3.806911267841835422e-01
1.675326377153396606e-03,-1.886461302638053894e-02,-5.213692784309387207e-03,3.206402063369750977e-03,-9.391061961650848389e-03,-4.262670874595642090e-03,4.918781816959381104e-01,-5.016862154006958008e-01,-4.764039218425750732e-01,3.640443980693817139e-01,5.114917287688907077e-01,-4.817439992943224891e-01,-4.502062004181998645e-01,3.807155317729824517e-01
1.739893108606338501e-03,-1.897975429892539978e-02,-5.250707268714904785e-03,3.131300210952758789e-03,-9.354420006275177002e-03,-4.299826920032501221e-03,4.909132122993469238e-01,-5.078402161598205566e-01,-4.763668775558471680e-01,3.640555739402770996e-01,5.105590948474495461e-01,-4.880206361943272841e-01,-4.502723027457773419e-01,3.807396651775921126e-01
1.803908497095108032e-03,-1.909374073147773743e-02,-5.286965519189834595e-03,3.056868910789489746e-03,-9.317856281995773315e-03,-4.336535930633544922e-03,4.899544119834899902e-01,-5.139293670654296875e-01,-4.763289391994476318e-01,3.640689551830291748e-01,5.096303413298719498e-01,-4.942333859206047286e-01,-4.503376206077453481e-01,3.807635296100455036e-01
1.867361366748809814e-03,-1.920657232403755188e-02,-5.322542041540145874e-03,2.983149141073226929e-03,-9.281303733587265015e-03,-4.372872412204742432e-03,4.890012145042419434e-01,-5.199546217918395996e-01,-4.762896299362182617e-01,3.640803396701812744e-01,5.087054298636359828e-01,-5.003830371200028715e-01,-4.504021462967351397e-01,3.807871276823813211e-01
1.930303871631622314e-03,-1.931827142834663391e-02,-5.357336252927780151e-03,2.910081297159194946e-03,-9.244807064533233643e-03,-4.408776760101318359e-03,4.880532324314117432e-01,-5.259161591529846191e-01,-4.762491881847381592e-01,3.640940785408020020e-01,5.077843220934472601e-01,-5.064703783607529264e-01,-4.504658721053779735e-01,3.808104620066347090e-01
1.992672681808471680e-03,-1.942881941795349121e-02,-5.391459912061691284e-03,2.837676554918289185e-03,-9.208377450704574585e-03,-4.444301128387451172e-03,4.871104657649993896e-01,-5.318142175674438477e-01,-4.762077927589416504e-01,3.641073405742645264e-01,5.068669796613008982e-01,-5.124961981330720118e-01,-4.505287903263051619e-01,3.808335351948406444e-01
2.054557204246520996e-03,-1.953831128776073456e-02,-5.424913018941879272e-03,2.765953540802001953e-03,-9.172014892101287842e-03,-4.479438066482543945e-03,4.861742854118347168e-01,-5.376530289649963379e-01,-4.761658310890197754e-01,3.641215860843658447e-01,5.059533642065161541e-01,-5.184612848499267068e-01,-4.505908932521477950e-01,3.808563498590363250e-01
2.115860581398010254e-03,-1.964665949344635010e-02,-5.457680672407150269e-03,2.694863826036453247e-03,-9.135708212852478027e-03,-4.514150321483612061e-03,4.852434098720550537e-01,-5.434284210205078125e-01,-4.761220812797546387e-01,3.641358613967895508e-01,5.050434373657732845e-01,-5.243664268480188184e-01,-4.506521731755373517e-01,3.808789086112578381e-01
2.176709473133087158e-03,-1.975394226610660553e-02,-5.489759147167205811e-03,2.624426037073135376e-03,-9.099468588829040527e-03,-4.548519849777221680e-03,4.843171238899230957e-01,-5.491447448730468750e-01,-4.760777056217193604e-01,3.641511201858520508e-01,5.041371607731558457e-01,-5.302124123884404128e-01,-4.507126223891048666e-01,3.809012140635407717e-01
2.237029373645782471e-03,-1.986015588045120239e-02,-5.521196871995925903e-03,2.554625272750854492e-03,-9.063322097063064575e-03,-4.582434892654418945e-03,4.833977818489074707e-01,-5.548018217086791992e-01,-4.760317206382751465e-01,3.641678392887115479e-01,5.032345193482243850e-01,-5.359993967205272103e-01,-4.507722526173410516e-01,3.809232706723640893e-01
2.296753227710723877e-03,-1.996502652764320374e-02,-5.552038550376892090e-03,2.485591918230056763e-03,-9.027384221553802490e-03,-4.616051912307739258e-03,4.824816286563873291e-01,-5.603891611099243164e-01,-4.759843945503234863e-01,3.641817569732666016e-01,5.023359496007656633e-01,-5.417152612561493275e-01,-4.508314523993886547e-01,3.809451186608582285e-01
2.355914562940597534e-03,-2.006879821419715881e-02,-5.582123994827270508e-03,2.417247742414474487e-03,-8.991546928882598877e-03,-4.649184644222259521e-03,4.815741479396820068e-01,-5.659125447273254395e-01,-4.759372472763061523e-01,3.641995191574096680e-01,5.014410071253588841e-01,-5.473718293354602471e-01,-4.508898752278849287e-01,3.809667284826965816e-01
2.414599061012268066e-03,-2.017150819301605225e-02,-5.611643195152282715e-03,2.349510788917541504e-03,-8.955799043178558350e-03,-4.682019352912902832e-03,4.806699752807617188e-01,-5.713793635368347168e-01,-4.758885800838470459e-01,3.642158806324005127e-01,5.005496588316828976e-01,-5.529697452265118773e-01,-4.509475178053894973e-01,3.809881031685004582e-01
2.472769469022750854e-03,-2.027313597500324249e-02,-5.640536546707153320e-03,2.282436937093734741e-03,-8.920170366764068604e-03,-4.714488983154296875e-03,4.797716140747070312e-01,-5.767863392829895020e-01,-4.758395254611968994e-01,3.642329275608062744e-01,4.996618716270436744e-01,-5.585096531213650239e-01,-4.510043768344619286e-01,3.810092457488855056e-01
2.530455589294433594e-03,-2.037370577454566956e-02,-5.668792873620986938e-03,2.215992659330368042e-03,-8.884645998477935791e-03,-4.746615886688232422e-03,4.788781404495239258e-01,-5.821347236633300781e-01,-4.757899641990661621e-01,3.642508089542388916e-01,4.987776124164202685e-01,-5.639921971370710496e-01,-4.510604490176618464e-01,3.810301592544770855e-01
2.587646245956420898e-03,-2.047321200370788574e-02,-5.696464329957962036e-03,2.150151878595352173e-03,-8.849270641803741455e-03,-4.778340458869934082e-03,4.779899120330810547e-01,-5.874258279800415039e-01,-4.757386445999145508e-01,3.642701506614685059e-01,4.978968481024916848e-01,-5.694180213161668114e-01,-4.511157310575489299e-01,3.810508467158893464e-01
2.644352614879608154e-03,-2.057172544300556183e-02,-5.723584443330764771e-03,2.084933221340179443e-03,-8.814007043838500977e-03,-4.809714853763580322e-03,4.771077930927276611e-01,-5.926622748374938965e-01,-4.756866693496704102e-01,3.642896413803100586e-01,4.970195455856871170e-01,-5.747877696277653436e-01,-4.511702196566827472e-01,3.810713111637447081e-01
2.700552344322204590e-03,-2.066917344927787781e-02,-5.750108510255813599e-03,2.020336687564849854e-03,-8.778814226388931274e-03,-4.840746521949768066e-03,4.762301743030548096e-01,-5.978406071662902832e-01,-4.756333231925964355e-01,3.643083572387695312e-01,4.961456717642128700e-01,-5.801020859678310826e-01,-4.512239115176229776e-01,3.810915556286617600e-01
2.756353467702865601e-03,-2.076561935245990753e-02,-5.776103585958480835e-03,1.956336200237274170e-03,-8.743811398744583130e-03,-4.871487617492675781e-03,4.753562211990356445e-01,-6.029661297798156738e-01,-4.755792319774627686e-01,3.643281459808349609e-01,4.952751935340853895e-01,-5.853616141603815715e-01,-4.512768033429291337e-01,3.811115831412608679e-01
2.811603248119354248e-03,-2.086105942726135254e-02,-5.801472812891006470e-03,1.892961561679840088e-03,-8.708909153938293457e-03,-4.901804029941558838e-03,4.744903445243835449e-01,-6.080334782600402832e-01,-4.755251705646514893e-01,3.643500804901123047e-01,4.944080777891741163e-01,-5.905669979577066186e-01,-4.513288918351608947e-01,3.811313967321607876e-01
2.866446971893310547e-03,-2.095550298690795898e-02,-5.826372653245925903e-03,1.830134540796279907e-03,-8.674133569002151489e-03,-4.931837320327758789e-03,4.736265242099761963e-01,-6.130501627922058105e-01,-4.754684567451477051e-01,3.643704652786254883e-01,4.935442914212368470e-01,-5.957188810414617564e-01,-4.513801736968777178e-01,3.811509994319811634e-01
2.920828759670257568e-03,-2.104898355901241302e-02,-5.850702524185180664e-03,1.767922192811965942e-03,-8.639492094516754150e-03,-4.961512982845306396e-03,4.727693200111389160e-01,-6.180128455162048340e-01,-4.754116833209991455e-01,3.643925786018371582e-01,4.926838013199483224e-01,-6.008179070231599583e-01,-4.514306456306394488e-01,3.811703942713424165e-01
2.974767237901687622e-03,-2.114148810505867004e-02,-5.874514579772949219e-03,1.706264913082122803e-03,-8.604988455772399902e-03,-4.990853369235992432e-03,4.719162881374359131e-01,-6.229234337806701660e-01,-4.753534495830535889e-01,3.644153475761413574e-01,4.918265743729347550e-01,-6.058647194448825157e-01,-4.514803043390056003e-01,3.811895842808636359e-01
3.028262406587600708e-03,-2.123299613595008850e-02,-5.897853523492813110e-03,1.645203679800033569e-03,-8.570577949285507202e-03,-5.019895732402801514e-03,4.710668325424194336e-01,-6.277821063995361328e-01,-4.752928018569946289e-01,3.644357919692993164e-01,4.909725774658156849e-01,-6.108599617799900239e-01,-4.515291465245357405e-01,3.812085724911632445e-01
3.081277012825012207e-03,-2.132359892129898071e-02,-5.920618772506713867e-03,1.584708690643310547e-03,-8.536357432603836060e-03,-5.048617720603942871e-03,4.702245295047760010e-01,-6.325875520706176758e-01,-4.752346277236938477e-01,3.644602298736572266e-01,4.901217774822212991e-01,-6.158042774338868819e-01,-4.515771688897896041e-01,3.812273619328618302e-01
3.133915364742279053e-03,-2.141324058175086975e-02,-5.942892283201217651e-03,1.524765044450759888e-03,-8.502282202243804932e-03,-5.077011883258819580e-03,4.693854749202728271e-01,-6.373434066772460938e-01,-4.751738607883453369e-01,3.644850552082061768e-01,4.892741413038380616e-01,-6.206983097444052078e-01,-4.516243681373265373e-01,3.812459556365793145e-01
3.186084330081939697e-03,-2.150188013911247253e-02,-5.964707583189010620e-03,1.465413719415664673e-03,-8.468348532915115356e-03,-5.105078220367431641e-03,4.685510396957397461e-01,-6.420467495918273926e-01,-4.751110374927520752e-01,3.645086288452148438e-01,4.884298277333579130e-01,-6.255380292761857364e-01,-4.516708652368222610e-01,3.812643629769510989e-01
3.237772732973098755e-03,-2.158952690660953522e-02,-5.985997617244720459e-03,1.406650990247726440e-03,-8.434612303972244263e-03,-5.132853984832763672e-03,4.677215516567230225e-01,-6.466955542564392090e-01,-4.750489890575408936e-01,3.645335435867309570e-01,4.875887623150351180e-01,-6.303250855998768776e-01,-4.517166301267591111e-01,3.812825856182512907e-01
3.289092332124710083e-03,-2.167626470327377319e-02,-6.006829440593719482e-03,1.348458230495452881e-03,-8.401039987802505493e-03,-5.160309374332427979e-03,4.668969213962554932e-01,-6.512964963912963867e-01,-4.749851822853088379e-01,3.645593523979187012e-01,4.867508316979896610e-01,-6.350620751350705140e-01,-4.517616075633781869e-01,3.813006239391661389e-01
3.339882940053939819e-03,-2.176205627620220184e-02,-6.027184426784515381e-03,1.290805637836456299e-03,-8.367601782083511353e-03,-5.187451839447021484e-03,4.660776853561401367e-01,-6.558451652526855469e-01,-4.749212563037872314e-01,3.645849823951721191e-01,4.859160092798122110e-01,-6.397494821418987510e-01,-4.518057984725442067e-01,3.813184811859192114e-01
3.390371799468994141e-03,-2.184687927365303040e-02,-6.047066301107406616e-03,1.233711838722229004e-03,-8.334331214427947998e-03,-5.214303731918334961e-03,4.652601480484008789e-01,-6.603458523750305176e-01,-4.748542904853820801e-01,3.646105825901031494e-01,4.850842687003049658e-01,-6.443877848766218497e-01,-4.518492039380557213e-01,3.813361606127996239e-01
3.440357744693756104e-03,-2.193086408078670502e-02,-6.066489964723587036e-03,1.177150756120681763e-03,-8.301243185997009277e-03,-5.240827798843383789e-03,4.644505977630615234e-01,-6.647974848747253418e-01,-4.747889041900634766e-01,3.646387457847595215e-01,4.842555838414992486e-01,-6.489774555919013421e-01,-4.518918252016446147e-01,3.813536654821580996e-01
3.489974886178970337e-03,-2.201392129063606262e-02,-6.085500121116638184e-03,1.121111214160919189e-03,-8.268292993307113647e-03,-5.267091095447540283e-03,4.636429250240325928e-01,-6.692024469375610352e-01,-4.747208058834075928e-01,3.646655082702636719e-01,4.834299288277091322e-01,-6.535189605374570609e-01,-4.519336636629764925e-01,3.813709990644073566e-01
3.539167344570159912e-03,-2.209607139229774475e-02,-6.104052066802978516e-03,1.065623015165328979e-03,-8.235514163970947266e-03,-5.293071269989013672e-03,4.628400802612304688e-01,-6.735583543777465820e-01,-4.746525883674621582e-01,3.646928966045379639e-01,4.826072780255299954e-01,-6.580127599605576361e-01,-4.519747208796501825e-01,3.813881646380259949e-01
3.587979823350906372e-03,-2.217736467719078064e-02,-6.122119724750518799e-03,1.010660082101821899e-03,-8.202929049730300903e-03,-5.318738520145416260e-03,4.620425999164581299e-01,-6.778671741485595703e-01,-4.745844900608062744e-01,3.647232949733734131e-01,4.817876060439104102e-01,-6.624593081066234568e-01,-4.520149985671986781e-01,3.814051654895516674e-01
3.636397421360015869e-03,-2.225775271654129028e-02,-6.139840930700302124e-03,9.562447667121887207e-04,-8.170448243618011475e-03,-5.344152450561523438e-03,4.612481892108917236e-01,-6.821306347846984863e-01,-4.745133817195892334e-01,3.647499382495880127e-01,4.809708877341407063e-01,-6.668590532196627674e-01,-4.520544985990880282e-01,3.814220049135866875e-01
3.684405237436294556e-03,-2.233726531267166138e-02,-6.157070398330688477e-03,9.022913873195648193e-04,-8.138202130794525146e-03,-5.369201302528381348e-03,4.604586660861968994e-01,-6.863463521003723145e-01,-4.744417667388916016e-01,3.647812306880950928e-01,4.801570981899209167e-01,-6.712124375428738521e-01,-4.520932230067180035e-01,3.814386862127949751e-01
3.732014447450637817e-03,-2.241595089435577393e-02,-6.173949688673019409e-03,8.488856256008148193e-04,-8.106090128421783447e-03,-5.394063889980316162e-03,4.596732854843139648e-01,-6.905179619789123535e-01,-4.743702709674835205e-01,3.648103177547454834e-01,4.793462127473564482e-01,-6.755198973190824629e-01,-4.521311739794219853e-01,3.814552126979033897e-01
3.779273480176925659e-03,-2.249372750520706177e-02,-6.190348416566848755e-03,7.959902286529541016e-04,-8.074171841144561768e-03,-5.418583750724792480e-03,4.588916897773742676e-01,-6.946422457695007324e-01,-4.742967486381530762e-01,3.648418188095092773e-01,4.785382069850146469e-01,-6.797818627910685585e-01,-4.521683538644669098e-01,3.814715876877041167e-01
3.826115280389785767e-03,-2.257068082690238953e-02,-6.206393241882324219e-03,7.435753941535949707e-04,-8.042413741350173950e-03,-5.442857742309570312e-03,4.581141769886016846e-01,-6.987228393554687500e-01,-4.742226898670196533e-01,3.648726940155029297e-01,4.777330567239364556e-01,-6.839987582024975588e-01,-4.522047651670532686e-01,3.814878145090460082e-01
3.872592002153396606e-03,-2.264681458473205566e-02,-6.222005933523178101e-03,6.916373968124389648e-04,-8.010827004909515381e-03,-5.466856062412261963e-03,4.573405086994171143e-01,-7.027593851089477539e-01,-4.741480052471160889e-01,3.649052381515502930e-01,4.769307380276776032e-01,-6.881710017980283700e-01,-4.522404105503152194e-01,3.815038964968490709e-01
3.918707370758056641e-03,-2.272209152579307556e-02,-6.237279623746871948e-03,6.402507424354553223e-04,-7.979426532983779907e-03,-5.490593612194061279e-03,4.565714001655578613e-01,-7.067521214485168457e-01,-4.740718007087707520e-01,3.649368882179260254e-01,4.761312272023187075e-01,-6.922990058237511457e-01,-4.522752928353202528e-01,3.815198369940898671e-01
3.964409232139587402e-03,-2.279652655124664307e-02,-6.252124905586242676e-03,5.893334746360778809e-04,-7.948189973831176758e-03,-5.514033138751983643e-03,4.558065831661224365e-01,-7.106993198394775391e-01,-4.739948213100433350e-01,3.649698495864868164e-01,4.753345108580495082e-01,-6.963830754049273875e-01,-4.523094123292635826e-01,3.815356365763834523e-01
4.009794443845748901e-03,-2.287016622722148895e-02,-6.266642361879348755e-03,5.389153957366943359e-04,-7.917158305644989014e-03,-5.537234246730804443e-03,4.550454914569854736e-01,-7.146059870719909668e-01,-4.739167690277099609e-01,3.650029897689819336e-01,4.745405867022793878e-01,-7.004234006311055305e-01,-4.523427666150613979e-01,3.815512928334152121e-01
4.054766148328781128e-03,-2.294298261404037476e-02,-6.280750036239624023e-03,4.889592528343200684e-04,-7.886275649070739746e-03,-5.560189485549926758e-03,4.542880654335021973e-01,-7.184680104255676270e-01,-4.738385677337646484e-01,3.650365173816680908e-01,4.737494095805618866e-01,-7.044205988113312333e-01,-4.523753648797879112e-01,3.815668152530739543e-01
4.099417477846145630e-03,-2.301498688757419586e-02,-6.294470280408859253e-03,4.394799470901489258e-04,-7.855609059333801270e-03,-5.582824349403381348e-03,4.535349011421203613e-01,-7.222881913185119629e-01,-4.737585783004760742e-01,3.650723397731781006e-01,4.729609576016217676e-01,-7.083750498691171460e-01,-4.524072103553551383e-01,3.815822069811323769e-01
4.143688827753067017e-03,-2.308617904782295227e-02,-6.307899951934814453e-03,3.905221819877624512e-04,-7.825095206499099731e-03,-5.605287849903106689e-03,4.527852535247802734e-01,-7.260663509368896484e-01,-4.736779630184173584e-01,3.651053905487060547e-01,4.721752091484459068e-01,-7.122871274178944612e-01,-4.524383064232281315e-01,3.815974711627180271e-01
4.187617450952529907e-03,-2.315658703446388245e-02,-6.320890039205551147e-03,3.420040011405944824e-04,-7.794786244630813599e-03,-5.627438426017761230e-03,4.520399868488311768e-01,-7.298021316528320312e-01,-4.735968410968780518e-01,3.651421070098876953e-01,4.713921428783248158e-01,-7.161571987610677592e-01,-4.524686566144247024e-01,3.816126109423191304e-01
4.231151193380355835e-03,-2.322619780898094177e-02,-6.333548575639724731e-03,2.939254045486450195e-04,-7.764637470245361328e-03,-5.649335682392120361e-03,4.512980580329895020e-01,-7.334964275360107422e-01,-4.735145270824432373e-01,3.651783168315887451e-01,4.706117377228670740e-01,-7.199856248932161584e-01,-4.524982646095158101e-01,3.816276294637811484e-01
4.274412989616394043e-03,-2.329504489898681641e-02,-6.345894187688827515e-03,2.463310956954956055e-04,-7.734682410955429077e-03,-5.671009421348571777e-03,4.505592584609985352e-01,-7.371524572372436523e-01,-4.734304845333099365e-01,3.652145564556121826e-01,4.698339728880351895e-01,-7.237727604998763775e-01,-4.525271342386249507e-01,3.816425298703036151e-01
4.317283630371093750e-03,-2.336310595273971558e-02,-6.357882171869277954e-03,1.991912722587585449e-04,-7.704906165599822998e-03,-5.692414939403533936e-03,4.498249590396881104e-01,-7.407665252685546875e-01,-4.733460247516632080e-01,3.652516007423400879e-01,4.690588278541574230e-01,-7.275189539587990639e-01,-4.525552694814287125e-01,3.816573153044439115e-01
4.359796643257141113e-03,-2.343039214611053467e-02,-6.369527429342269897e-03,1.525208353996276855e-04,-7.675331085920333862e-03,-5.713589489459991455e-03,4.490946829319000244e-01,-7.443394064903259277e-01,-4.732612967491149902e-01,3.652894198894500732e-01,4.682862823759741389e-01,-7.312245473398399920e-01,-4.525826744671565538e-01,3.816719889081174877e-01
4.402011632919311523e-03,-2.349688112735748291e-02,-6.380837410688400269e-03,1.062676310539245605e-04,-7.645934820175170898e-03,-5.734540522098541260e-03,4.483655095100402832e-01,-7.478730678558349609e-01,-4.731743335723876953e-01,3.653270304203033447e-01,4.675163164826383055e-01,-7.348898764060530775e-01,-4.526093534745906921e-01,3.816865538225960308e-01
4.443865269422531128e-03,-2.356268092989921570e-02,-6.391841918230056763e-03,6.049871444702148438e-05,-7.616743445396423340e-03,-5.755215883255004883e-03,4.476433694362640381e-01,-7.513684630393981934e-01,-4.730879068374633789e-01,3.653664290904998779e-01,4.667489104777626241e-01,-7.385152706136908218e-01,-4.526353109320663815e-01,3.817010131885079094e-01
4.485402256250381470e-03,-2.362768538296222687e-02,-6.402473896741867065e-03,1.513957977294921875e-05,-7.587697356939315796e-03,-5.775667726993560791e-03,4.469224214553833008e-01,-7.548236250877380371e-01,-4.729995131492614746e-01,3.654057979583740234e-01,4.659840449394221928e-01,-7.421010531130241006e-01,-4.526605514174718570e-01,3.817153701458397830e-01
4.526574164628982544e-03,-2.369198575615882874e-02,-6.412837654352188110e-03,-2.976506948471069336e-05,-7.558863610029220581e-03,-5.795888602733612061e-03,4.462067782878875732e-01,-7.582410573959350586e-01,-4.729112684726715088e-01,3.654456734657287598e-01,4.652217007201928101e-01,-7.456475407488342144e-01,-4.526850796582479464e-01,3.817296278339368243e-01
4.567474126815795898e-03,-2.375546470284461975e-02,-6.422903388738632202e-03,-7.420033216476440430e-05,-7.530216127634048462e-03,-5.815900862216949463e-03,4.454923570156097412e-01,-7.616192698478698730e-01,-4.728202521800994873e-01,3.654841780662536621e-01,4.644618589471752323e-01,-7.491550440606862260e-01,-4.527089005313885139e-01,3.817437893914966129e-01
4.607975482940673828e-03,-2.381827682256698608e-02,-6.432551890611648560e-03,-1.182481646537780762e-04,-7.501766085624694824e-03,-5.835622549057006836e-03,4.447841942310333252e-01,-7.649576663970947266e-01,-4.727312028408050537e-01,3.655274212360382080e-01,4.637045010220060548e-01,-7.526238672835303678e-01,-4.527320190634404051e-01,3.817578579565776842e-01
4.648253321647644043e-03,-2.388032898306846619e-02,-6.442029029130935669e-03,-1.618638634681701660e-04,-7.473487406969070435e-03,-5.855172872543334961e-03,4.440760314464569092e-01,-7.682628035545349121e-01,-4.726376831531524658e-01,3.655668497085571289e-01,4.629496086208928496e-01,-7.560543083483581839e-01,-4.527544404305032799e-01,3.817718366665914798e-01
4.688125103712081909e-03,-2.394171617925167084e-02,-6.451088935136795044e-03,-2.050325274467468262e-04,-7.445372641086578369e-03,-5.874440073966979980e-03,4.433753788471221924e-01,-7.715275287628173828e-01,-4.725464582443237305e-01,3.656100332736968994e-01,4.621970559948165858e-01,-7.594495887461583106e-01,-4.527760713702713713e-01,3.817857153403360626e-01
4.727788269519805908e-03,-2.400238066911697388e-02,-6.459936499595642090e-03,-2.478584647178649902e-04,-7.417462766170501709e-03,-5.893565714359283447e-03,4.426731765270233154e-01,-7.747599482536315918e-01,-4.724520742893218994e-01,3.656516969203948975e-01,4.614468954128246869e-01,-7.628080884173140674e-01,-4.527969814755535283e-01,3.817995057754072774e-01
4.767056554555892944e-03,-2.406239882111549377e-02,-6.468426436185836792e-03,-2.902299165725708008e-04,-7.389701902866363525e-03,-5.912363529205322266e-03,4.419793784618377686e-01,-7.779541611671447754e-01,-4.723584353923797607e-01,3.656960725784301758e-01,4.606991178796738251e-01,-7.661298550511080885e-01,-4.528171841562915745e-01,3.818132121589720707e-01
4.806101322174072266e-03,-2.412167936563491821e-02,-6.476700305938720703e-03,-3.322437405586242676e-04,-7.362145930528640747e-03,-5.931027233600616455e-03,4.412840604782104492e-01,-7.811151146888732910e-01,-4.722618162631988525e-01,3.657387793064117432e-01,4.599537035007287833e-01,-7.694152340130501200e-01,-4.528366827433023545e-01,3.818268372957878132e-01
4.844769835472106934e-03,-2.418030053377151489e-02,-6.484642624855041504e-03,-3.738030791282653809e-04,-7.334750145673751831e-03,-5.949422717094421387e-03,4.405956566333770752e-01,-7.842382788658142090e-01,-4.721660017967224121e-01,3.657831549644470215e-01,4.592106325570595726e-01,-7.726645670621387074e-01,-4.528554806263661026e-01,3.818403839777309017e-01
4.883203655481338501e-03,-2.423823066055774689e-02,-6.492331624031066895e-03,-4.149898886680603027e-04,-7.307562977075576782e-03,-5.967646837234497070e-03,4.399082064628601074e-01,-7.873281836509704590e-01,-4.720685780048370361e-01,3.658276796340942383e-01,4.584698855054651356e-01,-7.758781923516815393e-01,-4.528735812542248329e-01,3.818538549837949270e-01
4.921268671751022339e-03,-2.429548464715480804e-02,-6.499700248241424561e-03,-4.557669162750244141e-04,-7.280539721250534058e-03,-5.985595285892486572e-03,4.392261207103729248e-01,-7.903807759284973145e-01,-4.719709157943725586e-01,3.658737838268280029e-01,4.577314429784899441e-01,-7.790564444299519220e-01,-4.528909881345838384e-01,3.818672530801004994e-01
4.959136247634887695e-03,-2.435207925736904144e-02,-6.506845355033874512e-03,-4.961639642715454102e-04,-7.253710180521011353e-03,-6.003387272357940674e-03,4.385448098182678223e-01,-7.934024930000305176e-01,-4.718711972236633301e-01,3.659192621707916260e-01,4.569952857844473693e-01,-7.821996542404613395e-01,-4.529077048341106360e-01,3.818805810198797612e-01
4.996627569198608398e-03,-2.440799027681350708e-02,-6.513677537441253662e-03,-5.361363291740417480e-04,-7.227037101984024048e-03,-6.020903587341308594e-03,4.378692507743835449e-01,-7.963865399360656738e-01,-4.717711806297302246e-01,3.659657537937164307e-01,4.562613949074363906e-01,-7.853081491227802413e-01,-4.529237349784356881e-01,3.818938415434879330e-01
5.033876746892929077e-03,-2.446327544748783112e-02,-6.520271301269531250e-03,-5.758032202720642090e-04,-7.200572639703750610e-03,-6.038285791873931885e-03,4.371939897537231445e-01,-7.993397116661071777e-01,-4.716704487800598145e-01,3.660129308700561523e-01,4.555297515073635783e-01,-7.883822528129206253e-01,-4.529390822521518478e-01,3.819070373783978178e-01
5.070835351943969727e-03,-2.451790124177932739e-02,-6.526634097099304199e-03,-6.150454282760620117e-04,-7.174290716648101807e-03,-6.055399775505065918e-03,4.365235269069671631e-01,-8.022596240043640137e-01,-4.715677499771118164e-01,3.660603761672973633e-01,4.548003369199532520e-01,-7.914222854440458033e-01,-4.529537503988146363e-01,3.819201712392047421e-01
5.107484757900238037e-03,-2.457185648381710052e-02,-6.532661616802215576e-03,-6.539002060890197754e-04,-7.148146629333496094e-03,-6.072312593460083008e-03,4.358559548854827881e-01,-8.051436543464660645e-01,-4.714649319648742676e-01,3.661085963249206543e-01,4.540731326567754023e-01,-7.944285635466910023e-01,-4.529677432209421317e-01,3.819332458276216702e-01
5.143892019987106323e-03,-2.462520450353622437e-02,-6.538502871990203857e-03,-6.924048066139221191e-04,-7.122218608856201172e-03,-6.089128553867340088e-03,4.351896345615386963e-01,-8.079975247383117676e-01,-4.713619947433471680e-01,3.661562800407409668e-01,4.533481204052567382e-01,-7.974014000495811549e-01,-4.529810645800151914e-01,3.819462638324805370e-01
5.179971456527709961e-03,-2.467789873480796814e-02,-6.544001400470733643e-03,-7.305070757865905762e-04,-7.096469402313232422e-03,-6.105646491050720215e-03,4.345289766788482666e-01,-8.108153343200683594e-01,-4.712588191032409668e-01,3.662070035934448242e-01,4.526252820287018919e-01,-8.003411042800702146e-01,-4.529937183964771741e-01,3.819592279297323589e-01
5.215860903263092041e-03,-2.472995780408382416e-02,-6.549298763275146484e-03,-7.682666182518005371e-04,-7.070887833833694458e-03,-6.121948361396789551e-03,4.338692426681518555e-01,-8.136043548583984375e-01,-4.711519181728363037e-01,3.662570118904113770e-01,4.519045995663067972e-01,-8.032479819646319852e-01,-4.530057086497341068e-01,3.819721407824503978e-01
5.251426249742507935e-03,-2.478141523897647858e-02,-6.554372608661651611e-03,-8.056610822677612305e-04,-7.045462727546691895e-03,-6.138049066066741943e-03,4.332136809825897217e-01,-8.163613677024841309e-01,-4.710446894168853760e-01,3.663069903850555420e-01,4.511860552331863339e-01,-8.061223352294074607e-01,-4.530170393781545179e-01,3.819850050408231668e-01
5.286701023578643799e-03,-2.483223378658294678e-02,-6.559230387210845947e-03,-8.426904678344726562e-04,-7.020227611064910889e-03,-6.154023110866546631e-03,4.325599372386932373e-01,-8.190858960151672363e-01,-4.709372818470001221e-01,3.663561940193176270e-01,4.504696314203691099e-01,-8.089644626005321193e-01,-4.530277146790698817e-01,3.819978233421619240e-01
5.321741104125976562e-03,-2.488242834806442261e-02,-6.563760340213775635e-03,-8.793845772743225098e-04,-6.995193660259246826e-03,-6.169751286506652832e-03,4.319089949131011963e-01,-8.217780590057373047e-01,-4.708290994167327881e-01,3.664088547229766846e-01,4.497553106948393720e-01,-8.117746590048474653e-01,-4.530377387087738406e-01,3.820105983108965653e-01
5.356524139642715454e-03,-2.493206970393657684e-02,-6.568126380443572998e-03,-9.157136082649230957e-04,-6.970334798097610474e-03,-6.185263395309448242e-03,4.312623441219329834e-01,-8.244421482086181641e-01,-4.707193672657012939e-01,3.664613664150238037e-01,4.490430757995325650e-01,-8.145532157703927467e-01,-4.530471156825230383e-01,3.820233325585749018e-01
5.390986800193786621e-03,-2.498109079897403717e-02,-6.572246551513671875e-03,-9.516924619674682617e-04,-6.945610046386718750e-03,-6.200641393661499023e-03,4.306179881095886230e-01,-8.270736932754516602e-01,-4.706099033355712891e-01,3.665129542350769043e-01,4.483329096533661962e-01,-8.173004206266234473e-01,-4.530558498745364537e-01,3.820360286838658248e-01
5.425255745649337769e-03,-2.502947859466075897e-02,-6.576105952262878418e-03,-9.873136878013610840e-04,-6.921097636222839355e-03,-6.215788424015045166e-03,4.299756586551666260e-01,-8.296744823455810547e-01,-4.704983234405517578e-01,3.665664196014404297e-01,4.476247953512415001e-01,-8.200165577052863641e-01,-4.530639456179959557e-01,3.820486892725589168e-01
5.459230393171310425e-03,-2.507732063531875610e-02,-6.579764187335968018e-03,-1.022644340991973877e-03,-6.896764039993286133e-03,-6.230778992176055908e-03,4.293359816074371338e-01,-8.322464823722839355e-01,-4.703868031501770020e-01,3.666204810142517090e-01,4.469187161640723049e-01,-8.227019075404193860e-01,-4.530714073050457480e-01,3.820613168975591778e-01
5.492992699146270752e-03,-2.512454986572265625e-02,-6.583161652088165283e-03,-1.057557761669158936e-03,-6.872553378343582153e-03,-6.245605647563934326e-03,4.286990165710449219e-01,-8.347874879837036133e-01,-4.702742099761962891e-01,3.666737675666809082e-01,4.462146555387894176e-01,-8.253567470692807495e-01,-4.530782393867929247e-01,3.820739141188957411e-01
5.526442080736160278e-03,-2.517125196754932404e-02,-6.586298346519470215e-03,-1.092225313186645508e-03,-6.848588585853576660e-03,-6.260171532630920410e-03,4.280664920806884766e-01,-8.372988700866699219e-01,-4.701622128486633301e-01,3.667320609092712402e-01,4.455125970983630501e-01,-8.279813496325677535e-01,-4.530844463733070815e-01,3.820864834837122692e-01
5.559705197811126709e-03,-2.521732635796070099e-02,-6.589367985725402832e-03,-1.126490533351898193e-03,-6.824739277362823486e-03,-6.274610757827758789e-03,4.274344146251678467e-01,-8.397840857505798340e-01,-4.700457751750946045e-01,3.667846322059631348e-01,4.448125246418098699e-01,-8.305759849748550749e-01,-4.530900328336203153e-01,3.820990275262775571e-01
5.592655390501022339e-03,-2.526285685598850250e-02,-6.592072546482086182e-03,-1.160457730293273926e-03,-6.801087409257888794e-03,-6.288811564445495605e-03,4.268072843551635742e-01,-8.422364592552185059e-01,-4.699314534664154053e-01,3.668426275253295898e-01,4.441144221442109297e-01,-8.331409192450303092e-01,-4.530950033957274470e-01,3.821115487679734302e-01
5.625437945127487183e-03,-2.530779503285884857e-02,-6.594657897949218750e-03,-1.194082200527191162e-03,-6.777580827474594116e-03,-6.302893161773681641e-03,4.261799454689025879e-01,-8.446631431579589844e-01,-4.698137044906616211e-01,3.668974339962005615e-01,4.434182737567316512e-01,-8.356764149970064004e-01,-4.530993627465860762e-01,3.821240497173071793e-01
5.657911300659179688e-03,-2.535217255353927612e-02,-6.596945226192474365e-03,-1.227349042892456055e-03,-6.754264235496520996e-03,-6.316721439361572266e-03,4.255584776401519775e-01,-8.470575809478759766e-01,-4.696969389915466309e-01,3.669557869434356689e-01,4.427240638066238798e-01,-8.381827311898302213e-01,-4.531031156321160824e-01,3.821365328699008468e-01
5.690157413482666016e-03,-2.539604902267456055e-02,-6.599068641662597656e-03,-1.260392367839813232e-03,-6.731096655130386353e-03,-6.330445408821105957e-03,4.249371588230133057e-01,-8.494275808334350586e-01,-4.695793688297271729e-01,3.670135736465454102e-01,4.420317767972458123e-01,-8.406601231881741798e-01,-4.531062668572003460e-01,3.821490007084998863e-01
5.722202360630035400e-03,-2.543931268155574799e-02,-6.601005792617797852e-03,-1.293033361434936523e-03,-6.708115339279174805e-03,-6.343983113765716553e-03,4.243183732032775879e-01,-8.517683744430541992e-01,-4.694596529006958008e-01,3.670708835124969482e-01,4.413413974080810376e-01,-8.431088427629933602e-01,-4.531088212856839714e-01,3.821614557029653914e-01
5.753941833972930908e-03,-2.548205479979515076e-02,-6.602689623832702637e-03,-1.325391232967376709e-03,-6.685324013233184814e-03,-6.357342004776000977e-03,4.237034320831298828e-01,-8.540795445442199707e-01,-4.693413376808166504e-01,3.671308457851409912e-01,4.406529104947378150e-01,-8.455291380917433486e-01,-4.531107838403751198e-01,3.821739003102815335e-01
5.785509943962097168e-03,-2.552420645952224731e-02,-6.604179739952087402e-03,-1.357413828372955322e-03,-6.662629544734954834e-03,-6.370536983013153076e-03,4.230886697769165039e-01,-8.563640713691711426e-01,-4.692195653915405273e-01,3.671884536743164062e-01,4.399663010889747206e-01,-8.479212537588723952e-01,-4.531121595030441207e-01,3.821863369745484018e-01
5.816802382469177246e-03,-2.556589245796203613e-02,-6.605476140975952148e-03,-1.389183104038238525e-03,-6.640192121267318726e-03,-6.383508443832397461e-03,4.224789142608642578e-01,-8.586223721504211426e-01,-4.690986275672912598e-01,3.672505617141723633e-01,4.392815566571686148e-01,-8.502853390470751505e-01,-4.531129543568188089e-01,3.821987683590453155e-01
5.847916007041931152e-03,-2.560700103640556335e-02,-6.606593728065490723e-03,-1.420564949512481689e-03,-6.617873907089233398e-03,-6.396368145942687988e-03,4.218704104423522949e-01,-8.608534336090087891e-01,-4.689760804176330566e-01,3.673101067543029785e-01,4.385986768986229745e-01,-8.526210500588576879e-01,-4.531131801085457322e-01,3.822111983529928314e-01
5.878716707229614258e-03,-2.564756013453006744e-02,-6.607487797737121582e-03,-1.451738178730010986e-03,-6.595738232135772705e-03,-6.409004330635070801e-03,4.212638735771179199e-01,-8.630560040473937988e-01,-4.688524603843688965e-01,3.673717081546783447e-01,4.379176332619971745e-01,-8.549291936272461756e-01,-4.531128354036420003e-01,3.822236279118767510e-01
5.909390747547149658e-03,-2.568763121962547302e-02,-6.608240306377410889e-03,-1.482509076595306396e-03,-6.573747843503952026e-03,-6.421528756618499756e-03,4.206603765487670898e-01,-8.652351498603820801e-01,-4.687277674674987793e-01,3.674320280551910400e-01,4.372384116356681227e-01,-8.572099937994557273e-01,-4.531119255298299842e-01,3.822360594438839465e-01
5.939692258834838867e-03,-2.572712861001491547e-02,-6.608746945858001709e-03,-1.512996852397918701e-03,-6.551943719387054443e-03,-6.433814764022827148e-03,4.200612008571624756e-01,-8.673821687698364258e-01,-4.686034321784973145e-01,3.674944937229156494e-01,4.365609980881626773e-01,-8.594636708714770146e-01,-4.531104558356157663e-01,3.822484953447239930e-01
5.969904363155364990e-03,-2.576616033911705017e-02,-6.609044969081878662e-03,-1.543268561363220215e-03,-6.530318409204483032e-03,-6.446033716201782227e-03,4.194603562355041504e-01,-8.695075511932373047e-01,-4.684785008430480957e-01,3.675584793090820312e-01,4.358853788681820163e-01,-8.616904413882412461e-01,-4.531084317302891407e-01,3.822609379976299460e-01
5.999859422445297241e-03,-2.580466493964195251e-02,-6.609193980693817139e-03,-1.573175191879272461e-03,-6.508838385343551636e-03,-6.458014249801635742e-03,4.188646376132965088e-01,-8.716064095497131348e-01,-4.683515429496765137e-01,3.676219582557678223e-01,4.352115404045995284e-01,-8.638905181441113301e-01,-4.531058586839236124e-01,3.822733897733658903e-01
6.029527634382247925e-03,-2.584263682365417480e-02,-6.609156727790832520e-03,-1.602821052074432373e-03,-6.487496197223663330e-03,-6.469860672950744629e-03,4.182704091072082520e-01,-8.736777901649475098e-01,-4.682242870330810547e-01,3.676848709583282471e-01,4.345394693064822955e-01,-8.660641101834836153e-01,-4.531027422273766758e-01,3.822858530302136737e-01
6.059069186449050903e-03,-2.588010020554065704e-02,-6.608963012695312500e-03,-1.632139086723327637e-03,-6.466362625360488892e-03,-6.481543183326721191e-03,4.176782071590423584e-01,-8.757255673408508301e-01,-4.680951535701751709e-01,3.677488565444946289e-01,4.338691523630990310e-01,-8.682114228006790890e-01,-4.530990879522892589e-01,3.822983301139846191e-01
6.088320165872573853e-03,-2.591708861291408539e-02,-6.608508527278900146e-03,-1.661188900470733643e-03,-6.445359438657760620e-03,-6.493031978607177734e-03,4.170899689197540283e-01,-8.777458667755126953e-01,-4.679670631885528564e-01,3.678148984909057617e-01,4.332005765439308487e-01,-8.703326575408172339e-01,-4.530949015110862232e-01,3.823108233580126414e-01
6.117396056652069092e-03,-2.595355920493602753e-02,-6.607964634895324707e-03,-1.689970493316650391e-03,-6.424538791179656982e-03,-6.504476070404052734e-03,4.165009558200836182e-01,-8.797429800033569336e-01,-4.678375422954559326e-01,3.678789138793945312e-01,4.325337289986854739e-01,-8.724280121998710946e-01,-4.530901886169763082e-01,3.823233350831577448e-01
6.146237254142761230e-03,-2.598953992128372192e-02,-6.607133895158767700e-03,-1.718476414680480957e-03,-6.403882056474685669e-03,-6.515592336654663086e-03,4.159170985221862793e-01,-8.817132115364074707e-01,-4.677067697048187256e-01,3.679475188255310059e-01,4.318685970573012955e-01,-8.744976808252136191e-01,-4.530849550439517981e-01,3.823358675978040799e-01
6.174884736537933350e-03,-2.602498605847358704e-02,-6.606262177228927612e-03,-1.746714115142822266e-03,-6.383378058671951294e-03,-6.526701152324676514e-03,4.153314232826232910e-01,-8.836605548858642578e-01,-4.675740003585815430e-01,3.680116534233093262e-01,4.312051682299704036e-01,-8.765418537158924384e-01,-4.530792066267888552e-01,3.823484231978608872e-01
6.203293800354003906e-03,-2.606002241373062134e-02,-6.605129688978195190e-03,-1.774623990058898926e-03,-6.363041698932647705e-03,-6.537549197673797607e-03,4.147531986236572266e-01,-8.855826854705810547e-01,-4.674426019191741943e-01,3.680803179740905762e-01,4.305434302071330377e-01,-8.785607174229553840e-01,-4.530729492610474085e-01,3.823610041667628856e-01
6.231516599655151367e-03,-2.609452605247497559e-02,-6.603851914405822754e-03,-1.802265644073486328e-03,-6.342854350805282593e-03,-6.548345088958740234e-03,4.141738116741180420e-01,-8.874800205230712891e-01,-4.673101007938385010e-01,3.681471049785614014e-01,4.298833708595063419e-01,-8.805544547499996044e-01,-4.530661889030710432e-01,3.823736127754664427e-01
6.259534507989883423e-03,-2.612853609025478363e-02,-6.602350622415542603e-03,-1.829653978347778320e-03,-6.322845816612243652e-03,-6.558924913406372070e-03,4.135969579219818115e-01,-8.893520832061767578e-01,-4.671764373779296875e-01,3.682166039943695068e-01,4.292249782380726519e-01,-8.825232447532249669e-01,-4.530589315699873332e-01,3.823862512824606763e-01
6.287332624197006226e-03,-2.616211585700511932e-02,-6.600718945264816284e-03,-1.856796443462371826e-03,-6.302963942289352417e-03,-6.569311022758483887e-03,4.130232334136962891e-01,-8.912026286125183105e-01,-4.670411348342895508e-01,3.682860434055328369e-01,4.285682405741129131e-01,-8.844672627421447109e-01,-4.530511833397072308e-01,3.823989219337484702e-01
6.314963102340698242e-03,-2.619517967104911804e-02,-6.598982959985733032e-03,-1.883663237094879150e-03,-6.283275783061981201e-03,-6.579622626304626465e-03,4.124492704868316650e-01,-8.930299878120422363e-01,-4.669044911861419678e-01,3.683543205261230469e-01,4.279131462792028495e-01,-8.863866802795320465e-01,-4.530429503509258993e-01,3.824116269628670683e-01
6.342303007841110229e-03,-2.622778341174125671e-02,-6.596997380256652832e-03,-1.910202205181121826e-03,-6.263729184865951538e-03,-6.589747965335845947e-03,4.118811488151550293e-01,-8.948293924331665039e-01,-4.667696952819824219e-01,3.684248924255371094e-01,4.272596839452270645e-01,-8.882816651822381671e-01,-4.530342388031219913e-01,3.824243685908737533e-01
6.369490176439285278e-03,-2.625991776585578918e-02,-6.594881415367126465e-03,-1.936547458171844482e-03,-6.244365125894546509e-03,-6.599768996238708496e-03,4.113119244575500488e-01,-8.966078162193298340e-01,-4.666331708431243896e-01,3.684957027435302734e-01,4.266078423443838696e-01,-8.901523815210845569e-01,-4.530250549565578155e-01,3.824371490263517859e-01
6.396472454071044922e-03,-2.629160881042480469e-02,-6.592571735382080078e-03,-1.962594687938690186e-03,-6.225101649761199951e-03,-6.609588861465454102e-03,4.107467532157897949e-01,-8.983629345893859863e-01,-4.664954841136932373e-01,3.685670495033264160e-01,4.259576104292039922e-01,-8.919989896214641778e-01,-4.530154051322798359e-01,3.824499704654100718e-01
6.423294544219970703e-03,-2.632279694080352783e-02,-6.590165197849273682e-03,-1.988381147384643555e-03,-6.206057965755462646e-03,-6.619334220886230469e-03,4.101813733577728271e-01,-9.000954031944274902e-01,-4.663567245006561279e-01,3.686379194259643555e-01,4.253089773325547385e-01,-8.938216460636683180e-01,-4.530052957121179502e-01,3.824628350916807196e-01
6.449837237596511841e-03,-2.635351940989494324e-02,-6.587535142898559570e-03,-2.013906836509704590e-03,-6.187144666910171509e-03,-6.628848612308502197e-03,4.096202254295349121e-01,-9.018018245697021484e-01,-4.662176370620727539e-01,3.687106966972351074e-01,4.246619323676475433e-01,-8.956205036831615951e-01,-4.529947331386858234e-01,3.824757450763212052e-01
6.476223468780517578e-03,-2.638381905853748322e-02,-6.584819406270980835e-03,-2.039209008216857910e-03,-6.168425083160400391e-03,-6.638273596763610840e-03,4.090597629547119141e-01,-9.034889340400695801e-01,-4.660776555538177490e-01,3.687835633754730225e-01,4.240164650280553449e-01,-8.973957115708539600e-01,-4.529837239153811645e-01,3.824887025780163152e-01
6.502404808998107910e-03,-2.641363814473152161e-02,-6.581902503967285156e-03,-2.064205706119537354e-03,-6.149809807538986206e-03,-6.647557020187377930e-03,4.085017442703247070e-01,-9.051508903503417969e-01,-4.659371376037597656e-01,3.688561320304870605e-01,4.233725649877173591e-01,-8.991474150735389026e-01,-4.529722746063850058e-01,3.825017097429723179e-01
6.528388708829879761e-03,-2.644299529492855072e-02,-6.578795611858367920e-03,-2.088971436023712158e-03,-6.131380796432495117e-03,-6.656691431999206543e-03,4.079453945159912109e-01,-9.067893624305725098e-01,-4.657963514328002930e-01,3.689307272434234619e-01,4.227302221009366368e-01,-9.008757557942207450e-01,-4.529603918366625348e-01,3.825147687049210155e-01
6.554182618856430054e-03,-2.647193521261215210e-02,-6.575614213943481445e-03,-2.113513648509979248e-03,-6.113115698099136353e-03,-6.665661931037902832e-03,4.073911607265472412e-01,-9.084084630012512207e-01,-4.656535685062408447e-01,3.690051436424255371e-01,4.220894264024145359e-01,-9.025808715923890890e-01,-4.529480822919624838e-01,3.825278815851209102e-01
6.579808890819549561e-03,-2.650037407875061035e-02,-6.572239100933074951e-03,-2.137728035449981689e-03,-6.094969809055328369e-03,-6.674561649560928345e-03,4.068377912044525146e-01,-9.100026488304138184e-01,-4.655105769634246826e-01,3.690783977508544922e-01,4.214501681072405637e-01,-9.042628965843455546e-01,-4.529353527188175743e-01,3.825410504923530408e-01
6.605185568332672119e-03,-2.652841433882713318e-02,-6.568696349859237671e-03,-2.161763608455657959e-03,-6.077047437429428101e-03,-6.683230400085449219e-03,4.062886238098144531e-01,-9.115746617317199707e-01,-4.653677940368652344e-01,3.691560328006744385e-01,4.208124376109087517e-01,-9.059219611434783381e-01,-4.529222099245439614e-01,3.825542775229266446e-01
6.630416959524154663e-03,-2.655604854226112366e-02,-6.565079092979431152e-03,-2.185560762882232666e-03,-6.059236824512481689e-03,-6.691832095384597778e-03,4.057396948337554932e-01,-9.131282567977905273e-01,-4.652234315872192383e-01,3.692314922809600830e-01,4.201762254893193216e-01,-9.075581919008074427e-01,-4.529086607772417339e-01,3.825675647606707752e-01
6.655488163232803345e-03,-2.658334374427795410e-02,-6.561227142810821533e-03,-2.209126949310302734e-03,-6.041418761014938354e-03,-6.700277328491210938e-03,4.051936268806457520e-01,-9.146626591682434082e-01,-4.650784730911254883e-01,3.693073093891143799e-01,4.195411394184003773e-01,-9.091814290511387453e-01,-4.528943732452712090e-01,3.825808775992074473e-01
6.680432707071304321e-03,-2.661027386784553528e-02,-6.557211279869079590e-03,-2.232566475868225098e-03,-6.023779511451721191e-03,-6.708573549985885620e-03,4.046477079391479492e-01,-9.161791801452636719e-01,-4.649326503276824951e-01,3.693861961364746094e-01,4.189074761901522281e-01,-9.107840334564371032e-01,-4.528796249495592452e-01,3.825942473814832878e-01
6.705183535814285278e-03,-2.663683705031871796e-02,-6.553165614604949951e-03,-2.255752682685852051e-03,-6.006292998790740967e-03,-6.716795265674591064e-03,4.041044712066650391e-01,-9.176778197288513184e-01,-4.647864997386932373e-01,3.694635033607482910e-01,4.182752497388739221e-01,-9.123655417592770878e-01,-4.528644431302425999e-01,3.826076783385590208e-01
6.729763001203536987e-03,-2.666294202208518982e-02,-6.548903882503509521e-03,-2.278670668601989746e-03,-5.988892167806625366e-03,-6.724804639816284180e-03,4.035635590553283691e-01,-9.191535711288452148e-01,-4.646382331848144531e-01,3.695416152477264404e-01,4.176444484238193144e-01,-9.139261401785281347e-01,-4.528488322990121273e-01,3.826211722230816736e-01
6.754159927368164062e-03,-2.668866142630577087e-02,-6.544522941112518311e-03,-2.301417291164398193e-03,-5.971688777208328247e-03,-6.732724606990814209e-03,4.030235707759857178e-01,-9.206098318099975586e-01,-4.644903540611267090e-01,3.696212768554687500e-01,4.170150607190799552e-01,-9.154660128573267608e-01,-4.528327969703306310e-01,3.826347307689374477e-01
6.778400391340255737e-03,-2.671401016414165497e-02,-6.539996713399887085e-03,-2.323910593986511230e-03,-5.954597145318984985e-03,-6.740506738424301147e-03,4.024864137172698975e-01,-9.220470190048217773e-01,-4.643419086933135986e-01,3.697014451026916504e-01,4.163870752136010767e-01,-9.169853418630753428e-01,-4.528163416614315318e-01,3.826483556912709250e-01
6.802435964345932007e-03,-2.673895098268985748e-02,-6.535362452268600464e-03,-2.346225082874298096e-03,-5.937628448009490967e-03,-6.748147308826446533e-03,4.019502401351928711e-01,-9.234644770622253418e-01,-4.641918241977691650e-01,3.697813451290130615e-01,4.157604806111898643e-01,-9.184843071879891241e-01,-4.527994708923202549e-01,3.826620486864639736e-01
6.826329976320266724e-03,-2.676349505782127380e-02,-6.530571728944778442e-03,-2.368278801441192627e-03,-5.920823663473129272e-03,-6.755683571100234985e-03,4.014162421226501465e-01,-9.248615503311157227e-01,-4.640420079231262207e-01,3.698624074459075928e-01,4.151352657305094618e-01,-9.199630867496433329e-01,-4.527821891857730652e-01,3.826758114321522908e-01
6.850048899650573730e-03,-2.678762748837471008e-02,-6.525628268718719482e-03,-2.390161156654357910e-03,-5.904112011194229126e-03,-6.763093173503875732e-03,4.008821547031402588e-01,-9.262389540672302246e-01,-4.638904333114624023e-01,3.699432611465454102e-01,4.145114195051102790e-01,-9.214218563906991788e-01,-4.527645010673377879e-01,3.826896455872192404e-01
6.873600184917449951e-03,-2.681136876344680786e-02,-6.520580500364303589e-03,-2.411775290966033936e-03,-5.887582898139953613e-03,-6.770394742488861084e-03,4.003511369228363037e-01,-9.275965690612792969e-01,-4.637390971183776855e-01,3.700248599052429199e-01,4.138889309833989061e-01,-9.228607898799978670e-01,-4.527464110653335871e-01,3.827035527917906355e-01
6.896965205669403076e-03,-2.683478221297264099e-02,-6.515368819236755371e-03,-2.433218061923980713e-03,-5.871139466762542725e-03,-6.777539849281311035e-03,3.998224735260009766e-01,-9.289360642433166504e-01,-4.635873436927795410e-01,3.701078295707702637e-01,4.132677893286783588e-01,-9.242800589121771271e-01,-4.527279237108507992e-01,3.827175346672444523e-01
6.920207291841506958e-03,-2.685780078172683716e-02,-6.510011851787567139e-03,-2.454467117786407471e-03,-5.854852497577667236e-03,-6.784535944461822510e-03,3.992946147918701172e-01,-9.302569031715393066e-01,-4.634340107440948486e-01,3.701922893524169922e-01,4.126479838191336458e-01,-9.256798331085472897e-01,-4.527090435377512656e-01,3.827315928162050573e-01
6.943270564079284668e-03,-2.688047103583812714e-02,-6.504595279693603516e-03,-2.475485205650329590e-03,-5.838681012392044067e-03,-6.791472434997558594e-03,3.987686336040496826e-01,-9.315605759620666504e-01,-4.632806777954101562e-01,3.702751994132995605e-01,4.120295038478404837e-01,-9.270602800170352209e-01,-4.526897750826681666e-01,3.827457288225440957e-01
6.966147571802139282e-03,-2.690271660685539246e-02,-6.498973816633224487e-03,-2.496331930160522461e-03,-5.822654813528060913e-03,-6.798233836889266968e-03,3.982437849044799805e-01,-9.328424930572509766e-01,-4.631262123584747314e-01,3.703604936599731445e-01,4.114123389227773431e-01,-9.284215651127313285e-01,-4.526701228850056880e-01,3.827599442513809347e-01
6.988875567913055420e-03,-2.692460827529430389e-02,-6.493307650089263916e-03,-2.516947686672210693e-03,-5.806762725114822388e-03,-6.804887205362319946e-03,3.977210521697998047e-01,-9.341080784797668457e-01,-4.629705846309661865e-01,3.704446554183959961e-01,4.107964786668258927e-01,-9.297638517980546524e-01,-4.526500914869398540e-01,3.827742406490828309e-01
7.011421024799346924e-03,-2.694614231586456299e-02,-6.487458944320678711e-03,-2.537332475185394287e-03,-5.790948867797851562e-03,-6.811462342739105225e-03,3.972001671791076660e-01,-9.353535771369934082e-01,-4.628158211708068848e-01,3.705291450023651123e-01,4.101819128177756069e-01,-9.310873014033528294e-01,-4.526296854334175834e-01,3.827886195432612104e-01
7.033865898847579956e-03,-2.696728706359863281e-02,-6.481457501649856567e-03,-2.557538449764251709e-03,-5.775325000286102295e-03,-6.817866116762161255e-03,3.966804742813110352e-01,-9.365810751914978027e-01,-4.626594185829162598e-01,3.706164360046386719e-01,4.095686312283245423e-01,-9.323920731867930689e-01,-4.526089092721573004e-01,3.828030824427829382e-01
7.056090980768203735e-03,-2.698812820017337799e-02,-6.475407630205154419e-03,-2.577573060989379883e-03,-5.759783089160919189e-03,-6.824158132076263428e-03,3.961630761623382568e-01,-9.377926588058471680e-01,-4.625022113323211670e-01,3.707024753093719482e-01,4.089566238660945485e-01,-9.336783243350192940e-01,-4.525877675536489342e-01,3.828176308377521098e-01
7.078204303979873657e-03,-2.700857445597648621e-02,-6.469193845987319946e-03,-2.597399055957794189e-03,-5.744401365518569946e-03,-6.830383092164993286e-03,3.956457674503326416e-01,-9.389849901199340820e-01,-4.623451530933380127e-01,3.707897365093231201e-01,4.083458808136326557e-01,-9.349462099632057654e-01,-4.525662648311533642e-01,3.828322661995280374e-01
7.100161164999008179e-03,-2.702865749597549438e-02,-6.462834775447845459e-03,-2.617016434669494629e-03,-5.729101598262786865e-03,-6.836444139480590820e-03,3.951306343078613281e-01,-9.401591420173645020e-01,-4.621864855289459229e-01,3.708772659301757812e-01,4.077363922684099640e-01,-9.361958831157671801e-01,-4.525444056607030863e-01,3.828469899807154797e-01
7.121916860342025757e-03,-2.704839222133159637e-02,-6.456397473812103271e-03,-2.636454999446868896e-03,-5.713954567909240723e-03,-6.842404603958129883e-03,3.946172595024108887e-01,-9.413156509399414062e-01,-4.620277583599090576e-01,3.709650635719299316e-01,4.071281485428359659e-01,-9.374274947660872215e-01,-4.525221946011017682e-01,3.828618036151658632e-01
7.143557071685791016e-03,-2.706778421998023987e-02,-6.449803709983825684e-03,-2.655707299709320068e-03,-5.698919296264648438e-03,-6.848227232694625854e-03,3.941052556037902832e-01,-9.424550533294677734e-01,-4.618680179119110107e-01,3.710543215274810791e-01,4.065211400642446127e-01,-9.386411938172823932e-01,-4.524996362139245831e-01,3.828767085179810015e-01
7.165033370256423950e-03,-2.708685956895351410e-02,-6.443098187446594238e-03,-2.674765884876251221e-03,-5.684018135070800781e-03,-6.853967905044555664e-03,3.935955166816711426e-01,-9.435775279998779297e-01,-4.617089927196502686e-01,3.711444437503814697e-01,4.059153573749297861e-01,-9.398371271024212881e-01,-4.524767350635178209e-01,3.828917060855038801e-01
7.186371833086013794e-03,-2.710557729005813599e-02,-6.436269730329513550e-03,-2.693660557270050049e-03,-5.669213831424713135e-03,-6.859563291072845459e-03,3.930862247943878174e-01,-9.446831345558166504e-01,-4.615478515625000000e-01,3.712347149848937988e-01,4.053107911321230938e-01,-9.410154393846338339e-01,-4.524534957169993876e-01,3.829067976953318686e-01
7.207561284303665161e-03,-2.712393552064895630e-02,-6.429381668567657471e-03,-2.712316811084747314e-03,-5.654532462358474731e-03,-6.865113973617553711e-03,3.925783336162567139e-01,-9.457717537879943848e-01,-4.613864421844482422e-01,3.713233768939971924e-01,4.047074321080029735e-01,-9.421762733575486104e-01,-4.524299227442581395e-01,3.829219847063056181e-01
7.228568196296691895e-03,-2.714194543659687042e-02,-6.422307342290878296e-03,-2.730794250965118408e-03,-5.639966577291488647e-03,-6.870456039905548096e-03,3.920734822750091553e-01,-9.468413591384887695e-01,-4.612241983413696289e-01,3.714146912097930908e-01,4.041052711897117344e-01,-9.433197696456210313e-01,-4.524060207179544935e-01,3.829372684585166109e-01
7.249459624290466309e-03,-2.715966850519180298e-02,-6.415158510208129883e-03,-2.749159932136535645e-03,-5.625538527965545654e-03,-6.875775754451751709e-03,3.915678858757019043e-01,-9.478970766067504883e-01,-4.610621035099029541e-01,3.715063333511352539e-01,4.035042993793422905e-01,-9.444460668043519469e-01,-4.523817942135203718e-01,3.829526502733005544e-01
7.270198315382003784e-03,-2.717702090740203857e-02,-6.407905369997024536e-03,-2.767279744148254395e-03,-5.611229687929153442e-03,-6.880991160869598389e-03,3.910643160343170166e-01,-9.489348530769348145e-01,-4.608994424343109131e-01,3.715975284576416016e-01,4.029045077939624742e-01,-9.455553013206700053e-01,-4.523572478091585913e-01,3.829681314532424330e-01
7.290773093700408936e-03,-2.719407901167869568e-02,-6.400447338819503784e-03,-2.785250544548034668e-03,-5.597040057182312012e-03,-6.885994225740432739e-03,3.905644118785858154e-01,-9.499551653861999512e-01,-4.607366323471069336e-01,3.716929852962493896e-01,4.023058876655999372e-01,-9.466476076131513651e-01,-4.523323860858436407e-01,3.829837132821766188e-01
7.311280816793441772e-03,-2.721080556511878967e-02,-6.393015384674072266e-03,-2.803087234497070312e-03,-5.582921206951141357e-03,-6.890989840030670166e-03,3.900614380836486816e-01,-9.509642124176025391e-01,-4.605703055858612061e-01,3.717839419841766357e-01,4.017083366235724706e-01,-9.477250441048012952e-01,-4.523071532114179560e-01,3.829993985679098767e-01
7.331557571887969971e-03,-2.722725458443164825e-02,-6.385367363691329956e-03,-2.820707857608795166e-03,-5.568921566009521484e-03,-6.895765662193298340e-03,3.895651400089263916e-01,-9.519538879394531250e-01,-4.604060053825378418e-01,3.718793988227844238e-01,4.011118927665261458e-01,-9.487867825645716069e-01,-4.522815838377268194e-01,3.830151877890494161e-01
7.351770997047424316e-03,-2.724339067935943604e-02,-6.377644836902618408e-03,-2.838194370269775391e-03,-5.555000156164169312e-03,-6.900578737258911133e-03,3.890659213066101074e-01,-9.529303908348083496e-01,-4.602409601211547852e-01,3.719727694988250732e-01,4.005165781301290862e-01,-9.498323252093903157e-01,-4.522557021897402607e-01,3.830310816717673594e-01
7.371824234724044800e-03,-2.725921943783760071e-02,-6.369777023792266846e-03,-2.855509519577026367e-03,-5.541235208511352539e-03,-6.905179470777511597e-03,3.885706663131713867e-01,-9.538900852203369141e-01,-4.600751399993896484e-01,3.720697462558746338e-01,3.999223835264886784e-01,-9.508618162593440726e-01,-4.522295122924677724e-01,3.830470814393674983e-01
7.391739636659622192e-03,-2.727474272251129150e-02,-6.361868232488632202e-03,-2.872683107852935791e-03,-5.527548491954803467e-03,-6.909742951393127441e-03,3.880746960639953613e-01,-9.548360705375671387e-01,-4.599083065986633301e-01,3.721645176410675049e-01,3.993292998639392244e-01,-9.518753982524693624e-01,-4.522030181616058520e-01,3.830631882967083790e-01
7.411487400531768799e-03,-2.728996612131595612e-02,-6.353802978992462158e-03,-2.889625728130340576e-03,-5.513995885848999023e-03,-6.914176046848297119e-03,3.875831067562103271e-01,-9.557642936706542969e-01,-4.597427845001220703e-01,3.722616732120513916e-01,3.987373181470400541e-01,-9.528732120450795762e-01,-4.521762238035378911e-01,3.830794034302039686e-01
7.431153208017349243e-03,-2.730485238134860992e-02,-6.345648318529129028e-03,-2.906456589698791504e-03,-5.500525236129760742e-03,-6.918497383594512939e-03,3.870899677276611328e-01,-9.566787481307983398e-01,-4.595741331577301025e-01,3.723582625389099121e-01,3.981464294765816314e-01,-9.538553968118743676e-01,-4.521491332153342313e-01,3.830957280078240434e-01
7.450651377439498901e-03,-2.731944248080253601e-02,-6.337370723485946655e-03,-2.923093736171722412e-03,-5.487143993377685547e-03,-6.922747939825057983e-03,3.865989446640014648e-01,-9.575766921043395996e-01,-4.594062268733978271e-01,3.724549710750579834e-01,3.975566250495932707e-01,-9.548220900463237903e-01,-4.521217503847521080e-01,3.831121631790954107e-01
7.470041513442993164e-03,-2.733375877141952515e-02,-6.328996270895004272e-03,-2.939604222774505615e-03,-5.473896861076354980e-03,-6.926856935024261475e-03,3.861094117164611816e-01,-9.584614038467407227e-01,-4.592372477054595947e-01,3.725536465644836426e-01,3.969678961593350319e-01,-9.557734275609395258e-01,-4.520940792902359839e-01,3.831287100751025743e-01
7.489278912544250488e-03,-2.734772861003875732e-02,-6.320543587207794189e-03,-2.955906093120574951e-03,-5.460768938064575195e-03,-6.930895149707794189e-03,3.856210708618164062e-01,-9.593292474746704102e-01,-4.590678215026855469e-01,3.726515173912048340e-01,3.963802341953131525e-01,-9.567095434874955950e-01,-4.520661239009169940e-01,3.831453698084820725e-01
7.508352398872375488e-03,-2.736145071685314178e-02,-6.311953067779541016e-03,-2.972118556499481201e-03,-5.447726696729660034e-03,-6.934799253940582275e-03,3.851345181465148926e-01,-9.601830840110778809e-01,-4.588983654975891113e-01,3.727514743804931641e-01,3.957936306432748852e-01,-9.576305702771911177e-01,-4.520378881766133339e-01,3.831621434734302500e-01
7.527396082878112793e-03,-2.737491205334663391e-02,-6.303273141384124756e-03,-2.988152205944061279e-03,-5.434781312942504883e-03,-6.938651204109191895e-03,3.846481442451477051e-01,-9.610252380371093750e-01,-4.587281346321105957e-01,3.728515207767486572e-01,3.952080770852114955e-01,-9.585366387011422518e-01,-4.520093760678303152e-01,3.831790321456978177e-01
7.546201348304748535e-03,-2.738803997635841370e-02,-6.294474005699157715e-03,-3.004044294357299805e-03,-5.421929061412811279e-03,-6.942383944988250732e-03,3.841637372970581055e-01,-9.618490934371948242e-01,-4.585578441619873047e-01,3.729519546031951904e-01,3.946235651993676985e-01,-9.594278778503834149e-01,-4.519805915157599774e-01,3.831960368825934049e-01
7.564958184957504272e-03,-2.740088105201721191e-02,-6.285626441240310669e-03,-3.019757568836212158e-03,-5.409188568592071533e-03,-6.945993751287460327e-03,3.836802244186401367e-01,-9.626613259315490723e-01,-4.583849310874938965e-01,3.730520308017730713e-01,3.940400867602333324e-01,-9.603044151364126257e-01,-4.519515384522815871e-01,3.832131587229780090e-01
7.583502680063247681e-03,-2.741340734064579010e-02,-6.276641041040420532e-03,-3.035277128219604492e-03,-5.396544933319091797e-03,-6.949547678232192993e-03,3.831990063190460205e-01,-9.634550809860229492e-01,-4.582138955593109131e-01,3.731525838375091553e-01,3.934576336385617878e-01,-9.611663762911374365e-01,-4.519222207999609164e-01,3.832303986872735435e-01
7.601991295814514160e-03,-2.742569893598556519e-02,-6.267525255680084229e-03,-3.050692379474639893e-03,-5.384005606174468994e-03,-6.952993571758270264e-03,3.827182650566101074e-01,-9.642373919486999512e-01,-4.580421149730682373e-01,3.732553720474243164e-01,3.928761978013489697e-01,-9.620138853673672052e-01,-4.518926424720514090e-01,3.832477577774551780e-01
7.620338350534439087e-03,-2.743771299719810486e-02,-6.258342415094375610e-03,-3.065995872020721436e-03,-5.371563136577606201e-03,-6.956312805414199829e-03,3.822385072708129883e-01,-9.650065302848815918e-01,-4.578686654567718506e-01,3.733584284782409668e-01,3.922957713118648271e-01,-9.628470647389218984e-01,-4.518628073724926808e-01,3.832652369770531697e-01
7.638558745384216309e-03,-2.744949422776699066e-02,-6.249118596315383911e-03,-3.081120550632476807e-03,-5.359221249818801880e-03,-6.959620863199234009e-03,3.817604184150695801e-01,-9.657633900642395020e-01,-4.576963186264038086e-01,3.734607696533203125e-01,3.917163463296344239e-01,-9.636660351010699621e-01,-4.518327193959119081e-01,3.832828372511558612e-01
7.656648755073547363e-03,-2.746091596782207489e-02,-6.239682435989379883e-03,-3.096126019954681396e-03,-5.347006022930145264e-03,-6.962720304727554321e-03,3.812832832336425781e-01,-9.665021300315856934e-01,-4.575222730636596680e-01,3.735666275024414062e-01,3.911379151104426022e-01,-9.644709154705277676e-01,-4.518023824276231615e-01,3.833005595464083481e-01
7.674645632505416870e-03,-2.747207693755626678e-02,-6.230283528566360474e-03,-3.110937774181365967e-03,-5.334809422492980957e-03,-6.965816020965576172e-03,3.808060586452484131e-01,-9.672306776046752930e-01,-4.573460519313812256e-01,3.736674785614013672e-01,3.905604700063486923e-01,-9.652618231858979270e-01,-4.517718003436271279e-01,3.833184047910087044e-01
7.692463696002960205e-03,-2.748300880193710327e-02,-6.220683455467224121e-03,-3.125630319118499756e-03,-5.322784185409545898e-03,-6.968770176172256470e-03,3.803328871726989746e-01,-9.679430127143859863e-01,-4.571728408336639404e-01,3.737742304801940918e-01,3.899840034656756327e-01,-9.660388739078317188e-01,-4.517409770106116662e-01,3.833363738947152544e-01
7.710203528404235840e-03,-2.749363332986831665e-02,-6.211042404174804688e-03,-3.140218555927276611e-03,-5.310803651809692383e-03,-6.971653550863265991e-03,3.798575401306152344e-01,-9.686436057090759277e-01,-4.569960832595825195e-01,3.738783299922943115e-01,3.894085080330241255e-01,-9.668021816193590467e-01,-4.517099162859517514e-01,3.833544677488404662e-01
7.727798074483871460e-03,-2.750400640070438385e-02,-6.201289594173431396e-03,-3.154598176479339600e-03,-5.298934876918792725e-03,-6.974432617425918579e-03,3.793860971927642822e-01,-9.693297147750854492e-01,-4.568205475807189941e-01,3.739839792251586914e-01,3.888339763492600354e-01,-9.675518586261053766e-01,-4.516786220177090860e-01,3.833726872262511742e-01
7.745277136564254761e-03,-2.751411683857440948e-02,-6.191417574882507324e-03,-3.168925642967224121e-03,-5.287196487188339233e-03,-6.977155804634094238e-03,3.789134919643402100e-01,-9.700024127960205078e-01,-4.566450715065002441e-01,3.740916252136230469e-01,3.882604011515283227e-01,-9.682880155563474700e-01,-4.516470980446323780e-01,3.833910331813737971e-01
7.762670516967773438e-03,-2.752400748431682587e-02,-6.181485950946807861e-03,-3.183059394359588623e-03,-5.275499075651168823e-03,-6.979759782552719116e-03,3.784438371658325195e-01,-9.706643819808959961e-01,-4.564683139324188232e-01,3.741986155509948730e-01,3.876877752732590388e-01,-9.690107613616146809e-01,-4.516153481961574512e-01,3.834095064501854555e-01
7.779907435178756714e-03,-2.753360196948051453e-02,-6.171483546495437622e-03,-3.197066485881805420e-03,-5.263935774564743042e-03,-6.982270628213882446e-03,3.779750466346740723e-01,-9.713118076324462891e-01,-4.562910199165344238e-01,3.743061125278472900e-01,3.871160916441497846e-01,-9.697202033167429125e-01,-4.515833762924070793e-01,3.834281078502266848e-01
7.797032594680786133e-03,-2.754294313490390778e-02,-6.161376833915710449e-03,-3.210909664630889893e-03,-5.252435803413391113e-03,-6.984740495681762695e-03,3.775072693824768066e-01,-9.719457626342773438e-01,-4.561141431331634521e-01,3.744133114814758301e-01,3.865453432901921338e-01,-9.704164470200943304e-01,-4.515511861441907637e-01,3.834468381805899440e-01
7.814038544893264771e-03,-2.755201049149036407e-02,-6.151102483272552490e-03,-3.224633634090423584e-03,-5.241028964519500732e-03,-6.987042725086212158e-03,3.770412504673004150e-01,-9.725652933120727539e-01,-4.559362828731536865e-01,3.745233714580535889e-01,3.859755233336561453e-01,-9.710995963937204545e-01,-4.515187815530051219e-01,3.834656982219215027e-01
7.830977439880371094e-03,-2.756086364388465881e-02,-6.140854209661483765e-03,-3.238297998905181885e-03,-5.229718983173370361e-03,-6.989367306232452393e-03,3.765729367733001709e-01,-9.731769561767578125e-01,-4.557573497295379639e-01,3.746313452720642090e-01,3.854066249931046295e-01,-9.717697536839091654e-01,-4.514861663110337764e-01,3.834846887364291024e-01
7.847756147384643555e-03,-2.756946533918380737e-02,-6.130449473857879639e-03,-3.251768648624420166e-03,-5.218476057052612305e-03,-6.991490721702575684e-03,3.761095702648162842e-01,-9.737733006477355957e-01,-4.555782079696655273e-01,3.747417032718658447e-01,3.848385678627059825e-01,-9.724284234530365945e-01,-4.514533143906306334e-01,3.835038177544005666e-01
7.864445447921752930e-03,-2.757786586880683899e-02,-6.119973957538604736e-03,-3.265179693698883057e-03,-5.207329988479614258e-03,-6.993606686592102051e-03,3.756451904773712158e-01,-9.743596911430358887e-01,-4.553995728492736816e-01,3.748525977134704590e-01,3.842713435532150168e-01,-9.730757387956102678e-01,-4.514202288377643923e-01,3.835230861789964418e-01
7.881019264459609985e-03,-2.758599258959293365e-02,-6.109401583671569824e-03,-3.278367221355438232e-03,-5.196217447519302368e-03,-6.995618343353271484e-03,3.751835525035858154e-01,-9.749321937561035156e-01,-4.552199840545654297e-01,3.749624192714691162e-01,3.837050031239979120e-01,-9.737107008248492290e-01,-4.513869366892417356e-01,3.835424890286233679e-01
7.897496223449707031e-03,-2.759391069412231445e-02,-6.098717451095581055e-03,-3.291554749011993408e-03,-5.185216665267944336e-03,-6.997570395469665527e-03,3.747202754020690918e-01,-9.754940271377563477e-01,-4.550403058528900146e-01,3.750745952129364014e-01,3.831395392097963759e-01,-9.743334235168943369e-01,-4.513534413082788688e-01,3.835620270874550153e-01
7.913898676633834839e-03,-2.760158106684684753e-02,-6.087981164455413818e-03,-3.304548561573028564e-03,-5.174312740564346313e-03,-6.999377161264419556e-03,3.742599785327911377e-01,-9.760446548461914062e-01,-4.548588395118713379e-01,3.751870989799499512e-01,3.825749445204968402e-01,-9.749440195743892534e-01,-4.513197460402326167e-01,3.835817011233156326e-01
7.930111140012741089e-03,-2.760902419686317444e-02,-6.077170372009277344e-03,-3.317430615425109863e-03,-5.163453519344329834e-03,-7.001157850027084351e-03,3.738007843494415283e-01,-9.765821099281311035e-01,-4.546784758567810059e-01,3.752986788749694824e-01,3.820112118411260749e-01,-9.755426004266447571e-01,-4.512858542126005901e-01,3.836015118876672791e-01
7.946308702230453491e-03,-2.761624008417129517e-02,-6.066218018531799316e-03,-3.330186009407043457e-03,-5.152717232704162598e-03,-7.002819329500198364e-03,3.733423650264739990e-01,-9.771085381507873535e-01,-4.544972479343414307e-01,3.754134178161621094e-01,3.814483340318554072e-01,-9.761292762300206594e-01,-4.512517691350214633e-01,3.836214601156234250e-01
7.962353527545928955e-03,-2.762325108051300049e-02,-6.055250763893127441e-03,-3.342859447002410889e-03,-5.142033100128173828e-03,-7.004395127296447754e-03,3.728851675987243652e-01,-9.776249527931213379e-01,-4.543150067329406738e-01,3.755269944667816162e-01,3.808863040280027201e-01,-9.767041558678717372e-01,-4.512174940992746408e-01,3.836415465259400137e-01
7.978260517120361328e-03,-2.762998640537261963e-02,-6.044179201126098633e-03,-3.355361521244049072e-03,-5.131419748067855835e-03,-7.005944848060607910e-03,3.724287748336791992e-01,-9.781268835067749023e-01,-4.541335999965667725e-01,3.756400048732757568e-01,3.803251148400324522e-01,-9.772673469510402278e-01,-4.511830323792803132e-01,3.836617718210169059e-01
7.994089275598526001e-03,-2.763650752604007721e-02,-6.032973527908325195e-03,-3.367803990840911865e-03,-5.120951682329177856e-03,-7.007367908954620361e-03,3.719730973243713379e-01,-9.786174297332763672e-01,-4.539518058300018311e-01,3.757570683956146240e-01,3.797647595535572629e-01,-9.778189558177995400e-01,-4.511483872310996790e-01,3.836821366869008765e-01
8.009836077690124512e-03,-2.764282189309597015e-02,-6.021745502948760986e-03,-3.380119800567626953e-03,-5.110468715429306030e-03,-7.008764892816543579e-03,3.715172708034515381e-01,-9.790990948677062988e-01,-4.537684321403503418e-01,3.758707940578460693e-01,3.792052313293409194e-01,-9.783590875341842130e-01,-4.511135618929347224e-01,3.837026417932831723e-01
8.025467395782470703e-03,-2.764887362718582153e-02,-6.010405719280242920e-03,-3.392294049263000488e-03,-5.100119858980178833e-03,-7.010005414485931396e-03,3.710638880729675293e-01,-9.795672297477722168e-01,-4.535844922065734863e-01,3.759870529174804688e-01,3.786465234032896365e-01,-9.788878458940976079e-01,-4.510785595851283802e-01,3.837232877934989017e-01
8.040983229875564575e-03,-2.765478193759918213e-02,-5.998998880386352539e-03,-3.404416143894195557e-03,-5.089856684207916260e-03,-7.011186331510543823e-03,3.706117570400238037e-01,-9.800266027450561523e-01,-4.534012675285339355e-01,3.761049807071685791e-01,3.780886290864733934e-01,-9.794053334198054017e-01,-4.510433835101641531e-01,3.837440753245306979e-01
8.056402206420898438e-03,-2.766042016446590424e-02,-5.987539887428283691e-03,-3.416337072849273682e-03,-5.079634487628936768e-03,-7.012337446212768555e-03,3.701604306697845459e-01,-9.804735779762268066e-01,-4.532173871994018555e-01,3.762205243110656738e-01,3.775315417651037286e-01,-9.799116513616611401e-01,-4.510080368526667716e-01,3.837650050070028906e-01
8.071724325418472290e-03,-2.766585163772106171e-02,-5.975916981697082520e-03,-3.428220748901367188e-03,-5.069509148597717285e-03,-7.013346999883651733e-03,3.697097003459930420e-01,-9.809088110923767090e-01,-4.530330896377563477e-01,3.763397932052612305e-01,3.769752549005532249e-01,-9.804068996985985107e-01,-4.509725227794015856e-01,3.837860774451875567e-01
8.086957037448883057e-03,-2.767108008265495300e-02,-5.964286625385284424e-03,-3.439970314502716064e-03,-5.059462040662765503e-03,-7.014330476522445679e-03,3.692598044872283936e-01,-9.813349246978759766e-01,-4.528484642505645752e-01,3.764577507972717285e-01,3.764197620293449620e-01,-9.808911771384597467e-01,-4.509368444392748421e-01,3.838072932270019666e-01
8.102063089609146118e-03,-2.767610363662242889e-02,-5.952585488557815552e-03,-3.451615571975708008e-03,-5.049459636211395264e-03,-7.015258073806762695e-03,3.688107728958129883e-01,-9.817500114440917969e-01,-4.526637494564056396e-01,3.765753805637359619e-01,3.758650567631544037e-01,-9.813645811178857148e-01,-4.509010049633337402e-01,3.838286529240058642e-01
8.117105811834335327e-03,-2.768087014555931091e-02,-5.940720438957214355e-03,-3.463141620159149170e-03,-5.039561539888381958e-03,-7.016029208898544312e-03,3.683628439903259277e-01,-9.821522235870361328e-01,-4.524779319763183594e-01,3.766960203647613525e-01,3.753111327888190574e-01,-9.818272078025356286e-01,-4.508650074647662653e-01,3.838501570914055194e-01
8.132003247737884521e-03,-2.768551558256149292e-02,-5.928855389356613159e-03,-3.474608063697814941e-03,-5.029723048210144043e-03,-7.016777992248535156e-03,3.679166436195373535e-01,-9.825470447540283203e-01,-4.522929787635803223e-01,3.768163621425628662e-01,3.747579838683374187e-01,-9.822791520876869020e-01,-4.508288550389011884e-01,3.838718062680529508e-01
8.146863430738449097e-03,-2.768986858427524567e-02,-5.916930735111236572e-03,-3.485940396785736084e-03,-5.019966512918472290e-03,-7.017508149147033691e-03,3.674681186676025391e-01,-9.829304218292236328e-01,-4.521062374114990234e-01,3.769350349903106689e-01,3.742056038388555383e-01,-9.827205075978535653e-01,-4.507925507632081774e-01,3.838936009764427615e-01
8.161552250385284424e-03,-2.769402600824832916e-02,-5.904864519834518433e-03,-3.497101366519927979e-03,-5.010269582271575928e-03,-7.018070667982101440e-03,3.670250177383422852e-01,-9.833000898361206055e-01,-4.519203901290893555e-01,3.770561218261718750e-01,3.736539866126867282e-01,-9.831513666874425184e-01,-4.507560976972979638e-01,3.839155417227199663e-01
8.176222443580627441e-03,-2.769804000854492188e-02,-5.892723798751831055e-03,-3.508262336254119873e-03,-5.000650882720947266e-03,-7.018595933914184570e-03,3.665801882743835449e-01,-9.836637973785400391e-01,-4.517338573932647705e-01,3.771789371967315674e-01,3.731031261773057883e-01,-9.835718204406431742e-01,-4.507194988829218985e-01,3.839376289966668909e-01
8.190743625164031982e-03,-2.770181745290756226e-02,-5.880568176507949829e-03,-3.519259393215179443e-03,-4.991091787815093994e-03,-7.019046694040298462e-03,3.661374449729919434e-01,-9.840157032012939453e-01,-4.515466094017028809e-01,3.772998452186584473e-01,3.725530165953440109e-01,-9.839819586719743549e-01,-4.506827573439720624e-01,3.839598632717173832e-01
8.205179125070571899e-03,-2.770538628101348877e-02,-5.868285894393920898e-03,-3.530181944370269775e-03,-4.981637001037597656e-03,-7.019441574811935425e-03,3.656947016716003418e-01,-9.843563437461853027e-01,-4.513599872589111328e-01,3.774231076240539551e-01,3.720036520045959527e-01,-9.843818699259574423e-01,-4.506458760864818780e-01,3.839822450049466540e-01
8.219502866268157959e-03,-2.770878374576568604e-02,-5.855925381183624268e-03,-3.541022539138793945e-03,-4.972223192453384399e-03,-7.019769400358200073e-03,3.652531206607818604e-01,-9.846872687339782715e-01,-4.511733949184417725e-01,3.775467574596405029e-01,3.714550266180248195e-01,-9.847716414779351668e-01,-4.506088580986251091e-01,3.840047746370759407e-01
8.233804255723953247e-03,-2.771193161606788635e-02,-5.843482911586761475e-03,-3.551743924617767334e-03,-4.962868988513946533e-03,-7.020015269517898560e-03,3.648106455802917480e-01,-9.850084185600280762e-01,-4.509844779968261719e-01,3.776700198650360107e-01,3.709071347237464789e-01,-9.851513593336341801e-01,-4.505717063507166942e-01,3.840274525924728399e-01
8.247938007116317749e-03,-2.771498262882232666e-02,-5.831003189086914062e-03,-3.562420606613159180e-03,-4.953611642122268677e-03,-7.020160555839538574e-03,3.643718361854553223e-01,-9.853215813636779785e-01,-4.507970213890075684e-01,3.777956962585449219e-01,3.703599706850581597e-01,-9.855211082299321079e-01,-4.505344237952122466e-01,3.840502792791488651e-01
8.262030780315399170e-03,-2.771779894828796387e-02,-5.818448960781097412e-03,-3.572911024093627930e-03,-4.944406449794769287e-03,-7.020302116870880127e-03,3.639329671859741211e-01,-9.856238961219787598e-01,-4.506093859672546387e-01,3.779200315475463867e-01,3.698135289404080872e-01,-9.858809716346368379e-01,-4.504970133667084986e-01,3.840732550887593910e-01
8.276004344224929810e-03,-2.772040665149688721e-02,-5.805797874927520752e-03,-3.583379089832305908e-03,-4.935272037982940674e-03,-7.020305842161178589e-03,3.634945750236511230e-01,-9.859157800674438477e-01,-4.504202306270599365e-01,3.780461549758911133e-01,3.692678040034176323e-01,-9.862310317468697685e-01,-4.504594779819425798e-01,3.840963803966048751e-01
8.289899677038192749e-03,-2.772281318902969360e-02,-5.793124437332153320e-03,-3.593690693378448486e-03,-4.926171153783798218e-03,-7.020294666290283203e-03,3.630567193031311035e-01,-9.861984252929687500e-01,-4.502304792404174805e-01,3.781700134277343750e-01,3.687227626796966695e-01,-9.865718589355446655e-01,-4.504218184520356050e-01,3.841196614720018832e-01
8.303664624691009521e-03,-2.772505208849906921e-02,-5.780294537544250488e-03,-3.603965044021606445e-03,-4.917122423648834229e-03,-7.020164281129837036e-03,3.626203238964080811e-01,-9.864701628684997559e-01,-4.500413239002227783e-01,3.782968819141387939e-01,3.681783681366698202e-01,-9.869040876423277320e-01,-4.503840352912538703e-01,3.841431053577323840e-01
8.317433297634124756e-03,-2.772715501487255096e-02,-5.767472088336944580e-03,-3.614157438278198242e-03,-4.908192902803421021e-03,-7.020056247711181641e-03,3.621831238269805908e-01,-9.867370128631591797e-01,-4.498522281646728516e-01,3.784238994121551514e-01,3.676346637775212978e-01,-9.872269389255520222e-01,-4.503461350196317770e-01,3.841667020275514322e-01
8.331030607223510742e-03,-2.772907540202140808e-02,-5.754522979259490967e-03,-3.624230623245239258e-03,-4.899300634860992432e-03,-7.019776850938796997e-03,3.617501854896545410e-01,-9.869913458824157715e-01,-4.496631324291229248e-01,3.785528540611267090e-01,3.670916438405419924e-01,-9.875405000367244446e-01,-4.503081204391993220e-01,3.841904519138393259e-01
8.344583213329315186e-03,-2.773079089820384979e-02,-5.741544067859649658e-03,-3.634221851825714111e-03,-4.890460520982742310e-03,-7.019478827714920044e-03,3.613158464431762695e-01,-9.872378110885620117e-01,-4.494727253913879395e-01,3.786804378032684326e-01,3.665493026265727039e-01,-9.878448571802449507e-01,-4.502699943331794907e-01,3.842143554353059653e-01
8.358027786016464233e-03,-2.773233130574226379e-02,-5.728460848331451416e-03,-3.644131124019622803e-03,-4.881657660007476807e-03,-7.019117474555969238e-03,3.608822822570800781e-01,-9.874741435050964355e-01,-4.492825269699096680e-01,3.788087964057922363e-01,3.660076344989853792e-01,-9.881400955141180775e-01,-4.502317594659878131e-01,3.842384129969872442e-01
8.371450006961822510e-03,-2.773371338844299316e-02,-5.715310573577880859e-03,-3.653988242149353027e-03,-4.872959107160568237e-03,-7.018692791461944580e-03,3.604484498500823975e-01,-9.877035021781921387e-01,-4.490917026996612549e-01,3.789389729499816895e-01,3.654666338837050943e-01,-9.884262991496796102e-01,-4.501934185832326407e-01,3.842626249902497682e-01
8.384708315134048462e-03,-2.773492410778999329e-02,-5.702167749404907227e-03,-3.663711249828338623e-03,-4.864282906055450439e-03,-7.018208503723144531e-03,3.600173592567443848e-01,-9.879234433174133301e-01,-4.489007294178009033e-01,3.790670633316040039e-01,3.649262952691930129e-01,-9.887035511519793873e-01,-4.501549744117149809e-01,3.842869917927930756e-01
8.397910743951797485e-03,-2.773596718907356262e-02,-5.688831210136413574e-03,-3.673389554023742676e-03,-4.855722188949584961e-03,-7.017619907855987549e-03,3.595870733261108398e-01,-9.881327152252197266e-01,-4.487108588218688965e-01,3.792002797126770020e-01,3.643866132064553232e-01,-9.889719335398354794e-01,-4.501164296594288849e-01,3.843115137686373139e-01
8.411005139350891113e-03,-2.773683518171310425e-02,-5.675539374351501465e-03,-3.682956099510192871e-03,-4.847161471843719482e-03,-7.017042487859725952e-03,3.591566681861877441e-01,-9.883347153663635254e-01,-4.485198557376861572e-01,3.793293237686157227e-01,3.638475823090492889e-01,-9.892315272859989461e-01,-4.500777870155608928e-01,3.843361912681387271e-01
8.424103260040283203e-03,-2.773749642074108124e-02,-5.662113428115844727e-03,-3.692440688610076904e-03,-4.838719964027404785e-03,-7.016342133283615112e-03,3.587262034416198730e-01,-9.885276556015014648e-01,-4.483276307582855225e-01,3.794618248939514160e-01,3.633091972530683167e-01,-9.894824123174258412e-01,-4.500390491504904777e-01,3.843610246279796083e-01
8.437000215053558350e-03,-2.773803286254405975e-02,-5.648657679557800293e-03,-3.701843321323394775e-03,-4.830263555049896240e-03,-7.015600800514221191e-03,3.582985401153564453e-01,-9.887112975120544434e-01,-4.481363892555236816e-01,3.795927166938781738e-01,3.627714527771536135e-01,-9.897246675152792106e-01,-4.500002187157897127e-01,3.843860141711732958e-01
8.449885994195938110e-03,-2.773838117718696594e-02,-5.635082721710205078e-03,-3.711193799972534180e-03,-4.821922630071640015e-03,-7.014788687229156494e-03,3.578699529170989990e-01,-9.888863563537597656e-01,-4.479447603225708008e-01,3.797265887260437012e-01,3.622343436824963514e-01,-9.899583707151459189e-01,-4.499612983442237146e-01,3.844111602070587885e-01
8.462667465209960938e-03,-2.773855067789554596e-02,-5.621530115604400635e-03,-3.720395267009735107e-03,-4.813592880964279175e-03,-7.013924419879913330e-03,3.574430942535400391e-01,-9.890534281730651855e-01,-4.477517008781433105e-01,3.798573911190032959e-01,3.616978648328220691e-01,-9.901835987072563627e-01,-4.499222906497499785e-01,3.844364630313064080e-01
8.475363254547119141e-03,-2.773861400783061981e-02,-5.607843399047851562e-03,-3.729574382305145264e-03,-4.805382341146469116e-03,-7.012963294982910156e-03,3.570181131362915039e-01,-9.892121553421020508e-01,-4.475604295730590820e-01,3.799931406974792480e-01,3.611620111544217027e-01,-9.904004272364294037e-01,-4.498831982275190988e-01,3.844619229259178539e-01
8.487980812788009644e-03,-2.773847430944442749e-02,-5.594119429588317871e-03,-3.738678991794586182e-03,-4.797179251909255981e-03,-7.012017071247100830e-03,3.565913438796997070e-01,-9.893621206283569336e-01,-4.473681449890136719e-01,3.801264166831970215e-01,3.606267776361154476e-01,-9.906089310025097960e-01,-4.498440236538743253e-01,3.844875401592182107e-01
8.500538766384124756e-03,-2.773814648389816284e-02,-5.580306053161621094e-03,-3.747671842575073242e-03,-4.789028316736221313e-03,-7.010947912931442261e-03,3.561659455299377441e-01,-9.895032048225402832e-01,-4.471745789051055908e-01,3.802606165409088135e-01,3.600921593292814027e-01,-9.908091836603686309e-01,-4.498047694863515633e-01,3.845133149858651622e-01
8.513003587722778320e-03,-2.773770317435264587e-02,-5.566418170928955078e-03,-3.756612539291381836e-03,-4.780955612659454346e-03,-7.009878754615783691e-03,3.557413816452026367e-01,-9.896361231803894043e-01,-4.469829201698303223e-01,3.803963661193847656e-01,3.595581513478358082e-01,-9.910012578200663169e-01,-4.497654382636796511e-01,3.845392476468479370e-01
8.525386452674865723e-03,-2.773709222674369812e-02,-5.552493035793304443e-03,-3.765486180782318115e-03,-4.772916436195373535e-03,-7.008694112300872803e-03,3.553177118301391602e-01,-9.897618293762207031e-01,-4.467894434928894043e-01,3.805319070816040039e-01,3.590247488682546395e-01,-9.911852250469634917e-01,-4.497260325057800823e-01,3.845653383694769278e-01
8.537705987691879272e-03,-2.773636393249034882e-02,-5.538538098335266113e-03,-3.774292767047882080e-03,-4.764959216117858887e-03,-7.007528096437454224e-03,3.548942804336547852e-01,-9.898809790611267090e-01,-4.465970396995544434e-01,3.806680142879486084e-01,3.584919471295540672e-01,-9.913611558620469832e-01,-4.496865547137672281e-01,3.845915873673994567e-01
8.549917489290237427e-03,-2.773540653288364410e-02,-5.524478852748870850e-03,-3.782950341701507568e-03,-4.757039248943328857e-03,-7.006160914897918701e-03,3.544739782810211182e-01,-9.899885058403015137e-01,-4.464024901390075684e-01,3.808049559593200684e-01,3.579597414333057226e-01,-9.915291197417680502e-01,-4.496470073699480041e-01,3.846179948405885618e-01
8.562039583921432495e-03,-2.773433551192283630e-02,-5.510337650775909424e-03,-3.791607916355133057e-03,-4.749156534671783447e-03,-7.004864513874053955e-03,3.540518879890441895e-01,-9.900886416435241699e-01,-4.462099671363830566e-01,3.809421360492706299e-01,3.574281271436231533e-01,-9.916891851186415696e-01,-4.496073929378224254e-01,3.846445609753481598e-01
8.574135601520538330e-03,-2.773311175405979156e-02,-5.496166646480560303e-03,-3.800205886363983154e-03,-4.741366952657699585e-03,-7.003474980592727661e-03,3.536301255226135254e-01,-9.901829361915588379e-01,-4.460160136222839355e-01,3.810804784297943115e-01,3.568970996871778656e-01,-9.918414193810293211e-01,-4.495677138620829405e-01,3.846712859443049415e-01
8.586127310991287231e-03,-2.773172408342361450e-02,-5.481958389282226562e-03,-3.808654844760894775e-03,-4.733562469482421875e-03,-7.002048194408416748e-03,3.532101511955261230e-01,-9.902683496475219727e-01,-4.458217620849609375e-01,3.812166452407836914e-01,3.563666545531877783e-01,-9.919858888733572577e-01,-4.495279725686148753e-01,3.846981699064249693e-01
8.598048239946365356e-03,-2.773022837936878204e-02,-5.467623472213745117e-03,-3.817103803157806396e-03,-4.725899547338485718e-03,-7.000502198934555054e-03,3.527918159961700439e-01,-9.903460741043090820e-01,-4.456285536289215088e-01,3.813582658767700195e-01,3.558367872934164455e-01,-9.921226588964990878e-01,-4.494881714644964332e-01,3.847252130069940823e-01
8.609905838966369629e-03,-2.772856503725051880e-02,-5.453288555145263672e-03,-3.825455904006958008e-03,-4.718240350484848022e-03,-6.998971104621887207e-03,3.523725867271423340e-01,-9.904171824455261230e-01,-4.454343914985656738e-01,3.814969956874847412e-01,3.553074935221966490e-01,-9.922517937076660299e-01,-4.494483129379985287e-01,3.847524153776308853e-01
8.621644228696823120e-03,-2.772672846913337708e-02,-5.438871681690216064e-03,-3.833733499050140381e-03,-4.710607230663299561e-03,-6.997346878051757812e-03,3.519546985626220703e-01,-9.904785156250000000e-01,-4.452397525310516357e-01,3.816360533237457275e-01,3.547787689163899305e-01,-9.923733565206265261e-01,-4.494083993585846759e-01,3.847797771362860275e-01
8.633334189653396606e-03,-2.772476710379123688e-02,-5.424372851848602295e-03,-3.841944038867950439e-03,-4.703085869550704956e-03,-6.995681673288345337e-03,3.515376746654510498e-01,-9.905324578285217285e-01,-4.450463056564331055e-01,3.817777037620544434e-01,3.542506092154243391e-01,-9.924874095059788015e-01,-4.493684330769114887e-01,3.848072983872321551e-01
8.644964545965194702e-03,-2.772264368832111359e-02,-5.409866571426391602e-03,-3.850072622299194336e-03,-4.695549607276916504e-03,-6.993971765041351318e-03,3.511203527450561523e-01,-9.905801415443420410e-01,-4.448506534099578857e-01,3.819168210029602051e-01,3.537230102212811644e-01,-9.925940137912060424e-01,-4.493284164248279033e-01,3.848349792210774001e-01
8.656494319438934326e-03,-2.772040478885173798e-02,-5.395241081714630127e-03,-3.858163952827453613e-03,-4.688113927841186523e-03,-6.992157548666000366e-03,3.507052063941955566e-01,-9.906193017959594727e-01,-4.446566104888916016e-01,3.820599913597106934e-01,3.531959560519372099e-01,-9.926934503799667020e-01,-4.492883508614172183e-01,3.848628221203846955e-01
8.667979389429092407e-03,-2.771805226802825928e-02,-5.380585789680480957e-03,-3.866188228130340576e-03,-4.680640995502471924e-03,-6.990358233451843262e-03,3.502893447875976562e-01,-9.906532764434814453e-01,-4.444615840911865234e-01,3.822007179260253906e-01,3.526693824600896643e-01,-9.927869099601640546e-01,-4.492482343063533556e-01,3.848908394716960557e-01
8.679416030645370483e-03,-2.771552652120590210e-02,-5.365863442420959473e-03,-3.874167799949645996e-03,-4.673309624195098877e-03,-6.988506764173507690e-03,3.498731553554534912e-01,-9.906792640686035156e-01,-4.442668855190277100e-01,3.823440670967102051e-01,3.521433470227759432e-01,-9.928732921869692918e-01,-4.492080735124260871e-01,3.849190187117301765e-01
8.690740913152694702e-03,-2.771290391683578491e-02,-5.351081490516662598e-03,-3.882043063640594482e-03,-4.665940999984741211e-03,-6.986543536186218262e-03,3.494602441787719727e-01,-9.906982779502868652e-01,-4.440716505050659180e-01,3.824868500232696533e-01,3.516178452279701272e-01,-9.929526646068514983e-01,-4.491678706952514366e-01,3.849473599919191469e-01
8.701987564563751221e-03,-2.771013975143432617e-02,-5.336239933967590332e-03,-3.889895975589752197e-03,-4.658661782741546631e-03,-6.984550505876541138e-03,3.490471243858337402e-01,-9.907098412513732910e-01,-4.438769519329071045e-01,3.826310932636260986e-01,3.510928726137717004e-01,-9.930250939560608670e-01,-4.491276280507358054e-01,3.849758634525672352e-01
8.713226765394210815e-03,-2.770723961293697357e-02,-5.321398377418518066e-03,-3.897689282894134521e-03,-4.651457071304321289e-03,-6.982557475566864014e-03,3.486327230930328369e-01,-9.907166361808776855e-01,-4.436813592910766602e-01,3.827749192714691162e-01,3.505684247684162091e-01,-9.930906461609027014e-01,-4.490873477550762494e-01,3.850045292228482241e-01
8.724313229322433472e-03,-2.770420163869857788e-02,-5.306407809257507324e-03,-3.905363380908966064e-03,-4.644233733415603638e-03,-6.980426609516143799e-03,3.482225835323333740e-01,-9.907126426696777344e-01,-4.434865713119506836e-01,3.829201161861419678e-01,3.500444973302689888e-01,-9.931493863376279485e-01,-4.490470319647602016e-01,3.850333574208051335e-01
8.735414594411849976e-03,-2.770104631781578064e-02,-5.291432142257690430e-03,-3.913052380084991455e-03,-4.637073725461959839e-03,-6.978329271078109741e-03,3.478090763092041016e-01,-9.907058477401733398e-01,-4.432903826236724854e-01,3.830645084381103516e-01,3.495210859878231102e-01,-9.932013787928155590e-01,-4.490066828165654167e-01,3.850623481533543835e-01
8.746374398469924927e-03,-2.769774198532104492e-02,-5.276359617710113525e-03,-3.920592367649078369e-03,-4.629943519830703735e-03,-6.976120173931121826e-03,3.473997712135314941e-01,-9.906884431838989258e-01,-4.430951476097106934e-01,3.832098841667175293e-01,3.489981864796966593e-01,-9.932466870232639078e-01,-4.489663024275602488e-01,3.850915015162821309e-01
8.757315576076507568e-03,-2.769430726766586304e-02,-5.261272192001342773e-03,-3.928139805793762207e-03,-4.622902721166610718e-03,-6.973884999752044678e-03,3.469885289669036865e-01,-9.906666874885559082e-01,-4.428988397121429443e-01,3.833559751510620117e-01,3.484757945946483360e-01,-9.932853737162081753e-01,-4.489258928951035399e-01,3.851208175942450462e-01
8.768159896135330200e-03,-2.769074589014053345e-02,-5.246102809906005859e-03,-3.935612738132476807e-03,-4.615880548954010010e-03,-6.971657276153564453e-03,3.465779125690460205e-01,-9.906366467475891113e-01,-4.427038729190826416e-01,3.835020363330841064e-01,3.479539061715531956e-01,-9.933175007495402831e-01,-4.488854562968446205e-01,3.851502964607730339e-01
8.778925985097885132e-03,-2.768705785274505615e-02,-5.230851471424102783e-03,-3.943003714084625244e-03,-4.608906805515289307e-03,-6.969284266233444214e-03,3.461700677871704102e-01,-9.905990362167358398e-01,-4.425083100795745850e-01,3.836501538753509521e-01,3.474325170994324585e-01,-9.933431291915899575e-01,-4.488449946907230870e-01,3.851799381782613496e-01
8.789658546447753906e-03,-2.768329530954360962e-02,-5.215592682361602783e-03,-3.950394690036773682e-03,-4.601966589689254761e-03,-6.966892629861831665e-03,3.457614183425903320e-01,-9.905585050582885742e-01,-4.423120021820068359e-01,3.837981820106506348e-01,3.469116233174212027e-01,-9.933623193017254716e-01,-4.488045101149693017e-01,3.852097427979825905e-01
8.800294250249862671e-03,-2.767934650182723999e-02,-5.200259387493133545e-03,-3.957711160182952881e-03,-4.595052450895309448e-03,-6.964471191167831421e-03,3.453525304794311523e-01,-9.905086755752563477e-01,-4.421155452728271484e-01,3.839454948902130127e-01,3.463912208148004490e-01,-9.933751305301357082e-01,-4.487640045881038930e-01,3.852397103600768147e-01
8.810892701148986816e-03,-2.767531201243400574e-02,-5.184873938560485840e-03,-3.964945673942565918e-03,-4.588231444358825684e-03,-6.962053477764129639e-03,3.449449539184570312e-01,-9.904529452323913574e-01,-4.419210553169250488e-01,3.840947449207305908e-01,3.458713056309699607e-01,-9.933816215179938069e-01,-4.487234801089378111e-01,3.852698408935531504e-01
8.821420371532440186e-03,-2.767115831375122070e-02,-5.169436335563659668e-03,-3.972142934799194336e-03,-4.581436514854431152e-03,-6.959456950426101685e-03,3.445392847061157227e-01,-9.903916120529174805e-01,-4.417241215705871582e-01,3.842452168464660645e-01,3.453518738554676726e-01,-9.933818500977303900e-01,-4.486829386565729383e-01,3.853001344162959585e-01
8.831869810819625854e-03,-2.766687422990798950e-02,-5.153976380825042725e-03,-3.979273140430450439e-03,-4.574652761220932007e-03,-6.956957280635833740e-03,3.441322445869445801e-01,-9.903235435485839844e-01,-4.415284395217895508e-01,3.843934535980224609e-01,3.448329216279536480e-01,-9.933758732929789392e-01,-4.486423821904012010e-01,3.853305909350580039e-01
8.842244744300842285e-03,-2.766245231032371521e-02,-5.138382315635681152e-03,-3.986351191997528076e-03,-4.567928612232208252e-03,-6.954301148653030396e-03,3.437272608280181885e-01,-9.902468323707580566e-01,-4.413323998451232910e-01,3.845450580120086670e-01,3.443144451382276761e-01,-9.933637473187404421e-01,-4.486018126501051806e-01,3.853612104454627874e-01
8.852612227201461792e-03,-2.765795774757862091e-02,-5.122832953929901123e-03,-3.993399441242218018e-03,-4.561241716146469116e-03,-6.951697170734405518e-03,3.433209359645843506e-01,-9.901683926582336426e-01,-4.411360919475555420e-01,3.846949338912963867e-01,3.437964406262190575e-01,-9.933455275817105745e-01,-4.485612319556578353e-01,3.853919929320043791e-01
8.862841874361038208e-03,-2.765328623354434967e-02,-5.107164382934570312e-03,-4.000365734100341797e-03,-4.554584622383117676e-03,-6.948977708816528320e-03,3.429166078567504883e-01,-9.900789856910705566e-01,-4.409397244453430176e-01,3.848460614681243896e-01,3.432789043819783892e-01,-9.933212686800613200e-01,-4.485206420073226119e-01,3.854229383680489174e-01
8.873049169778823853e-03,-2.764853835105895996e-02,-5.091480910778045654e-03,-4.007257521152496338e-03,-4.547964781522750854e-03,-6.946213543415069580e-03,3.425135612487792969e-01,-9.899858236312866211e-01,-4.407431185245513916e-01,3.849975168704986572e-01,3.427618327457025438e-01,-9.932910244037691516e-01,-4.484800446856536116e-01,3.854540467158331651e-01
8.883178234100341797e-03,-2.764366939663887024e-02,-5.075730383396148682e-03,-4.014141857624053955e-03,-4.541404545307159424e-03,-6.943453103303909302e-03,3.421094417572021484e-01,-9.898859262466430664e-01,-4.405473172664642334e-01,3.851498365402221680e-01,3.422452221077052492e-01,-9.932548477347241667e-01,-4.484394418514950353e-01,3.854853179264634000e-01
8.893247693777084351e-03,-2.763868495821952820e-02,-5.059897899627685547e-03,-4.020966589450836182e-03,-4.534862935543060303e-03,-6.940592080354690552e-03,3.417069017887115479e-01,-9.897795319557189941e-01,-4.403509199619293213e-01,3.853033185005187988e-01,3.417290689084464539e-01,-9.932127908467850430e-01,-4.483988353459819609e-01,3.855167519399196330e-01
8.903261274099349976e-03,-2.763360738754272461e-02,-5.044095218181610107e-03,-4.027754068374633789e-03,-4.528373479843139648e-03,-6.937719881534576416e-03,3.413043022155761719e-01,-9.896693229675292969e-01,-4.401539266109466553e-01,3.854558467864990234e-01,3.412133696385050707e-01,-9.931649051059969757e-01,-4.483582269905395101e-01,3.855483486850483366e-01
8.913204073905944824e-03,-2.762838825583457947e-02,-5.028188228607177734e-03,-4.034481942653656006e-03,-4.521947354078292847e-03,-6.934784352779388428e-03,3.409025073051452637e-01,-9.895510077476501465e-01,-4.399575293064117432e-01,3.856104612350463867e-01,3.406981208385975735e-01,-9.931112410706477434e-01,-4.483176185868836261e-01,3.855801080795686064e-01
8.923068642616271973e-03,-2.762307412922382355e-02,-5.012273788452148438e-03,-4.041112959384918213e-03,-4.515498876571655273e-03,-6.931841373443603516e-03,3.405019342899322510e-01,-9.894273281097412109e-01,-4.397611021995544434e-01,3.857629001140594482e-01,3.401833190995744993e-01,-9.930518484913752886e-01,-4.482770119170204626e-01,3.856120300300747150e-01
8.932918310165405273e-03,-2.761763706803321838e-02,-4.996210336685180664e-03,-4.047781229019165039e-03,-4.509165883064270020e-03,-6.928816437721252441e-03,3.401002287864685059e-01,-9.892966151237487793e-01,-4.395649433135986328e-01,3.859203159809112549e-01,3.396689610624150091e-01,-9.929867763113877643e-01,-4.482364087432469391e-01,3.856441144320248982e-01
8.942667394876480103e-03,-2.761212736368179321e-02,-4.980251193046569824e-03,-4.054345190525054932e-03,-4.502817988395690918e-03,-6.925795227289199829e-03,3.397004604339599609e-01,-9.891632795333862305e-01,-4.393682181835174561e-01,3.860736787319183350e-01,3.391550434182319385e-01,-9.929160726664634229e-01,-4.481958108081500192e-01,3.856763611697536231e-01
8.952334523200988770e-03,-2.760647237300872803e-02,-4.964120686054229736e-03,-4.060842096805572510e-03,-4.496484994888305664e-03,-6.922677159309387207e-03,3.393020331859588623e-01,-9.890199303627014160e-01,-4.391719698905944824e-01,3.862293362617492676e-01,3.386415629082700773e-01,-9.928397848851132634e-01,-4.481552198346075988e-01,3.857087701164623739e-01
8.961994200944900513e-03,-2.760071121156215668e-02,-4.947982728481292725e-03,-4.067339003086090088e-03,-4.490245133638381958e-03,-6.919596344232559204e-03,3.389013409614562988e-01,-9.888730049133300781e-01,-4.389759004116058350e-01,3.863855898380279541e-01,3.381285163239052816e-01,-9.927579594887473435e-01,-4.481146375257876180e-01,3.857413411342262566e-01
8.971583098173141479e-03,-2.759485505521297455e-02,-4.931785166263580322e-03,-4.073761403560638428e-03,-4.483994096517562866e-03,-6.916403770446777344e-03,3.385029137134552002e-01,-9.887202382087707520e-01,-4.387788772583007812e-01,3.865420818328857422e-01,3.376158541897638643e-01,-9.926714894292871794e-01,-4.480740681649975632e-01,3.857740844365188382e-01
8.981097489595413208e-03,-2.758893184363842010e-02,-4.915535449981689453e-03,-4.080139100551605225e-03,-4.477754235267639160e-03,-6.913173943758010864e-03,3.381059169769287109e-01,-9.885625839233398438e-01,-4.385824501514434814e-01,3.866991102695465088e-01,3.371036107564623907e-01,-9.925797361653722062e-01,-4.480335113189275464e-01,3.858069915046551945e-01
8.990567177534103394e-03,-2.758289501070976257e-02,-4.899255931377410889e-03,-4.086524248123168945e-03,-4.471614956855773926e-03,-6.909899413585662842e-03,3.377082645893096924e-01,-9.883999228477478027e-01,-4.383858144283294678e-01,3.868578374385833740e-01,3.365917845060121261e-01,-9.924827156068606326e-01,-4.479929685451537469e-01,3.858400618226972001e-01
8.999977260828018188e-03,-2.757674828171730042e-02,-4.882939159870147705e-03,-4.092819988727569580e-03,-4.465483129024505615e-03,-6.906650960445404053e-03,3.373107016086578369e-01,-9.882310628890991211e-01,-4.381898641586303711e-01,3.870153725147247314e-01,3.360803719190741390e-01,-9.923804803829082699e-01,-4.479524414966950530e-01,3.858732953225477158e-01
9.009331464767456055e-03,-2.757048793137073517e-02,-4.866555333137512207e-03,-4.099078476428985596e-03,-4.459366202354431152e-03,-6.903283298015594482e-03,3.369143009185791016e-01,-9.880567789077758789e-01,-4.379923343658447266e-01,3.871739208698272705e-01,3.355693695072939908e-01,-9.922730826650224545e-01,-4.479119318079355927e-01,3.859066919292701292e-01
9.018633514642715454e-03,-2.756414376199245453e-02,-4.850134253501892090e-03,-4.105292260646820068e-03,-4.453271627426147461e-03,-6.899952888488769531e-03,3.365175127983093262e-01,-9.878772497177124023e-01,-4.377959668636322021e-01,3.873319327831268311e-01,3.350587738129911508e-01,-9.921605741728583006e-01,-4.478714410946418312e-01,3.859402515611468076e-01
9.027861058712005615e-03,-2.755770459771156311e-02,-4.833668470382690430e-03,-4.111453890800476074e-03,-4.447232931852340698e-03,-6.896533071994781494e-03,3.361226320266723633e-01,-9.876921772956848145e-01,-4.375996589660644531e-01,3.874914944171905518e-01,3.345485814088351995e-01,-9.920430061799041521e-01,-4.478309709539797234e-01,3.859739741297530946e-01
9.037062525749206543e-03,-2.755118533968925476e-02,-4.817120730876922607e-03,-4.117630422115325928e-03,-4.441279917955398560e-03,-6.893053650856018066e-03,3.357276320457458496e-01,-9.875023365020751953e-01,-4.374035596847534180e-01,3.876542448997497559e-01,3.340387888975427377e-01,-9.919204295192765031e-01,-4.477905229645329777e-01,3.860078595400266432e-01
9.046159684658050537e-03,-2.754457108676433563e-02,-4.800632596015930176e-03,-4.123710095882415771e-03,-4.435282200574874878e-03,-6.889615207910537720e-03,3.353331983089447021e-01,-9.873082637786865234e-01,-4.372071921825408936e-01,3.878124356269836426e-01,3.335293929115576428e-01,-9.917928945895145842e-01,-4.477500986863198751e-01,3.860419076903384705e-01
9.055204689502716064e-03,-2.753781527280807495e-02,-4.783958196640014648e-03,-4.129745066165924072e-03,-4.429344087839126587e-03,-6.886087357997894287e-03,3.349394798278808594e-01,-9.871045351028442383e-01,-4.370118975639343262e-01,3.879745900630950928e-01,3.330203901127486432e-01,-9.916604513603772819e-01,-4.477096996608113666e-01,3.860761184725625683e-01
9.064257144927978516e-03,-2.753102034330368042e-02,-4.767321050167083740e-03,-4.135780036449432373e-03,-4.423461854457855225e-03,-6.882525980472564697e-03,3.345455527305603027e-01,-9.869008064270019531e-01,-4.368153214454650879e-01,3.881369531154632568e-01,3.325117771920911292e-01,-9.915231493785814365e-01,-4.476693274109480591e-01,3.861104917721409069e-01
9.073190391063690186e-03,-2.752411365509033203e-02,-4.750639200210571289e-03,-4.141770303249359131e-03,-4.417546093463897705e-03,-6.878934800624847412e-03,3.341521620750427246e-01,-9.866902828216552734e-01,-4.366186261177062988e-01,3.882977664470672607e-01,3.320035508693477411e-01,-9.913810377735428059e-01,-4.476289834411582014e-01,3.861450274681603179e-01
9.082093834877014160e-03,-2.751709707081317902e-02,-4.733897745609283447e-03,-4.147708415985107422e-03,-4.411727190017700195e-03,-6.875284016132354736e-03,3.337596654891967773e-01,-9.864739775657653809e-01,-4.364223480224609375e-01,3.884609937667846680e-01,3.314957078927704415e-01,-9.912341652631723177e-01,-4.475886692373746700e-01,3.861797254334188856e-01
9.090974926948547363e-03,-2.751003950834274292e-02,-4.717141389846801758e-03,-4.153579473495483398e-03,-4.405912011861801147e-03,-6.871625781059265137e-03,3.333682119846343994e-01,-9.862549304962158203e-01,-4.362262487411499023e-01,3.886238038539886475e-01,3.309882450387792163e-01,-9.910825801596150342e-01,-4.475483862670530111e-01,3.862145855344940037e-01
9.099725633859634399e-03,-2.750283665955066681e-02,-4.700317978858947754e-03,-4.159457981586456299e-03,-4.400126636028289795e-03,-6.867900490760803223e-03,3.329765498638153076e-01,-9.860280156135559082e-01,-4.360298812389373779e-01,3.887871205806732178e-01,3.304811591116488256e-01,-9.909263303751009166e-01,-4.475081359791886482e-01,3.862496076318174820e-01
9.108513593673706055e-03,-2.749557793140411377e-02,-4.683442413806915283e-03,-4.165276885032653809e-03,-4.394382238388061523e-03,-6.864193826913833618e-03,3.325845599174499512e-01,-9.857982397079467773e-01,-4.358341395854949951e-01,3.889513015747070312e-01,3.299744469432008831e-01,-9.907654634275205874e-01,-4.474679198043346462e-01,3.862847915797384957e-01
9.117171168327331543e-03,-2.748822420835494995e-02,-4.666544497013092041e-03,-4.171058535575866699e-03,-4.388637840747833252e-03,-6.860386580228805542e-03,3.321947753429412842e-01,-9.855627417564392090e-01,-4.356377124786376953e-01,3.891153335571289062e-01,3.294681053924828906e-01,-9.906000264464389637e-01,-4.474277391546186422e-01,3.863201372265986366e-01
9.125806391239166260e-03,-2.748077362775802612e-02,-4.649586975574493408e-03,-4.176780581474304199e-03,-4.382960498332977295e-03,-6.856601685285568237e-03,3.318047523498535156e-01,-9.853215217590332031e-01,-4.354425966739654541e-01,3.892804384231567383e-01,3.289621313454768603e-01,-9.904300661786725746e-01,-4.473875954237611641e-01,3.863556444148000257e-01
9.134396910667419434e-03,-2.747323364019393921e-02,-4.632577300071716309e-03,-4.182495176792144775e-03,-4.377283155918121338e-03,-6.852742284536361694e-03,3.314146995544433594e-01,-9.850764274597167969e-01,-4.352461397647857666e-01,3.894457817077636719e-01,3.284565217147581984e-01,-9.902556289941384371e-01,-4.473474899870924504e-01,3.863913129808737024e-01
9.142920374870300293e-03,-2.746564149856567383e-02,-4.615552723407745361e-03,-4.188217222690582275e-03,-4.371669143438339233e-03,-6.848856806755065918e-03,3.310251533985137939e-01,-9.848275780677795410e-01,-4.350505173206329346e-01,3.896125257015228271e-01,3.279512734391998863e-01,-9.900767608914312623e-01,-4.473074242015706026e-01,3.864271427555529548e-01
9.151391685009002686e-03,-2.745790407061576843e-02,-4.598535597324371338e-03,-4.193834960460662842e-03,-4.366032779216766357e-03,-6.844989955425262451e-03,3.306350111961364746e-01,-9.845730066299438477e-01,-4.348536729812622070e-01,3.897757530212402344e-01,3.274463834836631726e-01,-9.898935075038909348e-01,-4.472673994057983493e-01,3.864631335638403220e-01
9.159818291664123535e-03,-2.745012752711772919e-02,-4.581354558467864990e-03,-4.199415445327758789e-03,-4.360444843769073486e-03,-6.840981543064117432e-03,3.302482962608337402e-01,-9.843125939369201660e-01,-4.346582889556884766e-01,3.899442553520202637e-01,3.269418488386746091e-01,-9.897059141051794962e-01,-4.472274169200413652e-01,3.864992852250763167e-01
9.168189018964767456e-03,-2.744225040078163147e-02,-4.564225673675537109e-03,-4.205010831356048584e-03,-4.354901611804962158e-03,-6.837047636508941650e-03,3.298588395118713379e-01,-9.840490818023681641e-01,-4.344626367092132568e-01,3.901104629039764404e-01,3.264376665201179084e-01,-9.895140256150211089e-01,-4.471874780462449794e-01,3.865355975530128663e-01
9.176507592201232910e-03,-2.743433788418769836e-02,-4.546999931335449219e-03,-4.210546612739562988e-03,-4.349417984485626221e-03,-6.832994520664215088e-03,3.294731080532073975e-01,-9.837807416915893555e-01,-4.342681467533111572e-01,3.902805745601654053e-01,3.259338335689246358e-01,-9.893178866049980869e-01,-4.471475840680522729e-01,3.865720703558803151e-01
9.184785187244415283e-03,-2.742630243301391602e-02,-4.529803991317749023e-03,-4.216052591800689697e-03,-4.343878477811813354e-03,-6.828993558883666992e-03,3.290847539901733398e-01,-9.835090041160583496e-01,-4.340719282627105713e-01,3.904462456703186035e-01,3.254303470507594054e-01,-9.891175413042362363e-01,-4.471077362508216191e-01,3.866087034364589781e-01
9.192984551191329956e-03,-2.741817571222782135e-02,-4.512473940849304199e-03,-4.221536219120025635e-03,-4.338417202234268188e-03,-6.824899464845657349e-03,3.286981880664825439e-01,-9.832295179367065430e-01,-4.338770806789398193e-01,3.906160593032836914e-01,3.249272040557052987e-01,-9.889130336053079118e-01,-4.470679358416436155e-01,3.866454965921482523e-01
9.201198816299438477e-03,-2.741000987589359283e-02,-4.495188593864440918e-03,-4.226975142955780029e-03,-4.332985728979110718e-03,-6.820823997259140015e-03,3.283112645149230957e-01,-9.829496145248413086e-01,-4.336816668510437012e-01,3.907846212387084961e-01,3.244244016979487277e-01,-9.887044070699202436e-01,-4.470281840693592912e-01,3.866824496150325086e-01
9.209245443344116211e-03,-2.740173786878585815e-02,-4.477828741073608398e-03,-4.232391715049743652e-03,-4.327576607465744019e-03,-6.816640496253967285e-03,3.279269337654113770e-01,-9.826617240905761719e-01,-4.334868490695953369e-01,3.909546732902526855e-01,3.239219371154818394e-01,-9.884917049345987028e-01,-4.469884821445769263e-01,3.867195622919598064e-01
9.217374026775360107e-03,-2.739340439438819885e-02,-4.460439085960388184e-03,-4.237748682498931885e-03,-4.322182387113571167e-03,-6.812550127506256104e-03,3.275401294231414795e-01,-9.823723435401916504e-01,-4.332923293113708496e-01,3.911236524581909180e-01,3.234198074697703373e-01,-9.882749701164833533e-01,-4.469488312596903157e-01,3.867568344046037332e-01
9.225353598594665527e-03,-2.738496288657188416e-02,-4.442945122718811035e-03,-4.243083298206329346e-03,-4.316795617341995239e-03,-6.808277219533920288e-03,3.271565139293670654e-01,-9.820748567581176758e-01,-4.330972135066986084e-01,3.912950158119201660e-01,3.229180099454502240e-01,-9.880542452190145264e-01,-4.469092325888957551e-01,3.867942657295361797e-01
9.233355522155761719e-03,-2.737645991146564484e-02,-4.425525665283203125e-03,-4.248395562171936035e-03,-4.311457276344299316e-03,-6.804108619689941406e-03,3.267703056335449219e-01,-9.817769527435302734e-01,-4.329018592834472656e-01,3.914639651775360107e-01,3.224165417500219344e-01,-9.878295725379455661e-01,-4.468696872882095827e-01,3.868318560382981719e-01
9.241253137588500977e-03,-2.736791409552097321e-02,-4.407972097396850586e-03,-4.253685474395751953e-03,-4.306163638830184937e-03,-6.799813359975814819e-03,3.263877034187316895e-01,-9.814726114273071289e-01,-4.327083826065063477e-01,3.916372060775756836e-01,3.219154001135237086e-01,-9.876009940667026532e-01,-4.468301964954860539e-01,3.868696050974680389e-01
9.249165654182434082e-03,-2.735926955938339233e-02,-4.390440881252288818e-03,-4.258982837200164795e-03,-4.300862550735473633e-03,-6.795533001422882080e-03,3.260020911693572998e-01,-9.811666607856750488e-01,-4.325124025344848633e-01,3.918082714080810547e-01,3.214145822882366055e-01,-9.873685515023413739e-01,-4.467907613304342163e-01,3.869075126687298027e-01
9.256996214389801025e-03,-2.735057659447193146e-02,-4.372864961624145508e-03,-4.264168441295623779e-03,-4.295617341995239258e-03,-6.791219115257263184e-03,3.256202638149261475e-01,-9.808551073074340820e-01,-4.323188662528991699e-01,3.919807672500610352e-01,3.209140855483467725e-01,-9.871322862513980390e-01,-4.467513828946362842e-01,3.869455785089468414e-01
9.264733642339706421e-03,-2.734175138175487518e-02,-4.355236887931823730e-03,-4.269354045391082764e-03,-4.290375858545303345e-03,-6.786826997995376587e-03,3.252379894256591797e-01,-9.805372357368469238e-01,-4.321238994598388672e-01,3.921531140804290771e-01,3.204139071896598412e-01,-9.868922394354660010e-01,-4.467120622715644584e-01,3.869838023702295016e-01
9.272485971450805664e-03,-2.733291685581207275e-02,-4.337571561336517334e-03,-4.274569451808929443e-03,-4.285149276256561279e-03,-6.782472133636474609e-03,3.248542845249176025e-01,-9.802187681198120117e-01,-4.319296181201934814e-01,3.923262655735015869e-01,3.199140445292735224e-01,-9.866484518968264839e-01,-4.466728005265986345e-01,3.870221840000028224e-01
9.280174970626831055e-03,-2.732398733496665955e-02,-4.319891333580017090e-03,-4.279688000679016113e-03,-4.279971122741699219e-03,-6.778098642826080322e-03,3.244721889495849609e-01,-9.798946380615234375e-01,-4.317360222339630127e-01,3.924992680549621582e-01,3.194144949052648008e-01,-9.864009642045713511e-01,-4.466335987070439439e-01,3.870607231410840843e-01
9.287793189287185669e-03,-2.731500566005706787e-02,-4.302129149436950684e-03,-4.284814000129699707e-03,-4.274819046258926392e-03,-6.773613393306732178e-03,3.240918219089508057e-01,-9.795660972595214844e-01,-4.315424263477325439e-01,3.926748931407928467e-01,3.189152556763862889e-01,-9.861498166600157766e-01,-4.465944578421483513e-01,3.870994195317401521e-01
9.295392781496047974e-03,-2.730593457818031311e-02,-4.284396767616271973e-03,-4.289880394935607910e-03,-4.269666969776153564e-03,-6.769154220819473267e-03,3.237106502056121826e-01,-9.792348742485046387e-01,-4.313479363918304443e-01,3.928481042385101318e-01,3.184163242217435408e-01,-9.858950493024390971e-01,-4.465553789431200293e-01,3.871382729057681882e-01
9.302958846092224121e-03,-2.729674242436885834e-02,-4.266560077667236328e-03,-4.294954240322113037e-03,-4.264526069164276123e-03,-6.764650344848632812e-03,3.233278393745422363e-01,-9.788976311683654785e-01,-4.311526417732238770e-01,3.930222690105438232e-01,3.179176979404882419e-01,-9.856367019152618703e-01,-4.465163630031449005e-01,3.871772829925618775e-01
9.310431778430938721e-03,-2.728758752346038818e-02,-4.248753190040588379e-03,-4.299975931644439697e-03,-4.259437322616577148e-03,-6.760161370038986206e-03,3.229488730430603027e-01,-9.785588383674621582e-01,-4.309605956077575684e-01,3.931974470615386963e-01,3.174193742515001304e-01,-9.853748140310759629e-01,-4.464774109974041783e-01,3.872164495171793730e-01
9.317893534898757935e-03,-2.727828547358512878e-02,-4.230856895446777344e-03,-4.304982721805572510e-03,-4.254378378391265869e-03,-6.755579262971878052e-03,3.225685954093933105e-01,-9.782140851020812988e-01,-4.307663142681121826e-01,3.933736979961395264e-01,3.169213505930885133e-01,-9.851094249379864776e-01,-4.464385238830921865e-01,3.872557722004144609e-01
9.325299412012100220e-03,-2.726899646222591400e-02,-4.212960600852966309e-03,-4.309967160224914551e-03,-4.249330610036849976e-03,-6.751015782356262207e-03,3.221898078918457031e-01,-9.778679609298706055e-01,-4.305739402770996094e-01,3.935501873493194580e-01,3.164236244226628636e-01,-9.848405736850781578e-01,-4.463997025994330126e-01,3.872952507588697801e-01
9.332671761512756348e-03,-2.725958079099655151e-02,-4.195004701614379883e-03,-4.314921796321868896e-03,-4.244320094585418701e-03,-6.746426224708557129e-03,3.218101263046264648e-01,-9.775160551071166992e-01,-4.303808510303497314e-01,3.937270343303680420e-01,3.159261932164232900e-01,-9.845682990881565733e-01,-4.463609480676988817e-01,3.873348849050163856e-01
9.339995682239532471e-03,-2.725010924041271210e-02,-4.177041351795196533e-03,-4.319868981838226318e-03,-4.239309579133987427e-03,-6.741777062416076660e-03,3.214308321475982666e-01,-9.771617054939270020e-01,-4.301868379116058350e-01,3.939036726951599121e-01,3.154290544690610543e-01,-9.842926397355977741e-01,-4.463222611912274207e-01,3.873746743472782916e-01
9.347237646579742432e-03,-2.724059671163558960e-02,-4.159025847911834717e-03,-4.324756562709808350e-03,-4.234325140714645386e-03,-6.737127900123596191e-03,3.210535645484924316e-01,-9.768022894859313965e-01,-4.299950003623962402e-01,3.940812647342681885e-01,3.149322056934329428e-01,-9.840136339939785648e-01,-4.462836428554389778e-01,3.874146187900897043e-01
9.354520589113235474e-03,-2.723101899027824402e-02,-4.140958189964294434e-03,-4.329659044742584229e-03,-4.229377955198287964e-03,-6.732452660799026489e-03,3.206747174263000488e-01,-9.764412045478820801e-01,-4.298021793365478516e-01,3.942601978778839111e-01,3.144356444202487944e-01,-9.837313200137632885e-01,-4.462450939278543305e-01,3.874547179339716263e-01
9.361658245325088501e-03,-2.722134068608283997e-02,-4.122883081436157227e-03,-4.334501922130584717e-03,-4.224412143230438232e-03,-6.727725267410278320e-03,3.202977180480957031e-01,-9.760735034942626953e-01,-4.296091794967651367e-01,3.944374322891235352e-01,3.139393681977668549e-01,-9.834457357352623941e-01,-4.462066152581120604e-01,3.874949714755968611e-01
9.368833154439926147e-03,-2.721161209046840668e-02,-4.104755818843841553e-03,-4.339337348937988281e-03,-4.219517111778259277e-03,-6.723020225763320923e-03,3.199194371700286865e-01,-9.757038354873657227e-01,-4.294170737266540527e-01,3.946165740489959717e-01,3.134433745914752545e-01,-9.831569188940993964e-01,-4.461682076779863726e-01,3.875353791078677279e-01
9.375914931297302246e-03,-2.720185928046703339e-02,-4.086591303348541260e-03,-4.344157874584197998e-03,-4.214596003293991089e-03,-6.718255579471588135e-03,3.195430636405944824e-01,-9.753305912017822266e-01,-4.292252957820892334e-01,3.947959244251251221e-01,3.129476611837790356e-01,-9.828649070271151533e-01,-4.461298720014039709e-01,3.875759405199754037e-01
9.382985532283782959e-03,-2.719198912382125854e-02,-4.068396985530853271e-03,-4.348941147327423096e-03,-4.209715873003005981e-03,-6.713490933179855347e-03,3.191654384136199951e-01,-9.749528765678405762e-01,-4.290328323841094971e-01,3.949750661849975586e-01,3.124522255736967846e-01,-9.825697374780004711e-01,-4.460916090244623766e-01,3.876166553974769169e-01
9.389989078044891357e-03,-2.718210779130458832e-02,-4.050210118293762207e-03,-4.353716969490051270e-03,-4.204872995615005493e-03,-6.708659231662750244e-03,3.187898993492126465e-01,-9.745734930038452148e-01,-4.288406968116760254e-01,3.951553106307983398e-01,3.119570653765277313e-01,-9.822714474030883602e-01,-4.460534195254468592e-01,3.876575234223655353e-01
9.396973997354507446e-03,-2.717219106853008270e-02,-4.031971096992492676e-03,-4.358477890491485596e-03,-4.200067371129989624e-03,-6.703820079565048218e-03,3.184147477149963379e-01,-9.741911292076110840e-01,-4.286494553089141846e-01,3.953370451927185059e-01,3.114621782235658110e-01,-9.819700737770425958e-01,-4.460153042648480892e-01,3.876985442731348264e-01
9.403891861438751221e-03,-2.716214209794998169e-02,-4.013709723949432373e-03,-4.363186657428741455e-03,-4.195213317871093750e-03,-6.699018180370330811e-03,3.180379271507263184e-01,-9.738029241561889648e-01,-4.284575283527374268e-01,3.955155313014984131e-01,3.109675617617627674e-01,-9.816656533986509725e-01,-4.459772639853797349e-01,3.877397176248540966e-01
9.410794824361801147e-03,-2.715205773711204529e-02,-3.995344042778015137e-03,-4.367880523204803467e-03,-4.190433770418167114e-03,-6.694070994853973389e-03,3.176637589931488037e-01,-9.734111428260803223e-01,-4.282657504081726074e-01,3.956987857818603516e-01,3.104732136534293363e-01,-9.813582228964028431e-01,-4.459392994119961151e-01,3.877810431492346166e-01
9.417604655027389526e-03,-2.714197151362895966e-02,-3.977060317993164062e-03,-4.372589290142059326e-03,-4.185661673545837402e-03,-6.689198315143585205e-03,3.172893226146697998e-01,-9.730189442634582520e-01,-4.280752539634704590e-01,3.958798050880432129e-01,3.099791315759211630e-01,-9.810478187343926182e-01,-4.459014112519092965e-01,3.878225205146999532e-01
9.424421936273574829e-03,-2.713178656995296478e-02,-3.958642482757568359e-03,-4.377223551273345947e-03,-4.180900752544403076e-03,-6.684258580207824707e-03,3.169157207012176514e-01,-9.726206064224243164e-01,-4.278845489025115967e-01,3.960627317428588867e-01,3.094853132213230551e-01,-9.807344772179511505e-01,-4.458636001946068017e-01,3.878641493864572465e-01
9.431179612874984741e-03,-2.712154015898704529e-02,-3.940232098102569580e-03,-4.381902515888214111e-03,-4.176162183284759521e-03,-6.679318845272064209e-03,3.165405094623565674e-01,-9.722200036048889160e-01,-4.276935458183288574e-01,3.962452709674835205e-01,3.089917562961328468e-01,-9.804182344992773412e-01,-4.458258669118695394e-01,3.879059294265679303e-01
9.437926113605499268e-03,-2.711127884685993195e-02,-3.921806812286376953e-03,-4.386521875858306885e-03,-4.171442240476608276e-03,-6.674349308013916016e-03,3.161672353744506836e-01,-9.718176126480102539e-01,-4.275029599666595459e-01,3.964284658432006836e-01,3.084984592207669629e-01,-9.800989835798952221e-01,-4.457882247051313529e-01,3.879478634115730018e-01
9.444590657949447632e-03,-2.710092253983020782e-02,-3.903344273567199707e-03,-4.391126334667205811e-03,-4.166737198829650879e-03,-6.669368594884872437e-03,3.157936930656433105e-01,-9.714097976684570312e-01,-4.273126125335693359e-01,3.966113626956939697e-01,3.080054196578659864e-01,-9.797767750270028886e-01,-4.457506729088377417e-01,3.879899506765125961e-01
9.451244026422500610e-03,-2.709051594138145447e-02,-3.884807229042053223e-03,-4.395700991153717041e-03,-4.162073135375976562e-03,-6.664324551820755005e-03,3.154211938381195068e-01,-9.709987640380859375e-01,-4.271224737167358398e-01,3.967965841293334961e-01,3.075126348422206890e-01,-9.794517494353697229e-01,-4.457132028665670154e-01,3.880321885880947397e-01
9.457848966121673584e-03,-2.708004787564277649e-02,-3.866299986839294434e-03,-4.400290548801422119e-03,-4.157412797212600708e-03,-6.659261882305145264e-03,3.150479793548583984e-01,-9.705858230590820312e-01,-4.269312024116516113e-01,3.969804644584655762e-01,3.070201025402507500e-01,-9.791239413101877620e-01,-4.456758152757635538e-01,3.880745768202329415e-01
9.464398026466369629e-03,-2.706956863403320312e-02,-3.847792744636535645e-03,-4.404813051223754883e-03,-4.152745008468627930e-03,-6.654214113950729370e-03,3.146766126155853271e-01,-9.701703786849975586e-01,-4.267412424087524414e-01,3.971636295318603516e-01,3.065278205313848869e-01,-9.787933850032974892e-01,-4.456385108187924660e-01,3.881171150446639517e-01
9.470902383327484131e-03,-2.705898322165012360e-02,-3.829136490821838379e-03,-4.409328103065490723e-03,-4.148136824369430542e-03,-6.649129092693328857e-03,3.143049478530883789e-01,-9.697476029396057129e-01,-4.265525937080383301e-01,3.973501026630401611e-01,3.060357866077352829e-01,-9.784601147187108605e-01,-4.456012901629873291e-01,3.881598029310298070e-01
9.477376937866210938e-03,-2.704839967191219330e-02,-3.810524940490722656e-03,-4.413865506649017334e-03,-4.143539816141128540e-03,-6.644040346145629883e-03,3.139331936836242676e-01,-9.693254232406616211e-01,-4.263637661933898926e-01,3.975360989570617676e-01,3.055439985737870012e-01,-9.781241645175847710e-01,-4.455641539606974288e-01,3.882026401469598209e-01
9.483858942985534668e-03,-2.703771367669105530e-02,-3.791898488998413086e-03,-4.418350756168365479e-03,-4.138939082622528076e-03,-6.638918071985244751e-03,3.135608434677124023e-01,-9.689002037048339844e-01,-4.261728823184967041e-01,3.977208137512207031e-01,3.050524542460937294e-01,-9.777855683241265528e-01,-4.455271028493358876e-01,3.882456263581340883e-01
9.490229189395904541e-03,-2.702699229121208191e-02,-3.773190081119537354e-03,-4.422798752784729004e-03,-4.134345799684524536e-03,-6.633762270212173462e-03,3.131908178329467773e-01,-9.684692025184631348e-01,-4.259844124317169189e-01,3.979071080684661865e-01,3.045611514529680264e-01,-9.774443599304046826e-01,-4.454901374514270151e-01,3.882887612283772438e-01
9.496614336967468262e-03,-2.701624296605587006e-02,-3.754504024982452393e-03,-4.427291452884674072e-03,-4.129800945520401001e-03,-6.628610193729400635e-03,3.128190636634826660e-01,-9.680384397506713867e-01,-4.257950782775878906e-01,3.980937302112579346e-01,3.040700880341510315e-01,-9.771005730021985469e-01,-4.454532583746541041e-01,3.883320444197243537e-01
9.502895176410675049e-03,-2.700545638799667358e-02,-3.735788166522979736e-03,-4.431731998920440674e-03,-4.125267267227172852e-03,-6.623387336730957031e-03,3.124505877494812012e-01,-9.676033854484558105e-01,-4.256066679954528809e-01,3.982811868190765381e-01,3.035792618405282473e-01,-9.767542410840280853e-01,-4.454164662119068918e-01,3.883754755925025171e-01
9.509213268756866455e-03,-2.699461393058300018e-02,-3.716982901096343994e-03,-4.436172544956207275e-03,-4.120748490095138550e-03,-6.618194282054901123e-03,3.120802044868469238e-01,-9.671654105186462402e-01,-4.254187345504760742e-01,3.984697759151458740e-01,3.030886707338046326e-01,-9.764053976046751515e-01,-4.453797615413292998e-01,3.884190544054051952e-01
9.515468031167984009e-03,-2.698371745645999908e-02,-3.698244690895080566e-03,-4.440568387508392334e-03,-4.116225987672805786e-03,-6.612963974475860596e-03,3.117107152938842773e-01,-9.667260050773620605e-01,-4.252295196056365967e-01,3.986561894416809082e-01,3.025983125861904655e-01,-9.760540758825423380e-01,-4.453431449263671182e-01,3.884627805155740909e-01
9.521640837192535400e-03,-2.697277814149856567e-02,-3.679394721984863281e-03,-4.444956779479980469e-03,-4.111766815185546875e-03,-6.607737392187118530e-03,3.113424777984619141e-01,-9.662804007530212402e-01,-4.250435233116149902e-01,3.988458514213562012e-01,3.021081852800986955e-01,-9.757003091308458220e-01,-4.453066169158156340e-01,3.885066535786730890e-01
9.527862071990966797e-03,-2.696175687015056610e-02,-3.660529851913452148e-03,-4.449345171451568604e-03,-4.107292741537094116e-03,-6.602458655834197998e-03,3.109721541404724121e-01,-9.658340215682983398e-01,-4.248543977737426758e-01,3.990346193313598633e-01,3.016182867078335827e-01,-9.753441304633008180e-01,-4.452701780438670931e-01,3.885506732489631965e-01
9.534001350402832031e-03,-2.695075608789920807e-02,-3.641687333583831787e-03,-4.453741014003753662e-03,-4.102811217308044434e-03,-6.597183644771575928e-03,3.106032311916351318e-01,-9.653867483139038086e-01,-4.246664941310882568e-01,3.992230296134948730e-01,3.011286147712643468e-01,-9.749855728991521087e-01,-4.452338288301588287e-01,3.885948391793903611e-01
9.540073573589324951e-03,-2.693966589868068695e-02,-3.622777760028839111e-03,-4.458054900169372559e-03,-4.098363220691680908e-03,-6.591860204935073853e-03,3.102363348007202148e-01,-9.649333953857421875e-01,-4.244795441627502441e-01,3.994125127792358398e-01,3.006391673815395071e-01,-9.746246693687498075e-01,-4.451975697798201681e-01,3.886391510216438694e-01
9.546168148517608643e-03,-2.692854031920433044e-02,-3.603816032409667969e-03,-4.462413489818572998e-03,-4.093930125236511230e-03,-6.586514413356781006e-03,3.098677396774291992e-01,-9.644787907600402832e-01,-4.242917895317077637e-01,3.996032476425170898e-01,3.001499424587547038e-01,-9.742614527186888029e-01,-4.451614013835206163e-01,3.886836084262577096e-01
9.552203118801116943e-03,-2.691740170121192932e-02,-3.584906458854675293e-03,-4.466749727725982666e-03,-4.089545458555221558e-03,-6.581179797649383545e-03,3.095003664493560791e-01,-9.640231132507324219e-01,-4.241048693656921387e-01,3.997936248779296875e-01,2.996609379316547139e-01,-9.738959557174949877e-01,-4.451253241175174846e-01,3.887282110426627524e-01
9.558167308568954468e-03,-2.690621092915534973e-02,-3.565907478332519531e-03,-4.471041262149810791e-03,-4.085123538970947266e-03,-6.575834006071090698e-03,3.091340065002441406e-01,-9.635621309280395508e-01,-4.239193201065063477e-01,3.999841809272766113e-01,2.991721517373132633e-01,-9.735282110605981698e-01,-4.450893384437031308e-01,3.887729585192830628e-01
9.564138948917388916e-03,-2.689493075013160706e-02,-3.546908497810363770e-03,-4.475332796573638916e-03,-4.080757498741149902e-03,-6.570443511009216309e-03,3.087664842605590820e-01,-9.630990624427795410e-01,-4.237320125102996826e-01,4.001751542091369629e-01,2.986835818208261606e-01,-9.731582513760207442e-01,-4.450534448096531981e-01,3.888178505036061217e-01
9.570047259330749512e-03,-2.688366360962390900e-02,-3.527849912643432617e-03,-4.479616880416870117e-03,-4.076376557350158691e-03,-6.565041840076446533e-03,3.084006309509277344e-01,-9.626333713531494141e-01,-4.235464632511138916e-01,4.003672599792480469e-01,2.981952261350008238e-01,-9.727861092295141399e-01,-4.450176436486735776e-01,3.888628866422558228e-01
9.575925767421722412e-03,-2.687233686447143555e-02,-3.508791327476501465e-03,-4.483900964260101318e-03,-4.072021692991256714e-03,-6.559640169143676758e-03,3.080341219902038574e-01,-9.621654152870178223e-01,-4.233607947826385498e-01,4.005591273307800293e-01,2.977070826400423642e-01,-9.724118171299187541e-01,-4.449819353798485921e-01,3.889080665810780713e-01
9.581789374351501465e-03,-2.686096169054508209e-02,-3.489702939987182617e-03,-4.488147795200347900e-03,-4.067692905664443970e-03,-6.554171442985534668e-03,3.076686263084411621e-01,-9.616950154304504395e-01,-4.231744706630706787e-01,4.007520079612731934e-01,2.972191493032499965e-01,-9.720354075346290257e-01,-4.449463204080884582e-01,3.889533899652128368e-01
9.587593376636505127e-03,-2.684954926371574402e-02,-3.470592200756072998e-03,-4.492394626140594482e-03,-4.063345491886138916e-03,-6.548754870891571045e-03,3.073023855686187744e-01,-9.612215757369995117e-01,-4.229892492294311523e-01,4.009438157081604004e-01,2.967314240986964058e-01,-9.716569128549529255e-01,-4.449107991241768034e-01,3.889988564391717585e-01
9.593412280082702637e-03,-2.683810144662857056e-02,-3.451436758041381836e-03,-4.496626555919647217e-03,-4.059024155139923096e-03,-6.543248891830444336e-03,3.069370388984680176e-01,-9.607467055320739746e-01,-4.228030145168304443e-01,4.011374711990356445e-01,2.962439050069171076e-01,-9.712763654613038034e-01,-4.448753719048185173e-01,3.890444656469161933e-01
9.599130600690841675e-03,-2.682663314044475555e-02,-3.432288765907287598e-03,-4.500865936279296875e-03,-4.054732620716094971e-03,-6.537739187479019165e-03,3.065729737281799316e-01,-9.602690339088439941e-01,-4.226181209087371826e-01,4.013313353061676025e-01,2.957565900146059690e-01,-9.708937976886145016e-01,-4.448400391126983155e-01,3.890902172319350427e-01
9.604863822460174561e-03,-2.681511826813220978e-02,-3.413140773773193359e-03,-4.505075514316558838e-03,-4.050433635711669922e-03,-6.532270461320877075e-03,3.062075376510620117e-01,-9.597899317741394043e-01,-4.224327504634857178e-01,4.015238881111145020e-01,2.952694771143090091e-01,-9.705092418417490263e-01,-4.448048010964746890e-01,3.891361108373207478e-01
9.610511362552642822e-03,-2.680356055498123169e-02,-3.393881022930145264e-03,-4.509277641773223877e-03,-4.046149551868438721e-03,-6.526734679937362671e-03,3.058438003063201904e-01,-9.593054056167602539e-01,-4.222490191459655762e-01,4.017191529273986816e-01,2.947825643040935528e-01,-9.701227302008053055e-01,-4.447696581909303393e-01,3.891821461058466713e-01
9.616214781999588013e-03,-2.679199911653995514e-02,-3.374673426151275635e-03,-4.513479769229888916e-03,-4.041891545057296753e-03,-6.521210074424743652e-03,3.054792284965515137e-01,-9.588232040405273438e-01,-4.220641255378723145e-01,4.019137024879455566e-01,2.942958495872480262e-01,-9.697342950264182804e-01,-4.447346107169262708e-01,3.892283226800464790e-01
9.621784090995788574e-03,-2.678037807345390320e-02,-3.355346620082855225e-03,-4.517622292041778564e-03,-4.037633538246154785e-03,-6.515622138977050781e-03,3.051179051399230957e-01,-9.583331346511840820e-01,-4.218816459178924561e-01,4.021102786064147949e-01,2.938093309719849722e-01,-9.693439685651734639e-01,-4.446996589814884993e-01,3.892746402022868590e-01
9.627379477024078369e-03,-2.676871791481971741e-02,-3.336094319820404053e-03,-4.521854221820831299e-03,-4.033416509628295898e-03,-6.510090082883834839e-03,3.047522902488708496e-01,-9.578448534011840820e-01,-4.216974079608917236e-01,4.023054540157318115e-01,2.933230064711018770e-01,-9.689517830549080335e-01,-4.446648032778314219e-01,3.893210983148502891e-01
9.632952511310577393e-03,-2.675701491534709930e-02,-3.316760063171386719e-03,-4.526004195213317871e-03,-4.029177129268646240e-03,-6.504479795694351196e-03,3.043892383575439453e-01,-9.573527574539184570e-01,-4.215132892131805420e-01,4.025016129016876221e-01,2.928368741016952881e-01,-9.685577707300158101e-01,-4.446300438854708381e-01,3.893676966600064793e-01
9.638447314500808716e-03,-2.674525231122970581e-02,-3.297470510005950928e-03,-4.530154168605804443e-03,-4.024937748908996582e-03,-6.498910486698150635e-03,3.040253520011901855e-01,-9.568582177162170410e-01,-4.213290512561798096e-01,4.026954472064971924e-01,2.923509318848296346e-01,-9.681619638268033068e-01,-4.445953810701671616e-01,3.894144348800948618e-01
9.643927216529846191e-03,-2.673353627324104309e-02,-3.278061747550964355e-03,-4.534326493740081787e-03,-4.020765423774719238e-03,-6.493259221315383911e-03,3.036640584468841553e-01,-9.563617706298828125e-01,-4.211474061012268066e-01,4.028950929641723633e-01,2.918651778452422407e-01,-9.677643945889577992e-01,-4.445608150840845707e-01,3.894613126175997531e-01
9.649425745010375977e-03,-2.672176435589790344e-02,-3.258705139160156250e-03,-4.538446664810180664e-03,-4.016548395156860352e-03,-6.487622857093811035e-03,3.033018708229064941e-01,-9.558653831481933594e-01,-4.209637045860290527e-01,4.030912816524505615e-01,2.913796100110225273e-01,-9.673650952726321472e-01,-4.445263461657452675e-01,3.895083295152255154e-01
9.654790163040161133e-03,-2.670994214713573456e-02,-3.239311277866363525e-03,-4.542589187622070312e-03,-4.012353718280792236e-03,-6.481952965259552002e-03,3.029406964778900146e-01,-9.553638696670532227e-01,-4.207811951637268066e-01,4.032884836196899414e-01,2.908942264133053679e-01,-9.669640981520196688e-01,-4.444919745401317845e-01,3.895554852159772707e-01
9.660236537456512451e-03,-2.669808268547058105e-02,-3.219880163669586182e-03,-4.546701908111572266e-03,-4.008192569017410278e-03,-6.476316601037979126e-03,3.025779426097869873e-01,-9.548619389533996582e-01,-4.205985963344573975e-01,4.034863114356994629e-01,2.904090250859573397e-01,-9.665614355244943612e-01,-4.444577004187206248e-01,3.896027793632343417e-01
9.665556252002716064e-03,-2.668619342148303986e-02,-3.200426697731018066e-03,-4.550814628601074219e-03,-4.004005342721939087e-03,-6.470598280429840088e-03,3.022176325321197510e-01,-9.543561935424804688e-01,-4.204161167144775391e-01,4.036841690540313721e-01,2.899240040652607542e-01,-9.661571397161867747e-01,-4.444235239995170117e-01,3.896502116008332406e-01
9.670890867710113525e-03,-2.667431160807609558e-02,-3.180950880050659180e-03,-4.554934799671173096e-03,-3.999896347522735596e-03,-6.464932113885879517e-03,3.018567264080047607e-01,-9.538498520851135254e-01,-4.202357232570648193e-01,4.038841724395751953e-01,2.894391613896147852e-01,-9.657512430870685005e-01,-4.443894454671561411e-01,3.896977815731393902e-01
9.676218032836914062e-03,-2.666238695383071899e-02,-3.161430358886718750e-03,-4.559017717838287354e-03,-3.995724022388458252e-03,-6.459206342697143555e-03,3.014964163303375244e-01,-9.533414244651794434e-01,-4.200538694858551025e-01,4.040832817554473877e-01,2.889544950992190553e-01,-9.653437780363107734e-01,-4.443554649928355693e-01,3.897454889251226740e-01
9.681485593318939209e-03,-2.665041573345661163e-02,-3.141932189464569092e-03,-4.563130438327789307e-03,-3.991581499576568604e-03,-6.453510373830795288e-03,3.011350035667419434e-01,-9.528310894966125488e-01,-4.198723435401916504e-01,4.042817950248718262e-01,2.884700032357507271e-01,-9.649347770077496556e-01,-4.443215827345080582e-01,3.897933333024463654e-01
9.686712175607681274e-03,-2.663841098546981812e-02,-3.122381865978240967e-03,-4.567205905914306641e-03,-3.987453877925872803e-03,-6.447777152061462402e-03,3.007750511169433594e-01,-9.523172378540039062e-01,-4.196915626525878906e-01,4.044814109802246094e-01,2.879856838420697951e-01,-9.645242724951906821e-01,-4.442877988368132414e-01,3.898413143515288559e-01
9.691923856735229492e-03,-2.662639319896697998e-02,-3.102794289588928223e-03,-4.571281373500823975e-03,-3.983359783887863159e-03,-6.442002952098846436e-03,3.004159331321716309e-01,-9.518020153045654297e-01,-4.195113182067871094e-01,4.046828448772430420e-01,2.875015349619018390e-01,-9.641122970476567744e-01,-4.442541134311911999e-01,3.898894317196316406e-01
9.697124361991882324e-03,-2.661433815956115723e-02,-3.083221614360809326e-03,-4.575364291667938232e-03,-3.979232162237167358e-03,-6.436251103878021240e-03,3.000552952289581299e-01,-9.512861371040344238e-01,-4.193298816680908203e-01,4.048824310302734375e-01,2.870175546395253297e-01,-9.636988832746907763e-01,-4.442205266358937865e-01,3.899376850549332585e-01
9.702257812023162842e-03,-2.660230360925197601e-02,-3.063604235649108887e-03,-4.579447209835052490e-03,-3.975126892328262329e-03,-6.430439651012420654e-03,2.996974587440490723e-01,-9.507681131362915039e-01,-4.191501140594482422e-01,4.050843119621276855e-01,2.865337409194552154e-01,-9.632840638518234133e-01,-4.441870385560640622e-01,3.899860740066045106e-01
9.707413613796234131e-03,-2.659019455313682556e-02,-3.044001758098602295e-03,-4.583515226840972900e-03,-3.971036523580551147e-03,-6.424710154533386230e-03,2.993366718292236328e-01,-9.502486586570739746e-01,-4.189700186252593994e-01,4.052842855453491211e-01,2.860500918461463815e-01,-9.628678715258210952e-01,-4.441536492837362959e-01,3.900345982248893395e-01
9.712472558021545410e-03,-2.657807432115077972e-02,-3.024309873580932617e-03,-4.587568342685699463e-03,-3.966946154832839966e-03,-6.418846547603607178e-03,2.989795804023742676e-01,-9.497250318527221680e-01,-4.187906682491302490e-01,4.054872095584869385e-01,2.855666054636658013e-01,-9.624503391197701818e-01,-4.441203588979489303e-01,3.900832573611814902e-01
9.717542678117752075e-03,-2.656595408916473389e-02,-3.004670143127441406e-03,-4.591658711433410645e-03,-3.962874412536621094e-03,-6.413061171770095825e-03,2.986203730106353760e-01,-9.492027163505554199e-01,-4.186113476753234863e-01,4.056888222694396973e-01,2.850832798153946634e-01,-9.620314995389819268e-01,-4.440871674647454692e-01,3.901320510680955089e-01
9.722605347633361816e-03,-2.655375748872756958e-02,-2.984978258609771729e-03,-4.595704376697540283e-03,-3.958802670240402222e-03,-6.407190114259719849e-03,2.982618808746337891e-01,-9.486770033836364746e-01,-4.184306263923645020e-01,4.058910310268402100e-01,2.846001129437077393e-01,-9.616113857757485617e-01,-4.440540750372075074e-01,3.901809789995548949e-01
9.727597236633300781e-03,-2.654159814119338989e-02,-2.965256571769714355e-03,-4.599735140800476074e-03,-3.954730927944183350e-03,-6.401367485523223877e-03,2.979050576686859131e-01,-9.481493830680847168e-01,-4.182531833648681641e-01,4.060939848423004150e-01,2.841171028896635753e-01,-9.611900309147550781e-01,-4.440210816555802409e-01,3.902300408108630991e-01
9.732604026794433594e-03,-2.652937360107898712e-02,-2.945512533187866211e-03,-4.603773355484008789e-03,-3.950681537389755249e-03,-6.395515054464340210e-03,2.975468933582305908e-01,-9.476203918457031250e-01,-4.180743396282196045e-01,4.062972068786621094e-01,2.836342476927003475e-01,-9.607674681387664561e-01,-4.439881873472379947e-01,3.902792361587757441e-01
9.737558662891387939e-03,-2.651717700064182281e-02,-2.925716340541839600e-03,-4.607871174812316895e-03,-3.946628421545028687e-03,-6.389617919921875000e-03,2.971896529197692871e-01,-9.470903277397155762e-01,-4.178963601589202881e-01,4.065024852752685547e-01,2.831515453903130086e-01,-9.603437307335461748e-01,-4.439553921267412884e-01,3.903285647015887760e-01
9.742513298988342285e-03,-2.650496736168861389e-02,-2.905994653701782227e-03,-4.611901938915252686e-03,-3.942612558603286743e-03,-6.383769214153289795e-03,2.968330979347229004e-01,-9.465604424476623535e-01,-4.177189171314239502e-01,4.067062139511108398e-01,2.826689940177510296e-01,-9.599188520932701030e-01,-4.439226959959495789e-01,3.903780260992080198e-01
9.747400879859924316e-03,-2.649268880486488342e-02,-2.886183559894561768e-03,-4.615932703018188477e-03,-3.938563168048858643e-03,-6.377831101417541504e-03,2.964770793914794922e-01,-9.460258483886718750e-01,-4.175407290458679199e-01,4.069107770919799805e-01,2.821865916077066494e-01,-9.594928657259931271e-01,-4.438900989439995559e-01,3.904276200132290042e-01
9.752273559570312500e-03,-2.648040279746055603e-02,-2.866357564926147461e-03,-4.619941115379333496e-03,-3.934491425752639771e-03,-6.371911615133285522e-03,2.961212992668151855e-01,-9.454902410507202148e-01,-4.173629879951477051e-01,4.071147739887237549e-01,2.817043361899935761e-01,-9.590658052587326399e-01,-4.438576009473835793e-01,3.904773461070115137e-01
9.757138788700103760e-03,-2.646806277334690094e-02,-2.846509218215942383e-03,-4.623986780643463135e-03,-3.930464386940002441e-03,-6.366010755300521851e-03,2.957636117935180664e-01,-9.449525475502014160e-01,-4.171852767467498779e-01,4.073194563388824463e-01,2.812222257912476153e-01,-9.586377044429917893e-01,-4.438252019699956419e-01,3.905272040457646865e-01
9.761959314346313477e-03,-2.645577117800712585e-02,-2.826653420925140381e-03,-4.628024995326995850e-03,-3.926470875740051270e-03,-6.360068917274475098e-03,2.954087257385253906e-01,-9.444147944450378418e-01,-4.170092642307281494e-01,4.075261950492858887e-01,2.807402584346103680e-01,-9.582085971598974794e-01,-4.437929019631652316e-01,3.905771934966111858e-01
9.766787290573120117e-03,-2.644340321421623230e-02,-2.806805074214935303e-03,-4.632063210010528564e-03,-3.922451287508010864e-03,-6.354127079248428345e-03,2.950517535209655762e-01,-9.438756108283996582e-01,-4.168311655521392822e-01,4.077309370040893555e-01,2.802584639384777532e-01,-9.577778575854024590e-01,-4.437607149200756829e-01,3.906273106008292251e-01
9.771503508090972900e-03,-2.643099240958690643e-02,-2.786912024021148682e-03,-4.636049270629882812e-03,-3.918483853340148926e-03,-6.348166614770889282e-03,2.946975231170654297e-01,-9.433309435844421387e-01,-4.166556000709533691e-01,4.079372882843017578e-01,2.797769696004871465e-01,-9.573428373710900496e-01,-4.437286979054088643e-01,3.906775406870480194e-01
9.776219725608825684e-03,-2.641853876411914825e-02,-2.767026424407958984e-03,-4.640042781829833984e-03,-3.914568573236465454e-03,-6.342232227325439453e-03,2.943421006202697754e-01,-9.427849650382995605e-01,-4.164801836013793945e-01,4.081438183784484863e-01,2.792956270412987885e-01,-9.569066085825093104e-01,-4.436967861316423734e-01,3.907278996696626483e-01
9.780891239643096924e-03,-2.640607021749019623e-02,-2.747073769569396973e-03,-4.643999040126800537e-03,-3.910582512617111206e-03,-6.336219608783721924e-03,2.939886450767517090e-01,-9.422364234924316406e-01,-4.163044095039367676e-01,4.083503782749176025e-01,2.788144348477276657e-01,-9.564691936518864290e-01,-4.436649797567969733e-01,3.907783871598776715e-01
9.785585105419158936e-03,-2.639355510473251343e-02,-2.727136015892028809e-03,-4.648000001907348633e-03,-3.906674683094024658e-03,-6.330259144306182861e-03,2.936324179172515869e-01,-9.416873455047607422e-01,-4.161286056041717529e-01,4.085575044155120850e-01,2.783333916143665987e-01,-9.560306149030908252e-01,-4.436332789322822712e-01,3.908290027697934321e-01
9.790200740098953247e-03,-2.638104371726512909e-02,-2.707183361053466797e-03,-4.651993513107299805e-03,-3.902744501829147339e-03,-6.324246525764465332e-03,2.932784259319305420e-01,-9.411363601684570312e-01,-4.159533083438873291e-01,4.087649583816528320e-01,2.778524959433874009e-01,-9.555908945545862343e-01,-4.436016838029079312e-01,3.908797461124569050e-01
9.794816374778747559e-03,-2.636851929128170013e-02,-2.687215805053710938e-03,-4.655949771404266357e-03,-3.898829221725463867e-03,-6.318248808383941650e-03,2.929248511791229248e-01,-9.405843615531921387e-01,-4.157787561416625977e-01,4.089725911617279053e-01,2.773717464443712921e-01,-9.551500547218925163e-01,-4.435701945070769092e-01,3.909306168019291428e-01
9.799379855394363403e-03,-2.635596320033073425e-02,-2.667181193828582764e-03,-4.659935832023620605e-03,-3.894906491041183472e-03,-6.312243640422821045e-03,2.925707995891571045e-01,-9.400290250778198242e-01,-4.156050086021423340e-01,4.091811776161193848e-01,2.768911417341226588e-01,-9.547081174204816723e-01,-4.435388111767846753e-01,3.909816144533496685e-01
9.803950786590576172e-03,-2.634340152144432068e-02,-2.647176384925842285e-03,-4.663899540901184082e-03,-3.891028463840484619e-03,-6.306216120719909668e-03,2.922177314758300781e-01,-9.394740462303161621e-01,-4.154310822486877441e-01,4.093901813030242920e-01,2.764106804364698800e-01,-9.542651045685124345e-01,-4.435075339378244386e-01,3.910327386829959284e-01
9.808473289012908936e-03,-2.633078210055828094e-02,-2.627149224281311035e-03,-4.667855799198150635e-03,-3.887094557285308838e-03,-6.300199776887893677e-03,2.918636202812194824e-01,-9.389162659645080566e-01,-4.152566492557525635e-01,4.095973670482635498e-01,2.759303611820964619e-01,-9.538210379892895219e-01,-4.434763629098312787e-01,3.910839891083507935e-01
9.812977164983749390e-03,-2.631819434463977814e-02,-2.607077360153198242e-03,-4.671826958656311035e-03,-3.883242607116699219e-03,-6.294071674346923828e-03,2.915124297142028809e-01,-9.383577704429626465e-01,-4.150829613208770752e-01,4.098089933395385742e-01,2.754501826083541327e-01,-9.533759394142166110e-01,-4.434452982063963877e-01,3.911353653481676185e-01
9.817462414503097534e-03,-2.630557119846343994e-02,-2.587027847766876221e-03,-4.675798118114471436e-03,-3.879334777593612671e-03,-6.288077682256698608e-03,2.911584377288818359e-01,-9.377985000610351562e-01,-4.149098992347717285e-01,4.100170433521270752e-01,2.749701433590732158e-01,-9.529298304854753043e-01,-4.434143399351690995e-01,3.911868670225247535e-01
9.821891784667968750e-03,-2.629291452467441559e-02,-2.566933631896972656e-03,-4.679739475250244141e-03,-3.875464200973510742e-03,-6.282024085521697998e-03,2.908063828945159912e-01,-9.372355341911315918e-01,-4.147377312183380127e-01,4.102269411087036133e-01,2.744902420843776114e-01,-9.524827327587029879e-01,-4.433834881979809572e-01,3.912384937528949336e-01
9.826317429542541504e-03,-2.628025412559509277e-02,-2.546817064285278320e-03,-4.683703184127807617e-03,-3.871589899063110352e-03,-6.275888532400131226e-03,2.904550433158874512e-01,-9.366725683212280273e-01,-4.145642518997192383e-01,4.104378521442413330e-01,2.740104774405053289e-01,-9.520346677055633311e-01,-4.433527430909147138e-01,3.912902451622095046e-01
9.830743074417114258e-03,-2.626758068799972534e-02,-2.526693046092987061e-03,-4.687689244747161865e-03,-3.867726773023605347e-03,-6.269812583923339844e-03,2.901020646095275879e-01,-9.361090064048767090e-01,-4.143915772438049316e-01,4.106485843658447266e-01,2.735308480896263550e-01,-9.515856567166984803e-01,-4.433221047044506591e-01,3.913421208749199298e-01
9.835097938776016235e-03,-2.625489048659801483e-02,-2.506598830223083496e-03,-4.691608250141143799e-03,-3.863859921693801880e-03,-6.263732910156250000e-03,2.897513508796691895e-01,-9.355432987213134766e-01,-4.142196178436279297e-01,4.108581542968750000e-01,2.730513526996506402e-01,-9.511357211042975601e-01,-4.432915731235244072e-01,3.913941205170570758e-01
9.839452803134918213e-03,-2.624217234551906586e-02,-2.486377954483032227e-03,-4.695586860179901123e-03,-3.860026597976684570e-03,-6.257567554712295532e-03,2.894003391265869141e-01,-9.349749088287353516e-01,-4.140479266643524170e-01,4.110717475414276123e-01,2.725719899440406380e-01,-9.506848821047220177e-01,-4.432611484276508529e-01,3.914462437163029884e-01
9.843781590461730957e-03,-2.622944116592407227e-02,-2.466268837451934814e-03,-4.699543118476867676e-03,-3.856170922517776489e-03,-6.251506507396697998e-03,2.890479266643524170e-01,-9.344075322151184082e-01,-4.138759374618530273e-01,4.112811982631683350e-01,2.720927585016362782e-01,-9.502331608814570396e-01,-4.432308306910379692e-01,3.914984901020459596e-01
9.848080575466156006e-03,-2.621672302484512329e-02,-2.446040511131286621e-03,-4.703469574451446533e-03,-3.852333873510360718e-03,-6.245374679565429688e-03,2.886986434459686279e-01,-9.338369369506835938e-01,-4.137060642242431641e-01,4.114943742752075195e-01,2.716136570564745556e-01,-9.497805785276273172e-01,-4.432006199826773463e-01,3.915508593054481401e-01
9.852364659309387207e-03,-2.620397508144378662e-02,-2.425827085971832275e-03,-4.707455635070800781e-03,-3.848500549793243408e-03,-6.239220499992370605e-03,2.883475124835968018e-01,-9.332664012908935547e-01,-4.135348200798034668e-01,4.117073118686676025e-01,2.711346842975835281e-01,-9.493271560685654364e-01,-4.431705163664576008e-01,3.916033509595075457e-01
9.856633841991424561e-03,-2.619120106101036072e-02,-2.405628561973571777e-03,-4.711396992206573486e-03,-3.844667226076126099e-03,-6.233096122741699219e-03,2.879968285560607910e-01,-9.326944947242736816e-01,-4.133639633655548096e-01,4.119190871715545654e-01,2.706558389188248315e-01,-9.488729144649835634e-01,-4.431405199012439788e-01,3.916559646991238930e-01
9.860843420028686523e-03,-2.617842704057693481e-02,-2.385400235652923584e-03,-4.715353250503540039e-03,-3.840859979391098022e-03,-6.226930767297744751e-03,2.876473963260650635e-01,-9.321206808090209961e-01,-4.131939709186553955e-01,4.121325016021728516e-01,2.701771196186848467e-01,-9.484178746151051831e-01,-4.431106306410027007e-01,3.917087001611545549e-01
9.865038096904754639e-03,-2.616563811898231506e-02,-2.365142107009887695e-03,-4.719294607639312744e-03,-3.837045282125473022e-03,-6.220772862434387207e-03,2.872982323169708252e-01,-9.315451979637145996e-01,-4.130246639251708984e-01,4.123460948467254639e-01,2.696985251001102757e-01,-9.479620573577816067e-01,-4.430808486349258613e-01,3.917615569844879464e-01
9.869240224361419678e-03,-2.615286037325859070e-02,-2.344861626625061035e-03,-4.723265767097473145e-03,-3.833241760730743408e-03,-6.214614957571029663e-03,2.869486212730407715e-01,-9.309700131416320801e-01,-4.128556251525878906e-01,4.125607013702392578e-01,2.692200540703057476e-01,-9.475054834750618049e-01,-4.430511739274772265e-01,3.918145348100992575e-01
9.873397648334503174e-03,-2.614000067114830017e-02,-2.324596047401428223e-03,-4.727222025394439697e-03,-3.829404711723327637e-03,-6.208453327417373657e-03,2.865978777408599854e-01,-9.303922653198242188e-01,-4.126851558685302734e-01,4.127728939056396484e-01,2.687417052405685625e-01,-9.470481736947604645e-01,-4.430216065585388940e-01,3.918676332811143470e-01
9.877502918243408203e-03,-2.612718939781188965e-02,-2.304278314113616943e-03,-4.731185734272003174e-03,-3.825612366199493408e-03,-6.202232092618942261e-03,2.862501442432403564e-01,-9.298132658004760742e-01,-4.125168025493621826e-01,4.129885137081146240e-01,2.682634773260852423e-01,-9.465901486933576692e-01,-4.429921465635138778e-01,3.919208520428766884e-01
9.881637990474700928e-03,-2.611436694860458374e-02,-2.283960580825805664e-03,-4.735149443149566650e-03,-3.821857273578643799e-03,-6.196044385433197021e-03,2.859015166759490967e-01,-9.292343258857727051e-01,-4.123488962650299072e-01,4.132046699523925781e-01,2.677853690457563385e-01,-9.461314290986758690e-01,-4.429627939733939979e-01,3.919741907430081551e-01
9.885735809803009033e-03,-2.610147185623645782e-02,-2.263665199279785156e-03,-4.739083349704742432e-03,-3.818020224571228027e-03,-6.189893931150436401e-03,2.855513989925384521e-01,-9.286531805992126465e-01,-4.121794998645782471e-01,4.134167134761810303e-01,2.673073791220154094e-01,-9.456720354922867333e-01,-4.429335488149072075e-01,3.920276490314718587e-01
9.889770299196243286e-03,-2.608861401677131653e-02,-2.243280410766601562e-03,-4.743061959743499756e-03,-3.814253956079483032e-03,-6.183631718158721924e-03,2.852041721343994141e-01,-9.280700087547302246e-01,-4.120120108127593994e-01,4.136341214179992676e-01,2.668295062806348428e-01,-9.452119884126265470e-01,-4.429044111105971404e-01,3.920812265606365976e-01
9.893845766782760620e-03,-2.607577666640281677e-02,-2.222940325736999512e-03,-4.747040569782257080e-03,-3.810469061136245728e-03,-6.177421659231185913e-03,2.848560214042663574e-01,-9.274892210960388184e-01,-4.118441939353942871e-01,4.138499498367309570e-01,2.663517492505539375e-01,-9.447513083574565762e-01,-4.428753808789477331e-01,3.921349229853395291e-01
9.897857904434204102e-03,-2.606292814016342163e-02,-2.202592790126800537e-03,-4.750989377498626709e-03,-3.806702792644500732e-03,-6.171196699142456055e-03,2.845094799995422363e-01,-9.269059896469116211e-01,-4.116775095462799072e-01,4.140663146972656250e-01,2.658741067636768429e-01,-9.442900157864875244e-01,-4.428464581344285778e-01,3.921887379629502290e-01
9.901873767375946045e-03,-2.605000883340835571e-02,-2.182193100452423096e-03,-4.754938185214996338e-03,-3.802895545959472656e-03,-6.164975464344024658e-03,2.841611504554748535e-01,-9.263202548027038574e-01,-4.115097224712371826e-01,4.142816364765167236e-01,2.653965775547081352e-01,-9.438281311243315042e-01,-4.428176428876878234e-01,3.922426711534320876e-01
9.905848652124404907e-03,-2.603709883987903595e-02,-2.161756157875061035e-03,-4.758916795253753662e-03,-3.799110651016235352e-03,-6.158724427223205566e-03,2.838135659694671631e-01,-9.257332682609558105e-01,-4.113430082798004150e-01,4.144988656044006348e-01,2.649191603609477030e-01,-9.433656747628529349e-01,-4.427889351455861489e-01,3.922967222194082004e-01
9.909816086292266846e-03,-2.602419443428516388e-02,-2.141371369361877441e-03,-4.762887954711914062e-03,-3.795366734266281128e-03,-6.152495741844177246e-03,2.834663093090057373e-01,-9.251469969749450684e-01,-4.111765921115875244e-01,4.147157967090606689e-01,2.644418539221318754e-01,-9.429026670642298713e-01,-4.427603349112985698e-01,3.923508908262203776e-01
9.913735091686248779e-03,-2.601130492985248566e-02,-2.120904624462127686e-03,-4.766859114170074463e-03,-3.791607916355133057e-03,-6.146240979433059692e-03,2.831206321716308594e-01,-9.245582818984985352e-01,-4.110119342803955078e-01,4.149345457553863525e-01,2.639646569802161502e-01,-9.424391283633603011e-01,-4.427318421844963492e-01,3.924051766419967002e-01
9.917661547660827637e-03,-2.599838376045227051e-02,-2.100475132465362549e-03,-4.770845174789428711e-03,-3.787837922573089600e-03,-6.139997392892837524e-03,2.827733457088470459e-01,-9.239698648452758789e-01,-4.108458459377288818e-01,4.151516854763031006e-01,2.634875682792254814e-01,-9.419750789705946259e-01,-4.427034569613352288e-01,3.924595793377134711e-01
9.921573102474212646e-03,-2.598544396460056305e-02,-2.080008387565612793e-03,-4.774816334247589111e-03,-3.784086555242538452e-03,-6.133709102869033813e-03,2.824270129203796387e-01,-9.233798384666442871e-01,-4.106798470020294189e-01,4.153701961040496826e-01,2.630105865650381736e-01,-9.415105391745790531e-01,-4.426751792346597103e-01,3.925140985872590527e-01
9.925410151481628418e-03,-2.597251534461975098e-02,-2.059556543827056885e-03,-4.778794944286346436e-03,-3.780316561460494995e-03,-6.127424538135528564e-03,2.820817828178405762e-01,-9.227888584136962891e-01,-4.105148613452911377e-01,4.155880212783813477e-01,2.625337105852222352e-01,-9.410455292448250963e-01,-4.426470089940486297e-01,3.925687340674927084e-01
9.929306805133819580e-03,-2.595959603786468506e-02,-2.039059996604919434e-03,-4.782788455486297607e-03,-3.776587545871734619e-03,-6.121139973402023315e-03,2.817358374595642090e-01,-9.221984148025512695e-01,-4.103502035140991211e-01,4.158080220222473145e-01,2.620569390888438099e-01,-9.405800694343338098e-01,-4.426189462259393914e-01,3.926234854583129374e-01
9.933099150657653809e-03,-2.594663202762603760e-02,-2.018578350543975830e-03,-4.786767065525054932e-03,-3.772802650928497314e-03,-6.114847958087921143e-03,2.813905179500579834e-01,-9.216048121452331543e-01,-4.101852476596832275e-01,4.160256683826446533e-01,2.615802708262873755e-01,-9.401141799823843348e-01,-4.425909909137192288e-01,3.926783524427209793e-01
9.936936199665069580e-03,-2.593367546796798706e-02,-1.998037099838256836e-03,-4.790775477886199951e-03,-3.769095987081527710e-03,-6.108567118644714355e-03,2.810445427894592285e-01,-9.210110306739807129e-01,-4.100217819213867188e-01,4.162466228008270264e-01,2.611037045490577357e-01,-9.396478811172115364e-01,-4.425631430378608178e-01,3.927333347068819314e-01
9.940728545188903809e-03,-2.592072449624538422e-02,-1.977510750293731689e-03,-4.794746637344360352e-03,-3.765325993299484253e-03,-6.102286279201507568e-03,2.806997597217559814e-01,-9.204166531562805176e-01,-4.098582565784454346e-01,4.164656698703765869e-01,2.606272390096122105e-01,-9.391811930586861923e-01,-4.425354025759794530e-01,3.927884319401823143e-01
9.944494813680648804e-03,-2.590776979923248291e-02,-1.956962049007415771e-03,-4.798762500286102295e-03,-3.761626780033111572e-03,-6.095945835113525391e-03,2.803556323051452637e-01,-9.198213219642639160e-01,-4.096951186656951904e-01,4.166875481605529785e-01,2.601508729611627935e-01,-9.387141360209385610e-01,-4.425077695029572822e-01,3.928436438353082316e-01
9.948261082172393799e-03,-2.589480951428413391e-02,-1.936450600624084473e-03,-4.802756011486053467e-03,-3.757856786251068115e-03,-6.089653819799423218e-03,2.800105810165405273e-01,-9.192265868186950684e-01,-4.095312654972076416e-01,4.169062674045562744e-01,2.596746051575023473e-01,-9.382467302150920840e-01,-4.424802437910457242e-01,3.928989700882909997e-01
9.952001273632049561e-03,-2.588183060288429260e-02,-1.915849745273590088e-03,-4.806764423847198486e-03,-3.754135221242904663e-03,-6.083343178033828735e-03,2.796660959720611572e-01,-9.186288714408874512e-01,-4.093690514564514160e-01,4.171280562877655029e-01,2.591984343528116463e-01,-9.377789958519419100e-01,-4.424528254100014713e-01,3.929544103985863068e-01
9.955704212188720703e-03,-2.586885355412960052e-02,-1.895293593406677246e-03,-4.810780286788940430e-03,-3.750380128622055054e-03,-6.077006459236145020e-03,2.793220579624176025e-01,-9.180316925048828125e-01,-4.092058837413787842e-01,4.173483848571777344e-01,2.587223593014831291e-01,-9.373109531446345288e-01,-4.424255143271203505e-01,3.930099644691249505e-01
9.959377348423004150e-03,-2.585587091743946075e-02,-1.874700188636779785e-03,-4.814766347408294678e-03,-3.746643662452697754e-03,-6.070710718631744385e-03,2.789785265922546387e-01,-9.174321293830871582e-01,-4.090447425842285156e-01,4.175693094730377197e-01,2.582463787579218351e-01,-9.368426223112907847e-01,-4.423983105073963640e-01,3.930656320063830589e-01
9.963072836399078369e-03,-2.584289759397506714e-02,-1.854047179222106934e-03,-4.818797111511230469e-03,-3.742936998605728149e-03,-6.064318120479583740e-03,2.786356806755065918e-01,-9.168326854705810547e-01,-4.088830351829528809e-01,4.177934229373931885e-01,2.577704914763787603e-01,-9.363740235777407994e-01,-4.423712139136233290e-01,3.931214127204421538e-01
9.966760873794555664e-03,-2.582992054522037506e-02,-1.833461225032806396e-03,-4.822827875614166260e-03,-3.739185631275177002e-03,-6.058000028133392334e-03,2.782912850379943848e-01,-9.162345528602600098e-01,-4.087207019329071045e-01,4.180143475532531738e-01,2.572946962107554580e-01,-9.359051771802561204e-01,-4.423442245064635459e-01,3.931773063250564304e-01
9.970359504222869873e-03,-2.581693604588508606e-02,-1.812823116779327393e-03,-4.826851189136505127e-03,-3.735445439815521240e-03,-6.051674485206604004e-03,2.779486775398254395e-01,-9.156327247619628906e-01,-4.085606336593627930e-01,4.182364940643310547e-01,2.568189917144178547e-01,-9.354361033680110848e-01,-4.423173422445718095e-01,3.932333125377101557e-01
9.974010288715362549e-03,-2.580393105745315552e-02,-1.792155206203460693e-03,-4.830904304981231689e-03,-3.731746226549148560e-03,-6.045300513505935669e-03,2.776049673557281494e-01,-9.150313735008239746e-01,-4.083994030952453613e-01,4.184606373310089111e-01,2.563433767400250529e-01,-9.349668224060888599e-01,-4.422905670847093185e-01,3.932894310796867798e-01
9.977579116821289062e-03,-2.579098008573055267e-02,-1.771509647369384766e-03,-4.834949970245361328e-03,-3.728006035089492798e-03,-6.038937717676162720e-03,2.772635221481323242e-01,-9.144299030303955078e-01,-4.082396328449249268e-01,4.186838567256927490e-01,2.558678500393216093e-01,-9.344973545778327839e-01,-4.422638989818228894e-01,3.933456616761263347e-01
9.981203824281692505e-03,-2.577799558639526367e-02,-1.750901341438293457e-03,-4.838973283767700195e-03,-3.724291920661926270e-03,-6.032582372426986694e-03,2.769210040569305420e-01,-9.138293266296386719e-01,-4.080785810947418213e-01,4.189063012599945068e-01,2.553924103629823805e-01,-9.340277201877432711e-01,-4.422373378891696905e-01,3.934020040560950449e-01
9.984757751226425171e-03,-2.576497197151184082e-02,-1.730136573314666748e-03,-4.843033850193023682e-03,-3.720536828041076660e-03,-6.026171147823333740e-03,2.765785753726959229e-01,-9.132235050201416016e-01,-4.079185128211975098e-01,4.191311597824096680e-01,2.549170564603945865e-01,-9.335579395639940214e-01,-4.422108837584193264e-01,3.934584579526413939e-01
9.988322854042053223e-03,-2.575198374688625336e-02,-1.709491014480590820e-03,-4.847109317779541016e-03,-3.716807812452316284e-03,-6.019834429025650024e-03,2.762353718280792236e-01,-9.126212000846862793e-01,-4.077584743499755859e-01,4.193539321422576904e-01,2.544417870795055436e-01,-9.330880330612182361e-01,-4.421845365397332195e-01,3.935150231028675671e-01
9.991820901632308960e-03,-2.573902904987335205e-02,-1.688748598098754883e-03,-4.851154983043670654e-03,-3.713101148605346680e-03,-6.013423204421997070e-03,2.758961617946624756e-01,-9.120159149169921875e-01,-4.076011180877685547e-01,4.195805490016937256e-01,2.539666009666184388e-01,-9.326180210631349610e-01,-4.421582961818892876e-01,3.935716992479843523e-01
9.995378553867340088e-03,-2.572605013847351074e-02,-1.668073236942291260e-03,-4.855237901210784912e-03,-3.709364682435989380e-03,-6.007082760334014893e-03,2.755531668663024902e-01,-9.114131331443786621e-01,-4.074416160583496094e-01,4.198040068149566650e-01,2.534914968662070889e-01,-9.321479239851709897e-01,-4.421321626323953535e-01,3.936284861333821938e-01
9.998857975006103516e-03,-2.571304701268672943e-02,-1.647308468818664551e-03,-4.859283566474914551e-03,-3.705624490976333618e-03,-6.000678986310958862e-03,2.752127945423126221e-01,-9.108058214187622070e-01,-4.072835743427276611e-01,4.200294017791748047e-01,2.530164735207459659e-01,-9.316777622773062539e-01,-4.421061358375573125e-01,3.936853835086863151e-01
1.000234484672546387e-02,-2.570006437599658966e-02,-1.626566052436828613e-03,-4.863411188125610352e-03,-3.701917827129364014e-03,-5.994290113449096680e-03,2.748707532882690430e-01,-9.102003574371337891e-01,-4.071254134178161621e-01,4.202555716037750244e-01,2.525415296705065260e-01,-9.312075564264220562e-01,-4.420802157426150791e-01,3.937423911278286615e-01
1.000580191612243652e-02,-2.568701654672622681e-02,-1.605883240699768066e-03,-4.867456853389739990e-03,-3.698233515024185181e-03,-5.987882614135742188e-03,2.745298743247985840e-01,-9.095928072929382324e-01,-4.069663286209106445e-01,4.204798638820648193e-01,2.520668879451161137e-01,-9.307333887230581082e-01,-4.420544143455182873e-01,3.937994475388003068e-01
1.000920310616493225e-02,-2.567391097545623779e-02,-1.585125923156738281e-03,-4.871487617492675781e-03,-3.694586455821990967e-03,-5.981519818305969238e-03,2.741887271404266357e-01,-9.089802503585815430e-01,-4.068095684051513672e-01,4.207053184509277344e-01,2.515924045604523984e-01,-9.302577871152557520e-01,-4.420287239165771598e-01,3.938565914692740977e-01
1.001252606511116028e-02,-2.566082403063774109e-02,-1.564353704452514648e-03,-4.875548183917999268e-03,-3.690965473651885986e-03,-5.975116044282913208e-03,2.738493084907531738e-01,-9.083663225173950195e-01,-4.066539704799652100e-01,4.209325015544891357e-01,2.511180184669201121e-01,-9.297818238929088652e-01,-4.420031411798586718e-01,3.939138390307556081e-01
1.001594215631484985e-02,-2.564774453639984131e-02,-1.543603837490081787e-03,-4.879593849182128906e-03,-3.687307238578796387e-03,-5.968727171421051025e-03,2.735084891319274902e-01,-9.077553153038024902e-01,-4.064966142177581787e-01,4.211581945419311523e-01,2.506437291771323461e-01,-9.293055060066751638e-01,-4.419776661194757539e-01,3.939711897811172259e-01
1.001924276351928711e-02,-2.563461288809776306e-02,-1.522809267044067383e-03,-4.883639514446258545e-03,-3.683656454086303711e-03,-5.962271243333816528e-03,2.731691598892211914e-01,-9.071394801139831543e-01,-4.063398540019989014e-01,4.213848710060119629e-01,2.501695362161963643e-01,-9.288288401858508792e-01,-4.419522987197567199e-01,3.940286432785922721e-01
1.002258062362670898e-02,-2.562152035534381866e-02,-1.502037048339843750e-03,-4.887707531452178955e-03,-3.680042922496795654e-03,-5.955878645181655884e-03,2.728291153907775879e-01,-9.065258502960205078e-01,-4.061842262744903564e-01,4.216120541095733643e-01,2.496954391216664459e-01,-9.283518329390264556e-01,-4.419270389654721964e-01,3.940861990818007587e-01
1.002585142850875854e-02,-2.560840174555778503e-02,-1.481264829635620117e-03,-4.891745746135711670e-03,-3.676395863294601440e-03,-5.949456244707107544e-03,2.724903821945190430e-01,-9.059098362922668457e-01,-4.060284197330474854e-01,4.218381643295288086e-01,2.492214374434976176e-01,-9.278744905540877719e-01,-4.419018868418690404e-01,3.941438567497698164e-01
1.002914458513259888e-02,-2.559529244899749756e-02,-1.460418105125427246e-03,-4.895828664302825928e-03,-3.672789782285690308e-03,-5.943000316619873047e-03,2.721513807773590088e-01,-9.052933454513549805e-01,-4.058732688426971436e-01,4.220674932003021240e-01,2.487475307439923622e-01,-9.273968190986526805e-01,-4.418768423347950725e-01,3.942016158419690552e-01
1.003238931298255920e-02,-2.558219805359840393e-02,-1.439630985260009766e-03,-4.899896681308746338e-03,-3.669168800115585327e-03,-5.936611443758010864e-03,2.718126475811004639e-01,-9.046770930290222168e-01,-4.057191908359527588e-01,4.222947359085083008e-01,2.482737185977565431e-01,-9.269188244206172378e-01,-4.418519054308466254e-01,3.942594759183213893e-01
1.003564149141311646e-02,-2.556906268000602722e-02,-1.418806612491607666e-03,-4.903964698314666748e-03,-3.665536642074584961e-03,-5.930185317993164062e-03,2.714732885360717773e-01,-9.040593504905700684e-01,-4.055640697479248047e-01,4.225221574306488037e-01,2.478000005916606852e-01,-9.264405121479932781e-01,-4.418270761174252215e-01,3.943174365392461134e-01
1.003886759281158447e-02,-2.555594220757484436e-02,-1.397937536239624023e-03,-4.908047616481781006e-03,-3.661949187517166138e-03,-5.923740565776824951e-03,2.711351513862609863e-01,-9.034403562545776367e-01,-4.054106175899505615e-01,4.227522015571594238e-01,2.473263763247814384e-01,-9.259618876895626682e-01,-4.418023543828847322e-01,3.943754972656710600e-01
1.004206389188766479e-02,-2.554280497133731842e-02,-1.377142965793609619e-03,-4.912108182907104492e-03,-3.658324480056762695e-03,-5.917310714721679688e-03,2.707968056201934814e-01,-9.028217792510986328e-01,-4.052559137344360352e-01,4.229791462421417236e-01,2.468528454083613044e-01,-9.254829562351520877e-01,-4.417777402166337963e-01,3.944336576590681265e-01
1.004522666335105896e-02,-2.552965655922889709e-02,-1.356296241283416748e-03,-4.916183650493621826e-03,-3.654729574918746948e-03,-5.910858511924743652e-03,2.704592049121856689e-01,-9.022011756896972656e-01,-4.051024019718170166e-01,4.232080578804016113e-01,2.463794074657561783e-01,-9.250037227558506325e-01,-4.417532336092603318e-01,3.944919172814691510e-01
1.004838570952415466e-02,-2.551651746034622192e-02,-1.335412263870239258e-03,-4.920281469821929932e-03,-3.651127219200134277e-03,-5.904424935579299927e-03,2.701209783554077148e-01,-9.015799164772033691e-01,-4.049496054649353027e-01,4.234376251697540283e-01,2.459060621324032636e-01,-9.245241920043931749e-01,-4.417288345525996474e-01,3.945502756955041046e-01
1.005153730511665344e-02,-2.550336159765720367e-02,-1.314550638198852539e-03,-4.924364387989044189e-03,-3.647562116384506226e-03,-5.897983908653259277e-03,2.697831988334655762e-01,-9.009582400321960449e-01,-4.047968089580535889e-01,4.236673116683959961e-01,2.454328090557498232e-01,-9.240443685153788556e-01,-4.417045430398818806e-01,3.946087324644118599e-01
1.005465164780616760e-02,-2.549023739993572235e-02,-1.293644309043884277e-03,-4.928439855575561523e-03,-3.643941134214401245e-03,-5.891531705856323242e-03,2.694468200206756592e-01,-9.003357291221618652e-01,-4.046450853347778320e-01,4.238973259925842285e-01,2.449596478952276168e-01,-9.235642566057631342e-01,-4.416803590658453516e-01,3.946672871520811032e-01
1.005778461694717407e-02,-2.547708712518215179e-02,-1.272760331630706787e-03,-4.932552576065063477e-03,-3.640379756689071655e-03,-5.885053426027297974e-03,2.691093087196350098e-01,-8.997137546539306641e-01,-4.044922590255737305e-01,4.241281151771545410e-01,2.444865783221985001e-01,-9.230838603749669247e-01,-4.416562826268158881e-01,3.947259393230636015e-01
1.006085425615310669e-02,-2.546394988894462585e-02,-1.251883804798126221e-03,-4.936650395393371582e-03,-3.636784851551055908e-03,-5.878631025552749634e-03,2.687724828720092773e-01,-8.990905880928039551e-01,-4.043410420417785645e-01,4.243575930595397949e-01,2.440136000199094324e-01,-9.226031837052599549e-01,-4.416323137208657545e-01,3.947846885426079533e-01
1.006389781832695007e-02,-2.545076608657836914e-02,-1.230970025062561035e-03,-4.940770566463470459e-03,-3.633219748735427856e-03,-5.872171372175216675e-03,2.684351801872253418e-01,-8.984649777412414551e-01,-4.041896164417266846e-01,4.245883226394653320e-01,2.435407126834374936e-01,-9.221222302621422395e-01,-4.416084523478703283e-01,3.948435343766858452e-01
1.006696373224258423e-02,-2.543762139976024628e-02,-1.210093498229980469e-03,-4.944853484630584717e-03,-3.629658371210098267e-03,-5.865707993507385254e-03,2.680994272232055664e-01,-8.978412747383117676e-01,-4.040383398532867432e-01,4.248189032077789307e-01,2.430679160196550503e-01,-9.216410034945643481e-01,-4.415846985096437138e-01,3.949024763920087056e-01
1.006998121738433838e-02,-2.542446181178092957e-02,-1.189149916172027588e-03,-4.948966205120086670e-03,-3.626104444265365601e-03,-5.859237164258956909e-03,2.677635848522186279e-01,-8.972148895263671875e-01,-4.038882851600646973e-01,4.250508844852447510e-01,2.425952097471754942e-01,-9.211595066353085448e-01,-4.415610522100757440e-01,3.949615141560642306e-01
1.007297635078430176e-02,-2.541129849851131439e-02,-1.168221235275268555e-03,-4.953116178512573242e-03,-3.622520714998245239e-03,-5.852784961462020874e-03,2.674265801906585693e-01,-8.965886831283569336e-01,-4.037377834320068359e-01,4.252818524837493896e-01,2.421225935963090548e-01,-9.206777427011536563e-01,-4.415375134551990377e-01,3.950206472371347033e-01
1.007598638534545898e-02,-2.539811283349990845e-02,-1.147307455539703369e-03,-4.957184195518493652e-03,-3.618989139795303345e-03,-5.846336483955383301e-03,2.670911252498626709e-01,-8.959614038467407227e-01,-4.035879373550415039e-01,4.255130589008331299e-01,2.416500673090155316e-01,-9.201957144934769239e-01,-4.415140822533031306e-01,3.950798752043284123e-01
1.007893681526184082e-02,-2.538494765758514404e-02,-1.126341521739959717e-03,-4.961319267749786377e-03,-3.615427762269973755e-03,-5.839817225933074951e-03,2.667563557624816895e-01,-8.953332901000976562e-01,-4.034381508827209473e-01,4.257458150386810303e-01,2.411776306388555835e-01,-9.197134245981432032e-01,-4.414907586151041174e-01,3.951391976275994145e-01
1.008189842104911804e-02,-2.537178806960582733e-02,-1.105450093746185303e-03,-4.965446889400482178e-03,-3.611885011196136475e-03,-5.833394825458526611e-03,2.664202749729156494e-01,-8.947066664695739746e-01,-4.032888412475585938e-01,4.259766638278961182e-01,2.407052833509475409e-01,-9.192308753862716841e-01,-4.414675425537675779e-01,3.951986140777807299e-01
1.008480042219161987e-02,-2.535861544311046600e-02,-1.084454357624053955e-03,-4.969589412212371826e-03,-3.608368337154388428e-03,-5.826879292726516724e-03,2.660863399505615234e-01,-8.940762877464294434e-01,-4.031407833099365234e-01,4.262110292911529541e-01,2.402330252219191387e-01,-9.187480690141258677e-01,-4.414444340850785520e-01,3.952581241265992196e-01
1.008775085210800171e-02,-2.534542605280876160e-02,-1.063488423824310303e-03,-4.973702132701873779e-03,-3.604833036661148071e-03,-5.820430815219879150e-03,2.657507061958312988e-01,-8.934468030929565430e-01,-4.029921591281890869e-01,4.264433383941650391e-01,2.397608560398593325e-01,-9.182650074237150850e-01,-4.414214332275437358e-01,3.953177273467181618e-01
1.009059697389602661e-02,-2.533223479986190796e-02,-1.042500138282775879e-03,-4.977844655513763428e-03,-3.601305186748504639e-03,-5.813941359519958496e-03,2.654166817665100098e-01,-8.928147554397583008e-01,-4.028446376323699951e-01,4.266767501831054688e-01,2.392887756042746117e-01,-9.177816923430135443e-01,-4.413985400024932337e-01,3.953774233117417491e-01
1.009353250265121460e-02,-2.531906031072139740e-02,-1.021564006805419922e-03,-4.981987178325653076e-03,-3.597788512706756592e-03,-5.807481706142425537e-03,2.650811076164245605e-01,-8.921863436698913574e-01,-4.026958942413330078e-01,4.269093275070190430e-01,2.388167837260354587e-01,-9.172981252861784895e-01,-4.413757544341944117e-01,3.954372115962593859e-01
1.009632647037506104e-02,-2.530587464570999146e-02,-1.000531017780303955e-03,-4.986129701137542725e-03,-3.594271838665008545e-03,-5.800969898700714111e-03,2.647484838962554932e-01,-8.915522098541259766e-01,-4.025497734546661377e-01,4.271442592144012451e-01,2.383448802273421263e-01,-9.168143075539872955e-01,-4.413530765499535380e-01,3.954970917758638405e-01
1.009920239448547363e-02,-2.529266849160194397e-02,-9.795874357223510742e-04,-4.990279674530029297e-03,-3.590758889913558960e-03,-5.794540047645568848e-03,2.644125223159790039e-01,-8.909212946891784668e-01,-4.024019539356231689e-01,4.273763000965118408e-01,2.378730649416649356e-01,-9.163302402340575137e-01,-4.413305063802295258e-01,3.955570634271737274e-01
1.010199636220932007e-02,-2.527947723865509033e-02,-9.585544466972351074e-04,-4.994407296180725098e-03,-3.587272018194198608e-03,-5.788020789623260498e-03,2.640805244445800781e-01,-8.902867436408996582e-01,-4.022562205791473389e-01,4.276119172573089600e-01,2.374013377137005887e-01,-9.158459242012828572e-01,-4.413080439587809822e-01,3.956171261278667028e-01
1.010480523109436035e-02,-2.526626922190189362e-02,-9.375587105751037598e-04,-4.998587071895599365e-03,-3.583762794733047485e-03,-5.781561136245727539e-03,2.637454569339752197e-01,-8.896534442901611328e-01,-4.021094441413879395e-01,4.278454482555389404e-01,2.369296983993382510e-01,-9.153613601178887116e-01,-4.412856893227119492e-01,3.956772794566966178e-01
1.010759547352790833e-02,-2.525309100747108459e-02,-9.165480732917785645e-04,-5.002751946449279785e-03,-3.580272197723388672e-03,-5.775038152933120728e-03,2.634128928184509277e-01,-8.890199661254882812e-01,-4.019632637500762939e-01,4.280808568000793457e-01,2.364581468655898022e-01,-9.148765484340869447e-01,-4.412634425126303328e-01,3.957375229935313210e-01
1.011034846305847168e-02,-2.523987554013729095e-02,-8.955597877502441406e-04,-5.006887018680572510e-03,-3.576785326004028320e-03,-5.768612027168273926e-03,2.630792856216430664e-01,-8.883845210075378418e-01,-4.018183946609497070e-01,4.283142089843750000e-01,2.359866829905635233e-01,-9.143914893879137029e-01,-4.412413035727502653e-01,3.957978563193653709e-01
1.011305302381515503e-02,-2.522664330899715424e-02,-8.744746446609497070e-04,-5.011048167943954468e-03,-3.573294728994369507e-03,-5.762085318565368652e-03,2.627469897270202637e-01,-8.877462148666381836e-01,-4.016736447811126709e-01,4.285503327846527100e-01,2.355153066634083359e-01,-9.139061830060483116e-01,-4.412192725509938018e-01,3.958582790163520104e-01
1.011582463979721069e-02,-2.521346695721149445e-02,-8.534863591194152832e-04,-5.015239119529724121e-03,-3.569826483726501465e-03,-5.755610764026641846e-03,2.624135315418243408e-01,-8.871128559112548828e-01,-4.015281796455383301e-01,4.287854135036468506e-01,2.350440177842646472e-01,-9.134206291038134973e-01,-4.411973494990934497e-01,3.959187906678317548e-01
1.011848449707031250e-02,-2.520024217665195465e-02,-8.324533700942993164e-04,-5.019407719373703003e-03,-3.566350787878036499e-03,-5.749102681875228882e-03,2.620816528797149658e-01,-8.864744901657104492e-01,-4.013838469982147217e-01,4.290207624435424805e-01,2.345728162642269077e-01,-9.129348272855031254e-01,-4.411755344727390504e-01,3.959793908583544852e-01
1.012119650840759277e-02,-2.518703229725360870e-02,-8.113980293273925781e-04,-5.023583769798278809e-03,-3.562904894351959229e-03,-5.742624402046203613e-03,2.617490291595458984e-01,-8.858371973037719727e-01,-4.012401401996612549e-01,4.292572736740112305e-01,2.341017020252850189e-01,-9.124487769447655605e-01,-4.411538275316462254e-01,3.960400791737029302e-01
1.012383401393890381e-02,-2.517381682991981506e-02,-7.903650403022766113e-04,-5.027752369642257690e-03,-3.559447824954986572e-03,-5.736097693443298340e-03,2.614180743694305420e-01,-8.851985931396484375e-01,-4.010962843894958496e-01,4.294934272766113281e-01,2.336306750002906107e-01,-9.119624772648220468e-01,-4.411322287396923780e-01,3.961008552009231964e-01
1.012649759650230408e-02,-2.516058646142482758e-02,-7.692947983741760254e-04,-5.031950771808624268e-03,-3.556024283170700073e-03,-5.729641765356063843e-03,2.610851526260375977e-01,-8.845591545104980469e-01,-4.009536802768707275e-01,4.297303259372711182e-01,2.331597351328973666e-01,-9.114759272189036921e-01,-4.411107381650185011e-01,3.961617185283513587e-01
1.012912392616271973e-02,-2.514735795557498932e-02,-7.482618093490600586e-04,-5.036108195781707764e-03,-3.552563488483428955e-03,-5.723133683204650879e-03,2.607539892196655273e-01,-8.839198350906372070e-01,-4.008100926876068115e-01,4.299659430980682373e-01,2.326888823775262183e-01,-9.109891255703612689e-01,-4.410893558801430303e-01,3.962226687456326113e-01
1.013172790408134460e-02,-2.515042573213577271e-02,-7.556304335594177246e-04,-5.039852112531661987e-03,-3.550570458173751831e-03,-5.726050585508346558e-03,2.606213688850402832e-01,-8.842682838439941406e-01,-4.006932675838470459e-01,4.297913610935211182e-01,2.326888822268675383e-01,-9.109891254145501271e-01,-4.410893558733164355e-01,3.962226687651501655e-01
1.013023778796195984e-02,-2.515008300542831421e-02,-7.550343871116638184e-04,-5.038406699895858765e-03,-3.551516681909561157e-03,-5.724769085645675659e-03,2.606979012489318848e-01,-8.841933608055114746e-01,-4.007259309291839600e-01,4.298288226127624512e-01,2.326888822268675383e-01,-9.109891254145501271e-01,-4.410893558733164355e-01,3.962226687651501655e-01
1.010337471961975098e-02,-2.401389181613922119e-02,-2.507410943508148193e-03,-4.772465676069259644e-03,-5.364179611206054688e-03,-7.219448685646057129e-03,2.274546623229980469e-01,-8.737545013427734375e-01,-4.028402566909790039e-01,4.040672183036804199e-01,2.351053576927980837e-01,-8.566822251753379858e-01,-4.513121176984510319e-01,3.962622003468792009e-01
9.122807532548904419e-03,-2.277177013456821442e-02,-2.755403518676757812e-03,-3.717534244060516357e-03,-6.498191505670547485e-03,-7.262922823429107666e-03,2.453470081090927124e-01,-8.055444359779357910e-01,-4.168456792831420898e-01,4.031682908535003662e-01,2.374134342262192443e-01,-8.041251590425025908e-01,-4.580841510700073838e-01,3.962684090818122673e-01
8.716896176338195801e-03,-2.161788754165172577e-02,-2.993136644363403320e-03,-3.154866397380828857e-03,-7.417406886816024780e-03,-7.668234407901763916e-03,2.378675341606140137e-01,-7.585095167160034180e-01,-4.218927323818206787e-01,3.969654440879821777e-01,2.396248177695601000e-01,-7.532158581605546965e-01,-4.624428731327744901e-01,3.962520153202035988e-01
8.137866854667663574e-03,-2.055358514189720154e-02,-3.002367913722991943e-03,-2.552323043346405029e-03,-8.115015923976898193e-03,-7.711458951234817505e-03,2.403850257396697998e-01,-7.069435119628906250e-01,-4.265697002410888672e-01,3.948131203651428223e-01,2.417484062369786024e-01,-7.038702966253054250e-01,-4.651307646506751547e-01,3.962206822179203392e-01
7.678233087062835693e-03,-1.955329626798629761e-02,-2.983652055263519287e-03,-2.049949020147323608e-03,-8.700549602508544922e-03,-7.783770561218261719e-03,2.390130609273910522e-01,-6.609364151954650879e-01,-4.290159940719604492e-01,3.915947377681732178e-01,2.437926710632841720e-01,-6.560020120644745045e-01,-4.668071578297285362e-01,3.961812043738250910e-01
7.191106677055358887e-03,-1.859837397933006287e-02,-2.867378294467926025e-03,-1.560434699058532715e-03,-9.189009666442871094e-03,-7.752936333417892456e-03,2.398798018693923950e-01,-6.144175529479980469e-01,-4.312133193016052246e-01,3.897940218448638916e-01,2.457626906534461919e-01,-6.095499543431157630e-01,-4.678043998263113346e-01,3.961369915323597057e-01
6.737679243087768555e-03,-1.768877729773521423e-02,-2.710223197937011719e-03,-1.113492995500564575e-03,-9.602088481187820435e-03,-7.700726389884948730e-03,2.401503920555114746e-01,-5.699756741523742676e-01,-4.326159060001373291e-01,3.880761265754699707e-01,2.476617572873588413e-01,-5.644681072927336674e-01,-4.682938371539704936e-01,3.960897885773531635e-01
6.290260702371597290e-03,-1.681755296885967255e-02,-2.513173967599868774e-03,-6.900541484355926514e-04,-9.957272559404373169e-03,-7.614549249410629272e-03,2.408517003059387207e-01,-5.265209078788757324e-01,-4.337293803691864014e-01,3.867886066436767578e-01,2.494937487993994785e-01,-5.206988927980454873e-01,-4.684530662243979737e-01,3.960413947152465197e-01
5.856901407241821289e-03,-1.598240435123443604e-02,-2.289686352014541626e-03,-2.909973263740539551e-04,-1.026421785354614258e-02,-7.510840892791748047e-03,2.415805906057357788e-01,-4.843692481517791748e-01,-4.345548152923583984e-01,3.856957256793975830e-01,2.512605969120781935e-01,-4.782135170765567378e-01,-4.683692649167513489e-01,3.959926926317918205e-01
5.433641374111175537e-03,-1.518004108220338821e-02,-2.045672386884689331e-03,8.782371878623962402e-05,-1.053193584084510803e-02,-7.393062114715576172e-03,2.424193471670150757e-01,-4.433569312095642090e-01,-4.352155923843383789e-01,3.847934007644653320e-01,2.529648761685331371e-01,-4.369685164888138518e-01,-4.681236867225873066e-01,3.959444893973071977e-01
5.020599812269210815e-03,-1.440867781639099121e-02,-1.785729080438613892e-03,4.481896758079528809e-04,-1.076561957597732544e-02,-7.265247404575347900e-03,2.433337569236755371e-01,-4.034750759601593018e-01,-4.357548952102661133e-01,3.840391635894775391e-01,2.546082605306543845e-01,-3.969342994341518160e-01,-4.677595884486938638e-01,3.958972085278322783e-01
4.617705941200256348e-03,-1.366652548313140869e-02,-1.514654606580734253e-03,7.914025336503982544e-04,-1.097049564123153687e-02,-7.131204009056091309e-03,2.442838251590728760e-01,-3.647204339504241943e-01,-4.362081885337829590e-01,3.833903372287750244e-01,2.561924746569670952e-01,-3.580800727662000749e-01,-4.673192649108342533e-01,3.958512622581617513e-01
4.225220531225204468e-03,-1.295159477740526199e-02,-1.237399876117706299e-03,1.119034364819526672e-03,-1.115169376134872437e-02,-6.995115429162979126e-03,2.452196776866912842e-01,-3.270919620990753174e-01,-4.366064667701721191e-01,3.827912211418151855e-01,2.577201585441443732e-01,-3.203554438254526127e-01,-4.668452809285508764e-01,3.958070465219494793e-01
3.842957317829132080e-03,-1.226207613945007324e-02,-9.572803974151611328e-04,1.432882621884346008e-03,-1.131352782249450684e-02,-6.859622895717620850e-03,2.461288422346115112e-01,-2.905547022819519043e-01,-4.369839727878570557e-01,3.822176754474639893e-01,2.591931263014701781e-01,-2.837265849629634906e-01,-4.663719312316812471e-01,3.957648868174045154e-01
3.468010574579238892e-03,-1.159706711769104004e-02,-6.700903177261352539e-04,1.734701916575431824e-03,-1.145491749048233032e-02,-6.720334291458129883e-03,2.471435815095901489e-01,-2.549288868904113770e-01,-4.373681545257568359e-01,3.817541599273681641e-01,2.606124228586209624e-01,-2.481678944796323616e-01,-4.658758534141378971e-01,3.957245130888271123e-01
3.103930503129959106e-03,-1.095569506287574768e-02,-3.823190927505493164e-04,2.022875472903251648e-03,-1.157945394515991211e-02,-6.583295762538909912e-03,2.480710297822952271e-01,-2.203926295042037964e-01,-4.377137124538421631e-01,3.812851309776306152e-01,2.619799781982768416e-01,-2.136424587326968827e-01,-4.653872291439681286e-01,3.956862047731095622e-01
2.747811377048492432e-03,-1.033683586865663528e-02,-9.199976921081542969e-05,2.299880608916282654e-03,-1.168800517916679382e-02,-6.445728242397308350e-03,2.490406632423400879e-01,-1.867825388908386230e-01,-4.380675256252288818e-01,3.808736503124237061e-01,2.632970406130377139e-01,-1.801233773987480635e-01,-4.649029183389267184e-01,3.956499004753135651e-01
2.400685101747512817e-03,-9.739836677908897400e-03,1.995973289012908936e-04,2.565264701843261719e-03,-1.178144291043281555e-02,-6.308846175670623779e-03,2.499954551458358765e-01,-1.541302204132080078e-01,-4.384078979492187500e-01,3.804939389228820801e-01,2.645649397056906160e-01,-1.475824633174893374e-01,-4.644232573935367925e-01,3.956155742693444610e-01
2.062417566776275635e-03,-9.163750335574150085e-03,4.911422729492187500e-04,2.819556742906570435e-03,-1.186138018965721130e-02,-6.173379719257354736e-03,2.509254515171051025e-01,-1.224191337823867798e-01,-4.387366175651550293e-01,3.801335692405700684e-01,2.657852028202520867e-01,-1.159883832617017579e-01,-4.639567749264531527e-01,3.955832836939202068e-01
1.731768250465393066e-03,-8.607971481978893280e-03,7.840916514396667480e-04,3.063559532165527344e-03,-1.192772760987281799e-02,-6.037596613168716431e-03,2.518829405307769775e-01,-9.157112240791320801e-02,-4.390639364719390869e-01,3.798253536224365234e-01,2.669589206369588075e-01,-8.531642340213631270e-02,-4.634916479463390138e-01,3.955528777998384982e-01
1.409810036420822144e-03,-8.071810938417911530e-03,1.076571643352508545e-03,3.296842798590660095e-03,-1.198168471455574036e-02,-5.903091281652450562e-03,2.528052926063537598e-01,-6.162714585661888123e-02,-4.393679201602935791e-01,3.795343339443206787e-01,2.680875540683899105e-01,-5.553631189801643692e-02,-4.630338268863782858e-01,3.955243879349139013e-01
1.095607876777648926e-03,-7.554579991847276688e-03,1.368857920169830322e-03,3.520226106047630310e-03,-1.202397421002388000e-02,-5.769107490777969360e-03,2.537273168563842773e-01,-3.253084421157836914e-02,-4.396603107452392578e-01,3.792773783206939697e-01,2.691721981838576250e-01,-2.662482871410762342e-02,-4.625818147344548104e-01,3.954977714595367955e-01
7.892809808254241943e-04,-7.055729627609252930e-03,1.660503447055816650e-03,3.733834251761436462e-03,-1.205513253808021545e-02,-5.635932087898254395e-03,2.546355426311492920e-01,-4.275422543287277222e-03,-4.399348795413970947e-01,3.790464997291564941e-01,2.702139625585113780e-01,1.441561068625762899e-03,-4.621342350787034370e-01,3.954729868320497332e-01
4.906132817268371582e-04,-6.574558094143867493e-03,1.951180398464202881e-03,3.937972709536552429e-03,-1.207595318555831909e-02,-5.503550171852111816e-03,2.555292844772338867e-01,2.316289395093917847e-02,-4.401901662349700928e-01,3.788420855998992920e-01,2.712141135602146313e-01,2.868965790782701183e-02,-4.616913835730292459e-01,3.954500082278473716e-01
1.995787024497985840e-04,-6.110558286309242249e-03,2.240344882011413574e-03,4.132920876145362854e-03,-1.208714023232460022e-02,-5.372304469347000122e-03,2.564022243022918701e-01,4.979434236884117126e-02,-4.404261410236358643e-01,3.786576092243194580e-01,2.721735056716426682e-01,5.513683509514304831e-02,-4.612544559294036728e-01,3.954288235102241256e-01
-8.406862616539001465e-05,-5.663083866238594055e-03,2.527918666601181030e-03,4.319040104746818542e-03,-1.208937913179397583e-02,-5.242042243480682373e-03,2.572584748268127441e-01,7.564705610275268555e-02,-4.406436681747436523e-01,3.784982860088348389e-01,2.730933567538096907e-01,8.080894158079116041e-02,-4.608229624164987825e-01,3.954093992030613958e-01
-3.604553639888763428e-04,-5.231535993516445160e-03,2.813514322042465210e-03,4.496639594435691833e-03,-1.208315789699554443e-02,-5.112897604703903198e-03,2.580937743186950684e-01,1.007374227046966553e-01,-4.408388733863830566e-01,3.783559799194335938e-01,2.739747763868374264e-01,1.057293085733485155e-01,-4.603969146191321804e-01,3.953917081774105391e-01
-6.297901272773742676e-04,-4.815346561372280121e-03,3.097005188465118408e-03,4.665998741984367371e-03,-1.206913590431213379e-02,-4.984926432371139526e-03,2.589082717895507812e-01,1.250895112752914429e-01,-4.410150945186614990e-01,3.782339096069335938e-01,2.748188740074348768e-01,1.299212696294950453e-01,-4.599763241221214161e-01,3.953757233043189157e-01
-8.921846747398376465e-04,-4.413931630551815033e-03,3.378111869096755981e-03,4.827426746487617493e-03,-1.204783841967582703e-02,-4.858218133449554443e-03,2.596989870071411133e-01,1.487215906381607056e-01,-4.411700367927551270e-01,3.781279027462005615e-01,2.756267228464437391e-01,1.534073505444676633e-01,-4.595612319300602655e-01,3.953614181801214378e-01
-1.147679984569549561e-03,-4.026968032121658325e-03,3.656517714262008667e-03,4.981139674782752991e-03,-1.201988756656646729e-02,-4.732888191938400269e-03,2.604660987854003906e-01,1.716426610946655273e-01,-4.413057863712310791e-01,3.780394196510314941e-01,2.763988421374887761e-01,1.761976411454765912e-01,-4.591521308100029453e-01,3.953487775383929814e-01
-1.396518200635910034e-03,-3.653776831924915314e-03,3.932103514671325684e-03,5.127498880028724670e-03,-1.198568195104598999e-02,-4.608903080224990845e-03,2.612089812755584717e-01,1.938793063163757324e-01,-4.414196610450744629e-01,3.779641687870025635e-01,2.771365781973617048e-01,1.983208091302643694e-01,-4.587488388296925290e-01,3.953377694794321662e-01
-1.638904213905334473e-03,-3.293826244771480560e-03,4.204791039228439331e-03,5.266765132546424866e-03,-1.194573566317558289e-02,-4.486333578824996948e-03,2.619268298149108887e-01,2.154545038938522339e-01,-4.415142238140106201e-01,3.779032230377197266e-01,2.778409663528426665e-01,2.197985430483277158e-01,-4.583514276170743695e-01,3.953283683545257277e-01
-1.874968409538269043e-03,-2.946604043245315552e-03,4.474412649869918823e-03,5.399240180850028992e-03,-1.190049573779106140e-02,-4.365250468254089355e-03,2.626186609268188477e-01,2.363871037960052490e-01,-4.415893256664276123e-01,3.778542578220367432e-01,2.785130418217686143e-01,2.406525332220214031e-01,-4.579599688000940416e-01,3.953205485149584586e-01
-2.104911953210830688e-03,-2.611597068607807159e-03,4.740908741950988770e-03,5.525203421711921692e-03,-1.185039430856704712e-02,-4.245646297931671143e-03,2.632851004600524902e-01,2.566993534564971924e-01,-4.416459202766418457e-01,3.778177201747894287e-01,2.791538106725674484e-01,2.609038241542604997e-01,-4.575745326949771652e-01,3.953142846365610419e-01
-2.328559756278991699e-03,-2.288779243826866150e-03,5.003783851861953735e-03,5.644710734486579895e-03,-1.179594174027442932e-02,-4.127729684114456177e-03,2.639235854148864746e-01,2.763816714286804199e-01,-4.416838884353637695e-01,3.777928054332733154e-01,2.797629928245259356e-01,2.805447935685739802e-01,-4.571951315403015581e-01,3.953095657647593963e-01
-2.546299248933792114e-03,-1.977441832423210144e-03,5.263190716505050659e-03,5.758194252848625183e-03,-1.173736900091171265e-02,-4.011418670415878296e-03,2.645369470119476318e-01,2.954704463481903076e-01,-4.417041242122650146e-01,3.777767717838287354e-01,2.803422315121122388e-01,2.996106963720399086e-01,-4.568218644344754775e-01,3.953063594540845993e-01
-2.758260816335678101e-03,-1.677106134593486786e-03,5.519066005945205688e-03,5.865832790732383728e-03,-1.167513802647590637e-02,-3.896687179803848267e-03,2.651236057281494141e-01,3.139841854572296143e-01,-4.417062997817993164e-01,3.777717351913452148e-01,2.808924404548510667e-01,3.181205288340207549e-01,-4.564547975354453224e-01,3.953046414092136751e-01
-2.964559942483901978e-03,-1.387364231050014496e-03,5.771279335021972656e-03,5.967933684587478638e-03,-1.160949096083641052e-02,-3.783695399761199951e-03,2.656821906566619873e-01,3.319387435913085938e-01,-4.416911602020263672e-01,3.777720034122467041e-01,2.814145332909567254e-01,3.360932885324749431e-01,-4.560939970011568811e-01,3.953043873348233705e-01
-3.165476024150848389e-03,-1.107712276279926300e-03,6.019916385412216187e-03,6.064711138606071472e-03,-1.154085621237754822e-02,-3.672335296869277954e-03,2.662150561809539795e-01,3.493601679801940918e-01,-4.416611790657043457e-01,3.777821063995361328e-01,2.819094235821693051e-01,3.535479742709665141e-01,-4.557395289895567747e-01,3.953055729355856029e-01
-3.360785543918609619e-03,-8.383216336369514465e-04,6.264571100473403931e-03,6.156211718916893005e-03,-1.146958768367767334e-02,-3.562789410352706909e-03,2.667228281497955322e-01,3.662334680557250977e-01,-4.416179358959197998e-01,3.778029978275299072e-01,2.823766139391218344e-01,3.704725053536750967e-01,-4.553904105266064484e-01,3.953081805384154324e-01
-3.550846129655838013e-03,-5.784956738352775574e-04,6.505370140075683594e-03,6.242746487259864807e-03,-1.139580085873603821e-02,-3.454864025115966797e-03,2.672059535980224609e-01,3.825908601284027100e-01,-4.415571689605712891e-01,3.778300583362579346e-01,2.828176286713445231e-01,3.868993402228012024e-01,-4.550471620268897732e-01,3.953121829806686138e-01
-3.735754638910293579e-03,-3.278730437159538269e-04,6.742291152477264404e-03,6.324529647827148438e-03,-1.131982728838920593e-02,-3.348775207996368408e-03,2.676616311073303223e-01,3.984487354755401611e-01,-4.414831995964050293e-01,3.778625130653381348e-01,2.832332726654676058e-01,4.028450914132464256e-01,-4.547097689894555872e-01,3.953175564761476912e-01
-3.915686160326004028e-03,-8.607655763626098633e-05,6.975408643484115601e-03,6.401782855391502380e-03,-1.124196499586105347e-02,-3.244362771511077881e-03,2.680936455726623535e-01,4.138261973857879639e-01,-4.413965344429016113e-01,3.779041767120361328e-01,2.836243299550904040e-01,4.183259143642948930e-01,-4.543782014519569534e-01,3.953242773362515283e-01
-4.090771079063415527e-03,1.472784206271171570e-04,7.204614579677581787e-03,6.474701687693595886e-03,-1.116233691573143005e-02,-3.141727298498153687e-03,2.684987187385559082e-01,4.287369549274444580e-01,-4.412953257560729980e-01,3.779480755329132080e-01,2.839915845172559239e-01,4.333579653982704283e-01,-4.540524294520472681e-01,3.953323218723747146e-01
-4.260987043380737305e-03,3.721453249454498291e-04,7.429704070091247559e-03,6.543351337313652039e-03,-1.108140125870704651e-02,-3.040924668312072754e-03,2.688812017440795898e-01,4.431789517402648926e-01,-4.411847293376922607e-01,3.780011236667633057e-01,2.843347334373726998e-01,4.479336562145731504e-01,-4.537319050602897086e-01,3.953416759880337139e-01
-4.426535218954086304e-03,5.889665335416793823e-04,7.650855928659439087e-03,6.607979536056518555e-03,-1.099920272827148438e-02,-2.941831946372985840e-03,2.692421674728393555e-01,4.571745395660400391e-01,-4.410633146762847900e-01,3.780615031719207764e-01,2.846549559833919663e-01,4.620777834847193399e-01,-4.534167867528865470e-01,3.953523125049747677e-01
-4.587523639202117920e-03,7.981332018971443176e-04,7.868014276027679443e-03,6.668750196695327759e-03,-1.091588661074638367e-02,-2.844531089067459106e-03,2.695776224136352539e-01,4.707379937171936035e-01,-4.409292340278625488e-01,3.781243264675140381e-01,2.849529883805735353e-01,4.758054659264154274e-01,-4.531070218823787243e-01,3.953642081546936971e-01
-4.744183272123336792e-03,9.999340400099754333e-04,8.081264793872833252e-03,6.725857034325599670e-03,-1.083173230290412903e-02,-2.748940140008926392e-03,2.698924541473388672e-01,4.838877320289611816e-01,-4.407864809036254883e-01,3.781937956809997559e-01,2.852295085441598488e-01,4.891305499214228525e-01,-4.528025300328629155e-01,3.953773401829271950e-01
-4.896551370620727539e-03,1.194657757878303528e-03,8.290614932775497437e-03,6.779458373785018921e-03,-1.074684411287307739e-02,-2.655077725648880005e-03,2.701846063137054443e-01,4.966345429420471191e-01,-4.406334161758422852e-01,3.782673776149749756e-01,2.854851943483270871e-01,5.020668824663832019e-01,-4.525032307884360172e-01,3.953916858354099562e-01
-5.044698715209960938e-03,1.382401213049888611e-03,8.495926856994628906e-03,6.829654797911643982e-03,-1.066148653626441956e-02,-2.563059329986572266e-03,2.704552114009857178e-01,5.089828968048095703e-01,-4.404736459255218506e-01,3.783458173274993896e-01,2.857201507562305842e-01,5.146159502374710870e-01,-4.522091214276618421e-01,3.954072325254318621e-01
-5.188733339309692383e-03,1.563469879329204559e-03,8.697308599948883057e-03,6.876619532704353333e-03,-1.057577878236770630e-02,-2.472754567861557007e-03,2.707058787345886230e-01,5.209476947784423828e-01,-4.403059482574462891e-01,3.784300088882446289e-01,2.859351232701645706e-01,5.267930622383737438e-01,-4.519201123524499986e-01,3.954239562970934263e-01
-5.328796803951263428e-03,1.738151535391807556e-03,8.894775062799453735e-03,6.920512765645980835e-03,-1.048981025815010071e-02,-2.384182065725326538e-03,2.709361910820007324e-01,5.325423479080200195e-01,-4.401303231716156006e-01,3.785174489021301270e-01,2.861307084889999630e-01,5.386103157858157520e-01,-4.516361341548255082e-01,3.954418358366920683e-01
-5.465026944875717163e-03,1.906673423945903778e-03,9.088389575481414795e-03,6.961451843380928040e-03,-1.040375977754592896e-02,-2.297375351190567017e-03,2.711467146873474121e-01,5.437798500061035156e-01,-4.399497210979461670e-01,3.786095678806304932e-01,2.863074363307979153e-01,5.500783705674837654e-01,-4.513571264659390625e-01,3.954608510134380306e-01
-5.597505718469619751e-03,2.069250680506229401e-03,9.278152137994766235e-03,6.999576464295387268e-03,-1.031773537397384644e-02,-2.212259918451309204e-03,2.713387608528137207e-01,5.546694993972778320e-01,-4.397630691528320312e-01,3.787058293819427490e-01,2.864658218392673317e-01,5.612075663926660019e-01,-4.510830309302195085e-01,3.954809819600109133e-01
-5.726277828216552734e-03,2.226082608103752136e-03,9.464066475629806519e-03,7.035026326775550842e-03,-1.023183017969131470e-02,-2.128854393959045410e-03,2.715121209621429443e-01,5.652198791503906250e-01,-4.395701289176940918e-01,3.788049519062042236e-01,2.866063651857367334e-01,5.720079231588472979e-01,-4.508137912053740148e-01,3.955022090725621720e-01
-5.851574242115020752e-03,2.377388067543506622e-03,9.646240621805191040e-03,7.067905738949775696e-03,-1.014619693160057068e-02,-2.047121524810791016e-03,2.716695070266723633e-01,5.754463672637939453e-01,-4.393746554851531982e-01,3.789094388484954834e-01,2.867295516710123282e-01,5.824891408200567611e-01,-4.505493529623880722e-01,3.955245130107104545e-01
-5.973324179649353027e-03,2.523411996662616730e-03,9.824614971876144409e-03,7.098320871591567993e-03,-1.006088033318519592e-02,-1.967113465070724487e-03,2.718060910701751709e-01,5.853536725044250488e-01,-4.391723275184631348e-01,3.790147006511688232e-01,2.868358517270787056e-01,5.926605993573986764e-01,-4.502896638855258260e-01,3.955478746975427118e-01
-6.091788411140441895e-03,2.664265222847461700e-03,9.999342262744903564e-03,7.126422598958015442e-03,-9.976040571928024292e-03,-1.888737082481384277e-03,2.719297111034393311e-01,5.949568152427673340e-01,-4.389697015285491943e-01,3.791262507438659668e-01,2.869257209187215940e-01,6.025313587516626379e-01,-4.500346736723295216e-01,3.955722753196171393e-01
-6.206940859556198120e-03,2.800203859806060791e-03,1.017038896679878235e-02,7.152294740080833435e-03,-9.891699999570846558e-03,-1.812014728784561157e-03,2.720356881618499756e-01,6.042618155479431152e-01,-4.387624561786651611e-01,3.792396187782287598e-01,2.869995999450117297e-01,6.121101589574655666e-01,-4.497843340336199480e-01,3.955976963269607904e-01
-6.318919360637664795e-03,2.931335940957069397e-03,1.033781096339225769e-02,7.176028564572334290e-03,-9.807955473661422729e-03,-1.736946403980255127e-03,2.721265554428100586e-01,6.132777333259582520e-01,-4.385537505149841309e-01,3.793564140796661377e-01,2.870578543078664002e-01,6.214041047420117980e-01,-4.495383451141027331e-01,3.956241177278782550e-01
-6.427820771932601929e-03,3.057854250073432922e-03,1.050166040658950806e-02,7.197728380560874939e-03,-9.724885225296020508e-03,-1.663442701101303101e-03,2.722038030624389648e-01,6.220142841339111328e-01,-4.383429586887359619e-01,3.794769644737243652e-01,2.871009101043390799e-01,6.304216256986333589e-01,-4.492967262302884901e-01,3.956515219268718075e-01
-6.533663719892501831e-03,3.179890103638172150e-03,1.066194847226142883e-02,7.217472419142723083e-03,-9.642545133829116821e-03,-1.591559499502182007e-03,2.722660303115844727e-01,6.304766535758972168e-01,-4.381303787231445312e-01,3.796003162860870361e-01,2.871291698834805839e-01,6.391706419761860047e-01,-4.490594622026140015e-01,3.956798913464062983e-01
-6.636593490839004517e-03,3.297636285424232483e-03,1.081873849034309387e-02,7.235372439026832581e-03,-9.560994803905487061e-03,-1.521237194538116455e-03,2.723150849342346191e-01,6.386761665344238281e-01,-4.379166066646575928e-01,3.797262907028198242e-01,2.871430080427376796e-01,6.476584639067594074e-01,-4.488264840042641701e-01,3.957092082967879620e-01
-6.736610084772109985e-03,3.411198034882545471e-03,1.097206398844718933e-02,7.251495495438575745e-03,-9.480331093072891235e-03,-1.452475786209106445e-03,2.723509669303894043e-01,6.466177701950073242e-01,-4.377022683620452881e-01,3.798561692237854004e-01,2.871427836174658688e-01,6.558920707595857769e-01,-4.485977225122725898e-01,3.957394553375985224e-01
-6.833855062723159790e-03,3.520747646689414978e-03,1.112197339534759521e-02,7.265923544764518738e-03,-9.400542825460433960e-03,-1.385241746902465820e-03,2.723740339279174805e-01,6.543105244636535645e-01,-4.374869167804718018e-01,3.799880146980285645e-01,2.871288402817683827e-01,6.638781107267706094e-01,-4.483731085075208234e-01,3.957706152777111797e-01
-6.928376853466033936e-03,3.626368939876556396e-03,1.126848906278610229e-02,7.278725504875183105e-03,-9.321723133325576782e-03,-1.319576054811477661e-03,2.723850309848785400e-01,6.617602109909057617e-01,-4.372727274894714355e-01,3.801227211952209473e-01,2.871015063492383668e-01,6.716229009100075364e-01,-4.481525726747390137e-01,3.958026711752821170e-01
-7.020231336355209351e-03,3.728242591023445129e-03,1.141167804598808289e-02,7.290011271834373474e-03,-9.243939071893692017e-03,-1.255419105291366577e-03,2.723846137523651123e-01,6.689752936363220215e-01,-4.370593726634979248e-01,3.802607655525207520e-01,2.870610947736211838e-01,6.791324273090981745e-01,-4.479360456025057724e-01,3.958356063377494460e-01
-7.109474390745162964e-03,3.826447762548923492e-03,1.155153289437294006e-02,7.299795746803283691e-03,-9.167212992906570435e-03,-1.192729920148849487e-03,2.723728418350219727e-01,6.759592294692993164e-01,-4.368457496166229248e-01,3.804016113281250000e-01,2.870079031493727451e-01,6.864123448118371051e-01,-4.477234577832478468e-01,3.958694043218387026e-01
-7.196199148893356323e-03,3.921093419194221497e-03,1.168811693787574768e-02,7.308190688490867615e-03,-9.091556072235107422e-03,-1.131542026996612549e-03,2.723510861396789551e-01,6.827197670936584473e-01,-4.366340637207031250e-01,3.805444240570068359e-01,2.869422137121599437e-01,6.934679771854295183e-01,-4.475147396132406752e-01,3.959040489335600155e-01
-7.280580699443817139e-03,4.012564197182655334e-03,1.182173565030097961e-02,7.315326482057571411e-03,-9.016897529363632202e-03,-1.071713864803314209e-03,2.723183333873748779e-01,6.892779469490051270e-01,-4.364224672317504883e-01,3.806890547275543213e-01,2.868650318506902330e-01,7.003210216238887620e-01,-4.473102034721616604e-01,3.959395227044192889e-01
-7.362697273492813110e-03,4.100892692804336548e-03,1.195234060287475586e-02,7.321236655116081238e-03,-8.943319320678710938e-03,-1.013301312923431396e-03,2.722753882408142090e-01,6.956365704536437988e-01,-4.362133443355560303e-01,3.808353245258331299e-01,2.867765288281443614e-01,7.069743235288498129e-01,-4.471097380318782011e-01,3.959758101046322309e-01
-7.442519068717956543e-03,4.186091944575309753e-03,1.207989454269409180e-02,7.325939834117889404e-03,-8.870903402566909790e-03,-9.563080966472625732e-04,2.722224891185760498e-01,7.017951011657714844e-01,-4.360065460205078125e-01,3.809840381145477295e-01,2.866767415965024712e-01,7.134277067009255902e-01,-4.469131703281612467e-01,3.960128960991272651e-01
-7.520116865634918213e-03,4.268294200301170349e-03,1.220448687672615051e-02,7.329521700739860535e-03,-8.799634873867034912e-03,-9.006895124912261963e-04,2.721603512763977051e-01,7.077614068984985352e-01,-4.358021318912506104e-01,3.811349570751190186e-01,2.865659607529358333e-01,7.196867484046642893e-01,-4.467204664727292829e-01,3.960507653470794476e-01
-7.595539093017578125e-03,4.347605630755424500e-03,1.232613250613212585e-02,7.332039996981620789e-03,-8.729584515094757080e-03,-8.463822305202484131e-04,2.720900774002075195e-01,7.135401964187622070e-01,-4.355994760990142822e-01,3.812887072563171387e-01,2.864444658805229693e-01,7.257567928704259375e-01,-4.465315947264564267e-01,3.960894027479948676e-01
-7.668867707252502441e-03,4.424089565873146057e-03,1.244487240910530090e-02,7.333546876907348633e-03,-8.660659193992614746e-03,-7.934533059597015381e-04,2.720111310482025146e-01,7.191364169120788574e-01,-4.353996813297271729e-01,3.814422786235809326e-01,2.863125255486477228e-01,7.316429512882043351e-01,-4.463465254993721487e-01,3.961287934417078715e-01
-7.740102708339691162e-03,4.497884772717952728e-03,1.256079226732254028e-02,7.334059104323387146e-03,-8.593000471591949463e-03,-7.418692111968994141e-04,2.719223499298095703e-01,7.245562672615051270e-01,-4.352029561996459961e-01,3.815989196300506592e-01,2.861703973133283840e-01,7.373501018017768471e-01,-4.461652313506615508e-01,3.961689228083868364e-01
-7.809385657310485840e-03,4.569049924612045288e-03,1.267390698194503784e-02,7.333671674132347107e-03,-8.526567369699478149e-03,-6.915479898452758789e-04,2.718277573585510254e-01,7.298055887222290039e-01,-4.350097477436065674e-01,3.817575871944427490e-01,2.860183277174980221e-01,7.428828895046594161e-01,-4.459876869886648110e-01,3.962097764685253987e-01
-7.876664400100708008e-03,4.637651145458221436e-03,1.278425008058547974e-02,7.332390174269676208e-03,-8.461371064186096191e-03,-6.425417959690093994e-04,2.717245221138000488e-01,7.348858118057250977e-01,-4.348195195198059082e-01,3.819177448749542236e-01,2.858565522912179802e-01,7.482457264363341354e-01,-4.458138692708780715e-01,3.962513402829490605e-01
-7.942028343677520752e-03,4.703819751739501953e-03,1.289186999201774597e-02,7.330274209380149841e-03,-8.397404104471206665e-03,-5.948469042778015137e-04,2.716124057769775391e-01,7.398037910461425781e-01,-4.346322417259216309e-01,3.820779323577880859e-01,2.856852955518526804e-01,7.534427915797340392e-01,-4.456437572039526618e-01,3.962936003528127471e-01
-8.005663752555847168e-03,4.767701029777526855e-03,1.299704238772392273e-02,7.327439263463020325e-03,-8.334625512361526489e-03,-5.482584238052368164e-04,2.714970111846923828e-01,7.445742487907409668e-01,-4.344498217105865479e-01,3.822424411773681641e-01,2.855051780639613068e-01,7.584871721509540698e-01,-4.454770326177883710e-01,3.963365365929316098e-01
-8.067645132541656494e-03,4.829429090023040771e-03,1.309977844357490540e-02,7.323848083615303040e-03,-8.272957056760787964e-03,-5.028098821640014648e-04,2.713744044303894043e-01,7.492014169692993164e-01,-4.342701435089111328e-01,3.824073076248168945e-01,2.853164595436105677e-01,7.633838655390662309e-01,-4.453136367485157621e-01,3.963801346818798810e-01
-8.127816021442413330e-03,4.888936877250671387e-03,1.319994777441024780e-02,7.319530472159385681e-03,-8.212532848119735718e-03,-4.585646092891693115e-04,2.712441682815551758e-01,7.536787986755371094e-01,-4.340931177139282227e-01,3.825733065605163574e-01,2.851191472843224717e-01,7.681322148472711220e-01,-4.451536904974426334e-01,3.964243843499218323e-01
-8.186377584934234619e-03,4.946375265717506409e-03,1.329771801829338074e-02,7.314564660191535950e-03,-8.153308182954788208e-03,-4.155151546001434326e-04,2.711079418659210205e-01,7.580189704895019531e-01,-4.339216053485870361e-01,3.827404677867889404e-01,2.849134623309785841e-01,7.727363776265289141e-01,-4.449971516377552172e-01,3.964692720190670094e-01
-8.243314921855926514e-03,5.001764744520187378e-03,1.339312270283699036e-02,7.308965548872947693e-03,-8.095297962427139282e-03,-3.735497593879699707e-04,2.709671854972839355e-01,7.622229456901550293e-01,-4.337541460990905762e-01,3.829104602336883545e-01,2.846996170704008677e-01,7.772003311570383488e-01,-4.448439783620881660e-01,3.965147843145158668e-01
-8.298635482788085938e-03,5.055185407400131226e-03,1.348612830042839050e-02,7.302740588784217834e-03,-8.038498461246490479e-03,-3.327131271362304688e-04,2.708195447921752930e-01,7.662920951843261719e-01,-4.335896074771881104e-01,3.830808401107788086e-01,2.844778152314282327e-01,7.815278724465405391e-01,-4.446941292824855840e-01,3.965609080646623208e-01
-8.352436125278472900e-03,5.106724798679351807e-03,1.357685402035713196e-02,7.295960560441017151e-03,-7.982868701219558716e-03,-2.929568290710449219e-04,2.706667780876159668e-01,7.702339291572570801e-01,-4.334288239479064941e-01,3.832520246505737305e-01,2.842482518849881457e-01,7.857226182302106121e-01,-4.445475634304507095e-01,3.966076303010897530e-01
-8.404701948165893555e-03,5.156407132744789124e-03,1.366530358791351318e-02,7.288632914423942566e-03,-7.928501814603805542e-03,-2.543292939662933350e-04,2.705082297325134277e-01,7.740499377250671387e-01,-4.332735538482666016e-01,3.834255635738372803e-01,2.840111134441039020e-01,7.897880049705483518e-01,-4.444042402569310379e-01,3.966549382585768391e-01
-8.455537259578704834e-03,5.204344168305397034e-03,1.375154033303260803e-02,7.280802354216575623e-03,-7.875263690948486328e-03,-2.167262136936187744e-04,2.703447341918945312e-01,7.777457833290100098e-01,-4.331210553646087646e-01,3.835984468460083008e-01,2.837665776638864101e-01,7.937272888580334529e-01,-4.442641196323123820e-01,3.967028193750948839e-01
-8.504904806613922119e-03,5.250500515103340149e-03,1.383560895919799805e-02,7.272487506270408630e-03,-7.823258638381958008e-03,-1.801848411560058594e-04,2.701772749423980713e-01,7.813217639923095703e-01,-4.329743981361389160e-01,3.837745487689971924e-01,2.835148136415091003e-01,7.975435458127667632e-01,-4.441271618463958348e-01,3.967512612918033255e-01
-8.552990853786468506e-03,5.295105278491973877e-03,1.391766220331192017e-02,7.263718172907829285e-03,-7.772345095872879028e-03,-1.445934176445007324e-04,2.700049281120300293e-01,7.847902774810791016e-01,-4.328310787677764893e-01,3.839509189128875732e-01,2.832562788523681485e-01,8.012461969260740169e-01,-4.439932727764745457e-01,3.968002483345716702e-01
-8.599817752838134766e-03,5.338190123438835144e-03,1.399777084589004517e-02,7.254546508193016052e-03,-7.722515612840652466e-03,-1.099519431591033936e-04,2.698288261890411377e-01,7.881548404693603516e-01,-4.326924085617065430e-01,3.841283619403839111e-01,2.829912751719951824e-01,8.048412544319960560e-01,-4.438623858465970407e-01,3.968497667731795131e-01
-8.645325899124145508e-03,5.379755049943923950e-03,1.407589018344879150e-02,7.244965061545372009e-03,-7.673781365156173706e-03,-7.629767060279846191e-05,2.696471214294433594e-01,7.914130687713623047e-01,-4.325573742389678955e-01,3.843056857585906982e-01,2.827197414414026055e-01,8.083267652285993643e-01,-4.437345003168271518e-01,3.968998072782838893e-01
-8.689604699611663818e-03,5.419848486781120300e-03,1.415206864476203918e-02,7.234992459416389465e-03,-7.626198232173919678e-03,-4.354119300842285156e-05,2.694624066352844238e-01,7.945698499679565430e-01,-4.324268102645874023e-01,3.844854235649108887e-01,2.824418475830908770e-01,8.117058627173204810e-01,-4.436095716112442022e-01,3.969503578839297386e-01
-8.732661604881286621e-03,5.458548665046691895e-03,1.422633975744247437e-02,7.224658504128456116e-03,-7.579680532217025757e-03,-1.174956560134887695e-05,2.692721188068389893e-01,7.976278066635131836e-01,-4.322999417781829834e-01,3.846642076969146729e-01,2.821577569297391563e-01,8.149815454099237355e-01,-4.434875551918701642e-01,3.970014068028697163e-01
-8.774548768997192383e-03,5.495807155966758728e-03,1.429880410432815552e-02,7.214004173874855042e-03,-7.534276694059371948e-03,1.912564039230346680e-05,2.690805494785308838e-01,8.005899786949157715e-01,-4.321804344654083252e-01,3.848465383052825928e-01,2.818676262241788244e-01,8.181566769301412689e-01,-4.433684065586250833e-01,3.970529424265744067e-01
-8.815288543701171875e-03,5.531825125217437744e-03,1.436944305896759033e-02,7.202988490462303162e-03,-7.489927113056182861e-03,4.918128252029418945e-05,2.688831388950347900e-01,8.034601807594299316e-01,-4.320617318153381348e-01,3.850283622741699219e-01,2.815716056193119377e-01,8.212339860154771465e-01,-4.432520812493833118e-01,3.971049533252197228e-01
-8.854888379573822021e-03,5.566498264670372009e-03,1.443824172019958496e-02,7.191682234406471252e-03,-7.446635514497756958e-03,7.829070091247558594e-05,2.686823606491088867e-01,8.062369823455810547e-01,-4.319485127925872803e-01,3.852096796035766602e-01,2.812698386780344562e-01,8.242160665193393188e-01,-4.431385348399283775e-01,3.971574282476942330e-01
-8.893407881259918213e-03,5.599945783615112305e-03,1.450537145137786865e-02,7.180092856287956238e-03,-7.404398173093795776e-03,1.065693795680999756e-04,2.684785723686218262e-01,8.089281320571899414e-01,-4.318403005599975586e-01,3.853933811187744141e-01,2.809624623731241111e-01,8.271053774139923709e-01,-4.430277229439981146e-01,3.972103561215981071e-01
-8.930891752243041992e-03,5.632169544696807861e-03,1.457078009843826294e-02,7.168220356106758118e-03,-7.363207638263702393e-03,1.340135931968688965e-04,2.682722210884094238e-01,8.115335106849670410e-01,-4.317368865013122559e-01,3.855779469013214111e-01,2.806496070871021264e-01,8.299042427931265786e-01,-4.429196012132169402e-01,3.972637260532441150e-01
-8.967354893684387207e-03,5.663258954882621765e-03,1.463455706834793091e-02,7.156109437346458435e-03,-7.322970777750015259e-03,1.606717705726623535e-04,2.680626511573791504e-01,8.140575289726257324e-01,-4.316366314888000488e-01,3.857620358467102051e-01,2.803315692870880782e-01,8.326185522626344815e-01,-4.428141775086127385e-01,3.973175257381019732e-01
-9.002842009067535400e-03,5.693331360816955566e-03,1.469687372446060181e-02,7.143760100007057190e-03,-7.283683866262435913e-03,1.865476369857788086e-04,2.678483128547668457e-01,8.165078163146972656e-01,-4.315405488014221191e-01,3.859473764896392822e-01,2.800086448042618525e-01,8.352541878028977296e-01,-4.427114615254102437e-01,3.973717429956240554e-01
-9.037427604198455811e-03,5.722353234887123108e-03,1.475759968161582947e-02,7.131194695830345154e-03,-7.245376706123352051e-03,2.116784453392028809e-04,2.676320374011993408e-01,8.188827037811279297e-01,-4.314483702182769775e-01,3.861327171325683594e-01,2.796807665898234374e-01,8.378092613206963302e-01,-4.426113553487346364e-01,3.974263691037812074e-01
-9.071052074432373047e-03,5.750332027673721313e-03,1.481680199503898621e-02,7.118431851267814636e-03,-7.208008319139480591e-03,2.360194921493530273e-04,2.674124538898468018e-01,8.211826682090759277e-01,-4.313604533672332764e-01,3.863179683685302734e-01,2.793480642184787421e-01,8.402861047483929369e-01,-4.425138225004914272e-01,3.974813936485587784e-01
-9.103775024414062500e-03,5.777325481176376343e-03,1.487456634640693665e-02,7.105475291609764099e-03,-7.171593606472015381e-03,2.596378326416015625e-04,2.671904563903808594e-01,8.234120607376098633e-01,-4.312772750854492188e-01,3.865049183368682861e-01,2.790106621730288894e-01,8.426869472279251427e-01,-4.424188269930457995e-01,3.975368063808697450e-01
-9.135641157627105713e-03,5.803361535072326660e-03,1.493088901042938232e-02,7.092313840985298157e-03,-7.136091589927673340e-03,2.825111150741577148e-04,2.669652700424194336e-01,8.255725502967834473e-01,-4.311984479427337646e-01,3.866919577121734619e-01,2.786686798442444823e-01,8.450139151134847815e-01,-4.423263333291883592e-01,3.975925972165508804e-01
-9.166605770587921143e-03,5.828464403748512268e-03,1.498577743768692017e-02,7.078984752297401428e-03,-7.101494818925857544e-03,3.046579658985137939e-04,2.667366266250610352e-01,8.276640176773071289e-01,-4.311229884624481201e-01,3.868787586688995361e-01,2.783222315307379846e-01,8.472690319748531484e-01,-4.422363065021464590e-01,3.976487562363634765e-01
-9.196780622005462646e-03,5.852689966559410095e-03,1.503931730985641479e-02,7.065502926707267761e-03,-7.067810744047164917e-03,3.261640667915344238e-04,2.665068805217742920e-01,8.296923041343688965e-01,-4.310517907142639160e-01,3.870671093463897705e-01,2.779714264388403744e-01,8.494542186005709095e-01,-4.421487119955729850e-01,3.977052736859901794e-01
-9.226128458976745605e-03,5.876004695892333984e-03,1.509146392345428467e-02,7.051853463053703308e-03,-7.034990936517715454e-03,3.469325602054595947e-04,2.662739753723144531e-01,8.316545486450195312e-01,-4.309849441051483154e-01,3.872547149658203125e-01,2.776163686824320020e-01,8.515712930016019477e-01,-4.420635157835576812e-01,3.977621399760410958e-01
-9.254634380340576172e-03,5.898505449295043945e-03,1.514231041073799133e-02,7.038073614239692688e-03,-7.003050297498703003e-03,3.670454025268554688e-04,2.660378515720367432e-01,8.335549831390380859e-01,-4.309210181236267090e-01,3.874429166316986084e-01,2.772571572827828290e-01,8.536219704150510568e-01,-4.419806843306383626e-01,3.978193456820501295e-01
-9.282402694225311279e-03,5.920210853219032288e-03,1.519189029932022095e-02,7.024152204394340515e-03,-6.971929222345352173e-03,3.864839673042297363e-04,2.657988071441650391e-01,8.353971242904663086e-01,-4.308613538742065430e-01,3.876306116580963135e-01,2.768939621253971306e-01,8.556094725246206067e-01,-4.419001911437465124e-01,3.978768805155683541e-01
-9.309500455856323242e-03,5.941214039921760559e-03,1.524034515023231506e-02,7.010141387581825256e-03,-6.941635161638259888e-03,4.053525626659393311e-04,2.655588090419769287e-01,8.371878266334533691e-01,-4.308063387870788574e-01,3.878203034400939941e-01,2.765270233502201691e-01,8.575385143406492050e-01,-4.418220167192495884e-01,3.979347333324942393e-01
-9.335853159427642822e-03,5.961410701274871826e-03,1.528752222657203674e-02,6.995992735028266907e-03,-6.912108510732650757e-03,4.235953092575073242e-04,2.653163373470306396e-01,8.389189243316650391e-01,-4.307539463043212891e-01,3.880085945129394531e-01,2.761563157734351903e-01,8.594081948495412293e-01,-4.417461195965080578e-01,3.979928966787255051e-01
-9.361468255519866943e-03,5.980916321277618408e-03,1.533353701233863831e-02,6.981758400797843933e-03,-6.883401423692703247e-03,4.411675035953521729e-04,2.650701701641082764e-01,8.405971527099609375e-01,-4.307058453559875488e-01,3.881969153881072998e-01,2.757819411138801025e-01,8.612203067526108535e-01,-4.416724701912351225e-01,3.980513614770749276e-01
-9.386487305164337158e-03,5.999745801091194153e-03,1.537847891449928284e-02,6.967423483729362488e-03,-6.855480372905731201e-03,4.582516849040985107e-04,2.648243010044097900e-01,8.422269821166992188e-01,-4.306618869304656982e-01,3.883877098560333252e-01,2.754039983921308665e-01,8.629765906882402859e-01,-4.416010396160903739e-01,3.981101187828474663e-01
-9.410761296749114990e-03,6.017893552780151367e-03,1.542220637202262878e-02,6.952987983822822571e-03,-6.828270852565765381e-03,4.746131598949432373e-04,2.645723223686218262e-01,8.438018560409545898e-01,-4.306203126907348633e-01,3.885740935802459717e-01,2.750225840368036301e-01,8.646787374860039899e-01,-4.415317996897975550e-01,3.981691597824109086e-01
-9.434469044208526611e-03,6.035408005118370056e-03,1.546494290232658386e-02,6.938496604561805725e-03,-6.801873445510864258e-03,4.905238747596740723e-04,2.643221020698547363e-01,8.453326225280761719e-01,-4.305840730667114258e-01,3.887650370597839355e-01,2.746377919908629117e-01,8.663283904215030029e-01,-4.414647229463861122e-01,3.982284757917459728e-01
-9.457513689994812012e-03,6.052298471331596375e-03,1.550660654902458191e-02,6.923919543623924255e-03,-6.776146590709686279e-03,5.058199167251586914e-04,2.640676498413085938e-01,8.468145728111267090e-01,-4.305504560470581055e-01,3.889537155628204346e-01,2.742497138179493255e-01,8.679271474707623835e-01,-4.413997826443202266e-01,3.982880582550114013e-01
-9.479917585849761963e-03,6.068589165806770325e-03,1.554720848798751831e-02,6.909267976880073547e-03,-6.751168519258499146e-03,5.205385386943817139e-04,2.638100981712341309e-01,8.482496142387390137e-01,-4.305202364921569824e-01,3.891420960426330566e-01,2.738584388086775512e-01,8.694765635647382362e-01,-4.413369527756494937e-01,3.983478987431010032e-01
-9.501807391643524170e-03,6.084302440285682678e-03,1.558686792850494385e-02,6.894564256072044373e-03,-6.726913154125213623e-03,5.348138511180877686e-04,2.635534703731536865e-01,8.496434092521667480e-01,-4.304945170879364014e-01,3.893329799175262451e-01,2.734640540869660019e-01,8.709781528435502906e-01,-4.412762080752513638e-01,3.984079889522007534e-01
-9.523093700408935547e-03,6.099471822381019592e-03,1.562551036477088928e-02,6.879797205328941345e-03,-6.703283637762069702e-03,5.485117435455322266e-04,2.632925510406494141e-01,8.509929776191711426e-01,-4.304707646369934082e-01,3.895207047462463379e-01,2.730666479008340142e-01,8.724334513881654152e-01,-4.412175099703018466e-01,3.984683204155426983e-01
-9.543783962726593018e-03,6.114106625318527222e-03,1.566321402788162231e-02,6.864981725811958313e-03,-6.680350750684738159e-03,5.616880953311920166e-04,2.630290389060974121e-01,8.523006439208984375e-01,-4.304503798484802246e-01,3.897090554237365723e-01,2.726663146915461744e-01,8.738441137118926338e-01,-4.411607846793891285e-01,3.985288840549940370e-01
-9.564027190208435059e-03,6.128255277872085571e-03,1.570003852248191833e-02,6.850132718682289124e-03,-6.658077239990234375e-03,5.744397640228271484e-04,2.627657651901245117e-01,8.535722494125366211e-01,-4.304338097572326660e-01,3.898983597755432129e-01,2.722631282249814988e-01,8.752114027355782921e-01,-4.411060423169718692e-01,3.985896726091419096e-01
-9.583681821823120117e-03,6.141854450106620789e-03,1.573590934276580811e-02,6.835235282778739929e-03,-6.636451929807662964e-03,5.866363644599914551e-04,2.624995112419128418e-01,8.548011779785156250e-01,-4.304206669330596924e-01,3.900867104530334473e-01,2.718571694009922490e-01,8.765367181617812475e-01,-4.410532545916298064e-01,3.986506781367296082e-01
-9.602844715118408203e-03,6.155027076601982117e-03,1.577098295092582703e-02,6.820300593972206116e-03,-6.615437567234039307e-03,5.983822047710418701e-04,2.622307837009429932e-01,8.559959530830383301e-01,-4.304105341434478760e-01,3.902754783630371094e-01,2.714485176283785717e-01,8.778214329046254427e-01,-4.410023933652006400e-01,3.987118928016352148e-01
-9.621538221836090088e-03,6.167724728584289551e-03,1.580518111586570740e-02,6.805334240198135376e-03,-6.595037877559661865e-03,6.096996366977691650e-04,2.619613111019134521e-01,8.571540713310241699e-01,-4.304032027721405029e-01,3.904640078544616699e-01,2.710372509376662853e-01,8.790668954649094591e-01,-4.409534306335704534e-01,3.987733088708441120e-01
-9.639710187911987305e-03,6.179984658956527710e-03,1.583852618932723999e-02,6.790347397327423096e-03,-6.575226783752441406e-03,6.205178797245025635e-04,2.616885900497436523e-01,8.582760095596313477e-01,-4.303984045982360840e-01,3.906510174274444580e-01,2.706234460938689579e-01,8.802744323059820131e-01,-4.409063385075092656e-01,3.988349187124367035e-01
-9.657464921474456787e-03,6.191819906234741211e-03,1.587111502885818481e-02,6.775353103876113892e-03,-6.556011736392974854e-03,6.309188902378082275e-04,2.614156603813171387e-01,8.593664169311523438e-01,-4.303978085517883301e-01,3.908390402793884277e-01,2.702071787092992228e-01,8.814453502288522868e-01,-4.408610891935291765e-01,3.988967147935668089e-01
-9.674735367298126221e-03,6.203265860676765442e-03,1.590292155742645264e-02,6.760314106941223145e-03,-6.537348031997680664e-03,6.408728659152984619e-04,2.611389756202697754e-01,8.604236245155334473e-01,-4.303990006446838379e-01,3.910259008407592773e-01,2.697885233563456775e-01,8.825809387477370205e-01,-4.408176549746524175e-01,3.989586896784413916e-01
-9.691618382930755615e-03,6.214324384927749634e-03,1.593400165438652039e-02,6.745275110006332397e-03,-6.519269198179244995e-03,6.504394114017486572e-04,2.608622908592224121e-01,8.614515066146850586e-01,-4.304040968418121338e-01,3.912139534950256348e-01,2.693675536802811465e-01,8.836824724652251328e-01,-4.407760081912920347e-01,3.990208360263036158e-01
-9.708046913146972656e-03,6.225014105439186096e-03,1.596432551741600037e-02,6.730239838361740112e-03,-6.501674652099609375e-03,6.595775485038757324e-04,2.605827748775482178e-01,8.624478578567504883e-01,-4.304106831550598145e-01,3.913993835449218750e-01,2.689443249796674706e-01,8.847508353983108975e-01,-4.407361237344750715e-01,3.990831468065291765e-01
-9.724043309688568115e-03,6.235299631953239441e-03,1.599390432238578796e-02,6.715163588523864746e-03,-6.484691053628921509e-03,6.683096289634704590e-04,2.603019177913665771e-01,8.634129166603088379e-01,-4.304209351539611816e-01,3.915865123271942139e-01,2.685187809401613501e-01,8.857845099434915603e-01,-4.406979924077030764e-01,3.991456164529109119e-01
-9.739629924297332764e-03,6.245249882340431213e-03,1.602276414632797241e-02,6.700113415718078613e-03,-6.468184292316436768e-03,6.766207516193389893e-04,2.600187659263610840e-01,8.643493056297302246e-01,-4.304330945014953613e-01,3.917711079120635986e-01,2.680910731449252515e-01,8.867864663329553254e-01,-4.406615751375660972e-01,3.992082369064375302e-01
-9.754851460456848145e-03,6.254836916923522949e-03,1.605098322033882141e-02,6.685033440589904785e-03,-6.452258676290512085e-03,6.845369935035705566e-04,2.597347795963287354e-01,8.652592301368713379e-01,-4.304503798484802246e-01,3.919582366943359375e-01,2.676612595985760623e-01,8.877576618001090658e-01,-4.406268461732787411e-01,3.992710013479973674e-01
-9.769648313522338867e-03,6.264135241508483887e-03,1.607849448919296265e-02,6.669968366622924805e-03,-6.436813622713088989e-03,6.920993328094482422e-04,2.594480514526367188e-01,8.661411404609680176e-01,-4.304676651954650879e-01,3.921431899070739746e-01,2.672293965719109154e-01,8.886990210181846539e-01,-4.405937799218268558e-01,3.993339030603804685e-01
-9.784080088138580322e-03,6.273094564676284790e-03,1.610537618398666382e-02,6.654910743236541748e-03,-6.421826779842376709e-03,6.992965936660766602e-04,2.591603100299835205e-01,8.669968843460083008e-01,-4.304878711700439453e-01,3.923276364803314209e-01,2.667955386532544493e-01,8.896114371531939069e-01,-4.405623509376483948e-01,3.993969354270260341e-01
-9.798146784305572510e-03,6.281722337007522583e-03,1.613161712884902954e-02,6.639853119850158691e-03,-6.407354027032852173e-03,7.060989737510681152e-04,2.588711977005004883e-01,8.678267002105712891e-01,-4.305118918418884277e-01,3.925125598907470703e-01,2.663597387998249966e-01,8.904957729172678915e-01,-4.405325339122231898e-01,3.994600919307607079e-01
-9.811885654926300049e-03,6.290085613727569580e-03,1.615726202726364136e-02,6.624788045883178711e-03,-6.393328309059143066e-03,7.125735282897949219e-04,2.585800588130950928e-01,8.686333894729614258e-01,-4.305376112461090088e-01,3.926966488361358643e-01,2.659220483890989417e-01,8.913528616215031786e-01,-4.405043036637311116e-01,3.995233661525416369e-01
-9.825244545936584473e-03,6.298189982771873474e-03,1.618225872516632080e-02,6.609730422496795654e-03,-6.379794329404830933e-03,7.186569273471832275e-04,2.582856416702270508e-01,8.694154024124145508e-01,-4.305651485919952393e-01,3.928793370723724365e-01,2.654825172701738567e-01,8.921835082290821006e-01,-4.404776351266081469e-01,3.995867517701973126e-01
-9.838290512561798096e-03,6.305996328592300415e-03,1.620672270655632019e-02,6.594706326723098755e-03,-6.366703659296035767e-03,7.244646549224853516e-04,2.579921483993530273e-01,8.701753616333007812e-01,-4.305957257747650146e-01,3.930633366107940674e-01,2.650411938151354119e-01,8.929884904082833197e-01,-4.404525033412496904e-01,3.996502425571675787e-01
-9.851016104221343994e-03,6.313528865575790405e-03,1.623058691620826721e-02,6.579682230949401855e-03,-6.354041397571563721e-03,7.298849523067474365e-04,2.576961815357208252e-01,8.709121942520141602e-01,-4.306290745735168457e-01,3.932457566261291504e-01,2.645981249704182359e-01,8.937685595855470178e-01,-4.404288834435667321e-01,3.997138323812451932e-01
-9.863391518592834473e-03,6.320837885141372681e-03,1.625389233231544495e-02,6.564669311046600342e-03,-6.341811269521713257e-03,7.349997758865356445e-04,2.573976516723632812e-01,8.716271519660949707e-01,-4.306632876396179199e-01,3.934272825717926025e-01,2.641533563081973068e-01,8.945244419979387906e-01,-4.404067506546210375e-01,3.997775152033170021e-01
-9.875483810901641846e-03,6.327874958515167236e-03,1.627667620778083801e-02,6.549697369337081909e-03,-6.330013275146484375e-03,7.397979497909545898e-04,2.570994496345520020e-01,8.723219633102416992e-01,-4.307012856006622314e-01,3.936094939708709717e-01,2.637069320777418735e-01,8.952568397465427985e-01,-4.403860802702833643e-01,3.998412850761062232e-01
-9.887263178825378418e-03,6.334697827696800232e-03,1.629890501499176025e-02,6.534717977046966553e-03,-6.318610161542892456e-03,7.443018257617950439e-04,2.567984461784362793e-01,8.729957342147827148e-01,-4.307397603988647461e-01,3.937900066375732422e-01,2.632588952568091223e-01,8.959664318488175239e-01,-4.403668476508121321e-01,3.999051361429122875e-01
-9.898759424686431885e-03,6.341295316815376282e-03,1.632064580917358398e-02,6.519764661788940430e-03,-6.307620555162429810e-03,7.484667003154754639e-04,2.564959526062011719e-01,8.736506700515747070e-01,-4.307816326618194580e-01,3.939705193042755127e-01,2.628092876030154179e-01,8.966538752914952060e-01,-4.403490282104659537e-01,3.999690626363525681e-01
-9.909965097904205322e-03,6.347659975290298462e-03,1.634186506271362305e-02,6.504822522401809692e-03,-6.297048181295394897e-03,7.523559033870697021e-04,2.561923861503601074e-01,8.742858171463012695e-01,-4.308253526687622070e-01,3.941510617733001709e-01,2.623581497052261402e-01,8.973198060833749157e-01,-4.403325974071846671e-01,4.000330588771047191e-01
-9.920865297317504883e-03,6.353823468089103699e-03,1.636259630322456360e-02,6.489910185337066650e-03,-6.286848336458206177e-03,7.559210062026977539e-04,2.558864355087280273e-01,8.749021291732788086e-01,-4.308709502220153809e-01,3.943303525447845459e-01,2.619055210349393037e-01,8.979648403076226915e-01,-4.403175307321450793e-01,4.000971192726430203e-01
-9.931504726409912109e-03,6.359795108437538147e-03,1.638285815715789795e-02,6.475031375885009766e-03,-6.277035921812057495e-03,7.592365145683288574e-04,2.555798292160034180e-01,8.755010962486267090e-01,-4.309183061122894287e-01,3.945096135139465332e-01,2.614514399976684000e-01,8.985895751745082149e-01,-4.403038036994418314e-01,4.001612383159870445e-01
-9.941890835762023926e-03,6.365548819303512573e-03,1.640264317393302917e-02,6.460171192884445190e-03,-6.267558783292770386e-03,7.622241973876953125e-04,2.552713155746459961e-01,8.760821223258972168e-01,-4.309682548046112061e-01,3.946871459484100342e-01,2.609959439843591578e-01,8.991945900739779507e-01,-4.402913918356321510e-01,4.002254105844389453e-01
-9.952031075954437256e-03,6.371097639203071594e-03,1.642201095819473267e-02,6.445329636335372925e-03,-6.258495151996612549e-03,7.649995386600494385e-04,2.549632489681243896e-01,8.766468763351440430e-01,-4.310208857059478760e-01,3.948670029640197754e-01,2.605390694227551207e-01,8.997804476279009922e-01,-4.402802706694390333e-01,4.002896307383229657e-01
-9.961858391761779785e-03,6.376506760716438293e-03,1.644088700413703918e-02,6.430506706237792969e-03,-6.249718368053436279e-03,7.674843072891235352e-04,2.546507716178894043e-01,8.771932721138000488e-01,-4.310722649097442627e-01,3.950427770614624023e-01,2.600808518288278415e-01,9.003476947423687538e-01,-4.402704157213188640e-01,4.003538935197253901e-01
-9.971670806407928467e-03,6.381900981068611145e-03,1.645959913730621338e-02,6.415799260139465332e-03,-6.241146475076675415e-03,7.698014378547668457e-04,2.543397545814514160e-01,8.777387738227844238e-01,-4.311276078224182129e-01,3.952183723449707031e-01,2.596219285902594542e-01,9.009092769964116565e-01,-4.402619186246110039e-01,4.004181829363316902e-01
-9.981185197830200195e-03,6.387146189808845520e-03,1.647793501615524292e-02,6.401062011718750000e-03,-6.232924759387969971e-03,7.718577980995178223e-04,2.540248036384582520e-01,8.782684206962585449e-01,-4.311838746070861816e-01,3.953945338726043701e-01,2.591618730358464240e-01,9.014562320769734516e-01,-4.402546760496320877e-01,4.004825023178492094e-01
-9.990535676479339600e-03,6.392277777194976807e-03,1.649587601423263550e-02,6.386369466781616211e-03,-6.224967539310455322e-03,7.736757397651672363e-04,2.537085115909576416e-01,8.787859082221984863e-01,-4.312412440776824951e-01,3.955681025981903076e-01,2.587006920551209732e-01,9.019885277065801121e-01,-4.402486617580403938e-01,4.005468471702043343e-01
-9.999692440032958984e-03,6.397271528840065002e-03,1.651350036263465881e-02,6.371721625328063965e-03,-6.217341870069503784e-03,7.752664387226104736e-04,2.533918917179107666e-01,8.792920708656311035e-01,-4.313018321990966797e-01,3.957428634166717529e-01,2.582384231329429847e-01,9.025067648417502975e-01,-4.402438556714321494e-01,4.006112125173587057e-01
-1.000861823558807373e-02,6.402136757969856262e-03,1.653075590729713440e-02,6.357099860906600952e-03,-6.209984421730041504e-03,7.766373455524444580e-04,2.530732154846191406e-01,8.797845244407653809e-01,-4.313628673553466797e-01,3.959161937236785889e-01,2.577751025841676924e-01,9.030115235448246125e-01,-4.402402379764840390e-01,4.006755934750235726e-01
-1.001738756895065308e-02,6.406912580132484436e-03,1.654767245054244995e-02,6.342504173517227173e-03,-6.202906370162963867e-03,7.777959108352661133e-04,2.527529299259185791e-01,8.802667260169982910e-01,-4.314251542091369629e-01,3.960885107517242432e-01,2.573107655536113758e-01,9.035033629862070370e-01,-4.402377891250434661e-01,4.007399852506538518e-01
-1.002597063779830933e-02,6.411589682102203369e-03,1.656428351998329163e-02,6.327960640192031860e-03,-6.196103990077972412e-03,7.787086069583892822e-04,2.524310350418090820e-01,8.807387351989746094e-01,-4.314897954463958740e-01,3.962600231170654297e-01,2.568454460159750319e-01,9.039828214462241052e-01,-4.402364898340265786e-01,4.008043831434563997e-01
-1.003435254096984863e-02,6.416136398911476135e-03,1.658058911561965942e-02,6.313458085060119629e-03,-6.189569830894470215e-03,7.794350385665893555e-04,2.521086335182189941e-01,8.811991214752197266e-01,-4.315559864044189453e-01,3.964318037033081055e-01,2.563791767757777618e-01,9.044504163177485845e-01,-4.402363210855318454e-01,4.008687825443832953e-01
-1.004260778427124023e-02,6.420623511075973511e-03,1.659659668803215027e-02,6.298992782831192017e-03,-6.183259189128875732e-03,7.799752056598663330e-04,2.517846822738647461e-01,8.816512227058410645e-01,-4.316229522228240967e-01,3.966017067432403564e-01,2.559119894672967632e-01,9.049066441078400524e-01,-4.402372641267265352e-01,4.009331789361376686e-01
-1.005065441131591797e-02,6.425017490983009338e-03,1.661228016018867493e-02,6.284549832344055176e-03,-6.177227944135665894e-03,7.802993059158325195e-04,2.514583766460418701e-01,8.820919990539550781e-01,-4.316908121109008789e-01,3.967709243297576904e-01,2.554439145545019385e-01,9.053519804405872895e-01,-4.402393004699146628e-01,4.009975678931672616e-01
-1.005855202674865723e-02,6.429333239793777466e-03,1.662770286202430725e-02,6.270155310630798340e-03,-6.171446293592453003e-03,7.804408669471740723e-04,2.511312961578369141e-01,8.825246095657348633e-01,-4.317604303359985352e-01,3.969400227069854736e-01,2.549749813309819535e-01,9.057868800586946767e-01,-4.402424118925486463e-01,4.010619450816673703e-01
-1.006632298231124878e-02,6.433561444282531738e-03,1.664286851882934570e-02,6.255801767110824585e-03,-6.165869534015655518e-03,7.803551852703094482e-04,2.508028149604797363e-01,8.829490542411804199e-01,-4.318324923515319824e-01,3.971078097820281982e-01,2.545052179198721287e-01,9.062117768261596096e-01,-4.402465804371720193e-01,4.011263062595838980e-01
-1.007394492626190186e-02,6.437731906771659851e-03,1.665776595473289490e-02,6.241470575332641602e-03,-6.160542368888854980e-03,7.801167666912078857e-04,2.504729032516479492e-01,8.833653330802917480e-01,-4.319051802158355713e-01,3.972752988338470459e-01,2.540346512738019258e-01,9.066270837304061248e-01,-4.402517884114655611e-01,4.011906472766088028e-01
-1.008138805627822876e-02,6.441826000809669495e-03,1.667241007089614868e-02,6.227202713489532471e-03,-6.155434995889663696e-03,7.796958088874816895e-04,2.501417994499206543e-01,8.837728500366210938e-01,-4.319789409637451172e-01,3.974421024322509766e-01,2.535633071748153999e-01,9.070331928845798419e-01,-4.402580183882125464e-01,4.012549640741817636e-01
-1.008870452642440796e-02,6.445841863751411438e-03,1.668677106499671936e-02,6.212957203388214111e-03,-6.150528788566589355e-03,7.791109383106231689e-04,2.498095333576202393e-01,8.841714859008789062e-01,-4.320533275604248047e-01,3.976073563098907471e-01,2.530912102343066405e-01,9.074304755297354363e-01,-4.402652532053560330e-01,4.013192526854909015e-01
-1.009587198495864868e-02,6.449844688177108765e-03,1.670092344284057617e-02,6.198741495609283447e-03,-6.145834922790527344e-03,7.783509790897369385e-04,2.494744807481765747e-01,8.845642209053039551e-01,-4.321283698081970215e-01,3.977718353271484375e-01,2.526183838929370040e-01,9.078192820372423810e-01,-4.402734759659191477e-01,4.013835092354719469e-01
-1.010293513536453247e-02,6.453774869441986084e-03,1.671482995152473450e-02,6.184592843055725098e-03,-6.141353398561477661e-03,7.773675024509429932e-04,2.491388022899627686e-01,8.849502801895141602e-01,-4.322063028812408447e-01,3.979351520538330078e-01,2.521448504205882624e-01,9.081999419109711980e-01,-4.402826700380843561e-01,4.014477299408073518e-01
-1.010987162590026855e-02,6.457664072513580322e-03,1.672855019569396973e-02,6.170477718114852905e-03,-6.137073040008544922e-03,7.762648165225982666e-04,2.488022446632385254e-01,8.853306770324707031e-01,-4.322850108146667480e-01,3.980987668037414551e-01,2.516706309162715649e-01,9.085727637898083353e-01,-4.402928190551259058e-01,4.015119111099300642e-01
-1.011668145656585693e-02,6.461501121520996094e-03,1.674200966954231262e-02,6.156399846076965332e-03,-6.132982671260833740e-03,7.750168442726135254e-04,2.484644204378128052e-01,8.857032060623168945e-01,-4.323639571666717529e-01,3.982608318328857422e-01,2.511957453080655434e-01,9.089380354496249259e-01,-4.403039069154546792e-01,4.015760491430185875e-01
-1.012334972620010376e-02,6.465317681431770325e-03,1.675524562597274780e-02,6.142362952232360840e-03,-6.129100918769836426e-03,7.735975086688995361e-04,2.481243461370468140e-01,8.860695958137512207e-01,-4.324434995651245117e-01,3.984218239784240723e-01,2.507202123530414273e-01,9.092960238060642242e-01,-4.403159177825958226e-01,4.016401405319980911e-01
-1.012988388538360596e-02,6.469035521149635315e-03,1.676823198795318604e-02,6.128355860710144043e-03,-6.125453859567642212e-03,7.719807326793670654e-04,2.477835118770599365e-01,8.864277601242065430e-01,-4.325255155563354492e-01,3.985828161239624023e-01,2.502439646333895484e-01,9.096443747786607803e-01,-4.403288466761360875e-01,4.017041741296983881e-01
-1.013626903295516968e-02,6.472691893577575684e-03,1.678098365664482117e-02,6.114408373832702637e-03,-6.121974438428878784e-03,7.702112197875976562e-04,2.474416494369506836e-01,8.867780566215515137e-01,-4.326078593730926514e-01,3.987422287464141846e-01,2.497670577583996077e-01,9.099845126457797306e-01,-4.403426734058270009e-01,4.017681501766346974e-01
-1.014255732297897339e-02,6.476314738392829895e-03,1.679356396198272705e-02,6.100460886955261230e-03,-6.118703633546829224e-03,7.682777941226959229e-04,2.470977902412414551e-01,8.871235847473144531e-01,-4.326921403408050537e-01,3.989021182060241699e-01,2.492895300056164887e-01,9.103173464027618511e-01,-4.403573800604109190e-01,4.018320675350455784e-01
-1.014873385429382324e-02,6.479904055595397949e-03,1.680590212345123291e-02,6.086587905883789062e-03,-6.115596741437911987e-03,7.661841809749603271e-04,2.467530071735382080e-01,8.874628543853759766e-01,-4.327769577503204346e-01,3.990596234798431396e-01,2.488113936137421323e-01,9.106430035185093530e-01,-4.403729520921404461e-01,4.018959228972398545e-01
-1.015473902225494385e-02,6.483463570475578308e-03,1.681802049279212952e-02,6.072741001844406128e-03,-6.112717092037200928e-03,7.639676332473754883e-04,2.464062273502349854e-01,8.877948522567749023e-01,-4.328614771366119385e-01,3.992172181606292725e-01,2.483326595889139843e-01,9.109615887467777950e-01,-4.403893752260031325e-01,4.019597130417336128e-01
-1.016069203615188599e-02,6.486963480710983276e-03,1.682994887232780457e-02,6.058946251869201660e-03,-6.109993904829025269e-03,7.615871727466583252e-04,2.460596263408660889e-01,8.881223797798156738e-01,-4.329485595226287842e-01,3.993738591670989990e-01,2.478533377046163444e-01,9.112731841288551626e-01,-4.404066354597207522e-01,4.020234348332348273e-01
-1.016646623611450195e-02,6.490429863333702087e-03,1.684167236089706421e-02,6.045188754796981812e-03,-6.107460707426071167e-03,7.590651512145996094e-04,2.457107603549957275e-01,8.884426355361938477e-01,-4.330354928970336914e-01,3.995297551155090332e-01,2.473734365016128645e-01,9.115778489957481190e-01,-4.404247190637270437e-01,4.020870852226492986e-01
-1.017215847969055176e-02,6.493862718343734741e-03,1.685317605733871460e-02,6.031457334756851196e-03,-6.105065345764160156e-03,7.563866674900054932e-04,2.453601956367492676e-01,8.887571692466735840e-01,-4.331229329109191895e-01,3.996834158897399902e-01,2.468929632878633651e-01,9.118756199704241006e-01,-4.404436125811676539e-01,4.021506612470806541e-01
-1.017776131629943848e-02,6.497254595160484314e-03,1.686451211571693420e-02,6.017766892910003662e-03,-6.102930754423141479e-03,7.535926997661590576e-04,2.450100183486938477e-01,8.890675306320190430e-01,-4.332128763198852539e-01,3.998393416404724121e-01,2.464119241384588321e-01,9.121665109704898411e-01,-4.404633028279453244e-01,4.022141600298308473e-01
-1.018320024013519287e-02,6.500603631138801575e-03,1.687559485435485840e-02,6.004128605127334595e-03,-6.100900471210479736e-03,7.506348192691802979e-04,2.446573078632354736e-01,8.893694877624511719e-01,-4.333015978336334229e-01,3.999913036823272705e-01,2.459303238955192761e-01,9.124505132103779559e-01,-4.404837768926748165e-01,4.022775787803973269e-01
-1.018853485584259033e-02,6.503917276859283447e-03,1.688652113080024719e-02,5.990508943796157837e-03,-6.099078804254531860e-03,7.475316524505615234e-04,2.443032711744308472e-01,8.896667361259460449e-01,-4.333921372890472412e-01,4.001441895961761475e-01,2.454481661681427729e-01,9.127275952037532392e-01,-4.405050221366939578e-01,4.023409147944761455e-01
-1.019378006458282471e-02,6.507210433483123779e-03,1.689723879098892212e-02,5.976945161819458008e-03,-6.097417324781417847e-03,7.442757487297058105e-04,2.439480721950531006e-01,8.899591565132141113e-01,-4.334836006164550781e-01,4.002952277660369873e-01,2.449654533323044892e-01,9.129977027657533162e-01,-4.405270261940638088e-01,4.024041654539605162e-01
-1.019888371229171753e-02,6.510414183139801025e-03,1.690772920846939087e-02,5.963411182165145874e-03,-6.095960736274719238e-03,7.408708333969116211e-04,2.435923516750335693e-01,8.902434706687927246e-01,-4.335763454437255859e-01,4.004464149475097656e-01,2.444821865308028364e-01,9.132607590155589206e-01,-4.405497769715800427e-01,4.024673282269416452e-01
-1.020387560129165649e-02,6.513603031635284424e-03,1.691803336143493652e-02,5.949910730123519897e-03,-6.094675511121749878e-03,7.373318076133728027e-04,2.432348281145095825e-01,8.905228376388549805e-01,-4.336695671081542969e-01,4.005966484546661377e-01,2.439983656731671002e-01,9.135166643786344354e-01,-4.405732626487614545e-01,4.025304006677044577e-01
-1.020875573158264160e-02,6.516773253679275513e-03,1.692816242575645447e-02,5.936443805694580078e-03,-6.093535572290420532e-03,7.336810231208801270e-04,2.428758293390274048e-01,8.907968401908874512e-01,-4.337626695632934570e-01,4.007457494735717773e-01,2.435139894355905221e-01,9.137652965890795675e-01,-4.405974716778499611e-01,4.025933804167374230e-01
-1.021349430084228516e-02,6.519852206110954285e-03,1.693803817033767700e-02,5.923025310039520264e-03,-6.092604249715805054e-03,7.298551499843597412e-04,2.425163090229034424e-01,8.910624980926513672e-01,-4.338573813438415527e-01,4.008943438529968262e-01,2.430290552608416754e-01,9.140065106919799121e-01,-4.406223927838222587e-01,4.026562652007210086e-01
-1.021812111139297485e-02,6.522899493575096130e-03,1.694772765040397644e-02,5.909629166126251221e-03,-6.091866642236709595e-03,7.259026169776916504e-04,2.421554476022720337e-01,8.913226127624511719e-01,-4.339528679847717285e-01,4.010428488254547119e-01,2.425435593582088434e-01,9.142401390458125832e-01,-4.406480149643553501e-01,4.027190528325344521e-01
-1.022261381149291992e-02,6.525894626975059509e-03,1.695717126131057739e-02,5.896270275115966797e-03,-6.091296672821044922e-03,7.218196988105773926e-04,2.417933642864227295e-01,8.915750980377197266e-01,-4.340480864048004150e-01,4.011896550655364990e-01,2.420574967034053449e-01,9.144659913247965566e-01,-4.406743274898949347e-01,4.027817412112580375e-01
-1.022717356681823730e-02,6.529005244374275208e-03,1.696666330099105835e-02,5.883019417524337769e-03,-6.090719252824783325e-03,7.176734507083892822e-04,2.414312511682510376e-01,8.918344974517822266e-01,-4.341448843479156494e-01,4.013346731662750244e-01,2.415714512692225535e-01,9.146954285068832347e-01,-4.407012444133631135e-01,4.028443076942854750e-01
-1.023174077272415161e-02,6.532201543450355530e-03,1.697618514299392700e-02,5.869816988706588745e-03,-6.090201437473297119e-03,7.134974002838134766e-04,2.410685420036315918e-01,8.920979499816894531e-01,-4.342423081398010254e-01,4.014799594879150391e-01,2.410853962219338953e-01,9.149278345749490837e-01,-4.407287580276250671e-01,4.029067510299347288e-01
-1.023618131875991821e-02,6.535321474075317383e-03,1.698549836874008179e-02,5.856599658727645874e-03,-6.089817732572555542e-03,7.091984152793884277e-04,2.407039254903793335e-01,8.923531770706176758e-01,-4.343395829200744629e-01,4.016242325305938721e-01,2.405989644195091759e-01,9.151559222886220812e-01,-4.407569042643648682e-01,4.029690819026061077e-01
-1.024051755666732788e-02,6.538482382893562317e-03,1.699467748403549194e-02,5.843408405780792236e-03,-6.089579313993453979e-03,7.047541439533233643e-04,2.403360009193420410e-01,8.926059603691101074e-01,-4.344368875026702881e-01,4.017670750617980957e-01,2.401121631215997199e-01,9.153797478514766883e-01,-4.407856712838348900e-01,4.030312979547162611e-01
-1.024478673934936523e-02,6.541620939970016479e-03,1.700373366475105286e-02,5.830276757478713989e-03,-6.089463829994201660e-03,7.002241909503936768e-04,2.399683445692062378e-01,8.928556442260742188e-01,-4.345352351665496826e-01,4.019096791744232178e-01,2.396249989126252311e-01,9.155993557088606405e-01,-4.408150474476946190e-01,4.030933968953892554e-01
-1.024901121854782104e-02,6.544752046465873718e-03,1.701265946030616760e-02,5.817182362079620361e-03,-6.089467555284500122e-03,6.955936551094055176e-04,2.396000921726226807e-01,8.931030631065368652e-01,-4.346345067024230957e-01,4.020514786243438721e-01,2.391374777017085951e-01,9.158147785493708781e-01,-4.408450213189761824e-01,4.031553765004526335e-01
-1.025310158729553223e-02,6.547871977090835571e-03,1.702138781547546387e-02,5.804125219583511353e-03,-6.089616566896438599e-03,6.908290088176727295e-04,2.392295897006988525e-01,8.933444023132324219e-01,-4.347333014011383057e-01,4.021914899349212646e-01,2.386496047226582262e-01,9.160260373061651640e-01,-4.408755816620962276e-01,4.032172346124493489e-01
-1.025714725255966187e-02,6.550995633006095886e-03,1.703004166483879089e-02,5.791112780570983887e-03,-6.089884787797927856e-03,6.859675049781799316e-04,2.388586401939392090e-01,8.935850858688354492e-01,-4.348336458206176758e-01,4.023316800594329834e-01,2.381613845339187741e-01,9.162331411587674168e-01,-4.409067174429121549e-01,4.032789691406075683e-01
-1.026108860969543457e-02,6.554068997502326965e-03,1.703852787613868713e-02,5.778126418590545654e-03,-6.090283393859863281e-03,6.810240447521209717e-04,2.384872287511825562e-01,8.938197493553161621e-01,-4.349341094493865967e-01,4.024713933467864990e-01,2.376728210185374557e-01,9.164360875342146828e-01,-4.409384178286089861e-01,4.033405780608841917e-01
-1.026498526334762573e-02,6.557194516062736511e-03,1.704686507582664490e-02,5.765184760093688965e-03,-6.090801209211349487e-03,6.759688258171081543e-04,2.381138354539871216e-01,8.940533399581909180e-01,-4.350342750549316406e-01,4.026088416576385498e-01,2.371839173841208959e-01,9.166348621088066251e-01,-4.409706721878240976e-01,4.034020594159272721e-01
-1.026877760887145996e-02,6.560262292623519897e-03,1.705506443977355957e-02,5.752261728048324585e-03,-6.091449409723281860e-03,6.707981228828430176e-04,2.377395480871200562e-01,8.942814469337463379e-01,-4.351355731487274170e-01,4.027463793754577637e-01,2.366946761628028473e-01,9.168294388094733183e-01,-4.410034700905450800e-01,4.034634113150841195e-01
-1.027247309684753418e-02,6.563330069184303284e-03,1.706312969326972961e-02,5.739405751228332520e-03,-6.092205643653869629e-03,6.655305624008178711e-04,2.373643964529037476e-01,8.945062160491943359e-01,-4.352368712425231934e-01,4.028825163841247559e-01,2.362050992112044445e-01,9.170197798152501800e-01,-4.410368013081663596e-01,4.035246319344319987e-01
-1.027612388134002686e-02,6.566386669874191284e-03,1.707109063863754272e-02,5.726553499698638916e-03,-6.093110889196395874e-03,6.601549685001373291e-04,2.369881868362426758e-01,8.947288393974304199e-01,-4.353398084640502930e-01,4.030192494392395020e-01,2.357151877104013415e-01,9.172058355588096346e-01,-4.410706558134893651e-01,4.035857195167239508e-01
-1.027965545654296875e-02,6.569419056177139282e-03,1.707889884710311890e-02,5.713753402233123779e-03,-6.094127893447875977e-03,6.546750664710998535e-04,2.366109192371368408e-01,8.949465155601501465e-01,-4.354426264762878418e-01,4.031546711921691895e-01,2.352249421658802742e-01,9.173875447278267981e-01,-4.411050237806884433e-01,4.036466723714408067e-01
-1.028314232826232910e-02,6.572475656867027283e-03,1.708656921982765198e-02,5.700983107089996338e-03,-6.095275282859802246e-03,6.490796804428100586e-04,2.362319380044937134e-01,8.951624631881713867e-01,-4.355459809303283691e-01,4.032888412475585938e-01,2.347343624074989532e-01,9.175648342665665425e-01,-4.411398955853448878e-01,4.037074888747637647e-01
-1.028651744127273560e-02,6.575483828783035278e-03,1.709406077861785889e-02,5.688253790140151978e-03,-6.096541881561279297e-03,6.434135138988494873e-04,2.358528077602386475e-01,8.953720927238464355e-01,-4.356488585472106934e-01,4.034220278263092041e-01,2.342434475894651091e-01,9.177376193773579827e-01,-4.411752618044129104e-01,4.037681674695631218e-01
-1.028981804847717285e-02,6.578484550118446350e-03,1.710141450166702271e-02,5.675543099641799927e-03,-6.097920238971710205e-03,6.376355886459350586e-04,2.354719787836074829e-01,8.955782651901245117e-01,-4.357520639896392822e-01,4.035541117191314697e-01,2.337521961902814527e-01,9.179058035218528033e-01,-4.412111132162535032e-01,4.038287066654410173e-01
-1.029302924871444702e-02,6.581464782357215881e-03,1.710866391658782959e-02,5.662888288497924805e-03,-6.099458783864974976e-03,6.317533552646636963e-04,2.350909709930419922e-01,8.957815170288085938e-01,-4.358568787574768066e-01,4.036869406700134277e-01,2.332606060127258296e-01,9.180692784227200143e-01,-4.412474408006348825e-01,4.038891050386815840e-01
-1.029624789953231812e-02,6.584508344531059265e-03,1.711585745215415955e-02,5.650267004966735840e-03,-6.101015955209732056e-03,6.258226931095123291e-04,2.347086220979690552e-01,8.959860801696777344e-01,-4.359610974788665771e-01,4.038175642490386963e-01,2.327689448950842344e-01,9.182331702392582118e-01,-4.412842017794432192e-01,4.039493500153055194e-01
-1.029947400093078613e-02,6.587645038962364197e-03,1.712307706475257874e-02,5.637723952531814575e-03,-6.102576851844787598e-03,6.198845803737640381e-04,2.343261390924453735e-01,8.961948752403259277e-01,-4.360649883747100830e-01,4.039470255374908447e-01,2.322774077906253620e-01,9.184011934460496462e-01,-4.413213626358932218e-01,4.040094320805759365e-01
-1.030262559652328491e-02,6.590783596038818359e-03,1.713019236922264099e-02,5.625173449516296387e-03,-6.104264408349990845e-03,6.138458847999572754e-04,2.339414060115814209e-01,8.964005708694458008e-01,-4.361693263053894043e-01,4.040764868259429932e-01,2.317856618260522583e-01,9.185668351658345943e-01,-4.413589561823505480e-01,4.040693636289675039e-01
-1.030573993921279907e-02,6.593914702534675598e-03,1.713721454143524170e-02,5.612663924694061279e-03,-6.106041371822357178e-03,6.077066063880920410e-04,2.335562855005264282e-01,8.966048955917358398e-01,-4.362749159336090088e-01,4.042051434516906738e-01,2.312937139474558201e-01,9.187301694940193109e-01,-4.413969727188051251e-01,4.041291430129742013e-01
-1.030880957841873169e-02,6.597049534320831299e-03,1.714414730668067932e-02,5.600206553936004639e-03,-6.107870489358901978e-03,6.015226244926452637e-04,2.331710755825042725e-01,8.968073129653930664e-01,-4.363802373409271240e-01,4.043326079845428467e-01,2.308015708246125841e-01,9.188912665105638533e-01,-4.414354026965770506e-01,4.041887686352660380e-01
-1.031178981065750122e-02,6.600232794880867004e-03,1.715098693966865540e-02,5.587756633758544922e-03,-6.109829992055892944e-03,5.952343344688415527e-04,2.327826917171478271e-01,8.970081806182861328e-01,-4.364852905273437500e-01,4.044594764709472656e-01,2.303092388509704325e-01,9.190501922809097834e-01,-4.414742367183392413e-01,4.042482389486905525e-01
-1.031473278999328613e-02,6.603406742215156555e-03,1.715771481394767761e-02,5.575366318225860596e-03,-6.111819297075271606e-03,5.888789892196655273e-04,2.323943972587585449e-01,8.972066640853881836e-01,-4.365901947021484375e-01,4.045840203762054443e-01,2.298167241436432084e-01,9.192070088567471098e-01,-4.415134655381174889e-01,4.043075524562649292e-01
-1.031762361526489258e-02,6.606584414839744568e-03,1.716440171003341675e-02,5.563002079725265503e-03,-6.113972514867782593e-03,5.824454128742218018e-04,2.320057302713394165e-01,8.974047899246215820e-01,-4.366973042488098145e-01,4.047108590602874756e-01,2.293240325434078575e-01,9.193617742772161039e-01,-4.415530800612451623e-01,4.043667077111721686e-01
-1.032045483589172363e-02,6.609788164496421814e-03,1.717097684741020203e-02,5.550675094127655029e-03,-6.116140633821487427e-03,5.759522318840026855e-04,2.316154241561889648e-01,8.976005911827087402e-01,-4.368026852607727051e-01,4.048345386981964111e-01,2.288311696146653751e-01,9.195145425691809704e-01,-4.415930713444424782e-01,4.044257033167930060e-01
-1.032325625419616699e-02,6.612993776798248291e-03,1.717744767665863037e-02,5.538366734981536865e-03,-6.118405610322952271e-03,5.693808197975158691e-04,2.312243878841400146e-01,8.977944254875183105e-01,-4.369086921215057373e-01,4.049576222896575928e-01,2.283381406454585150e-01,9.196653637485964206e-01,-4.416334305957486106e-01,4.044845379266597818e-01
-1.032600551843643188e-02,6.616206839680671692e-03,1.718385145068168640e-02,5.526091903448104858e-03,-6.120774894952774048e-03,5.627498030662536621e-04,2.308328598737716675e-01,8.979872465133666992e-01,-4.370153844356536865e-01,4.050810337066650391e-01,2.278449506474381492e-01,9.198142838211641470e-01,-4.416741491745439507e-01,4.045432102444815325e-01
-1.032870262861251831e-02,6.619438529014587402e-03,1.719015464186668396e-02,5.513865500688552856e-03,-6.123173981904983521e-03,5.560293793678283691e-04,2.304398417472839355e-01,8.981781601905822754e-01,-4.371215999126434326e-01,4.052017331123352051e-01,2.273516043558631294e-01,9.199613447830428115e-01,-4.417152185915621532e-01,4.046017190241500971e-01
-1.033134758472442627e-02,6.622701883316040039e-03,1.719640567898750305e-02,5.501657724380493164e-03,-6.125699728727340698e-03,5.492456257343292236e-04,2.300456613302230835e-01,8.983687758445739746e-01,-4.372284710407257080e-01,4.053232967853546143e-01,2.268581062295892126e-01,9.201065846218878796e-01,-4.417566305088894696e-01,4.046600630697269052e-01
-1.033392548561096191e-02,6.625985726714134216e-03,1.720254868268966675e-02,5.489505827426910400e-03,-6.128299981355667114e-03,5.423724651336669922e-04,2.296503186225891113e-01,8.985575437545776367e-01,-4.373351633548736572e-01,4.054430723190307617e-01,2.263644604510451352e-01,9.202500373176705217e-01,-4.417983767399197848e-01,4.047182412354421999e-01
-1.033651828765869141e-02,6.629256531596183777e-03,1.720863953232765198e-02,5.477368831634521484e-03,-6.130967289209365845e-03,5.355067551136016846e-04,2.292562425136566162e-01,8.987457752227783203e-01,-4.374424517154693604e-01,4.055635333061218262e-01,2.258706709262320589e-01,9.203917328434435552e-01,-4.418404492494338864e-01,4.047762524257016992e-01
-1.033899188041687012e-02,6.632547825574874878e-03,1.721461489796638489e-02,5.465261638164520264e-03,-6.133686751127243042e-03,5.284920334815979004e-04,2.288585454225540161e-01,8.989305496215820312e-01,-4.375490844249725342e-01,4.056810736656188965e-01,2.253767412847133556e-01,9.205316971661617886e-01,-4.418828401535199735e-01,4.048340955950890940e-01
-1.034145057201385498e-02,6.635842844843864441e-03,1.722055673599243164e-02,5.453191697597503662e-03,-6.136503070592880249e-03,5.215145647525787354e-04,2.284625321626663208e-01,8.991151452064514160e-01,-4.376559257507324219e-01,4.058004021644592285e-01,2.248826748795943464e-01,9.206699522476653463e-01,-4.419255417196305546e-01,4.048917697483616629e-01
-1.034385710954666138e-02,6.639160215854644775e-03,1.722637936472892761e-02,5.441151559352874756e-03,-6.139349192380905151e-03,5.143582820892333984e-04,2.280632406473159790e-01,8.992977142333984375e-01,-4.377631247043609619e-01,4.059157967567443848e-01,2.243884747875167784e-01,9.208065160453912101e-01,-4.419685463665596337e-01,4.049492739404443875e-01
-1.034621894359588623e-02,6.642524152994155884e-03,1.723217964172363281e-02,5.429156124591827393e-03,-6.142329424619674683e-03,5.072392523288726807e-04,2.276646494865417480e-01,8.994811773300170898e-01,-4.378701150417327881e-01,4.060335159301757812e-01,2.238941881226863273e-01,9.209421465240017479e-01,-4.420118394546279084e-01,4.050066032167572438e-01
-1.034860312938690186e-02,6.645940244197845459e-03,1.723792031407356262e-02,5.417197942733764648e-03,-6.145264953374862671e-03,5.000308156013488770e-04,2.272642999887466431e-01,8.996656537055969238e-01,-4.379766583442687988e-01,4.061471223831176758e-01,2.233999295287135700e-01,9.210787359284575704e-01,-4.420553954640653038e-01,4.050637464613223160e-01
-1.035092771053314209e-02,6.649341434240341187e-03,1.724361255764961243e-02,5.405247211456298828e-03,-6.148349493741989136e-03,4.927814006805419922e-04,2.268639355897903442e-01,8.998485803604125977e-01,-4.380845129489898682e-01,4.062631428241729736e-01,2.229055838734410599e-01,9.212143193293853560e-01,-4.420992263654471288e-01,4.051207136331249070e-01
-1.035322993993759155e-02,6.652772426605224609e-03,1.724924892187118530e-02,5.393348634243011475e-03,-6.151434034109115601e-03,4.854872822761535645e-04,2.264629900455474854e-01,9.000312685966491699e-01,-4.381918311119079590e-01,4.063769578933715820e-01,2.224111564843520017e-01,9.213489549603885997e-01,-4.421433246370222170e-01,4.051775036803830221e-01
-1.035548746585845947e-02,6.656235083937644958e-03,1.725479215383529663e-02,5.381461232900619507e-03,-6.154585629701614380e-03,4.781261086463928223e-04,2.260601222515106201e-01,9.002124667167663574e-01,-4.382984340190887451e-01,4.064891934394836426e-01,2.219166525282486035e-01,9.214826989916382605e-01,-4.421876828895113798e-01,4.052341155908949499e-01
-1.035770773887634277e-02,6.659707054495811462e-03,1.726031675934791565e-02,5.369618535041809082e-03,-6.157804280519485474e-03,4.706792533397674561e-04,2.256567627191543579e-01,9.003940224647521973e-01,-4.384067058563232422e-01,4.066016674041748047e-01,2.214220770112307612e-01,9.216156055308015738e-01,-4.422322938662094916e-01,4.052905483920269392e-01
-1.035988330841064453e-02,6.663227453827857971e-03,1.726577803492546082e-02,5.357820540666580200e-03,-6.161067634820938110e-03,4.632212221622467041e-04,2.252525985240936279e-01,9.005751609802246094e-01,-4.385135173797607422e-01,4.067129194736480713e-01,2.209274347787002490e-01,9.217477266232064759e-01,-4.422771504428836264e-01,4.053468011507236901e-01
-1.036203652620315552e-02,6.666770204901695251e-03,1.727118715643882751e-02,5.346041172742843628e-03,-6.164405494928359985e-03,4.556961357593536377e-04,2.248474955558776855e-01,9.007561206817626953e-01,-4.386209845542907715e-01,4.068237841129302979e-01,2.204327305153503669e-01,9.218791122528255944e-01,-4.423222456278406711e-01,4.054028729735028036e-01
-1.036415249109268188e-02,6.670316681265830994e-03,1.727650687098503113e-02,5.334295332431793213e-03,-6.167780607938766479e-03,4.481188952922821045e-04,2.244417965412139893e-01,9.009352326393127441e-01,-4.387280642986297607e-01,4.069330096244812012e-01,2.199379687451583076e-01,9.220098103427133429e-01,-4.423675725619278243e-01,4.054587630064602211e-01
-1.036627590656280518e-02,6.673907861113548279e-03,1.728183776140213013e-02,5.322575569152832031e-03,-6.171207875013351440e-03,4.405342042446136475e-04,2.240360379219055176e-01,9.011165499687194824e-01,-4.388356804847717285e-01,4.070429503917694092e-01,2.194431538313846852e-01,9.221398667555529283e-01,-4.424131245184755312e-01,4.055144704352539597e-01
-1.036830246448516846e-02,6.677512079477310181e-03,1.728704944252967834e-02,5.310870707035064697e-03,-6.174694746732711792e-03,4.328563809394836426e-04,2.236276417970657349e-01,9.012942314147949219e-01,-4.389420747756958008e-01,4.071506857872009277e-01,2.189482899765715085e-01,9.222693252944763609e-01,-4.424588949033543273e-01,4.055699944851383631e-01
-1.037033647298812866e-02,6.681151688098907471e-03,1.729222014546394348e-02,5.299210548400878906e-03,-6.178203970193862915e-03,4.251487553119659424e-04,2.232192456722259521e-01,9.014728069305419922e-01,-4.390484392642974854e-01,4.072570502758026123e-01,2.184533812225180616e-01,9.223982277033377919e-01,-4.425048772549634579e-01,4.056253344209238554e-01
-1.037232577800750732e-02,6.684798747301101685e-03,1.729740574955940247e-02,5.287583917379379272e-03,-6.181824952363967896e-03,4.174001514911651611e-04,2.228109985589981079e-01,9.016522169113159180e-01,-4.391567707061767578e-01,4.073659479618072510e-01,2.179584314502960307e-01,9.225266136676973927e-01,-4.425510652441970172e-01,4.056804895469988681e-01
-1.037430763244628906e-02,6.688486784696578979e-03,1.730244234204292297e-02,5.275964736938476562e-03,-6.185416132211685181e-03,4.096142947673797607e-04,2.224007248878479004e-01,9.018292427062988281e-01,-4.392620325088500977e-01,4.074698984622955322e-01,2.174634443802274941e-01,9.226545208151496480e-01,-4.425974526744890225e-01,4.057354592073373345e-01
-1.037625223398208618e-02,6.692180410027503967e-03,1.730748265981674194e-02,5.264401435852050781e-03,-6.189104169607162476e-03,4.017427563667297363e-04,2.219905704259872437e-01,9.020072221755981445e-01,-4.393698871135711670e-01,4.075752496719360352e-01,2.169684235718979115e-01,9.227819847159245414e-01,-4.426440334817908773e-01,4.057902427854761518e-01
-1.037817448377609253e-02,6.695913150906562805e-03,1.731251925230026245e-02,5.252845585346221924e-03,-6.192836910486221313e-03,3.938861191272735596e-04,2.215797901153564453e-01,9.021859169006347656e-01,-4.394770562648773193e-01,4.076811671257019043e-01,2.164733724241259261e-01,9.229090388836531655e-01,-4.426908017345602131e-01,4.058448397045324452e-01
-1.038003712892532349e-02,6.699670106172561646e-03,1.731744781136512756e-02,5.241334438323974609e-03,-6.196569651365280151e-03,3.859326243400573730e-04,2.211669534444808960e-01,9.023624658584594727e-01,-4.395830333232879639e-01,4.077832698822021484e-01,2.159782941749838758e-01,9.230357147758048164e-01,-4.427377516337944741e-01,4.058992494271944640e-01
-1.038192212581634521e-02,6.703441962599754333e-03,1.732238754630088806e-02,5.229834467172622681e-03,-6.200399249792098999e-03,3.779754042625427246e-04,2.207550406455993652e-01,9.025407433509826660e-01,-4.396907985210418701e-01,4.078877270221710205e-01,2.154831919017727027e-01,9.231620417943980916e-01,-4.427848775129974435e-01,4.059534714557358481e-01
-1.038374006748199463e-02,6.707283668220043182e-03,1.732723414897918701e-02,5.218364298343658447e-03,-6.204236298799514771e-03,3.699474036693572998e-04,2.203399538993835449e-01,9.027178287506103516e-01,-4.397961795330047607e-01,4.079886078834533691e-01,2.149880709563521397e-01,9.232880558175129426e-01,-4.428321712258306841e-01,4.060075043848128118e-01
-1.038556545972824097e-02,6.711121648550033569e-03,1.733206212520599365e-02,5.206957459449768066e-03,-6.208132952451705933e-03,3.619007766246795654e-04,2.199266850948333740e-01,9.028959274291992188e-01,-4.399032294750213623e-01,4.080901145935058594e-01,2.144929631984924256e-01,9.234138840533825388e-01,-4.428795961511136636e-01,4.060613364764011912e-01
-1.038735359907150269e-02,6.714988499879837036e-03,1.733686402440071106e-02,5.195528268814086914e-03,-6.212074309587478638e-03,3.538206219673156738e-04,2.195114195346832275e-01,9.030734896659851074e-01,-4.400096833705902100e-01,4.081915318965911865e-01,2.139978464091256416e-01,9.235394627731319250e-01,-4.429271736377431989e-01,4.061149770024117811e-01
-1.038908958435058594e-02,6.718873977661132812e-03,1.734157279133796692e-02,5.184143781661987305e-03,-6.216038018465042114e-03,3.456771373748779297e-04,2.190949618816375732e-01,9.032490253448486328e-01,-4.401150643825531006e-01,4.082905054092407227e-01,2.135027236052622901e-01,9.236648151826311048e-01,-4.429748979240930029e-01,4.061684253967125513e-01
-1.039086282253265381e-02,6.722795777022838593e-03,1.734627410769462585e-02,5.172822624444961548e-03,-6.220046430826187134e-03,3.375001251697540283e-04,2.186795473098754883e-01,9.034274816513061523e-01,-4.402220547199249268e-01,4.083893299102783203e-01,2.130075976633389601e-01,9.237899625038085150e-01,-4.430227633593723513e-01,4.062216811248989257e-01
-1.039256155490875244e-02,6.726759485900402069e-03,1.735095679759979248e-02,5.161479115486145020e-03,-6.224099546670913696e-03,3.293305635452270508e-04,2.182618677616119385e-01,9.036047458648681641e-01,-4.403271079063415527e-01,4.084883034229278564e-01,2.125124713192090287e-01,9.239149239749240294e-01,-4.430707644036149806e-01,4.062747436842796822e-01
-1.039423793554306030e-02,6.730722263455390930e-03,1.735556870698928833e-02,5.150184035301208496e-03,-6.228167563676834106e-03,3.210678696632385254e-04,2.178435921669006348e-01,9.037809967994689941e-01,-4.404328763484954834e-01,4.085851311683654785e-01,2.120173471681304211e-01,9.240397168511157444e-01,-4.431188956277239965e-01,4.063276126038638525e-01
-1.039594411849975586e-02,6.734734401106834412e-03,1.736018434166908264e-02,5.138926208019256592e-03,-6.232302635908126831e-03,3.128238022327423096e-04,2.174262404441833496e-01,9.039599895477294922e-01,-4.405391216278076172e-01,4.086830019950866699e-01,2.115222276647720501e-01,9.241643564048920290e-01,-4.431671517134041505e-01,4.063802874443828150e-01
-1.039753854274749756e-02,6.738756783306598663e-03,1.736470684409141541e-02,5.127660930156707764e-03,-6.236460059881210327e-03,3.044940531253814697e-04,2.170054614543914795e-01,9.041350483894348145e-01,-4.406436085700988770e-01,4.087785184383392334e-01,2.110271151231959130e-01,9.242888559264595960e-01,-4.432155274532301736e-01,4.064327677982813025e-01
-1.039918512105941772e-02,6.742830388247966766e-03,1.736922934651374817e-02,5.116444081068038940e-03,-6.240654736757278442e-03,2.961605787277221680e-04,2.165856212377548218e-01,9.043133258819580078e-01,-4.407489299774169922e-01,4.088739156723022461e-01,2.105320117168627547e-01,9.244132267245984691e-01,-4.432640177505665080e-01,4.064850532897082425e-01
-1.040080189704895020e-02,6.746919825673103333e-03,1.737371459603309631e-02,5.105249583721160889e-03,-6.244901567697525024e-03,2.877861261367797852e-04,2.161651849746704102e-01,9.044913053512573242e-01,-4.408544898033142090e-01,4.089691042900085449e-01,2.100369194786236016e-01,9.245374781266065822e-01,-4.433126176196590662e-01,4.065371435745412376e-01
-1.040235906839370728e-02,6.751025095582008362e-03,1.737814396619796753e-02,5.094084888696670532e-03,-6.249148398637771606e-03,2.793781459331512451e-04,2.157435417175292969e-01,9.046675562858581543e-01,-4.409587383270263672e-01,4.090624451637268066e-01,2.095418403007134889e-01,9.246616174792847698e-01,-4.433613221855776110e-01,4.065890383403619746e-01
-1.040393114089965820e-02,6.755176931619644165e-03,1.738254353404045105e-02,5.082942545413970947e-03,-6.253439933061599731e-03,2.709329128265380859e-04,2.153212428092956543e-01,9.048453569412231445e-01,-4.410632252693176270e-01,4.091551899909973145e-01,2.090467759347434396e-01,9.247856501490456793e-01,-4.434101266842165878e-01,4.066407373064532815e-01
-1.040548831224441528e-02,6.759336218237876892e-03,1.738692447543144226e-02,5.071826279163360596e-03,-6.257776170969009399e-03,2.624578773975372314e-04,2.148990333080291748e-01,9.050233364105224609e-01,-4.411684870719909668e-01,4.092480540275573730e-01,2.085517279917080968e-01,9.249095795226239813e-01,-4.434590264623170519e-01,4.066922402238306589e-01
-1.040697842836380005e-02,6.763507612049579620e-03,1.739125698804855347e-02,5.060724914073944092e-03,-6.262142211198806763e-03,2.539567649364471436e-04,2.144755870103836060e-01,9.051994681358337402e-01,-4.412725567817687988e-01,4.093401730060577393e-01,2.080566979419604390e-01,9.250334070074052173e-01,-4.435080169774559544e-01,4.067435468752148564e-01
-1.040848344564437866e-02,6.767728365957736969e-03,1.739555969834327698e-02,5.049653351306915283e-03,-6.266515702009201050e-03,2.454258501529693604e-04,2.140514552593231201e-01,9.053769707679748535e-01,-4.413763582706451416e-01,4.094306528568267822e-01,2.075616871152310694e-01,9.251571320319723624e-01,-4.435570937980455875e-01,4.067946570750308188e-01
-1.040992885828018188e-02,6.771976128220558167e-03,1.739982888102531433e-02,5.038604140281677246e-03,-6.270971149206161499e-03,2.368465065956115723e-04,2.136260718107223511e-01,9.055540561676025391e-01,-4.414803087711334229e-01,4.095215797424316406e-01,2.070666967006007109e-01,9.252807520465974322e-01,-4.436062526033340836e-01,4.068455706694298901e-01
-1.041141152381896973e-02,6.776249036192893982e-03,1.740406826138496399e-02,5.027599632740020752e-03,-6.275411695241928101e-03,2.282634377479553223e-04,2.132014930248260498e-01,9.057323932647705078e-01,-4.415841102600097656e-01,4.096108675003051758e-01,2.065717277465153878e-01,9.254042625235696651e-01,-4.436554891834164072e-01,4.068962875362687748e-01
-1.041284203529357910e-02,6.780530326068401337e-03,1.740825921297073364e-02,5.016591399908065796e-03,-6.279919296503067017e-03,2.196170389652252197e-04,2.127753198146820068e-01,9.059093594551086426e-01,-4.416880905628204346e-01,4.097001254558563232e-01,2.060767811607623345e-01,9.255276569579067303e-01,-4.437047994391891681e-01,4.069468075851225275e-01
-1.041427254676818848e-02,6.784872151911258698e-03,1.741244643926620483e-02,5.005627870559692383e-03,-6.284411996603012085e-03,2.109818160533905029e-04,2.123487591743469238e-01,9.060879349708557129e-01,-4.417909085750579834e-01,4.097878932952880859e-01,2.055819323652495201e-01,9.256519642046862062e-01,-4.437541306672059815e-01,4.069971154142677516e-01
-1.041569560766220093e-02,6.789238192141056061e-03,1.741660386323928833e-02,4.994686692953109741e-03,-6.288949400186538696e-03,2.023018896579742432e-04,2.119217067956924438e-01,9.062671661376953125e-01,-4.418941736221313477e-01,4.098753333091735840e-01,2.050871303835247184e-01,9.257764566552116881e-01,-4.438035126637859817e-01,4.070472216023391931e-01
-1.041708886623382568e-02,6.793621927499771118e-03,1.742075383663177490e-02,4.983764141798019409e-03,-6.293516606092453003e-03,1.936070621013641357e-04,2.114941179752349854e-01,9.064465761184692383e-01,-4.419974088668823242e-01,4.099627733230590820e-01,2.045923704714932012e-01,9.259010491636701090e-01,-4.438529450753416761e-01,4.070971272289799492e-01
-1.041843742132186890e-02,6.798014044761657715e-03,1.742484048008918762e-02,4.972852766513824463e-03,-6.298091262578964233e-03,1.848936080932617188e-04,2.110656201839447021e-01,9.066238403320312500e-01,-4.420991837978363037e-01,4.100487530231475830e-01,2.040976544571496964e-01,9.260257478840586698e-01,-4.439024232787667779e-01,4.071468320259331031e-01
-1.041980087757110596e-02,6.802474148571491241e-03,1.742893829941749573e-02,4.961971193552017212e-03,-6.302688270807266235e-03,1.761466264724731445e-04,2.106361389160156250e-01,9.068040251731872559e-01,-4.422012567520141602e-01,4.101340472698211670e-01,2.036029840778372513e-01,9.261505576860527000e-01,-4.439519427291775955e-01,4.071963357463884714e-01
-1.042114198207855225e-02,6.806948222219944000e-03,1.743296533823013306e-02,4.951104521751403809e-03,-6.307322531938552856e-03,1.673661172389984131e-04,2.102059125900268555e-01,9.069831371307373047e-01,-4.423028230667114258e-01,4.102181494235992432e-01,2.031083609802317447e-01,9.262754821552241502e-01,-4.440014989599235795e-01,4.072456381649784962e-01
-1.042248308658599854e-02,6.811442784965038300e-03,1.743698865175247192e-02,4.940256476402282715e-03,-6.311986595392227173e-03,1.585818827152252197e-04,2.097758352756500244e-01,9.071630239486694336e-01,-4.424044787883758545e-01,4.103025197982788086e-01,2.026137867203428033e-01,9.264005235935884874e-01,-4.440510875825992576e-01,4.072947390777713617e-01
-1.042376458644866943e-02,6.815938279032707214e-03,1.744098588824272156e-02,4.929453134536743164e-03,-6.316687911748886108e-03,1.497380435466766357e-04,2.093451917171478271e-01,9.073418974876403809e-01,-4.425067305564880371e-01,4.103865623474121094e-01,2.021192627635210182e-01,9.265256830196045845e-01,-4.441007042869875576e-01,4.073436383022848717e-01
-1.042507588863372803e-02,6.820512935519218445e-03,1.744495332241058350e-02,4.918675869703292847e-03,-6.321359425783157349e-03,1.408830285072326660e-04,2.089133411645889282e-01,9.075230360031127930e-01,-4.426074624061584473e-01,4.104677736759185791e-01,2.016247904844363781e-01,9.266509601688305287e-01,-4.441503448411160404e-01,4.073923356774775129e-01
-1.042636483907699585e-02,6.825081072747707367e-03,1.744890585541725159e-02,4.907891154289245605e-03,-6.326120346784591675e-03,1.320354640483856201e-04,2.084817886352539062e-01,9.077036380767822266e-01,-4.427087903022766113e-01,4.105510711669921875e-01,2.011303711670930083e-01,9.267763534939787995e-01,-4.442000050912459641e-01,4.074408310637425146e-01
-1.042760908603668213e-02,6.829657591879367828e-03,1.745280250906944275e-02,4.897147417068481445e-03,-6.330858916044235229e-03,1.231096684932708740e-04,2.080489397048950195e-01,9.078827500343322754e-01,-4.428096413612365723e-01,4.106316268444061279e-01,2.006360060048163751e-01,9.269018601652437850e-01,-4.442496809618607378e-01,4.074891243429298315e-01
-1.042883843183517456e-02,6.834286265075206757e-03,1.745671033859252930e-02,4.886418581008911133e-03,-6.335642188787460327e-03,1.142285764217376709e-04,2.076159417629241943e-01,9.080634117126464844e-01,-4.429095685482025146e-01,4.107130765914916992e-01,2.001416961002534245e-01,9.270274760708490103e-01,-4.442993684556548195e-01,4.075372154183179441e-01
-1.043008267879486084e-02,6.838936358690261841e-03,1.746055483818054199e-02,4.875726997852325439e-03,-6.340403109788894653e-03,1.052655279636383057e-04,2.071820199489593506e-01,9.082441329956054688e-01,-4.430095553398132324e-01,4.107914865016937256e-01,1.996474424653716662e-01,9.271531958170466936e-01,-4.443490636535561422e-01,4.075851042146331205e-01
-1.043128967285156250e-02,6.843626499176025391e-03,1.746442914009094238e-02,4.865027964115142822e-03,-6.345253437757492065e-03,9.632110595703125000e-05,2.067474722862243652e-01,9.084260463714599609e-01,-4.431096017360687256e-01,4.108722209930419922e-01,1.991532460214486544e-01,9.272790127286647532e-01,-4.443987627147488184e-01,4.076327906780392030e-01
-1.043249666690826416e-02,6.848309189081192017e-03,1.746821403503417969e-02,4.854358732700347900e-03,-6.350103765726089478e-03,8.734688162803649902e-05,2.063130885362625122e-01,9.086062312126159668e-01,-4.432091712951660156e-01,4.109507799148559570e-01,1.986591075990771782e-01,9.274049188492702323e-01,-4.444484618765826567e-01,4.076802747761518741e-01
-1.043368130922317505e-02,6.853032857179641724e-03,1.747200265526771545e-02,4.843708127737045288e-03,-6.354939192533493042e-03,7.833540439605712891e-05,2.058772295713424683e-01,9.087873101234436035e-01,-4.433081746101379395e-01,4.110280275344848633e-01,1.981650279381690083e-01,9.275309049416075036e-01,-4.444981574546975067e-01,4.077275564980235023e-01
-1.043482869863510132e-02,6.857786327600479126e-03,1.747578382492065430e-02,4.833102226257324219e-03,-6.359841674566268921e-03,6.930530071258544922e-05,2.054413408041000366e-01,9.089692234992980957e-01,-4.434075653553009033e-01,4.111059606075286865e-01,1.976710076879296119e-01,9.276569604877072939e-01,-4.445478458429102386e-01,4.077746358541449179e-01
-1.043598353862762451e-02,6.862562149763107300e-03,1.747952774167060852e-02,4.822492599487304688e-03,-6.364759057760238647e-03,6.028637290000915527e-05,2.050051391124725342e-01,9.091509580612182617e-01,-4.435060620307922363e-01,4.111832976341247559e-01,1.971770474068813561e-01,9.277830736894876473e-01,-4.445975235132827441e-01,4.078215128764477448e-01
-1.043711602687835693e-02,6.867373362183570862e-03,1.748323068022727966e-02,4.811912775039672852e-03,-6.369661539793014526e-03,5.120411515235900879e-05,2.045673131942749023e-01,9.093327522277832031e-01,-4.436039328575134277e-01,4.112581610679626465e-01,1.966831475628426917e-01,9.279092314686452347e-01,-4.446471870161216033e-01,4.078681876183194444e-01
-1.043823361396789551e-02,6.872177124023437500e-03,1.748694479465484619e-02,4.801344126462936401e-03,-6.374645978212356567e-03,4.212930798530578613e-05,2.041304707527160645e-01,9.095147848129272461e-01,-4.437030553817749023e-01,4.113353192806243896e-01,1.961893085329343145e-01,9.280354194673654522e-01,-4.446968329799217412e-01,4.079146601545779460e-01
-1.043935120105743408e-02,6.876992993056774139e-03,1.749059185385704041e-02,4.790790379047393799e-03,-6.379593163728713989e-03,3.303214907646179199e-05,2.036928832530975342e-01,9.096956253051757812e-01,-4.438008069992065430e-01,4.114097952842712402e-01,1.956955306035795816e-01,9.281616220483775992e-01,-4.447464581114341509e-01,4.079609305814809184e-01
-1.044041663408279419e-02,6.881880573928356171e-03,1.749422773718833923e-02,4.780270159244537354e-03,-6.384562700986862183e-03,2.390146255493164062e-05,2.032532989978790283e-01,9.098775982856750488e-01,-4.438973367214202881e-01,4.114829897880554199e-01,1.952018139704913280e-01,9.282878222954469294e-01,-4.447960591956323650e-01,4.080069990167368155e-01
-1.044149696826934814e-02,6.886770017445087433e-03,1.749781891703605652e-02,4.769772291183471680e-03,-6.389584392309188843e-03,1.477077603340148926e-05,2.028146386146545410e-01,9.100593328475952148e-01,-4.439944326877593994e-01,4.115563929080963135e-01,1.947081587386736978e-01,9.284140020133737625e-01,-4.448456330956891414e-01,4.080528655994946630e-01
-1.044254750013351440e-02,6.891658529639244080e-03,1.750143617391586304e-02,4.759296774864196777e-03,-6.394606083631515503e-03,5.591660737991333008e-06,2.023754566907882690e-01,9.102416634559631348e-01,-4.440923035144805908e-01,4.116299152374267578e-01,1.942145649224297499e-01,9.285401417285414905e-01,-4.448951767530298085e-01,4.080985304903381738e-01
-1.044359803199768066e-02,6.896606646478176117e-03,1.750500127673149109e-02,4.748821258544921875e-03,-6.399650126695632935e-03,-3.553926944732666016e-06,2.019353955984115601e-01,9.104241728782653809e-01,-4.441881179809570312e-01,4.117022156715393066e-01,1.937210324453443044e-01,9.286662206892437599e-01,-4.449446871873101728e-01,4.081439938713017357e-01
-1.044460386037826538e-02,6.901536136865615845e-03,1.750852540135383606e-02,4.738360643386840820e-03,-6.404738873243331909e-03,-1.276284456253051758e-05,2.014947235584259033e-01,9.106050729751586914e-01,-4.442846477031707764e-01,4.117743670940399170e-01,1.932275611402946569e-01,9.287922168657392064e-01,-4.449941614963945913e-01,4.081892559458575320e-01
-1.044560223817825317e-02,6.906536407768726349e-03,1.751204207539558411e-02,4.727922379970550537e-03,-6.409812718629837036e-03,-2.196431159973144531e-05,2.010527998208999634e-01,9.107875227928161621e-01,-4.443794488906860352e-01,4.118449687957763672e-01,1.927341507494382822e-01,9.289181069507438382e-01,-4.450435968563803968e-01,4.082343169389182069e-01
-1.044660806655883789e-02,6.911521777510643005e-03,1.751553639769554138e-02,4.717517644166946411e-03,-6.414931267499923706e-03,-3.120675683021545410e-05,2.006117850542068481e-01,9.109700322151184082e-01,-4.444759488105773926e-01,4.119158685207366943e-01,1.922408009242127791e-01,9.290438663597041513e-01,-4.450929905215907922e-01,4.082791770968463574e-01
-1.044756174087524414e-02,6.916526705026626587e-03,1.751897856593132019e-02,4.707112908363342285e-03,-6.420064717531204224e-03,-4.046037793159484863e-05,2.001693546772003174e-01,9.111508727073669434e-01,-4.445707499980926514e-01,4.119856059551239014e-01,1.917475112253383962e-01,9.291694692310158432e-01,-4.451423398245749619e-01,4.083238366874370473e-01
-1.044853776693344116e-02,6.921536289155483246e-03,1.752241700887680054e-02,4.696741700172424316e-03,-6.425213068723678589e-03,-4.972890019416809082e-05,1.997278034687042236e-01,9.113327860832214355e-01,-4.446665048599243164e-01,4.120553135871887207e-01,1.912542811228135353e-01,9.292948884262970388e-01,-4.451916421761084042e-01,4.083682959999321294e-01
-1.044948399066925049e-02,6.926600821316242218e-03,1.752582564949989319e-02,4.686370491981506348e-03,-6.430368870496749878e-03,-5.901232361793518066e-05,1.992842555046081543e-01,9.115148186683654785e-01,-4.447605907917022705e-01,4.121235907077789307e-01,1.907611099959118095e-01,9.294200955308259404e-01,-4.452408950651927100e-01,4.084125553450191348e-01
-1.045038551092147827e-02,6.931655108928680420e-03,1.752920076251029968e-02,4.676014184951782227e-03,-6.435554474592208862e-03,-6.832182407379150391e-05,1.988403797149658203e-01,9.116953015327453613e-01,-4.448547363281250000e-01,4.121917784214019775e-01,1.902679971331809605e-01,9.295450608536499626e-01,-4.452900960590554513e-01,4.084566150548201713e-01
-1.045129448175430298e-02,6.936740130186080933e-03,1.753254234790802002e-02,4.665695130825042725e-03,-6.440777331590652466e-03,-7.764622569084167480e-05,1.983967721462249756e-01,9.118767380714416504e-01,-4.449488520622253418e-01,4.122593700885772705e-01,1.897749417324369747e-01,9.296697534280777830e-01,-4.453392428031504591e-01,4.085004754829020812e-01
-1.045216619968414307e-02,6.941854953765869141e-03,1.753585413098335266e-02,4.655372351408004761e-03,-6.446007639169692993e-03,-8.698925375938415527e-05,1.979514658451080322e-01,9.120574593544006348e-01,-4.450418353080749512e-01,4.123258888721466064e-01,1.892819429007727983e-01,9.297941410116794536e-01,-4.453883330211573233e-01,4.085441370042795506e-01
-1.045302301645278931e-02,6.946969777345657349e-03,1.753913983702659607e-02,4.645086824893951416e-03,-6.451260298490524292e-03,-9.634345769882202148e-05,1.975067853927612305e-01,9.122378230094909668e-01,-4.451348781585693359e-01,4.123922288417816162e-01,1.887889996545419058e-01,9.299181900868330741e-01,-4.454373645149821148e-01,4.085876000154006760e-01
-1.045390963554382324e-02,6.952092982828617096e-03,1.754241809248924255e-02,4.634816199541091919e-03,-6.456550210714340210e-03,-1.057311892509460449e-04,1.970624625682830811e-01,9.124195575714111328e-01,-4.452294111251831055e-01,4.124588072299957275e-01,1.882961109193640736e-01,9.300418658608886613e-01,-4.454863351647568304e-01,4.086308649341675037e-01
-1.045474410057067871e-02,6.957271136343479156e-03,1.754570379853248596e-02,4.624545574188232422e-03,-6.461795419454574585e-03,-1.150965690612792969e-04,1.966160535812377930e-01,9.126011729240417480e-01,-4.453211426734924316e-01,4.125238060951232910e-01,1.878033829208123062e-01,9.301671906045987370e-01,-4.455352208919097778e-01,4.086739235319631347e-01
-1.045560091733932495e-02,6.962499581277370453e-03,1.754898577928543091e-02,4.614304751157760620e-03,-6.467070430517196655e-03,-1.244656741619110107e-04,1.961696743965148926e-01,9.127850532531738281e-01,-4.454130530357360840e-01,4.125885367393493652e-01,1.873108052767703258e-01,9.302939518954698173e-01,-4.455840216063507997e-01,4.087167770064212280e-01
-1.045646518468856812e-02,6.967709399759769440e-03,1.755221560597419739e-02,4.604093730449676514e-03,-6.472352892160415649e-03,-1.338794827461242676e-04,1.957238167524337769e-01,9.129679799079895020e-01,-4.455056488513946533e-01,4.126520156860351562e-01,1.868183020299201413e-01,9.304206809939892242e-01,-4.456327507335310356e-01,4.087594318620016431e-01
-1.045729219913482666e-02,6.972966715693473816e-03,1.755546033382415771e-02,4.593886435031890869e-03,-6.477657705545425415e-03,-1.432672142982482910e-04,1.952769607305526733e-01,9.131517410278320312e-01,-4.455968439579010010e-01,4.127159714698791504e-01,1.863258730445032652e-01,9.305473629204642494e-01,-4.456814061995330589e-01,4.088018884973644296e-01
-1.045812666416168213e-02,6.978226825594902039e-03,1.755866408348083496e-02,4.583694040775299072e-03,-6.482969969511032104e-03,-1.526735723018646240e-04,1.948301643133163452e-01,9.133350253105163574e-01,-4.456880986690521240e-01,4.127789437770843506e-01,1.858335181243473411e-01,9.306739820005575092e-01,-4.457299860024504512e-01,4.088441473301719919e-01
-1.045893132686614990e-02,6.983530707657337189e-03,1.756185293197631836e-02,4.573512822389602661e-03,-6.488282233476638794e-03,-1.621209084987640381e-04,1.943815350532531738e-01,9.135187864303588867e-01,-4.457785785198211670e-01,4.128405153751373291e-01,1.853412370128652842e-01,9.308005218655055479e-01,-4.457784882123878023e-01,4.088862087970811521e-01
-1.045969873666763306e-02,6.988835521042346954e-03,1.756502315402030945e-02,4.563361406326293945e-03,-6.493631750345230103e-03,-1.715421676635742188e-04,1.939335763454437256e-01,9.137017130851745605e-01,-4.458684921264648438e-01,4.129026830196380615e-01,1.848490293930561967e-01,9.309269654521186155e-01,-4.458269109714605993e-01,4.089280733537328238e-01
-1.046048849821090698e-02,6.994148716330528259e-03,1.756817102432250977e-02,4.553206264972686768e-03,-6.498981267213821411e-03,-1.810230314731597900e-04,1.934847682714462280e-01,9.138850569725036621e-01,-4.459591507911682129e-01,4.129637777805328369e-01,1.843568948875057845e-01,9.310532950032185395e-01,-4.458752524937954487e-01,4.089697414747865412e-01
-1.046123355627059937e-02,6.999494507908821106e-03,1.757128164172172546e-02,4.543073475360870361e-03,-6.504353135824203491e-03,-1.905076205730438232e-04,1.930350363254547119e-01,9.140677452087402344e-01,-4.460484981536865234e-01,4.130239486694335938e-01,1.838648330583718682e-01,9.311794920679115073e-01,-4.459235110655299095e-01,4.090112136538901488e-01
-1.046199351549148560e-02,7.004843093454837799e-03,1.757440343499183655e-02,4.532955586910247803e-03,-6.509762257337570190e-03,-1.999847590923309326e-04,1.925862729549407959e-01,9.142516255378723145e-01,-4.461387693881988525e-01,4.130852520465850830e-01,1.833728434074059221e-01,9.313055375017523785e-01,-4.459716850448128267e-01,4.090524904036785259e-01
-1.046270132064819336e-02,7.010216824710369110e-03,1.757748425006866455e-02,4.522848874330520630e-03,-6.515141576528549194e-03,-2.094879746437072754e-04,1.921356320381164551e-01,9.144338369369506836e-01,-4.462271332740783691e-01,4.131443202495574951e-01,1.828809253759385023e-01,9.314314114668541533e-01,-4.460197728618037205e-01,4.090935722558044496e-01
-1.046344637870788574e-02,7.015601731836795807e-03,1.758054271340370178e-02,4.512757062911987305e-03,-6.520580500364303589e-03,-2.189874649047851562e-04,1.916860938072204590e-01,9.146174788475036621e-01,-4.463164508342742920e-01,4.132041633129119873e-01,1.823890783448736952e-01,9.315570934323250674e-01,-4.460677730186732859e-01,4.091344597609056222e-01
-1.046411693096160889e-02,7.021015509963035583e-03,1.758355647325515747e-02,4.502676427364349365e-03,-6.526004523038864136e-03,-2.285242080688476562e-04,1.912342458963394165e-01,9.147990942001342773e-01,-4.464038312435150146e-01,4.132618606090545654e-01,1.818973016347049942e-01,9.316825621744325714e-01,-4.461156840896031706e-01,4.091751534886151620e-01
-1.046482473611831665e-02,7.026438601315021515e-03,1.758657395839691162e-02,4.492618143558502197e-03,-6.531473249197006226e-03,-2.380758523941040039e-04,1.907833814620971680e-01,9.149825572967529297e-01,-4.464927613735198975e-01,4.133203923702239990e-01,1.814055945054998120e-01,9.318077957767677555e-01,-4.461635047207862526e-01,4.092156540275726506e-01
-1.046548783779144287e-02,7.031888701021671295e-03,1.758953928947448730e-02,4.482597112655639648e-03,-6.536927074193954468e-03,-2.476163208484649658e-04,1.903320252895355225e-01,9.151648283004760742e-01,-4.465796351432800293e-01,4.133769571781158447e-01,1.809139561569026444e-01,9.319327716304633968e-01,-4.462112336304260851e-01,4.092559619854110320e-01
-1.046614348888397217e-02,7.037332281470298767e-03,1.759248599410057068e-02,4.472553730010986328e-03,-6.542433053255081177e-03,-2.571716904640197754e-04,1.898802518844604492e-01,9.153464436531066895e-01,-4.466669559478759766e-01,4.134344458580017090e-01,1.804223857281405385e-01,9.320574664346867877e-01,-4.462588696087375073e-01,4.092960779887553358e-01
-1.046679168939590454e-02,7.042787037789821625e-03,1.759541779756546021e-02,4.462562501430511475e-03,-6.547924131155014038e-03,-2.667643129825592041e-04,1.894286870956420898e-01,9.155285358428955078e-01,-4.467545747756958008e-01,4.134906232357025146e-01,1.799308822980151823e-01,9.321818561965296013e-01,-4.463064115179463665e-01,4.093360026832363330e-01
-1.046743243932723999e-02,7.048278115689754486e-03,1.759836077690124512e-02,4.452537745237350464e-03,-6.553467363119125366e-03,-2.763383090496063232e-04,1.889759898185729980e-01,9.157114624977111816e-01,-4.468416273593902588e-01,4.135479331016540527e-01,1.794394448849038204e-01,9.323059162312817838e-01,-4.463538582922894626e-01,4.093757367334777686e-01
-1.046800613403320312e-02,7.053760811686515808e-03,1.760121062397956848e-02,4.442568868398666382e-03,-6.558980792760848999e-03,-2.859458327293395996e-04,1.885229051113128662e-01,9.158910512924194336e-01,-4.469270408153533936e-01,4.136022627353668213e-01,1.789480724467596429e-01,9.324296211629781173e-01,-4.464012089380144377e-01,4.094152808231000251e-01
-1.046860963106155396e-02,7.059282623231410980e-03,1.760406047105789185e-02,4.432596266269683838e-03,-6.564524024724960327e-03,-2.955570816993713379e-04,1.880693733692169189e-01,9.160726666450500488e-01,-4.470126330852508545e-01,4.136566519737243652e-01,1.784567638811145884e-01,9.325529449241793944e-01,-4.464484625333802748e-01,4.094546356547307253e-01
-1.046916842460632324e-02,7.064813748002052307e-03,1.760688796639442444e-02,4.422623664140701294e-03,-6.570111960172653198e-03,-3.052130341529846191e-04,1.876146048307418823e-01,9.162532687187194824e-01,-4.470981955528259277e-01,4.137110710144042969e-01,1.779655180250655500e-01,9.326758607566285608e-01,-4.464956182286569097e-01,4.094938019499797521e-01
-1.046976447105407715e-02,7.070358842611312866e-03,1.760970428586006165e-02,4.412703216075897217e-03,-6.575707346200942993e-03,-3.148354589939117432e-04,1.871617883443832397e-01,9.164354801177978516e-01,-4.471841156482696533e-01,4.137654006481170654e-01,1.774743336552930817e-01,9.327983412110866235e-01,-4.465426752461250093e-01,4.095327804494623969e-01
-1.047028601169586182e-02,7.075898349285125732e-03,1.761249452829360962e-02,4.402756690979003906e-03,-6.581325083971023560e-03,-3.244914114475250244e-04,1.867069303989410400e-01,9.166150689125061035e-01,-4.472690224647521973e-01,4.138195216655731201e-01,1.769832094880487705e-01,9.329203581478250351e-01,-4.465896328800765813e-01,4.095715719127974164e-01
-1.047082245349884033e-02,7.081454619765281677e-03,1.761523261666297913e-02,4.392832517623901367e-03,-6.586920469999313354e-03,-3.341510891914367676e-04,1.862521469593048096e-01,9.167944788932800293e-01,-4.473530650138854980e-01,4.138716757297515869e-01,1.764921441791519885e-01,9.330418827367893408e-01,-4.466364904968145866e-01,4.096101771185877705e-01
-1.047130674123764038e-02,7.087007164955139160e-03,1.761795580387115479e-02,4.382930696010589600e-03,-6.592582911252975464e-03,-3.438331186771392822e-04,1.857972592115402222e-01,9.169730544090270996e-01,-4.474375844001770020e-01,4.139249026775360107e-01,1.760011363239988025e-01,9.331628854577086463e-01,-4.466832475346529385e-01,4.096485968644417719e-01
-1.047179102897644043e-02,7.092609070241451263e-03,1.762063056230545044e-02,4.373032599687576294e-03,-6.598215550184249878e-03,-3.535188734531402588e-04,1.853409409523010254e-01,9.171516299247741699e-01,-4.475201368331909180e-01,4.139755368232727051e-01,1.755101844575539527e-01,9.332833361004235773e-01,-4.467299035039166144e-01,4.096868319669682013e-01
-1.047226786613464355e-02,7.098202593624591827e-03,1.762329787015914917e-02,4.363156855106353760e-03,-6.603915244340896606e-03,-3.632083535194396973e-04,1.848855763673782349e-01,9.173303842544555664e-01,-4.476037025451660156e-01,4.140276908874511719e-01,1.750192870543535451e-01,9.334032037652140179e-01,-4.467764579869415442e-01,4.097248832617700898e-01
-1.047272235155105591e-02,7.103799842298030853e-03,1.762592047452926636e-02,4.353296011686325073e-03,-6.609600037336349487e-03,-3.729574382305145264e-04,1.844291388988494873e-01,9.175080060958862305e-01,-4.476870894432067871e-01,4.140778183937072754e-01,1.745284425285034968e-01,9.335224568628003317e-01,-4.468229106380747218e-01,4.097627516034377249e-01
-1.047316193580627441e-02,7.109403610229492188e-03,1.762855425477027893e-02,4.343457520008087158e-03,-6.615344434976577759e-03,-3.826729953289031982e-04,1.839737594127655029e-01,9.176862835884094238e-01,-4.477707743644714355e-01,4.141298532485961914e-01,1.740376492336824232e-01,9.336410631146148109e-01,-4.468692611836740936e-01,4.098004378655820124e-01
-1.047356426715850830e-02,7.115030661225318909e-03,1.763111352920532227e-02,4.333600401878356934e-03,-6.621066480875015259e-03,-3.924183547496795654e-04,1.835159957408905029e-01,9.178622961044311523e-01,-4.478523135185241699e-01,4.141791462898254395e-01,1.735469054631362806e-01,9.337589895531859252e-01,-4.469155094221088920e-01,4.098379429407849051e-01
-1.047397404909133911e-02,7.120653055608272552e-03,1.763366535305976868e-02,4.323765635490417480e-03,-6.626848131418228149e-03,-4.021786153316497803e-04,1.830592453479766846e-01,9.180389642715454102e-01,-4.479351341724395752e-01,4.142296016216278076e-01,1.730562094496730652e-01,9.338762025221379881e-01,-4.469616552237590801e-01,4.098752677406500289e-01
-1.047435402870178223e-02,7.126281037926673889e-03,1.763617992401123047e-02,4.313949495553970337e-03,-6.632607430219650269e-03,-4.119612276554107666e-04,1.826017051935195923e-01,9.182143211364746094e-01,-4.480169713497161865e-01,4.142783582210540771e-01,1.725655593656750808e-01,9.339926676766276969e-01,-4.470076985310157403e-01,4.099124131957610495e-01
-1.047469675540924072e-02,7.131929509341716766e-03,1.763864606618881226e-02,4.304133355617523193e-03,-6.638433784246444702e-03,-4.217326641082763672e-04,1.821436583995819092e-01,9.183886647224426270e-01,-4.480979442596435547e-01,4.143275022506713867e-01,1.720749533230956640e-01,9.341083499833451320e-01,-4.470536393582809076e-01,4.099493802557050981e-01
-1.047501713037490845e-02,7.137600332498550415e-03,1.764109358191490173e-02,4.294328391551971436e-03,-6.644230335950851440e-03,-4.315227270126342773e-04,1.816844493150711060e-01,9.185626506805419922e-01,-4.481777548789978027e-01,4.143748879432678223e-01,1.715843893734509962e-01,9.342232137209507403e-01,-4.470994777919677921e-01,4.099861698890727157e-01
-1.047532260417938232e-02,7.143244147300720215e-03,1.764351129531860352e-02,4.284560680389404297e-03,-6.650079041719436646e-03,-4.413351416587829590e-04,1.812265515327453613e-01,9.187359213829040527e-01,-4.482587873935699463e-01,4.144231081008911133e-01,1.710938655078180770e-01,9.343372224801299586e-01,-4.471452139905004453e-01,4.100227830834377030e-01
-1.047562807798385620e-02,7.148901931941509247e-03,1.764590293169021606e-02,4.274785518646240234e-03,-6.655935198068618774e-03,-4.511624574661254883e-04,1.807678937911987305e-01,9.189087748527526855e-01,-4.483394920825958252e-01,4.144706130027770996e-01,1.706033796568470207e-01,9.344503391637571932e-01,-4.471908481843141492e-01,4.100592208453882614e-01
-1.047591120004653931e-02,7.154596969485282898e-03,1.764828711748123169e-02,4.265047609806060791e-03,-6.661798804998397827e-03,-4.609823226928710938e-04,1.803090572357177734e-01,9.190824031829833984e-01,-4.484193325042724609e-01,4.145174026489257812e-01,1.701130304466840770e-01,9.345639811802340935e-01,-4.472363174333070512e-01,4.100954629386307504e-01
-1.047627627849578857e-02,7.160353474318981171e-03,1.765075325965881348e-02,4.255313426256179810e-03,-6.667595356702804565e-03,-4.707500338554382324e-04,1.798505783081054688e-01,9.192606806755065918e-01,-4.484988152980804443e-01,4.145639240741729736e-01,1.696230755610901586e-01,9.346818629969809722e-01,-4.472814589958034603e-01,4.101314555688275743e-01
-1.047661900520324707e-02,7.166115567088127136e-03,1.765317097306251526e-02,4.245575517416000366e-03,-6.673414260149002075e-03,-4.805475473403930664e-04,1.793911457061767578e-01,9.194377660751342773e-01,-4.485777914524078369e-01,4.146095812320709229e-01,1.691331995463137838e-01,9.347994216534523115e-01,-4.473264699111766385e-01,4.101672658932027371e-01
-1.047689467668533325e-02,7.171879522502422333e-03,1.765557006001472473e-02,4.235856235027313232e-03,-6.679255515336990356e-03,-4.903711378574371338e-04,1.789308190345764160e-01,9.196133613586425781e-01,-4.486564397811889648e-01,4.146550595760345459e-01,1.686434023049438458e-01,9.349166491831559789e-01,-4.473713493088497528e-01,4.102028945273433203e-01
-1.047720015048980713e-02,7.177642546594142914e-03,1.765797287225723267e-02,4.226140677928924561e-03,-6.685089319944381714e-03,-5.001500248908996582e-04,1.784716546535491943e-01,9.197894930839538574e-01,-4.487347602844238281e-01,4.147008359432220459e-01,1.681536837219911040e-01,9.350335375465054222e-01,-4.474160963633886379e-01,4.102383420967812833e-01
-1.047749072313308716e-02,7.183438166975975037e-03,1.766032725572586060e-02,4.216440021991729736e-03,-6.690893322229385376e-03,-5.099736154079437256e-04,1.780108511447906494e-01,9.199652075767517090e-01,-4.488118290901184082e-01,4.147438704967498779e-01,1.676640436648578203e-01,9.351500786306007340e-01,-4.474607102945017401e-01,4.102736092370227183e-01
-1.047773659229278564e-02,7.189255207777023315e-03,1.766267046332359314e-02,4.206761717796325684e-03,-6.696779280900955200e-03,-5.198121070861816406e-04,1.775497794151306152e-01,9.201409816741943359e-01,-4.488893449306488037e-01,4.147881269454956055e-01,1.671744819833652085e-01,9.352662642496659684e-01,-4.475051903670401177e-01,4.103086965935399122e-01
-1.047802716493606567e-02,7.195079699158668518e-03,1.766499876976013184e-02,4.197090864181518555e-03,-6.702657788991928101e-03,-5.296133458614349365e-04,1.770898103713989258e-01,9.203175306320190430e-01,-4.489664435386657715e-01,4.148320853710174561e-01,1.666849985097289266e-01,9.353820861449401169e-01,-4.475495358909974408e-01,4.103436048217661836e-01
-1.047824323177337646e-02,7.200877182185649872e-03,1.766728609800338745e-02,4.187408834695816040e-03,-6.708551198244094849e-03,-5.394779145717620850e-04,1.766281574964523315e-01,9.204910397529602051e-01,-4.490433931350708008e-01,4.148754775524139404e-01,1.661955930585835295e-01,9.354975359848406447e-01,-4.475937462215102136e-01,4.103783345870928301e-01
-1.047845929861068726e-02,7.206724025309085846e-03,1.766956970095634460e-02,4.177749156951904297e-03,-6.714429706335067749e-03,-5.493201315402984619e-04,1.761660426855087280e-01,9.206656813621520996e-01,-4.491189420223236084e-01,4.149177372455596924e-01,1.657062654269604307e-01,9.356126053650735130e-01,-4.476378207588573299e-01,4.104128865648883906e-01
-1.047867536544799805e-02,7.212562486529350281e-03,1.767183840274810791e-02,4.168093204498291016e-03,-6.720360368490219116e-03,-5.591660737991333008e-04,1.757045388221740723e-01,9.208402633666992188e-01,-4.491953253746032715e-01,4.149610400199890137e-01,1.652170153943051112e-01,9.357272858087961609e-01,-4.476817589484602400e-01,4.104472614404724440e-01
-1.047887653112411499e-02,7.218408398330211639e-03,1.767404749989509583e-02,4.158467054367065430e-03,-6.726268678903579712e-03,-5.690529942512512207e-04,1.752424091100692749e-01,9.210137128829956055e-01,-4.492709040641784668e-01,4.150018990039825439e-01,1.647278427224684316e-01,9.358415687666188365e-01,-4.477255602808832835e-01,4.104814599091457517e-01
-1.047905534505844116e-02,7.224280387163162231e-03,1.767626404762268066e-02,4.148848354816436768e-03,-6.732214242219924927e-03,-5.788840353488922119e-04,1.747806072235107422e-01,9.211875200271606445e-01,-4.493455886840820312e-01,4.150438904762268066e-01,1.642387471557080203e-01,9.359554456168220904e-01,-4.477692242918332455e-01,4.105154826761590048e-01
-1.047925651073455811e-02,7.230158895254135132e-03,1.767846569418907166e-02,4.139240831136703491e-03,-6.738152354955673218e-03,-5.887709558010101318e-04,1.743183135986328125e-01,9.213619232177734375e-01,-4.494210183620452881e-01,4.150847792625427246e-01,1.637497284206893000e-01,9.360689076653574414e-01,-4.478127505621595783e-01,4.105493304567321977e-01
-1.047938317060470581e-02,7.236043922603130341e-03,1.768063753843307495e-02,4.129625856876373291e-03,-6.744112819433212280e-03,-5.986392498016357422e-04,1.738549470901489258e-01,9.215341806411743164e-01,-4.494947195053100586e-01,4.151256382465362549e-01,1.632607862264824350e-01,9.361819461460657577e-01,-4.478561387178543463e-01,4.105830039760471895e-01
-1.047953218221664429e-02,7.241928018629550934e-03,1.768276840448379517e-02,4.120036959648132324e-03,-6.750095635652542114e-03,-6.085298955440521240e-04,1.733922958374023438e-01,9.217064976692199707e-01,-4.495690166950225830e-01,4.151659309864044189e-01,1.627719202645723229e-01,9.362945522206773674e-01,-4.478993884300522255e-01,4.106165039692550311e-01
-1.047965884208679199e-02,7.247821427881717682e-03,1.768489181995391846e-02,4.110448062419891357e-03,-6.756048649549484253e-03,-6.184242665767669678e-04,1.729287952184677124e-01,9.218782186508178711e-01,-4.496422410011291504e-01,4.152051210403442383e-01,1.622831302088461325e-01,9.364067169789764833e-01,-4.479424994150306150e-01,4.106498311814761326e-01
-1.047979295253753662e-02,7.253739051520824432e-03,1.768701151013374329e-02,4.100881516933441162e-03,-6.762053817510604858e-03,-6.283223628997802734e-04,1.724656969308853149e-01,9.220513105392456055e-01,-4.497162401676177979e-01,4.152450859546661377e-01,1.617944157155976337e-01,9.365184314389094489e-01,-4.479854714342094146e-01,4.106829863677795012e-01
-1.047989726066589355e-02,7.259643636643886566e-03,1.768909022212028503e-02,4.091329872608184814e-03,-6.768029183149337769e-03,-6.382465362548828125e-04,1.720020473003387451e-01,9.222224354743957520e-01,-4.497893452644348145e-01,4.152833223342895508e-01,1.613057764235342473e-01,9.366296865467500510e-01,-4.480283042941512472e-01,4.107159702932065559e-01
-1.047997921705245972e-02,7.265591993927955627e-03,1.769115030765533447e-02,4.081763327121734619e-03,-6.774116307497024536e-03,-6.481334567070007324e-04,1.715379953384399414e-01,9.223940372467041016e-01,-4.498618543148040771e-01,4.153235554695129395e-01,1.608172119537631672e-01,9.367404731769344295e-01,-4.480709978465611809e-01,4.107487837327718494e-01
-1.048006117343902588e-02,7.271522656083106995e-03,1.769317314028739929e-02,4.072226583957672119e-03,-6.780091673135757446e-03,-6.580725312232971191e-04,1.710733771324157715e-01,9.225643873214721680e-01,-4.499337077140808105e-01,4.153599739074707031e-01,1.603287219098100125e-01,9.368507821324992824e-01,-4.481135519882871732e-01,4.107814274714418623e-01
-1.048010587692260742e-02,7.277469150722026825e-03,1.769518852233886719e-02,4.062682390213012695e-03,-6.786178797483444214e-03,-6.679855287075042725e-04,1.706088781356811523e-01,9.227344989776611328e-01,-4.500055909156799316e-01,4.153990447521209717e-01,1.598403058775993701e-01,9.369606041451358225e-01,-4.481559666613195714e-01,4.108139023041532112e-01
-1.048016548156738281e-02,7.283396087586879730e-03,1.769718155264854431e-02,4.053164273500442505e-03,-6.792213767766952515e-03,-6.779246032238006592e-04,1.701448559761047363e-01,9.229042530059814453e-01,-4.500776231288909912e-01,4.154362678527832031e-01,1.593519634254670081e-01,9.370699298751357098e-01,-4.481982418527913903e-01,4.108462090358077079e-01
-1.048018783330917358e-02,7.289361208677291870e-03,1.769917085766792297e-02,4.043638706207275391e-03,-6.798293441534042358e-03,-6.878450512886047363e-04,1.696797013282775879e-01,9.230738878250122070e-01,-4.501485824584960938e-01,4.154741168022155762e-01,1.588636941041618456e-01,9.371787499114453412e-01,-4.482403775949785341e-01,4.108783484812650877e-01
-1.048021018505096436e-02,7.295341230928897858e-03,1.770110428333282471e-02,4.034131765365600586e-03,-6.804365664720535278e-03,-6.977878510951995850e-04,1.692141592502593994e-01,9.232429862022399902e-01,-4.502188265323638916e-01,4.155100286006927490e-01,1.583754974468334076e-01,9.372870547721033896e-01,-4.482823739652990747e-01,4.109103214653604397e-01
-1.048021763563156128e-02,7.301296107470989227e-03,1.770301535725593567e-02,4.024624824523925781e-03,-6.810467690229415894e-03,-7.077530026435852051e-04,1.687488257884979248e-01,9.234108924865722656e-01,-4.502896666526794434e-01,4.155464768409729004e-01,1.578873729690444261e-01,9.373948349040220895e-01,-4.483242310863140290e-01,4.109421288228887748e-01
-1.048021018505096436e-02,7.307277061045169830e-03,1.770491525530815125e-02,4.015151411294937134e-03,-6.816569715738296509e-03,-7.177107036113739014e-04,1.682835072278976440e-01,9.235792160034179688e-01,-4.503598511219024658e-01,4.155822992324829102e-01,1.573993201687662602e-01,9.375020806832056186e-01,-4.483659491257270813e-01,4.109737713985980312e-01
-1.048018783330917358e-02,7.313253358006477356e-03,1.770681515336036682e-02,4.005677998065948486e-03,-6.822679191827774048e-03,-7.276609539985656738e-04,1.678181886672973633e-01,9.237470626831054688e-01,-4.504297971725463867e-01,4.156183004379272461e-01,1.569113385263746219e-01,9.376087824149694772e-01,-4.484075282963841946e-01,4.110052500472216042e-01
-1.048014312982559204e-02,7.319252006709575653e-03,1.770866289734840393e-02,3.996182233095169067e-03,-6.828818470239639282e-03,-7.376447319984436035e-04,1.673511415719985962e-01,9.239139556884765625e-01,-4.504989981651306152e-01,4.156533777713775635e-01,1.564234275046607892e-01,9.377149303338303543e-01,-4.484489688562743326e-01,4.110365656334397655e-01
-1.048009097576141357e-02,7.325250655412673950e-03,1.771050319075584412e-02,3.986746072769165039e-03,-6.834972649812698364e-03,-7.476061582565307617e-04,1.668857932090759277e-01,9.240811467170715332e-01,-4.505683481693267822e-01,4.156886935234069824e-01,1.559355865488186443e-01,9.378205146037253970e-01,-4.484902711085289040e-01,4.110677190319059204e-01
-1.048002392053604126e-02,7.331269793212413788e-03,1.771228760480880737e-02,3.977268934249877930e-03,-6.841111928224563599e-03,-7.575675845146179199e-04,1.664184629917144775e-01,9.242466688156127930e-01,-4.506355524063110352e-01,4.157222211360931396e-01,1.554478150864536667e-01,9.379255253181760787e-01,-4.485314354014219296e-01,4.110987111272385586e-01
-1.047990471124649048e-02,7.337275892496109009e-03,1.771406829357147217e-02,3.967836499214172363e-03,-6.847303360700607300e-03,-7.675886154174804688e-04,1.659512221813201904e-01,9.244116544723510742e-01,-4.507042467594146729e-01,4.157564640045166016e-01,1.549601125275788249e-01,9.380299525001783989e-01,-4.485724621283700975e-01,4.111295428140143704e-01
-1.047985255718231201e-02,7.343296892940998077e-03,1.771586388349533081e-02,3.958433866500854492e-03,-6.853479892015457153e-03,-7.775798439979553223e-04,1.654857397079467773e-01,9.245791435241699219e-01,-4.507734477519989014e-01,4.157906174659729004e-01,1.544724782646182404e-01,9.381337861025863534e-01,-4.486133517279325966e-01,4.111602149967830133e-01
-1.047974079847335815e-02,7.349323481321334839e-03,1.771759614348411560e-02,3.948993980884552002e-03,-6.859686225652694702e-03,-7.875747978687286377e-04,1.650183200836181641e-01,9.247436523437500000e-01,-4.508408904075622559e-01,4.158241748809814453e-01,1.539849116724047451e-01,9.382370160080567567e-01,-4.486541046838115609e-01,4.111907285900482378e-01
-1.047959923744201660e-02,7.355349138379096985e-03,1.771928742527961731e-02,3.939561545848846436e-03,-6.865892559289932251e-03,-7.975846529006958008e-04,1.645503193140029907e-01,9.249066710472106934e-01,-4.509074687957763672e-01,4.158566594123840332e-01,1.534974121081782716e-01,9.383396320291587100e-01,-4.486947215248514031e-01,4.112210845182869279e-01
-1.047947257757186890e-02,7.361387833952903748e-03,1.772097870707511902e-02,3.930173814296722412e-03,-6.872121244668960571e-03,-8.075945079326629639e-04,1.640834659337997437e-01,9.250710010528564453e-01,-4.509747028350830078e-01,4.158893525600433350e-01,1.530099789115854092e-01,9.384416239083736011e-01,-4.487352028250393698e-01,4.112512837159371659e-01
-1.047928631305694580e-02,7.367426529526710510e-03,1.772263273596763611e-02,3.920771181583404541e-03,-6.878372281789779663e-03,-8.176080882549285889e-04,1.636153161525726318e-01,9.252331256866455078e-01,-4.510407447814941406e-01,4.159217476844787598e-01,1.525226114046851489e-01,9.385429813185323100e-01,-4.487755492035051530e-01,4.112813271273999538e-01
-1.047918945550918579e-02,7.373520173132419586e-03,1.772433519363403320e-02,3.911405801773071289e-03,-6.884556263685226440e-03,-8.276030421257019043e-04,1.631481051445007324e-01,9.253996610641479492e-01,-4.511069953441619873e-01,4.159528315067291260e-01,1.520354931640885976e-01,9.386460220947427935e-01,-4.488155740738615229e-01,4.113111554655650148e-01
-1.047904789447784424e-02,7.379610091447830200e-03,1.772603392601013184e-02,3.902040421962738037e-03,-6.890792399644851685e-03,-8.375756442546844482e-04,1.626809537410736084e-01,9.255653023719787598e-01,-4.511729180812835693e-01,4.159853756427764893e-01,1.515484807405769185e-01,9.387489320083729494e-01,-4.488554231899468117e-01,4.113408163578365362e-01
-1.047887653112411499e-02,7.385683245956897736e-03,1.772766932845115662e-02,3.892652690410614014e-03,-6.897021085023880005e-03,-8.475892245769500732e-04,1.622123420238494873e-01,9.257283210754394531e-01,-4.512380659580230713e-01,4.160162508487701416e-01,1.510615534903534396e-01,9.388514488592287766e-01,-4.488951175415036854e-01,4.113703172884825565e-01
-1.047872751951217651e-02,7.391772232949733734e-03,1.772932708263397217e-02,3.883279860019683838e-03,-6.903249770402908325e-03,-8.575767278671264648e-04,1.617445945739746094e-01,9.258925318717956543e-01,-4.513032734394073486e-01,4.160476624965667725e-01,1.505747116004875763e-01,9.389535738064910264e-01,-4.489346569779245066e-01,4.113996589360368050e-01
-1.047851890325546265e-02,7.397883571684360504e-03,1.773095503449440002e-02,3.873929381370544434e-03,-6.909456104040145874e-03,-8.675940334796905518e-04,1.612752079963684082e-01,9.260558485984802246e-01,-4.513670206069946289e-01,4.160771071910858154e-01,1.500879552568990249e-01,9.390553081448148598e-01,-4.489740413770438865e-01,4.114288419836241162e-01
-1.047833263874053955e-02,7.403960451483726501e-03,1.773256435990333557e-02,3.864567726850509644e-03,-6.915722042322158813e-03,-8.775852620601654053e-04,1.608074456453323364e-01,9.262182712554931641e-01,-4.514319002628326416e-01,4.161084294319152832e-01,1.496012846443618149e-01,9.391566533043830267e-01,-4.490132706451381850e-01,4.114578671189605963e-01
-1.047813892364501953e-02,7.410095073282718658e-03,1.773414760828018188e-02,3.855220973491668701e-03,-6.921958178281784058e-03,-8.876137435436248779e-04,1.603377759456634521e-01,9.263817071914672852e-01,-4.514954388141632080e-01,4.161371588706970215e-01,1.491146999465022827e-01,9.392576108510714006e-01,-4.490523447169256221e-01,4.114867350343454633e-01
-1.047793030738830566e-02,7.416199892759323120e-03,1.773572713136672974e-02,3.845900297164916992e-03,-6.928253918886184692e-03,-8.976086974143981934e-04,1.598701030015945435e-01,9.265443086624145508e-01,-4.515596330165863037e-01,4.161680042743682861e-01,1.486282013457987383e-01,9.393581824861746421e-01,-4.490912635555661669e-01,4.115154464266854162e-01
-1.047769933938980103e-02,7.422360591590404510e-03,1.773727312684059143e-02,3.836564719676971436e-03,-6.934497505426406860e-03,-9.076036512851715088e-04,1.593999266624450684e-01,9.267066717147827148e-01,-4.516212046146392822e-01,4.161960184574127197e-01,1.481417890235911805e-01,9.394583700467893372e-01,-4.491300271526618704e-01,4.115440019974601626e-01
-1.047744601964950562e-02,7.428471930325031281e-03,1.773878186941146851e-02,3.827244043350219727e-03,-6.940793246030807495e-03,-9.176395833492279053e-04,1.589306145906448364e-01,9.268671274185180664e-01,-4.516842365264892578e-01,4.162248373031616211e-01,1.476554631600629219e-01,9.395581755057590412e-01,-4.491686355282563103e-01,4.115724024527578351e-01
-1.047722250223159790e-02,7.434632629156112671e-03,1.774033531546592712e-02,3.817949444055557251e-03,-6.947074085474014282e-03,-9.276680648326873779e-04,1.584613770246505737e-01,9.270306825637817383e-01,-4.517474174499511719e-01,4.162534475326538086e-01,1.471692239342578257e-01,9.396576009716198774e-01,-4.492070887308352578e-01,4.116006485032516760e-01
-1.047697663307189941e-02,7.440776564180850983e-03,1.774183660745620728e-02,3.808632493019104004e-03,-6.953377276659011841e-03,-9.376965463161468506e-04,1.579916179180145264e-01,9.271919727325439453e-01,-4.518098533153533936e-01,4.162818193435668945e-01,1.466830715240696192e-01,9.397566486887100057e-01,-4.492453868373261772e-01,4.116287408642032575e-01
-1.047669351100921631e-02,7.446946576237678528e-03,1.774330809712409973e-02,3.799349069595336914e-03,-6.959680467844009399e-03,-9.477138519287109375e-04,1.575216054916381836e-01,9.273527264595031738e-01,-4.518708586692810059e-01,4.163091778755187988e-01,1.461970061062520532e-01,9.398553210372233568e-01,-4.492835299530982818e-01,4.116566802554683657e-01
-1.047641038894653320e-02,7.453113794326782227e-03,1.774476841092109680e-02,3.790076822042465210e-03,-6.965991109609603882e-03,-9.577199816703796387e-04,1.570520848035812378e-01,9.275132417678833008e-01,-4.519318044185638428e-01,4.163365662097930908e-01,1.457110278564067718e-01,9.399536205333203220e-01,-4.493215182119628670e-01,4.116844674015000538e-01
-1.047613471746444702e-02,7.459269836544990540e-03,1.774621382355690002e-02,3.780797123908996582e-03,-6.972324103116989136e-03,-9.677447378635406494e-04,1.565826535224914551e-01,9.276735782623291016e-01,-4.519933462142944336e-01,4.163642227649688721e-01,1.452251369489954980e-01,9.400515498290724636e-01,-4.493593517761728662e-01,4.117121030313234398e-01
-1.047585159540176392e-02,7.465442642569541931e-03,1.774764433503150940e-02,3.771506249904632568e-03,-6.978634744882583618e-03,-9.777918457984924316e-04,1.561118364334106445e-01,9.278335571289062500e-01,-4.520541429519653320e-01,4.163905680179595947e-01,1.447393335573293749e-01,9.401491117124618491e-01,-4.493970308364232946e-01,4.117395878785831687e-01
-1.047550886869430542e-02,7.471617311239242554e-03,1.774904504418373108e-02,3.762237727642059326e-03,-6.984975188970565796e-03,-9.878017008304595947e-04,1.556413471698760986e-01,9.279918670654296875e-01,-4.521135687828063965e-01,4.164172112941741943e-01,1.442536178535743785e-01,9.402463091075462520e-01,-4.494345556118508056e-01,4.117669226814929528e-01
-1.047520339488983154e-02,7.477826438844203949e-03,1.775047928094863892e-02,3.752984106540679932e-03,-6.991300731897354126e-03,-9.978190064430236816e-04,1.551707983016967773e-01,9.281527996063232422e-01,-4.521735310554504395e-01,4.164436459541320801e-01,1.437679900087582008e-01,9.403431450745132203e-01,-4.494719263500339679e-01,4.117941081828737637e-01
-1.047488301992416382e-02,7.484017871320247650e-03,1.775184273719787598e-02,3.743723034858703613e-03,-6.997648626565933228e-03,-1.007862389087677002e-03,1.546998620033264160e-01,9.283113479614257812e-01,-4.522330164909362793e-01,4.164690673351287842e-01,1.432824501927514038e-01,9.404396228096252308e-01,-4.495091433269933212e-01,4.118211451301228010e-01
-1.047455519437789917e-02,7.490236312150955200e-03,1.775320991873741150e-02,3.734499216079711914e-03,-7.004018872976303101e-03,-1.017887145280838013e-03,1.542295217514038086e-01,9.284711480140686035e-01,-4.522924721240997314e-01,4.164947867393493652e-01,1.427969985742920389e-01,9.405357456452745346e-01,-4.495462068471910988e-01,4.118480342752395829e-01
-1.047419756650924683e-02,7.496425881981849670e-03,1.775456219911575317e-02,3.725249320268630981e-03,-7.010418921709060669e-03,-1.027967780828475952e-03,1.537581235170364380e-01,9.286293387413024902e-01,-4.523526728153228760e-01,4.165209531784057617e-01,1.423116353209610829e-01,9.406315170500929579e-01,-4.495831172435315048e-01,4.118747763748158430e-01
-1.047384738922119141e-02,7.502641528844833374e-03,1.775588840246200562e-02,3.716029226779937744e-03,-7.016774266958236694e-03,-1.037944108247756958e-03,1.532881110906600952e-01,9.287872314453125000e-01,-4.524101912975311279e-01,4.165459275245666504e-01,1.418263605992032828e-01,9.407269406290057479e-01,-4.496198748773604925e-01,4.119013721900305347e-01
-1.047345995903015137e-02,7.508886978030204773e-03,1.775719597935676575e-02,3.706790506839752197e-03,-7.023129612207412720e-03,-1.047994941473007202e-03,1.528151929378509521e-01,9.289448261260986328e-01,-4.524672329425811768e-01,4.165693521499633789e-01,1.413411745743168857e-01,9.408220201232321278e-01,-4.496564801384660970e-01,4.119278224866507743e-01
-1.047310978174209595e-02,7.515109144151210785e-03,1.775848120450973511e-02,3.697589039802551270e-03,-7.029522210359573364e-03,-1.058034598827362061e-03,1.523446887731552124e-01,9.291026592254638672e-01,-4.525256156921386719e-01,4.165936112403869629e-01,1.408560774104472280e-01,9.409167594101757182e-01,-4.496929334450778804e-01,4.119541280350359491e-01
-1.047272235155105591e-02,7.521354593336582184e-03,1.775977760553359985e-02,3.688395023345947266e-03,-7.035944610834121704e-03,-1.068063080310821533e-03,1.518736034631729126e-01,9.292609095573425293e-01,-4.525834918022155762e-01,4.166185259819030762e-01,1.403710692706090502e-01,9.410111625039171424e-01,-4.497292352438673757e-01,4.119802896101539269e-01
-1.047231256961822510e-02,7.527583278715610504e-03,1.776103302836418152e-02,3.679193556308746338e-03,-7.042329758405685425e-03,-1.078128814697265625e-03,1.514015346765518188e-01,9.294170141220092773e-01,-4.526406824588775635e-01,4.166416227817535400e-01,1.398861503166588527e-01,9.411052335546660208e-01,-4.497653860099480871e-01,4.120063079915445292e-01
-1.047192513942718506e-02,7.533845491707324982e-03,1.776231452822685242e-02,3.669999539852142334e-03,-7.048729807138442993e-03,-1.088146120309829712e-03,1.509300470352172852e-01,9.295749664306640625e-01,-4.526974856853485107e-01,4.166654944419860840e-01,1.394013207093172668e-01,9.411989768493091990e-01,-4.498013862468753232e-01,4.120321839633419025e-01
-1.047150790691375732e-02,7.540084421634674072e-03,1.776353642344474792e-02,3.660798072814941406e-03,-7.055137306451797485e-03,-1.098189502954483032e-03,1.504579782485961914e-01,9.297304153442382812e-01,-4.527537822723388672e-01,4.166884422302246094e-01,1.389165806081519849e-01,9.412923968111910344e-01,-4.498372364866461415e-01,4.120579183142795143e-01
-1.047107577323913574e-02,7.546373642981052399e-03,1.776476204395294189e-02,3.651611506938934326e-03,-7.061582058668136597e-03,-1.108255237340927124e-03,1.499847620725631714e-01,9.298874735832214355e-01,-4.528099894523620605e-01,4.167113602161407471e-01,1.384319301715968842e-01,9.413854980002231976e-01,-4.498729372896996814e-01,4.120835118376738881e-01
-1.047065109014511108e-02,7.552609778940677643e-03,1.776597276329994202e-02,3.642458468675613403e-03,-7.067974656820297241e-03,-1.118287444114685059e-03,1.495138704776763916e-01,9.300429224967956543e-01,-4.528661072254180908e-01,4.167337119579315186e-01,1.379473695569299885e-01,9.414782851128297159e-01,-4.499084892449165540e-01,4.121089653314440882e-01
-1.047021895647048950e-02,7.558895274996757507e-03,1.776716113090515137e-02,3.633279353380203247e-03,-7.074411958456039429e-03,-1.128315925598144531e-03,1.490413397550582886e-01,9.301987886428833008e-01,-4.529211521148681641e-01,4.167559444904327393e-01,1.374628989202927032e-01,9.415707629823301117e-01,-4.499438929696196188e-01,4.121342795980870721e-01
-1.046975702047348022e-02,7.565182633697986603e-03,1.776833459734916687e-02,3.624126315116882324e-03,-7.080864161252975464e-03,-1.138374209403991699e-03,1.485686004161834717e-01,9.303541779518127441e-01,-4.529763460159301758e-01,4.167779088020324707e-01,1.369785184166762426e-01,9.416629365785013084e-01,-4.499791491095734286e-01,4.121594554447043368e-01
-1.046933233737945557e-02,7.571468129754066467e-03,1.776949316263198853e-02,3.614977002143859863e-03,-7.087323814630508423e-03,-1.148398965597152710e-03,1.480970382690429688e-01,9.305101633071899414e-01,-4.530315995216369629e-01,4.167999923229217529e-01,1.364942281999348694e-01,9.417548110079065893e-01,-4.500142583389844519e-01,4.121844936829743289e-01
-1.046881824731826782e-02,7.577728480100631714e-03,1.777063682675361633e-02,3.605835139751434326e-03,-7.093761116266250610e-03,-1.158468425273895264e-03,1.476240307092666626e-01,9.306632280349731445e-01,-4.530861377716064453e-01,4.168212711811065674e-01,1.360100284227701850e-01,9.418463915140588005e-01,-4.500492213605007397e-01,4.122093951291860847e-01
-1.046837121248245239e-02,7.584056816995143890e-03,1.777178421616554260e-02,3.596693277359008789e-03,-7.100198417901992798e-03,-1.168496906757354736e-03,1.471510678529739380e-01,9.308193325996398926e-01,-4.531398117542266846e-01,4.168419241905212402e-01,1.355259192367414267e-01,9.419376834770381013e-01,-4.500840389052125357e-01,4.122341606042066453e-01
-1.046788692474365234e-02,7.590357214212417603e-03,1.777290925383567810e-02,3.587551414966583252e-03,-7.106695324182510376e-03,-1.178540289402008057e-03,1.466783285140991211e-01,9.309738278388977051e-01,-4.531942307949066162e-01,4.168637990951538086e-01,1.350419007922692427e-01,9.420286924140384155e-01,-4.501187117326518883e-01,4.122587909334933243e-01
-1.046737283468246460e-02,7.596662268042564392e-03,1.777397841215133667e-02,3.578424453735351562e-03,-7.113147526979446411e-03,-1.188620924949645996e-03,1.462043821811676025e-01,9.311265945434570312e-01,-4.532472193241119385e-01,4.168829321861267090e-01,1.345579780389294655e-01,9.421190166149804313e-01,-4.501531574591097762e-01,4.122832632030948852e-01
-1.046688854694366455e-02,7.602958008646965027e-03,1.777509227395057678e-02,3.569312393665313721e-03,-7.119644433259963989e-03,-1.198608428239822388e-03,1.457332372665405273e-01,9.312809705734252930e-01,-4.533009231090545654e-01,4.169050753116607666e-01,1.340741508548284333e-01,9.422086845944142031e-01,-4.501873815686136537e-01,4.123075795801817711e-01
-1.046635955572128296e-02,7.609291933476924896e-03,1.777613162994384766e-02,3.560185432434082031e-03,-7.126111537218093872e-03,-1.208659261465072632e-03,1.452588289976119995e-01,9.314333200454711914e-01,-4.533524513244628906e-01,4.169237315654754639e-01,1.335904157649696333e-01,9.422980095643685994e-01,-4.502214476569550428e-01,4.123317588182304760e-01
-1.046584546566009521e-02,7.615609094500541687e-03,1.777718961238861084e-02,3.551073372364044189e-03,-7.132623344659805298e-03,-1.218698918819427490e-03,1.447858810424804688e-01,9.315865039825439453e-01,-4.534053802490234375e-01,4.169442057609558105e-01,1.331067729547393275e-01,9.423869941961043883e-01,-4.502553559101707958e-01,4.123558015648783881e-01
-1.046531647443771362e-02,7.621930912137031555e-03,1.777820661664009094e-02,3.541976213455200195e-03,-7.139105349779129028e-03,-1.228775829076766968e-03,1.443121433258056641e-01,9.317387342453002930e-01,-4.534576833248138428e-01,4.169626533985137939e-01,1.326232226090736932e-01,9.424756412367109037e-01,-4.502891065305895668e-01,4.123797084688735071e-01
-1.046479493379592896e-02,7.628237828612327576e-03,1.777926087379455566e-02,3.532879054546356201e-03,-7.145609706640243530e-03,-1.238755881786346436e-03,1.438405513763427734e-01,9.318912625312805176e-01,-4.535097479820251465e-01,4.169835746288299561e-01,1.321397649124616824e-01,9.425639535095777788e-01,-4.503226997368313111e-01,4.124034801800874894e-01
-1.046423614025115967e-02,7.634602487087249756e-03,1.778026670217514038e-02,3.523789346218109131e-03,-7.152076810598373413e-03,-1.248810440301895142e-03,1.433657109737396240e-01,9.320434331893920898e-01,-4.535601139068603516e-01,4.170008897781372070e-01,1.316564000489442443e-01,9.426519339139788345e-01,-4.503561357638077300e-01,4.124271173495125953e-01
-1.046368479728698730e-02,7.640941999852657318e-03,1.778126135468482971e-02,3.514699637889862061e-03,-7.158633321523666382e-03,-1.258850097656250000e-03,1.428923904895782471e-01,9.321954250335693359e-01,-4.536118805408477783e-01,4.170207083225250244e-01,1.311731282021097178e-01,9.427395854252181850e-01,-4.503894148627217708e-01,4.124506206292760657e-01
-1.046312600374221802e-02,7.647300139069557190e-03,1.778223365545272827e-02,3.505617380142211914e-03,-7.165152579545974731e-03,-1.268900930881500244e-03,1.424182057380676270e-01,9.323471188545227051e-01,-4.536625444889068604e-01,4.170386791229248047e-01,1.306899495551050172e-01,9.428269110947362641e-01,-4.504225373010680156e-01,4.124739906726093697e-01
-1.046256721019744873e-02,7.653632201254367828e-03,1.778318360447883606e-02,3.496557474136352539e-03,-7.171671837568283081e-03,-1.278910785913467407e-03,1.419457048177719116e-01,9.324977397918701172e-01,-4.537129104137420654e-01,4.170568883419036865e-01,1.302068642906175078e-01,9.429139140499618321e-01,-4.504555033626325700e-01,4.124972281338841196e-01
-1.046194881200790405e-02,7.659982889890670776e-03,1.778412237763404846e-02,3.487478941679000854e-03,-7.178191095590591431e-03,-1.288954168558120728e-03,1.414708942174911499e-01,9.326471686363220215e-01,-4.537622332572937012e-01,4.170743227005004883e-01,1.297238725908963775e-01,9.430005974944979386e-01,-4.504883133474930079e-01,4.125203336685813182e-01
-1.046139746904373169e-02,7.666341029107570648e-03,1.778510957956314087e-02,3.478407859802246094e-03,-7.184725254774093628e-03,-1.298960298299789429e-03,1.409978866577148438e-01,9.327992796897888184e-01,-4.538128376007080078e-01,4.170933365821838379e-01,1.292409746377316815e-01,9.430869647079508367e-01,-4.505209675720183715e-01,4.125433079333168940e-01
-1.046079397201538086e-02,7.672704756259918213e-03,1.778600364923477173e-02,3.469340503215789795e-03,-7.191244512796401978e-03,-1.309011131525039673e-03,1.405230462551116943e-01,9.329484701156616211e-01,-4.538616538047790527e-01,4.171094894409179688e-01,1.287581706124658887e-01,9.431730190460595464e-01,-4.505534663688694486e-01,4.125661515858201622e-01
-1.046019047498703003e-02,7.679077796638011932e-03,1.778692007064819336e-02,3.460299223661422729e-03,-7.197786122560501099e-03,-1.319020986557006836e-03,1.400493979454040527e-01,9.330987334251403809e-01,-4.539104700088500977e-01,4.171268641948699951e-01,1.282754606959974897e-01,9.432587639406990743e-01,-4.505858100869981064e-01,4.125888652849494243e-01
-1.045958697795867920e-02,7.685446180403232574e-03,1.778779923915863037e-02,3.451257944107055664e-03,-7.204342633485794067e-03,-1.329064369201660156e-03,1.395753622055053711e-01,9.332481026649475098e-01,-4.539595842361450195e-01,4.171435534954071045e-01,1.277928450687744744e-01,9.433442028998278994e-01,-4.506179990916481248e-01,4.126114496906774232e-01
-1.045899838209152222e-02,7.691822014749050140e-03,1.778871193528175354e-02,3.442224115133285522e-03,-7.210891693830490112e-03,-1.339107751846313477e-03,1.391016840934753418e-01,9.333990216255187988e-01,-4.540092647075653076e-01,4.171606004238128662e-01,1.273103239107915008e-01,9.434293395075518118e-01,-4.506500337643546961e-01,4.126339054641148252e-01
-1.045836508274078369e-02,7.698211818933486938e-03,1.778958737850189209e-02,3.433182835578918457e-03,-7.217455655336380005e-03,-1.349117606878280640e-03,1.386272013187408447e-01,9.335481524467468262e-01,-4.540570378303527832e-01,4.171773493289947510e-01,1.268278974015927263e-01,9.435141774241017076e-01,-4.506819145029442586e-01,4.126562332674757472e-01
-1.045773923397064209e-02,7.704621180891990662e-03,1.779045164585113525e-02,3.424141556024551392e-03,-7.224019616842269897e-03,-1.359120011329650879e-03,1.381524652242660522e-01,9.336975812911987305e-01,-4.541041851043701172e-01,4.171936213970184326e-01,1.263455657202754712e-01,9.435987203858635652e-01,-4.507136417215350521e-01,4.126784337641162814e-01
-1.045708358287811279e-02,7.710985839366912842e-03,1.779125630855560303e-02,3.415122628211975098e-03,-7.230576127767562866e-03,-1.369182020425796509e-03,1.376778334379196167e-01,9.338444471359252930e-01,-4.541518688201904297e-01,4.172084927558898926e-01,1.258633290454898856e-01,9.436829722054205227e-01,-4.507452158505366735e-01,4.127005076185039090e-01
-1.045644283294677734e-02,7.717389613389968872e-03,1.779211685061454773e-02,3.406107425689697266e-03,-7.237162441015243530e-03,-1.379176974296569824e-03,1.372038871049880981e-01,9.339938163757324219e-01,-4.541993439197540283e-01,4.172253012657165527e-01,1.253811875554261268e-01,9.437669367714387469e-01,-4.507766373366503543e-01,4.127224554962249381e-01
-1.045578718185424805e-02,7.723807357251644135e-03,1.779292151331901550e-02,3.397077322006225586e-03,-7.243726402521133423e-03,-1.389209181070327759e-03,1.367281973361968994e-01,9.341416954994201660e-01,-4.542455077171325684e-01,4.172398447990417480e-01,1.248991414278399353e-01,9.438506180488646091e-01,-4.508079066428686832e-01,4.127442780640054321e-01
-1.045512408018112183e-02,7.730201818048954010e-03,1.779374107718467712e-02,3.388084471225738525e-03,-7.250297814607620239e-03,-1.399222761392593384e-03,1.362542062997817993e-01,9.342896938323974609e-01,-4.542924761772155762e-01,4.172553420066833496e-01,1.244171908400233534e-01,9.439340200787660340e-01,-4.508390242484759391e-01,4.127659759896750158e-01
-1.045447587966918945e-02,7.736610248684883118e-03,1.779453456401824951e-02,3.379072993993759155e-03,-7.256891578435897827e-03,-1.409217715263366699e-03,1.357800066471099854e-01,9.344375729560852051e-01,-4.543387889862060547e-01,4.172707498073577881e-01,1.239353359688261796e-01,9.440171469784339742e-01,-4.508699906490477027e-01,4.127875499422031247e-01
-1.045376062393188477e-02,7.743031717836856842e-03,1.779530569911003113e-02,3.370083868503570557e-03,-7.263470441102981567e-03,-1.419264823198318481e-03,1.353041082620620728e-01,9.345841407775878906e-01,-4.543842971324920654e-01,4.172846674919128418e-01,1.234535769906431879e-01,9.441000029413643135e-01,-4.509008063564512447e-01,4.128090005916656424e-01
-1.045311242341995239e-02,7.749467156827449799e-03,1.779609918594360352e-02,3.361098468303680420e-03,-7.270094007253646851e-03,-1.429237425327301025e-03,1.348304003477096558e-01,9.347331523895263672e-01,-4.544304311275482178e-01,4.173005223274230957e-01,1.229719140814199141e-01,9.441825922372838464e-01,-4.509314718988451376e-01,4.128303286092774860e-01
-1.045242697000503540e-02,7.755883038043975830e-03,1.779682561755180359e-02,3.352116793394088745e-03,-7.276665419340133667e-03,-1.439269632101058960e-03,1.343553066253662109e-01,9.348790645599365234e-01,-4.544755220413208008e-01,4.173134267330169678e-01,1.224903474166566808e-01,9.442649192121466140e-01,-4.509619878206797550e-01,4.128515346673600206e-01
-1.045175641775131226e-02,7.762331515550613403e-03,1.779757067561149597e-02,3.343135118484497070e-03,-7.283266633749008179e-03,-1.449268311262130737e-03,1.338804066181182861e-01,9.350268244743347168e-01,-4.545204639434814453e-01,4.173272848129272461e-01,1.220088771713951636e-01,9.443469882881302402e-01,-4.509923546826966056e-01,4.128726194393753657e-01
-1.045104116201400757e-02,7.768766954541206360e-03,1.779831200838088989e-02,3.334160894155502319e-03,-7.289882749319076538e-03,-1.459263265132904053e-03,1.334054470062255859e-01,9.351732134819030762e-01,-4.545650184154510498e-01,4.173416197299957275e-01,1.215275035202330878e-01,9.444288039636398180e-01,-4.510225730619291107e-01,4.128935835998964188e-01
-1.045034080743789673e-02,7.775186561048030853e-03,1.779904216527938843e-02,3.325182944536209106e-03,-7.296498864889144897e-03,-1.469284296035766602e-03,1.329305917024612427e-01,9.353193044662475586e-01,-4.546103179454803467e-01,4.173557162284851074e-01,1.210462266373144025e-01,9.445103708134250375e-01,-4.510526435517019372e-01,4.129144278246195121e-01
-1.044964045286178589e-02,7.781649008393287659e-03,1.779974997043609619e-02,3.316204994916915894e-03,-7.303107529878616333e-03,-1.479282975196838379e-03,1.324549466371536255e-01,9.354660511016845703e-01,-4.546540379524230957e-01,4.173686802387237549e-01,1.205650466963354289e-01,9.445916934884289740e-01,-4.510825667616311652e-01,4.129351527903619146e-01
-1.044891029596328735e-02,7.788095623254776001e-03,1.780045032501220703e-02,3.307249397039413452e-03,-7.309708744287490845e-03,-1.489296555519104004e-03,1.319794505834579468e-01,9.356115460395812988e-01,-4.546979069709777832e-01,4.173814356327056885e-01,1.200839638705338414e-01,9.446727767158712430e-01,-4.511123433176247310e-01,4.129557591750795398e-01
-1.044819504022598267e-02,7.794555276632308960e-03,1.780114695429801941e-02,3.298304975032806396e-03,-7.316324859857559204e-03,-1.499295234680175781e-03,1.315044760704040527e-01,9.357579350471496582e-01,-4.547415971755981445e-01,4.173942506313323975e-01,1.196029783327061807e-01,9.447536252992975170e-01,-4.511419738618817621e-01,4.129762476578329733e-01
-1.044748723506927490e-02,7.801017723977565765e-03,1.780182495713233948e-02,3.289353102445602417e-03,-7.322970777750015259e-03,-1.509267836809158325e-03,1.310298591852188110e-01,9.359040856361389160e-01,-4.547850787639617920e-01,4.174076616764068604e-01,1.191220902551977101e-01,9.448342441185488827e-01,-4.511714590528931312e-01,4.129966189188093439e-01
-1.044674217700958252e-02,7.807485759258270264e-03,1.780247315764427185e-02,3.280393779277801514e-03,-7.329601794481277466e-03,-1.519277691841125488e-03,1.305536925792694092e-01,9.360488653182983398e-01,-4.548277258872985840e-01,4.174196720123291016e-01,1.186412998098901189e-01,9.449146381297316433e-01,-4.512007995654410131e-01,4.130168736393287077e-01
-1.044598221778869629e-02,7.813953794538974762e-03,1.780313625931739807e-02,3.271467983722686768e-03,-7.336225360631942749e-03,-1.529280096292495728e-03,1.300781369209289551e-01,9.361938238143920898e-01,-4.548704028129577637e-01,4.174318015575408936e-01,1.181606071682305276e-01,9.449948123653086896e-01,-4.512299960905992169e-01,4.130370125018216210e-01
-1.044523715972900391e-02,7.820453494787216187e-03,1.780379563570022583e-02,3.262516111135482788e-03,-7.342863827943801880e-03,-1.539226621389389038e-03,1.296024173498153687e-01,9.363395571708679199e-01,-4.549118578433990479e-01,4.174443185329437256e-01,1.176800125012061604e-01,9.450747719340685249e-01,-4.512590493357330201e-01,4.130570361898474041e-01
-1.044449210166931152e-02,7.826923392713069916e-03,1.780439168214797974e-02,3.253594040870666504e-03,-7.349524646997451782e-03,-1.549225300550460815e-03,1.291272938251495361e-01,9.364837408065795898e-01,-4.549542069435119629e-01,4.174558222293853760e-01,1.171995077166280430e-01,9.451542797315229949e-01,-4.512879426786132742e-01,4.130769413289769876e-01
-1.044373959302902222e-02,7.833361625671386719e-03,1.780500262975692749e-02,3.244664520025253296e-03,-7.356155663728713989e-03,-1.559223979711532593e-03,1.286524832248687744e-01,9.366270303726196289e-01,-4.549967944622039795e-01,4.174674749374389648e-01,1.167190689032770040e-01,9.452326348474520135e-01,-4.513166263063149164e-01,4.130967167751317115e-01
-1.044294983148574829e-02,7.839857600629329681e-03,1.780560612678527832e-02,3.235734999179840088e-03,-7.362816482782363892e-03,-1.569200307130813599e-03,1.281762421131134033e-01,9.367707967758178711e-01,-4.550376534461975098e-01,4.174790382385253906e-01,1.162387245461695001e-01,9.453106728921738533e-01,-4.513451604180903076e-01,4.131163771255047523e-01
-1.044216752052307129e-02,7.846330292522907257e-03,1.780617609620094299e-02,3.226824104785919189e-03,-7.369484752416610718e-03,-1.579165458679199219e-03,1.277012228965759277e-01,9.369136691093444824e-01,-4.550786316394805908e-01,4.174904525279998779e-01,1.157584746371243811e-01,9.453883940709605360e-01,-4.513735454143460446e-01,4.131359229810629419e-01
-1.044136285781860352e-02,7.852812297642230988e-03,1.780672743916511536e-02,3.217890858650207520e-03,-7.376153022050857544e-03,-1.589152961969375610e-03,1.272247582674026489e-01,9.370556473731994629e-01,-4.551190137863159180e-01,4.175011515617370605e-01,1.152783191643544647e-01,9.454657985723888824e-01,-4.514017817051613202e-01,4.131553549423507832e-01
-1.044058054685592651e-02,7.859311066567897797e-03,1.780727878212928772e-02,3.208991140127182007e-03,-7.382821291685104370e-03,-1.599144190549850464e-03,1.267489492893218994e-01,9.371989965438842773e-01,-4.551596343517303467e-01,4.175114929676055908e-01,1.147982581124617346e-01,9.455428865682564687e-01,-4.514298697102885338e-01,4.131746736094814576e-01
-1.043979078531265259e-02,7.865795865654945374e-03,1.780780032277107239e-02,3.200102597475051880e-03,-7.389504462480545044e-03,-1.609124243259429932e-03,1.262738406658172607e-01,9.373412728309631348e-01,-4.552001953125000000e-01,4.175218045711517334e-01,1.143182914624376600e-01,9.456196582136812134e-01,-4.514578098591526256e-01,4.131938795821528121e-01
-1.043900102376937866e-02,7.872288115322589874e-03,1.780835539102554321e-02,3.191202878952026367e-03,-7.396172732114791870e-03,-1.619063317775726318e-03,1.257988214492797852e-01,9.374840259552001953e-01,-4.552401900291442871e-01,4.175327420234680176e-01,1.138384191916709948e-01,9.456961136470587448e-01,-4.514856025908519088e-01,4.132129734596263759e-01
-1.043817400932312012e-02,7.878762669861316681e-03,1.780886203050613403e-02,3.182303160429000854e-03,-7.402863353490829468e-03,-1.629024744033813477e-03,1.253234297037124634e-01,9.376247525215148926e-01,-4.552797973155975342e-01,4.175433516502380371e-01,1.133586412739306520e-01,9.457722529900326469e-01,-4.515132483541574038e-01,4.132319558407422933e-01
-1.043736189603805542e-02,7.885265164077281952e-03,1.780938729643821716e-02,3.173414617776870728e-03,-7.409553974866867065e-03,-1.639004796743392944e-03,1.248475760221481323e-01,9.377672076225280762e-01,-4.553198516368865967e-01,4.175536632537841797e-01,1.128789576793803179e-01,9.458480763475548558e-01,-4.515407476075130044e-01,4.132508273239104413e-01
-1.043649762868881226e-02,7.891775108873844147e-03,1.780986413359642029e-02,3.164518624544143677e-03,-7.416252046823501587e-03,-1.648962497711181641e-03,1.243708580732345581e-01,9.379072189331054688e-01,-4.553578495979309082e-01,4.175632297992706299e-01,1.123993683745781597e-01,9.459235838077756364e-01,-4.515681008190358114e-01,4.132695885071264175e-01
-1.043570786714553833e-02,7.898294366896152496e-03,1.781035587191581726e-02,3.155633807182312012e-03,-7.422920316457748413e-03,-1.658905297517776489e-03,1.238953769207000732e-01,9.380494952201843262e-01,-4.553964734077453613e-01,4.175723791122436523e-01,1.119198733224636422e-01,9.459987754421653738e-01,-4.515953084665154660e-01,4.132882399879453383e-01
-1.043483614921569824e-02,7.904779165983200073e-03,1.781079918146133423e-02,3.146760165691375732e-03,-7.429633289575576782e-03,-1.668874174356460571e-03,1.234195381402969360e-01,9.381884932518005371e-01,-4.554348587989807129e-01,4.175817668437957764e-01,1.114404724823690601e-01,9.460736513054078811e-01,-4.516223710374149825e-01,4.133067823635019900e-01
-1.043400913476943970e-02,7.911308668553829193e-03,1.781126484274864197e-02,3.137864172458648682e-03,-7.436353713274002075e-03,-1.678843051195144653e-03,1.229428499937057495e-01,9.383298754692077637e-01,-4.554733335971832275e-01,4.175912141799926758e-01,1.109611658100207177e-01,9.461482114354308193e-01,-4.516492890288699713e-01,4.133252162305069977e-01
-1.043315231800079346e-02,7.917810231447219849e-03,1.781171560287475586e-02,3.128997981548309326e-03,-7.443066686391830444e-03,-1.688789576292037964e-03,1.224673762917518616e-01,9.384697675704956055e-01,-4.555115401744842529e-01,4.176007211208343506e-01,1.104819532575295055e-01,9.462224558534249041e-01,-4.516760629476891942e-01,4.133435421852486580e-01
-1.043230295181274414e-02,7.924311794340610504e-03,1.781213283538818359e-02,3.120139241218566895e-03,-7.449764758348464966e-03,-1.698762178421020508e-03,1.219915896654129028e-01,9.386091828346252441e-01,-4.555495083332061768e-01,4.176089167594909668e-01,1.100028347733954526e-01,9.462963845638248106e-01,-4.517026933103541753e-01,4.133617608235827245e-01
-1.043143123388290405e-02,7.930848747491836548e-03,1.781256124377250671e-02,3.111287951469421387e-03,-7.456500083208084106e-03,-1.708667725324630737e-03,1.215160638093948364e-01,9.387491941452026367e-01,-4.555861949920654297e-01,4.176181554794311523e-01,1.095238103025081150e-01,9.463699975542712028e-01,-4.517291806430193679e-01,4.133798727409387364e-01
-1.043055206537246704e-02,7.937373593449592590e-03,1.781294122338294983e-02,3.102436661720275879e-03,-7.463213056325912476e-03,-1.718617975711822510e-03,1.210397481918334961e-01,9.388877153396606445e-01,-4.556226432323455811e-01,4.176257848739624023e-01,1.090448797861477692e-01,9.464432947956259445e-01,-4.517555254815124877e-01,4.133978785323208505e-01
-1.042970269918441772e-02,7.943896576762199402e-03,1.781335473060607910e-02,3.093574196100234985e-03,-7.469948381185531616e-03,-1.728571951389312744e-03,1.205639243125915527e-01,9.390276670455932617e-01,-4.556603431701660156e-01,4.176345765590667725e-01,1.085660431619850513e-01,9.465162762419948583e-01,-4.517817283713337906e-01,4.134157787923100624e-01
-1.042881608009338379e-02,7.950422354042530060e-03,1.781374216079711914e-02,3.084741532802581787e-03,-7.476668804883956909e-03,-1.738499850034713745e-03,1.200883388519287109e-01,9.391663670539855957e-01,-4.556967318058013916e-01,4.176425933837890625e-01,1.080873003640723529e-01,9.465889418307086300e-01,-4.518077898676567394e-01,4.134335741150638732e-01
-1.042794436216354370e-02,7.956949993968009949e-03,1.781411468982696533e-02,3.075886517763137817e-03,-7.483433932065963745e-03,-1.748450100421905518e-03,1.196123808622360229e-01,9.393053650856018066e-01,-4.557338654994964600e-01,4.176512360572814941e-01,1.076086513228581287e-01,9.466612914823003821e-01,-4.518337105353275041e-01,4.134512650943075185e-01
-1.042701303958892822e-02,7.963478565216064453e-03,1.781446859240531921e-02,3.067038953304290771e-03,-7.490154355764389038e-03,-1.758370548486709595e-03,1.191356927156448364e-01,9.394420981407165527e-01,-4.557687044143676758e-01,4.176585972309112549e-01,1.071300959651750040e-01,9.467333251004711459e-01,-4.518594909488652944e-01,4.134688523233459034e-01
-1.042614132165908813e-02,7.970014587044715881e-03,1.781483739614486694e-02,3.058217465877532959e-03,-7.496882230043411255e-03,-1.768339425325393677e-03,1.186597794294357300e-01,9.395812749862670898e-01,-4.558055996894836426e-01,4.176657795906066895e-01,1.066516342142435625e-01,9.468050425721887819e-01,-4.518851316924623607e-01,4.134863363950474491e-01
-1.042523235082626343e-02,7.976587861776351929e-03,1.781519502401351929e-02,3.049373626708984375e-03,-7.503669708967208862e-03,-1.778237521648406982e-03,1.181832700967788696e-01,9.397202134132385254e-01,-4.558405578136444092e-01,4.176743030548095703e-01,1.061732659896783143e-01,9.468764437675967205e-01,-4.519106333599837155e-01,4.135037179018715703e-01
-1.042434573173522949e-02,7.983102463185787201e-03,1.781548559665679932e-02,3.040567040443420410e-03,-7.510390132665634155e-03,-1.788150519132614136e-03,1.177085489034652710e-01,9.398567080497741699e-01,-4.558756053447723389e-01,4.176804721355438232e-01,1.056949912074731657e-01,9.469475285399875375e-01,-4.519359965549674674e-01,4.135209974358319829e-01
-1.042341440916061401e-02,7.989645004272460938e-03,1.781580224633216858e-02,3.031738102436065674e-03,-7.517162710428237915e-03,-1.798089593648910522e-03,1.172319948673248291e-01,9.399936795234680176e-01,-4.559107422828674316e-01,4.176878035068511963e-01,1.052168097800184332e-01,9.470182967259281881e-01,-4.519612218906244316e-01,4.135381755885373933e-01
-1.042247563600540161e-02,7.996202446520328522e-03,1.781610399484634399e-02,3.022916615009307861e-03,-7.523905485868453979e-03,-1.808002591133117676e-03,1.167552620172500610e-01,9.401302337646484375e-01,-4.559445381164550781e-01,4.176941514015197754e-01,1.047387216160857865e-01,9.470887481450588341e-01,-4.519863099898387415e-01,4.135552529511529185e-01
-1.042156666517257690e-02,8.002743124961853027e-03,1.781636849045753479e-02,3.014102578163146973e-03,-7.530678063631057739e-03,-1.817911863327026367e-03,1.162797436118125916e-01,9.402664899826049805e-01,-4.559789001941680908e-01,4.177006185054779053e-01,1.042607266208368522e-01,9.471588826002598216e-01,-4.520112614851670152e-01,4.135722301144265645e-01
-1.042065769433975220e-02,8.009295910596847534e-03,1.781668886542320251e-02,3.005303442478179932e-03,-7.537472993135452271e-03,-1.827832311391830444e-03,1.158044189214706421e-01,9.404047131538391113e-01,-4.560145735740661621e-01,4.177085459232330322e-01,1.037828246958223399e-01,9.472286998776097144e-01,-4.520360770188392441e-01,4.135891076686818435e-01
-1.041971147060394287e-02,8.015835657715797424e-03,1.781692355871200562e-02,2.996481955051422119e-03,-7.544230669736862183e-03,-1.837730407714843750e-03,1.153281703591346741e-01,9.405392408370971680e-01,-4.560474753379821777e-01,4.177141785621643066e-01,1.033050157389776152e-01,9.472981997463099102e-01,-4.520607572427579601e-01,4.136058862038080042e-01
-1.041872054338455200e-02,8.022399619221687317e-03,1.781717687845230103e-02,2.987679094076156616e-03,-7.551033049821853638e-03,-1.847658306360244751e-03,1.148509830236434937e-01,9.406741857528686523e-01,-4.560807645320892334e-01,4.177206158638000488e-01,1.028272996446287502e-01,9.473673819587145051e-01,-4.520853028184988465e-01,4.136225663092830684e-01
-1.041781902313232422e-02,8.028973825275897980e-03,1.781742274761199951e-02,2.978894859552383423e-03,-7.557798177003860474e-03,-1.857552677392959595e-03,1.143756210803985596e-01,9.408113360404968262e-01,-4.561142921447753906e-01,4.177260398864746094e-01,1.023496763034897200e-01,9.474362462503572724e-01,-4.521097144173104598e-01,4.136391485741354179e-01
-1.041685044765472412e-02,8.035503327846527100e-03,1.781766489148139954e-02,2.970099449157714844e-03,-7.564593106508255005e-03,-1.867461949586868286e-03,1.138999909162521362e-01,9.409458637237548828e-01,-4.561480879783630371e-01,4.177326560020446777e-01,1.018721456026513567e-01,9.475047923399058103e-01,-4.521339927201143971e-01,4.136556335869894241e-01
-1.041588932275772095e-02,8.042088709771633148e-03,1.781786605715751648e-02,2.961285412311553955e-03,-7.571380585432052612e-03,-1.877360045909881592e-03,1.134226992726325989e-01,9.410805702209472656e-01,-4.561798274517059326e-01,4.177376031875610352e-01,1.013947074256054681e-01,9.475730199292261569e-01,-4.521581384175050733e-01,4.136720219360379702e-01
-1.041491329669952393e-02,8.048650808632373810e-03,1.781808957457542419e-02,2.952516078948974609e-03,-7.578190416097640991e-03,-1.887291669845581055e-03,1.129465401172637939e-01,9.412158727645874023e-01,-4.562134444713592529e-01,4.177434742450714111e-01,1.009173616522219263e-01,9.476409287032081519e-01,-4.521821522097498325e-01,4.136883142090386767e-01
-1.041395962238311768e-02,8.055238053202629089e-03,1.781829074025154114e-02,2.943743020296096802e-03,-7.585015147924423218e-03,-1.897156238555908203e-03,1.124710291624069214e-01,9.413514137268066406e-01,-4.562456309795379639e-01,4.177494347095489502e-01,1.004401081587613515e-01,9.477085183300314464e-01,-4.522060348067890034e-01,4.137045109933357168e-01
-1.041299104690551758e-02,8.061796426773071289e-03,1.781846955418586731e-02,2.934955060482025146e-03,-7.591810077428817749e-03,-1.907039433717727661e-03,1.119951158761978149e-01,9.414851665496826172e-01,-4.562775492668151855e-01,4.177544713020324707e-01,9.996294681787019909e-02,9.477757884608839500e-01,-4.522297869282359550e-01,4.137206128758411650e-01
-1.041197031736373901e-02,8.068365044891834259e-03,1.781862601637840271e-02,2.926185727119445801e-03,-7.598605006933212280e-03,-1.916930079460144043e-03,1.115184128284454346e-01,9.416176080703735352e-01,-4.563083946704864502e-01,4.177587926387786865e-01,9.948588524565821212e-02,9.478426953189370563e-01,-4.522533634563215554e-01,4.137366117735501447e-01
-1.041103154420852661e-02,8.074948564171791077e-03,1.781882718205451965e-02,2.917408943176269531e-03,-7.605444639921188354e-03,-1.926805824041366577e-03,1.110430806875228882e-01,9.417535662651062012e-01,-4.563412368297576904e-01,4.177650511264801025e-01,9.900891747817958111e-02,9.479092711478479538e-01,-4.522767996276359503e-01,4.137525147958887595e-01
-1.041001826524734497e-02,8.081519976258277893e-03,1.781894266605377197e-02,2.908617258071899414e-03,-7.612261921167373657e-03,-1.936696469783782959e-03,1.105659306049346924e-01,9.418853521347045898e-01,-4.563716053962707520e-01,4.177689850330352783e-01,9.853204238565324569e-02,9.479755210962220735e-01,-4.523001020589335619e-01,4.137683236381226592e-01
-1.040901243686676025e-02,8.088068105280399323e-03,1.781908422708511353e-02,2.899885177612304688e-03,-7.619056850671768188e-03,-1.946572214365005493e-03,1.100910604000091553e-01,9.420177340507507324e-01,-4.564029574394226074e-01,4.177733659744262695e-01,9.805525986633555069e-02,9.480414445167534288e-01,-4.523232712713394221e-01,4.137840388406180403e-01
-1.040802896022796631e-02,8.094654418528079987e-03,1.781921461224555969e-02,2.891100943088531494e-03,-7.625896483659744263e-03,-1.956436783075332642e-03,1.096147596836090088e-01,9.421509504318237305e-01,-4.564337134361267090e-01,4.177782237529754639e-01,9.757856981557654075e-02,9.481070407409829537e-01,-4.523463077914817165e-01,4.137996609425097505e-01
-1.040701568126678467e-02,8.101251907646656036e-03,1.781933009624481201e-02,2.882353961467742920e-03,-7.632743567228317261e-03,-1.966316252946853638e-03,1.091384664177894592e-01,9.422840476036071777e-01,-4.564642310142517090e-01,4.177824556827545166e-01,9.710197212581127280e-02,9.481723090791587261e-01,-4.523692121514921727e-01,4.138151904817327642e-01
-1.040600240230560303e-02,8.107810281217098236e-03,1.781942695379257202e-02,2.873599529266357422e-03,-7.639575749635696411e-03,-1.976154744625091553e-03,1.086633503437042236e-01,9.424152374267578125e-01,-4.564942717552185059e-01,4.177869558334350586e-01,9.662546668656847582e-02,9.482372488203947292e-01,-4.523919848890061157e-01,4.138306279950130784e-01
-1.040496677160263062e-02,8.114406839013099670e-03,1.781952753663063049e-02,2.864845097064971924e-03,-7.646400481462478638e-03,-1.986037939786911011e-03,1.081862747669219971e-01,9.425472617149353027e-01,-4.565239250659942627e-01,4.177904129028320312e-01,9.614905338446806671e-02,9.483018592325388463e-01,-4.524146265471623574e-01,4.138459740178332957e-01
-1.040394604206085205e-02,8.121000602841377258e-03,1.781962811946868896e-02,2.856120467185974121e-03,-7.653277367353439331e-03,-1.995913684368133545e-03,1.077106744050979614e-01,9.426800608634948730e-01,-4.565546810626983643e-01,4.177950918674468994e-01,9.567273210321750043e-02,9.483661395621187928e-01,-4.524371376746029738e-01,4.138612290844974617e-01
-1.040294021368026733e-02,8.127601817250251770e-03,1.781966537237167358e-02,2.847388386726379395e-03,-7.660102099180221558e-03,-2.005755901336669922e-03,1.072349250316619873e-01,9.428114891052246094e-01,-4.565833210945129395e-01,4.177973568439483643e-01,9.519650272360886956e-02,9.484300890344756763e-01,-4.524595188254740274e-01,4.138763937280670602e-01
-1.040190458297729492e-02,8.134184405207633972e-03,1.781975477933883667e-02,2.838641405105590820e-03,-7.666993886232376099e-03,-2.015620470046997070e-03,1.067591011524200439e-01,9.429433941841125488e-01,-4.566136896610260010e-01,4.178024828433990479e-01,9.472036512353158855e-02,9.484937068536386517e-01,-4.524817705594246231e-01,4.138914684804120836e-01
-1.040087640285491943e-02,8.140755817294120789e-03,1.781979203224182129e-02,2.829916775226593018e-03,-7.673818618059158325e-03,-2.025466412305831909e-03,1.062838360667228699e-01,9.430735707283020020e-01,-4.566426277160644531e-01,4.178052246570587158e-01,9.424431917796302627e-02,9.485569922023470157e-01,-4.525038934416075187e-01,4.139064538721617947e-01
-1.039981842041015625e-02,8.147345855832099915e-03,1.781984418630599976e-02,2.821184694766998291e-03,-7.680688053369522095e-03,-2.035312354564666748e-03,1.058078184723854065e-01,9.432040452957153320e-01,-4.566715061664581299e-01,4.178089797496795654e-01,9.376836475896477285e-02,9.486199442420286676e-01,-4.525258880426791808e-01,4.139213504327601267e-01
-1.039876788854598999e-02,8.153942413628101349e-03,1.781985908746719360e-02,2.812448889017105103e-03,-7.687557488679885864e-03,-2.045143395662307739e-03,1.053318083286285400e-01,9.433340430259704590e-01,-4.566995501518249512e-01,4.178121089935302734e-01,9.329250173569331173e-02,9.486825621127874530e-01,-4.525477549387992848e-01,4.139361586904113932e-01
-1.039769500494003296e-02,8.160551078617572784e-03,1.781987771391868591e-02,2.803713083267211914e-03,-7.694426923990249634e-03,-2.055000513792037964e-03,1.048547998070716858e-01,9.434639811515808105e-01,-4.567275047302246094e-01,4.178148210048675537e-01,9.281672997439138761e-02,9.487448449334193734e-01,-4.525694947116312150e-01,4.139508791721253078e-01
-1.039663702249526978e-02,8.167134597897529602e-03,1.781987771391868591e-02,2.794992178678512573e-03,-7.701311260461807251e-03,-2.064846456050872803e-03,1.043792068958282471e-01,9.435933828353881836e-01,-4.567559659481048584e-01,4.178178906440734863e-01,9.234104933838808982e-02,9.488067918013777247e-01,-4.525911079483416755e-01,4.139655124036820677e-01
-1.039557904005050659e-02,8.173746056854724884e-03,1.781987026333808899e-02,2.786286175251007080e-03,-7.708217948675155640e-03,-2.074673771858215332e-03,1.039036959409713745e-01,9.437236785888671875e-01,-4.567839801311492920e-01,4.178211092948913574e-01,9.186545968810284901e-02,9.488684017927050407e-01,-4.526125952416011344e-01,4.139800589096542249e-01
-1.039452105760574341e-02,8.180323056876659393e-03,1.781984418630599976e-02,2.777565270662307739e-03,-7.715079933404922485e-03,-2.084489911794662476e-03,1.034284383058547974e-01,9.438521265983581543e-01,-4.568113684654235840e-01,4.178235530853271484e-01,9.138996088104915649e-02,9.489296739621434496e-01,-4.526339571895833247e-01,4.139945192134091845e-01
-1.039343327283859253e-02,8.186935447156429291e-03,1.781980320811271667e-02,2.768855541944503784e-03,-7.721964269876480103e-03,-2.094324678182601929e-03,1.029520407319068909e-01,9.439806938171386719e-01,-4.568381607532501221e-01,4.178253412246704102e-01,9.091455277182149131e-02,9.489906073430014466e-01,-4.526551943959655766e-01,4.140088938370780625e-01
-1.039236038923263550e-02,8.193551562726497650e-03,1.781977340579032898e-02,2.760168164968490601e-03,-7.728856056928634644e-03,-2.104155719280242920e-03,1.024764180183410645e-01,9.441103339195251465e-01,-4.568655192852020264e-01,4.178275465965270996e-01,9.043923521210389671e-02,9.490512009472297228e-01,-4.526763074699286515e-01,4.140231833015952101e-01
-1.039126515388488770e-02,8.200136013329029083e-03,1.781973242759704590e-02,2.751465886831283569e-03,-7.735792547464370728e-03,-2.113997936248779297e-03,1.020009517669677734e-01,9.442386627197265625e-01,-4.568936526775360107e-01,4.178310334682464600e-01,8.996400805067569784e-02,9.491114537653496663e-01,-4.526972970261570195e-01,4.140373881266748990e-01
-1.039018481969833374e-02,8.206739090383052826e-03,1.781963557004928589e-02,2.742759883403778076e-03,-7.742676883935928345e-03,-2.123825252056121826e-03,1.015249192714691162e-01,9.443659186363220215e-01,-4.569197595119476318e-01,4.178318977355957031e-01,8.948887113339595856e-02,9.491713647664260511e-01,-4.527181636848384150e-01,4.140515088308191483e-01
-1.038910448551177979e-02,8.213322609663009644e-03,1.781958341598510742e-02,2.734068781137466431e-03,-7.749605923891067505e-03,-2.133641391992568970e-03,1.010502949357032776e-01,9.444941878318786621e-01,-4.569475352764129639e-01,4.178351461887359619e-01,8.901382430321702621e-02,9.492309328981511918e-01,-4.527389080716642811e-01,4.140655459313081210e-01
-1.038798689842224121e-02,8.219939656555652618e-03,1.781948655843734741e-02,2.725355327129364014e-03,-7.756512612104415894e-03,-2.143453806638717651e-03,1.005735248327255249e-01,9.446210265159606934e-01,-4.569727182388305664e-01,4.178364872932434082e-01,8.853886740017420653e-02,9.492901570867495753e-01,-4.527595308178293809e-01,4.140794999442229951e-01
-1.038687676191329956e-02,8.226542733609676361e-03,1.781938597559928894e-02,2.716660499572753906e-03,-7.763419300317764282e-03,-2.153247594833374023e-03,1.000979095697402954e-01,9.447477459907531738e-01,-4.569982588291168213e-01,4.178380966186523438e-01,8.806400026139814263e-02,9.493490362369402247e-01,-4.527800325600321307e-01,4.140933713844126007e-01
-1.038575917482376099e-02,8.233151398599147797e-03,1.781924813985824585e-02,2.707976847887039185e-03,-7.770340889692306519e-03,-2.163067460060119629e-03,9.962194412946701050e-02,9.448738694190979004e-01,-4.570236206054687500e-01,4.178388416767120361e-01,8.758922272110003515e-02,9.494075692320276261e-01,-4.528004139404744333e-01,4.141071607655239517e-01
-1.038463413715362549e-02,8.239767514169216156e-03,1.781915128231048584e-02,2.699308097362518311e-03,-7.777307182550430298e-03,-2.172872424125671387e-03,9.914673119783401489e-02,9.450013041496276855e-01,-4.570499062538146973e-01,4.178415536880493164e-01,8.711453461058636660e-02,9.494657549337993663e-01,-4.528206756068614558e-01,4.141208685999840378e-01
-1.038353145122528076e-02,8.246356621384620667e-03,1.781902834773063660e-02,2.690628170967102051e-03,-7.784228771924972534e-03,-2.182658761739730835e-03,9.867206215858459473e-02,9.451276063919067383e-01,-4.570755958557128906e-01,4.178433120250701904e-01,8.663993575824091575e-02,9.495235921825525560e-01,-4.528408182124021852e-01,4.141344953990076516e-01
-1.038239896297454834e-02,8.252987638115882874e-03,1.781884953379631042e-02,2.681948244571685791e-03,-7.791142910718917847e-03,-2.192489802837371826e-03,9.819510579109191895e-02,9.452530741691589355e-01,-4.570998549461364746e-01,4.178425669670104980e-01,8.616542598954601839e-02,9.495810797970485329e-01,-4.528608424158090950e-01,4.141480416725936142e-01
-1.038125157356262207e-02,8.259582333266735077e-03,1.781871542334556580e-02,2.673275768756866455e-03,-7.798131555318832397e-03,-2.202294766902923584e-03,9.771999716758728027e-02,9.453787803649902344e-01,-4.571258425712585449e-01,4.178453683853149414e-01,8.569100512706132045e-02,9.496382165745543835e-01,-4.528807488812979787e-01,4.141615079295317692e-01
-1.038014143705368042e-02,8.266220800578594208e-03,1.781856268644332886e-02,2.664610743522644043e-03,-7.805068045854568481e-03,-2.212047576904296875e-03,9.724491834640502930e-02,9.455054998397827148e-01,-4.571498632431030273e-01,4.178462922573089600e-01,8.521667299044541344e-02,9.496950012907747762e-01,-4.529005382785881717e-01,4.141748946773856632e-01
-1.037897914648056030e-02,8.272827602922916412e-03,1.781834661960601807e-02,2.655953168869018555e-03,-7.812041789293289185e-03,-2.221852540969848633e-03,9.676934033632278442e-02,9.456294178962707520e-01,-4.571740925312042236e-01,4.178467392921447754e-01,8.474242939643014672e-02,9.497514326998783840e-01,-4.529202112829026627e-01,4.141882024225151393e-01
-1.037784665822982788e-02,8.279449306428432465e-03,1.781816408038139343e-02,2.647288143634796143e-03,-7.819008082151412964e-03,-2.231631428003311157e-03,9.629406034946441650e-02,9.457547664642333984e-01,-4.571983814239501953e-01,4.178478121757507324e-01,8.426827415884953487e-02,9.498075095344183927e-01,-4.529397685749676494e-01,4.142014316700637355e-01
-1.037670671939849854e-02,8.286048658192157745e-03,1.781795546412467957e-02,2.638626843690872192e-03,-7.825966924428939819e-03,-2.241432666778564453e-03,9.581883251667022705e-02,9.458791613578796387e-01,-4.572228789329528809e-01,4.178481400012969971e-01,8.379420708860922662e-02,9.498632305054615088e-01,-4.529592108410133156e-01,4.142145829239600729e-01
-1.037554442882537842e-02,8.292648941278457642e-03,1.781774684786796570e-02,2.629980444908142090e-03,-7.832940667867660522e-03,-2.251215279102325439e-03,9.534401446580886841e-02,9.460030794143676758e-01,-4.572471380233764648e-01,4.178490638732910156e-01,8.332022799371545385e-02,9.499185943023904510e-01,-4.529785387727727763e-01,4.142276566869166898e-01
-1.037437468767166138e-02,8.299278095364570618e-03,1.781751587986946106e-02,2.621326595544815063e-03,-7.839899510145187378e-03,-2.261009067296981812e-03,9.486787766218185425e-02,9.461268782615661621e-01,-4.572702348232269287e-01,4.178485870361328125e-01,8.284633667925582479e-02,9.499735995930443933e-01,-4.529977530674832442e-01,4.142406534604330393e-01
-1.037320494651794434e-02,8.305893279612064362e-03,1.781728491187095642e-02,2.612680196762084961e-03,-7.846888154745101929e-03,-2.270773053169250488e-03,9.439286589622497559e-02,9.462505578994750977e-01,-4.572936296463012695e-01,4.178493022918701172e-01,8.237255423191475190e-02,9.500285120979090614e-01,-4.530168258965006078e-01,4.142535696461600025e-01
-1.037207990884780884e-02,8.312511257827281952e-03,1.781708002090454102e-02,2.604044973850250244e-03,-7.853876799345016479e-03,-2.280529588460922241e-03,9.391896426677703857e-02,9.463760256767272949e-01,-4.573180377483367920e-01,4.178504943847656250e-01,8.189888049315256768e-02,9.500833309430297691e-01,-4.530357579116275346e-01,4.142664057350625706e-01
-1.037088036537170410e-02,8.319140411913394928e-03,1.781679689884185791e-02,2.595402300357818604e-03,-7.860857993364334106e-03,-2.290286123752593994e-03,9.344315528869628906e-02,9.464980363845825195e-01,-4.573396444320678711e-01,4.178496897220611572e-01,8.142529808820153647e-02,9.501378392582583432e-01,-4.530545728441434106e-01,4.142791655315482546e-01
-1.036971807479858398e-02,8.325749076902866364e-03,1.781654357910156250e-02,2.586752176284790039e-03,-7.867824286222457886e-03,-2.300046384334564209e-03,9.296818822622299194e-02,9.466210007667541504e-01,-4.573624432086944580e-01,4.178495407104492188e-01,8.095180699187896900e-02,9.501920378952207757e-01,-4.530732711701813686e-01,4.142918494973282795e-01
-1.036855578422546387e-02,8.332381024956703186e-03,1.781629770994186401e-02,2.578113228082656860e-03,-7.874827831983566284e-03,-2.309795469045639038e-03,9.249337762594223022e-02,9.467449784278869629e-01,-4.573854804039001465e-01,4.178501069545745850e-01,8.047840717930114518e-02,9.502459277238164415e-01,-4.530918533670785231e-01,4.143044580922865538e-01
-1.036734133958816528e-02,8.339022286236286163e-03,1.781599223613739014e-02,2.569474279880523682e-03,-7.881809026002883911e-03,-2.319555729627609253e-03,9.201706945896148682e-02,9.468665719032287598e-01,-4.574063718318939209e-01,4.178486466407775879e-01,8.000509862587391885e-02,9.502995096321612545e-01,-4.531103199133761361e-01,4.143169917744789488e-01
-1.036617904901504517e-02,8.345651440322399139e-03,1.781570911407470703e-02,2.560846507549285889e-03,-7.888842374086380005e-03,-2.329327166080474854e-03,9.154237806797027588e-02,9.469901919364929199e-01,-4.574296772480010986e-01,4.178489446640014648e-01,7.953188130730171057e-02,9.503527845266904750e-01,-4.531286712888193957e-01,4.143294510001259146e-01
-1.036501675844192505e-02,8.352260105311870575e-03,1.781542599201202393e-02,2.552233636379241943e-03,-7.895838469266891479e-03,-2.339035272598266602e-03,9.106915444135665894e-02,9.471127986907958984e-01,-4.574519693851470947e-01,4.178492128849029541e-01,7.905875519957647479e-02,9.504057533319606454e-01,-4.531469079743579154e-01,4.143418362236117591e-01
-1.036379486322402954e-02,8.358869701623916626e-03,1.781509444117546082e-02,2.543598413467407227e-03,-7.902849465608596802e-03,-2.348780632019042969e-03,9.059394896030426025e-02,9.472330808639526367e-01,-4.574731588363647461e-01,4.178484678268432617e-01,7.858572027899768386e-02,9.504584169907982494e-01,-4.531650304521449013e-01,4.143541478975016346e-01
-1.036260277032852173e-02,8.365510031580924988e-03,1.781479641795158386e-02,2.534974366426467896e-03,-7.909853011369705200e-03,-2.358511090278625488e-03,9.011892974376678467e-02,9.473554491996765137e-01,-4.574945867061614990e-01,4.178479611873626709e-01,7.811277652214745904e-02,9.505107764641474999e-01,-4.531830392055380408e-01,4.143663864725173895e-01
-1.036140322685241699e-02,8.372150361537933350e-03,1.781446114182472229e-02,2.526350319385528564e-03,-7.916864007711410522e-03,-2.368282526731491089e-03,8.964319527149200439e-02,9.474771022796630859e-01,-4.575160145759582520e-01,4.178464114665985107e-01,7.763992390590322701e-02,9.505628327311769210e-01,-4.532009347190990023e-01,4.143785523975485052e-01
-1.036021113395690918e-02,8.378755301237106323e-03,1.781412959098815918e-02,2.517752349376678467e-03,-7.923897355794906616e-03,-2.377968281507492065e-03,8.917044103145599365e-02,9.475983381271362305e-01,-4.575374722480773926e-01,4.178467392921447754e-01,7.716716240744095345e-02,9.506145867891387935e-01,-4.532187174785933803e-01,4.143906461196585345e-01
-1.035899668931961060e-02,8.385400287806987762e-03,1.781376078724861145e-02,2.509139478206634521e-03,-7.930915802717208862e-03,-2.387721091508865356e-03,8.869487047195434570e-02,9.477190375328063965e-01,-4.575579464435577393e-01,4.178447127342224121e-01,7.669449200422985558e-02,9.506660396534487578e-01,-4.532363879709911947e-01,4.144026680840806609e-01
-1.035776734352111816e-02,8.392019197344779968e-03,1.781340688467025757e-02,2.500537782907485962e-03,-7.937964051961898804e-03,-2.397432923316955566e-03,8.822077512741088867e-02,9.478393197059631348e-01,-4.575787782669067383e-01,4.178444743156433105e-01,7.622191267403240211e-02,9.507171923576137607e-01,-4.532539466844661691e-01,4.144146187342046539e-01
-1.035657525062561035e-02,8.398668840527534485e-03,1.781305298209190369e-02,2.491928637027740479e-03,-7.944982498884201050e-03,-2.407141029834747314e-03,8.774619549512863159e-02,9.479610323905944824e-01,-4.575990736484527588e-01,4.178431034088134766e-01,7.574942439490187085e-02,9.507680459532020789e-01,-4.532713941083963416e-01,4.144264985115983513e-01
-1.035534590482711792e-02,8.405279368162155151e-03,1.781265065073966980e-02,2.483319491147994995e-03,-7.952023297548294067e-03,-2.416856586933135986e-03,8.727188408374786377e-02,9.480797648429870605e-01,-4.576192498207092285e-01,4.178417325019836426e-01,7.527702714519293736e-02,9.508186015098769595e-01,-4.532887307333637872e-01,4.144383078559921718e-01
-1.035412400960922241e-02,8.411919698119163513e-03,1.781224831938743591e-02,2.474721521139144897e-03,-7.959041744470596313e-03,-2.426575869321823120e-03,8.679704368114471436e-02,9.481995105743408203e-01,-4.576387107372283936e-01,4.178392887115478516e-01,7.480472090354495229e-02,9.508688601153245656e-01,-4.533059570511546732e-01,4.144500472052924378e-01
-1.035287231206893921e-02,8.418552577495574951e-03,1.781187579035758972e-02,2.466131001710891724e-03,-7.966119796037673950e-03,-2.436291426420211792e-03,8.632269501686096191e-02,9.483194351196289062e-01,-4.576593041419982910e-01,4.178390800952911377e-01,7.433250564889790080e-02,9.509188228752659677e-01,-4.533230735547593149e-01,4.144617169955651659e-01
-1.035168021917343140e-02,8.425179868936538696e-03,1.781146973371505737e-02,2.457529306411743164e-03,-7.973160594701766968e-03,-2.445984631776809692e-03,8.584901690483093262e-02,9.484395980834960938e-01,-4.576793313026428223e-01,4.178376197814941406e-01,7.386038136048578284e-02,9.509684909134296094e-01,-4.533400807383718978e-01,4.144733176610481129e-01
-1.035040616989135742e-02,8.431814610958099365e-03,1.781103014945983887e-02,2.448949962854385376e-03,-7.980223745107650757e-03,-2.455715090036392212e-03,8.537404239177703857e-02,9.485576748847961426e-01,-4.576985538005828857e-01,4.178354144096374512e-01,7.338834801782813388e-02,9.510178653715257724e-01,-4.533569790973909219e-01,4.144848496341398403e-01
-1.034920662641525269e-02,8.438475430011749268e-03,1.781062036752700806e-02,2.440378069877624512e-03,-7.987271994352340698e-03,-2.465393394231796265e-03,8.490044623613357544e-02,9.486786127090454102e-01,-4.577179849147796631e-01,4.178335070610046387e-01,7.291640560074791333e-02,9.510669474092419140e-01,-4.533737691284189242e-01,4.144963133454268034e-01
-1.034794747829437256e-02,8.445095270872116089e-03,1.781017705798149109e-02,2.431780099868774414e-03,-7.994364947080612183e-03,-2.475090324878692627e-03,8.442628383636474609e-02,9.487965106964111328e-01,-4.577373564243316650e-01,4.178325533866882324e-01,7.244455408935278340e-02,9.511157382042131347e-01,-4.533904513292623117e-01,4.145077092236349459e-01
-1.034672558307647705e-02,8.451739326119422913e-03,1.780972257256507874e-02,2.423200756311416626e-03,-8.001413196325302124e-03,-2.484757453203201294e-03,8.395260572433471680e-02,9.489153623580932617e-01,-4.577557444572448730e-01,4.178301095962524414e-01,7.197279346405138778e-02,9.511642389519985308e-01,-4.534070261989320283e-01,4.145190376956802147e-01
-1.034547388553619385e-02,8.458374068140983582e-03,1.780926808714866638e-02,2.414621412754058838e-03,-8.008483797311782837e-03,-2.494469285011291504e-03,8.347819745540618896e-02,9.490336179733276367e-01,-4.577748775482177734e-01,4.178279340267181396e-01,7.150112370554359553e-02,9.512124508660783073e-01,-4.534234942376425548e-01,4.145302991866464670e-01
-1.034420728683471680e-02,8.465006947517395020e-03,1.780881732702255249e-02,2.406030893325805664e-03,-8.015576750040054321e-03,-2.504128962755203247e-03,8.300431072711944580e-02,9.491514563560485840e-01,-4.577932655811309814e-01,4.178268313407897949e-01,7.102954479481721206e-02,9.512603751778188066e-01,-4.534398559468129086e-01,4.145414941197668734e-01
-1.034294813871383667e-02,8.471637964248657227e-03,1.780831813812255859e-02,2.397459000349044800e-03,-8.022624999284744263e-03,-2.513833343982696533e-03,8.252988755702972412e-02,9.492682218551635742e-01,-4.578112959861755371e-01,4.178232550621032715e-01,7.055805671315779071e-02,9.513080131364540781e-01,-4.534561118290659776e-01,4.145526229164607224e-01
-1.034169644117355347e-02,8.478272706270217896e-03,1.780784502625465393e-02,2.388894557952880859e-03,-8.029740303754806519e-03,-2.523493021726608276e-03,8.205688744783401489e-02,9.493864178657531738e-01,-4.578300714492797852e-01,4.178223013877868652e-01,7.008665944214818866e-02,9.513553660090934283e-01,-4.534722623882288528e-01,4.145636859963050536e-01
-1.034043729305267334e-02,8.484929800033569336e-03,1.780733466148376465e-02,2.380318939685821533e-03,-8.036825805902481079e-03,-2.533163875341415405e-03,8.158251643180847168e-02,9.495038390159606934e-01,-4.578473567962646484e-01,4.178192317485809326e-01,6.961535296365312098e-02,9.514024350806642438e-01,-4.534883081293324403e-01,4.145746837770545312e-01
-1.033917069435119629e-02,8.491564542055130005e-03,1.780681312084197998e-02,2.371773123741149902e-03,-8.043918758630752563e-03,-2.542849630117416382e-03,8.110903203487396240e-02,9.496207237243652344e-01,-4.578654468059539795e-01,4.178163409233093262e-01,6.914413725984114301e-02,9.514492216539007785e-01,-4.535042495586120159e-01,4.145856166746207383e-01
-1.033791154623031616e-02,8.498184382915496826e-03,1.780632883310317993e-02,2.363204956054687500e-03,-8.051041513681411743e-03,-2.552486956119537354e-03,8.063651621341705322e-02,9.497379064559936523e-01,-4.578839242458343506e-01,4.178155660629272461e-01,6.867301231317160526e-02,9.514957270493632491e-01,-4.535200871835069480e-01,4.145964851030888854e-01
-1.033663004636764526e-02,8.504847064614295959e-03,1.780578866600990295e-02,2.354621887207031250e-03,-8.058119565248489380e-03,-2.562150359153747559e-03,8.016145229339599609e-02,9.498540759086608887e-01,-4.579000473022460938e-01,4.178117513656616211e-01,6.820197810638690961e-02,9.515419526053691124e-01,-4.535358215126605308e-01,4.146072894747161452e-01
-1.033536344766616821e-02,8.511491119861602783e-03,1.780525594949722290e-02,2.346083521842956543e-03,-8.065242320299148560e-03,-2.571810036897659302e-03,7.968851178884506226e-02,9.499710202217102051e-01,-4.579178094863891602e-01,4.178093373775482178e-01,6.773103462253823870e-02,9.515878996780089416e-01,-4.535514530559200952e-01,4.146180301999172202e-01
-1.033407449722290039e-02,8.518142625689506531e-03,1.780470088124275208e-02,2.337552607059478760e-03,-8.072335273027420044e-03,-2.581454813480377197e-03,7.921513170003890991e-02,9.500870108604431152e-01,-4.579342007637023926e-01,4.178057610988616943e-01,6.726018184495324848e-02,9.516335696411153400e-01,-4.535669823243373422e-01,4.146287076872889332e-01
-1.033280044794082642e-02,8.524786680936813354e-03,1.780415326356887817e-02,2.328995615243911743e-03,-8.079458028078079224e-03,-2.591144293546676636e-03,7.874117791652679443e-02,9.502034783363342285e-01,-4.579518735408782959e-01,4.178027808666229248e-01,6.678941975726880587e-02,9.516789638862179768e-01,-4.535824098301677321e-01,4.146393223435834718e-01
-1.033151149749755859e-02,8.531425148248672485e-03,1.780360564589500427e-02,2.320457249879837036e-03,-8.086580783128738403e-03,-2.600744366645812988e-03,7.826884090900421143e-02,9.503191709518432617e-01,-4.579682946205139160e-01,4.178007245063781738e-01,6.631874834339865354e-02,9.517240838225697885e-01,-4.535977360868711505e-01,4.146498745737250413e-01
-1.033022254705429077e-02,8.538089692592620850e-03,1.780301332473754883e-02,2.311892807483673096e-03,-8.093718439340591431e-03,-2.610396593809127808e-03,7.779450714588165283e-02,9.504345655441284180e-01,-4.579841792583465576e-01,4.177971482276916504e-01,6.584816758755920874e-02,9.517689308771205559e-01,-4.536129616091111871e-01,4.146603647808044801e-01
-1.032893359661102295e-02,8.544716984033584595e-03,1.780243963003158569e-02,2.303361892700195312e-03,-8.100841194391250610e-03,-2.620026469230651855e-03,7.732211053371429443e-02,9.505497217178344727e-01,-4.580009281635284424e-01,4.177944064140319824e-01,6.537767747425521359e-02,9.518135064944525103e-01,-4.536280869127558013e-01,4.146707933660906953e-01
-1.032764464616775513e-02,8.551349863409996033e-03,1.780183240771293640e-02,2.294816076755523682e-03,-8.107978850603103638e-03,-2.629660069942474365e-03,7.684917747974395752e-02,9.506641626358032227e-01,-4.580171406269073486e-01,4.177912175655364990e-01,6.490727798828960227e-02,9.518578121368218570e-01,-4.536431125148769339e-01,4.146811607290070700e-01
-1.032634079456329346e-02,8.557986468076705933e-03,1.780124753713607788e-02,2.286277711391448975e-03,-8.115123957395553589e-03,-2.639301121234893799e-03,7.637614011764526367e-02,9.507789611816406250e-01,-4.580336809158325195e-01,4.177884757518768311e-01,6.443696911474705580e-02,9.519018492840831680e-01,-4.536580389337506736e-01,4.146914672671507263e-01
-1.032504439353942871e-02,8.564632385969161987e-03,1.780065521597862244e-02,2.277761697769165039e-03,-8.122254163026809692e-03,-2.648927271366119385e-03,7.590359449386596680e-02,9.508940577507019043e-01,-4.580497741699218750e-01,4.177851676940917969e-01,6.396675083901495751e-02,9.519456194337611032e-01,-4.536728666888570904e-01,4.147017133762837537e-01
-1.032371819019317627e-02,8.571295067667961121e-03,1.780002564191818237e-02,2.269230782985687256e-03,-8.129399269819259644e-03,-2.658549696207046509e-03,7.542990893125534058e-02,9.510081410408020020e-01,-4.580645263195037842e-01,4.177812635898590088e-01,6.349662314676410291e-02,9.519891241008687777e-01,-4.536875963008804025e-01,4.147118994503510847e-01
-1.032246649265289307e-02,8.577935397624969482e-03,1.779939979314804077e-02,2.260707318782806396e-03,-8.136566728353500366e-03,-2.668160945177078247e-03,7.495839148759841919e-02,9.511234760284423828e-01,-4.580811262130737305e-01,4.177783727645874023e-01,6.302658602396224441e-02,9.520323648180739617e-01,-4.537022282917089755e-01,4.147220258814400817e-01
-1.032113283872604370e-02,8.584581315517425537e-03,1.779877021908760071e-02,2.252176403999328613e-03,-8.143726736307144165e-03,-2.677787095308303833e-03,7.448506355285644531e-02,9.512370228767395020e-01,-4.580963850021362305e-01,4.177750647068023682e-01,6.255663945687686689e-02,9.520753431355787333e-01,-4.537167631844351012e-01,4.147320930598231148e-01
-1.031980663537979126e-02,8.591232821345329285e-03,1.779811456799507141e-02,2.243656665086746216e-03,-8.150871843099594116e-03,-2.687383443117141724e-03,7.401219755411148071e-02,9.513501524925231934e-01,-4.581106305122375488e-01,4.177709817886352539e-01,6.208678343205039502e-02,9.521180606210843944e-01,-4.537312015033552748e-01,4.147421013739433504e-01
-1.031849533319473267e-02,8.597888052463531494e-03,1.779746264219284058e-02,2.235136926174163818e-03,-8.158031851053237915e-03,-2.697005867958068848e-03,7.353921979665756226e-02,9.514641165733337402e-01,-4.581256806850433350e-01,4.177669584751129150e-01,6.161701793632987784e-02,9.521605188598564196e-01,-4.537455437739700281e-01,4.147520512103955448e-01
-1.031719893217086792e-02,8.604545146226882935e-03,1.779679954051971436e-02,2.226613461971282959e-03,-8.165214210748672485e-03,-2.706613391637802124e-03,7.306668907403945923e-02,9.515781402587890625e-01,-4.581408500671386719e-01,4.177634418010711670e-01,6.114734295685155668e-02,9.522027194546293094e-01,-4.537597905229842077e-01,4.147619429539594615e-01
-1.031585037708282471e-02,8.611172437667846680e-03,1.779611781239509583e-02,2.218101173639297485e-03,-8.172381669282913208e-03,-2.716198563575744629e-03,7.259449362754821777e-02,9.516896009445190430e-01,-4.581549763679504395e-01,4.177596867084503174e-01,6.067775848104002556e-02,9.522446640255843864e-01,-4.537739422783062526e-01,4.147717769875775007e-01
-1.031455397605895996e-02,8.617848157882690430e-03,1.779542490839958191e-02,2.209600061178207397e-03,-8.179556578397750854e-03,-2.725813537836074829e-03,7.212181389331817627e-02,9.518037438392639160e-01,-4.581696093082427979e-01,4.177548885345458984e-01,6.020826449662250446e-02,9.522863542104327284e-01,-4.537879995690491386e-01,4.147815536923538104e-01
-1.031322777271270752e-02,8.624477311968803406e-03,1.779477298259735107e-02,2.201110124588012695e-03,-8.186746388673782349e-03,-2.735398709774017334e-03,7.165068387985229492e-02,9.519169926643371582e-01,-4.581851065158843994e-01,4.177523255348205566e-01,5.973886099159782942e-02,9.523277916642483021e-01,-4.538019629255296561e-01,4.147912734475683871e-01
-1.031187176704406738e-02,8.631136268377304077e-03,1.779405772686004639e-02,2.192586660385131836e-03,-8.193928748369216919e-03,-2.744980156421661377e-03,7.117741554975509644e-02,9.520283341407775879e-01,-4.581980109214782715e-01,4.177478551864624023e-01,5.926954795428218681e-02,9.523689780595897547e-01,-4.538158328792689655e-01,4.148009366306659729e-01
-1.031056791543960571e-02,8.637815713882446289e-03,1.779333874583244324e-02,2.184078097343444824e-03,-8.201126009225845337e-03,-2.754576504230499268e-03,7.070472091436386108e-02,9.521418213844299316e-01,-4.582119584083557129e-01,4.177432060241699219e-01,5.880032537325966674e-02,9.524099150863595264e-01,-4.538296099629918756e-01,4.148105436172580540e-01
-1.030923426151275635e-02,8.644450455904006958e-03,1.779262721538543701e-02,2.175599336624145508e-03,-8.208308368921279907e-03,-2.764176577329635620e-03,7.023315131664276123e-02,9.522538781166076660e-01,-4.582264721393585205e-01,4.177388846874237061e-01,5.833119323742314705e-02,9.524506044519027714e-01,-4.538432947106277870e-01,4.148200947811279127e-01
-1.030791550874710083e-02,8.651107549667358398e-03,1.779191941022872925e-02,2.167105674743652344e-03,-8.215527981519699097e-03,-2.773720771074295044e-03,6.976208090782165527e-02,9.523666501045227051e-01,-4.582403898239135742e-01,4.177357256412506104e-01,5.786215153594528177e-02,9.524910478808710224e-01,-4.538568876573099153e-01,4.148295904942195245e-01
-1.030657440423965454e-02,8.657746016979217529e-03,1.779115945100784302e-02,2.158593386411666870e-03,-8.222717791795730591e-03,-2.783298492431640625e-03,6.928980350494384766e-02,9.524770379066467285e-01,-4.582533538341522217e-01,4.177308678627014160e-01,5.739320025829890842e-02,9.525312471152670435e-01,-4.538703893393754574e-01,4.148390311266568764e-01
-1.030520349740982056e-02,8.664414286613464355e-03,1.779041811823844910e-02,2.150118350982666016e-03,-8.229922503232955933e-03,-2.792868763208389282e-03,6.881748139858245850e-02,9.525884389877319336e-01,-4.582661092281341553e-01,4.177261590957641602e-01,5.692433939424235145e-02,9.525712039144985654e-01,-4.538838002943658689e-01,4.148484170467164334e-01
-1.030388474464416504e-02,8.671078830957412720e-03,1.778966188430786133e-02,2.141602337360382080e-03,-8.237142115831375122e-03,-2.802424132823944092e-03,6.834539026021957397e-02,9.527002573013305664e-01,-4.582790732383728027e-01,4.177217781543731689e-01,5.645556893383128078e-02,9.526109200551733380e-01,-4.538971210610266982e-01,4.148577486208596121e-01
-1.030250638723373413e-02,8.677726611495018005e-03,1.778888702392578125e-02,2.133138477802276611e-03,-8.244346827268600464e-03,-2.812020480632781982e-03,6.787325441837310791e-02,9.528102874755859375e-01,-4.582920372486114502e-01,4.177164435386657715e-01,5.598688886740356419e-02,9.526503973312542284e-01,-4.539103521793074747e-01,4.148670262137015285e-01
-1.030119508504867554e-02,8.684389293193817139e-03,1.778814196586608887e-02,2.124659717082977295e-03,-8.251588791608810425e-03,-2.821564674377441406e-03,6.740251183509826660e-02,9.529229998588562012e-01,-4.583058059215545654e-01,4.177129268646240234e-01,5.551829918559769705e-02,9.526896375539496420e-01,-4.539234941903619314e-01,4.148762501880371434e-01
-1.029983907938003540e-02,8.691055700182914734e-03,1.778736338019371033e-02,2.116184681653976440e-03,-8.258808404207229614e-03,-2.831120043992996216e-03,6.693069636821746826e-02,9.530339241027832031e-01,-4.583182334899902344e-01,4.177079498767852783e-01,5.504979987934051355e-02,9.527286425517401680e-01,-4.539365476365477270e-01,4.148854209048120079e-01
-1.029847562313079834e-02,8.697705343365669250e-03,1.778656989336013794e-02,2.107705920934677124e-03,-8.266028016805648804e-03,-2.840649336576461792e-03,6.645941734313964844e-02,9.531436562538146973e-01,-4.583300948143005371e-01,4.177031815052032471e-01,5.458139093984636786e-02,9.527674141702983102e-01,-4.539495130614267238e-01,4.148945387231627313e-01
-1.029711961746215820e-02,8.704349398612976074e-03,1.778579503297805786e-02,2.099223434925079346e-03,-8.273262530565261841e-03,-2.850186079740524292e-03,6.598836183547973633e-02,9.532539248466491699e-01,-4.583427906036376953e-01,4.176991581916809082e-01,5.411307235862574533e-02,9.528059542725763054e-01,-4.539623910097649873e-01,4.149036040003765136e-01
-1.029575616121292114e-02,8.711036294698715210e-03,1.778497919440269470e-02,2.090748399496078491e-03,-8.280497044324874878e-03,-2.859763801097869873e-03,6.551562249660491943e-02,9.533645510673522949e-01,-4.583546817302703857e-01,4.176932871341705322e-01,5.364484412747868441e-02,9.528442647386620168e-01,-4.539751820275323979e-01,4.149126170919203438e-01
-1.029442250728607178e-02,8.717698976397514343e-03,1.778418198227882385e-02,2.082295715808868408e-03,-8.287776261568069458e-03,-2.869293093681335449e-03,6.504555046558380127e-02,9.534759521484375000e-01,-4.583677947521209717e-01,4.176895618438720703e-01,5.317670623849153622e-02,9.528823474658276727e-01,-4.539878866619030950e-01,4.149215783514159650e-01
-1.029305160045623779e-02,8.724344894289970398e-03,1.778334751725196838e-02,2.073846757411956787e-03,-8.295010775327682495e-03,-2.878829836845397949e-03,6.457482278347015381e-02,9.535850882530212402e-01,-4.583796858787536621e-01,4.176841676235198975e-01,5.270865868405043980e-02,9.529202043685227608e-01,-4.540005054612551993e-01,4.149304881306608572e-01
-1.029168814420700073e-02,8.731015026569366455e-03,1.778253167867660522e-02,2.065382897853851318e-03,-8.302237838506698608e-03,-2.888355404138565063e-03,6.410342454910278320e-02,9.536951184272766113e-01,-4.583909511566162109e-01,4.176787734031677246e-01,5.224070145682497418e-02,9.529578373783550438e-01,-4.540130389751709794e-01,4.149393467796224644e-01
-1.029031723737716675e-02,8.737659081816673279e-03,1.778169721364974976e-02,2.056907862424850464e-03,-8.309517055749893188e-03,-2.897888422012329102e-03,6.363251805305480957e-02,9.538041353225708008e-01,-4.584030807018280029e-01,4.176745712757110596e-01,5.177283454977838623e-02,9.529952484440068483e-01,-4.540254877544368517e-01,4.149481546464317550e-01
-1.028895378112792969e-02,8.744329214096069336e-03,1.778084784746170044e-02,2.048440277576446533e-03,-8.316744118928909302e-03,-2.907425165176391602e-03,6.316083669662475586e-02,9.539133310317993164e-01,-4.584140479564666748e-01,4.176684319972991943e-01,5.130505795616757680e-02,9.530324395313148900e-01,-4.540378523510433251e-01,4.149569120773977660e-01
-1.028759032487869263e-02,8.750993758440017700e-03,1.778001710772514343e-02,2.040002495050430298e-03,-8.324023336172103882e-03,-2.916924655437469482e-03,6.269091367721557617e-02,9.540234208106994629e-01,-4.584258198738098145e-01,4.176641702651977539e-01,5.083737166953573861e-02,9.530694126231223917e-01,-4.540501333181848898e-01,4.149656194169800139e-01
-1.028621196746826172e-02,8.757673203945159912e-03,1.777913793921470642e-02,2.031542360782623291e-03,-8.331295102834701538e-03,-2.926472574472427368e-03,6.221903115510940552e-02,9.541323184967041016e-01,-4.584367871284484863e-01,4.176580607891082764e-01,5.036977568371770603e-02,9.531061697194191940e-01,-4.540623312102599618e-01,4.149742770078128085e-01
-1.028483361005783081e-02,8.764337748289108276e-03,1.777826994657516479e-02,2.023093402385711670e-03,-8.338574320077896118e-03,-2.935960888862609863e-03,6.174868345260620117e-02,9.542410969734191895e-01,-4.584474861621856689e-01,4.176532328128814697e-01,4.990226999284195358e-02,9.531427128372091939e-01,-4.540744465828715493e-01,4.149828851907084726e-01
-1.028347760438919067e-02,8.771002292633056641e-03,1.777739822864532471e-02,2.014666795730590820e-03,-8.345846086740493774e-03,-2.945471554994583130e-03,6.127882003784179688e-02,9.543504714965820312e-01,-4.584588408470153809e-01,4.176478087902069092e-01,4.943485459132285209e-02,9.531790440105105677e-01,-4.540864799928261419e-01,4.149914443046429646e-01
-1.028208434581756592e-02,8.777659386396408081e-03,1.777650043368339539e-02,2.006210386753082275e-03,-8.353125303983688354e-03,-2.954956144094467163e-03,6.080821529030799866e-02,9.544578790664672852e-01,-4.584688246250152588e-01,4.176424145698547363e-01,4.896752947386803084e-02,9.532151652903551042e-01,-4.540984319981347106e-01,4.149999546867488842e-01
-1.028069108724594116e-02,8.784325793385505676e-03,1.777560636401176453e-02,1.997765153646469116e-03,-8.360419422388076782e-03,-2.964485436677932739e-03,6.033713743090629578e-02,9.545660018920898438e-01,-4.584796726703643799e-01,4.176369011402130127e-01,4.850029463547836373e-02,9.532510787447850964e-01,-4.541103031580123739e-01,4.150084166723398416e-01
-1.027932018041610718e-02,8.790995925664901733e-03,1.777472719550132751e-02,1.989342272281646729e-03,-8.367698639631271362e-03,-2.973996102809906006e-03,5.986702442169189453e-02,9.546750783920288086e-01,-4.584908187389373779e-01,4.176314175128936768e-01,4.803312541749644310e-02,9.532861976624974476e-01,-4.541220783759185031e-01,4.150168332718967013e-01
-1.027793437242507935e-02,8.797651156783103943e-03,1.777379959821701050e-02,1.980893313884735107e-03,-8.375022560358047485e-03,-2.983476966619491577e-03,5.939709767699241638e-02,9.547824263572692871e-01,-4.585011005401611328e-01,4.176265299320220947e-01,4.756604089181420275e-02,9.533209797504100802e-01,-4.541337703283322980e-01,4.150252027456849402e-01
-1.027652621269226074e-02,8.804317563772201538e-03,1.777284219861030579e-02,1.972466707229614258e-03,-8.382294327020645142e-03,-2.992983907461166382e-03,5.892616510391235352e-02,9.548887014389038086e-01,-4.585102200508117676e-01,4.176192581653594971e-01,4.709904487751950114e-02,9.533555184377642266e-01,-4.541453820061001068e-01,4.150335250083743155e-01
-1.027514040470123291e-02,8.810970932245254517e-03,1.777194067835807800e-02,1.964055001735687256e-03,-8.389640599489212036e-03,-3.002472221851348877e-03,5.845727026462554932e-02,9.549971818923950195e-01,-4.585217833518981934e-01,4.176153838634490967e-01,4.663213732182051180e-02,9.533898146927231032e-01,-4.541569139421690604e-01,4.150418003932613842e-01
-1.027374714612960815e-02,8.817639201879501343e-03,1.777097582817077637e-02,1.955606043338775635e-03,-8.396934717893600464e-03,-3.011949360370635986e-03,5.798662081360816956e-02,9.551034569740295410e-01,-4.585306346416473389e-01,4.176087677478790283e-01,4.616531817162194962e-02,9.534238694864319852e-01,-4.541683666703211775e-01,4.150500292318795026e-01
-1.027233898639678955e-02,8.824292570352554321e-03,1.777002587914466858e-02,1.947186887264251709e-03,-8.404258638620376587e-03,-3.021441400051116943e-03,5.751680582761764526e-02,9.552100896835327148e-01,-4.585407078266143799e-01,4.176032245159149170e-01,4.569858737355202843e-02,9.534576837931542093e-01,-4.541797407251726426e-01,4.150582118539776211e-01
-1.027093827724456787e-02,8.830964565277099609e-03,1.776904612779617310e-02,1.938767731189727783e-03,-8.411590009927749634e-03,-3.030937165021896362e-03,5.704665184020996094e-02,9.553166627883911133e-01,-4.585502147674560547e-01,4.175968766212463379e-01,4.523194487393100705e-02,9.534912585900439108e-01,-4.541910366421745837e-01,4.150663485875463743e-01
-1.026953011751174927e-02,8.837614208459854126e-03,1.776810362935066223e-02,1.930378377437591553e-03,-8.418921381235122681e-03,-3.040384501218795776e-03,5.657841637730598450e-02,9.554234743118286133e-01,-4.585601687431335449e-01,4.175921082496643066e-01,4.476539061879855619e-02,9.535245948573735086e-01,-4.542022549576125723e-01,4.150744397588113088e-01
-1.026812940835952759e-02,8.844299241900444031e-03,1.776713132858276367e-02,1.921944320201873779e-03,-8.426252752542495728e-03,-3.049857914447784424e-03,5.610784515738487244e-02,9.555302262306213379e-01,-4.585691094398498535e-01,4.175859987735748291e-01,4.429892455389660560e-02,9.535576935783210972e-01,-4.542133962086067900e-01,4.150824856922195050e-01
-1.026674360036849976e-02,8.850958198308944702e-03,1.776613295078277588e-02,1.913532614707946777e-03,-8.433599025011062622e-03,-3.059338778257369995e-03,5.563866719603538513e-02,9.556365013122558594e-01,-4.585788547992706299e-01,4.175799489021301270e-01,4.383254662467709478e-02,9.535905557390353948e-01,-4.542244609331119176e-01,4.150904867104567852e-01
-1.026529818773269653e-02,8.857600390911102295e-03,1.776512339711189270e-02,1.905113458633422852e-03,-8.440945297479629517e-03,-3.068793565034866333e-03,5.516909062862396240e-02,9.557405710220336914e-01,-4.585874080657958984e-01,4.175742268562316895e-01,4.336625677630526893e-02,9.536231823286162035e-01,-4.542354496699173017e-01,4.150984431344377223e-01
-1.026390492916107178e-02,8.864264935255050659e-03,1.776411756873130798e-02,1.896701753139495850e-03,-8.448306471109390259e-03,-3.078274428844451904e-03,5.469975620508193970e-02,9.558467864990234375e-01,-4.585970044136047363e-01,4.175682961940765381e-01,4.290005495364411503e-02,9.536555743390732198e-01,-4.542463629586468987e-01,4.151063552833014758e-01
-1.026245951652526855e-02,8.870940655469894409e-03,1.776310056447982788e-02,1.888297498226165771e-03,-8.455645292997360229e-03,-3.087747842073440552e-03,5.422940850257873535e-02,9.559517502784729004e-01,-4.586051106452941895e-01,4.175614714622497559e-01,4.243394110126787883e-02,9.536877327653217051e-01,-4.542572013397591091e-01,4.151142234744271131e-01
-1.026108115911483765e-02,8.877620100975036621e-03,1.776211336255073547e-02,1.879904419183731079e-03,-8.463021367788314819e-03,-3.097169101238250732e-03,5.376134812831878662e-02,9.560592174530029297e-01,-4.586143791675567627e-01,4.175565540790557861e-01,4.196791516346204398e-02,9.537196586051754910e-01,-4.542679653545469431e-01,4.151220480234252830e-01
-1.025963574647903442e-02,8.884264156222343445e-03,1.776106283068656921e-02,1.871488988399505615e-03,-8.470382541418075562e-03,-3.106623888015747070e-03,5.329186469316482544e-02,9.561625123023986816e-01,-4.586224257946014404e-01,4.175502061843872070e-01,4.150197708421803078e-02,9.537513528593124512e-01,-4.542786555451381325e-01,4.151298292441324422e-01
-1.025820523500442505e-02,8.890934288501739502e-03,1.775998994708061218e-02,1.863081008195877075e-03,-8.477736264467239380e-03,-3.116074949502944946e-03,5.282203853130340576e-02,9.562663435935974121e-01,-4.586297571659088135e-01,4.175428748130798340e-01,4.103612680723359163e-02,9.537828165312477458e-01,-4.542892724544949079e-01,4.151375674486155742e-01
-1.025676727294921875e-02,8.897617459297180176e-03,1.775895804166793823e-02,1.854710280895233154e-03,-8.485104888677597046e-03,-3.125518560409545898e-03,5.235306546092033386e-02,9.563716650009155273e-01,-4.586378037929534912e-01,4.175364673137664795e-01,4.057036427591732830e-02,9.538140506273381503e-01,-4.542998166264139437e-01,4.151452629471816258e-01
-1.025537401437759399e-02,8.904282003641128540e-03,1.775790378451347351e-02,1.846306025981903076e-03,-8.492488414049148560e-03,-3.134958446025848389e-03,5.188449099659919739e-02,9.564769268035888672e-01,-4.586464464664459229e-01,4.175303876399993896e-01,4.010468943338295345e-02,9.538450561567781705e-01,-4.543102886055267464e-01,4.151529160483549696e-01
-1.025394350290298462e-02,8.910935372114181519e-03,1.775685325264930725e-02,1.837935298681259155e-03,-8.499901741743087769e-03,-3.144398331642150879e-03,5.141665786504745483e-02,9.565815329551696777e-01,-4.586555063724517822e-01,4.175251424312591553e-01,3.963910222245174697e-02,9.538758341315158873e-01,-4.543206889372991553e-01,4.151605270589059926e-01
-1.025251299142837524e-02,8.917616680264472961e-03,1.775576919317245483e-02,1.829542219638824463e-03,-8.507270365953445435e-03,-3.153834491968154907e-03,5.094724148511886597e-02,9.566857218742370605e-01,-4.586625099182128906e-01,4.175178408622741699e-01,3.917360258564887843e-02,9.539063855663262315e-01,-4.543310181680317861e-01,4.151680962838235067e-01
-1.025107502937316895e-02,8.924271911382675171e-03,1.775469630956649780e-02,1.821175217628479004e-03,-8.514683693647384644e-03,-3.163255751132965088e-03,5.047952011227607727e-02,9.567897319793701172e-01,-4.586707651615142822e-01,4.175123274326324463e-01,3.870819046521811746e-02,9.539367114787223878e-01,-4.543412768448596983e-01,4.151756240263382858e-01
-1.024965941905975342e-02,8.930953219532966614e-03,1.775360852479934692e-02,1.812789589166641235e-03,-8.522052317857742310e-03,-3.172695636749267578e-03,5.001045390963554382e-02,9.568941593170166016e-01,-4.586781561374664307e-01,4.175047576427459717e-01,3.824286580309935180e-02,9.539668128889455812e-01,-4.543514655157525617e-01,4.151831105879077444e-01
-1.024821400642395020e-02,8.937612175941467285e-03,1.775249466300010681e-02,1.804407685995101929e-03,-8.529458194971084595e-03,-3.182150423526763916e-03,4.954152926802635193e-02,9.569970965385437012e-01,-4.586858451366424561e-01,4.174978435039520264e-01,3.777762854094455364e-02,9.539966908199948303e-01,-4.543615847295147114e-01,4.151905562682147721e-01
-1.024677604436874390e-02,8.944276720285415649e-03,1.775141060352325439e-02,1.796029508113861084e-03,-8.536893874406814575e-03,-3.191579133272171021e-03,4.907334595918655396e-02,9.571011662483215332e-01,-4.586940407752990723e-01,4.174923896789550781e-01,3.731247862011405347e-02,9.540263462975624442e-01,-4.543716350357850375e-01,4.151979613651772816e-01
-1.024533808231353760e-02,8.950943127274513245e-03,1.775027066469192505e-02,1.787647604942321777e-03,-8.544292300939559937e-03,-3.201004117727279663e-03,4.860464856028556824e-02,9.572038650512695312e-01,-4.587007761001586914e-01,4.174849092960357666e-01,3.684741598167413229e-02,9.540557803500456791e-01,-4.543816169850368181e-01,4.152053261749537594e-01
-1.024389266967773438e-02,8.957609534263610840e-03,1.774915307760238647e-02,1.779288053512573242e-03,-8.551735430955886841e-03,-3.210410475730895996e-03,4.813705012202262878e-02,9.573072195053100586e-01,-4.587082266807556152e-01,4.174790680408477783e-01,3.638244056639945712e-02,9.540849940085007752e-01,-4.543915311285782743e-01,4.152126509919193964e-01
-1.024244725704193115e-02,8.964272215962409973e-03,1.774802058935165405e-02,1.770928502082824707e-03,-8.559148758649826050e-03,-3.219824284315109253e-03,4.766917228698730469e-02,9.574098587036132812e-01,-4.587152004241943359e-01,4.174720942974090576e-01,3.591755231477061772e-02,9.541139883066285243e-01,-4.544013780185517382e-01,4.152199361086891805e-01
-1.024102419614791870e-02,8.970964699983596802e-03,1.774689927697181702e-02,1.762568950653076172e-03,-8.566584438085556030e-03,-3.229208290576934814e-03,4.720153659582138062e-02,9.575142264366149902e-01,-4.587220549583435059e-01,4.174657464027404785e-01,3.545275116697373108e-02,9.541427642807809306e-01,-4.544111582079345402e-01,4.152271818161107908e-01
-1.023954898118972778e-02,8.977634832262992859e-03,1.774572208523750305e-02,1.754201948642730713e-03,-8.574027568101882935e-03,-3.238633275032043457e-03,4.673274978995323181e-02,9.576156735420227051e-01,-4.587282836437225342e-01,4.174584150314331055e-01,3.498803706290901788e-02,9.541713229699467780e-01,-4.544208722505383991e-01,4.152343884032513865e-01
-1.023811846971511841e-02,8.984316140413284302e-03,1.774460077285766602e-02,1.745857298374176025e-03,-8.581470698118209839e-03,-3.248017281293869019e-03,4.626568406820297241e-02,9.577197432518005371e-01,-4.587353765964508057e-01,4.174524247646331787e-01,3.452340994217201892e-02,9.541996654157058888e-01,-4.544305207010095327e-01,4.152415561574180902e-01
-1.023667305707931519e-02,8.990963920950889587e-03,1.774341613054275513e-02,1.737482845783233643e-03,-8.588898926973342896e-03,-3.257423639297485352e-03,4.579785838723182678e-02,9.578207135200500488e-01,-4.587418437004089355e-01,4.174450337886810303e-01,3.405886974408054574e-02,9.542277926621947071e-01,-4.544401041148289910e-01,4.152486853641547682e-01
-1.023519784212112427e-02,8.997641503810882568e-03,1.774225011467933655e-02,1.729130744934082031e-03,-8.596364408731460571e-03,-3.266826272010803223e-03,4.532977566123008728e-02,9.579228758811950684e-01,-4.587481915950775146e-01,4.174385666847229004e-01,3.359441640764608550e-02,9.542557057561862344e-01,-4.544496230483122123e-01,4.152557763072258767e-01
-1.023375242948532104e-02,9.004330262541770935e-03,1.774105802178382874e-02,1.720793545246124268e-03,-8.603822439908981323e-03,-3.276236355304718018e-03,4.486201331019401550e-02,9.580254554748535156e-01,-4.587545394897460938e-01,4.174309968948364258e-01,3.313004987159504089e-02,9.542834057469119502e-01,-4.544590780586093004e-01,4.152628292686315059e-01
-1.023231446743011475e-02,9.011015295982360840e-03,1.773988828063011169e-02,1.712448894977569580e-03,-8.611295372247695923e-03,-3.285601735115051270e-03,4.439508542418479919e-02,9.581285119056701660e-01,-4.587608575820922852e-01,4.174247086048126221e-01,3.266577007435689933e-02,9.543108936861938174e-01,-4.544684697037048027e-01,4.152698445286037154e-01
-1.023085415363311768e-02,9.017666801810264587e-03,1.773867383599281311e-02,1.704104244709014893e-03,-8.618745952844619751e-03,-3.295000642538070679e-03,4.392785206437110901e-02,9.582291841506958008e-01,-4.587669968605041504e-01,4.174171984195709229e-01,3.220157695406952042e-02,9.543381706283770027e-01,-4.544777985424179878e-01,4.152768223656029822e-01
-1.022937893867492676e-02,9.024316444993019104e-03,1.773746684193611145e-02,1.695774495601654053e-03,-8.626233786344528198e-03,-3.304392099380493164e-03,4.346115514636039734e-02,9.583300352096557617e-01,-4.587734937667846680e-01,4.174107909202575684e-01,3.173747044858202943e-02,9.543652376302684814e-01,-4.544870651344026236e-01,4.152837630563276927e-01
-1.022791117429733276e-02,9.031005203723907471e-03,1.773627102375030518e-02,1.687426120042800903e-03,-8.633691817522048950e-03,-3.313776105642318726e-03,4.299315810203552246e-02,9.584318399429321289e-01,-4.587789475917816162e-01,4.174034297466278076e-01,3.127345049544129341e-02,9.543920957511673464e-01,-4.544962700401471434e-01,4.152906668756918274e-01
-1.022647321224212646e-02,9.037692099809646606e-03,1.773504540324211121e-02,1.679077744483947754e-03,-8.641179651021957397e-03,-3.323145210742950439e-03,4.252599179744720459e-02,9.585337042808532715e-01,-4.587846100330352783e-01,4.173963069915771484e-01,3.080951703190746779e-02,9.544187460528427147e-01,-4.545054138209745354e-01,4.152975340968642626e-01
-1.022498309612274170e-02,9.044375270605087280e-03,1.773380115628242493e-02,1.670755445957183838e-03,-8.648674935102462769e-03,-3.332536667585372925e-03,4.205841198563575745e-02,9.586343765258789062e-01,-4.587898850440979004e-01,4.173887670040130615e-01,3.034566999495074205e-02,9.544451895994913171e-01,-4.545144970390421757e-01,4.153043649912193103e-01
-1.022350043058395386e-02,9.051045402884483337e-03,1.773256435990333557e-02,1.662433147430419922e-03,-8.656177669763565063e-03,-3.341913223266601562e-03,4.159155488014221191e-02,9.587349295616149902e-01,-4.587955176830291748e-01,4.173818230628967285e-01,2.988190932123660840e-02,9.544714274577681401e-01,-4.545235202573423283e-01,4.153111598283872885e-01
-1.022205501794815063e-02,9.057739749550819397e-03,1.773132383823394775e-02,1.654118299484252930e-03,-8.663665503263473511e-03,-3.351271152496337891e-03,4.112503305077552795e-02,9.588367938995361328e-01,-4.588007330894470215e-01,4.173742830753326416e-01,2.941823494714670278e-02,9.544974606966573072e-01,-4.545324840397017008e-01,4.153179188762058938e-01
-1.022057235240936279e-02,9.064389392733573914e-03,1.773004233837127686e-02,1.645781099796295166e-03,-8.671183139085769653e-03,-3.360651433467864990e-03,4.065823927521705627e-02,9.589358568191528320e-01,-4.588062763214111328e-01,4.173671007156372070e-01,2.895464680877023189e-02,9.545232903876429420e-01,-4.545413889507815552e-01,4.153246424007618343e-01
-1.021911948919296265e-02,9.071093052625656128e-03,1.772880926728248596e-02,1.637481153011322021e-03,-8.678670972585678101e-03,-3.370001912117004395e-03,4.019184410572052002e-02,9.590380787849426270e-01,-4.588113427162170410e-01,4.173595607280731201e-01,2.849114484189906732e-02,9.545489176045234281e-01,-4.545502355560775976e-01,4.153313306663633520e-01
-1.021765917539596558e-02,9.077776223421096802e-03,1.772754639387130737e-02,1.629155129194259644e-03,-8.686203509569168091e-03,-3.379352390766143799e-03,3.972549736499786377e-02,9.591391086578369141e-01,-4.588166475296020508e-01,4.173528850078582764e-01,2.802772898202856439e-02,9.545743434234373881e-01,-4.545590244219204767e-01,4.153379839355595959e-01
-1.021615415811538696e-02,9.084438905119895935e-03,1.772622391581535339e-02,1.620836555957794189e-03,-8.693728595972061157e-03,-3.388717770576477051e-03,3.925861418247222900e-02,9.592370986938476562e-01,-4.588209092617034912e-01,4.173448979854583740e-01,2.756439916437145379e-02,9.545995689229023196e-01,-4.545677561154750634e-01,4.153446024691150873e-01
-1.021469384431838989e-02,9.091138839721679688e-03,1.772498711943626404e-02,1.612551510334014893e-03,-8.701246231794357300e-03,-3.398060798645019531e-03,3.879284858703613281e-02,9.593394398689270020e-01,-4.588263928890228271e-01,4.173380434513092041e-01,2.710115532383372897e-02,9.546245951837268873e-01,-4.545764312047410605e-01,4.153511865260444691e-01
-1.021319627761840820e-02,9.097805246710777283e-03,1.772365719079971313e-02,1.604236662387847900e-03,-8.708778768777847290e-03,-3.407426178455352783e-03,3.832615911960601807e-02,9.594377875328063965e-01,-4.588307142257690430e-01,4.173300266265869141e-01,2.663799739503957403e-02,9.546494232890678777e-01,-4.545850502585524477e-01,4.153577363635797548e-01
-1.021172851324081421e-02,9.104497730731964111e-03,1.772236824035644531e-02,1.595929265022277832e-03,-8.716326206922531128e-03,-3.416743129491806030e-03,3.786040470004081726e-02,9.595383405685424805e-01,-4.588351547718048096e-01,4.173232316970825195e-01,2.617492531231257677e-02,9.546740543242824284e-01,-4.545936138465782039e-01,4.153642522371878698e-01
-1.021023839712142944e-02,9.111179038882255554e-03,1.772103831171989441e-02,1.587606966495513916e-03,-8.723851293325424194e-03,-3.426101058721542358e-03,3.739332035183906555e-02,9.596370458602905273e-01,-4.588390290737152100e-01,4.173148572444915771e-01,2.571193900968796880e-02,9.546984893770720237e-01,-4.546021225393215848e-01,4.153707344005652669e-01
-1.020874828100204468e-02,9.117873385548591614e-03,1.771974563598632812e-02,1.579321920871734619e-03,-8.731421083211898804e-03,-3.435470163822174072e-03,3.692708536982536316e-02,9.597377181053161621e-01,-4.588443338871002197e-01,4.173080027103424072e-01,2.524903842090365363e-02,9.547227295373764688e-01,-4.546105769081204007e-01,4.153771831056473629e-01
-1.020728051662445068e-02,9.124554693698883057e-03,1.771840825676918030e-02,1.571021974086761475e-03,-8.738983422517776489e-03,-3.444775938987731934e-03,3.646191209554672241e-02,9.598370790481567383e-01,-4.588483870029449463e-01,4.173007607460021973e-01,2.478622347940387383e-02,9.547467758973241514e-01,-4.546189775251472942e-01,4.153835986025921079e-01
-1.020576804876327515e-02,9.131236001849174500e-03,1.771705225110054016e-02,1.562710851430892944e-03,-8.746545761823654175e-03,-3.454126417636871338e-03,3.599506244063377380e-02,9.599350094795227051e-01,-4.588519632816314697e-01,4.172927141189575195e-01,2.432349411834044267e-02,9.547706295513312957e-01,-4.546273249634091851e-01,4.153899811397860908e-01
-1.020430028438568115e-02,9.137906134128570557e-03,1.771570742130279541e-02,1.554440706968307495e-03,-8.754093199968338013e-03,-3.463458269834518433e-03,3.553035482764244080e-02,9.600341916084289551e-01,-4.588565528392791748e-01,4.172848761081695557e-01,2.386085027057478075e-02,9.547942915959383159e-01,-4.546356197967479362e-01,4.153963309638679657e-01
-1.020282506942749023e-02,9.144600480794906616e-03,1.771436259150505066e-02,1.546151936054229736e-03,-8.761677891016006470e-03,-3.472819924354553223e-03,3.506433591246604919e-02,9.601340293884277344e-01,-4.588612914085388184e-01,4.172772765159606934e-01,2.339829186866729943e-02,9.548177631299313850e-01,-4.546438625998394656e-01,4.154026483196756048e-01
-1.020131260156631470e-02,9.151302278041839600e-03,1.771301776170730591e-02,1.537870615720748901e-03,-8.769270032644271851e-03,-3.482148051261901855e-03,3.459827974438667297e-02,9.602332115173339844e-01,-4.588650763034820557e-01,4.172700643539428711e-01,2.293581884489373848e-02,9.548410452542059890e-01,-4.546520539481948564e-01,4.154089334503070496e-01
-1.019983738660812378e-02,9.157989174127578735e-03,1.771166175603866577e-02,1.529600471258163452e-03,-8.776832371950149536e-03,-3.491457551717758179e-03,3.413343802094459534e-02,9.603324532508850098e-01,-4.588689208030700684e-01,4.172621965408325195e-01,2.247343113123168729e-02,9.548641390718236588e-01,-4.546601944181593580e-01,4.154151865970696633e-01
-1.019832491874694824e-02,9.164663031697273254e-03,1.771026104688644409e-02,1.521319150924682617e-03,-8.784402161836624146e-03,-3.500778228044509888e-03,3.366785123944282532e-02,9.604294300079345703e-01,-4.588718712329864502e-01,4.172537028789520264e-01,2.201112865935976950e-02,9.548870456880007573e-01,-4.546682845869129408e-01,4.154214079995168230e-01
-1.019681990146636963e-02,9.171383455395698547e-03,1.770888641476631165e-02,1.513049006462097168e-03,-8.792024105787277222e-03,-3.510128706693649292e-03,3.320155665278434753e-02,9.605289697647094727e-01,-4.588756859302520752e-01,4.172460436820983887e-01,2.154891136067315499e-02,9.549097662100246575e-01,-4.546763250324701855e-01,4.154275978954294901e-01
-1.019534468650817871e-02,9.178062900900840759e-03,1.770749688148498535e-02,1.504771411418914795e-03,-8.799638599157333374e-03,-3.519427031278610229e-03,3.273715823888778687e-02,9.606274962425231934e-01,-4.588796198368072510e-01,4.172388911247253418e-01,2.108677916626683010e-02,9.549323017472959307e-01,-4.546843163336803384e-01,4.154337565208123251e-01
-1.019383221864700317e-02,9.184762835502624512e-03,1.770607382059097290e-02,1.496508717536926270e-03,-8.807238191366195679e-03,-3.528717905282974243e-03,3.227198123931884766e-02,9.607248902320861816e-01,-4.588819146156311035e-01,4.172305464744567871e-01,2.062473200694456624e-02,9.549546534112940410e-01,-4.546922590702268674e-01,4.154398841099076201e-01
-1.019232720136642456e-02,9.191434830427169800e-03,1.770466938614845276e-02,1.488238573074340820e-03,-8.814830332994461060e-03,-3.538042306900024414e-03,3.180691227316856384e-02,9.608222842216491699e-01,-4.588853716850280762e-01,4.172224998474121094e-01,2.016276981321362197e-02,9.549768223155279401e-01,-4.547001538226281281e-01,4.154459808951966870e-01
-1.019081473350524902e-02,9.198149666190147400e-03,1.770323887467384338e-02,1.479983329772949219e-03,-8.822459727525711060e-03,-3.547389060258865356e-03,3.134090080857276917e-02,9.609204530715942383e-01,-4.588885903358459473e-01,4.172138869762420654e-01,1.970089251528841373e-02,9.549988095756004602e-01,-4.547080011722370863e-01,4.154520471073721577e-01
-1.018932461738586426e-02,9.204838424921035767e-03,1.770184934139251709e-02,1.471720635890960693e-03,-8.830096572637557983e-03,-3.556676208972930908e-03,3.087672218680381775e-02,9.610191583633422852e-01,-4.588923752307891846e-01,4.172072112560272217e-01,1.923910004309338159e-02,9.550206163090949607e-01,-4.547158017012410958e-01,4.154580829753776183e-01
-1.018782705068588257e-02,9.211530908942222595e-03,1.770039275288581848e-02,1.463472843170166016e-03,-8.837703615427017212e-03,-3.565981984138488770e-03,3.041205182671546936e-02,9.611163735389709473e-01,-4.588948786258697510e-01,4.171982109546661377e-01,1.877739232625480481e-02,9.550422436356240663e-01,-4.547235559926621762e-01,4.154640887263743032e-01
-1.018630713224411011e-02,9.218208491802215576e-03,1.769898459315299988e-02,1.455221325159072876e-03,-8.845347911119461060e-03,-3.575287759304046631e-03,2.994769439101219177e-02,9.612138867378234863e-01,-4.588986337184906006e-01,4.171913564205169678e-01,1.831576929410245330e-02,9.550636926767618329e-01,-4.547312646303569017e-01,4.154700645857642427e-01
-1.018480211496353149e-02,9.224928915500640869e-03,1.769753172993659973e-02,1.446958631277084351e-03,-8.852969855070114136e-03,-3.584578633308410645e-03,2.948222309350967407e-02,9.613115191459655762e-01,-4.589003920555114746e-01,4.171824753284454346e-01,1.785423087568305603e-02,9.550849645560890444e-01,-4.547389281990166232e-01,4.154760107771668376e-01
-1.018329709768295288e-02,9.231619536876678467e-03,1.769606024026870728e-02,1.438703387975692749e-03,-8.860643953084945679e-03,-3.593914210796356201e-03,2.901728823781013489e-02,9.614084959030151367e-01,-4.589039981365203857e-01,4.171745479106903076e-01,1.739277699973457506e-02,9.551060603991097242e-01,-4.547465472841669132e-01,4.154819275224557740e-01
-1.018173992633819580e-02,9.238321334123611450e-03,1.769459992647171021e-02,1.430481672286987305e-03,-8.868280798196792603e-03,-3.603175282478332520e-03,2.855298295617103577e-02,9.615048170089721680e-01,-4.589052796363830566e-01,4.171662926673889160e-01,1.693140759471478685e-02,9.551269813332968761e-01,-4.547541224721681208e-01,4.154878150417109506e-01
-1.018024235963821411e-02,9.245030581951141357e-03,1.769312471151351929e-02,1.422230154275894165e-03,-8.875932544469833374e-03,-3.612503409385681152e-03,2.808771654963493347e-02,9.616023302078247070e-01,-4.589081704616546631e-01,4.171575605869293213e-01,1.647012258877923740e-02,9.551477284880200980e-01,-4.547616543502152608e-01,4.154936735532591685e-01
-1.017872244119644165e-02,9.251721203327178955e-03,1.769166439771652222e-02,1.414008438587188721e-03,-8.883628994226455688e-03,-3.621775656938552856e-03,2.762447670102119446e-02,9.616994857788085938e-01,-4.589113295078277588e-01,4.171508550643920898e-01,1.600892190978899648e-02,9.551683029945461367e-01,-4.547691435063377918e-01,4.154995032736550353e-01
-1.017723232507705688e-02,9.258452802896499634e-03,1.769017055630683899e-02,1.405768096446990967e-03,-8.891273289918899536e-03,-3.631062805652618408e-03,2.715958654880523682e-02,9.617972373962402344e-01,-4.589128792285919189e-01,4.171414077281951904e-01,1.554780548531883334e-02,9.551887059860416640e-01,-4.547765905293998379e-01,4.155053044176785781e-01
-1.017571240663528442e-02,9.265135973691940308e-03,1.768864691257476807e-02,1.397527754306793213e-03,-8.898992091417312622e-03,-3.640368580818176270e-03,2.669556811451911926e-02,9.618929624557495117e-01,-4.589158892631530762e-01,4.171337187290191650e-01,1.508677324263841581e-02,9.552089385975404134e-01,-4.547839960090998557e-01,4.155110771983458462e-01
-1.017417013645172119e-02,9.271856397390365601e-03,1.768717169761657715e-02,1.389324665069580078e-03,-8.906651288270950317e-03,-3.649670630693435669e-03,2.623095363378524780e-02,9.619902372360229492e-01,-4.589179456233978271e-01,4.171250164508819580e-01,1.462583663237154545e-02,9.552290442566572226e-01,-4.547913241613351087e-01,4.155168209108425215e-01
-1.017272472381591797e-02,9.278565645217895508e-03,1.768570765852928162e-02,1.381099224090576172e-03,-8.914340287446975708e-03,-3.658901900053024292e-03,2.576885372400283813e-02,9.620893597602844238e-01,-4.589210450649261475e-01,4.171181023120880127e-01,1.416503743503950453e-02,9.552491776891058883e-01,-4.547984434648555951e-01,4.155225324374915430e-01
-1.017118990421295166e-02,9.285252541303634644e-03,1.768417656421661377e-02,1.372866332530975342e-03,-8.921984583139419556e-03,-3.668170422315597534e-03,2.530469000339508057e-02,9.621839523315429688e-01,-4.589219987392425537e-01,4.171087741851806641e-01,1.370432556809577165e-02,9.552691564968701643e-01,-4.548055123663468091e-01,4.155282159614424597e-01
-1.016968488693237305e-02,9.291939437389373779e-03,1.768269017338752747e-02,1.364640891551971436e-03,-8.929666131734848022e-03,-3.677427768707275391e-03,2.484168857336044312e-02,9.622808098793029785e-01,-4.589245319366455078e-01,4.171012938022613525e-01,1.324370103722562718e-02,9.552889821126885339e-01,-4.548125312076157223e-01,4.155338716823110401e-01
-1.016815751791000366e-02,9.298667311668395996e-03,1.768116280436515808e-02,1.356415450572967529e-03,-8.937362581491470337e-03,-3.686651587486267090e-03,2.437787875533103943e-02,9.623770713806152344e-01,-4.589250087738037109e-01,4.170930087566375732e-01,1.278316384861303764e-02,9.553086559738370731e-01,-4.548195003288313942e-01,4.155394997978716920e-01
-1.016665995121002197e-02,9.305348619818687439e-03,1.767960563302040100e-02,1.348197460174560547e-03,-8.945044130086898804e-03,-3.695905208587646484e-03,2.391520887613296509e-02,9.624722003936767578e-01,-4.589266479015350342e-01,4.170841574668884277e-01,1.232271400892962984e-02,9.553281795222499095e-01,-4.548264200685248060e-01,4.155451005040889378e-01
-1.016514748334884644e-02,9.312063455581665039e-03,1.767809316515922546e-02,1.339979469776153564e-03,-8.952755481004714966e-03,-3.705166280269622803e-03,2.345168590545654297e-02,9.625692367553710938e-01,-4.589287340641021729e-01,4.170764386653900146e-01,1.186235152533264905e-02,9.553475542043832203e-01,-4.548332907635895261e-01,4.155506739950686756e-01
-1.016364246606826782e-02,9.318763390183448792e-03,1.767657697200775146e-02,1.331750303506851196e-03,-8.960451930761337280e-03,-3.714431077241897583e-03,2.298820763826370239e-02,9.626656770706176758e-01,-4.589308500289916992e-01,4.170684516429901123e-01,1.140207640546822207e-02,9.553667814712417661e-01,-4.548401127492811002e-01,4.155562204631109147e-01
-1.016213744878768921e-02,9.325481951236724854e-03,1.767502352595329285e-02,1.323539763689041138e-03,-8.968140929937362671e-03,-3.723669797182083130e-03,2.252495661377906799e-02,9.627618193626403809e-01,-4.589316248893737793e-01,4.170593619346618652e-01,1.094188865747381702e-02,9.553858627783974322e-01,-4.548468863592174394e-01,4.155617400986681975e-01
-1.016063988208770752e-02,9.332180023193359375e-03,1.767347753047943115e-02,1.315336674451828003e-03,-8.975867182016372681e-03,-3.732874989509582520e-03,2.206327021121978760e-02,9.628580808639526367e-01,-4.589332044124603271e-01,4.170520007610321045e-01,1.048178828997823296e-02,9.554047995859101805e-01,-4.548536119253784316e-01,4.155672330903690259e-01
-1.015910506248474121e-02,9.338878095149993896e-03,1.767190173268318176e-02,1.307133585214614868e-03,-8.983571082353591919e-03,-3.742117434740066528e-03,2.160022407770156860e-02,9.629525542259216309e-01,-4.589339196681976318e-01,4.170430898666381836e-01,1.002177531209262097e-02,9.554235933583730134e-01,-4.548602897781064969e-01,4.155726996250106997e-01
-1.015759259462356567e-02,9.345609694719314575e-03,1.767032966017723083e-02,1.298923045396804810e-03,-8.991282433271408081e-03,-3.751356154680252075e-03,2.113667502999305725e-02,9.630486965179443359e-01,-4.589344263076782227e-01,4.170339405536651611e-01,9.561849733426820014e-03,9.554422455648022838e-01,-4.548669202461058658e-01,4.155781398875571520e-01
-1.015612483024597168e-02,9.352305904030799866e-03,1.766879856586456299e-02,1.290731132030487061e-03,-8.998993784189224243e-03,-3.760579973459243774e-03,2.067540958523750305e-02,9.631459116935729980e-01,-4.589368104934692383e-01,4.170262515544891357e-01,9.102011564066071758e-03,9.554607576787171874e-01,-4.548735036564431899e-01,4.155835540611402257e-01
-1.015458256006240845e-02,9.358979761600494385e-03,1.766722649335861206e-02,1.282524317502975464e-03,-9.006742388010025024e-03,-3.769777715206146240e-03,2.021371573209762573e-02,9.632399678230285645e-01,-4.589378535747528076e-01,4.170193374156951904e-01,8.642260814598805643e-03,9.554791311780869156e-01,-4.548800403345474863e-01,4.155889423270583971e-01
-1.015303283929824829e-02,9.365689009428024292e-03,1.766562089323997498e-02,1.274324953556060791e-03,-9.014453738927841187e-03,-3.779027611017227173e-03,1.975011825561523438e-02,9.633340239524841309e-01,-4.589379727840423584e-01,4.170096814632415771e-01,8.182597496088850342e-03,9.554973675452733683e-01,-4.548865306042096379e-01,4.155943048647942617e-01
-1.015153527259826660e-02,9.372420608997344971e-03,1.766405999660491943e-02,1.266129314899444580e-03,-9.022194892168045044e-03,-3.788247704505920410e-03,1.928762532770633698e-02,9.634308815002441406e-01,-4.589391350746154785e-01,4.170016646385192871e-01,7.723021620104444408e-03,9.555154682670581323e-01,-4.548929747875830043e-01,4.155996418519807833e-01
-1.015003770589828491e-02,9.379148483276367188e-03,1.766246929764747620e-02,1.257944852113723755e-03,-9.029958397150039673e-03,-3.797467797994613647e-03,1.882557198405265808e-02,9.635273218154907227e-01,-4.589402973651885986e-01,4.169934988021850586e-01,7.263533198685965218e-03,9.555334348346572471e-01,-4.548993732051829220e-01,4.156049534644208898e-01
-1.014853268861770630e-02,9.385839104652404785e-03,1.766084879636764526e-02,1.249760389328002930e-03,-9.037684649229049683e-03,-3.806669265031814575e-03,1.836426742374897003e-02,9.636215567588806152e-01,-4.589407444000244141e-01,4.169846177101135254e-01,6.804132244376151321e-03,9.555512687435772090e-01,-4.549057261758869819e-01,4.156102398761075678e-01
-1.014699786901473999e-02,9.392552077770233154e-03,1.765923947095870972e-02,1.241572201251983643e-03,-9.045448154211044312e-03,-3.815855830907821655e-03,1.790234446525573730e-02,9.637162089347839355e-01,-4.589407742023468018e-01,4.169766306877136230e-01,6.344818770200911194e-03,9.555689714937594115e-01,-4.549120340169352517e-01,4.156155012591821185e-01
-1.014548540115356445e-02,9.399285539984703064e-03,1.765761524438858032e-02,1.233376562595367432e-03,-9.053204208612442017e-03,-3.825057297945022583e-03,1.743981800973415375e-02,9.638113975524902344e-01,-4.589405953884124756e-01,4.169676899909973145e-01,5.885592789674218631e-03,9.555865445894317078e-01,-4.549182970439297202e-01,4.156207377839579165e-01
-1.014397293329238892e-02,9.405981749296188354e-03,1.765599846839904785e-02,1.225207000970840454e-03,-9.060960263013839722e-03,-3.834277391433715820e-03,1.697855629026889801e-02,9.639064073562622070e-01,-4.589417576789855957e-01,4.169593155384063721e-01,5.426454316796892365e-03,9.556039895391733596e-01,-4.549245155708345201e-01,4.156259496189179670e-01
-1.014245301485061646e-02,9.412705898284912109e-03,1.765437796711921692e-02,1.217026263475418091e-03,-9.068738669157028198e-03,-3.843490034341812134e-03,1.651644520461559296e-02,9.640014767646789551e-01,-4.589422345161437988e-01,4.169510304927825928e-01,4.967403366065169940e-03,9.556213078558347673e-01,-4.549306899099762602e-01,4.156311369307232884e-01
-1.014091819524765015e-02,9.419417008757591248e-03,1.765273883938789368e-02,1.208849251270294189e-03,-9.076487272977828979e-03,-3.852661699056625366e-03,1.605487428605556488e-02,9.640953540802001953e-01,-4.589415490627288818e-01,4.169421494007110596e-01,4.508439952459682674e-03,9.556385010565952021e-01,-4.549368203720434711e-01,4.156362998841924283e-01
-1.013939082622528076e-02,9.426126256585121155e-03,1.765109226107597351e-02,1.200683414936065674e-03,-9.084258228540420532e-03,-3.861874341964721680e-03,1.559327729046344757e-02,9.641896486282348633e-01,-4.589418470859527588e-01,4.169333279132843018e-01,4.049564091451578370e-03,9.556555706628596658e-01,-4.549429072660872708e-01,4.156414386423138430e-01
-1.013789325952529907e-02,9.432855993509292603e-03,1.764943823218345642e-02,1.192506402730941772e-03,-9.092073887586593628e-03,-3.871049731969833374e-03,1.513222977519035339e-02,9.642849564552307129e-01,-4.589421153068542480e-01,4.169254601001739502e-01,3.590775798998441237e-03,9.556725182003085184e-01,-4.549489508995204767e-01,4.156465533662517808e-01
-1.013638079166412354e-02,9.439574554562568665e-03,1.764778047800064087e-02,1.184355467557907104e-03,-9.099837392568588257e-03,-3.880243748426437378e-03,1.467118225991725922e-02,9.643795490264892578e-01,-4.589420557022094727e-01,4.169161617755889893e-01,3.132075091547965179e-03,9.556893451988481836e-01,-4.549549515781184383e-01,4.156516442153362911e-01
-1.013485342264175415e-02,9.446302428841590881e-03,1.764613017439842224e-02,1.176185905933380127e-03,-9.107653051614761353e-03,-3.889422863721847534e-03,1.420981250703334808e-02,9.644743204116821289e-01,-4.589420258998870850e-01,4.169083237648010254e-01,2.673461986037137163e-03,9.557060531925768432e-01,-4.549609096060187041e-01,4.156567113470682195e-01
-1.013333350419998169e-02,9.453015401959419250e-03,1.764445006847381592e-02,1.168012619018554688e-03,-9.115438908338546753e-03,-3.898616880178451538e-03,1.374834962189197540e-02,9.645679593086242676e-01,-4.589417278766632080e-01,4.168992340564727783e-01,2.214936499889378838e-03,9.557226437198339530e-01,-4.549668252857209105e-01,4.156617549171099935e-01
-1.013183593750000000e-02,9.459728375077247620e-03,1.764280721545219421e-02,1.159872859716415405e-03,-9.123239666223526001e-03,-3.907766193151473999e-03,1.328887790441513062e-02,9.646634459495544434e-01,-4.589422047138214111e-01,4.168916344642639160e-01,1.756498651018631582e-03,9.557391183230787846e-01,-4.549726989180870040e-01,4.156667750792981120e-01
-1.013029366731643677e-02,9.466456249356269836e-03,1.764110848307609558e-02,1.151688396930694580e-03,-9.131032973527908325e-03,-3.916937857866287231e-03,1.282678730785846710e-02,9.647563099861145020e-01,-4.589406251907348633e-01,4.168823063373565674e-01,1.298148457830170747e-03,9.557554785490152138e-01,-4.549785308023409636e-01,4.156717719856407589e-01
-1.012878865003585815e-02,9.473167359828948975e-03,1.763942465186119080e-02,1.143544912338256836e-03,-9.138841181993484497e-03,-3.926128149032592773e-03,1.236648298799991608e-02,9.648506641387939453e-01,-4.589410424232482910e-01,4.168736636638641357e-01,8.398859392091725246e-04,9.557717259483954342e-01,-4.549843212360693001e-01,4.156767457863087545e-01
-1.012726873159408569e-02,9.479895234107971191e-03,1.763771474361419678e-02,1.135412603616714478e-03,-9.146649390459060669e-03,-3.935270011425018311e-03,1.190647110342979431e-02,9.649445414543151855e-01,-4.589398503303527832e-01,4.168646335601806641e-01,3.817111145419504331e-04,9.557878620761819377e-01,-4.549900705152202796e-01,4.156816966296499882e-01
-1.012573391199111938e-02,9.486641734838485718e-03,1.763603091239929199e-02,1.127257943153381348e-03,-9.154487401247024536e-03,-3.944456577301025391e-03,1.144488342106342316e-02,9.650391936302185059e-01,-4.589394330978393555e-01,4.168562293052673340e-01,-7.637599630977483386e-05,9.558038884913736544e-01,-4.549957789341047554e-01,4.156866246621708227e-01
-1.012422144412994385e-02,9.493388235569000244e-03,1.763431355357170105e-02,1.119121909141540527e-03,-9.162295609712600708e-03,-3.953620791435241699e-03,1.098408177495002747e-02,9.651336073875427246e-01,-4.589382112026214600e-01,4.168465137481689453e-01,-5.343753729831448229e-04,9.558198067571237466e-01,-4.550014467853955025e-01,4.156915300285495829e-01
-1.012269407510757446e-02,9.500099346041679382e-03,1.763261482119560242e-02,1.110985875129699707e-03,-9.170163422822952271e-03,-3.962744027376174927e-03,1.052500493824481964e-02,9.652273058891296387e-01,-4.589378833770751953e-01,4.168395698070526123e-01,-9.922869946382604188e-04,9.558356184406174849e-01,-4.550070743601278278e-01,4.156964128716495455e-01
-1.012120395898818970e-02,9.506827220320701599e-03,1.763087883591651917e-02,1.102849841117858887e-03,-9.177941828966140747e-03,-3.971934318542480469e-03,1.006438210606575012e-02,9.653210639953613281e-01,-4.589370489120483398e-01,4.168287813663482666e-01,-1.450110839941436396e-03,9.558513251130957844e-01,-4.550126619476988488e-01,4.157012733324763620e-01
-1.011967658996582031e-02,9.513547644019126892e-03,1.762918755412101746e-02,1.094706356525421143e-03,-9.185839444398880005e-03,-3.981076180934906006e-03,9.604832157492637634e-03,9.654155373573303223e-01,-4.589373767375946045e-01,4.168224334716796875e-01,-1.907846887064384338e-03,9.558669283498961722e-01,-4.550182098358682148e-01,4.157061115502238002e-01
-1.011814922094345093e-02,9.520297870039939880e-03,1.762745529413223267e-02,1.086585223674774170e-03,-9.193662554025650024e-03,-3.990214318037033081e-03,9.144539013504981995e-03,9.655094742774963379e-01,-4.589354991912841797e-01,4.168128669261932373e-01,-2.365495113702183530e-03,9.558824297302942474e-01,-4.550237183107576078e-01,4.157109276622442673e-01
-1.011661440134048462e-02,9.527035057544708252e-03,1.762569695711135864e-02,1.078449189662933350e-03,-9.201500564813613892e-03,-3.999356180429458618e-03,8.684037253260612488e-03,9.656020998954772949e-01,-4.589335024356842041e-01,4.168033599853515625e-01,-2.823055497052043283e-03,9.558978308376132604e-01,-4.550291876568509641e-01,4.157157218040660185e-01
-1.011512428522109985e-02,9.533770382404327393e-03,1.762396097183227539e-02,1.070305705070495605e-03,-9.209368377923965454e-03,-4.008512943983078003e-03,8.224179968237876892e-03,9.656965732574462891e-01,-4.589332938194274902e-01,4.167949855327606201e-01,-3.280528013828822205e-03,9.559131332591631613e-01,-4.550346181569944193e-01,4.157204941093790573e-01
-1.011358946561813354e-02,9.540487080812454224e-03,1.762222871184349060e-02,1.062192022800445557e-03,-9.217243641614913940e-03,-4.017654806375503540e-03,7.765036076307296753e-03,9.657899737358093262e-01,-4.589327871799468994e-01,4.167872071266174316e-01,-3.737912640253185023e-03,9.559283385862336058e-01,-4.550400100923961966e-01,4.157252447100531767e-01
-1.011207699775695801e-02,9.547242894768714905e-03,1.762047037482261658e-02,1.054070889949798584e-03,-9.225081652402877808e-03,-4.026759415864944458e-03,7.305387407541275024e-03,9.658836722373962402e-01,-4.589303433895111084e-01,4.167776405811309814e-01,-4.195209352063036801e-03,9.559434484140215682e-01,-4.550453637426270515e-01,4.157299737361190295e-01
-1.011054217815399170e-02,9.553976356983184814e-03,1.761870458722114563e-02,1.045942306518554688e-03,-9.232949465513229370e-03,-4.035916179418563843e-03,6.845127791166305542e-03,9.659765362739562988e-01,-4.589290022850036621e-01,4.167685806751251221e-01,-4.652418124504538802e-03,9.559584643416920713e-01,-4.550506793856195498e-01,4.157346813157738463e-01
-1.010902971029281616e-02,9.560717269778251648e-03,1.761695742607116699e-02,1.037843525409698486e-03,-9.240817278623580933e-03,-4.045061767101287842e-03,6.385976448655128479e-03,9.660708308219909668e-01,-4.589283168315887451e-01,4.167598485946655273e-01,-5.109538932335375844e-03,9.559733879723324446e-01,-4.550559572976686229e-01,4.157393675753858764e-01
-1.010750979185104370e-02,9.567441418766975403e-03,1.761516928672790527e-02,1.029726117849349976e-03,-9.248692542314529419e-03,-4.054177552461624146e-03,5.927029997110366821e-03,9.661632180213928223e-01,-4.589266479015350342e-01,4.167509377002716064e-01,-5.566571749827615989e-03,9.559882209128958142e-01,-4.550611977534315122e-01,4.157440326395021590e-01
-1.010601967573165894e-02,9.574193507432937622e-03,1.761338859796524048e-02,1.021619886159896851e-03,-9.256567806005477905e-03,-4.063282161951065063e-03,5.468336865305900574e-03,9.662573933601379395e-01,-4.589249789714813232e-01,4.167418777942657471e-01,-6.023516550761991162e-03,9.560029647742577241e-01,-4.550664010259275472e-01,4.157486766308262638e-01
-1.010445505380630493e-02,9.580902755260467529e-03,1.761160790920257568e-02,1.013495028018951416e-03,-9.264465421438217163e-03,-4.072420299053192139e-03,5.008723586797714233e-03,9.663487672805786133e-01,-4.589235186576843262e-01,4.167336821556091309e-01,-6.480373308427896280e-03,9.560176211711103322e-01,-4.550715673865382560e-01,4.157532996702358874e-01
-1.010295003652572632e-02,9.587701410055160522e-03,1.760982722043991089e-02,1.005385071039199829e-03,-9.272348135709762573e-03,-4.081528633832931519e-03,4.548614844679832458e-03,9.664437174797058105e-01,-4.589208364486694336e-01,4.167240858078002930e-01,-6.937141995634828022e-03,9.560321917220298005e-01,-4.550766971050074217e-01,4.157579018767730838e-01
-1.010140776634216309e-02,9.594423696398735046e-03,1.760802790522575378e-02,9.973011910915374756e-04,-9.280268102884292603e-03,-4.090648144483566284e-03,4.090419039130210876e-03,9.665361046791076660e-01,-4.589196741580963135e-01,4.167158901691436768e-01,-7.393822584700539269e-03,9.560466780494053518e-01,-4.550817904494410260e-01,4.157624833676531462e-01
-1.009991019964218140e-02,9.601175785064697266e-03,1.760621741414070129e-02,9.891912341117858887e-04,-9.288158267736434937e-03,-4.099760204553604126e-03,3.631416708230972290e-03,9.666294455528259277e-01,-4.589176774024963379e-01,4.167064428329467773e-01,-7.850415047448995598e-03,9.560610817794534810e-01,-4.550868476863071943e-01,4.157670442582658832e-01
-1.009839028120040894e-02,9.607926011085510254e-03,1.760441064834594727e-02,9.811073541641235352e-04,-9.296070784330368042e-03,-4.108853638172149658e-03,3.173181787133216858e-03,9.667226076126098633e-01,-4.589156508445739746e-01,4.166977405548095703e-01,-8.306919355220997864e-03,9.560754045421655523e-01,-4.550918690804363065e-01,4.157715846621498623e-01
-1.009686291217803955e-02,9.614679962396621704e-03,1.760258525609970093e-02,9.730160236358642578e-04,-9.303968399763107300e-03,-4.117969423532485962e-03,2.714108675718307495e-03,9.668152928352355957e-01,-4.589132666587829590e-01,4.166880846023559570e-01,-8.763335478868457609e-03,9.560896479713111296e-01,-4.550968548950208858e-01,4.157761046910427027e-01
-1.009534299373626709e-02,9.621437638998031616e-03,1.760076731443405151e-02,9.649246931076049805e-04,-9.311895817518234253e-03,-4.127088934183120728e-03,2.255229279398918152e-03,9.669086337089538574e-01,-4.589114785194396973e-01,4.166791439056396484e-01,-9.219663388752772498e-03,9.561038137044305385e-01,-4.551018053916158213e-01,4.157806044548265634e-01
-1.009386032819747925e-02,9.628197178244590759e-03,1.759895309805870056e-02,9.568519890308380127e-04,-9.319815784692764282e-03,-4.136163741350173950e-03,1.797940582036972046e-03,9.670029282569885254e-01,-4.589096307754516602e-01,4.166704714298248291e-01,-9.675903054755028224e-03,9.561179033827932328e-01,-4.551067208301379785e-01,4.157850840615583965e-01
-1.009231060743331909e-02,9.634930640459060669e-03,1.759713143110275269e-02,9.487532079219818115e-04,-9.327750653028488159e-03,-4.145249724388122559e-03,1.339528709650039673e-03,9.670946598052978516e-01,-4.589073061943054199e-01,4.166623950004577637e-01,-1.013205444625599194e-02,9.561319186514127821e-01,-4.551116014688665889e-01,4.157895436174680603e-01
-1.009080559015274048e-02,9.641727432608604431e-03,1.759526506066322327e-02,9.406656026840209961e-04,-9.335655719041824341e-03,-4.154358059167861938e-03,8.798819035291671753e-04,9.671880602836608887e-01,-4.589038789272308350e-01,4.166514277458190918e-01,-1.058811753215734702e-02,9.561458611589825907e-01,-4.551164475644430829e-01,4.157939832269551550e-01
-1.008927822113037109e-02,9.648468345403671265e-03,1.759344711899757385e-02,9.325966238975524902e-04,-9.343620389699935913e-03,-4.163444042205810547e-03,4.225429147481918335e-04,9.672811627388000488e-01,-4.589025080204010010e-01,4.166439175605773926e-01,-1.104409228086494776e-02,9.561597325579326290e-01,-4.551212593718709232e-01,4.157984029925870795e-01
-1.008778065443038940e-02,9.655244648456573486e-03,1.759159192442893982e-02,9.245276451110839844e-04,-9.351547807455062866e-03,-4.172507673501968384e-03,-3.515742719173431396e-05,9.673746228218078613e-01,-4.588994681835174561e-01,4.166343212127685547e-01,-1.149997866030679286e-02,9.561735345042854384e-01,-4.551260371445160491e-01,4.158028030150888732e-01
-1.008624583482742310e-02,9.661981835961341858e-03,1.758972182869911194e-02,9.164363145828247070e-04,-9.359475225210189819e-03,-4.181623458862304688e-03,-4.939008504152297974e-04,9.674658775329589844e-01,-4.588969945907592773e-01,4.166246652603149414e-01,-1.195577663790851723e-02,9.561872686578304359e-01,-4.551307811341064880e-01,4.158071833933745798e-01
-1.008473336696624756e-02,9.668761864304542542e-03,1.758788526058197021e-02,9.083822369575500488e-04,-9.367432445287704468e-03,-4.190687090158462524e-03,-9.513404220342636108e-04,9.675598740577697754e-01,-4.588944613933563232e-01,4.166161119937896729e-01,-1.241148618062402204e-02,9.562009366818622347e-01,-4.551354915907321885e-01,4.158115442245078897e-01
-1.008322089910507202e-02,9.675515815615653992e-03,1.758603379130363464e-02,9.003207087516784668e-04,-9.375389665365219116e-03,-4.199765622615814209e-03,-1.408578827977180481e-03,9.676529169082641602e-01,-4.588924050331115723e-01,4.166075587272644043e-01,-1.286710725490525925e-02,9.562145402434312214e-01,-4.551401687628457982e-01,4.158158856037353357e-01
-1.008170098066329956e-02,9.682282805442810059e-03,1.758413761854171753e-02,8.922368288040161133e-04,-9.383346885442733765e-03,-4.208855330944061279e-03,-1.867124810814857483e-03,9.677448868751525879e-01,-4.588892459869384766e-01,4.165978431701660156e-01,-1.332263982672549953e-02,9.562280810130701081e-01,-4.551448128972617746e-01,4.158202076244692513e-01
-1.008019596338272095e-02,9.689051657915115356e-03,1.758228614926338196e-02,8.841976523399353027e-04,-9.391326457262039185e-03,-4.217900335788726807e-03,-2.323413267731666565e-03,9.678387045860290527e-01,-4.588870406150817871e-01,4.165898263454437256e-01,-1.377808386156301017e-02,9.562415606649951050e-01,-4.551494242391570522e-01,4.158245103782856611e-01
-1.007864624261856079e-02,9.695818647742271423e-03,1.758039370179176331e-02,8.761212229728698730e-04,-9.399276226758956909e-03,-4.226956516504287720e-03,-2.781767398118972778e-03,9.679298996925354004e-01,-4.588828384876251221e-01,4.165802001953125000e-01,-1.423343932440757249e-02,9.562549808769316151e-01,-4.551540030320705421e-01,4.158287939549385470e-01
-1.007714122533798218e-02,9.702602401375770569e-03,1.757847145199775696e-02,8.680596947669982910e-04,-9.407211095094680786e-03,-4.236035048961639404e-03,-3.239981830120086670e-03,9.680220484733581543e-01,-4.588789641857147217e-01,4.165690839290618896e-01,-1.468870617976948505e-02,9.562683433301707447e-01,-4.551585495179035767e-01,4.158330584423323706e-01
-1.007564365863800049e-02,9.709358215332031250e-03,1.757661998271942139e-02,8.600242435932159424e-04,-9.415235370397567749e-03,-4.245106130838394165e-03,-3.695841878652572632e-03,9.681161642074584961e-01,-4.588781297206878662e-01,4.165621399879455566e-01,-1.514388439166443855e-02,9.562816497095735224e-01,-4.551630639369194653e-01,4.158373039265647608e-01
-1.007413864135742188e-02,9.716149419546127319e-03,1.757472008466720581e-02,8.519589900970458984e-04,-9.423200041055679321e-03,-4.254166036844253540e-03,-4.153767600655555725e-03,9.682090878486633301e-01,-4.588744640350341797e-01,4.165522158145904541e-01,-1.559897392361678931e-02,9.562949017034680921e-01,-4.551675465277439381e-01,4.158415304918848809e-01
-1.007261872291564941e-02,9.722923859953880310e-03,1.757282018661499023e-02,8.439160883426666260e-04,-9.431201964616775513e-03,-4.263218492269515991e-03,-4.610627889633178711e-03,9.683018326759338379e-01,-4.588715136051177979e-01,4.165435731410980225e-01,-1.605397473866813571e-02,9.563081010036879048e-01,-4.551719975273647578e-01,4.158457382207207398e-01
-1.007110625505447388e-02,9.729707613587379456e-03,1.757088676095008850e-02,8.358769118785858154e-04,-9.439166635274887085e-03,-4.272263497114181519e-03,-5.067775025963783264e-03,9.683937430381774902e-01,-4.588673412799835205e-01,4.165332317352294922e-01,-1.650888679937486531e-02,9.563212493055679442e-01,-4.551764171711318863e-01,4.158499271936600961e-01
-1.006958633661270142e-02,9.736478328704833984e-03,1.756898686289787292e-02,8.278563618659973145e-04,-9.447146207094192505e-03,-4.281349480152130127e-03,-5.524663254618644714e-03,9.684867858886718750e-01,-4.588649868965148926e-01,4.165237247943878174e-01,-1.696371006779509236e-02,9.563343483079254082e-01,-4.551808056927577062e-01,4.158540974894666120e-01
-1.006809622049331665e-02,9.743260219693183899e-03,1.756708696484565735e-02,8.198209106922149658e-04,-9.455192834138870239e-03,-4.290357232093811035e-03,-5.980096757411956787e-03,9.685804247856140137e-01,-4.588623344898223877e-01,4.165163636207580566e-01,-1.741844450550824458e-02,9.563473997129730009e-01,-4.551851633243165773e-01,4.158582491850736917e-01
-1.006658375263214111e-02,9.750045835971832275e-03,1.756515726447105408e-02,8.117780089378356934e-04,-9.463172405958175659e-03,-4.299398511648178101e-03,-6.437178701162338257e-03,9.686726331710815430e-01,-4.588582515716552734e-01,4.165064394474029541e-01,-1.787309007360119925e-02,9.563604052264246258e-01,-4.551894902962451139e-01,4.158623823555793741e-01
-1.006504893302917480e-02,9.756822139024734497e-03,1.756322383880615234e-02,8.037462830543518066e-04,-9.471174329519271851e-03,-4.308462142944335938e-03,-6.894303485751152039e-03,9.687644243240356445e-01,-4.588548243045806885e-01,4.164968132972717285e-01,-1.832764673267317512e-02,9.563733665573211917e-01,-4.551937868373422402e-01,4.158664970742517175e-01
-1.006355881690979004e-02,9.763607755303382874e-03,1.756129041314125061e-02,7.957071065902709961e-04,-9.479228407144546509e-03,-4.317518323659896851e-03,-7.350631058216094971e-03,9.688578248023986816e-01,-4.588524699211120605e-01,4.164885282516479492e-01,-1.878213491977714228e-02,9.563858423703702760e-01,-4.551980384118999856e-01,4.158706131299991782e-01
-1.006204634904861450e-02,9.770389646291732788e-03,1.755933091044425964e-02,7.876940071582794189e-04,-9.487230330705642700e-03,-4.326514899730682373e-03,-7.806239649653434753e-03,9.689494967460632324e-01,-4.588478505611419678e-01,4.164788424968719482e-01,-1.923655569837121743e-02,9.563978106111352684e-01,-4.552022444496472975e-01,4.158747316553082496e-01
-1.006053388118743896e-02,9.777177125215530396e-03,1.755737885832786560e-02,7.796697318553924561e-04,-9.495262056589126587e-03,-4.335563629865646362e-03,-8.262701332569122314e-03,9.690418243408203125e-01,-4.588446021080017090e-01,4.164695739746093750e-01,-1.969088953399857067e-02,9.564096948172022827e-01,-4.552064192284080435e-01,4.158788339473267759e-01
-1.005902886390686035e-02,9.783949702978134155e-03,1.755541935563087463e-02,7.716417312622070312e-04,-9.503308683633804321e-03,-4.344567656517028809e-03,-8.718112483620643616e-03,9.691338539123535156e-01,-4.588409066200256348e-01,4.164611399173736572e-01,-2.014513643157991168e-02,9.564214957212775481e-01,-4.552105629370664097e-01,4.158829201165712974e-01
-1.005749404430389404e-02,9.790739044547080994e-03,1.755344867706298828e-02,7.636249065399169922e-04,-9.511332958936691284e-03,-4.353612661361694336e-03,-9.174840524792671204e-03,9.692252874374389648e-01,-4.588367938995361328e-01,4.164512157440185547e-01,-2.059929639597672321e-02,9.564332140507866287e-01,-4.552146757625682993e-01,4.158869902721088474e-01
-1.005601137876510620e-02,9.797507897019386292e-03,1.755146682262420654e-02,7.556006312370300293e-04,-9.519394487142562866e-03,-4.362631589174270630e-03,-9.629882872104644775e-03,9.693173170089721680e-01,-4.588335752487182617e-01,4.164425134658813477e-01,-2.105336943196881028e-02,9.564448505276887946e-01,-4.552187578899216103e-01,4.158910445215822094e-01
-1.005448400974273682e-02,9.804274886846542358e-03,1.754949986934661865e-02,7.475800812244415283e-04,-9.527441114187240601e-03,-4.371646791696548462e-03,-1.008547842502593994e-02,9.694086313247680664e-01,-4.588298797607421875e-01,4.164339005947113037e-01,-2.150735554427429808e-02,9.564564058686358949e-01,-4.552228095021954024e-01,4.158950829712151909e-01
-1.005294919013977051e-02,9.811056777834892273e-03,1.754748821258544922e-02,7.395669817924499512e-04,-9.535465389490127563e-03,-4.380673170089721680e-03,-1.054178178310394287e-02,9.694989323616027832e-01,-4.588250219821929932e-01,4.164234101772308350e-01,-2.196125473753616358e-02,9.564678807848173703e-01,-4.552268307805207304e-01,4.158991057257839241e-01
-1.005147397518157959e-02,9.817836806178092957e-03,1.754552870988845825e-02,7.315650582313537598e-04,-9.543556720018386841e-03,-4.389673471450805664e-03,-1.099590584635734558e-02,9.695923328399658203e-01,-4.588225185871124268e-01,4.164158105850219727e-01,-2.241506701632591664e-02,9.564792759820470724e-01,-4.552308219040903658e-01,4.159031128886547246e-01
-1.004995405673980713e-02,9.824618697166442871e-03,1.754352077841758728e-02,7.235445082187652588e-04,-9.551595896482467651e-03,-4.398684948682785034e-03,-1.145184412598609924e-02,9.696831107139587402e-01,-4.588177800178527832e-01,4.164059162139892578e-01,-2.286879238513990845e-02,9.564905921607103068e-01,-4.552347830501586867e-01,4.159071045617453444e-01
-1.004843413829803467e-02,9.831417351961135864e-03,1.754152402281761169e-02,7.155314087867736816e-04,-9.559687227010726929e-03,-4.407681524753570557e-03,-1.190739497542381287e-02,9.697748422622680664e-01,-4.588135182857513428e-01,4.163974225521087646e-01,-2.332243084841322672e-02,9.565018300157371867e-01,-4.552387143940417880e-01,4.159110808455564468e-01
-1.004691421985626221e-02,9.838197380304336548e-03,1.753949746489524841e-02,7.075220346450805664e-04,-9.567748755216598511e-03,-4.416696727275848389e-03,-1.236297190189361572e-02,9.698654413223266602e-01,-4.588089883327484131e-01,4.163875579833984375e-01,-2.377598241050172742e-02,9.565129902365802073e-01,-4.552426161091174261e-01,4.159150418391595050e-01
-1.004540175199508667e-02,9.844997897744178772e-03,1.753750070929527283e-02,6.995387375354766846e-04,-9.575810283422470093e-03,-4.425700753927230835e-03,-1.281807012856006622e-02,9.699576497077941895e-01,-4.588047862052917480e-01,4.163781404495239258e-01,-2.422944707569387943e-02,9.565240735072932932e-01,-4.552464883668250750e-01,4.159189876401824248e-01
-1.004391908645629883e-02,9.851777926087379456e-03,1.753547787666320801e-02,6.915293633937835693e-04,-9.583938866853713989e-03,-4.434693604707717896e-03,-1.327227614820003510e-02,9.700495004653930664e-01,-4.588015079498291016e-01,4.163701832294464111e-01,-2.468282484820585529e-02,9.565350805063581596e-01,-4.552503313366659254e-01,4.159229183448351908e-01
-1.004238426685333252e-02,9.858557954430580139e-03,1.753345504403114319e-02,6.835535168647766113e-04,-9.592007845640182495e-03,-4.443675279617309570e-03,-1.372672244906425476e-02,9.701402187347412109e-01,-4.587966799736022949e-01,4.163608551025390625e-01,-2.513611573218275941e-02,9.565460119068314171e-01,-4.552541451862028299e-01,4.159268340478984860e-01
-1.004090160131454468e-02,9.865364059805870056e-03,1.753142103552818298e-02,6.755590438842773438e-04,-9.600076824426651001e-03,-4.452664405107498169e-03,-1.418160088360309601e-02,9.702323079109191895e-01,-4.587919414043426514e-01,4.163508117198944092e-01,-2.558931973169945376e-02,9.565568683762347701e-01,-4.552579300810602470e-01,4.159307348427185858e-01
-1.003938913345336914e-02,9.872149676084518433e-03,1.752939820289611816e-02,6.675794720649719238e-04,-9.608197957277297974e-03,-4.461638629436492920e-03,-1.463546603918075562e-02,9.703238010406494141e-01,-4.587880373001098633e-01,4.163427352905273438e-01,-2.604243685076218159e-02,9.565676505765517978e-01,-4.552616861849244634e-01,4.159346208212156837e-01
-1.003787666559219360e-02,9.878952056169509888e-03,1.752732694149017334e-02,6.595626473426818848e-04,-9.616296738386154175e-03,-4.470624029636383057e-03,-1.509107463061809540e-02,9.704141020774841309e-01,-4.587824344635009766e-01,4.163327515125274658e-01,-2.649546709329958505e-02,9.565783591642462724e-01,-4.552654136595434275e-01,4.159384920738745661e-01
-1.003639400005340576e-02,9.885739535093307495e-03,1.752529665827751160e-02,6.516166031360626221e-04,-9.624410420656204224e-03,-4.479639232158660889e-03,-1.554437167942523956e-02,9.705067276954650879e-01,-4.587796032428741455e-01,4.163238406181335449e-01,-2.694841046317291572e-02,9.565889947902546098e-01,-4.552691126647268605e-01,4.159423486897579902e-01
-1.003487408161163330e-02,9.892525151371955872e-03,1.752324402332305908e-02,6.436258554458618164e-04,-9.632539004087448120e-03,-4.488594830036163330e-03,-1.599839329719543457e-02,9.705973267555236816e-01,-4.587747752666473389e-01,4.163155257701873779e-01,-2.740126696417562874e-02,9.565995580999142600e-01,-4.552727833583459227e-01,4.159461907564932504e-01
-1.003336906433105469e-02,9.899325668811798096e-03,1.752119138836860657e-02,6.356388330459594727e-04,-9.640622884035110474e-03,-4.497591406106948853e-03,-1.645335927605628967e-02,9.706885218620300293e-01,-4.587699472904205322e-01,4.163053929805755615e-01,-2.785403660002766166e-02,9.566100497329973473e-01,-4.552764258963336585e-01,4.159500183602815593e-01
-1.003185659646987915e-02,9.906135499477386475e-03,1.751914247870445251e-02,6.276592612266540527e-04,-9.648781269788742065e-03,-4.506547003984451294e-03,-1.690733060240745544e-02,9.707803130149841309e-01,-4.587653577327728271e-01,4.162974357604980469e-01,-2.830671937437298502e-02,9.566204703237034535e-01,-4.552800404326847183e-01,4.159538315858886670e-01
-1.003035157918930054e-02,9.912943467497825623e-03,1.751706004142761230e-02,6.196908652782440186e-04,-9.656894952058792114e-03,-4.515536129474639893e-03,-1.736178621649742126e-02,9.708714485168457031e-01,-4.587603807449340820e-01,4.162873625755310059e-01,-2.875931529079266830e-02,9.566308205005872312e-01,-4.552836271194555806e-01,4.159576305166582944e-01
-1.002888381481170654e-02,9.919745847582817078e-03,1.751499250531196594e-02,6.117299199104309082e-04,-9.665030986070632935e-03,-4.524480551481246948e-03,-1.781450957059860229e-02,9.709635972976684570e-01,-4.587559700012207031e-01,4.162786006927490234e-01,-2.921182435279508910e-02,9.566411008866155807e-01,-4.552871861067643300e-01,4.159614152344977556e-01
-1.002736389636993408e-02,9.926544502377510071e-03,1.751289889216423035e-02,6.037615239620208740e-04,-9.673174470663070679e-03,-4.533432424068450928e-03,-1.826825365424156189e-02,9.710538983345031738e-01,-4.587505161762237549e-01,4.162695109844207764e-01,-2.966424656381142638e-02,9.566513120991255725e-01,-4.552907175427907127e-01,4.159651858198943342e-01
-1.002585142850875854e-02,9.933333843946456909e-03,1.751080155372619629e-02,5.958005785942077637e-04,-9.681303054094314575e-03,-4.542406648397445679e-03,-1.872190833091735840e-02,9.711441397666931152e-01,-4.587455689907073975e-01,4.162598252296447754e-01,-3.011658192721159560e-02,9.566614547498326626e-01,-4.552942215737760812e-01,4.159689423518907470e-01
-1.002433896064758301e-02,9.940141811966896057e-03,1.750871911644935608e-02,5.878433585166931152e-04,-9.689461439847946167e-03,-4.551354795694351196e-03,-1.917527243494987488e-02,9.712353348731994629e-01,-4.587406218051910400e-01,4.162512123584747314e-01,-3.056883044628628046e-02,9.566715294447312168e-01,-4.552976983440237269e-01,4.159726849081106792e-01
-1.002284139394760132e-02,9.946968406438827515e-03,1.750660687685012817e-02,5.798712372779846191e-04,-9.697590023279190063e-03,-4.560314118862152100e-03,-1.962972804903984070e-02,9.713264107704162598e-01,-4.587346911430358887e-01,4.162408411502838135e-01,-3.102099212425795532e-02,9.566815367842128603e-01,-4.553011479958984364e-01,4.159764135647445182e-01
-1.002132147550582886e-02,9.953759610652923584e-03,1.750451698899269104e-02,5.719140172004699707e-04,-9.705778211355209351e-03,-4.569299519062042236e-03,-2.008318528532981873e-02,9.714171290397644043e-01,-4.587306678295135498e-01,4.162325859069824219e-01,-3.147306696428089218e-02,9.566914773629332513e-01,-4.553045706698267137e-01,4.159801283965595120e-01
-1.001985371112823486e-02,9.960571303963661194e-03,1.750241592526435852e-02,5.639791488647460938e-04,-9.713921695947647095e-03,-4.578240215778350830e-03,-2.053545415401458740e-02,9.715091586112976074e-01,-4.587258398532867432e-01,4.162231385707855225e-01,-3.192505496943420090e-02,9.567013517698653713e-01,-4.553079665042968904e-01,4.159838294768823941e-01
-1.001834869384765625e-02,9.967381134629249573e-03,1.750031858682632446e-02,5.560144782066345215e-04,-9.722109884023666382e-03,-4.587188363075256348e-03,-2.098881825804710388e-02,9.716003537178039551e-01,-4.587210118770599365e-01,4.162148833274841309e-01,-3.237695614273124883e-02,9.567111605883220626e-01,-4.553113356358587382e-01,4.159875168776148158e-01
-1.001686602830886841e-02,9.974192827939987183e-03,1.749818027019500732e-02,5.480796098709106445e-04,-9.730260819196701050e-03,-4.596102982759475708e-03,-2.144102379679679871e-02,9.716911315917968750e-01,-4.587150514125823975e-01,4.162050485610961914e-01,-3.282877048710902690e-02,9.567209043958201375e-01,-4.553146781991240788e-01,4.159911906692373429e-01
-1.001534610986709595e-02,9.980984032154083252e-03,1.749604940414428711e-02,5.401298403739929199e-04,-9.738434106111526489e-03,-4.605051130056381226e-03,-2.189398929476737976e-02,9.717807769775390625e-01,-4.587097764015197754e-01,4.161958694458007812e-01,-3.328049800543752407e-02,9.567305837641892907e-01,-4.553179943267660623e-01,4.159948509207788692e-01
-1.001385599374771118e-02,9.987829253077507019e-03,1.749392971396446228e-02,5.321837961673736572e-04,-9.746614843606948853e-03,-4.613973200321197510e-03,-2.234722115099430084e-02,9.718727469444274902e-01,-4.587038159370422363e-01,4.161865413188934326e-01,-3.373213870051488400e-02,9.567401992594478655e-01,-4.553212841495196672e-01,4.159984976998624129e-01
-1.001236587762832642e-02,9.994618594646453857e-03,1.749177649617195129e-02,5.242526531219482422e-04,-9.754788130521774292e-03,-4.622906446456909180e-03,-2.279909141361713409e-02,9.719626903533935547e-01,-4.586985409259796143e-01,4.161770939826965332e-01,-3.418369257506650299e-02,9.567497514419087690e-01,-4.553245477961816445e-01,4.160021310726747523e-01
-1.001083105802536011e-02,1.000145636498928070e-02,1.748965680599212646e-02,5.163215100765228271e-04,-9.762983769178390503e-03,-4.631865769624710083e-03,-2.325291931629180908e-02,9.720539450645446777e-01,-4.586929678916931152e-01,4.161679148674011230e-01,-3.463515963175043538e-02,9.567592408660844372e-01,-4.553277853936103514e-01,4.160057511039569889e-01
-1.000939309597015381e-02,1.000826433300971985e-02,1.748752221465110779e-02,5.083791911602020264e-04,-9.771179407835006714e-03,-4.640780389308929443e-03,-2.370416745543479919e-02,9.721460342407226562e-01,-4.586884379386901855e-01,4.161592721939086914e-01,-3.508653987314996198e-02,9.567686680807401256e-01,-4.553309970667258622e-01,4.160093578570414619e-01
-1.000785827636718750e-02,1.001507230103015900e-02,1.748537644743919373e-02,5.004443228244781494e-04,-9.779382497072219849e-03,-4.649728536605834961e-03,-2.415725588798522949e-02,9.722356796264648438e-01,-4.586828351020812988e-01,4.161502122879028320e-01,-3.553783330177893302e-02,9.567780336287535770e-01,-4.553341829385099127e-01,4.160129513938240486e-01
-1.000639051198959351e-02,1.002192124724388123e-02,1.748323068022727966e-02,4.925280809402465820e-04,-9.787600487470626831e-03,-4.658617079257965088e-03,-2.460884489119052887e-02,9.723281860351562500e-01,-4.586771130561828613e-01,4.161413908004760742e-01,-3.598903992008260083e-02,9.567873380472363687e-01,-4.553373431300060115e-01,4.160165317747643310e-01
-1.000490784645080566e-02,1.002873852849006653e-02,1.748103275895118713e-02,4.845820367336273193e-04,-9.795811027288436890e-03,-4.667550325393676758e-03,-2.506146207451820374e-02,9.724180698394775391e-01,-4.586710631847381592e-01,4.161314964294433594e-01,-3.644015973043309570e-02,9.567965818674578626e-01,-4.553404777603192177e-01,4.160200990588947545e-01
-1.000339537858963013e-02,1.003555022180080414e-02,1.747887581586837769e-02,4.766657948493957520e-04,-9.804029017686843872e-03,-4.676476120948791504e-03,-2.551341056823730469e-02,9.725084304809570312e-01,-4.586656987667083740e-01,4.161226749420166016e-01,-3.689119273513475489e-02,9.568057656148646339e-01,-4.553435869466164188e-01,4.160236533038305096e-01
-1.000190526247024536e-02,1.004238985478878021e-02,1.747671142220497131e-02,4.687607288360595703e-04,-9.812217205762863159e-03,-4.685360938310623169e-03,-2.596511319279670715e-02,9.725996851921081543e-01,-4.586590230464935303e-01,4.161128997802734375e-01,-3.734213893641308291e-02,9.568148898090192978e-01,-4.553466708041262745e-01,4.160271945657373904e-01
-1.000044494867324829e-02,1.004921644926071167e-02,1.747452467679977417e-02,4.608258605003356934e-04,-9.820472449064254761e-03,-4.694275557994842529e-03,-2.641673572361469269e-02,9.726909399032592773e-01,-4.586538076400756836e-01,4.161041975021362305e-01,-3.779299833643355588e-02,9.568239549636309293e-01,-4.553497294461386624e-01,4.160307228993651019e-01
-9.998932480812072754e-03,1.005603373050689697e-02,1.747233420610427856e-02,4.529133439064025879e-04,-9.828690439462661743e-03,-4.703190177679061890e-03,-2.686866186559200287e-02,9.727807641029357910e-01,-4.586476087570190430e-01,4.160946905612945557e-01,-3.824377093728281718e-02,9.568329615864872295e-01,-4.553527629840058433e-01,4.160342383580259984e-01
-9.997427463531494141e-03,1.006285846233367920e-02,1.747016236186027527e-02,4.450008273124694824e-04,-9.836938232183456421e-03,-4.712089896202087402e-03,-2.732020616531372070e-02,9.728714227676391602e-01,-4.586419761180877686e-01,4.160863459110260010e-01,-3.869445674098256904e-02,9.568419101795525572e-01,-4.553557715271412953e-01,4.160377409936164561e-01
-9.995952248573303223e-03,1.006969437003135681e-02,1.746796816587448120e-02,4.371032118797302246e-04,-9.845156222581863403e-03,-4.720989614725112915e-03,-2.777144312858581543e-02,9.729624986648559570e-01,-4.586357772350311279e-01,4.160764813423156738e-01,-3.914505574947895611e-02,9.568508012387975104e-01,-4.553587551830201585e-01,4.160412308565790696e-01
-9.994454681873321533e-03,1.007652655243873596e-02,1.746576651930809021e-02,4.292018711566925049e-04,-9.853418916463851929e-03,-4.729893058538436890e-03,-2.822279557585716248e-02,9.730530977249145508e-01,-4.586299359798431396e-01,4.160676896572113037e-01,-3.959556796464869938e-02,9.568596352543393690e-01,-4.553617140571795674e-01,4.160447079959526673e-01
-9.992964565753936768e-03,1.008336991071701050e-02,1.746353879570960999e-02,4.212781786918640137e-04,-9.861659258604049683e-03,-4.738792777061462402e-03,-2.867502160370349884e-02,9.731432795524597168e-01,-4.586229920387268066e-01,4.160575568675994873e-01,-4.004599338829908234e-02,9.568684127103090908e-01,-4.553646482532182627e-01,4.160481724593225739e-01
-9.991481900215148926e-03,1.009019277989864349e-02,1.746135577559471130e-02,4.133954644203186035e-04,-9.869907051324844360e-03,-4.747696220874786377e-03,-2.912551537156105042e-02,9.732345342636108398e-01,-4.586177468299865723e-01,4.160488545894622803e-01,-4.049633202216671585e-02,9.568771340849009377e-01,-4.553675578727965356e-01,4.160516242928650188e-01
-9.989999234676361084e-03,1.009702496230602264e-02,1.745916530489921570e-02,4.055127501487731934e-04,-9.878184646368026733e-03,-4.756558686494827271e-03,-2.957550436258316040e-02,9.733257889747619629e-01,-4.586120843887329102e-01,4.160409271717071533e-01,-4.094658386791431154e-02,9.568857998503605966e-01,-4.553704430156363947e-01,4.160550635413189369e-01
-9.988509118556976318e-03,1.010387204587459564e-02,1.745692268013954163e-02,3.975965082645416260e-04,-9.886432439088821411e-03,-4.765447229146957397e-03,-3.002742305397987366e-02,9.734157323837280273e-01,-4.586048126220703125e-01,4.160307645797729492e-01,-4.139674892713676724e-02,9.568944104729403266e-01,-4.553733037795216765e-01,4.160584902479849134e-01
-9.987041354179382324e-03,1.011069491505622864e-02,1.745467633008956909e-02,3.897026181221008301e-04,-9.894687682390213013e-03,-4.774335771799087524e-03,-3.047793358564376831e-02,9.735057950019836426e-01,-4.585986137390136719e-01,4.160210788249969482e-01,-4.184682720136159023e-02,9.569029664129021784e-01,-4.553761402602977681e-01,4.160619044547422818e-01
-9.985558688640594482e-03,1.011752896010875702e-02,1.745246723294258118e-02,3.818273544311523438e-04,-9.902965277433395386e-03,-4.783190786838531494e-03,-3.092763945460319519e-02,9.735968112945556641e-01,-4.585924446582794189e-01,4.160126745700836182e-01,-4.229681869203420069e-02,9.569114681245486365e-01,-4.553789525518717740e-01,4.160653062020413517e-01
-9.984061121940612793e-03,1.012436673045158386e-02,1.745020970702171326e-02,3.739297389984130859e-04,-9.911235421895980835e-03,-4.792116582393646240e-03,-3.137946501374244690e-02,9.736865162849426270e-01,-4.585861265659332275e-01,4.160025119781494141e-01,-4.274672340054323783e-02,9.569199160560668549e-01,-4.553817407462126265e-01,4.160686955289040201e-01
-9.982608258724212646e-03,1.013123802840709686e-02,1.744801178574562073e-02,3.660619258880615234e-04,-9.919527918100357056e-03,-4.800945520401000977e-03,-3.182898834347724915e-02,9.737795591354370117e-01,-4.585798382759094238e-01,4.159944355487823486e-01,-4.319654132819526760e-02,9.569283106497262770e-01,-4.553845049333508088e-01,4.160720724729128350e-01
-9.981103241443634033e-03,1.013806089758872986e-02,1.744573190808296204e-02,3.581568598747253418e-04,-9.927827864885330200e-03,-4.809848964214324951e-03,-3.228026255965232849e-02,9.738682508468627930e-01,-4.585732817649841309e-01,4.159849286079406738e-01,-4.364627247623556472e-02,9.569366523416772408e-01,-4.553872452013784655e-01,4.160754370702292593e-01
-9.979620575904846191e-03,1.014491915702819824e-02,1.744348555803298950e-02,3.503039479255676270e-04,-9.936105459928512573e-03,-4.818730056285858154e-03,-3.273055329918861389e-02,9.739593267440795898e-01,-4.585667252540588379e-01,4.159751236438751221e-01,-4.409591684582978011e-02,9.569449415620574495e-01,-4.553899616364495140e-01,4.160787893555875083e-01
-9.978145360946655273e-03,1.015176251530647278e-02,1.744124293327331543e-02,3.424212336540222168e-04,-9.944420307874679565e-03,-4.827577620744705200e-03,-3.318032622337341309e-02,9.740501642227172852e-01,-4.585603177547454834e-01,4.159668982028961182e-01,-4.454547443808107299e-02,9.569531787349120355e-01,-4.553926543227795887e-01,4.160821293622814498e-01
-9.976647794246673584e-03,1.015862450003623962e-02,1.743898540735244751e-02,3.345310688018798828e-04,-9.952705353498458862e-03,-4.836436361074447632e-03,-3.363147005438804626e-02,9.741403460502624512e-01,-4.585527181625366211e-01,4.159572720527648926e-01,-4.499494525401336736e-02,9.569613642781976681e-01,-4.553953233426460412e-01,4.160854571221858089e-01
-9.975202381610870361e-03,1.016546413302421570e-02,1.743669062852859497e-02,3.266707062721252441e-04,-9.961012750864028931e-03,-4.845302551984786987e-03,-3.408063575625419617e-02,9.742309451103210449e-01,-4.585465490818023682e-01,4.159475862979888916e-01,-4.544432929458971926e-02,9.569694986037935447e-01,-4.553979687763876627e-01,4.160887726657410135e-01
-9.973727166652679443e-03,1.017231494188308716e-02,1.743444800376892090e-02,3.188103437423706055e-04,-9.969349950551986694e-03,-4.854179918766021729e-03,-3.453030809760093689e-02,9.743224978446960449e-01,-4.585409462451934814e-01,4.159394800662994385e-01,-4.589362656069274904e-02,9.569775821174867358e-01,-4.554005907024052391e-01,4.160920760219490311e-01
-9.972251951694488525e-03,1.017917133867740631e-02,1.743216440081596375e-02,3.109499812126159668e-04,-9.977634996175765991e-03,-4.863020032644271851e-03,-3.498005121946334839e-02,9.744126796722412109e-01,-4.585334658622741699e-01,4.159294366836547852e-01,-4.634283705314379276e-02,9.569856152189033516e-01,-4.554031891971611068e-01,4.160953672184000141e-01
-9.970769286155700684e-03,1.018602959811687469e-02,1.742986589670181274e-02,3.030821681022644043e-04,-9.985964745283126831e-03,-4.871875047683715820e-03,-3.543012589216232300e-02,9.745028614997863770e-01,-4.585262537002563477e-01,4.159200489521026611e-01,-4.679196077268087117e-02,9.569935983015469549e-01,-4.554057643351794304e-01,4.160986462812425457e-01
-9.969271719455718994e-03,1.019287481904029846e-02,1.742758601903915405e-02,2.952292561531066895e-04,-9.994287043809890747e-03,-4.880715161561965942e-03,-3.587950766086578369e-02,9.745926856994628906e-01,-4.585191309452056885e-01,4.159111976623535156e-01,-4.724099771998728492e-02,9.570015317527792442e-01,-4.554083161890457032e-01,4.161019132351990168e-01
-9.967826306819915771e-03,1.019975543022155762e-02,1.742531359195709229e-02,2.873688936233520508e-04,-1.000260934233665466e-02,-4.889570176601409912e-03,-3.632933646440505981e-02,9.746848344802856445e-01,-4.585125446319580078e-01,4.159018099308013916e-01,-4.768994789566342180e-02,9.570094159538011791e-01,-4.554108448294076350e-01,4.161051681035576322e-01
-9.966336190700531006e-03,1.020659506320953369e-02,1.742300018668174744e-02,2.795159816741943359e-04,-1.001096144318580627e-02,-4.898406565189361572e-03,-3.677832335233688354e-02,9.747741222381591797e-01,-4.585054814815521240e-01,4.158929884433746338e-01,-4.813881130024472155e-02,9.570172512796530917e-01,-4.554133503249740422e-01,4.161084109081832905e-01
-9.964860975742340088e-03,1.021345518529415131e-02,1.742066815495491028e-02,2.716705203056335449e-04,-1.001926884055137634e-02,-4.907231777906417847e-03,-3.722755983471870422e-02,9.748637080192565918e-01,-4.584973156452178955e-01,4.158824980258941650e-01,-4.858758793419312022e-02,9.570250380991500716e-01,-4.554158327425160691e-01,4.161116416695077036e-01
-9.963385760784149170e-03,1.022030413150787354e-02,1.741837710142135620e-02,2.638250589370727539e-04,-1.002763584256172180e-02,-4.916075617074966431e-03,-3.767627105116844177e-02,9.749543666839599609e-01,-4.584911167621612549e-01,4.158743619918823242e-01,-4.903627779790355190e-02,9.570327767749239323e-01,-4.554182921468659662e-01,4.161148604065383338e-01
-9.961925446987152100e-03,1.022717356681823730e-02,1.741605624556541443e-02,2.559795975685119629e-04,-1.003597304224967957e-02,-4.924904555082321167e-03,-3.812535107135772705e-02,9.750449061393737793e-01,-4.584836065769195557e-01,4.158647060394287109e-01,-4.948488089169338078e-02,9.570404676634340912e-01,-4.554207286009180899e-01,4.161180671368382433e-01
-9.960465133190155029e-03,1.023404859006404877e-02,1.741374284029006958e-02,2.481341361999511719e-04,-1.004434004426002502e-02,-4.933737218379974365e-03,-3.857433795928955078e-02,9.751361012458801270e-01,-4.584765732288360596e-01,4.158557057380676270e-01,-4.993339721581867285e-02,9.570481111148391173e-01,-4.554231421656282919e-01,4.161212618765564031e-01
-9.958982467651367188e-03,1.024090126156806946e-02,1.741142198443412781e-02,2.402886748313903809e-04,-1.005268469452857971e-02,-4.942566156387329102e-03,-3.902330249547958374e-02,9.752256870269775391e-01,-4.584691524505615234e-01,4.158464372158050537e-01,-5.038182677045914548e-02,9.570557074731101954e-01,-4.554255329000140851e-01,4.161244446404064878e-01
-9.957529604434967041e-03,1.024776697158813477e-02,1.740909740328788757e-02,2.324655652046203613e-04,-1.006106659770011902e-02,-4.951395094394683838e-03,-3.947133570909500122e-02,9.753168225288391113e-01,-4.584626257419586182e-01,4.158376753330230713e-01,-5.083016955572016576e-02,9.570632570759518565e-01,-4.554279008611548107e-01,4.161276154416739814e-01
-9.956024587154388428e-03,1.025464385747909546e-02,1.740675792098045349e-02,2.246201038360595703e-04,-1.006941869854927063e-02,-4.960220307111740112e-03,-3.992118686437606812e-02,9.754062294960021973e-01,-4.584541618824005127e-01,4.158278405666351318e-01,-5.127842557164993820e-02,9.570707602548051973e-01,-4.554302461041914163e-01,4.161307742922080166e-01
-9.954594075679779053e-03,1.026150956749916077e-02,1.740442961454391479e-02,2.167969942092895508e-04,-1.007779315114021301e-02,-4.969034343957901001e-03,-4.036869108676910400e-02,9.754976034164428711e-01,-4.584475457668304443e-01,4.158190190792083740e-01,-5.172661172870406110e-02,9.570781002797590364e-01,-4.554326126317476686e-01,4.161339645516160535e-01
-9.953118860721588135e-03,1.026838831603527069e-02,1.740206032991409302e-02,2.089813351631164551e-04,-1.008615270256996155e-02,-4.977863281965255737e-03,-4.081746190786361694e-02,9.755875468254089355e-01,-4.584394991397857666e-01,4.158085882663726807e-01,-5.217471557658479031e-02,9.570853638293214116e-01,-4.554349681377982129e-01,4.161371543135261031e-01
-9.951665997505187988e-03,1.027525216341018677e-02,1.739974319934844971e-02,2.011358737945556641e-04,-1.009459793567657471e-02,-4.986681044101715088e-03,-4.126536101102828979e-02,9.756788611412048340e-01,-4.584335684776306152e-01,4.158017635345458984e-01,-5.262273370618401891e-02,9.570925748434525593e-01,-4.554373038120780870e-01,4.161403348469111529e-01
-9.950213134288787842e-03,1.028209924697875977e-02,1.739734783768653870e-02,1.933053135871887207e-04,-1.010295003652572632e-02,-4.995480179786682129e-03,-4.171311482787132263e-02,9.757675528526306152e-01,-4.584253430366516113e-01,4.157913625240325928e-01,-5.307066614048137898e-02,9.570997334826646386e-01,-4.554396197623080678e-01,4.161435062174138610e-01
-9.948752820491790771e-03,1.028897427022457123e-02,1.739502325654029846e-02,1.854933798313140869e-04,-1.011134684085845947e-02,-5.004294216632843018e-03,-4.216087237000465393e-02,9.758589863777160645e-01,-4.584186077117919922e-01,4.157829880714416504e-01,-5.351851290257535892e-02,9.571068399002126137e-01,-4.554419160948124934e-01,4.161466684897855428e-01
-9.947285056114196777e-03,1.029586419463157654e-02,1.739266142249107361e-02,1.776628196239471436e-04,-1.011975109577178955e-02,-5.013089627027511597e-03,-4.260935261845588684e-02,9.759494066238403320e-01,-4.584105014801025391e-01,4.157739281654357910e-01,-5.396627401571393173e-02,9.571138942419807893e-01,-4.554441929145194856e-01,4.161498217278721823e-01
-9.945794939994812012e-03,1.030272804200649261e-02,1.739026233553886414e-02,1.698322594165802002e-04,-1.012815535068511963e-02,-5.021911114454269409e-03,-4.305798932909965515e-02,9.760379791259765625e-01,-4.584023356437683105e-01,4.157642722129821777e-01,-5.441394950328189845e-02,9.571208966464824774e-01,-4.554464503249603391e-01,4.161529659946436310e-01
-9.944342076778411865e-03,1.030959747731685638e-02,1.738789677619934082e-02,1.620203256607055664e-04,-1.013657450675964355e-02,-5.030717700719833374e-03,-4.350540041923522949e-02,9.761286973953247070e-01,-4.583953619003295898e-01,4.157557487487792969e-01,-5.486153938879352598e-02,9.571278472448602193e-01,-4.554486884282701320e-01,4.161561013521520858e-01
-9.942904114723205566e-03,1.031646877527236938e-02,1.738550886511802673e-02,1.542195677757263184e-04,-1.014500856399536133e-02,-5.039490759372711182e-03,-4.395176842808723450e-02,9.762191772460937500e-01,-4.583880007266998291e-01,4.157472550868988037e-01,-5.530904369591419650e-02,9.571347461609235330e-01,-4.554509073251875595e-01,4.161592278615748319e-01
-9.941458702087402344e-03,1.032335683703422546e-02,1.738312095403671265e-02,1.464225351810455322e-04,-1.015340536832809448e-02,-5.048319697380065918e-03,-4.439967125654220581e-02,9.763100147247314453e-01,-4.583805501461029053e-01,4.157370328903198242e-01,-5.575646244843510124e-02,9.571415935110431095e-01,-4.554531071150547117e-01,4.161623455831744978e-01
-9.939983487129211426e-03,1.033023372292518616e-02,1.738076657056808472e-02,1.386255025863647461e-04,-1.016186177730560303e-02,-5.057077854871749878e-03,-4.484621435403823853e-02,9.764007329940795898e-01,-4.583732485771179199e-01,4.157298505306243896e-01,-5.620379567029198248e-02,9.571483894042412954e-01,-4.554552878958172402e-01,4.161654545763437962e-01
-9.938538074493408203e-03,1.033713482320308685e-02,1.737833395600318909e-02,1.308061182498931885e-04,-1.017025113105773926e-02,-5.065858364105224609e-03,-4.529445245862007141e-02,9.764904379844665527e-01,-4.583637714385986328e-01,4.157189130783081055e-01,-5.665104338555499580e-02,9.571551339421127125e-01,-4.554574497640245800e-01,4.161685548995486816e-01
-9.937085211277008057e-03,1.034400612115859985e-02,1.737592369318008423e-02,1.230016350746154785e-04,-1.017871499061584473e-02,-5.074661225080490112e-03,-4.574141278862953186e-02,9.765804409980773926e-01,-4.583566486835479736e-01,4.157104194164276123e-01,-5.709820561843680781e-02,9.571618272188395782e-01,-4.554595928148293948e-01,4.161716466103851930e-01
-9.935662150382995605e-03,1.035087555646896362e-02,1.737352088093757629e-02,1.152269542217254639e-04,-1.018714159727096558e-02,-5.083449184894561768e-03,-4.618719965219497681e-02,9.766712784767150879e-01,-4.583497047424316406e-01,4.157012999057769775e-01,-5.754528239328241673e-02,9.571684693212141326e-01,-4.554617171419879651e-01,4.161747297655418176e-01
-9.934157133102416992e-03,1.035777479410171509e-02,1.737112551927566528e-02,1.074224710464477539e-04,-1.019559055566787720e-02,-5.092229694128036499e-03,-4.663543403148651123e-02,9.767609834671020508e-01,-4.583409726619720459e-01,4.156925082206726074e-01,-5.799227373457692403e-02,9.571750603285932302e-01,-4.554638228378604103e-01,4.161778044208178651e-01
-9.932726621627807617e-03,1.036465913057327271e-02,1.736870780587196350e-02,9.964033961296081543e-05,-1.020406931638717651e-02,-5.101036280393600464e-03,-4.708184674382209778e-02,9.768518805503845215e-01,-4.583343267440795898e-01,4.156839251518249512e-01,-5.843917966694796295e-02,9.571816003128683636e-01,-4.554659099934099120e-01,4.161808706311082573e-01
-9.931266307830810547e-03,1.037153974175453186e-02,1.736627891659736633e-02,9.185820817947387695e-05,-1.021252572536468506e-02,-5.109790712594985962e-03,-4.752800613641738892e-02,9.769416451454162598e-01,-4.583260118961334229e-01,4.156750738620758057e-01,-5.888600021515509597e-02,9.571880893385484868e-01,-4.554679786982038792e-01,4.161839284504266767e-01
-9.929813444614410400e-03,1.037843897938728333e-02,1.736385747790336609e-02,8.406490087509155273e-05,-1.022095978260040283e-02,-5.118556320667266846e-03,-4.797511175274848938e-02,9.770318269729614258e-01,-4.583172798156738281e-01,4.156654477119445801e-01,-5.933273540409306213e-02,9.571945274626391109e-01,-4.554700290404125607e-01,4.161869779318754792e-01
-9.928412735462188721e-03,1.038533449172973633e-02,1.736143603920936584e-02,7.628649473190307617e-05,-1.022942364215850830e-02,-5.127307027578353882e-03,-4.842054471373558044e-02,9.771234989166259766e-01,-4.583097994327545166e-01,4.156567752361297607e-01,-5.977938525880404502e-02,9.572009147347180225e-01,-4.554720611068101555e-01,4.161900191276807215e-01
-9.926915168762207031e-03,1.039220578968524933e-02,1.735897362232208252e-02,6.849691271781921387e-05,-1.023790240287780762e-02,-5.136094987392425537e-03,-4.886770248413085938e-02,9.772114753723144531e-01,-4.583013057708740234e-01,4.156476259231567383e-01,-6.022594980445970803e-02,9.572072511968705566e-01,-4.554740749827743684e-01,4.161930520891521379e-01
-9.925477206707000732e-03,1.039912179112434387e-02,1.735651865601539612e-02,6.071850657463073730e-05,-1.024638861417770386e-02,-5.144856870174407959e-03,-4.931430518627166748e-02,9.773023128509521484e-01,-4.582927823066711426e-01,4.156382679939270020e-01,-6.067242906637873578e-02,9.572135368837393354e-01,-4.554760707522865215e-01,4.161960768667241628e-01
-9.924031794071197510e-03,1.040598936378955841e-02,1.735408976674079895e-02,5.294755101203918457e-05,-1.025487482547760010e-02,-5.153633654117584229e-03,-4.975979030132293701e-02,9.773923754692077637e-01,-4.582858085632324219e-01,4.156301021575927734e-01,-6.111882307000358200e-02,9.572197718224557672e-01,-4.554780484979312205e-01,4.161990935099199596e-01
-9.922586381435394287e-03,1.041289418935775757e-02,1.735163852572441101e-02,4.518032073974609375e-05,-1.026334613561630249e-02,-5.162376910448074341e-03,-5.020579695701599121e-02,9.774826765060424805e-01,-4.582770764827728271e-01,4.156208038330078125e-01,-6.156513184092943236e-02,9.572259560326740191e-01,-4.554800083008967992e-01,4.162021020673711824e-01
-9.921163320541381836e-03,1.041978225111961365e-02,1.734916865825653076e-02,3.740563988685607910e-05,-1.027183979749679565e-02,-5.171112716197967529e-03,-5.065099895000457764e-02,9.775726795196533203e-01,-4.582687914371490479e-01,4.156119823455810547e-01,-6.201135540488177805e-02,9.572320895265222784e-01,-4.554819502409753751e-01,4.162051025868235832e-01
-9.919695556163787842e-03,1.042666845023632050e-02,1.734668388962745667e-02,2.962350845336914062e-05,-1.028033345937728882e-02,-5.179878324270248413e-03,-5.109748244285583496e-02,9.776614904403686523e-01,-4.582600593566894531e-01,4.156026542186737061e-01,-6.245749378772291055e-02,9.572381723086663685e-01,-4.554838743965621273e-01,4.162080951151171937e-01
-9.918272495269775391e-03,1.043358445167541504e-02,1.734422147274017334e-02,2.187862992286682129e-05,-1.028882712125778198e-02,-5.188643932342529297e-03,-5.154305323958396912e-02,9.777528047561645508e-01,-4.582521617412567139e-01,4.155931770801544189e-01,-6.290354701545808336e-02,9.572442043762195985e-01,-4.554857808446562406e-01,4.162110796982040339e-01
-9.916841983795166016e-03,1.044047251343727112e-02,1.734177768230438232e-02,1.411885023117065430e-05,-1.029735058546066284e-02,-5.197349935770034790e-03,-5.198731645941734314e-02,9.778435230255126953e-01,-4.582442939281463623e-01,4.155859053134918213e-01,-6.334951511422654002e-02,9.572501857187988294e-01,-4.554876696608600728e-01,4.162140563811336236e-01
-9.915351867675781250e-03,1.044736802577972412e-02,1.733925566077232361e-02,6.329268217086791992e-06,-1.030583679676055908e-02,-5.206126719713211060e-03,-5.243489518761634827e-02,9.779308438301086426e-01,-4.582343399524688721e-01,4.155753552913665771e-01,-6.379539811030714158e-02,9.572561163184570843e-01,-4.554895409193798761e-01,4.162170252080623079e-01
-9.913951158523559570e-03,1.045427843928337097e-02,1.733681559562683105e-02,-1.415610313415527344e-06,-1.031436771154403687e-02,-5.214858800172805786e-03,-5.287917330861091614e-02,9.780234098434448242e-01,-4.582272469997406006e-01,4.155676662921905518e-01,-6.424119603011563262e-02,9.572619961497054186e-01,-4.554913946930252422e-01,4.162199862222590308e-01
-9.912490844726562500e-03,1.046118512749671936e-02,1.733431220054626465e-02,-9.156763553619384766e-06,-1.032288372516632080e-02,-5.223602056503295898e-03,-5.332466587424278259e-02,9.781127572059631348e-01,-4.582183361053466797e-01,4.155583083629608154e-01,-6.468690890020740991e-02,9.572678251795363469e-01,-4.554932310532093243e-01,4.162229394660895698e-01
-9.911060333251953125e-03,1.046808809041976929e-02,1.733179762959480286e-02,-1.692399382591247559e-05,-1.033140718936920166e-02,-5.232341587543487549e-03,-5.377011001110076904e-02,9.782022833824157715e-01,-4.582094550132751465e-01,4.155488908290863037e-01,-6.513253674727265130e-02,9.572736033673855394e-01,-4.554950500699489480e-01,4.162258849810252515e-01
-9.909622371196746826e-03,1.047499477863311768e-02,1.732930168509483337e-02,-2.466887235641479492e-05,-1.033996790647506714e-02,-5.241088569164276123e-03,-5.421504750847816467e-02,9.782928228378295898e-01,-4.582015872001647949e-01,4.155406653881072998e-01,-6.557807959814532239e-02,9.572793306650676515e-01,-4.554968518118643894e-01,4.162288228076390095e-01
-9.908191859722137451e-03,1.048188656568527222e-02,1.732678711414337158e-02,-3.240257501602172852e-05,-1.034847646951675415e-02,-5.249809473752975464e-03,-5.465931445360183716e-02,9.783822298049926758e-01,-4.581928253173828125e-01,4.155312776565551758e-01,-6.602353747978922938e-02,9.572850070168744674e-01,-4.554986363461795418e-01,4.162317529856208731e-01
-9.906738996505737305e-03,1.048880070447921753e-02,1.732428744435310364e-02,-4.014372825622558594e-05,-1.035702973604202271e-02,-5.258552730083465576e-03,-5.510455742478370667e-02,9.784722924232482910e-01,-4.581843316555023193e-01,4.155226349830627441e-01,-6.646891041931318744e-02,9.572906323594881917e-01,-4.555004037387217486e-01,4.162346755537480458e-01
-9.905345737934112549e-03,1.049572601914405823e-02,1.732178404927253723e-02,-4.787743091583251953e-05,-1.036556810140609741e-02,-5.267273634672164917e-03,-5.554878339171409607e-02,9.785640239715576172e-01,-4.581760764122009277e-01,4.155136048793792725e-01,-6.691419844396041816e-02,9.572962066220416233e-01,-4.555021540539219704e-01,4.162375905499178241e-01
-9.903915226459503174e-03,1.050262339413166046e-02,1.731925830245018005e-02,-5.562230944633483887e-05,-1.037413626909255981e-02,-5.275983363389968872e-03,-5.599282309412956238e-02,9.786536693572998047e-01,-4.581675529479980469e-01,4.155053496360778809e-01,-6.735940158111539122e-02,9.573017297260163483e-01,-4.555038873548147849e-01,4.162404980111270580e-01
-9.902462363243103027e-03,1.050954125821590424e-02,1.731672883033752441e-02,-6.335228681564331055e-05,-1.038268208503723145e-02,-5.284719169139862061e-03,-5.643800646066665649e-02,9.787431955337524414e-01,-4.581584930419921875e-01,4.154960215091705322e-01,-6.780451985829537287e-02,9.573072015853216765e-01,-4.555056037030382754e-01,4.162433979734732614e-01
-9.901031851768493652e-03,1.051645725965499878e-02,1.731419190764427185e-02,-7.108598947525024414e-05,-1.039125025272369385e-02,-5.293410271406173706e-03,-5.688202008605003357e-02,9.788330793380737305e-01,-4.581492543220520020e-01,4.154874086380004883e-01,-6.824955330316177793e-02,9.573126221062119301e-01,-4.555073031588339760e-01,4.162462904721616619e-01
-9.899578988552093506e-03,1.052336767315864563e-02,1.731165871024131775e-02,-7.881969213485717773e-05,-1.039981096982955933e-02,-5.302131175994873047e-03,-5.732670053839683533e-02,9.789225459098815918e-01,-4.581401944160461426e-01,4.154785275459289551e-01,-6.869450194350550098e-02,9.573179911873882508e-01,-4.555089857810470932e-01,4.162491755415062000e-01
-9.898178279399871826e-03,1.053028553724288940e-02,1.730911806225776672e-02,-8.653476834297180176e-05,-1.040837913751602173e-02,-5.310863256454467773e-03,-5.777050182223320007e-02,9.790133833885192871e-01,-4.581321477890014648e-01,4.154694080352783203e-01,-6.913936580726484649e-02,9.573233087198358415e-01,-4.555106516271264505e-01,4.162520532149164842e-01
-9.896740317344665527e-03,1.053722389042377472e-02,1.730657741427421570e-02,-9.427219629287719727e-05,-1.041698455810546875e-02,-5.319546908140182495e-03,-5.821489170193672180e-02,9.791037440299987793e-01,-4.581227004528045654e-01,4.154613316059112549e-01,-6.958414492251009664e-02,9.573285745869679619e-01,-4.555123007531241552e-01,4.162549235249128343e-01
-9.895317256450653076e-03,1.054411940276622772e-02,1.730401441454887390e-02,-1.019872725009918213e-04,-1.042554527521133423e-02,-5.328282713890075684e-03,-5.865865573287010193e-02,9.791931509971618652e-01,-4.581142961978912354e-01,4.154518544673919678e-01,-7.002883931745279567e-02,9.573337886645121309e-01,-4.555139332136960983e-01,4.162577865031233393e-01
-9.893886744976043701e-03,1.055104658007621765e-02,1.730145514011383057e-02,-1.097023487091064453e-04,-1.043414324522018433e-02,-5.336947739124298096e-03,-5.910198763012886047e-02,9.792829155921936035e-01,-4.581046402454376221e-01,4.154435098171234131e-01,-7.047344902044011539e-02,9.573389508205594201e-01,-4.555155490621017877e-01,4.162606421802765855e-01
-9.892463684082031250e-03,1.055798493325710297e-02,1.729889586567878723e-02,-1.174211502075195312e-04,-1.044271886348724365e-02,-5.345672369003295898e-03,-5.954657122492790222e-02,9.793733358383178711e-01,-4.580955207347869873e-01,4.154338836669921875e-01,-7.091797405995482750e-02,9.573440609155041692e-01,-4.555171483502040708e-01,4.162634905862070966e-01
-9.891048073768615723e-03,1.056489162147045135e-02,1.729631796479225159e-02,-1.251250505447387695e-04,-1.045130938291549683e-02,-5.354344844818115234e-03,-5.998909473419189453e-02,9.794628620147705078e-01,-4.580863118171691895e-01,4.154251813888549805e-01,-7.136241446462630866e-02,9.573491188020963882e-01,-4.555187311284694118e-01,4.162663317498509485e-01
-9.889595210552215576e-03,1.057180203497409821e-02,1.729374006390571594e-02,-1.328438520431518555e-04,-1.045991480350494385e-02,-5.363080650568008423e-03,-6.043350696563720703e-02,9.795517921447753906e-01,-4.580775201320648193e-01,4.154162108898162842e-01,-7.180677026321626022e-02,9.573541243254080069e-01,-4.555202974459678922e-01,4.162691656992528744e-01
-9.888209402561187744e-03,1.057872921228408813e-02,1.729120314121246338e-02,-1.405514776706695557e-04,-1.046854257583618164e-02,-5.371760576963424683e-03,-6.087591126561164856e-02,9.796436429023742676e-01,-4.580696523189544678e-01,4.154089391231536865e-01,-7.225104148462038745e-02,9.573590773228026762e-01,-4.555218473503730992e-01,4.162719924615613798e-01
-9.886763989925384521e-03,1.058564148843288422e-02,1.728861406445503235e-02,-1.482516527175903320e-04,-1.047713309526443481e-02,-5.380466580390930176e-03,-6.131946295499801636e-02,9.797324538230895996e-01,-4.580602645874023438e-01,4.153995513916015625e-01,-7.269522815788220793e-02,9.573639776239506460e-01,-4.555233808879621260e-01,4.162748120630266335e-01
-9.885370731353759766e-03,1.059258729219436646e-02,1.728603616356849670e-02,-1.559630036354064941e-04,-1.048576086759567261e-02,-5.389124155044555664e-03,-6.176232919096946716e-02,9.798235297203063965e-01,-4.580509364604949951e-01,4.153912663459777832e-01,-7.313933031217022263e-02,9.573688250508515241e-01,-4.555248981036156830e-01,4.162776245290065180e-01
-9.883932769298553467e-03,1.059949956834316254e-02,1.728340983390808105e-02,-1.636631786823272705e-04,-1.049436628818511963e-02,-5.397811532020568848e-03,-6.220551580190658569e-02,9.799117445945739746e-01,-4.580409526824951172e-01,4.153815805912017822e-01,-7.358334797680569916e-02,9.573736194177397962e-01,-4.555263990408180419e-01,4.162804298839645756e-01
-9.882509708404541016e-03,1.060644537210464478e-02,1.728082075715065002e-02,-1.713484525680541992e-04,-1.050300151109695435e-02,-5.406487733125686646e-03,-6.264843046665191650e-02,9.800022244453430176e-01,-4.580316543579101562e-01,4.153729975223541260e-01,-7.402728118123649836e-02,9.573783605311412259e-01,-4.555278837416571469e-01,4.162832281514752264e-01
-9.881094098091125488e-03,1.061336137354373932e-02,1.727818697690963745e-02,-1.790523529052734375e-04,-1.051164418458938599e-02,-5.415175110101699829e-03,-6.309118121862411499e-02,9.800911545753479004e-01,-4.580223560333251953e-01,4.153640568256378174e-01,-7.447112995505753008e-02,9.573830481898846223e-01,-4.555293522468241152e-01,4.162860193541951803e-01
-9.879678487777709961e-03,1.062030717730522156e-02,1.727562025189399719e-02,-1.867376267910003662e-04,-1.052026450634002686e-02,-5.423855036497116089e-03,-6.353410333395004272e-02,9.801822900772094727e-01,-4.580132961273193359e-01,4.153555631637573242e-01,-7.491489432799358639e-02,9.573876821850031416e-01,-4.555308045956139584e-01,4.162888035139132858e-01
-9.878247976303100586e-03,1.062722504138946533e-02,1.727298647165298462e-02,-1.944378018379211426e-04,-1.052892208099365234e-02,-5.432520061731338501e-03,-6.397665292024612427e-02,9.802709221839904785e-01,-4.580036401748657227e-01,4.153471291065216064e-01,-7.535857432990951399e-02,9.573922622998556342e-01,-4.555322408259252498e-01,4.162915806515068429e-01
-9.876832365989685059e-03,1.063415594398975372e-02,1.727036759257316589e-02,-2.021156251430511475e-04,-1.053755730390548706e-02,-5.441218614578247070e-03,-6.441929191350936890e-02,9.803608655929565430e-01,-4.579945802688598633e-01,4.153379797935485840e-01,-7.580216999081029750e-02,9.573967883099707699e-01,-4.555336609742598464e-01,4.162943507869628634e-01
-9.875446557998657227e-03,1.064110733568668365e-02,1.726774871349334717e-02,-2.098046243190765381e-04,-1.054620742797851562e-02,-5.449879914522171021e-03,-6.486166268587112427e-02,9.804516434669494629e-01,-4.579851329326629639e-01,4.153290987014770508e-01,-7.624568134084341864e-02,9.574012599831653869e-01,-4.555350650757233333e-01,4.162971139393670250e-01
-9.874016046524047852e-03,1.064804196357727051e-02,1.726511493325233459e-02,-2.174861729145050049e-04,-1.055487245321273804e-02,-5.458530038595199585e-03,-6.530389189720153809e-02,9.805409312248229980e-01,-4.579752385616302490e-01,4.153206348419189453e-01,-7.668910841028138414e-02,9.574056770794907578e-01,-4.555364531640249126e-01,4.162998701269249313e-01
-9.872630238533020020e-03,1.065497472882270813e-02,1.726249232888221741e-02,-2.251565456390380859e-04,-1.056354492902755737e-02,-5.467195063829421997e-03,-6.574525684118270874e-02,9.806317090988159180e-01,-4.579665958881378174e-01,4.153125882148742676e-01,-7.713245122954859312e-02,9.574100393511834062e-01,-4.555378252714772369e-01,4.163026193669285280e-01
-9.871207177639007568e-03,1.066189818084239960e-02,1.725984364748001099e-02,-2.328380942344665527e-04,-1.057220250368118286e-02,-5.475848913192749023e-03,-6.618726253509521484e-02,9.807203412055969238e-01,-4.579566419124603271e-01,4.153037369251251221e-01,-7.757570982919975711e-02,9.574143465427031874e-01,-4.555391814289965202e-01,4.163053616757816378e-01
-9.869746863842010498e-03,1.066885329782962799e-02,1.725719124078750610e-02,-2.405270934104919434e-04,-1.058088243007659912e-02,-5.484513938426971436e-03,-6.663074344396591187e-02,9.808090329170227051e-01,-4.579459726810455322e-01,4.152948260307312012e-01,-7.801888423992719979e-02,9.574185983907294029e-01,-4.555405216661024270e-01,4.163080970690009042e-01
-9.868361055850982666e-03,1.067580282688140869e-02,1.725453883409500122e-02,-2.481862902641296387e-04,-1.058954745531082153e-02,-5.493178963661193848e-03,-6.707236170768737793e-02,9.808996915817260742e-01,-4.579366445541381836e-01,4.152855575084686279e-01,-7.846197449256499257e-02,9.574227946241267162e-01,-4.555418460109184053e-01,4.163108255611954189e-01
-9.866967797279357910e-03,1.068275794386863708e-02,1.725187525153160095e-02,-2.558380365371704102e-04,-1.059824228286743164e-02,-5.501817911863327026e-03,-6.751346588134765625e-02,9.809900522232055664e-01,-4.579268395900726318e-01,4.152768850326538086e-01,-7.890498061808240426e-02,9.574269349639679128e-01,-4.555431544901713536e-01,4.163135471660892040e-01
-9.865567088127136230e-03,1.068970561027526855e-02,1.724921166896820068e-02,-2.635121345520019531e-04,-1.060692965984344482e-02,-5.510475486516952515e-03,-6.795544177293777466e-02,9.810799360275268555e-01,-4.579171836376190186e-01,4.152680337429046631e-01,-7.934790264759326861e-02,9.574310191234387535e-01,-4.555444471291916764e-01,4.163162618965017270e-01
-9.864144027233123779e-03,1.069662719964981079e-02,1.724655553698539734e-02,-2.711825072765350342e-04,-1.061563193798065186e-02,-5.519136786460876465e-03,-6.839692592620849609e-02,9.811689853668212891e-01,-4.579080641269683838e-01,4.152601659297943115e-01,-7.979074061233761006e-02,9.574350468080243814e-01,-4.555457239519133950e-01,4.163189697643643328e-01
-9.862735867500305176e-03,1.070358417928218842e-02,1.724388450384140015e-02,-2.788268029689788818e-04,-1.062431931495666504e-02,-5.527760833501815796e-03,-6.883800774812698364e-02,9.812588691711425781e-01,-4.578976631164550781e-01,4.152512252330780029e-01,-8.023349454370577727e-02,9.574390177152283243e-01,-4.555469849808740368e-01,4.163216707807090300e-01
-9.861335158348083496e-03,1.071052625775337219e-02,1.724121347069740295e-02,-2.864822745323181152e-04,-1.063303649425506592e-02,-5.536410957574844360e-03,-6.927909702062606812e-02,9.813488721847534180e-01,-4.578884840011596680e-01,4.152430593967437744e-01,-8.067616447321392104e-02,9.574429315348379488e-01,-4.555482302372146353e-01,4.163243649556733761e-01
-9.859949350357055664e-03,1.071748696267604828e-02,1.723851636052131653e-02,-2.941414713859558105e-04,-1.064170897006988525e-02,-5.545057356357574463e-03,-6.972074508666992188e-02,9.814386963844299316e-01,-4.578779041767120361e-01,4.152329862117767334e-01,-8.111875043253212458e-02,9.574467879486932009e-01,-4.555494597406798407e-01,4.163270522985069721e-01
-9.858518838882446289e-03,1.072440296411514282e-02,1.723584532737731934e-02,-3.017783164978027344e-04,-1.065047830343246460e-02,-5.553662776947021484e-03,-7.016016542911529541e-02,9.815276861190795898e-01,-4.578689634799957275e-01,4.152268767356872559e-01,-8.156125245345101360e-02,9.574505866308421487e-01,-4.555506735096179205e-01,4.163297328175476486e-01
-9.857110679149627686e-03,1.073137111961841583e-02,1.723313704133033752e-02,-3.094598650932312012e-04,-1.065917313098907471e-02,-5.562312901020050049e-03,-7.060284167528152466e-02,9.816167354583740234e-01,-4.578579068183898926e-01,4.152170121669769287e-01,-8.200367056791105225e-02,9.574543272474232980e-01,-4.555518715609805924e-01,4.163324065202533286e-01
-9.855709969997406006e-03,1.073832809925079346e-02,1.723045110702514648e-02,-3.170818090438842773e-04,-1.066788285970687866e-02,-5.570929497480392456e-03,-7.104305922985076904e-02,9.817069172859191895e-01,-4.578478634357452393e-01,4.152082800865173340e-01,-8.244600480798834619e-02,9.574580094566844668e-01,-4.555530539103230803e-01,4.163350734131773256e-01
-9.854294359683990479e-03,1.074527017772197723e-02,1.722773164510726929e-02,-3.247261047363281250e-04,-1.067660003900527954e-02,-5.579601973295211792e-03,-7.148455083370208740e-02,9.817956089973449707e-01,-4.578381180763244629e-01,4.151988923549652100e-01,-8.288825520589333806e-02,9.574616329090478439e-01,-4.555542205718043913e-01,4.163377335019899372e-01
-9.852938354015350342e-03,1.075222343206405640e-02,1.722505688667297363e-02,-3.323592245578765869e-04,-1.068536192178726196e-02,-5.588211119174957275e-03,-7.192374020814895630e-02,9.818872809410095215e-01,-4.578293859958648682e-01,4.151917695999145508e-01,-8.333042179397943949e-02,9.574651972470141770e-01,-4.555553715581868723e-01,4.163403867914448608e-01
-9.851507842540740967e-03,1.075917482376098633e-02,1.722231507301330566e-02,-3.400072455406188965e-04,-1.069410145282745361e-02,-5.596823990345001221e-03,-7.236476987600326538e-02,9.819751977920532227e-01,-4.578182399272918701e-01,4.151828885078430176e-01,-8.377250335831774863e-02,9.574687646777286787e-01,-4.555565162312769645e-01,4.163430389057157233e-01
-9.850114583969116211e-03,1.076615229249000549e-02,1.721959188580513000e-02,-3.476440906524658203e-04,-1.070284843444824219e-02,-5.605455487966537476e-03,-7.280579954385757446e-02,9.820653796195983887e-01,-4.578079283237457275e-01,4.151738286018371582e-01,-8.421449387603852088e-02,9.574726389031329443e-01,-4.555577000282781674e-01,4.163457171527915612e-01
-9.848766028881072998e-03,1.077312231063842773e-02,1.721689850091934204e-02,-3.552660346031188965e-04,-1.071158796548843384e-02,-5.614049732685089111e-03,-7.324502617120742798e-02,9.821570515632629395e-01,-4.577983617782592773e-01,4.151656627655029297e-01,-8.465640025343409980e-02,9.574764745424526602e-01,-4.555588713933846901e-01,4.163483905408741914e-01
-9.847342967987060547e-03,1.078007556498050690e-02,1.721414923667907715e-02,-3.629028797149658203e-04,-1.072034984827041626e-02,-5.622677505016326904e-03,-7.368583977222442627e-02,9.822454452514648438e-01,-4.577877819538116455e-01,4.151568710803985596e-01,-8.509822251385947001e-02,9.574802716961253735e-01,-4.555600304053520344e-01,4.163510591141563189e-01
-9.845934808254241943e-03,1.078702509403228760e-02,1.721142604947090149e-02,-3.705173730850219727e-04,-1.072911173105239868e-02,-5.631316453218460083e-03,-7.412583380937576294e-02,9.823349118232727051e-01,-4.577782154083251953e-01,4.151484966278076172e-01,-8.553996068072966530e-02,9.574840304612693975e-01,-4.555611771421864131e-01,4.163537229163608022e-01
-9.844578802585601807e-03,1.079400442540645599e-02,1.720872148871421814e-02,-3.781467676162719727e-04,-1.073785871267318726e-02,-5.639914423227310181e-03,-7.456564903259277344e-02,9.824264049530029297e-01,-4.577683508396148682e-01,4.151400923728942871e-01,-8.598161477750379533e-02,9.574877509317178959e-01,-4.555623116811440831e-01,4.163563819906694885e-01
-9.843178093433380127e-03,1.080096140503883362e-02,1.720597222447395325e-02,-3.857649862766265869e-04,-1.074663549661636353e-02,-5.648508667945861816e-03,-7.500512897968292236e-02,9.825155735015869141e-01,-4.577578604221343994e-01,4.151319265365600586e-01,-8.642318482769288657e-02,9.574914331980112214e-01,-4.555634340987318454e-01,4.163590363797778915e-01
-9.841784834861755371e-03,1.080793701112270355e-02,1.720322296023368835e-02,-3.934018313884735107e-04,-1.075539737939834595e-02,-5.657147616147994995e-03,-7.544615864753723145e-02,9.826051592826843262e-01,-4.577474594116210938e-01,4.151226580142974854e-01,-8.686467085486836159e-02,9.574950773473436261e-01,-4.555645444707068226e-01,4.163616861258699342e-01
-9.840421378612518311e-03,1.081488840281963348e-02,1.720049604773521423e-02,-4.009976983070373535e-04,-1.076418161392211914e-02,-5.665730684995651245e-03,-7.588415592908859253e-02,9.826958775520324707e-01,-4.577381610870361328e-01,4.151152372360229492e-01,-8.730607288264700949e-02,9.574986834636168842e-01,-4.555656428720763484e-01,4.163643312706210575e-01
-9.839028120040893555e-03,1.082187145948410034e-02,1.719773188233375549e-02,-4.086196422576904297e-04,-1.077296584844589233e-02,-5.674324929714202881e-03,-7.632426917552947998e-02,9.827854633331298828e-01,-4.577272236347198486e-01,4.151063561439514160e-01,-8.774739093469421936e-02,9.575022516273981044e-01,-4.555667293770983006e-01,4.163669718552031607e-01
-9.837642312049865723e-03,1.082885637879371643e-02,1.719497516751289368e-02,-4.162192344665527344e-04,-1.078175008296966553e-02,-5.682915449142456055e-03,-7.676366716623306274e-02,9.828757643699645996e-01,-4.577164649963378906e-01,4.150976836681365967e-01,-8.818862503473091918e-02,9.575057819159729089e-01,-4.555678040592807676e-01,4.163696079202836575e-01
-9.836249053478240967e-03,1.083580031991004944e-02,1.719219237565994263e-02,-4.238411784172058105e-04,-1.079055666923522949e-02,-5.691505968570709229e-03,-7.720265537500381470e-02,9.829640984535217285e-01,-4.577061831951141357e-01,4.150897264480590820e-01,-8.862977520653277097e-02,9.575092744032318581e-01,-4.555688669913822708e-01,4.163722395060193704e-01
-9.834885597229003906e-03,1.084279641509056091e-02,1.718942075967788696e-02,-4.314407706260681152e-04,-1.079932600259780884e-02,-5.700115114450454712e-03,-7.764241099357604980e-02,9.830548167228698730e-01,-4.576955139636993408e-01,4.150799810886383057e-01,-8.907084147392159423e-02,9.575127291597763657e-01,-4.555699182454118756e-01,4.163748666520595831e-01
-9.833477437496185303e-03,1.084975525736808777e-02,1.718667894601821899e-02,-4.390478134155273438e-04,-1.080815494060516357e-02,-5.708690732717514038e-03,-7.808117568492889404e-02,9.831444621086120605e-01,-4.576855301856994629e-01,4.150731861591339111e-01,-8.951182386077309594e-02,9.575161462528545275e-01,-4.555709578926284697e-01,4.163774893975500935e-01
