4.223011434078216553e-02,1.981536448001861572e-01,-2.292975783348083496e-02,1.096860170364379883e-01
4.656944423913955688e-02,1.963329613208770752e-01,-2.128756046295166016e-02,1.064405441284179688e-01
5.038532614707946777e-02,1.947694122791290283e-01,-1.971322298049926758e-02,1.031914949417114258e-01
5.371943116188049316e-02,1.934397816658020020e-01,-1.821047067642211914e-02,9.994125366210937500e-02
5.661043524742126465e-02,1.923213303089141846e-01,-1.678243279457092285e-02,9.669083356857299805e-02
5.909375846385955811e-02,1.913931667804718018e-01,-1.543229818344116211e-02,9.344172477722167969e-02
6.120488047599792480e-02,1.906344294548034668e-01,-1.416042447090148926e-02,9.019684791564941406e-02
6.297576427459716797e-02,1.900274157524108887e-01,-1.297023892402648926e-02,8.695626258850097656e-02
6.443636119365692139e-02,1.895531862974166870e-01,-1.186114549636840820e-02,8.372277021408081055e-02
6.561374664306640625e-02,1.891953200101852417e-01,-1.083248853683471680e-02,8.049756288528442383e-02
6.653580069541931152e-02,1.889405846595764160e-01,-9.886771440505981445e-03,7.728141546249389648e-02
6.722533702850341797e-02,1.887707561254501343e-01,-9.021133184432983398e-03,7.407695055007934570e-02
6.770546734333038330e-02,1.886741667985916138e-01,-8.234947919845581055e-03,7.088547945022583008e-02
6.799811124801635742e-02,1.886409372091293335e-01,-7.529497146606445312e-03,6.770646572113037109e-02
6.812174618244171143e-02,1.886550784111022949e-01,-6.900966167449951172e-03,6.454408168792724609e-02
6.809543073177337646e-02,1.887088567018508911e-01,-6.349027156829833984e-03,6.139755249023437500e-02
6.793645024299621582e-02,1.887947171926498413e-01,-5.874097347259521484e-03,5.826818943023681641e-02
6.765767931938171387e-02,1.888992637395858765e-01,-5.470991134643554688e-03,5.515813827514648438e-02
6.727698445320129395e-02,1.890183389186859131e-01,-5.140781402587890625e-03,5.206882953643798828e-02
6.680634617805480957e-02,1.891445368528366089e-01,-4.881918430328369141e-03,4.899924993515014648e-02
6.625875830650329590e-02,1.892706006765365601e-01,-4.691511392593383789e-03,4.595226049423217773e-02
6.564471125602722168e-02,1.893894374370574951e-01,-4.566788673400878906e-03,4.292845726013183594e-02
6.497484445571899414e-02,1.894961744546890259e-01,-4.506349563598632812e-03,3.992903232574462891e-02
6.425860524177551270e-02,1.895855814218521118e-01,-4.507720470428466797e-03,3.695493936538696289e-02
6.350415945053100586e-02,1.896528750658035278e-01,-4.568010568618774414e-03,3.400677442550659180e-02
6.272095441818237305e-02,1.896941512823104858e-01,-4.685401916503906250e-03,3.108662366867065430e-02
6.191515922546386719e-02,1.897066533565521240e-01,-4.858046770095825195e-03,2.819383144378662109e-02
6.109383702278137207e-02,1.896874010562896729e-01,-5.083948373794555664e-03,2.532970905303955078e-02
6.026327610015869141e-02,1.896334141492843628e-01,-5.360543727874755859e-03,2.249532938003540039e-02
5.942985415458679199e-02,1.895427405834197998e-01,-5.685687065124511719e-03,1.969075202941894531e-02
5.859786272048950195e-02,1.894140839576721191e-01,-6.058424711227416992e-03,1.691627502441406250e-02
5.777224898338317871e-02,1.892448812723159790e-01,-6.475657224655151367e-03,1.417338848114013672e-02
5.695495009422302246e-02,1.890321820974349976e-01,-6.932049989700317383e-03,1.146286725997924805e-02
5.615079402923583984e-02,1.887755542993545532e-01,-7.429063320159912109e-03,8.784234523773193359e-03
5.536371469497680664e-02,1.884754449129104614e-01,-7.962584495544433594e-03,6.139338016510009766e-03
5.459606647491455078e-02,1.881287693977355957e-01,-8.531689643859863281e-03,3.527343273162841797e-03
5.385032296180725098e-02,1.877385675907135010e-01,-9.134113788604736328e-03,9.491443634033203125e-04
5.312821269035339355e-02,1.873015761375427246e-01,-9.767413139343261719e-03,-1.595199108123779297e-03
5.243089795112609863e-02,1.868176460266113281e-01,-1.042863726615905762e-02,-4.104375839233398438e-03
5.176138877868652344e-02,1.862886548042297363e-01,-1.111724972724914551e-02,-6.579220294952392578e-03
5.112099647521972656e-02,1.857134997844696045e-01,-1.183134317398071289e-02,-9.018540382385253906e-03
5.051124095916748047e-02,1.850938796997070312e-01,-1.256880164146423340e-02,-1.142299175262451172e-02
4.993227124214172363e-02,1.844303011894226074e-01,-1.332858204841613770e-02,-1.379209756851196289e-02
4.938325285911560059e-02,1.837207376956939697e-01,-1.410597562789916992e-02,-1.612502336502075195e-02
4.886612296104431152e-02,1.829679310321807861e-01,-1.490128040313720703e-02,-1.842218637466430664e-02
4.838180541992187500e-02,1.821721792221069336e-01,-1.571306586265563965e-02,-2.068328857421875000e-02
4.793030023574829102e-02,1.813353896141052246e-01,-1.653999090194702148e-02,-2.290886640548706055e-02
4.751169681549072266e-02,1.804579496383666992e-01,-1.738017797470092773e-02,-2.509838342666625977e-02
4.712456464767456055e-02,1.795403659343719482e-01,-1.823171973228454590e-02,-2.725154161453247070e-02
4.676958918571472168e-02,1.785832047462463379e-01,-1.909193396568298340e-02,-2.936863899230957031e-02
4.644641280174255371e-02,1.775883138179779053e-01,-1.996174454689025879e-02,-3.144979476928710938e-02
4.615494608879089355e-02,1.765575110912322998e-01,-2.083784341812133789e-02,-3.349471092224121094e-02
4.589515924453735352e-02,1.754923760890960693e-01,-2.172112464904785156e-02,-3.550416231155395508e-02
4.566657543182373047e-02,1.743929684162139893e-01,-2.260869741439819336e-02,-3.747773170471191406e-02
4.546630382537841797e-02,1.732597649097442627e-01,-2.350029349327087402e-02,-3.941529989242553711e-02
4.529553651809692383e-02,1.720966398715972900e-01,-2.439397573471069336e-02,-4.131710529327392578e-02
4.515457153320312500e-02,1.709031164646148682e-01,-2.528864145278930664e-02,-4.318350553512573242e-02
4.504087567329406738e-02,1.696810424327850342e-01,-2.618393301963806152e-02,-4.501450061798095703e-02
4.495444893836975098e-02,1.684314906597137451e-01,-2.707874774932861328e-02,-4.681068658828735352e-02
4.489427804946899414e-02,1.671558916568756104e-01,-2.797278761863708496e-02,-4.857206344604492188e-02
4.485943913459777832e-02,1.658563911914825439e-01,-2.886289358139038086e-02,-5.029886960983276367e-02
4.484927654266357422e-02,1.645340621471405029e-01,-2.975118160247802734e-02,-5.199074745178222656e-02
4.486331343650817871e-02,1.631896793842315674e-01,-3.063473105430603027e-02,-5.364865064620971680e-02
4.489994049072265625e-02,1.618247330188751221e-01,-3.151360154151916504e-02,-5.527299642562866211e-02
4.495769739151000977e-02,1.604411303997039795e-01,-3.238755464553833008e-02,-5.686336755752563477e-02
4.503720998764038086e-02,1.590386331081390381e-01,-3.325471282005310059e-02,-5.842036008834838867e-02
4.513567686080932617e-02,1.576203405857086182e-01,-3.411453962326049805e-02,-5.994415283203125000e-02
4.525363445281982422e-02,1.561865508556365967e-01,-3.496631979942321777e-02,-6.143468618392944336e-02
4.538851976394653320e-02,1.547387540340423584e-01,-3.581035137176513672e-02,-6.289273500442504883e-02
4.554134607315063477e-02,1.532770097255706787e-01,-3.664556145668029785e-02,-6.431859731674194336e-02
4.570811986923217773e-02,1.518041193485260010e-01,-3.747060894966125488e-02,-6.571191549301147461e-02
4.589009284973144531e-02,1.503199636936187744e-01,-3.828525543212890625e-02,-6.707394123077392578e-02
4.608511924743652344e-02,1.488266289234161377e-01,-3.908899426460266113e-02,-6.840401887893676758e-02
4.629254341125488281e-02,1.473241746425628662e-01,-3.988122940063476562e-02,-6.970244646072387695e-02
4.651087522506713867e-02,1.458131372928619385e-01,-4.066050052642822266e-02,-7.097023725509643555e-02
4.673868417739868164e-02,1.442969143390655518e-01,-4.142832756042480469e-02,-7.220751047134399414e-02
4.698216915130615234e-02,1.427770555019378662e-01,-4.218736290931701660e-02,-7.341474294662475586e-02
4.723417758941650391e-02,1.412547528743743896e-01,-4.293513298034667969e-02,-7.459330558776855469e-02
4.749608039855957031e-02,1.397285163402557373e-01,-4.367056488990783691e-02,-7.574206590652465820e-02
4.776537418365478516e-02,1.382010877132415771e-01,-4.439371824264526367e-02,-7.686245441436767578e-02
4.804211854934692383e-02,1.366725862026214600e-01,-4.510384798049926758e-02,-7.795327901840209961e-02
4.832565784454345703e-02,1.351442635059356689e-01,-4.580119252204895020e-02,-7.901674509048461914e-02
4.861521720886230469e-02,1.336174905300140381e-01,-4.648584127426147461e-02,-8.005183935165405273e-02
4.890942573547363281e-02,1.320927441120147705e-01,-4.715755581855773926e-02,-8.105897903442382812e-02
4.920846223831176758e-02,1.305706799030303955e-01,-4.781600832939147949e-02,-8.203923702239990234e-02
4.951101541519165039e-02,1.290515363216400146e-01,-4.846030473709106445e-02,-8.299309015274047852e-02
4.981660842895507812e-02,1.275367438793182373e-01,-4.909253120422363281e-02,-8.391964435577392578e-02
5.012607574462890625e-02,1.260285079479217529e-01,-4.971197247505187988e-02,-8.482098579406738281e-02
5.043876171112060547e-02,1.245259344577789307e-01,-5.031824111938476562e-02,-8.569633960723876953e-02
5.075210332870483398e-02,1.230299770832061768e-01,-5.091115832328796387e-02,-8.654701709747314453e-02
5.106717348098754883e-02,1.215408742427825928e-01,-5.149084329605102539e-02,-8.737218379974365234e-02
5.138224363327026367e-02,1.200601756572723389e-01,-5.205869674682617188e-02,-8.817267417907714844e-02
5.169838666915893555e-02,1.185880005359649658e-01,-5.261176824569702148e-02,-8.894932270050048828e-02
5.201357603073120117e-02,1.171250641345977783e-01,-5.315282940864562988e-02,-8.970129489898681641e-02
5.232769250869750977e-02,1.156714260578155518e-01,-5.368113517761230469e-02,-9.043002128601074219e-02
5.264091491699218750e-02,1.142276227474212646e-01,-5.419486761093139648e-02,-9.113603830337524414e-02
5.295276641845703125e-02,1.127947866916656494e-01,-5.469673871994018555e-02,-9.181880950927734375e-02
5.326229333877563477e-02,1.113729178905487061e-01,-5.518588423728942871e-02,-9.247922897338867188e-02
5.357199907302856445e-02,1.099639832973480225e-01,-5.566415190696716309e-02,-9.311783313751220703e-02
5.387890338897705078e-02,1.085666120052337646e-01,-5.613029003143310547e-02,-9.373438358306884766e-02
5.418336391448974609e-02,1.071813404560089111e-01,-5.658465623855590820e-02,-9.433084726333618164e-02
5.448490381240844727e-02,1.058099567890167236e-01,-5.702677369117736816e-02,-9.490519762039184570e-02
5.478376150131225586e-02,1.044511497020721436e-01,-5.745714902877807617e-02,-9.545898437500000000e-02
5.507910251617431641e-02,1.031058132648468018e-01,-5.787613987922668457e-02,-9.599280357360839844e-02
5.537158250808715820e-02,1.017734706401824951e-01,-5.828392505645751953e-02,-9.650647640228271484e-02
5.565911531448364258e-02,1.004557311534881592e-01,-5.867972970008850098e-02,-9.700059890747070312e-02
5.594366788864135742e-02,9.915235638618469238e-02,-5.906620621681213379e-02,-9.747523069381713867e-02
5.622398853302001953e-02,9.786233305931091309e-02,-5.944007635116577148e-02,-9.793055057525634766e-02
5.650025606155395508e-02,9.658744931221008301e-02,-5.980440974235534668e-02,-9.836727380752563477e-02
5.677318572998046875e-02,9.532853960990905762e-02,-6.015875935554504395e-02,-9.878611564636230469e-02
5.704122781753540039e-02,9.408310055732727051e-02,-6.050372123718261719e-02,-9.918618202209472656e-02
5.730623006820678711e-02,9.285387396812438965e-02,-6.083801388740539551e-02,-9.957015514373779297e-02
5.756628513336181641e-02,9.163990616798400879e-02,-6.116369366645812988e-02,-9.993559122085571289e-02
5.782228708267211914e-02,9.044072031974792480e-02,-6.147980690002441406e-02,-1.002843379974365234e-01
5.807352066040039062e-02,8.925649523735046387e-02,-6.178650259971618652e-02,-1.006157994270324707e-01
5.832052230834960938e-02,8.808812499046325684e-02,-6.208422780036926270e-02,-1.009306311607360840e-01
5.856251716613769531e-02,8.693489432334899902e-02,-6.237325072288513184e-02,-1.012293100357055664e-01
5.880010128021240234e-02,8.579710125923156738e-02,-6.265348196029663086e-02,-1.015120744705200195e-01
5.903291702270507812e-02,8.467480540275573730e-02,-6.292524933815002441e-02,-1.017792224884033203e-01
5.926096439361572266e-02,8.356699347496032715e-02,-6.318888068199157715e-02,-1.020308136940002441e-01
5.948501825332641602e-02,8.247527480125427246e-02,-6.344616413116455078e-02,-1.022678017616271973e-01
5.970591306686401367e-02,8.139845728874206543e-02,-6.369546055793762207e-02,-1.024897098541259766e-01
5.992221832275390625e-02,8.033725619316101074e-02,-6.393742561340332031e-02,-1.026965975761413574e-01
6.013351678848266602e-02,7.929095625877380371e-02,-6.417164206504821777e-02,-1.028899550437927246e-01
6.034165620803833008e-02,7.825967669486999512e-02,-6.440010666847229004e-02,-1.030681729316711426e-01
6.054449081420898438e-02,7.724294066429138184e-02,-6.462106108665466309e-02,-1.032341718673706055e-01
6.074398756027221680e-02,7.624152302742004395e-02,-6.483599543571472168e-02,-1.033855080604553223e-01
6.093907356262207031e-02,7.525500655174255371e-02,-6.504452228546142578e-02,-1.035234332084655762e-01
6.112992763519287109e-02,7.428202033042907715e-02,-6.524673104286193848e-02,-1.036481857299804688e-01
6.131696701049804688e-02,7.332417368888854980e-02,-6.544277071952819824e-02,-1.037603020668029785e-01
6.150072813034057617e-02,7.237926125526428223e-02,-6.563332676887512207e-02,-1.038594245910644531e-01
6.168138980865478516e-02,7.144907116889953613e-02,-6.581950187683105469e-02,-1.039468646049499512e-01
6.185913085937500000e-02,7.053253054618835449e-02,-6.599995493888854980e-02,-1.040216088294982910e-01
6.203204393386840820e-02,6.963005661964416504e-02,-6.617540121078491211e-02,-1.040846109390258789e-01
6.220239400863647461e-02,6.874027848243713379e-02,-6.634601950645446777e-02,-1.041356325149536133e-01
6.237047910690307617e-02,6.786426901817321777e-02,-6.651222705841064453e-02,-1.041758060455322266e-01
6.253445148468017578e-02,6.700047850608825684e-02,-6.667378544807434082e-02,-1.042039394378662109e-01
6.269657611846923828e-02,6.614908576011657715e-02,-6.683138012886047363e-02,-1.042207479476928711e-01
6.285518407821655273e-02,6.531074643135070801e-02,-6.698468327522277832e-02,-1.042271852493286133e-01
6.301134824752807617e-02,6.448480486869812012e-02,-6.713420152664184570e-02,-1.042214632034301758e-01
6.316477060317993164e-02,6.367030739784240723e-02,-6.727907061576843262e-02,-1.042069792747497559e-01
6.331634521484375000e-02,6.286737322807312012e-02,-6.742158532142639160e-02,-1.041817069053649902e-01
6.346577405929565430e-02,6.207612156867980957e-02,-6.755980849266052246e-02,-1.041458249092102051e-01
6.361389160156250000e-02,6.129595637321472168e-02,-6.769606471061706543e-02,-1.040998697280883789e-01
6.376004219055175781e-02,6.052657961845397949e-02,-6.782832741737365723e-02,-1.040443181991577148e-01
6.390398740768432617e-02,5.976834893226623535e-02,-6.795886158943176270e-02,-1.039786338806152344e-01
6.404674053192138672e-02,5.901935696601867676e-02,-6.808564066886901855e-02,-1.039045453071594238e-01
6.418824195861816406e-02,5.828115344047546387e-02,-6.821003556251525879e-02,-1.038205623626708984e-01
6.432801485061645508e-02,5.755260586738586426e-02,-6.833148002624511719e-02,-1.037268638610839844e-01
6.446701288223266602e-02,5.683335661888122559e-02,-6.845077872276306152e-02,-1.036252975463867188e-01
6.460499763488769531e-02,5.612322688102722168e-02,-6.856846809387207031e-02,-1.035137772560119629e-01
6.474226713180541992e-02,5.542162060737609863e-02,-6.868386268615722656e-02,-1.033937335014343262e-01
6.487816572189331055e-02,5.472919344902038574e-02,-6.879672408103942871e-02,-1.032657623291015625e-01
6.501489877700805664e-02,5.404457449913024902e-02,-6.890884041786193848e-02,-1.031290888786315918e-01
6.515067815780639648e-02,5.336824059486389160e-02,-6.901898980140686035e-02,-1.029839515686035156e-01
6.528639793395996094e-02,5.269905924797058105e-02,-6.912750005722045898e-02,-1.028307676315307617e-01
6.542223691940307617e-02,5.203810334205627441e-02,-6.923460960388183594e-02,-1.026700139045715332e-01
6.555849313735961914e-02,5.138429999351501465e-02,-6.934070587158203125e-02,-1.025010943412780762e-01
6.569492816925048828e-02,5.073657631874084473e-02,-6.944569945335388184e-02,-1.023248434066772461e-01
6.583064794540405273e-02,5.009588599205017090e-02,-6.954902410507202148e-02,-1.021404862403869629e-01
6.596785783767700195e-02,4.946073889732360840e-02,-6.965145468711853027e-02,-1.019490957260131836e-01
6.610602140426635742e-02,4.883214831352233887e-02,-6.975296139717102051e-02,-1.017502546310424805e-01
6.624466180801391602e-02,4.820850491523742676e-02,-6.985372304916381836e-02,-1.015442609786987305e-01
6.638354063034057617e-02,4.759100079536437988e-02,-6.995373964309692383e-02,-1.013311147689819336e-01
6.652480363845825195e-02,4.697784781455993652e-02,-7.005348801612854004e-02,-1.011108160018920898e-01
6.666707992553710938e-02,4.636994004249572754e-02,-7.015240192413330078e-02,-1.008843183517456055e-01
6.681028008460998535e-02,4.576614499092102051e-02,-7.025101780891418457e-02,-1.006503105163574219e-01
6.695547699928283691e-02,4.516658186912536621e-02,-7.034933567047119141e-02,-1.004105806350708008e-01
6.710219383239746094e-02,4.457089304924011230e-02,-7.044720649719238281e-02,-1.001635789871215820e-01
6.725090742111206055e-02,4.397889971733093262e-02,-7.054477930068969727e-02,-9.991061687469482422e-02
6.740114092826843262e-02,4.339042305946350098e-02,-7.064282894134521484e-02,-9.965163469314575195e-02
6.755337119102478027e-02,4.280462861061096191e-02,-7.073962688446044922e-02,-9.938609600067138672e-02
6.770783662796020508e-02,4.222199320793151855e-02,-7.083731889724731445e-02,-9.911423921585083008e-02
6.786429882049560547e-02,4.164114594459533691e-02,-7.093429565429687500e-02,-9.883654117584228516e-02
6.802359223365783691e-02,4.106339812278747559e-02,-7.103198766708374023e-02,-9.855324029922485352e-02
6.818547844886779785e-02,4.048702120780944824e-02,-7.112962007522583008e-02,-9.826421737670898438e-02
6.834980845451354980e-02,3.991279006004333496e-02,-7.122766971588134766e-02,-9.796929359436035156e-02
6.851693987846374512e-02,3.933969140052795410e-02,-7.132536172866821289e-02,-9.766870737075805664e-02
6.868621706962585449e-02,3.876820206642150879e-02,-7.142367959022521973e-02,-9.736245870590209961e-02
6.885915994644165039e-02,3.819724917411804199e-02,-7.152247428894042969e-02,-9.705126285552978516e-02
6.903460621833801270e-02,3.762719035148620605e-02,-7.162144780158996582e-02,-9.673428535461425781e-02
6.921368837356567383e-02,3.705736994743347168e-02,-7.172071933746337891e-02,-9.641242027282714844e-02
6.939545273780822754e-02,3.648808598518371582e-02,-7.182031869888305664e-02,-9.608507156372070312e-02
6.958052515983581543e-02,3.591868281364440918e-02,-7.192018628120422363e-02,-9.575277566909790039e-02
6.976842880249023438e-02,3.534880280494689941e-02,-7.202047109603881836e-02,-9.541547298431396484e-02
6.996026635169982910e-02,3.477880358695983887e-02,-7.212135195732116699e-02,-9.507304430007934570e-02
7.015579938888549805e-02,3.420779109001159668e-02,-7.222315669059753418e-02,-9.472596645355224609e-02
7.035511732101440430e-02,3.363636136054992676e-02,-7.232502102851867676e-02,-9.437417984008789062e-02
7.055774331092834473e-02,3.306308388710021973e-02,-7.242807745933532715e-02,-9.401762485504150391e-02
7.076391577720642090e-02,3.248926997184753418e-02,-7.253122329711914062e-02,-9.365624189376831055e-02
7.097399234771728516e-02,3.191372752189636230e-02,-7.263490557670593262e-02,-9.329056739807128906e-02
7.118788361549377441e-02,3.133609890937805176e-02,-7.273909449577331543e-02,-9.292006492614746094e-02
7.140597701072692871e-02,3.075680136680603027e-02,-7.284396886825561523e-02,-9.254574775695800781e-02
7.162776589393615723e-02,3.017562627792358398e-02,-7.294926047325134277e-02,-9.216666221618652344e-02
7.185316085815429688e-02,2.959170937538146973e-02,-7.305556535720825195e-02,-9.178310632705688477e-02
7.208311557769775391e-02,2.900531888008117676e-02,-7.316204905509948730e-02,-9.139537811279296875e-02
7.231688499450683594e-02,2.841672301292419434e-02,-7.326892018318176270e-02,-9.100359678268432617e-02
7.255509495735168457e-02,2.782484889030456543e-02,-7.337695360183715820e-02,-9.060764312744140625e-02
7.279706001281738281e-02,2.723026275634765625e-02,-7.348528504371643066e-02,-9.020823240280151367e-02
7.304435968399047852e-02,2.663242816925048828e-02,-7.359457015991210938e-02,-8.980381488800048828e-02
7.329520583152770996e-02,2.603098750114440918e-02,-7.370412349700927734e-02,-8.939635753631591797e-02
7.355055212974548340e-02,2.542668581008911133e-02,-7.381454110145568848e-02,-8.898460865020751953e-02
7.381030917167663574e-02,2.481848001480102539e-02,-7.392561435699462891e-02,-8.856892585754394531e-02
7.407459616661071777e-02,2.420619130134582520e-02,-7.403722405433654785e-02,-8.815014362335205078e-02
7.434278726577758789e-02,2.359032630920410156e-02,-7.414913177490234375e-02,-8.772742748260498047e-02
7.461625337600708008e-02,2.297061681747436523e-02,-7.426181435585021973e-02,-8.730083703994750977e-02
7.489374279975891113e-02,2.234661579132080078e-02,-7.437488436698913574e-02,-8.687090873718261719e-02
7.517567276954650879e-02,2.171790599822998047e-02,-7.448846101760864258e-02,-8.643698692321777344e-02
7.546252012252807617e-02,2.108505368232727051e-02,-7.460260391235351562e-02,-8.600020408630371094e-02
7.575365900993347168e-02,2.044776082038879395e-02,-7.471817731857299805e-02,-8.556020259857177734e-02
7.604953646659851074e-02,1.980569958686828613e-02,-7.483309507369995117e-02,-8.511596918106079102e-02
7.635015249252319336e-02,1.915878057479858398e-02,-7.494881749153137207e-02,-8.466917276382446289e-02
7.665535807609558105e-02,1.850709319114685059e-02,-7.506537437438964844e-02,-8.421874046325683594e-02
7.696491479873657227e-02,1.785051822662353516e-02,-7.518196105957031250e-02,-8.376520872116088867e-02
7.727929949760437012e-02,1.718875765800476074e-02,-7.529926300048828125e-02,-8.330833911895751953e-02
7.759854197502136230e-02,1.652222871780395508e-02,-7.541710138320922852e-02,-8.284878730773925781e-02
7.792228460311889648e-02,1.584994792938232422e-02,-7.553496956825256348e-02,-8.238595724105834961e-02
7.825073599815368652e-02,1.517248153686523438e-02,-7.565355300903320312e-02,-8.192014694213867188e-02
7.858330011367797852e-02,1.448985934257507324e-02,-7.577255368232727051e-02,-8.145111799240112305e-02
7.892134785652160645e-02,1.380145549774169922e-02,-7.589167356491088867e-02,-8.097958564758300781e-02
7.926350831985473633e-02,1.310759782791137695e-02,-7.601115107536315918e-02,-8.050465583801269531e-02
7.961064577102661133e-02,1.240810751914978027e-02,-7.613122463226318359e-02,-8.002787828445434570e-02
7.996249198913574219e-02,1.170343160629272461e-02,-7.625153660774230957e-02,-7.954776287078857422e-02
8.031892776489257812e-02,1.099228858947753906e-02,-7.637187838554382324e-02,-7.906460762023925781e-02
8.068025112152099609e-02,1.027575135231018066e-02,-7.649251818656921387e-02,-7.857924699783325195e-02
8.104577660560607910e-02,9.553194046020507812e-03,-7.661354541778564453e-02,-7.809084653854370117e-02
8.141589164733886719e-02,8.824825286865234375e-03,-7.673454284667968750e-02,-7.760012149810791016e-02
8.179089426994323730e-02,8.090794086456298828e-03,-7.685589790344238281e-02,-7.710659503936767578e-02
8.217012882232666016e-02,7.350653409957885742e-03,-7.697743177413940430e-02,-7.661092281341552734e-02
8.255422115325927734e-02,6.604254245758056641e-03,-7.709863781929016113e-02,-7.611256837844848633e-02
8.294296264648437500e-02,5.852073431015014648e-03,-7.722023129463195801e-02,-7.561171054840087891e-02
8.333617448806762695e-02,5.093514919281005859e-03,-7.734227180480957031e-02,-7.510864734649658203e-02
8.373346924781799316e-02,4.329204559326171875e-03,-7.746383547782897949e-02,-7.460296154022216797e-02
8.413571119308471680e-02,3.558844327926635742e-03,-7.758569717407226562e-02,-7.409483194351196289e-02
8.454242348670959473e-02,2.782046794891357422e-03,-7.770738005638122559e-02,-7.358473539352416992e-02
8.495330810546875000e-02,1.999616622924804688e-03,-7.782903313636779785e-02,-7.307237386703491211e-02
8.536866307258605957e-02,1.210600137710571289e-03,-7.795083522796630859e-02,-7.255810499191284180e-02
8.578866720199584961e-02,4.153847694396972656e-04,-7.807230949401855469e-02,-7.204145193099975586e-02
8.621278405189514160e-02,-3.859400749206542969e-04,-7.819372415542602539e-02,-7.152259349822998047e-02
8.664095401763916016e-02,-1.193284988403320312e-03,-7.831513881683349609e-02,-7.100200653076171875e-02
8.707386255264282227e-02,-2.006679773330688477e-03,-7.843640446662902832e-02,-7.047855854034423828e-02
8.751076459884643555e-02,-2.826690673828125000e-03,-7.855713367462158203e-02,-6.995391845703125000e-02
8.795207738876342773e-02,-3.652393817901611328e-03,-7.867783308029174805e-02,-6.942701339721679688e-02
8.839747309684753418e-02,-4.484444856643676758e-03,-7.879877090454101562e-02,-6.889832019805908203e-02
8.884730935096740723e-02,-5.322635173797607422e-03,-7.891878485679626465e-02,-6.836730241775512695e-02
8.930060267448425293e-02,-6.166964769363403320e-03,-7.903873920440673828e-02,-6.783515214920043945e-02
8.975833654403686523e-02,-7.017493247985839844e-03,-7.915836572647094727e-02,-6.730055809020996094e-02
9.021994471549987793e-02,-7.873833179473876953e-03,-7.927787303924560547e-02,-6.676453351974487305e-02
9.068581461906433105e-02,-8.736401796340942383e-03,-7.939666509628295898e-02,-6.622642278671264648e-02
9.115552902221679688e-02,-9.604960680007934570e-03,-7.951530814170837402e-02,-6.568717956542968750e-02
9.162914752960205078e-02,-1.047956943511962891e-02,-7.963320612907409668e-02,-6.514590978622436523e-02
9.210649132728576660e-02,-1.136010885238647461e-02,-7.975101470947265625e-02,-6.460309028625488281e-02
9.258806705474853516e-02,-1.224663853645324707e-02,-7.986816763877868652e-02,-6.405836343765258789e-02
9.307321906089782715e-02,-1.313889026641845703e-02,-7.998496294021606445e-02,-6.351232528686523438e-02
9.356194734573364258e-02,-1.403707265853881836e-02,-8.010113239288330078e-02,-6.296479701995849609e-02
9.405440092086791992e-02,-1.494148373603820801e-02,-8.021673560142517090e-02,-6.241571903228759766e-02
9.455090761184692383e-02,-1.585128903388977051e-02,-8.033204078674316406e-02,-6.186485290527343750e-02
9.505084156990051270e-02,-1.676687598228454590e-02,-8.044639229774475098e-02,-6.131309270858764648e-02
9.555411338806152344e-02,-1.768818497657775879e-02,-8.056035637855529785e-02,-6.075984239578247070e-02
9.606102108955383301e-02,-1.861500740051269531e-02,-8.067366480827331543e-02,-6.020486354827880859e-02
9.657120704650878906e-02,-1.954773068428039551e-02,-8.078619837760925293e-02,-5.964887142181396484e-02
9.708502888679504395e-02,-2.048581838607788086e-02,-8.089816570281982422e-02,-5.909132957458496094e-02
9.760218858718872070e-02,-2.142959833145141602e-02,-8.100947737693786621e-02,-5.853271484375000000e-02
9.812253713607788086e-02,-2.237859368324279785e-02,-8.111983537673950195e-02,-5.797278881072998047e-02
9.864640235900878906e-02,-2.333304286003112793e-02,-8.122944831848144531e-02,-5.741149187088012695e-02
9.917354583740234375e-02,-2.429294586181640625e-02,-8.133882284164428711e-02,-5.684924125671386719e-02
9.970360994338989258e-02,-2.525809407234191895e-02,-8.144688606262207031e-02,-5.628609657287597656e-02
1.002368628978729248e-01,-2.622833847999572754e-02,-8.155438303947448730e-02,-5.572140216827392578e-02
1.007730960845947266e-01,-2.720376849174499512e-02,-8.166116476058959961e-02,-5.515593290328979492e-02
1.013126373291015625e-01,-2.818447351455688477e-02,-8.176702260971069336e-02,-5.458939075469970703e-02
1.018548607826232910e-01,-2.916997671127319336e-02,-8.187192678451538086e-02,-5.402159690856933594e-02
1.024001836776733398e-01,-3.016045689582824707e-02,-8.197581768035888672e-02,-5.345278978347778320e-02
1.029482483863830566e-01,-3.115588426589965820e-02,-8.207899332046508789e-02,-5.288350582122802734e-02
1.034988164901733398e-01,-3.215596079826354980e-02,-8.218136429786682129e-02,-5.231279134750366211e-02
1.040526628494262695e-01,-3.316119313240051270e-02,-8.228254318237304688e-02,-5.174142122268676758e-02
1.046091318130493164e-01,-3.417077660560607910e-02,-8.238294720649719238e-02,-5.116915702819824219e-02
1.051679253578186035e-01,-3.518509864807128906e-02,-8.248233795166015625e-02,-5.059611797332763672e-02
1.057298779487609863e-01,-3.620371222496032715e-02,-8.258077502250671387e-02,-5.002224445343017578e-02
1.062939167022705078e-01,-3.722712397575378418e-02,-8.267843723297119141e-02,-4.944753646850585938e-02
1.068604290485382080e-01,-3.825479745864868164e-02,-8.277463912963867188e-02,-4.887217283248901367e-02
1.074298918247222900e-01,-3.928673267364501953e-02,-8.287009596824645996e-02,-4.829609394073486328e-02
1.080008000135421753e-01,-4.032298922538757324e-02,-8.296442031860351562e-02,-4.771935939788818359e-02
1.085747480392456055e-01,-4.136323928833007812e-02,-8.305782079696655273e-02,-4.714196920394897461e-02
1.091512739658355713e-01,-4.240775108337402344e-02,-8.314996957778930664e-02,-4.656398296356201172e-02
1.097290962934494019e-01,-4.345601797103881836e-02,-8.324113488197326660e-02,-4.598528146743774414e-02
1.103095710277557373e-01,-4.450842738151550293e-02,-8.333119750022888184e-02,-4.540592432022094727e-02
1.108924448490142822e-01,-4.556462168693542480e-02,-8.342006802558898926e-02,-4.482626914978027344e-02
1.114772558212280273e-01,-4.662448167800903320e-02,-8.350798487663269043e-02,-4.424607753753662109e-02
1.120636761188507080e-01,-4.768815636634826660e-02,-8.359462022781372070e-02,-4.366540908813476562e-02
1.126525700092315674e-01,-4.875534772872924805e-02,-8.368012309074401855e-02,-4.308426380157470703e-02
1.132430732250213623e-01,-4.982602596282958984e-02,-8.376449346542358398e-02,-4.250270128250122070e-02
1.138353496789932251e-01,-5.090019106864929199e-02,-8.384764194488525391e-02,-4.192060232162475586e-02
1.144296228885650635e-01,-5.197769403457641602e-02,-8.392965793609619141e-02,-4.133844375610351562e-02
1.150256544351577759e-01,-5.305844545364379883e-02,-8.401045203208923340e-02,-4.075580835342407227e-02
1.156233549118041992e-01,-5.414232611656188965e-02,-8.408990502357482910e-02,-4.017269611358642578e-02
1.162225902080535889e-01,-5.522933602333068848e-02,-8.416840434074401855e-02,-3.958940505981445312e-02
1.168235391378402710e-01,-5.631938576698303223e-02,-8.424544334411621094e-02,-3.900581598281860352e-02
1.174257993698120117e-01,-5.741223692893981934e-02,-8.432149887084960938e-02,-3.842204809188842773e-02
1.180297732353210449e-01,-5.850812792778015137e-02,-8.439621329307556152e-02,-3.783804178237915039e-02
1.186352968215942383e-01,-5.960655212402343750e-02,-8.446976542472839355e-02,-3.725379705429077148e-02
1.192417442798614502e-01,-6.070786714553833008e-02,-8.454191684722900391e-02,-3.666937351226806641e-02
1.198500394821166992e-01,-6.181171536445617676e-02,-8.461290597915649414e-02,-3.608518838882446289e-02
1.204593777656555176e-01,-6.291782855987548828e-02,-8.468258380889892578e-02,-3.550034761428833008e-02
1.210698187351226807e-01,-6.402659416198730469e-02,-8.475092053413391113e-02,-3.491586446762084961e-02
1.216816008090972900e-01,-6.513756513595581055e-02,-8.481815457344055176e-02,-3.433108329772949219e-02
1.222945749759674072e-01,-6.625071167945861816e-02,-8.488392829895019531e-02,-3.374642133712768555e-02
1.229083240032196045e-01,-6.736630201339721680e-02,-8.494850993156433105e-02,-3.316152095794677734e-02
1.235233247280120850e-01,-6.848376989364624023e-02,-8.501172065734863281e-02,-3.257703781127929688e-02
1.241393834352493286e-01,-6.960308551788330078e-02,-8.507364988327026367e-02,-3.199243545532226562e-02
1.247560381889343262e-01,-7.072445750236511230e-02,-8.513426780700683594e-02,-3.140789270401000977e-02
1.253738999366760254e-01,-7.184773683547973633e-02,-8.519381284713745117e-02,-3.082334995269775391e-02
1.259925514459609985e-01,-7.297265529632568359e-02,-8.525177836418151855e-02,-3.023892641067504883e-02
1.266118735074996948e-01,-7.409906387329101562e-02,-8.530849218368530273e-02,-2.965462207794189453e-02
1.272321790456771851e-01,-7.522714138031005859e-02,-8.536395430564880371e-02,-2.907061576843261719e-02
1.278529018163681030e-01,-7.635667920112609863e-02,-8.541807532310485840e-02,-2.848696708679199219e-02
1.280811429023742676e-01,-7.677197456359863281e-02,-8.543753623962402344e-02,-2.827250957489013672e-02
1.280811429023742676e-01,-7.677197456359863281e-02,-8.543753623962402344e-02,-2.827250957489013672e-02
1.272657066583633423e-01,-7.556658983230590820e-02,-8.418151736259460449e-02,-2.822238206863403320e-02
1.240228712558746338e-01,-7.446077466011047363e-02,-8.128973841667175293e-02,-2.900120615959167480e-02
1.193449497222900391e-01,-7.417225837707519531e-02,-7.784980535507202148e-02,-3.051602840423583984e-02
1.140216439962387085e-01,-7.454925775527954102e-02,-7.431006431579589844e-02,-3.249639272689819336e-02
1.085164248943328857e-01,-7.546877861022949219e-02,-7.092031836509704590e-02,-3.476741909980773926e-02
1.031585037708282471e-01,-7.682406902313232422e-02,-6.784564256668090820e-02,-3.719830513000488281e-02
9.816302359104156494e-02,-7.852178812026977539e-02,-6.518240272998809814e-02,-3.969594836235046387e-02
9.361365437507629395e-02,-8.048221468925476074e-02,-6.295287609100341797e-02,-4.220589995384216309e-02
8.951242268085479736e-02,-8.263763785362243652e-02,-6.113651394844055176e-02,-4.469707608222961426e-02
8.583787083625793457e-02,-8.492830395698547363e-02,-5.970062315464019775e-02,-4.714801907539367676e-02
8.256638050079345703e-02,-8.730103075504302979e-02,-5.861186981201171875e-02,-4.954087734222412109e-02
7.968038320541381836e-02,-8.970728516578674316e-02,-5.784158408641815186e-02,-5.185952782630920410e-02
7.715183496475219727e-02,-9.210526943206787109e-02,-5.735597014427185059e-02,-5.409348011016845703e-02
7.493624091148376465e-02,-9.445956349372863770e-02,-5.711555480957031250e-02,-5.623731017112731934e-02
7.298873364925384521e-02,-9.674006700515747070e-02,-5.708202719688415527e-02,-5.828776955604553223e-02
7.128231227397918701e-02,-9.891894459724426270e-02,-5.722706764936447144e-02,-6.023991107940673828e-02
6.977564096450805664e-02,-1.009743809700012207e-01,-5.751673877239227295e-02,-6.209275126457214355e-02
6.843107938766479492e-02,-1.028879582881927490e-01,-5.792108178138732910e-02,-6.384602189064025879e-02
6.721296906471252441e-02,-1.046452969312667847e-01,-5.841214954853057861e-02,-6.550021469593048096e-02
6.609958410263061523e-02,-1.062326729297637939e-01,-5.896930396556854248e-02,-6.705459952354431152e-02
6.506283581256866455e-02,-1.076406091451644897e-01,-5.957052856683731079e-02,-6.850977241992950439e-02
6.408224999904632568e-02,-1.088611781597137451e-01,-6.019799038767814636e-02,-6.986649334430694580e-02
6.313867866992950439e-02,-1.098886728286743164e-01,-6.083580851554870605e-02,-7.112596929073333740e-02
6.221431493759155273e-02,-1.107193827629089355e-01,-6.146935746073722839e-02,-7.228951156139373779e-02
6.129442155361175537e-02,-1.113513857126235962e-01,-6.208615377545356750e-02,-7.335893809795379639e-02
6.036520004272460938e-02,-1.117840409278869629e-01,-6.267523765563964844e-02,-7.433608174324035645e-02
5.941502749919891357e-02,-1.120185405015945435e-01,-6.322704255580902100e-02,-7.522340118885040283e-02
5.843330919742584229e-02,-1.120567172765731812e-01,-6.373354792594909668e-02,-7.602295279502868652e-02
5.741120874881744385e-02,-1.119022518396377563e-01,-6.418777257204055786e-02,-7.673740386962890625e-02
5.634212493896484375e-02,-1.115587204694747925e-01,-6.458417326211929321e-02,-7.736907899379730225e-02
5.522155761718750000e-02,-1.110305786132812500e-01,-6.491853296756744385e-02,-7.792040705680847168e-02
5.404400825500488281e-02,-1.103234961628913879e-01,-6.518706679344177246e-02,-7.839412987232208252e-02
5.280581116676330566e-02,-1.094434335827827454e-01,-6.538687646389007568e-02,-7.879289984703063965e-02
5.150453746318817139e-02,-1.083969026803970337e-01,-6.551609933376312256e-02,-7.911948114633560181e-02
5.013856291770935059e-02,-1.071905866265296936e-01,-6.557349860668182373e-02,-7.937664538621902466e-02
4.870687425136566162e-02,-1.058317795395851135e-01,-6.555819511413574219e-02,-7.956709712743759155e-02
4.720905423164367676e-02,-1.043278425931930542e-01,-6.547031551599502563e-02,-7.969348132610321045e-02
4.564537107944488525e-02,-1.026863157749176025e-01,-6.530985236167907715e-02,-7.975859194993972778e-02
4.401741921901702881e-02,-1.009145528078079224e-01,-6.507798284292221069e-02,-7.976514101028442383e-02
4.232628643512725830e-02,-9.902030974626541138e-02,-6.477576494216918945e-02,-7.971566915512084961e-02
4.057377576828002930e-02,-9.701133519411087036e-02,-6.440451741218566895e-02,-7.961291074752807617e-02
3.876197338104248047e-02,-9.489521384239196777e-02,-6.396603584289550781e-02,-7.945932447910308838e-02
3.689339756965637207e-02,-9.267960488796234131e-02,-6.346240639686584473e-02,-7.925758510828018188e-02
3.497065603733062744e-02,-9.037221223115921021e-02,-6.289568543434143066e-02,-7.901023328304290771e-02
3.299649059772491455e-02,-8.798024058341979980e-02,-6.226830929517745972e-02,-7.871961593627929688e-02
3.097422420978546143e-02,-8.551114797592163086e-02,-6.158252805471420288e-02,-7.838805019855499268e-02
2.890682220458984375e-02,-8.297209441661834717e-02,-6.084107607603073120e-02,-7.801799476146697998e-02
2.679741382598876953e-02,-8.037005364894866943e-02,-6.004668772220611572e-02,-7.761172950267791748e-02
2.464945614337921143e-02,-7.771183550357818604e-02,-5.920217186212539673e-02,-7.717138528823852539e-02
2.246639132499694824e-02,-7.500417530536651611e-02,-5.830997973680496216e-02,-7.669912278652191162e-02
2.025160193443298340e-02,-7.225350290536880493e-02,-5.737300962209701538e-02,-7.619711011648178101e-02
1.800844073295593262e-02,-6.946588307619094849e-02,-5.639432370662689209e-02,-7.566714286804199219e-02
1.574040949344635010e-02,-6.664738059043884277e-02,-5.537642538547515869e-02,-7.511145621538162231e-02
1.345086097717285156e-02,-6.380380690097808838e-02,-5.432216823101043701e-02,-7.453171163797378540e-02
1.114310324192047119e-02,-6.094070523977279663e-02,-5.323442816734313965e-02,-7.392977923154830933e-02
8.820518851280212402e-03,-5.806314200162887573e-02,-5.211582779884338379e-02,-7.330740243196487427e-02
6.486341357231140137e-03,-5.517631024122238159e-02,-5.096901953220367432e-02,-7.266627252101898193e-02
4.143655300140380859e-03,-5.228503793478012085e-02,-4.979667067527770996e-02,-7.200796902179718018e-02
1.795575022697448730e-03,-4.939378052949905396e-02,-4.860118031501770020e-02,-7.133399695158004761e-02
-5.547702312469482422e-04,-4.650692641735076904e-02,-4.738512635231018066e-02,-7.064589112997055054e-02
-2.904623746871948242e-03,-4.362866282463073730e-02,-4.615090787410736084e-02,-6.994493305683135986e-02
-5.251318216323852539e-03,-4.076284170150756836e-02,-4.490070044994354248e-02,-6.923265755176544189e-02
-7.591828703880310059e-03,-3.791302442550659180e-02,-4.363703727722167969e-02,-6.851026415824890137e-02
-9.923830628395080566e-03,-3.508262336254119873e-02,-4.236184060573577881e-02,-6.777898967266082764e-02
-1.224476099014282227e-02,-3.227511048316955566e-02,-4.107716679573059082e-02,-6.703983992338180542e-02
-1.455223560333251953e-02,-2.949331700801849365e-02,-3.978514671325683594e-02,-6.629430502653121948e-02
-1.684401929378509521e-02,-2.674014866352081299e-02,-3.848773241043090820e-02,-6.554301083087921143e-02
-1.911801099777221680e-02,-2.401813864707946777e-02,-3.718648850917816162e-02,-6.478729844093322754e-02
-2.137207984924316406e-02,-2.132980525493621826e-02,-3.588339686393737793e-02,-6.402777880430221558e-02
-2.360443770885467529e-02,-1.867738366127014160e-02,-3.458005189895629883e-02,-6.326574087142944336e-02
-2.581305801868438721e-02,-1.606298983097076416e-02,-3.327792882919311523e-02,-6.250175088644027710e-02
-2.799651026725769043e-02,-1.348851621150970459e-02,-3.197863698005676270e-02,-6.173661351203918457e-02
-3.015302121639251709e-02,-1.095575094223022461e-02,-3.068356215953826904e-02,-6.097124144434928894e-02
-3.228117525577545166e-02,-8.466169238090515137e-03,-2.939397096633911133e-02,-6.020619720220565796e-02
-3.437949717044830322e-02,-6.021261215209960938e-03,-2.811112999916076660e-02,-5.944220721721649170e-02
-3.644672036170959473e-02,-3.622353076934814453e-03,-2.683624625205993652e-02,-5.867992714047431946e-02
-3.848172724246978760e-02,-1.270413398742675781e-03,-2.557028830051422119e-02,-5.791990086436271667e-02
-4.048334062099456787e-02,1.033321022987365723e-03,-2.431443333625793457e-02,-5.716260895133018494e-02
-4.245063662528991699e-02,3.288134932518005371e-03,-2.306953072547912598e-02,-5.640868097543716431e-02
-4.438261687755584717e-02,5.493298172950744629e-03,-2.183645963668823242e-02,-5.565857514739036560e-02
-4.627861082553863525e-02,7.648155093193054199e-03,-2.061611413955688477e-02,-5.491253733634948730e-02
-4.813757538795471191e-02,9.751856327056884766e-03,-1.940929889678955078e-02,-5.417132005095481873e-02
-4.995921254158020020e-02,1.180428266525268555e-02,-1.821652054786682129e-02,-5.343500524759292603e-02
-5.174262821674346924e-02,1.380503177642822266e-02,-1.703855395317077637e-02,-5.270396545529365540e-02
-5.348759889602661133e-02,1.575376093387603760e-02,-1.587599515914916992e-02,-5.197872221469879150e-02
-5.519348382949829102e-02,1.765055954456329346e-02,-1.472932100296020508e-02,-5.125938355922698975e-02
-5.686004459857940674e-02,1.949521899223327637e-02,-1.359897851943969727e-02,-5.054623633623123169e-02
-5.848702788352966309e-02,2.128793299198150635e-02,-1.248529553413391113e-02,-4.983954131603240967e-02
-6.007409095764160156e-02,2.302859723567962646e-02,-1.138883829116821289e-02,-4.913963377475738525e-02
-6.162101030349731445e-02,2.471746504306793213e-02,-1.030981540679931641e-02,-4.844653606414794922e-02
-6.312769651412963867e-02,2.635459601879119873e-02,-9.248435497283935547e-03,-4.776049405336380005e-02
-6.459416449069976807e-02,2.794060111045837402e-02,-8.204996585845947266e-03,-4.708161950111389160e-02
-6.602042913436889648e-02,2.947558462619781494e-02,-7.179647684097290039e-03,-4.641001671552658081e-02
-6.740646064281463623e-02,3.096026182174682617e-02,-6.172716617584228516e-03,-4.574589431285858154e-02
-6.875245273113250732e-02,3.239482641220092773e-02,-5.184054374694824219e-03,-4.508941620588302612e-02
-7.005855441093444824e-02,3.377994894981384277e-02,-4.213869571685791016e-03,-4.444050788879394531e-02
-7.132491469383239746e-02,3.511631488800048828e-02,-3.262251615524291992e-03,-4.379934817552566528e-02
-7.255171239376068115e-02,3.640437126159667969e-02,-2.328991889953613281e-03,-4.316584765911102295e-02
-7.373899221420288086e-02,3.764414787292480469e-02,-1.414567232131958008e-03,-4.254025965929031372e-02
-7.488723099231719971e-02,3.883680701255798340e-02,-5.186796188354492188e-04,-4.192240536212921143e-02
-7.599674165248870850e-02,3.998300433158874512e-02,3.586411476135253906e-04,-4.131246358156204224e-02
-7.706779241561889648e-02,4.108336567878723145e-02,1.217633485794067383e-03,-4.071031510829925537e-02
-7.810091972351074219e-02,4.213869571685791016e-02,2.058207988739013672e-03,-4.011607915163040161e-02
-7.909646630287170410e-02,4.314976930618286133e-02,2.880632877349853516e-03,-3.952966630458831787e-02
-8.005486428737640381e-02,4.411733150482177734e-02,3.684997558593750000e-03,-3.895100206136703491e-02
-8.097654581069946289e-02,4.504224658012390137e-02,4.471421241760253906e-03,-3.838025778532028198e-02
-8.186186850070953369e-02,4.592508077621459961e-02,5.239963531494140625e-03,-3.781712800264358521e-02
-8.271121978759765625e-02,4.676651954650878906e-02,5.991041660308837891e-03,-3.726174682378768921e-02
-8.352528512477874756e-02,4.756769537925720215e-02,6.724715232849121094e-03,-3.671400249004364014e-02
-8.430446684360504150e-02,4.832920432090759277e-02,7.441133260726928711e-03,-3.617390245199203491e-02
-8.504946529865264893e-02,4.905200004577636719e-02,8.140504360198974609e-03,-3.564132750034332275e-02
-8.576059341430664062e-02,4.973694682121276855e-02,8.823215961456298828e-03,-3.511615097522735596e-02
-8.643856644630432129e-02,5.038487911224365234e-02,9.489357471466064453e-03,-3.459843248128890991e-02
-8.708395063877105713e-02,5.099666118621826172e-02,1.013928651809692383e-02,-3.408801555633544922e-02
-8.769722282886505127e-02,5.157309770584106445e-02,1.077324151992797852e-02,-3.358474373817443848e-02
-8.827884495258331299e-02,5.211472511291503906e-02,1.139137148857116699e-02,-3.308877348899841309e-02
-8.882947266101837158e-02,5.262276530265808105e-02,1.199400424957275391e-02,-3.259969502687454224e-02
-8.934970200061798096e-02,5.309790372848510742e-02,1.258146762847900391e-02,-3.211770206689834595e-02
-8.984014391899108887e-02,5.354094505310058594e-02,1.315388083457946777e-02,-3.164262324571609497e-02
-9.030137956142425537e-02,5.395284295082092285e-02,1.371172070503234863e-02,-3.117429465055465698e-02
-9.073400497436523438e-02,5.433437228202819824e-02,1.425522565841674805e-02,-3.071255236864089966e-02
-9.113867580890655518e-02,5.468633770942687988e-02,1.478457450866699219e-02,-3.025751560926437378e-02
-9.151582419872283936e-02,5.500966310501098633e-02,1.530015468597412109e-02,-2.980897575616836548e-02
-9.186615049839019775e-02,5.530491471290588379e-02,1.580223441123962402e-02,-2.936673164367675781e-02
-9.219011664390563965e-02,5.557280778884887695e-02,1.629093289375305176e-02,-2.893082052469253540e-02
-9.248840808868408203e-02,5.581441521644592285e-02,1.676677167415618896e-02,-2.850115299224853516e-02
-9.276156127452850342e-02,5.603033304214477539e-02,1.722991466522216797e-02,-2.807750552892684937e-02
-9.301018714904785156e-02,5.622136592864990234e-02,1.768068969249725342e-02,-2.765993028879165649e-02
-9.323491156101226807e-02,5.638837814331054688e-02,1.811937987804412842e-02,-2.724812924861907959e-02
-9.343631565570831299e-02,5.653202533721923828e-02,1.854626834392547607e-02,-2.684217691421508789e-02
-9.361495077610015869e-02,5.665314197540283203e-02,1.896169781684875488e-02,-2.644184231758117676e-02
-9.377144277095794678e-02,5.675238370895385742e-02,1.936586201190948486e-02,-2.604713290929794312e-02
-9.390610456466674805e-02,5.683025717735290527e-02,1.975904405117034912e-02,-2.565783262252807617e-02
-9.401957690715789795e-02,5.688753724098205566e-02,2.014148235321044922e-02,-2.527399361133575439e-02
-9.411251544952392578e-02,5.692508816719055176e-02,2.051357924938201904e-02,-2.489536255598068237e-02
-9.418542683124542236e-02,5.694341659545898438e-02,2.087543904781341553e-02,-2.452185750007629395e-02
-9.423887729644775391e-02,5.694326758384704590e-02,2.122747898101806641e-02,-2.415347099304199219e-02
-9.427340328693389893e-02,5.692526698112487793e-02,2.156990766525268555e-02,-2.378997951745986938e-02
-9.428949654102325439e-02,5.689007043838500977e-02,2.190299332141876221e-02,-2.343153953552246094e-02
-9.428769350051879883e-02,5.683836340904235840e-02,2.222692966461181641e-02,-2.307766675949096680e-02
-9.426848590373992920e-02,5.677062273025512695e-02,2.254208922386169434e-02,-2.272863686084747314e-02
-9.423227608203887939e-02,5.668735504150390625e-02,2.284860610961914062e-02,-2.238412946462631226e-02
-9.417961537837982178e-02,5.658927559852600098e-02,2.314673364162445068e-02,-2.204414457082748413e-02
-9.411102533340454102e-02,5.647692084312438965e-02,2.343676984310150146e-02,-2.170854806900024414e-02
-9.402695298194885254e-02,5.635085701942443848e-02,2.371890842914581299e-02,-2.137729525566101074e-02
-9.392791986465454102e-02,5.621173977851867676e-02,2.399340271949768066e-02,-2.105019241571426392e-02
-9.381441771984100342e-02,5.605989694595336914e-02,2.426052093505859375e-02,-2.072726190090179443e-02
-9.368680417537689209e-02,5.589595437049865723e-02,2.452045679092407227e-02,-2.040836215019226074e-02
-9.354558587074279785e-02,5.572050809860229492e-02,2.477332949638366699e-02,-2.009344100952148438e-02
-9.339106082916259766e-02,5.553379654884338379e-02,2.501949667930603027e-02,-1.978248357772827148e-02
-9.322381019592285156e-02,5.533647537231445312e-02,2.525907754898071289e-02,-1.947527378797531128e-02
-9.304411709308624268e-02,5.512896180152893066e-02,2.549228072166442871e-02,-1.917174458503723145e-02
-9.285253286361694336e-02,5.491161346435546875e-02,2.571937441825866699e-02,-1.887191832065582275e-02
-9.264937043190002441e-02,5.468513071537017822e-02,2.594050765037536621e-02,-1.857570558786392212e-02
-9.243509173393249512e-02,5.444972217082977295e-02,2.615585923194885254e-02,-1.828293502330780029e-02
-9.221002459526062012e-02,5.420595407485961914e-02,2.636572718620300293e-02,-1.799355447292327881e-02
-9.197461605072021484e-02,5.395415425300598145e-02,2.657015621662139893e-02,-1.770752668380737305e-02
-9.172917902469635010e-02,5.369473993778228760e-02,2.676934003829956055e-02,-1.742483675479888916e-02
-9.147404134273529053e-02,5.342793464660644531e-02,2.696353197097778320e-02,-1.714532077312469482e-02
-9.120960533618927002e-02,5.315433442592620850e-02,2.715282142162322998e-02,-1.686898618936538696e-02
-9.093615412712097168e-02,5.287414789199829102e-02,2.733746170997619629e-02,-1.659571379423141479e-02
-9.065414965152740479e-02,5.258786678314208984e-02,2.751749753952026367e-02,-1.632544398307800293e-02
-9.036384522914886475e-02,5.229577422142028809e-02,2.769325673580169678e-02,-1.605813205242156982e-02
-9.006552398204803467e-02,5.199810862541198730e-02,2.786469459533691406e-02,-1.579371094703674316e-02
-8.975966274738311768e-02,5.169537663459777832e-02,2.803209424018859863e-02,-1.553211361169815063e-02
-8.944642543792724609e-02,5.138784646987915039e-02,2.819561958312988281e-02,-1.527324318885803223e-02
-8.912609517574310303e-02,5.107563734054565430e-02,2.835528552532196045e-02,-1.501716673374176025e-02
-8.879904448986053467e-02,5.075913667678833008e-02,2.851128578186035156e-02,-1.476369053125381470e-02
-8.846548199653625488e-02,5.043871700763702393e-02,2.866379916667938232e-02,-1.451279222965240479e-02
-8.812576532363891602e-02,5.011455714702606201e-02,2.881290018558502197e-02,-1.426449418067932129e-02
-8.778014779090881348e-02,4.978694021701812744e-02,2.895876765251159668e-02,-1.401868462562561035e-02
-8.742883801460266113e-02,4.945619404315948486e-02,2.910146117210388184e-02,-1.377530395984649658e-02
-8.707216382026672363e-02,4.912249743938446045e-02,2.924117445945739746e-02,-1.353435218334197998e-02
-8.671036362648010254e-02,4.878610372543334961e-02,2.937792241573333740e-02,-1.329566538333892822e-02
-8.634366095066070557e-02,4.844726622104644775e-02,2.951194345951080322e-02,-1.305936276912689209e-02
-8.597232401371002197e-02,4.810610413551330566e-02,2.964319288730621338e-02,-1.282528042793273926e-02
-8.559653162956237793e-02,4.776296019554138184e-02,2.977195382118225098e-02,-1.259343326091766357e-02
-8.521649241447448730e-02,4.741799831390380859e-02,2.989816665649414062e-02,-1.236374676227569580e-02
-8.483255654573440552e-02,4.707138240337371826e-02,3.002205491065979004e-02,-1.213614642620086670e-02
-8.444484323263168335e-02,4.672336578369140625e-02,3.014358878135681152e-02,-1.191067695617675781e-02
-8.405354619026184082e-02,4.637411236763000488e-02,3.026293218135833740e-02,-1.168723404407501221e-02
-8.365894854068756104e-02,4.602384567260742188e-02,3.038021922111511230e-02,-1.146583259105682373e-02
-8.326122164726257324e-02,4.567272961139678955e-02,3.049550950527191162e-02,-1.124630868434906006e-02
-8.286046981811523438e-02,4.532080888748168945e-02,3.060877323150634766e-02,-1.102878153324127197e-02
-8.245697617530822754e-02,4.496833682060241699e-02,3.072026371955871582e-02,-1.081311702728271484e-02
-8.205083012580871582e-02,4.461549222469329834e-02,3.082993626594543457e-02,-1.059938967227935791e-02
-8.164228498935699463e-02,4.426233470439910889e-02,3.093798458576202393e-02,-1.038742065429687500e-02
-8.123150467872619629e-02,4.390911757946014404e-02,3.104433417320251465e-02,-1.017726957798004150e-02
-8.081860840320587158e-02,4.355588555335998535e-02,3.114913403987884521e-02,-9.968847036361694336e-03
-8.040382713079452515e-02,4.320284724235534668e-02,3.125242888927459717e-02,-9.762212634086608887e-03
-7.998733967542648315e-02,4.285010695457458496e-02,3.135438263416290283e-02,-9.557232260704040527e-03
-7.956917583942413330e-02,4.249775409698486328e-02,3.145490586757659912e-02,-9.353935718536376953e-03
-7.914949208498001099e-02,4.214593768119812012e-02,3.155417740345001221e-02,-9.152263402938842773e-03
-7.872854918241500854e-02,4.179467260837554932e-02,3.165216743946075439e-02,-8.952260017395019531e-03
-7.830638438463211060e-02,4.144416749477386475e-02,3.174901008605957031e-02,-8.753821253776550293e-03
-7.788313925266265869e-02,4.109452664852142334e-02,3.184470534324645996e-02,-8.556932210922241211e-03
-7.745896279811859131e-02,4.074583947658538818e-02,3.193931281566619873e-02,-8.361592888832092285e-03
-7.703405618667602539e-02,4.039815068244934082e-02,3.203293681144714355e-02,-8.167758584022521973e-03
-7.660841941833496094e-02,4.005157947540283203e-02,3.212556242942810059e-02,-7.975414395332336426e-03
-7.618229091167449951e-02,3.970621526241302490e-02,3.221729397773742676e-02,-7.784530520439147949e-03
-7.575564086437225342e-02,3.936213254928588867e-02,3.230810165405273438e-02,-7.595092058181762695e-03
-7.532863318920135498e-02,3.901934623718261719e-02,3.239810466766357422e-02,-7.407084107398986816e-03
-7.490143179893493652e-02,3.867803514003753662e-02,3.248730301856994629e-02,-7.220461964607238770e-03
-7.447407394647598267e-02,3.833821415901184082e-02,3.257569670677185059e-02,-7.035285234451293945e-03
-7.404667884111404419e-02,3.799998760223388672e-02,3.266341984272003174e-02,-6.851360201835632324e-03
-7.361938059329986572e-02,3.766334056854248047e-02,3.275044262409210205e-02,-6.668835878372192383e-03
-7.319220900535583496e-02,3.732839226722717285e-02,3.283679485321044922e-02,-6.487607955932617188e-03
-7.276530563831329346e-02,3.699515759944915771e-02,3.292256593704223633e-02,-6.307736039161682129e-03
-7.233873009681701660e-02,3.666377067565917969e-02,3.300777077674865723e-02,-6.129100918769836426e-03
-7.191257923841476440e-02,3.633420169353485107e-02,3.309234976768493652e-02,-5.951717495918273926e-03
-7.148691266775131226e-02,3.600649535655975342e-02,3.317645192146301270e-02,-5.775645375251770020e-03
-7.106181979179382324e-02,3.568072617053985596e-02,3.326007723808288574e-02,-5.600750446319580078e-03
-7.063739001750946045e-02,3.535693883895874023e-02,3.334321081638336182e-02,-5.427107214927673340e-03
-7.021366804838180542e-02,3.503517806529998779e-02,3.342589735984802246e-02,-5.254626274108886719e-03
-6.979074329137802124e-02,3.471542894840240479e-02,3.350818157196044922e-02,-5.083382129669189453e-03
-6.936872005462646484e-02,3.439782559871673584e-02,3.359004855155944824e-02,-4.913285374641418457e-03
-6.894758343696594238e-02,3.408229351043701172e-02,3.367158770561218262e-02,-4.744336009025573730e-03
-6.852743029594421387e-02,3.376889228820800781e-02,3.375269472599029541e-02,-4.576534032821655273e-03
-6.810829043388366699e-02,3.345765173435211182e-02,3.383354842662811279e-02,-4.409894347190856934e-03
-6.769029796123504639e-02,3.314864635467529297e-02,3.391405940055847168e-02,-4.244312644004821777e-03
-6.727344542741775513e-02,3.284180164337158203e-02,3.399431705474853516e-02,-4.079908132553100586e-03
-6.685777008533477783e-02,3.253722190856933594e-02,3.407424688339233398e-02,-3.916546702384948730e-03
-6.644338369369506836e-02,3.223489224910736084e-02,3.415396809577941895e-02,-3.754287958145141602e-03
-6.603027880191802979e-02,3.193482756614685059e-02,3.423340618610382080e-02,-3.593116998672485352e-03
-6.561851501464843750e-02,3.163704276084899902e-02,3.431260585784912109e-02,-3.432974219322204590e-03
-6.520819664001464844e-02,3.134153783321380615e-02,3.439164161682128906e-02,-3.273889422416687012e-03
-6.479924917221069336e-02,3.104834258556365967e-02,3.447042405605316162e-02,-3.115862607955932617e-03
-6.439182907342910767e-02,3.075748682022094727e-02,3.454904258251190186e-02,-2.958834171295166016e-03
-6.398591399192810059e-02,3.046895563602447510e-02,3.462748229503631592e-02,-2.802878618240356445e-03
-6.358160078525543213e-02,3.018277883529663086e-02,3.470575809478759766e-02,-2.647832036018371582e-03
-6.317880749702453613e-02,2.989894151687622070e-02,3.478386998176574707e-02,-2.493813633918762207e-03
-6.277766078710556030e-02,2.961748838424682617e-02,3.486183285713195801e-02,-2.340823411941528320e-03
-6.237818300724029541e-02,2.933828532695770264e-02,3.493969142436981201e-02,-2.188816666603088379e-03
-6.198038533329963684e-02,2.906152606010437012e-02,3.501741588115692139e-02,-2.037763595581054688e-03
-6.158436462283134460e-02,2.878715097904205322e-02,3.509503602981567383e-02,-1.887619495391845703e-03
-6.119005382061004639e-02,2.851508557796478271e-02,3.517249226570129395e-02,-1.738488674163818359e-03
-6.079752743244171143e-02,2.824543416500091553e-02,3.524985909461975098e-02,-1.590281724929809570e-03
-6.040683016180992126e-02,2.797816693782806396e-02,3.532715141773223877e-02,-1.443013548851013184e-03
-6.001798063516616821e-02,2.771323919296264648e-02,3.540433943271636963e-02,-1.296669244766235352e-03
-5.963100120425224304e-02,2.745066583156585693e-02,3.548145294189453125e-02,-1.151248812675476074e-03
-5.924590304493904114e-02,2.719052135944366455e-02,3.555846214294433594e-02,-1.006737351417541504e-03
-5.886268615722656250e-02,2.693271636962890625e-02,3.563544154167175293e-02,-8.631199598312377930e-04
-5.848147720098495483e-02,2.667731046676635742e-02,3.571227192878723145e-02,-7.204413414001464844e-04
-5.810219421982765198e-02,2.642427384853363037e-02,3.578907251358032227e-02,-5.786120891571044922e-04
-5.772492289543151855e-02,2.617357671260833740e-02,3.586581349372863770e-02,-4.376918077468872070e-04
-5.734965205192565918e-02,2.592527866363525391e-02,3.594249486923217773e-02,-2.976506948471069336e-04
-5.697640404105186462e-02,2.567933499813079834e-02,3.601908683776855469e-02,-1.584738492965698242e-04
-5.660520866513252258e-02,2.543577551841735840e-02,3.609564900398254395e-02,-2.020597457885742188e-05
-5.623608827590942383e-02,2.519452571868896484e-02,3.617215156555175781e-02,1.172274351119995117e-04
-5.586900189518928528e-02,2.495564520359039307e-02,3.624856472015380859e-02,2.538263797760009766e-04
-5.550381168723106384e-02,2.471883594989776611e-02,3.632500767707824707e-02,3.895610570907592773e-04
-5.514066666364669800e-02,2.448429167270660400e-02,3.640133142471313477e-02,5.244910717010498047e-04
-5.477959662675857544e-02,2.425207197666168213e-02,3.647762537002563477e-02,6.585568189620971680e-04
-5.442059785127639771e-02,2.402207255363464355e-02,3.655385971069335938e-02,7.917732000350952148e-04
-5.406369641423225403e-02,2.379432320594787598e-02,3.663003444671630859e-02,9.241849184036254883e-04
-5.370887368917465210e-02,2.356880903244018555e-02,3.670614957809448242e-02,1.055762171745300293e-03
-5.335620045661926270e-02,2.334553003311157227e-02,3.678226470947265625e-02,1.186549663543701172e-03
-5.300558358430862427e-02,2.312442660331726074e-02,3.685829043388366699e-02,1.316517591476440430e-03
-5.265710502862930298e-02,2.290555834770202637e-02,3.693428635597229004e-02,1.445680856704711914e-03
-5.231075361371040344e-02,2.268886566162109375e-02,3.701020777225494385e-02,1.574024558067321777e-03
-5.196652561426162720e-02,2.247428894042968750e-02,3.708608448505401611e-02,1.701593399047851562e-03
-5.162440985441207886e-02,2.226188778877258301e-02,3.716188669204711914e-02,1.828357577323913574e-03
-5.128445476293563843e-02,2.205164730548858643e-02,3.723768889904022217e-02,1.954361796379089355e-03
-5.094661936163902283e-02,2.184352278709411621e-02,3.731340169906616211e-02,2.079576253890991211e-03
-5.061092227697372437e-02,2.163752913475036621e-02,3.738903999328613281e-02,2.204000949859619141e-03
-5.027734115719795227e-02,2.143357694149017334e-02,3.746463358402252197e-02,2.327710390090942383e-03
-4.994586110115051270e-02,2.123165130615234375e-02,3.754016757011413574e-02,2.450570464134216309e-03
-4.961655288934707642e-02,2.103182673454284668e-02,3.761562705039978027e-02,2.572700381278991699e-03
-4.928935319185256958e-02,2.083402872085571289e-02,3.769102692604064941e-02,2.694085240364074707e-03
-4.896426945924758911e-02,2.063825726509094238e-02,3.776633739471435547e-02,2.814725041389465332e-03
-4.864133894443511963e-02,2.044451236724853516e-02,3.784161806106567383e-02,2.934604883193969727e-03
-4.832055419683456421e-02,2.025276422500610352e-02,3.791680932044982910e-02,3.053739666938781738e-03
-4.800190031528472900e-02,2.006289362907409668e-02,3.799194097518920898e-02,3.172069787979125977e-03
-4.768535494804382324e-02,1.987510919570922852e-02,3.806698322296142578e-02,3.289788961410522461e-03
-4.737095534801483154e-02,1.968920230865478516e-02,3.814193606376647949e-02,3.406703472137451172e-03
-4.705867171287536621e-02,1.950526237487792969e-02,3.821679949760437012e-02,3.522872924804687500e-03
-4.674851894378662109e-02,1.932319998741149902e-02,3.829161822795867920e-02,3.638342022895812988e-03
-4.644048213958740234e-02,1.914307475090026855e-02,3.836633265018463135e-02,3.753095865249633789e-03
-4.613455384969711304e-02,1.896482706069946289e-02,3.844089806079864502e-02,3.867104649543762207e-03
-4.583076387643814087e-02,1.878841221332550049e-02,3.851543366909027100e-02,3.980427980422973633e-03
-4.552900791168212891e-02,1.861383020877838135e-02,3.858982026576995850e-02,4.093021154403686523e-03
-4.522931575775146484e-02,1.844102144241333008e-02,3.866419196128845215e-02,4.204899072647094727e-03
-4.493170231580734253e-02,1.827001571655273438e-02,3.873836994171142578e-02,4.316121339797973633e-03
-4.463617503643035889e-02,1.810076832771301270e-02,3.881253302097320557e-02,4.426598548889160156e-03
-4.434273391962051392e-02,1.793330907821655273e-02,3.888650238513946533e-02,4.536449909210205078e-03
-4.405126720666885376e-02,1.776756346225738525e-02,3.896045684814453125e-02,4.645541310310363770e-03
-4.376193881034851074e-02,1.760357618331909180e-02,3.903421759605407715e-02,4.753977060317993164e-03
-4.347461462020874023e-02,1.744127273559570312e-02,3.910785913467407227e-02,4.861697554588317871e-03
-4.318936169147491455e-02,1.728068292140960693e-02,3.918142616748809814e-02,4.968792200088500977e-03
-4.290610551834106445e-02,1.712176203727722168e-02,3.925482928752899170e-02,5.075156688690185547e-03
-4.262492060661315918e-02,1.696453988552093506e-02,3.932815790176391602e-02,5.180880427360534668e-03
-4.234570264816284180e-02,1.680892705917358398e-02,3.940132260322570801e-02,5.285948514938354492e-03
-4.206851869821548462e-02,1.665495336055755615e-02,3.947433829307556152e-02,5.390241742134094238e-03
-4.179333150386810303e-02,1.650255918502807617e-02,3.954724967479705811e-02,5.493998527526855469e-03
-4.152011126279830933e-02,1.635175943374633789e-02,3.962001204490661621e-02,5.597054958343505859e-03
-4.124892503023147583e-02,1.620256900787353516e-02,3.969264030456542969e-02,5.699425935745239258e-03
-4.097966849803924561e-02,1.605492830276489258e-02,3.976511955261230469e-02,5.801245570182800293e-03
-4.071238636970520020e-02,1.590883731842041016e-02,3.983747959136962891e-02,5.902290344238281250e-03
-4.044701159000396729e-02,1.576416194438934326e-02,3.990963101387023926e-02,6.002724170684814453e-03
-4.018363356590270996e-02,1.562109589576721191e-02,3.998164832592010498e-02,6.102532148361206055e-03
-3.992216289043426514e-02,1.547947525978088379e-02,4.005354642868041992e-02,6.201699376106262207e-03
-3.966259956359863281e-02,1.533937454223632812e-02,4.012526571750640869e-02,6.300270557403564453e-03
-3.940495848655700684e-02,1.520070433616638184e-02,4.019680619239807129e-02,6.398156285285949707e-03
-3.914926201105117798e-02,1.506347954273223877e-02,4.026819765567779541e-02,6.495416164398193359e-03
-3.889544308185577393e-02,1.492767035961151123e-02,4.033942520618438721e-02,6.592079997062683105e-03
-3.864350169897079468e-02,1.479332149028778076e-02,4.041045904159545898e-02,6.688117980957031250e-03
-3.839343786239624023e-02,1.466035842895507812e-02,4.048135876655578613e-02,6.783530116081237793e-03
-3.814528137445449829e-02,1.452873647212982178e-02,4.055204987525939941e-02,6.878286600112915039e-03
-3.789892792701721191e-02,1.439847052097320557e-02,4.062260687351226807e-02,6.972447037696838379e-03
-3.765444457530975342e-02,1.426962018013000488e-02,4.069295525550842285e-02,7.066011428833007812e-03
-3.741183131933212280e-02,1.414209604263305664e-02,4.076308012008666992e-02,7.158994674682617188e-03
-3.717101365327835083e-02,1.401580870151519775e-02,4.083304107189178467e-02,7.251322269439697266e-03
-3.693196177482604980e-02,1.389087736606597900e-02,4.090284556150436401e-02,7.343098521232604980e-03
-3.669472783803939819e-02,1.376724243164062500e-02,4.097242653369903564e-02,7.434248924255371094e-03
-3.645926713943481445e-02,1.364484429359436035e-02,4.104185104370117188e-02,7.524803280830383301e-03
-3.622563928365707397e-02,1.352372765541076660e-02,4.111105203628540039e-02,7.614791393280029297e-03
-3.599376231431961060e-02,1.340386271476745605e-02,4.118003696203231812e-02,7.704168558120727539e-03
-3.576364368200302124e-02,1.328523457050323486e-02,4.124881327152252197e-02,7.792964577674865723e-03
-3.553527593612670898e-02,1.316781342029571533e-02,4.131742566823959351e-02,7.881179451942443848e-03
-3.530866652727127075e-02,1.305161416530609131e-02,4.138581454753875732e-02,7.968813180923461914e-03
-3.508377075195312500e-02,1.293656229972839355e-02,4.145397245883941650e-02,8.055910468101501465e-03
-3.486058115959167480e-02,1.282271742820739746e-02,4.152195900678634644e-02,8.142352104187011719e-03
-3.463912755250930786e-02,1.271001994609832764e-02,4.158970713615417480e-02,8.228287100791931152e-03
-3.441935777664184570e-02,1.259848475456237793e-02,4.165723174810409546e-02,8.313626050949096680e-03
-3.420130908489227295e-02,1.248811185359954834e-02,4.172453284263610840e-02,8.398443460464477539e-03
-3.398491442203521729e-02,1.237881183624267578e-02,4.179163277149200439e-02,8.482664823532104492e-03
-3.377017378807067871e-02,1.227068901062011719e-02,4.185849428176879883e-02,8.566334843635559082e-03
-3.355706483125686646e-02,1.216357946395874023e-02,4.192513227462768555e-02,8.649408817291259766e-03
-3.334559500217437744e-02,1.205757260322570801e-02,4.199153929948806763e-02,8.732005953788757324e-03
-3.313575685024261475e-02,1.195268332958221436e-02,4.205777496099472046e-02,8.814007043838500977e-03
-3.292758017778396606e-02,1.184879243373870850e-02,4.212369769811630249e-02,8.895501494407653809e-03
-3.272097557783126831e-02,1.174598932266235352e-02,4.218939691781997681e-02,8.976444602012634277e-03
-3.251599520444869995e-02,1.164418458938598633e-02,4.225491732358932495e-02,9.056836366653442383e-03
-3.231257200241088867e-02,1.154342293739318848e-02,4.232011735439300537e-02,9.136661887168884277e-03
-3.211077302694320679e-02,1.144367456436157227e-02,4.238513857126235962e-02,9.215980768203735352e-03
-3.191048651933670044e-02,1.134489476680755615e-02,4.244990646839141846e-02,9.294793009757995605e-03
-3.171180933713912964e-02,1.124717295169830322e-02,4.251442104578018188e-02,9.373039007186889648e-03
-3.151465952396392822e-02,1.115034520626068115e-02,4.257872700691223145e-02,9.450748562812805176e-03
-3.131902962923049927e-02,1.105450093746185303e-02,4.264276474714279175e-02,9.527951478958129883e-03
-3.112493455410003662e-02,1.095964014530181885e-02,4.270653426647186279e-02,9.604677557945251465e-03
-3.093235194683074951e-02,1.086568832397460938e-02,4.277006536722183228e-02,9.680882096290588379e-03
-3.074131160974502563e-02,1.077269017696380615e-02,4.283332079648971558e-02,9.756505489349365234e-03
-3.055169433355331421e-02,1.068060100078582764e-02,4.289633780717849731e-02,9.831652045249938965e-03
-3.036358207464218140e-02,1.058939099311828613e-02,4.295912384986877441e-02,9.906306862831115723e-03
-3.017693758010864258e-02,1.049908995628356934e-02,4.302161931991577148e-02,9.980440139770507812e-03
-2.999176830053329468e-02,1.040965318679809570e-02,4.308390617370605469e-02,1.005406677722930908e-02
-2.980802208185195923e-02,1.032115519046783447e-02,4.314589500427246094e-02,1.012720167636871338e-02
-2.962576597929000854e-02,1.023343205451965332e-02,4.320760816335678101e-02,1.019981503486633301e-02
-2.944488078355789185e-02,1.014663279056549072e-02,4.326911270618438721e-02,1.027198135852813721e-02
-2.926542609930038452e-02,1.006060838699340820e-02,4.333028942346572876e-02,1.034364104270935059e-02
-2.908740192651748657e-02,9.975507855415344238e-03,4.339126497507095337e-02,1.041477918624877930e-02
-2.891075611114501953e-02,9.891137480735778809e-03,4.345192015171051025e-02,1.048550009727478027e-02
-2.873549610376358032e-02,9.807631373405456543e-03,4.351234436035156250e-02,1.055572926998138428e-02
-2.856159210205078125e-02,9.724944829940795898e-03,4.357250779867172241e-02,1.062543690204620361e-02
-2.838908135890960693e-02,9.643003344535827637e-03,4.363238066434860229e-02,1.069466769695281982e-02
-2.821792662143707275e-02,9.561866521835327148e-03,4.369200021028518677e-02,1.076342165470123291e-02
-2.804812043905258179e-02,9.481549263000488281e-03,4.375132173299789429e-02,1.083172857761383057e-02
-2.787964046001434326e-02,9.401932358741760254e-03,4.381039738655090332e-02,1.089952886104583740e-02
-2.771247923374176025e-02,9.323060512542724609e-03,4.386916756629943848e-02,1.096689701080322266e-02
-2.754663676023483276e-02,9.244978427886962891e-03,4.392769932746887207e-02,1.103383302688598633e-02
-2.738208323717117310e-02,9.167626500129699707e-03,4.398593306541442871e-02,1.110026240348815918e-02
-2.721885591745376587e-02,9.090989828109741211e-03,4.404389113187789917e-02,1.116622984409332275e-02
-2.705687284469604492e-02,9.015113115310668945e-03,4.410159587860107422e-02,1.123179495334625244e-02
-2.689616382122039795e-02,8.939906954765319824e-03,4.415902495384216309e-02,1.129685342311859131e-02
-2.673677355051040649e-02,8.865386247634887695e-03,4.421610385179519653e-02,1.136147975921630859e-02
-2.657858282327651978e-02,8.791610598564147949e-03,4.427300393581390381e-02,1.142565906047821045e-02
-2.642162144184112549e-02,8.718445897102355957e-03,4.432958364486694336e-02,1.148939132690429688e-02
-2.626594901084899902e-02,8.646026253700256348e-03,4.438585788011550903e-02,1.155269145965576172e-02
-2.611147612333297729e-02,8.574217557907104492e-03,4.444186389446258545e-02,1.161554455757141113e-02
-2.595823258161544800e-02,8.503153920173645020e-03,4.449755698442459106e-02,1.167799532413482666e-02
-2.580618113279342651e-02,8.432656526565551758e-03,4.455308616161346436e-02,1.173993945121765137e-02
-2.565528452396392822e-02,8.362844586372375488e-03,4.460825771093368530e-02,1.180149614810943604e-02
-2.550563216209411621e-02,8.293688297271728516e-03,4.466307908296585083e-02,1.186266541481018066e-02
-2.535713464021682739e-02,8.225105702877044678e-03,4.471769183874130249e-02,1.192332804203033447e-02
-2.520979195833206177e-02,8.157193660736083984e-03,4.477204382419586182e-02,1.198363304138183594e-02
-2.506367117166519165e-02,8.089907467365264893e-03,4.482605308294296265e-02,1.204350590705871582e-02
-2.491866797208786011e-02,8.023202419281005859e-03,4.487980902194976807e-02,1.210293173789978027e-02
-2.477476000785827637e-02,7.957085967063903809e-03,4.493328928947448730e-02,1.216195523738861084e-02
-2.463199943304061890e-02,7.891520857810974121e-03,4.498644918203353882e-02,1.222057640552520752e-02
-2.449034899473190308e-02,7.826596498489379883e-03,4.503934085369110107e-02,1.227878034114837646e-02
-2.434983104467391968e-02,7.762253284454345703e-03,4.509195685386657715e-02,1.233661174774169922e-02
-2.421042323112487793e-02,7.698483765125274658e-03,4.514425992965698242e-02,1.239401102066040039e-02
-2.407211065292358398e-02,7.635220885276794434e-03,4.519630223512649536e-02,1.245100796222686768e-02
-2.393487840890884399e-02,7.572546601295471191e-03,4.524805396795272827e-02,1.250760257244110107e-02
-2.379871159791946411e-02,7.510446012020111084e-03,4.529948532581329346e-02,1.256377995014190674e-02
-2.366358786821365356e-02,7.448852062225341797e-03,4.535066336393356323e-02,1.261955499649047852e-02
-2.352953702211380005e-02,7.387846708297729492e-03,4.540161043405532837e-02,1.267501711845397949e-02
-2.339655905961990356e-02,7.327325642108917236e-03,4.545223712921142578e-02,1.273004710674285889e-02
-2.326461672782897949e-02,7.267378270626068115e-03,4.550249129533767700e-02,1.278464496135711670e-02
-2.313368767499923706e-02,7.207877933979034424e-03,4.555252939462661743e-02,1.283890008926391602e-02
-2.300377935171127319e-02,7.148914039134979248e-03,4.560227692127227783e-02,1.289279758930206299e-02
-2.287491410970687866e-02,7.090456783771514893e-03,4.565177857875823975e-02,1.294627785682678223e-02
-2.274698764085769653e-02,7.032513618469238281e-03,4.570087045431137085e-02,1.299943029880523682e-02
-2.262011915445327759e-02,6.975054740905761719e-03,4.574975371360778809e-02,1.305212080478668213e-02
-2.249426394701004028e-02,6.918109953403472900e-03,4.579836130142211914e-02,1.310452818870544434e-02
-2.236931025981903076e-02,6.861597299575805664e-03,4.584665596485137939e-02,1.315651834011077881e-02
-2.224539965391159058e-02,6.805583834648132324e-03,4.589468240737915039e-02,1.320815086364746094e-02
-2.212238311767578125e-02,6.750032305717468262e-03,4.594241082668304443e-02,1.325947046279907227e-02
-2.200043201446533203e-02,6.694979965686798096e-03,4.598984122276306152e-02,1.331031322479248047e-02
-2.187935262918472290e-02,6.640344858169555664e-03,4.603704810142517090e-02,1.336088776588439941e-02
-2.175926417112350464e-02,6.586223840713500977e-03,4.608388990163803101e-02,1.341107487678527832e-02
-2.164003998041152954e-02,6.532482802867889404e-03,4.613050073385238647e-02,1.346088945865631104e-02
-2.152178436517715454e-02,6.479181349277496338e-03,4.617680609226226807e-02,1.351036131381988525e-02
-2.140443027019500732e-02,6.426364183425903320e-03,4.622277617454528809e-02,1.355952024459838867e-02
-2.128799259662628174e-02,6.373956799507141113e-03,4.626855254173278809e-02,1.360827684402465820e-02
-2.117244154214859009e-02,6.321966648101806641e-03,4.631399363279342651e-02,1.365675032138824463e-02
-2.105778455734252930e-02,6.270386278629302979e-03,4.635916650295257568e-02,1.370479166507720947e-02
-2.094404399394989014e-02,6.219260394573211670e-03,4.640401899814605713e-02,1.375254988670349121e-02
-2.083113044500350952e-02,6.168521940708160400e-03,4.644858837127685547e-02,1.379999518394470215e-02
-2.071911096572875977e-02,6.118200719356536865e-03,4.649294167757034302e-02,1.384702324867248535e-02
-2.060798555612564087e-02,6.068274378776550293e-03,4.653697460889816284e-02,1.389373838901519775e-02
-2.049770206212997437e-02,6.018735468387603760e-03,4.658073931932449341e-02,1.394018530845642090e-02
-2.038822323083877563e-02,5.969591438770294189e-03,4.662421345710754395e-02,1.398627460002899170e-02
-2.027960866689682007e-02,5.920879542827606201e-03,4.666735231876373291e-02,1.403205096721649170e-02
-2.017186582088470459e-02,5.872525274753570557e-03,4.671025276184082031e-02,1.407746970653533936e-02
-2.006492763757705688e-02,5.824536085128784180e-03,4.675287008285522461e-02,1.412257552146911621e-02
-1.995874941349029541e-02,5.776911973953247070e-03,4.679523408412933350e-02,1.416733860969543457e-02
-1.985345780849456787e-02,5.729719996452331543e-03,4.683728516101837158e-02,1.421181857585906982e-02
-1.974899321794509888e-02,5.682833492755889893e-03,4.687906801700592041e-02,1.425600051879882812e-02
-1.964528113603591919e-02,5.636349320411682129e-03,4.692054539918899536e-02,1.429980993270874023e-02
-1.954237371683120728e-02,5.590200424194335938e-03,4.696176946163177490e-02,1.434332132339477539e-02
-1.944024860858917236e-02,5.544386804103851318e-03,4.700271785259246826e-02,1.438651978969573975e-02
-1.933889091014862061e-02,5.498968064785003662e-03,4.704336822032928467e-02,1.442942023277282715e-02
-1.923836022615432739e-02,5.453899502754211426e-03,4.708374291658401489e-02,1.447202265262603760e-02
-1.913851499557495117e-02,5.409114062786102295e-03,4.712382704019546509e-02,1.451431214809417725e-02
-1.903948932886123657e-02,5.364730954170227051e-03,4.716363549232482910e-02,1.455628871917724609e-02
-1.894119381904602051e-02,5.320668220520019531e-03,4.720320552587509155e-02,1.459799706935882568e-02
-1.884363591670989990e-02,5.276903510093688965e-03,4.724246263504028320e-02,1.463936269283294678e-02
-1.874680817127227783e-02,5.233488976955413818e-03,4.728144407272338867e-02,1.468044519424438477e-02
-1.865077763795852661e-02,5.190439522266387939e-03,4.732016474008560181e-02,1.472127437591552734e-02
-1.855543255805969238e-02,5.147650837898254395e-03,4.735857248306274414e-02,1.476182043552398682e-02
-1.846079528331756592e-02,5.105182528495788574e-03,4.739673435688018799e-02,1.480197906494140625e-02
-1.836691051721572876e-02,5.063049495220184326e-03,4.743465781211853027e-02,1.484194397926330566e-02
-1.827372610569000244e-02,5.021229386329650879e-03,4.747222363948822021e-02,1.488159596920013428e-02
-1.818119734525680542e-02,4.979692399501800537e-03,4.750963300466537476e-02,1.492093503475189209e-02
-1.808939874172210693e-02,4.938423633575439453e-03,4.754674434661865234e-02,1.496002078056335449e-02
-1.799824088811874390e-02,4.897490143775939941e-03,4.758354276418685913e-02,1.499886810779571533e-02
-1.790776848793029785e-02,4.856839776039123535e-03,4.762008786201477051e-02,1.503737270832061768e-02
-1.781796663999557495e-02,4.816442728042602539e-03,4.765640944242477417e-02,1.507565379142761230e-02
-1.772887259721755981e-02,4.776351153850555420e-03,4.769240319728851318e-02,1.511363685131072998e-02
-1.764042675495147705e-02,4.736579954624176025e-03,4.772816598415374756e-02,1.515135169029235840e-02
-1.755263656377792358e-02,4.697069525718688965e-03,4.776364564895629883e-02,1.518876850605010986e-02
-1.746549457311630249e-02,4.657812416553497314e-03,4.779885709285736084e-02,1.522593200206756592e-02
-1.737897098064422607e-02,4.618853330612182617e-03,4.783384501934051514e-02,1.526287198066711426e-02
-1.729312539100646973e-02,4.580132663249969482e-03,4.786854982376098633e-02,1.529952883720397949e-02
-1.720792055130004883e-02,4.541695117950439453e-03,4.790297150611877441e-02,1.533590257167816162e-02
-1.712334156036376953e-02,4.503510892391204834e-03,4.793715476989746094e-02,1.537202298641204834e-02
-1.703935116529464722e-02,4.465624690055847168e-03,4.797108471393585205e-02,1.540790498256683350e-02
-1.695596426725387573e-02,4.427954554557800293e-03,4.800473898649215698e-02,1.544350385665893555e-02
-1.687323302030563354e-02,4.390589892864227295e-03,4.803811013698577881e-02,1.547883450984954834e-02
-1.679114997386932373e-02,4.353418946266174316e-03,4.807124286890029907e-02,1.551398634910583496e-02
-1.670959591865539551e-02,4.316568374633789062e-03,4.810407757759094238e-02,1.554884016513824463e-02
-1.662869006395339966e-02,4.279911518096923828e-03,4.813671857118606567e-02,1.558341085910797119e-02
-1.654832810163497925e-02,4.243537783622741699e-03,4.816906899213790894e-02,1.561781764030456543e-02
-1.646856963634490967e-02,4.207380115985870361e-03,4.820115864276885986e-02,1.565189659595489502e-02
-1.638941466808319092e-02,4.171431064605712891e-03,4.823300987482070923e-02,1.568576693534851074e-02
-1.631078124046325684e-02,4.135750234127044678e-03,4.826460033655166626e-02,1.571938395500183105e-02
-1.623274385929107666e-02,4.100300371646881104e-03,4.829595237970352173e-02,1.575280725955963135e-02
-1.615525782108306885e-02,4.065141081809997559e-03,4.832703620195388794e-02,1.578594744205474854e-02
-1.607838273048400879e-02,4.030160605907440186e-03,4.835784435272216797e-02,1.581884920597076416e-02
-1.600202172994613647e-02,3.995411098003387451e-03,4.838843643665313721e-02,1.585154235363006592e-02
-1.592618972063064575e-02,3.960832953453063965e-03,4.841878265142440796e-02,1.588399708271026611e-02
-1.585091650485992432e-02,3.926537930965423584e-03,4.844884574413299561e-02,1.591622829437255859e-02
-1.577620953321456909e-02,3.892444074153900146e-03,4.847867041826248169e-02,1.594820618629455566e-02
-1.570202410221099854e-02,3.858581185340881348e-03,4.850826412439346313e-02,1.597994565963745117e-02
-1.562836021184921265e-02,3.824912011623382568e-03,4.853759706020355225e-02,1.601152122020721436e-02
-1.555521041154861450e-02,3.791466355323791504e-03,4.856672883033752441e-02,1.604279875755310059e-02
-1.548256725072860718e-02,3.758147358894348145e-03,4.859558492898941040e-02,1.607389748096466064e-02
-1.541045308113098145e-02,3.725126385688781738e-03,4.862419515848159790e-02,1.610474288463592529e-02
-1.533886045217514038e-02,3.692254424095153809e-03,4.865253716707229614e-02,1.613543927669525146e-02
-1.526775956153869629e-02,3.659591078758239746e-03,4.868070036172866821e-02,1.616586744785308838e-02
-1.519712805747985840e-02,3.627143800258636475e-03,4.870862513780593872e-02,1.619608700275421143e-02
-1.512700319290161133e-02,3.594934940338134766e-03,4.873625189065933228e-02,1.622606813907623291e-02
-1.505740731954574585e-02,3.562845289707183838e-03,4.876372218132019043e-02,1.625587046146392822e-02
-1.498828083276748657e-02,3.530964255332946777e-03,4.879085719585418701e-02,1.628541946411132812e-02
-1.491958647966384888e-02,3.499284386634826660e-03,4.881783574819564819e-02,1.631481945514678955e-02
-1.485144346952438354e-02,3.467775881290435791e-03,4.884452372789382935e-02,1.634401082992553711e-02
-1.478371024131774902e-02,3.436483442783355713e-03,4.887096583843231201e-02,1.637293398380279541e-02
-1.471649855375289917e-02,3.405392169952392578e-03,4.889719933271408081e-02,1.640172302722930908e-02
-1.464971154928207397e-02,3.374457359313964844e-03,4.892320185899734497e-02,1.643024384975433350e-02
-1.458339393138885498e-02,3.343649208545684814e-03,4.894902557134628296e-02,1.645858585834503174e-02
-1.451749354600906372e-02,3.313042223453521729e-03,4.897458106279373169e-02,1.648676395416259766e-02
-1.445212215185165405e-02,3.282651305198669434e-03,4.899985343217849731e-02,1.651471853256225586e-02
-1.438716053962707520e-02,3.252409398555755615e-03,4.902497678995132446e-02,1.654246449470520020e-02
-1.432262361049652100e-02,3.222338855266571045e-03,4.904983937740325928e-02,1.657001674175262451e-02
-1.425854116678237915e-02,3.192439675331115723e-03,4.907445609569549561e-02,1.659743487834930420e-02
-1.419492810964584351e-02,3.162711858749389648e-03,4.909888654947280884e-02,1.662458479404449463e-02
-1.413163542747497559e-02,3.133147954940795898e-03,4.912307113409042358e-02,1.665160059928894043e-02
-1.406884193420410156e-02,3.103740513324737549e-03,4.914700239896774292e-02,1.667837798595428467e-02
-1.400649547576904297e-02,3.074526786804199219e-03,4.917076230049133301e-02,1.670497655868530273e-02
-1.394453644752502441e-02,3.045439720153808594e-03,4.919425398111343384e-02,1.673141121864318848e-02
-1.388295739889144897e-02,3.016524016857147217e-03,4.921756684780120850e-02,1.675766706466674805e-02
-1.382183283567428589e-02,2.987772226333618164e-03,4.924065619707107544e-02,1.678374409675598145e-02
-1.376109570264816284e-02,2.959147095680236816e-03,4.926353693008422852e-02,1.680959761142730713e-02
-1.370076090097427368e-02,2.930663526058197021e-03,4.928613454103469849e-02,1.683533191680908203e-02
-1.364083588123321533e-02,2.902396023273468018e-03,4.930858314037322998e-02,1.686082780361175537e-02
-1.358129084110260010e-02,2.874232828617095947e-03,4.933077096939086914e-02,1.688615977764129639e-02
-1.352216303348541260e-02,2.846226096153259277e-03,4.935279488563537598e-02,1.691132783889770508e-02
-1.346337050199508667e-02,2.818346023559570312e-03,4.937457293272018433e-02,1.693630218505859375e-02
-1.340497285127639771e-02,2.790629863739013672e-03,4.939612746238708496e-02,1.696114242076873779e-02
-1.334699988365173340e-02,2.763032913208007812e-03,4.941749572753906250e-02,1.698575913906097412e-02
-1.328933984041213989e-02,2.735570073127746582e-03,4.943864792585372925e-02,1.701027154922485352e-02
-1.323206722736358643e-02,2.708338201045989990e-03,4.945960640907287598e-02,1.703456044197082520e-02
-1.317518204450607300e-02,2.681151032447814941e-03,4.948034882545471191e-02,1.705873012542724609e-02
-1.311867684125900269e-02,2.654075622558593750e-03,4.950086027383804321e-02,1.708264648914337158e-02
-1.306251436471939087e-02,2.627171576023101807e-03,4.952117800712585449e-02,1.710650324821472168e-02
-1.300671696662902832e-02,2.600491046905517578e-03,4.954130947589874268e-02,1.713013648986816406e-02
-1.295127719640731812e-02,2.573832869529724121e-03,4.956118762493133545e-02,1.715362071990966797e-02
-1.289612054824829102e-02,2.547316253185272217e-03,4.958090931177139282e-02,1.717697083950042725e-02
-1.284136623144149780e-02,2.520985901355743408e-03,4.960040748119354248e-02,1.720011234283447266e-02
-1.278699934482574463e-02,2.494700253009796143e-03,4.961972683668136597e-02,1.722308993339538574e-02
-1.273286342620849609e-02,2.468571066856384277e-03,4.963886737823486328e-02,1.724594831466674805e-02
-1.267915964126586914e-02,2.442605793476104736e-03,4.965776205062866211e-02,1.726862788200378418e-02
-1.262575387954711914e-02,2.416759729385375977e-03,4.967647045850753784e-02,1.729115843772888184e-02
-1.257266104221343994e-02,2.390995621681213379e-03,4.969496279954910278e-02,1.731355488300323486e-02
-1.251992583274841309e-02,2.365365624427795410e-03,4.971332103013992310e-02,1.733577251434326172e-02
-1.246749609708786011e-02,2.339862287044525146e-03,4.973141849040985107e-02,1.735787093639373779e-02
-1.241542398929595947e-02,2.314478158950805664e-03,4.974935948848724365e-02,1.737985014915466309e-02
-1.236360520124435425e-02,2.289183437824249268e-03,4.976711422204971313e-02,1.740162074565887451e-02
-1.231212168931961060e-02,2.264022827148437500e-03,4.978464543819427490e-02,1.742322742938995361e-02
-1.226092875003814697e-02,2.238936722278594971e-03,4.980203136801719666e-02,1.744471490383148193e-02
-1.221007853746414185e-02,2.213992178440093994e-03,4.981920123100280762e-02,1.746605336666107178e-02
-1.215955615043640137e-02,2.189226448535919189e-03,4.983615130186080933e-02,1.748730242252349854e-02
-1.210930943489074707e-02,2.164483070373535156e-03,4.985298961400985718e-02,1.750832796096801758e-02
-1.205933839082717896e-02,2.139881253242492676e-03,4.986958205699920654e-02,1.752929389476776123e-02
-1.200965791940689087e-02,2.115406095981597900e-03,4.988599941134452820e-02,1.755006611347198486e-02
-1.196033507585525513e-02,2.090997993946075439e-03,4.990224167704582214e-02,1.757073402404785156e-02
-1.191125810146331787e-02,2.066686749458312988e-03,4.991829022765159607e-02,1.759123802185058594e-02
-1.186244189739227295e-02,2.042509615421295166e-03,4.993416741490364075e-02,1.761157810688018799e-02
-1.181397587060928345e-02,2.018436789512634277e-03,4.994986206293106079e-02,1.763184368610382080e-02
-1.176574081182479858e-02,1.994401216506958008e-03,4.996536672115325928e-02,1.765194535255432129e-02
-1.171782612800598145e-02,1.970581710338592529e-03,4.998068138957023621e-02,1.767186820507049561e-02
-1.167015731334686279e-02,1.946777105331420898e-03,4.999581724405288696e-02,1.769174635410308838e-02
-1.162277907133102417e-02,1.923054456710815430e-03,5.001081526279449463e-02,1.771146059036254883e-02
-1.157565414905548096e-02,1.899488270282745361e-03,5.002557858824729919e-02,1.773102581501007080e-02
-1.152881234884262085e-02,1.875989139080047607e-03,5.004017427563667297e-02,1.775044202804565430e-02
-1.148223876953125000e-02,1.852616667747497559e-03,5.005467310547828674e-02,1.776975393295288086e-02
-1.143591105937957764e-02,1.829288899898529053e-03,5.006896704435348511e-02,1.778891682624816895e-02
-1.138985902070999146e-02,1.806080341339111328e-03,5.008305981755256653e-02,1.780804991722106934e-02
-1.134403795003890991e-02,1.782976090908050537e-03,5.009693279862403870e-02,1.782698929309844971e-02
-1.129848510026931763e-02,1.759886741638183594e-03,5.011069029569625854e-02,1.784577965736389160e-02
-1.125322282314300537e-02,1.736961305141448975e-03,5.012432858347892761e-02,1.786448061466217041e-02
-1.120813190937042236e-02,1.714117825031280518e-03,5.013775825500488281e-02,1.788306236267089844e-02
-1.116334646940231323e-02,1.691371202468872070e-03,5.015100166201591492e-02,1.790149509906768799e-02
-1.111877709627151489e-02,1.668684184551239014e-03,5.016405135393142700e-02,1.791985332965850830e-02
-1.107446849346160889e-02,1.646049320697784424e-03,5.017698928713798523e-02,1.793807744979858398e-02
-1.103039830923080444e-02,1.623548567295074463e-03,5.018970370292663574e-02,1.795618236064910889e-02
-1.098657399415969849e-02,1.601152122020721436e-03,5.020230263471603394e-02,1.797415316104888916e-02
-1.094295829534530640e-02,1.578770577907562256e-03,5.021475255489349365e-02,1.799206435680389404e-02
-1.089961081743240356e-02,1.556523144245147705e-03,5.022698268294334412e-02,1.800979673862457275e-02
-1.085644960403442383e-02,1.534320414066314697e-03,5.023909732699394226e-02,1.802743971347808838e-02
-1.081357151269912720e-02,1.512236893177032471e-03,5.025102198123931885e-02,1.804496347904205322e-02
-1.077087223529815674e-02,1.490198075771331787e-03,5.026279389858245850e-02,1.806238293647766113e-02
-1.072841137647628784e-02,1.468263566493988037e-03,5.027442425489425659e-02,1.807969808578491211e-02
-1.068618893623352051e-02,1.446411013603210449e-03,5.028589069843292236e-02,1.809690892696380615e-02
-1.064416021108627319e-02,1.424603164196014404e-03,5.029722303152084351e-02,1.811400055885314941e-02
-1.060236245393753052e-02,1.402892172336578369e-03,5.030836164951324463e-02,1.813100278377532959e-02
-1.056073606014251709e-02,1.381248235702514648e-03,5.031931400299072266e-02,1.814785599708557129e-02
-1.051938533782958984e-02,1.359678804874420166e-03,5.033023655414581299e-02,1.816464960575103760e-02
-1.047819852828979492e-02,1.338176429271697998e-03,5.034086853265762329e-02,1.818129420280456543e-02
-1.043722778558731079e-02,1.316726207733154297e-03,5.035144835710525513e-02,1.819786429405212402e-02
-1.039647310972213745e-02,1.295387744903564453e-03,5.036181211471557617e-02,1.821435987949371338e-02
-1.035591959953308105e-02,1.274079084396362305e-03,5.037199705839157104e-02,1.823067665100097656e-02
-1.031560450792312622e-02,1.252889633178710938e-03,5.038212984800338745e-02,1.824696362018585205e-02
-1.027543842792510986e-02,1.231722533702850342e-03,5.039206892251968384e-02,1.826311647891998291e-02
-1.023552566766738892e-02,1.210644841194152832e-03,5.040182918310165405e-02,1.827916502952575684e-02
-1.019575446844100952e-02,1.189634203910827637e-03,5.041152238845825195e-02,1.829512417316436768e-02
-1.015617698431015015e-02,1.168660819530487061e-03,5.042096972465515137e-02,1.831094920635223389e-02
-1.011683046817779541e-02,1.147806644439697266e-03,5.043032020330429077e-02,1.832677423954010010e-02
-1.007763296365737915e-02,1.126959919929504395e-03,5.043953657150268555e-02,1.834240555763244629e-02
-1.003862917423248291e-02,1.106232404708862305e-03,5.044858157634735107e-02,1.835797727108001709e-02
-9.999804198741912842e-03,1.085527241230010986e-03,5.045749247074127197e-02,1.837347447872161865e-02
-9.961180388927459717e-03,1.064889132976531982e-03,5.046624690294265747e-02,1.838882267475128174e-02
-9.922765195369720459e-03,1.044340431690216064e-03,5.047492682933807373e-02,1.840414106845855713e-02
-9.884513914585113525e-03,1.023821532726287842e-03,5.048341304063796997e-02,1.841935515403747559e-02
-9.846433997154235840e-03,1.003347337245941162e-03,5.049175769090652466e-02,1.843446493148803711e-02
-9.808488190174102783e-03,9.829699993133544922e-04,5.049999058246612549e-02,1.844947040081024170e-02
-9.770773351192474365e-03,9.626522660255432129e-04,5.050805211067199707e-02,1.846440136432647705e-02
-9.733214974403381348e-03,9.423866868019104004e-04,5.051598697900772095e-02,1.847924292087554932e-02
-9.695850312709808350e-03,9.221658110618591309e-04,5.052381008863449097e-02,1.849400997161865234e-02
-9.658642113208770752e-03,9.020343422889709473e-04,5.053144693374633789e-02,1.850864291191101074e-02
-9.621553122997283936e-03,8.819624781608581543e-04,5.053900927305221558e-02,1.852324604988098145e-02
-9.584710001945495605e-03,8.618980646133422852e-04,5.054642260074615479e-02,1.853775978088378906e-02
-9.547948837280273438e-03,8.419007062911987305e-04,5.055367946624755859e-02,1.855215430259704590e-02
-9.511373937129974365e-03,8.220076560974121094e-04,5.056080222129821777e-02,1.856647431850433350e-02
-9.475015103816986084e-03,8.021146059036254883e-04,5.056780576705932617e-02,1.858073472976684570e-02
-9.438775479793548584e-03,7.822811603546142578e-04,5.057468265295028687e-02,1.859487593173980713e-02
-9.402677416801452637e-03,7.624775171279907227e-04,5.058141797780990601e-02,1.860892772674560547e-02
-9.366765618324279785e-03,7.427856326103210449e-04,5.058804899454116821e-02,1.862291991710662842e-02
-9.330958127975463867e-03,7.231011986732482910e-04,5.059452354907989502e-02,1.863689720630645752e-02
-9.295366704463958740e-03,7.034838199615478516e-04,5.060088634490966797e-02,1.865069568157196045e-02
-9.259909391403198242e-03,6.839260458946228027e-04,5.060710012912750244e-02,1.866443455219268799e-02
-9.224556386470794678e-03,6.643906235694885254e-04,5.061321705579757690e-02,1.867811381816864014e-02
-9.189382195472717285e-03,6.449297070503234863e-04,5.061922222375869751e-02,1.869173347949981689e-02
-9.154357016086578369e-03,6.254985928535461426e-04,5.062507092952728271e-02,1.870523393154144287e-02
-9.119465947151184082e-03,6.061345338821411133e-04,5.063081532716751099e-02,1.871871948242187500e-02
-9.084753692150115967e-03,5.867779254913330078e-04,5.063646286725997925e-02,1.873205602169036865e-02
-9.050138294696807861e-03,5.674660205841064453e-04,5.064192414283752441e-02,1.874539256095886230e-02
-9.015657007694244385e-03,5.482509732246398926e-04,5.064731091260910034e-02,1.875855028629302979e-02
-8.981354534626007080e-03,5.290582776069641113e-04,5.065254867076873779e-02,1.877175271511077881e-02
-8.947134017944335938e-03,5.098804831504821777e-04,5.065766721963882446e-02,1.878479123115539551e-02
-8.913122117519378662e-03,4.907995462417602539e-04,5.066269636154174805e-02,1.879781484603881836e-02
-8.879177272319793701e-03,4.716962575912475586e-04,5.066757649183273315e-02,1.881076395511627197e-02
-8.845396339893341064e-03,4.527270793914794922e-04,5.067233741283416748e-02,1.882362365722656250e-02
-8.811764419078826904e-03,4.337206482887268066e-04,5.067705363035202026e-02,1.883637905120849609e-02
-8.778229355812072754e-03,4.148036241531372070e-04,5.068156868219375610e-02,1.884911954402923584e-02
-8.744828402996063232e-03,3.958866000175476074e-04,5.068601667881011963e-02,1.886177062988281250e-02
-8.711569011211395264e-03,3.770291805267333984e-04,5.069034546613693237e-02,1.887434720993041992e-02
-8.678421378135681152e-03,3.582537174224853516e-04,5.069451779127120972e-02,1.888687908649444580e-02
-8.645422756671905518e-03,3.394559025764465332e-04,5.069858580827713013e-02,1.889935135841369629e-02
-8.612506091594696045e-03,3.207549452781677246e-04,5.070259422063827515e-02,1.891173422336578369e-02
-8.579753339290618896e-03,3.020539879798889160e-04,5.070642381906509399e-02,1.892402768135070801e-02
-8.547104895114898682e-03,2.833902835845947266e-04,5.071020871400833130e-02,1.893627643585205078e-02
-8.514530956745147705e-03,2.647414803504943848e-04,5.071388185024261475e-02,1.894845068454742432e-02
-8.482135832309722900e-03,2.462044358253479004e-04,5.071745067834854126e-02,1.896058022975921631e-02
-8.449792861938476562e-03,2.276301383972167969e-04,5.072081089019775391e-02,1.897265017032623291e-02
-8.417658507823944092e-03,2.091154456138610840e-04,5.072417855262756348e-02,1.898466050624847412e-02
-8.385583758354187012e-03,1.906976103782653809e-04,5.072736740112304688e-02,1.899658143520355225e-02
-8.353583514690399170e-03,1.722127199172973633e-04,5.073048919439315796e-02,1.900847256183624268e-02
-8.321739733219146729e-03,1.538395881652832031e-04,5.073347687721252441e-02,1.902024447917938232e-02
-8.290007710456848145e-03,1.354739069938659668e-04,5.073636025190353394e-02,1.903200149536132812e-02
-8.258342742919921875e-03,1.171529293060302734e-04,5.073914676904678345e-02,1.904369890689849854e-02
-8.226834237575531006e-03,9.883195161819458008e-05,5.074186623096466064e-02,1.905533671379089355e-02
-8.195444941520690918e-03,8.057057857513427734e-05,5.074443668127059937e-02,1.906692981719970703e-02
-8.164115250110626221e-03,6.233155727386474609e-05,5.074691772460937500e-02,1.907840371131896973e-02
-8.132897317409515381e-03,4.413723945617675781e-05,5.074933171272277832e-02,1.908987760543823242e-02
-8.101813495159149170e-03,2.595037221908569336e-05,5.075161904096603394e-02,1.910124719142913818e-02
-8.070819079875946045e-03,7.838010787963867188e-06,5.075372755527496338e-02,1.911260187625885010e-02
-8.039914071559906006e-03,-1.029670238494873047e-05,5.075585097074508667e-02,1.912391185760498047e-02
-8.009098470211029053e-03,-2.834945917129516602e-05,5.075784027576446533e-02,1.913511753082275391e-02
-7.978379726409912109e-03,-4.640221595764160156e-05,5.075971037149429321e-02,1.914633810520172119e-02
-7.947765290737152100e-03,-6.444007158279418945e-05,5.076150596141815186e-02,1.915743947029113770e-02
-7.917270064353942871e-03,-8.243322372436523438e-05,5.076321214437484741e-02,1.916846632957458496e-02
-7.886856794357299805e-03,-1.003891229629516602e-04,5.076479166746139526e-02,1.917950809001922607e-02
-7.856532931327819824e-03,-1.183226704597473145e-04,5.076631158590316772e-02,1.919047534465789795e-02
-7.826320827007293701e-03,-1.361817121505737305e-04,5.076771974563598633e-02,1.920136809349060059e-02
-7.796138525009155273e-03,-1.541078090667724609e-04,5.076903849840164185e-02,1.921221613883972168e-02
-7.766135036945343018e-03,-1.718923449516296387e-04,5.077026784420013428e-02,1.922300457954406738e-02
-7.736153900623321533e-03,-1.897439360618591309e-04,5.077138543128967285e-02,1.923379302024841309e-02
-7.706321775913238525e-03,-2.075582742691040039e-04,5.077243596315383911e-02,1.924449205398559570e-02
-7.676512002944946289e-03,-2.252981066703796387e-04,5.077338218688964844e-02,1.925513148307800293e-02
-7.646836340427398682e-03,-2.430379390716552734e-04,5.077417939901351929e-02,1.926574110984802246e-02
-7.617183029651641846e-03,-2.607405185699462891e-04,5.077504366636276245e-02,1.927630603313446045e-02
-7.587678730487823486e-03,-2.784281969070434570e-04,5.077568441629409790e-02,1.928684115409851074e-02
-7.558226585388183594e-03,-2.960935235023498535e-04,5.077622830867767334e-02,1.929725706577301025e-02
-7.528841495513916016e-03,-3.137737512588500977e-04,5.077676475048065186e-02,1.930767297744750977e-02
-7.499575614929199219e-03,-3.313943743705749512e-04,5.077719688415527344e-02,1.931804418563842773e-02
-7.470399141311645508e-03,-3.489851951599121094e-04,5.077751725912094116e-02,1.932838559150695801e-02
-7.441259920597076416e-03,-3.665313124656677246e-04,5.077775567770004272e-02,1.933859288692474365e-02
-7.412225008010864258e-03,-3.841072320938110352e-04,5.077787488698959351e-02,1.934884488582611084e-02
-7.383294403553009033e-03,-4.016011953353881836e-04,5.077794194221496582e-02,1.935903728008270264e-02
-7.354401051998138428e-03,-4.191100597381591797e-04,5.077791959047317505e-02,1.936915516853332520e-02
-7.325582206249237061e-03,-4.365965723991394043e-04,5.077784508466720581e-02,1.937925815582275391e-02
-7.296867668628692627e-03,-4.540309309959411621e-04,5.077765882015228271e-02,1.938933134078979492e-02
-7.268168032169342041e-03,-4.714950919151306152e-04,5.077740550041198730e-02,1.939931511878967285e-02
-7.239647209644317627e-03,-4.888549447059631348e-04,5.077703297138214111e-02,1.940928399562835693e-02
-7.211156189441680908e-03,-5.062744021415710449e-04,5.077656358480453491e-02,1.941919326782226562e-02
-7.182724773883819580e-03,-5.236640572547912598e-04,5.077606439590454102e-02,1.942905783653259277e-02
-7.154308259487152100e-03,-5.410537123680114746e-04,5.077546089887619019e-02,1.943890750408172607e-02
-7.126033306121826172e-03,-5.583316087722778320e-04,5.077480524778366089e-02,1.944866776466369629e-02
-7.097803056240081787e-03,-5.756318569183349609e-04,5.077401548624038696e-02,1.945844292640686035e-02
-7.069654762744903564e-03,-5.929768085479736328e-04,5.077321827411651611e-02,1.946812868118286133e-02
-7.041566073894500732e-03,-6.102174520492553711e-04,5.077231675386428833e-02,1.947778463363647461e-02
-7.013551890850067139e-03,-6.275102496147155762e-04,5.077132582664489746e-02,1.948741078376770020e-02
-6.985604763031005859e-03,-6.447583436965942383e-04,5.077025294303894043e-02,1.949702203273773193e-02
-6.957702338695526123e-03,-6.619766354560852051e-04,5.076909065246582031e-02,1.950654387474060059e-02
-6.929874420166015625e-03,-6.791725754737854004e-04,5.076789110898971558e-02,1.951606571674346924e-02
-6.902121007442474365e-03,-6.963834166526794434e-04,5.076661705970764160e-02,1.952552795410156250e-02
-6.874419748783111572e-03,-7.135495543479919434e-04,5.076521635055541992e-02,1.953497529029846191e-02
-6.846792995929718018e-03,-7.306709885597229004e-04,5.076379328966140747e-02,1.954436302185058594e-02
-6.819203495979309082e-03,-7.478371262550354004e-04,5.076228082180023193e-02,1.955372095108032227e-02
-6.819203495979309082e-03,-7.478371262550354004e-04,5.076228082180023193e-02,1.955372095108032227e-02
-6.819203495979309082e-03,-7.478371262550354004e-04,5.076228082180023193e-02,1.955372095108032227e-02
-7.304102182388305664e-03,-1.281276345252990723e-04,4.951669275760650635e-02,1.922960579395294189e-02
-7.717579603195190430e-03,3.260970115661621094e-04,4.834146797657012939e-02,1.891428232192993164e-02
-8.078165352344512939e-03,6.535723805427551270e-04,4.722507297992706299e-02,1.860766112804412842e-02
-8.401423692703247070e-03,8.865445852279663086e-04,4.615776985883712769e-02,1.830956339836120605e-02
-8.699938654899597168e-03,1.051135361194610596e-03,4.513143748044967651e-02,1.801970601081848145e-02
-8.981615304946899414e-03,1.163631677627563477e-03,4.414111375808715820e-02,1.773792505264282227e-02
-9.253889322280883789e-03,1.239687204360961914e-03,4.318155720829963684e-02,1.746392250061035156e-02
-9.522169828414916992e-03,1.291289925575256348e-03,4.224848747253417969e-02,1.719741523265838623e-02
-9.791538119316101074e-03,1.330815255641937256e-03,4.133709147572517395e-02,1.693794131278991699e-02
-1.006348431110382080e-02,1.361660659313201904e-03,4.044583439826965332e-02,1.668523252010345459e-02
-1.034007221460342407e-02,1.389659941196441650e-03,3.957214951515197754e-02,1.643903553485870361e-02
-1.062133163213729858e-02,1.414977014064788818e-03,3.871563822031021118e-02,1.619911193847656250e-02
-1.090720295906066895e-02,1.437783241271972656e-03,3.787603974342346191e-02,1.596550643444061279e-02
-1.119776815176010132e-02,1.458771526813507080e-03,3.705283999443054199e-02,1.573792099952697754e-02
-1.149279624223709106e-02,1.477152109146118164e-03,3.624614328145980835e-02,1.551638543605804443e-02
-1.179299503564834595e-02,1.495569944381713867e-03,3.545424342155456543e-02,1.530049741268157959e-02
-1.209847629070281982e-02,1.514948904514312744e-03,3.467641025781631470e-02,1.509013772010803223e-02
-1.240874826908111572e-02,1.534461975097656250e-03,3.391291946172714233e-02,1.488527655601501465e-02
-1.272363960742950439e-02,1.554071903228759766e-03,3.316359966993331909e-02,1.468579471111297607e-02
-1.304340362548828125e-02,1.575291156768798828e-03,3.242710977792739868e-02,1.449143886566162109e-02
-1.336793601512908936e-02,1.598656177520751953e-03,3.170288354158401489e-02,1.430198550224304199e-02
-1.369667798280715942e-02,1.623049378395080566e-03,3.099136054515838623e-02,1.411752402782440186e-02
-1.402938365936279297e-02,1.648381352424621582e-03,3.029246628284454346e-02,1.393786072731018066e-02
-1.436604559421539307e-02,1.675248146057128906e-03,2.960525453090667725e-02,1.376290619373321533e-02
-1.470678299665451050e-02,1.704260706901550293e-03,2.892884612083435059e-02,1.359225809574127197e-02
-1.505096256732940674e-02,1.734614372253417969e-03,2.826378494501113892e-02,1.342606544494628906e-02
-1.539826393127441406e-02,1.766145229339599609e-03,2.760989964008331299e-02,1.326423883438110352e-02
-1.574866473674774170e-02,1.798897981643676758e-03,2.696676552295684814e-02,1.310655474662780762e-02
-1.610221713781356812e-02,1.833170652389526367e-03,2.633354812860488892e-02,1.295287907123565674e-02
-1.645839959383010864e-02,1.868531107902526855e-03,2.571067214012145996e-02,1.280315220355987549e-02
-1.681695133447647095e-02,1.904919743537902832e-03,2.509794384241104126e-02,1.265737414360046387e-02
-1.717764139175415039e-02,1.942202448844909668e-03,2.449512481689453125e-02,1.251539587974548340e-02
-1.754057407379150391e-02,1.980349421501159668e-03,2.390171587467193604e-02,1.237705349922180176e-02
-1.790539175271987915e-02,2.019286155700683594e-03,2.331769466400146484e-02,1.224230229854583740e-02
-1.827190816402435303e-02,2.058938145637512207e-03,2.274291217327117920e-02,1.211108267307281494e-02
-1.863995939493179321e-02,2.099141478538513184e-03,2.217715233564376831e-02,1.198326051235198975e-02
-1.900946348905563354e-02,2.139955759048461914e-03,2.162011712789535522e-02,1.185874640941619873e-02
-1.938019692897796631e-02,2.181172370910644531e-03,2.107167989015579224e-02,1.173754036426544189e-02
-1.975207030773162842e-02,2.222836017608642578e-03,2.053164690732955933e-02,1.161941885948181152e-02
-2.012491226196289062e-02,2.264767885208129883e-03,1.999990642070770264e-02,1.150441169738769531e-02
-2.049858123064041138e-02,2.306997776031494141e-03,1.947619020938873291e-02,1.139238476753234863e-02
-2.087301760911941528e-02,2.349436283111572266e-03,1.896031200885772705e-02,1.128329336643218994e-02
-2.124800533056259155e-02,2.391993999481201172e-03,1.845214515924453735e-02,1.117706298828125000e-02
-2.162348479032516479e-02,2.434670925140380859e-03,1.795155555009841919e-02,1.107357442378997803e-02
-2.199920266866683960e-02,2.477362751960754395e-03,1.745837926864624023e-02,1.097284257411956787e-02
-2.237506210803985596e-02,2.520054578781127930e-03,1.697250455617904663e-02,1.087471842765808105e-02
-2.275106310844421387e-02,2.562671899795532227e-03,1.649364829063415527e-02,1.077918708324432373e-02
-2.312701195478439331e-02,2.605184912681579590e-03,1.602175831794738770e-02,1.068620383739471436e-02
-2.350289374589920044e-02,2.647548913955688477e-03,1.555661857128143311e-02,1.059557497501373291e-02
-2.387859672307968140e-02,2.689704298973083496e-03,1.509818434715270996e-02,1.050737500190734863e-02
-2.425391972064971924e-02,2.731651067733764648e-03,1.464618742465972900e-02,1.042148470878601074e-02
-2.462892234325408936e-02,2.773284912109375000e-03,1.420052349567413330e-02,1.033785939216613770e-02
-2.500328421592712402e-02,2.814605832099914551e-03,1.376125216484069824e-02,1.025643944740295410e-02
-2.537696808576583862e-02,2.855524420738220215e-03,1.332810521125793457e-02,1.017719507217407227e-02
-2.574995160102844238e-02,2.896070480346679688e-03,1.290093362331390381e-02,1.010003685951232910e-02
-2.612214535474777222e-02,2.936169505119323730e-03,1.247966289520263672e-02,1.002489030361175537e-02
-2.649351209402084351e-02,2.975806593894958496e-03,1.206412911415100098e-02,9.951800107955932617e-03
-2.686388790607452393e-02,3.014951944351196289e-03,1.165418326854705811e-02,9.880587458610534668e-03
-2.723333239555358887e-02,3.053590655326843262e-03,1.124976575374603271e-02,9.811237454414367676e-03
-2.760167419910430908e-02,3.091663122177124023e-03,1.085071265697479248e-02,9.743764996528625488e-03
-2.796869724988937378e-02,3.129124641418457031e-03,1.045709848403930664e-02,9.678095579147338867e-03
-2.833424508571624756e-02,3.165885806083679199e-03,1.006875932216644287e-02,9.614229202270507812e-03
-2.869846671819686890e-02,3.201961517333984375e-03,9.685546159744262695e-03,9.552031755447387695e-03
-2.906119823455810547e-02,3.237396478652954102e-03,9.307354688644409180e-03,9.491518139839172363e-03
-2.942243590950965881e-02,3.272056579589843750e-03,8.934110403060913086e-03,9.432628750801086426e-03
-2.978208661079406738e-02,3.306016325950622559e-03,8.565649390220642090e-03,9.375274181365966797e-03
-3.014009073376655579e-02,3.339186310768127441e-03,8.201941847801208496e-03,9.319514036178588867e-03
-3.049641847610473633e-02,3.371611237525939941e-03,7.842838764190673828e-03,9.265214204788208008e-03
-3.085096925497055054e-02,3.403186798095703125e-03,7.488310337066650391e-03,9.212374687194824219e-03
-3.120373561978340149e-02,3.433957695960998535e-03,7.138133049011230469e-03,9.160965681076049805e-03
-3.155465424060821533e-02,3.463894128799438477e-03,6.792381405830383301e-03,9.110942482948303223e-03
-3.190366923809051514e-02,3.492981195449829102e-03,6.450831890106201172e-03,9.062245488166809082e-03
-3.225078061223030090e-02,3.521174192428588867e-03,6.113514304161071777e-03,9.014859795570373535e-03
-3.259588778018951416e-02,3.548517823219299316e-03,5.780234932899475098e-03,8.968725800514221191e-03
-3.293899446725845337e-02,3.574877977371215820e-03,5.450993776321411133e-03,8.923843502998352051e-03
-3.328005969524383545e-02,3.600403666496276855e-03,5.125626921653747559e-03,8.880153298377990723e-03
-3.361903876066207886e-02,3.625005483627319336e-03,4.804134368896484375e-03,8.837640285491943359e-03
-3.395578265190124512e-02,3.648579120635986328e-03,4.486441612243652344e-03,8.796274662017822266e-03
-3.429039195179939270e-02,3.671228885650634766e-03,4.172474145889282227e-03,8.756026625633239746e-03
-3.462278097867965698e-02,3.692924976348876953e-03,3.862082958221435547e-03,8.716836571693420410e-03
-3.495296835899353027e-02,3.713652491569519043e-03,3.555178642272949219e-03,8.678674697875976562e-03
-3.528094291687011719e-02,3.733396530151367188e-03,3.251805901527404785e-03,8.641578257083892822e-03
-3.560665249824523926e-02,3.752142190933227539e-03,2.951815724372863770e-03,8.605435490608215332e-03
-3.593007102608680725e-02,3.769934177398681641e-03,2.655103802680969238e-03,8.570246398448944092e-03
-3.625119477510452271e-02,3.786712884902954102e-03,2.361685037612915039e-03,8.536018431186676025e-03
-3.657009080052375793e-02,3.802537918090820312e-03,2.071410417556762695e-03,8.502647280693054199e-03
-3.688657283782958984e-02,3.817304968833923340e-03,1.784220337867736816e-03,8.470177650451660156e-03
-3.720079734921455383e-02,3.831148147583007812e-03,1.500099897384643555e-03,8.438535034656524658e-03
-3.751266002655029297e-02,3.843948245048522949e-03,1.218944787979125977e-03,8.407756686210632324e-03
-3.782218694686889648e-02,3.855749964714050293e-03,9.406954050064086914e-04,8.377768099308013916e-03
-3.812935203313827515e-02,3.866568207740783691e-03,6.652772426605224609e-04,8.348532021045684814e-03
-3.843421861529350281e-02,3.876402974128723145e-03,3.926306962966918945e-04,8.320070803165435791e-03
-3.873669356107711792e-02,3.885209560394287109e-03,1.226961612701416016e-04,8.292384445667266846e-03
-3.903595358133316040e-02,3.892689943313598633e-03,-1.441687345504760742e-04,8.265383541584014893e-03
-3.933251649141311646e-02,3.899082541465759277e-03,-4.082620143890380859e-04,8.239164948463439941e-03
-3.962649405002593994e-02,3.904357552528381348e-03,-6.697177886962890625e-04,8.213572204113006592e-03
-3.991793841123580933e-02,3.908589482307434082e-03,-9.286254644393920898e-04,8.188679814338684082e-03
-4.020681977272033691e-02,3.911733627319335938e-03,-1.184970140457153320e-03,8.164405822753906250e-03
-4.049313813447952271e-02,3.913819789886474609e-03,-1.438856124877929688e-03,8.140750229358673096e-03
-4.077689349651336670e-02,3.914847970008850098e-03,-1.690357923507690430e-03,8.117690682411193848e-03
-4.105806350708007812e-02,3.914818167686462402e-03,-1.939505338668823242e-03,8.095189929008483887e-03
-4.133666306734085083e-02,3.913700580596923828e-03,-2.186328172683715820e-03,8.073322474956512451e-03
-4.161271452903747559e-02,3.911554813385009766e-03,-2.430886030197143555e-03,8.051939308643341064e-03
-4.188616573810577393e-02,3.908321261405944824e-03,-2.673238515853881836e-03,8.031092584133148193e-03
-4.215707629919052124e-02,3.904044628143310547e-03,-2.913385629653930664e-03,8.010752499103546143e-03
-4.242541640996932983e-02,3.898769617080688477e-03,-3.151476383209228516e-03,7.990926504135131836e-03
-4.269123077392578125e-02,3.892421722412109375e-03,-3.387451171875000000e-03,7.971584796905517578e-03
-4.295449703931808472e-02,3.885045647621154785e-03,-3.621444106101989746e-03,7.952667772769927979e-03
-4.321524500846862793e-02,3.876656293869018555e-03,-3.853380680084228516e-03,7.934212684631347656e-03
-4.347304999828338623e-02,3.867059946060180664e-03,-4.083245992660522461e-03,7.916204631328582764e-03
-4.372769594192504883e-02,3.856167197227478027e-03,-4.310905933380126953e-03,7.898688316345214844e-03
-4.397966712713241577e-02,3.844246268272399902e-03,-4.536628723144531250e-03,7.881544530391693115e-03
-4.422897100448608398e-02,3.831222653388977051e-03,-4.760473966598510742e-03,7.864825427532196045e-03
-4.447558522224426270e-02,3.817126154899597168e-03,-4.982441663742065430e-03,7.848456501960754395e-03
-4.471954703330993652e-02,3.801941871643066406e-03,-5.202621221542358398e-03,7.832497358322143555e-03
-4.496086388826370239e-02,3.785714507102966309e-03,-5.421042442321777344e-03,7.816851139068603516e-03
-4.519949108362197876e-02,3.768414258956909180e-03,-5.637675523757934570e-03,7.801547646522521973e-03
-4.543547332286834717e-02,3.750056028366088867e-03,-5.852654576301574707e-03,7.786601781845092773e-03
-4.566882550716400146e-02,3.730654716491699219e-03,-6.065919995307922363e-03,7.771976292133331299e-03
-4.589958488941192627e-02,3.710225224494934082e-03,-6.277590990066528320e-03,7.757686078548431396e-03
-4.612766206264495850e-02,3.688737750053405762e-03,-6.487607955932617188e-03,7.743664085865020752e-03
-4.635316133499145508e-02,3.666192293167114258e-03,-6.696090102195739746e-03,7.729925215244293213e-03
-4.657608270645141602e-02,3.642663359642028809e-03,-6.903052330017089844e-03,7.716476917266845703e-03
-4.679641127586364746e-02,3.618106245994567871e-03,-7.108449935913085938e-03,7.703259587287902832e-03
-4.701419174671173096e-02,3.592550754547119141e-03,-7.312431931495666504e-03,7.690377533435821533e-03
-4.722935706377029419e-02,3.565952181816101074e-03,-7.514953613281250000e-03,7.677674293518066406e-03
-4.744125902652740479e-02,3.538072109222412109e-03,-7.715731859207153320e-03,7.665269076824188232e-03
-4.765048623085021973e-02,3.509148955345153809e-03,-7.915049791336059570e-03,7.653087377548217773e-03
-4.785709828138351440e-02,3.479182720184326172e-03,-8.113011717796325684e-03,7.641114294528961182e-03
-4.806104302406311035e-02,3.448218107223510742e-03,-8.309602737426757812e-03,7.629387080669403076e-03
-4.826233536005020142e-02,3.416195511817932129e-03,-8.504822850227355957e-03,7.617793977260589600e-03
-4.846103489398956299e-02,3.383204340934753418e-03,-8.698761463165283203e-03,7.606491446495056152e-03
-4.865712672472000122e-02,3.349170088768005371e-03,-8.891314268112182617e-03,7.595330476760864258e-03
-4.885059595108032227e-02,3.314107656478881836e-03,-9.082689881324768066e-03,7.584333419799804688e-03
-4.904151707887649536e-02,3.278061747550964355e-03,-9.272724390029907227e-03,7.573530077934265137e-03
-4.922981560230255127e-02,3.241017460823059082e-03,-9.461611509323120117e-03,7.562905550003051758e-03
-4.941561818122863770e-02,3.202989697456359863e-03,-9.649276733398437500e-03,7.552407681941986084e-03
-4.959885776042938232e-02,3.164008259773254395e-03,-9.835720062255859375e-03,7.542081177234649658e-03
-4.977955669164657593e-02,3.124028444290161133e-03,-1.002109050750732422e-02,7.531888782978057861e-03
-4.995779693126678467e-02,3.083050251007080078e-03,-1.020528376102447510e-02,7.521808147430419922e-03
-5.013351887464523315e-02,3.041207790374755859e-03,-1.038838922977447510e-02,7.511913776397705078e-03
-5.030674487352371216e-02,2.998322248458862305e-03,-1.057043671607971191e-02,7.502108812332153320e-03
-5.047725886106491089e-02,2.954453229904174805e-03,-1.075130701065063477e-02,7.492408156394958496e-03
-5.064512044191360474e-02,2.909541130065917969e-03,-1.093108952045440674e-02,7.482863962650299072e-03
-5.081047117710113525e-02,2.863705158233642578e-03,-1.110973954200744629e-02,7.473409175872802734e-03
-5.097331851720809937e-02,2.816915512084960938e-03,-1.128742098808288574e-02,7.464058697223663330e-03
-5.113363265991210938e-02,2.769172191619873047e-03,-1.146413385868072510e-02,7.454782724380493164e-03
-5.129152536392211914e-02,2.720504999160766602e-03,-1.163977384567260742e-02,7.445640861988067627e-03
-5.144688487052917480e-02,2.670854330062866211e-03,-1.181444525718688965e-02,7.436558604240417480e-03
-5.159976333379745483e-02,2.620279788970947266e-03,-1.198814809322357178e-02,7.427528500556945801e-03
-5.175022780895233154e-02,2.568811178207397461e-03,-1.216092705726623535e-02,7.418602705001831055e-03
-5.189821124076843262e-02,2.516359090805053711e-03,-1.233276724815368652e-02,7.409729063510894775e-03
-5.204382538795471191e-02,2.463072538375854492e-03,-1.250368356704711914e-02,7.400967180728912354e-03
-5.218695104122161865e-02,2.408802509307861328e-03,-1.267373561859130859e-02,7.392220199108123779e-03
-5.232766270637512207e-02,2.353668212890625000e-03,-1.284293830394744873e-02,7.383540272712707520e-03
-5.246598273515701294e-02,2.297639846801757812e-03,-1.301121711730957031e-02,7.374919950962066650e-03
-5.260192602872848511e-02,2.240657806396484375e-03,-1.317870616912841797e-02,7.366344332695007324e-03
-5.273547768592834473e-02,2.182841300964355469e-03,-1.334525644779205322e-02,7.357835769653320312e-03
-5.286661535501480103e-02,2.124160528182983398e-03,-1.351103186607360840e-02,7.349334657192230225e-03
-5.299548059701919556e-02,2.064555883407592773e-03,-1.367600262165069580e-02,7.340900599956512451e-03
-5.312190204858779907e-02,2.004116773605346680e-03,-1.384016871452331543e-02,7.332466542720794678e-03
-5.324599891901016235e-02,1.942783594131469727e-03,-1.400351524353027344e-02,7.324054837226867676e-03
-5.336778610944747925e-02,1.880586147308349609e-03,-1.416608691215515137e-02,7.315725088119506836e-03
-5.348724126815795898e-02,1.817554235458374023e-03,-1.432794332504272461e-02,7.307372987270355225e-03
-5.360437184572219849e-02,1.753628253936767578e-03,-1.448900997638702393e-02,7.299065589904785156e-03
-5.371921509504318237e-02,1.688838005065917969e-03,-1.464939117431640625e-02,7.290713489055633545e-03
-5.383174121379852295e-02,1.623243093490600586e-03,-1.480901241302490234e-02,7.282428443431854248e-03
-5.394202470779418945e-02,1.556813716888427734e-03,-1.496788859367370605e-02,7.274135947227478027e-03
-5.405003577470779419e-02,1.489549875259399414e-03,-1.512610912322998047e-02,7.265895605087280273e-03
-5.415576696395874023e-02,1.421481370925903320e-03,-1.528361439704895020e-02,7.257603108882904053e-03
-5.425926297903060913e-02,1.352518796920776367e-03,-1.544040441513061523e-02,7.249295711517333984e-03
-5.436051636934280396e-02,1.282811164855957031e-03,-1.559656858444213867e-02,7.241077721118927002e-03
-5.445954203605651855e-02,1.212239265441894531e-03,-1.575204730033874512e-02,7.232747972011566162e-03
-5.455633252859115601e-02,1.140892505645751953e-03,-1.590684056282043457e-02,7.224470376968383789e-03
-5.465093255043029785e-02,1.068741083145141602e-03,-1.606100797653198242e-02,7.216192781925201416e-03
-5.474349111318588257e-02,9.958744049072265625e-04,-1.621460914611816406e-02,7.207885384559631348e-03
-5.483390390872955322e-02,9.221732616424560547e-04,-1.636758446693420410e-02,7.199540734291076660e-03
-5.492220818996429443e-02,8.477270603179931641e-04,-1.651996374130249023e-02,7.191225886344909668e-03
-5.500841140747070312e-02,7.725059986114501953e-04,-1.667174696922302246e-02,7.182881236076354980e-03
-5.509243160486221313e-02,6.965398788452148438e-04,-1.682293415069580078e-02,7.174484431743621826e-03
-5.517439544200897217e-02,6.198287010192871094e-04,-1.697358489036560059e-02,7.166109979152679443e-03
-5.525429546833038330e-02,5.423724651336669922e-04,-1.712359488010406494e-02,7.157698273658752441e-03
-5.533212423324584961e-02,4.641711711883544922e-04,-1.727309823036193848e-02,7.149271667003631592e-03
-5.540792644023895264e-02,3.851950168609619141e-04,-1.742203533649444580e-02,7.140755653381347656e-03
-5.548164248466491699e-02,3.055036067962646484e-04,-1.757040619850158691e-02,7.132269442081451416e-03
-5.555331707000732422e-02,2.251267433166503906e-04,-1.771828532218933105e-02,7.123753428459167480e-03
-5.562299489974975586e-02,1.440048217773437500e-04,-1.786568760871887207e-02,7.115177810192108154e-03
-5.569069087505340576e-02,6.216764450073242188e-05,-1.801249384880065918e-02,7.106587290763854980e-03
-5.575636029243469238e-02,-2.035498619079589844e-05,-1.815876364707946777e-02,7.097966969013214111e-03
-5.582009255886077881e-02,-1.036226749420166016e-04,-1.830458641052246094e-02,7.089316844940185547e-03
-5.588188767433166504e-02,-1.875758171081542969e-04,-1.844990253448486328e-02,7.080607116222381592e-03
-5.594168603420257568e-02,-2.721846103668212891e-04,-1.859469711780548096e-02,7.071867585182189941e-03
-5.599959194660186768e-02,-3.575384616851806641e-04,-1.873907446861267090e-02,7.063090801239013672e-03
-5.605553090572357178e-02,-4.435181617736816406e-04,-1.888290047645568848e-02,7.054261863231658936e-03
-5.610959231853485107e-02,-5.301535129547119141e-04,-1.902630925178527832e-02,7.045418024063110352e-03
-5.616176128387451172e-02,-6.174743175506591797e-04,-1.916927099227905273e-02,7.036499679088592529e-03
-5.621200799942016602e-02,-7.054805755615234375e-04,-1.931172609329223633e-02,7.027566432952880859e-03
-5.626040697097778320e-02,-7.941424846649169922e-04,-1.945376396179199219e-02,7.018543779850006104e-03
-5.630698800086975098e-02,-8.834302425384521484e-04,-1.959538459777832031e-02,7.009513676166534424e-03
-5.635169148445129395e-02,-9.733736515045166016e-04,-1.973646879196166992e-02,7.000438868999481201e-03
-5.639456212520599365e-02,-1.063942909240722656e-03,-1.987719535827636719e-02,6.991334259510040283e-03
-5.643562972545623779e-02,-1.155167818069458008e-03,-2.001753449440002441e-02,6.982117891311645508e-03
-5.647490918636322021e-02,-1.246988773345947266e-03,-2.015736699104309082e-02,6.972923874855041504e-03
-5.651237070560455322e-02,-1.339435577392578125e-03,-2.029684185981750488e-02,6.963640451431274414e-03
-5.654805898666381836e-02,-1.432567834854125977e-03,-2.043592929840087891e-02,6.954297423362731934e-03
-5.658194422721862793e-02,-1.526266336441040039e-03,-2.057459950447082520e-02,6.944902241230010986e-03
-5.661414563655853271e-02,-1.620560884475708008e-03,-2.071288228034973145e-02,6.935477256774902344e-03
-5.664458870887756348e-02,-1.715481281280517578e-03,-2.085071802139282227e-02,6.925977766513824463e-03
-5.667319893836975098e-02,-1.810967922210693359e-03,-2.098816633224487305e-02,6.916448473930358887e-03
-5.670011043548583984e-02,-1.907110214233398438e-03,-2.112522721290588379e-02,6.906881928443908691e-03
-5.672530829906463623e-02,-2.003788948059082031e-03,-2.126196026802062988e-02,6.897233426570892334e-03
-5.674879252910614014e-02,-2.101063728332519531e-03,-2.139827609062194824e-02,6.887532770633697510e-03
-5.677060782909393311e-02,-2.198964357376098633e-03,-2.153420448303222656e-02,6.877772510051727295e-03
-5.679073929786682129e-02,-2.297401428222656250e-03,-2.166979014873504639e-02,6.867937743663787842e-03
-5.680918693542480469e-02,-2.396404743194580078e-03,-2.180504798889160156e-02,6.858102977275848389e-03
-5.682599544525146484e-02,-2.495974302291870117e-03,-2.193982899188995361e-02,6.848216056823730469e-03
-5.684112012386322021e-02,-2.596139907836914062e-03,-2.207437157630920410e-02,6.838217377662658691e-03
-5.685460567474365234e-02,-2.696841955184936523e-03,-2.220851182937622070e-02,6.828144192695617676e-03
-5.686652660369873047e-02,-2.798080444335937500e-03,-2.234227955341339111e-02,6.818085908889770508e-03
-5.687676370143890381e-02,-2.899885177612304688e-03,-2.247573435306549072e-02,6.807938218116760254e-03
-5.688542127609252930e-02,-3.002226352691650391e-03,-2.260887622833251953e-02,6.797738373279571533e-03
-5.689249932765960693e-02,-3.105103969573974609e-03,-2.274158596992492676e-02,6.787486374378204346e-03
-5.689796805381774902e-02,-3.208547830581665039e-03,-2.287402749061584473e-02,6.777189671993255615e-03
-5.690185725688934326e-02,-3.312498331069946289e-03,-2.300612628459930420e-02,6.766788661479949951e-03
-5.690421164035797119e-02,-3.416955471038818359e-03,-2.313788235187530518e-02,6.756372749805450439e-03
-5.690492689609527588e-02,-3.521919250488281250e-03,-2.326931059360504150e-02,6.745882332324981689e-03
-5.690413713455200195e-02,-3.627479076385498047e-03,-2.340042591094970703e-02,6.735317409038543701e-03
-5.690184235572814941e-02,-3.733485937118530273e-03,-2.353124320507049561e-02,6.724745035171508789e-03
-5.689798295497894287e-02,-3.840059041976928711e-03,-2.366164326667785645e-02,6.714090704917907715e-03
-5.689260363578796387e-02,-3.947079181671142578e-03,-2.379176020622253418e-02,6.703346967697143555e-03
-5.688574910163879395e-02,-4.054605960845947266e-03,-2.392160892486572266e-02,6.692565977573394775e-03
-5.687734484672546387e-02,-4.162669181823730469e-03,-2.405112981796264648e-02,6.681784987449645996e-03
-5.686739087104797363e-02,-4.271209239959716797e-03,-2.418030798435211182e-02,6.670862436294555664e-03
-5.685602128505706787e-02,-4.380226135253906250e-03,-2.430918812751770020e-02,6.659932434558868408e-03
-5.684316158294677734e-02,-4.489779472351074219e-03,-2.443774044513702393e-02,6.648927927017211914e-03
-5.682879686355590820e-02,-4.599750041961669922e-03,-2.456605434417724609e-02,6.637886166572570801e-03
-5.681303143501281738e-02,-4.710286855697631836e-03,-2.469395101070404053e-02,6.626769900321960449e-03
-5.679634213447570801e-02,-4.821032285690307617e-03,-2.482178807258605957e-02,6.615616381168365479e-03
-5.677834153175354004e-02,-4.932194948196411133e-03,-2.494943141937255859e-02,6.604395806789398193e-03
-5.675895512104034424e-02,-5.043894052505493164e-03,-2.507673203945159912e-02,6.593100726604461670e-03
-5.673827230930328369e-02,-5.155980587005615234e-03,-2.520376443862915039e-02,6.581738591194152832e-03
-5.671620368957519531e-02,-5.268454551696777344e-03,-2.533058822154998779e-02,6.570354104042053223e-03
-5.669283866882324219e-02,-5.381464958190917969e-03,-2.545711398124694824e-02,6.558924913406372070e-03
-5.666817724704742432e-02,-5.494803190231323242e-03,-2.558329701423645020e-02,6.547428667545318604e-03
-5.664221942424774170e-02,-5.608648061752319336e-03,-2.570930123329162598e-02,6.535880267620086670e-03
-5.661490559577941895e-02,-5.722820758819580078e-03,-2.583506703376770020e-02,6.524257361888885498e-03
-5.658635497093200684e-02,-5.837470293045043945e-03,-2.596050500869750977e-02,6.512589752674102783e-03
-5.655649304389953613e-02,-5.952507257461547852e-03,-2.608573436737060547e-02,6.500869989395141602e-03
-5.652542412281036377e-02,-6.067961454391479492e-03,-2.621072530746459961e-02,6.489098072052001953e-03
-5.649308860301971436e-02,-6.183803081512451172e-03,-2.633547782897949219e-02,6.477311253547668457e-03
-5.645948648452758789e-02,-6.300091743469238281e-03,-2.645990252494812012e-02,6.465360522270202637e-03
-5.642467737197875977e-02,-6.416678428649902344e-03,-2.658416330814361572e-02,6.453447043895721436e-03
-5.638861656188964844e-02,-6.533712148666381836e-03,-2.670812606811523438e-02,6.441473960876464844e-03
-5.635143816471099854e-02,-6.651103496551513672e-03,-2.683185040950775146e-02,6.429426372051239014e-03
-5.631299316883087158e-02,-6.768822669982910156e-03,-2.695533633232116699e-02,6.417348980903625488e-03
-5.627340078353881836e-02,-6.886988878250122070e-03,-2.707859873771667480e-02,6.405204534530639648e-03
-5.623257160186767578e-02,-7.005542516708374023e-03,-2.720165252685546875e-02,6.392985582351684570e-03
-5.619065463542938232e-02,-7.124423980712890625e-03,-2.732445299625396729e-02,6.380744278430938721e-03
-5.614754557609558105e-02,-7.243663072586059570e-03,-2.744698524475097656e-02,6.368495523929595947e-03
-5.610324442386627197e-02,-7.363259792327880859e-03,-2.756935358047485352e-02,6.356112658977508545e-03
-5.605784058570861816e-02,-7.483243942260742188e-03,-2.769142389297485352e-02,6.343737244606018066e-03
-5.601133406162261963e-02,-7.603526115417480469e-03,-2.781328558921813965e-02,6.331317126750946045e-03
-5.596369504928588867e-02,-7.724225521087646484e-03,-2.793496847152709961e-02,6.318867206573486328e-03
-5.591495335102081299e-02,-7.845193147659301758e-03,-2.805636823177337646e-02,6.306312978267669678e-03
-5.586509406566619873e-02,-7.966578006744384766e-03,-2.817752957344055176e-02,6.293743848800659180e-03
-5.581413209438323975e-02,-8.088231086730957031e-03,-2.829849720001220703e-02,6.281077861785888672e-03
-5.576226115226745605e-02,-8.210211992263793945e-03,-2.841928601264953613e-02,6.268374621868133545e-03
-5.570936203002929688e-02,-8.332520723342895508e-03,-2.853986620903015137e-02,6.255678832530975342e-03
-5.565536022186279297e-02,-8.455157279968261719e-03,-2.866023778915405273e-02,6.242953240871429443e-03
-5.560036003589630127e-02,-8.578032255172729492e-03,-2.878043055534362793e-02,6.230145692825317383e-03
-5.554436147212982178e-02,-8.701294660568237305e-03,-2.890044450759887695e-02,6.217256188392639160e-03
-5.548730492591857910e-02,-8.824825286865234375e-03,-2.902017533779144287e-02,6.204351782798767090e-03
-5.542927980422973633e-02,-8.948713541030883789e-03,-2.913974225521087646e-02,6.191410124301910400e-03
-5.537022650241851807e-02,-9.072870016098022461e-03,-2.925911545753479004e-02,6.178423762321472168e-03
-5.531021952629089355e-02,-9.197294712066650391e-03,-2.937823534011840820e-02,6.165415048599243164e-03
-5.524925887584686279e-02,-9.322047233581542969e-03,-2.949720621109008789e-02,6.152309477329254150e-03
-5.518724024295806885e-02,-9.447097778320312500e-03,-2.961596846580505371e-02,6.139218807220458984e-03
-5.512435734272003174e-02,-9.572416543960571289e-03,-2.973449230194091797e-02,6.126068532466888428e-03
-5.506050586700439453e-02,-9.698003530502319336e-03,-2.985285222530364990e-02,6.112881004810333252e-03
-5.499567091464996338e-02,-9.823918342590332031e-03,-2.997100353240966797e-02,6.099618971347808838e-03
-5.492992699146270752e-02,-9.950041770935058594e-03,-3.008900582790374756e-02,6.086364388465881348e-03
-5.486331880092620850e-02,-1.007646322250366211e-02,-3.020673990249633789e-02,6.073087453842163086e-03
-5.479571223258972168e-02,-1.020321249961853027e-02,-3.032433986663818359e-02,6.059691309928894043e-03
-5.472721159458160400e-02,-1.033014059066772461e-02,-3.044173121452331543e-02,6.046280264854431152e-03
-5.465784668922424316e-02,-1.045742630958557129e-02,-3.055888414382934570e-02,6.032906472682952881e-03
-5.458758771419525146e-02,-1.058489084243774414e-02,-3.067591786384582520e-02,6.019420921802520752e-03
-5.451643466949462891e-02,-1.071262359619140625e-02,-3.079272806644439697e-02,6.005913019180297852e-03
-5.444440245628356934e-02,-1.084059476852416992e-02,-3.090938925743103027e-02,5.992367863655090332e-03
-5.437152087688446045e-02,-1.096886396408081055e-02,-3.102579712867736816e-02,5.978763103485107422e-03
-5.429781973361968994e-02,-1.109737157821655273e-02,-3.114205598831176758e-02,5.965188145637512207e-03
-5.422322452068328857e-02,-1.122608780860900879e-02,-3.125810623168945312e-02,5.951501429080963135e-03
-5.414780974388122559e-02,-1.135510206222534180e-02,-3.137397766113281250e-02,5.937837064266204834e-03
-5.407151579856872559e-02,-1.148426532745361328e-02,-3.148970007896423340e-02,5.924105644226074219e-03
-5.399447679519653320e-02,-1.161375641822814941e-02,-3.160521388053894043e-02,5.910389125347137451e-03
-5.391654372215270996e-02,-1.174339652061462402e-02,-3.172056376934051514e-02,5.896583199501037598e-03
-5.383795499801635742e-02,-1.187327504158020020e-02,-3.183571994304656982e-02,5.882792174816131592e-03
-5.375862121582031250e-02,-1.200342178344726562e-02,-3.195075690746307373e-02,5.868941545486450195e-03
-5.367848277091979980e-02,-1.213374733924865723e-02,-3.206568956375122070e-02,5.855046212673187256e-03
-5.359758436679840088e-02,-1.226425170898437500e-02,-3.218030929565429688e-02,5.841158330440521240e-03
-5.351598560810089111e-02,-1.239499449729919434e-02,-3.229486942291259766e-02,5.827203392982482910e-03
-5.343358218669891357e-02,-1.252594590187072754e-02,-3.240919113159179688e-02,5.813255906105041504e-03
-5.335043370723724365e-02,-1.265704631805419922e-02,-3.252339363098144531e-02,5.799271166324615479e-03
-5.326658487319946289e-02,-1.278841495513916016e-02,-3.263738751411437988e-02,5.785249173641204834e-03
-5.318200588226318359e-02,-1.292002201080322266e-02,-3.275129199028015137e-02,5.771167576313018799e-03
-5.309668183326721191e-02,-1.305174827575683594e-02,-3.286492824554443359e-02,5.757100880146026611e-03
-5.301062762737274170e-02,-1.318371295928955078e-02,-3.297844529151916504e-02,5.742982029914855957e-03
-5.292388796806335449e-02,-1.331582665443420410e-02,-3.309184312820434570e-02,5.728848278522491455e-03
-5.283647775650024414e-02,-1.344820857048034668e-02,-3.320503234863281250e-02,5.714654922485351562e-03
-5.274836719036102295e-02,-1.358067989349365234e-02,-3.331807255744934082e-02,5.700469017028808594e-03
-5.265957117080688477e-02,-1.371338963508605957e-02,-3.343093395233154297e-02,5.686290562152862549e-03
-5.257007479667663574e-02,-1.384630799293518066e-02,-3.354364633560180664e-02,5.672067403793334961e-03
-5.247998237609863281e-02,-1.397934556007385254e-02,-3.365616500377655029e-02,5.657806992530822754e-03
-5.238918960094451904e-02,-1.411259174346923828e-02,-3.376859426498413086e-02,5.643524229526519775e-03
-5.229771137237548828e-02,-1.424601674079895020e-02,-3.388080000877380371e-02,5.629181861877441406e-03
-5.220560729503631592e-02,-1.437956094741821289e-02,-3.399290144443511963e-02,5.614891648292541504e-03
-5.211287736892700195e-02,-1.451331377029418945e-02,-3.410479426383972168e-02,5.600534379482269287e-03
-5.201949179172515869e-02,-1.464724540710449219e-02,-3.421655297279357910e-02,5.586132407188415527e-03
-5.192548036575317383e-02,-1.478126645088195801e-02,-3.432810306549072266e-02,5.571715533733367920e-03
-5.183087289333343506e-02,-1.491555571556091309e-02,-3.443957865238189697e-02,5.557298660278320312e-03
-5.173563957214355469e-02,-1.504987478256225586e-02,-3.455087542533874512e-02,5.542874336242675781e-03
-5.163981020450592041e-02,-1.518446207046508789e-02,-3.466196358203887939e-02,5.528420209884643555e-03
-5.154339969158172607e-02,-1.531916856765747070e-02,-3.477296233177185059e-02,5.513936281204223633e-03
-5.144631862640380859e-02,-1.545399427413940430e-02,-3.488381206989288330e-02,5.499437451362609863e-03
-5.134873092174530029e-02,-1.558899879455566406e-02,-3.499446809291839600e-02,5.484916269779205322e-03
-5.125056207180023193e-02,-1.572415232658386230e-02,-3.510500490665435791e-02,5.470402538776397705e-03
-5.115185678005218506e-02,-1.585936546325683594e-02,-3.521542251110076904e-02,5.455821752548217773e-03
-5.105260014533996582e-02,-1.599478721618652344e-02,-3.532570600509643555e-02,5.441263318061828613e-03
-5.095282196998596191e-02,-1.613032817840576172e-02,-3.543573617935180664e-02,5.426660180091857910e-03
-5.085247755050659180e-02,-1.626598834991455078e-02,-3.554570674896240234e-02,5.412079393863677979e-03
-5.075159668922424316e-02,-1.640182733535766602e-02,-3.565555810928344727e-02,5.397491157054901123e-03
-5.065020918846130371e-02,-1.653778553009033203e-02,-3.576517105102539062e-02,5.382806062698364258e-03
-5.054825544357299805e-02,-1.667383313179016113e-02,-3.587469458580017090e-02,5.368165671825408936e-03
-5.044578015804290771e-02,-1.681005954742431641e-02,-3.598411381244659424e-02,5.353517830371856689e-03
-5.034276843070983887e-02,-1.694631576538085938e-02,-3.609336912631988525e-02,5.338825285434722900e-03
-5.023929476737976074e-02,-1.708275079727172852e-02,-3.620246052742004395e-02,5.324117839336395264e-03
-5.013529956340789795e-02,-1.721936464309692383e-02,-3.631141781806945801e-02,5.309402942657470703e-03
-5.003087222576141357e-02,-1.735597848892211914e-02,-3.642019629478454590e-02,5.294732749462127686e-03
-4.992583394050598145e-02,-1.749277114868164062e-02,-3.652887046337127686e-02,5.280002951622009277e-03
-4.982036352157592773e-02,-1.762971282005310059e-02,-3.663736581802368164e-02,5.265243351459503174e-03
-4.971444606781005859e-02,-1.776671409606933594e-02,-3.674577176570892334e-02,5.250528454780578613e-03
-4.960803687572479248e-02,-1.790380477905273438e-02,-3.685402870178222656e-02,5.235746502876281738e-03
-4.950115084648132324e-02,-1.804107427597045898e-02,-3.696215152740478516e-02,5.220934748649597168e-03
-4.939381778240203857e-02,-1.817834377288818359e-02,-3.707006573677062988e-02,5.206167697906494141e-03
-4.928597807884216309e-02,-1.831579208374023438e-02,-3.717789053916931152e-02,5.191370844841003418e-03
-4.917776584625244141e-02,-1.845335960388183594e-02,-3.728558123111724854e-02,5.176596343517303467e-03
-4.906901717185974121e-02,-1.859092712402343750e-02,-3.739315271377563477e-02,5.161739885807037354e-03
-4.895988106727600098e-02,-1.872870326042175293e-02,-3.750059008598327637e-02,5.146913230419158936e-03
-4.885031282901763916e-02,-1.886650919914245605e-02,-3.760783374309539795e-02,5.132116377353668213e-03
-4.874023795127868652e-02,-1.900443434715270996e-02,-3.771495819091796875e-02,5.117237567901611328e-03
-4.862980544567108154e-02,-1.914241909980773926e-02,-3.782193362712860107e-02,5.102418363094329834e-03
-4.851895570755004883e-02,-1.928052306175231934e-02,-3.792884945869445801e-02,5.087584257125854492e-03
-4.840764403343200684e-02,-1.941874623298645020e-02,-3.803557157516479492e-02,5.072697997093200684e-03
-4.829597473144531250e-02,-1.955696940422058105e-02,-3.814214468002319336e-02,5.057834088802337646e-03
-4.818382859230041504e-02,-1.969531178474426270e-02,-3.824862837791442871e-02,5.042955279350280762e-03
-4.807139933109283447e-02,-1.983374357223510742e-02,-3.835502266883850098e-02,5.028083920478820801e-03
-4.795858263969421387e-02,-1.997226476669311523e-02,-3.846117854118347168e-02,5.013190209865570068e-03
-4.784542322158813477e-02,-2.011084556579589844e-02,-3.856733441352844238e-02,4.998326301574707031e-03
-4.773181676864624023e-02,-2.024948596954345703e-02,-3.867332637310028076e-02,4.983425140380859375e-03
-4.761791229248046875e-02,-2.038821578025817871e-02,-3.877913951873779297e-02,4.968531429767608643e-03
-4.750356078147888184e-02,-2.052703499794006348e-02,-3.888484835624694824e-02,4.953622817993164062e-03
-4.738889634609222412e-02,-2.066588401794433594e-02,-3.899045288562774658e-02,4.938706755638122559e-03
-4.727384448051452637e-02,-2.080482244491577148e-02,-3.909590840339660645e-02,4.923805594444274902e-03
-4.715843498706817627e-02,-2.094382047653198242e-02,-3.920122981071472168e-02,4.908904433250427246e-03
-4.704268276691436768e-02,-2.108287811279296875e-02,-3.930641710758209229e-02,4.893988370895385742e-03
-4.692661762237548828e-02,-2.122205495834350586e-02,-3.941151499748229980e-02,4.879049956798553467e-03
-4.681017994880676270e-02,-2.136126160621643066e-02,-3.951646387577056885e-02,4.864126443862915039e-03
-4.669344425201416016e-02,-2.150049805641174316e-02,-3.962129354476928711e-02,4.849269986152648926e-03
-4.657630622386932373e-02,-2.163982391357421875e-02,-3.972598910331726074e-02,4.834331572055816650e-03
-4.645887017250061035e-02,-2.177920937538146973e-02,-3.983053565025329590e-02,4.819393157958984375e-03
-4.634115099906921387e-02,-2.191862463951110840e-02,-3.993503749370574951e-02,4.804462194442749023e-03
-4.622310400009155273e-02,-2.205812931060791016e-02,-4.003934562206268311e-02,4.789553582668304443e-03
-4.610471427440643311e-02,-2.219766378402709961e-02,-4.014348983764648438e-02,4.774659872055053711e-03
-4.598601162433624268e-02,-2.233725786209106445e-02,-4.024763405323028564e-02,4.759714007377624512e-03
-4.586699604988098145e-02,-2.247688174247741699e-02,-4.035153985023498535e-02,4.744812846183776855e-03
-4.574769735336303711e-02,-2.261659502983093262e-02,-4.045534133911132812e-02,4.729904234409332275e-03
-4.562811553478240967e-02,-2.275627851486206055e-02,-4.055905342102050781e-02,4.715010523796081543e-03
-4.550822079181671143e-02,-2.289608120918273926e-02,-4.066264629364013672e-02,4.700087010860443115e-03
-4.538805782794952393e-02,-2.303588390350341797e-02,-4.076614975929260254e-02,4.685163497924804688e-03
-4.526755213737487793e-02,-2.317577600479125977e-02,-4.086947441101074219e-02,4.670247435569763184e-03
-4.514677822589874268e-02,-2.331569790840148926e-02,-4.097265005111694336e-02,4.655316472053527832e-03
-4.502575099468231201e-02,-2.345567941665649414e-02,-4.107573628425598145e-02,4.640415310859680176e-03
-4.490448534488677979e-02,-2.359560132026672363e-02,-4.117873311042785645e-02,4.625514149665832520e-03
-4.478289186954498291e-02,-2.373570203781127930e-02,-4.128158092498779297e-02,4.610627889633178711e-03
-4.466104507446289062e-02,-2.387574315071105957e-02,-4.138436913490295410e-02,4.595711827278137207e-03
-4.453900456428527832e-02,-2.401584386825561523e-02,-4.148694872856140137e-02,4.580840468406677246e-03
-4.441671073436737061e-02,-2.415597438812255859e-02,-4.158945381641387939e-02,4.565961658954620361e-03
-4.429416358470916748e-02,-2.429613471031188965e-02,-4.169189929962158203e-02,4.551075398921966553e-03
-4.417131841182708740e-02,-2.443629503250122070e-02,-4.179415106773376465e-02,4.536218941211700439e-03
-4.404824972152709961e-02,-2.457657456398010254e-02,-4.189637303352355957e-02,4.521325230598449707e-03
-4.392501711845397949e-02,-2.471679449081420898e-02,-4.199835658073425293e-02,4.506468772888183594e-03
-4.380142688751220703e-02,-2.485707402229309082e-02,-4.210031032562255859e-02,4.491604864597320557e-03
-4.367768764495849609e-02,-2.499738335609436035e-02,-4.220211505889892578e-02,4.476711153984069824e-03
-4.355369508266448975e-02,-2.513772249221801758e-02,-4.230383038520812988e-02,4.461884498596191406e-03
-4.342952370643615723e-02,-2.527803182601928711e-02,-4.240539669990539551e-02,4.447065293788909912e-03
-4.330505430698394775e-02,-2.541840076446533203e-02,-4.250688850879669189e-02,4.432231187820434570e-03
-4.318039119243621826e-02,-2.555882930755615234e-02,-4.260829091072082520e-02,4.417382180690765381e-03
-4.305553436279296875e-02,-2.569922804832458496e-02,-4.270951449871063232e-02,4.402577877044677734e-03
-4.293048381805419922e-02,-2.583965659141540527e-02,-4.281061887741088867e-02,4.387766122817993164e-03
-4.280519485473632812e-02,-2.598010003566741943e-02,-4.291167855262756348e-02,4.372954368591308594e-03
-4.267969727516174316e-02,-2.612055838108062744e-02,-4.301255941390991211e-02,4.358127713203430176e-03
-4.255399107933044434e-02,-2.626107633113861084e-02,-4.311335086822509766e-02,4.343345761299133301e-03
-4.242810606956481934e-02,-2.640154957771301270e-02,-4.321405291557312012e-02,4.328541457653045654e-03
-4.230205714702606201e-02,-2.654206752777099609e-02,-4.331457614898681641e-02,4.313796758651733398e-03
-4.217579960823059082e-02,-2.668255567550659180e-02,-4.341506958007812500e-02,4.299059510231018066e-03
-4.204936325550079346e-02,-2.682313323020935059e-02,-4.351545870304107666e-02,4.284262657165527344e-03
-4.192270338535308838e-02,-2.696362137794494629e-02,-4.361569881439208984e-02,4.269540309906005859e-03
-4.179589450359344482e-02,-2.710418403148651123e-02,-4.371583461761474609e-02,4.254825413227081299e-03
-4.166892170906066895e-02,-2.724473178386688232e-02,-4.381582140922546387e-02,4.240095615386962891e-03
-4.154174029827117920e-02,-2.738530933856964111e-02,-4.391574859619140625e-02,4.225365817546844482e-03
-4.141439497470855713e-02,-2.752590179443359375e-02,-4.401555657386779785e-02,4.210650920867919922e-03
-4.128691554069519043e-02,-2.766647934913635254e-02,-4.411524534225463867e-02,4.195936024188995361e-03
-4.115921258926391602e-02,-2.780702710151672363e-02,-4.421484470367431641e-02,4.181295633316040039e-03
-4.103137552738189697e-02,-2.794760465621948242e-02,-4.431430995464324951e-02,4.166588187217712402e-03
-4.090343415737152100e-02,-2.808819711208343506e-02,-4.441368579864501953e-02,4.151910543441772461e-03
-4.077522456645965576e-02,-2.822878956794738770e-02,-4.451297223567962646e-02,4.137262701988220215e-03
-4.064695537090301514e-02,-2.836938202381134033e-02,-4.461213946342468262e-02,4.122607409954071045e-03
-4.051852226257324219e-02,-2.850995957851409912e-02,-4.471117258071899414e-02,4.107944667339324951e-03
-4.038992524147033691e-02,-2.865050733089447021e-02,-4.481011629104614258e-02,4.093356430530548096e-03
-4.026111960411071777e-02,-2.879109978675842285e-02,-4.490898549556732178e-02,4.078708589076995850e-03
-4.013231396675109863e-02,-2.893170714378356934e-02,-4.500766098499298096e-02,4.064150154590606689e-03
-4.000325500965118408e-02,-2.907226979732513428e-02,-4.510636627674102783e-02,4.049539566040039062e-03
-3.987413644790649414e-02,-2.921280264854431152e-02,-4.520490765571594238e-02,4.034981131553649902e-03
-3.974483907222747803e-02,-2.935339510440826416e-02,-4.530331492424011230e-02,4.020430147647857666e-03
-3.961542248725891113e-02,-2.949392795562744141e-02,-4.540160298347473145e-02,4.005871713161468506e-03
-3.948587179183959961e-02,-2.963443100452423096e-02,-4.549983143806457520e-02,3.991350531578063965e-03
-3.935617208480834961e-02,-2.977499365806579590e-02,-4.559797048568725586e-02,3.976777195930480957e-03
-3.922638297080993652e-02,-2.991557121276855469e-02,-4.569596052169799805e-02,3.962256014347076416e-03
-3.909651935100555420e-02,-3.005602955818176270e-02,-4.579389095306396484e-02,3.947801887989044189e-03
-3.896647691726684570e-02,-3.019654750823974609e-02,-4.589173197746276855e-02,3.933317959308624268e-03
-3.883633017539978027e-02,-3.033705055713653564e-02,-4.598942399024963379e-02,3.918841481208801270e-03
-3.870609402656555176e-02,-3.047753870487213135e-02,-4.608702659606933594e-02,3.904357552528381348e-03
-3.857573866844177246e-02,-3.061796724796295166e-02,-4.618452489376068115e-02,3.889925777912139893e-03
-3.844524919986724854e-02,-3.075841069221496582e-02,-4.628193378448486328e-02,3.875471651554107666e-03
-3.831471502780914307e-02,-3.089886903762817383e-02,-4.637925326824188232e-02,3.861032426357269287e-03
-3.818403184413909912e-02,-3.103929758071899414e-02,-4.647648334503173828e-02,3.846682608127593994e-03
-3.805324435234069824e-02,-3.117968142032623291e-02,-4.657354950904846191e-02,3.832280635833740234e-03
-3.792239725589752197e-02,-3.132006525993347168e-02,-4.667055606842041016e-02,3.817871212959289551e-03
-3.779144585132598877e-02,-3.146044909954071045e-02,-4.676747322082519531e-02,3.803521394729614258e-03
-3.766041994094848633e-02,-3.160078823566436768e-02,-4.686427116394042969e-02,3.789193928241729736e-03
-3.752925992012023926e-02,-3.174109756946563721e-02,-4.696097970008850098e-02,3.774844110012054443e-03
-3.739804029464721680e-02,-3.188145160675048828e-02,-4.705761373043060303e-02,3.760561347007751465e-03
-3.726670145988464355e-02,-3.202165663242340088e-02,-4.715418815612792969e-02,3.746218979358673096e-03
-3.713536262512207031e-02,-3.216198086738586426e-02,-4.725053906440734863e-02,3.731973469257354736e-03
-3.700384497642517090e-02,-3.230220079421997070e-02,-4.734688997268676758e-02,3.717638552188873291e-03
-3.687228262424468994e-02,-3.244242072105407715e-02,-4.744309186935424805e-02,3.703415393829345703e-03
-3.674064576625823975e-02,-3.258265554904937744e-02,-4.753923416137695312e-02,3.689184784889221191e-03
-3.660896420478820801e-02,-3.272280097007751465e-02,-4.763527214527130127e-02,3.674961626529693604e-03
-3.647714853286743164e-02,-3.286300599575042725e-02,-4.773119091987609863e-02,3.660753369331359863e-03
-3.634531795978546143e-02,-3.300312161445617676e-02,-4.782703518867492676e-02,3.646545112133026123e-03
-3.621342778205871582e-02,-3.314326703548431396e-02,-4.792279005050659180e-02,3.632374107837677002e-03
-3.608143329620361328e-02,-3.328326344490051270e-02,-4.801845550537109375e-02,3.618188202381134033e-03
-3.594940900802612305e-02,-3.342333436012268066e-02,-4.811403155326843262e-02,3.604061901569366455e-03
-3.581729531288146973e-02,-3.356337547302246094e-02,-4.820951819419860840e-02,3.589920699596405029e-03
-3.568516671657562256e-02,-3.370332717895507812e-02,-4.830488562583923340e-02,3.575816750526428223e-03
-3.555293381214141846e-02,-3.384330868721008301e-02,-4.840017855167388916e-02,3.561735153198242188e-03
-3.542064130306243896e-02,-3.398326039314270020e-02,-4.849535226821899414e-02,3.547623753547668457e-03
-3.528836369514465332e-02,-3.412313759326934814e-02,-4.859051108360290527e-02,3.533564507961273193e-03
-3.515596687793731689e-02,-3.426304459571838379e-02,-4.868555068969726562e-02,3.519512712955474854e-03
-3.502357006072998047e-02,-3.440287709236145020e-02,-4.878044128417968750e-02,3.505490720272064209e-03
-3.489109873771667480e-02,-3.454267978668212891e-02,-4.887524247169494629e-02,3.491468727588653564e-03
-3.475859761238098145e-02,-3.468246757984161377e-02,-4.897001385688781738e-02,3.477454185485839844e-03
-3.462608158588409424e-02,-3.482222557067871094e-02,-4.906468093395233154e-02,3.463476896286010742e-03
-3.449346125125885010e-02,-3.496190905570983887e-02,-4.915928840637207031e-02,3.449521958827972412e-03
-3.436085581779479980e-02,-3.510160744190216064e-02,-4.925376176834106445e-02,3.435529768466949463e-03
-3.422819077968597412e-02,-3.524124622344970703e-02,-4.934814572334289551e-02,3.421634435653686523e-03
-3.409549593925476074e-02,-3.538088500499725342e-02,-4.944242537021636963e-02,3.407709300518035889e-03
-3.396280109882354736e-02,-3.552044928073883057e-02,-4.953664541244506836e-02,3.393813967704772949e-03
-3.383007645606994629e-02,-3.565998375415802002e-02,-4.963082075119018555e-02,3.379940986633300781e-03
-3.369724750518798828e-02,-3.579947352409362793e-02,-4.972486197948455811e-02,3.366060554981231689e-03
-3.356447815895080566e-02,-3.593894839286804199e-02,-4.981884360313415527e-02,3.352232277393341064e-03
-3.343166410923004150e-02,-3.607839345932006836e-02,-4.991270601749420166e-02,3.338396549224853516e-03
-3.329882025718688965e-02,-3.621780872344970703e-02,-5.000652372837066650e-02,3.324557095766067505e-03
-3.316597640514373779e-02,-3.635714948177337646e-02,-5.010023713111877441e-02,3.310788422822952271e-03
-3.303308784961700439e-02,-3.649649024009704590e-02,-5.019389092922210693e-02,3.297008574008941650e-03
-3.290019929409027100e-02,-3.663572669029235840e-02,-5.028742551803588867e-02,3.283243626356124878e-03
-3.276731073856353760e-02,-3.677500784397125244e-02,-5.038091540336608887e-02,3.269501030445098877e-03
-3.263440728187561035e-02,-3.691421449184417725e-02,-5.047425627708435059e-02,3.255784511566162109e-03
-3.250148892402648926e-02,-3.705336153507232666e-02,-5.056756734848022461e-02,3.242086619138717651e-03
-3.236857056617736816e-02,-3.719250857830047607e-02,-5.066081881523132324e-02,3.228388726711273193e-03
-3.223560750484466553e-02,-3.733159601688385010e-02,-5.075396597385406494e-02,3.214720636606216431e-03
-3.210268914699554443e-02,-3.747065365314483643e-02,-5.084708333015441895e-02,3.201056271791458130e-03
-3.196974098682403564e-02,-3.760966658592224121e-02,-5.094009637832641602e-02,3.187391906976699829e-03
-3.183677792549133301e-02,-3.774860501289367676e-02,-5.103302001953125000e-02,3.173779696226119995e-03
-3.170384466648101807e-02,-3.788754343986511230e-02,-5.112585425376892090e-02,3.160208463668823242e-03
-3.157094120979309082e-02,-3.802640736103057861e-02,-5.121859908103942871e-02,3.146599978208541870e-03
-3.143800795078277588e-02,-3.816524147987365723e-02,-5.131128430366516113e-02,3.133051097393035889e-03
-3.130505979061126709e-02,-3.830404579639434814e-02,-5.140393972396850586e-02,3.119457513093948364e-03
-3.117215633392333984e-02,-3.844280540943145752e-02,-5.149646103382110596e-02,3.105957061052322388e-03
-3.103925287723541260e-02,-3.858155012130737305e-02,-5.158892273902893066e-02,3.092437982559204102e-03
-3.090639412403106689e-02,-3.872019052505493164e-02,-5.168133974075317383e-02,3.078963607549667358e-03
-3.077347576618194580e-02,-3.885884582996368408e-02,-5.177368223667144775e-02,3.065478056669235229e-03
-3.064064681529998779e-02,-3.899742662906646729e-02,-5.186592042446136475e-02,3.052026033401489258e-03
-3.050781786441802979e-02,-3.913596272468566895e-02,-5.195811390876770020e-02,3.038570284843444824e-03
-3.037498891353607178e-02,-3.927443921566009521e-02,-5.205018818378448486e-02,3.025155514478683472e-03
-3.024220466613769531e-02,-3.941288590431213379e-02,-5.214229226112365723e-02,3.011770546436309814e-03
-3.010942041873931885e-02,-3.955125808715820312e-02,-5.223426222801208496e-02,2.998378127813339233e-03
-2.997668087482452393e-02,-3.968964517116546631e-02,-5.232620239257812500e-02,2.984981983900070190e-03
-2.984395623207092285e-02,-3.982794284820556641e-02,-5.241802334785461426e-02,2.971649169921875000e-03
-2.971130609512329102e-02,-3.996622562408447266e-02,-5.250978469848632812e-02,2.958323806524276733e-03
-2.957859635353088379e-02,-4.010447859764099121e-02,-5.260148644447326660e-02,2.944979816675186157e-03
-2.944576740264892578e-02,-4.024265706539154053e-02,-5.269306898117065430e-02,2.931714057922363281e-03
-2.931299805641174316e-02,-4.038080573081970215e-02,-5.278444290161132812e-02,2.918437123298645020e-03
-2.918018400669097900e-02,-4.051890969276428223e-02,-5.287587642669677734e-02,2.905167639255523682e-03
-2.904745936393737793e-02,-4.065690934658050537e-02,-5.296713113784790039e-02,2.891927957534790039e-03
-2.891471982002258301e-02,-4.079490900039672852e-02,-5.305837094783782959e-02,2.878695726394653320e-03
-2.878203988075256348e-02,-4.093289375305175781e-02,-5.314955115318298340e-02,2.865508198738098145e-03
-2.864935994148254395e-02,-4.107078909873962402e-02,-5.324064195156097412e-02,2.852313220500946045e-03
-2.851668000221252441e-02,-4.120865464210510254e-02,-5.333165824413299561e-02,2.839148044586181641e-03
-2.838408946990966797e-02,-4.134644567966461182e-02,-5.342258512973785400e-02,2.825997769832611084e-03
-2.825146913528442383e-02,-4.148422181606292725e-02,-5.351351201534271240e-02,2.812851220369338989e-03
-2.811893820762634277e-02,-4.162189364433288574e-02,-5.360430479049682617e-02,2.799771726131439209e-03
-2.798637747764587402e-02,-4.175955057144165039e-02,-5.369500815868377686e-02,2.786681056022644043e-03
-2.785392105579376221e-02,-4.189719259738922119e-02,-5.378566682338714600e-02,2.773597836494445801e-03
-2.772147953510284424e-02,-4.203476011753082275e-02,-5.387631058692932129e-02,2.760544419288635254e-03
-2.758902311325073242e-02,-4.217225313186645508e-02,-5.396682024002075195e-02,2.747509628534317017e-03
-2.745665609836578369e-02,-4.230974614620208740e-02,-5.405730009078979492e-02,2.734497189521789551e-03
-2.732430398464202881e-02,-4.244710505008697510e-02,-5.414769053459167480e-02,2.721481025218963623e-03
-2.719201147556304932e-02,-4.258450865745544434e-02,-5.423805117607116699e-02,2.708476036787033081e-03
-2.705974876880645752e-02,-4.272182285785675049e-02,-5.432832241058349609e-02,2.695515751838684082e-03
-2.692753076553344727e-02,-4.285913705825805664e-02,-5.441851913928985596e-02,2.682562917470932007e-03
-2.679531276226043701e-02,-4.299631714820861816e-02,-5.450865626335144043e-02,2.669647336006164551e-03
-2.666319906711578369e-02,-4.313352704048156738e-02,-5.459868907928466797e-02,2.656750380992889404e-03
-2.653110027313232422e-02,-4.327061772346496582e-02,-5.468869209289550781e-02,2.643879503011703491e-03
-2.639906108379364014e-02,-4.340772330760955811e-02,-5.477866530418395996e-02,2.631008625030517578e-03
-2.626705914735794067e-02,-4.354475438594818115e-02,-5.486851930618286133e-02,2.618141472339630127e-03
-2.613510191440582275e-02,-4.368171095848083496e-02,-5.495835840702056885e-02,2.605255693197250366e-03
-2.600324153900146484e-02,-4.381860792636871338e-02,-5.504809319972991943e-02,2.592474222183227539e-03
-2.587136626243591309e-02,-4.395550489425659180e-02,-5.513781309127807617e-02,2.579651772975921631e-03
-2.573952823877334595e-02,-4.409235715866088867e-02,-5.522741377353668213e-02,2.566877752542495728e-03
-2.560780942440032959e-02,-4.422909021377563477e-02,-5.531701445579528809e-02,2.554118633270263672e-03
-2.547614276409149170e-02,-4.436579346656799316e-02,-5.540654063224792480e-02,2.541385591030120850e-03
-2.534448355436325073e-02,-4.450251162052154541e-02,-5.549593269824981689e-02,2.528652548789978027e-03
-2.521288394927978516e-02,-4.463917016983032227e-02,-5.558536946773529053e-02,2.515938133001327515e-03
-2.508133649826049805e-02,-4.477572441101074219e-02,-5.567468702793121338e-02,2.503231167793273926e-03
-2.494987100362777710e-02,-4.491226375102996826e-02,-5.576397478580474854e-02,2.490513026714324951e-03
-2.481848746538162231e-02,-4.504874348640441895e-02,-5.585315823554992676e-02,2.477873116731643677e-03
-2.468714118003845215e-02,-4.518514871597290039e-02,-5.594235658645629883e-02,2.465251833200454712e-03
-2.455581724643707275e-02,-4.532156884670257568e-02,-5.603143572807312012e-02,2.452604472637176514e-03
-2.442462742328643799e-02,-4.545788466930389404e-02,-5.612048506736755371e-02,2.439994364976882935e-03
-2.429342269897460938e-02,-4.559415578842163086e-02,-5.620950460433959961e-02,2.427414059638977051e-03
-2.416232228279113770e-02,-4.573036730289459229e-02,-5.629843473434448242e-02,2.414859831333160400e-03
-2.403125166893005371e-02,-4.586656391620635986e-02,-5.638727545738220215e-02,2.402275800704956055e-03
-2.390029281377792358e-02,-4.600268602371215820e-02,-5.647611618041992188e-02,2.389751374721527100e-03
-2.376937866210937500e-02,-4.613877832889556885e-02,-5.656488239765167236e-02,2.377241849899291992e-03
-2.363854646682739258e-02,-4.627482593059539795e-02,-5.665355920791625977e-02,2.364736050367355347e-03
-2.350776642560958862e-02,-4.641081392765045166e-02,-5.674225091934204102e-02,2.352267503738403320e-03
-2.337706089019775391e-02,-4.654675722122192383e-02,-5.683088302612304688e-02,2.339787781238555908e-03
-2.324640005826950073e-02,-4.668259620666503906e-02,-5.691944062709808350e-02,2.327334135770797729e-03
-2.311579883098602295e-02,-4.681852459907531738e-02,-5.700795352458953857e-02,2.314899116754531860e-03
-2.298535406589508057e-02,-4.695427417755126953e-02,-5.709642171859741211e-02,2.302471548318862915e-03
-2.285488694906234741e-02,-4.709000885486602783e-02,-5.718481540679931641e-02,2.290077507495880127e-03
-2.272454649209976196e-02,-4.722574353218078613e-02,-5.727323889732360840e-02,2.277683466672897339e-03
-2.259425818920135498e-02,-4.736134409904479980e-02,-5.736157298088073730e-02,2.265352755784988403e-03
-2.246405184268951416e-02,-4.749694466590881348e-02,-5.744980275630950928e-02,2.252977341413497925e-03
-2.233393490314483643e-02,-4.763248562812805176e-02,-5.753804743289947510e-02,2.240650355815887451e-03
-2.220387756824493408e-02,-4.776796698570251465e-02,-5.762618780136108398e-02,2.228364348411560059e-03
-2.207390964031219482e-02,-4.790343344211578369e-02,-5.771434307098388672e-02,2.216044813394546509e-03
-2.194399386644363403e-02,-4.803882539272308350e-02,-5.780240893363952637e-02,2.203788608312606812e-03
-2.181400358676910400e-02,-4.817415773868560791e-02,-5.789031088352203369e-02,2.191510051488876343e-03
-2.168401330709457397e-02,-4.830938577651977539e-02,-5.797815322875976562e-02,2.179276198148727417e-03
-2.155408263206481934e-02,-4.844464361667633057e-02,-5.806584656238555908e-02,2.167049795389175415e-03
-2.142426371574401855e-02,-4.857975244522094727e-02,-5.815353989601135254e-02,2.154838293790817261e-03
-2.129444479942321777e-02,-4.871487617492675781e-02,-5.824117362499237061e-02,2.142645418643951416e-03
-2.116473019123077393e-02,-4.884991049766540527e-02,-5.832874774932861328e-02,2.130482345819473267e-03
-2.103506028652191162e-02,-4.898487031459808350e-02,-5.841627717018127441e-02,2.118319272994995117e-03
-2.090545743703842163e-02,-4.911983013153076172e-02,-5.850368738174438477e-02,2.106186002492904663e-03
-2.077592909336090088e-02,-4.925471544265747070e-02,-5.859112739562988281e-02,2.094037830829620361e-03
-2.064648270606994629e-02,-4.938954114913940430e-02,-5.867847800254821777e-02,2.081949263811111450e-03
-2.051708102226257324e-02,-4.952433705329895020e-02,-5.876572430133819580e-02,2.069830894470214844e-03
-2.038776874542236328e-02,-4.965910315513610840e-02,-5.885297060012817383e-02,2.057824283838272095e-03
-2.025850117206573486e-02,-4.979375004768371582e-02,-5.894011259078979492e-02,2.045743167400360107e-03
-2.012930810451507568e-02,-4.992835223674774170e-02,-5.902723968029022217e-02,2.033684402704238892e-03
-2.000021934509277344e-02,-5.006293952465057373e-02,-5.911430716514587402e-02,2.021647989749908447e-03
-1.987113058567047119e-02,-5.019745230674743652e-02,-5.920132994651794434e-02,2.009682357311248779e-03
-1.974208652973175049e-02,-5.033196508884429932e-02,-5.928826332092285156e-02,1.997664570808410645e-03
-1.961322128772735596e-02,-5.046632885932922363e-02,-5.937513709068298340e-02,1.985721290111541748e-03
-1.948433369398117065e-02,-5.060072243213653564e-02,-5.946198105812072754e-02,1.973707228899002075e-03
-1.935553550720214844e-02,-5.073499679565429688e-02,-5.954873561859130859e-02,1.961812376976013184e-03
-1.922680437564849854e-02,-5.086928606033325195e-02,-5.963546037673950195e-02,1.949883997440338135e-03
-1.909816265106201172e-02,-5.100351572036743164e-02,-5.972215533256530762e-02,1.937977969646453857e-03
-1.896959543228149414e-02,-5.113764107227325439e-02,-5.980867147445678711e-02,1.926094293594360352e-03
-1.884102821350097656e-02,-5.127176642417907715e-02,-5.989527702331542969e-02,1.914203166961669922e-03
-1.871260255575180054e-02,-5.140575766563415527e-02,-5.998176336288452148e-02,1.902356743812561035e-03
-1.858422160148620605e-02,-5.153976380825042725e-02,-6.006816029548645020e-02,1.890540122985839844e-03
-1.845589280128479004e-02,-5.167368054389953613e-02,-6.015455722808837891e-02,1.878689974546432495e-03
-1.832766830921173096e-02,-5.180762708187103271e-02,-6.024090945720672607e-02,1.866891980171203613e-03
-1.819950342178344727e-02,-5.194140970706939697e-02,-6.032715737819671631e-02,1.855112612247467041e-03
-1.807136833667755127e-02,-5.207520723342895508e-02,-6.041339039802551270e-02,1.843303442001342773e-03
-1.794335246086120605e-02,-5.220896005630493164e-02,-6.049953401088714600e-02,1.831546425819396973e-03
-1.781537383794784546e-02,-5.234259366989135742e-02,-6.058564782142639160e-02,1.819804310798645020e-03
-1.768748462200164795e-02,-5.247622728347778320e-02,-6.067165732383728027e-02,1.808106899261474609e-03
-1.755964010953903198e-02,-5.260977149009704590e-02,-6.075763702392578125e-02,1.796409487724304199e-03
-1.743185520172119141e-02,-5.274331569671630859e-02,-6.084349751472473145e-02,1.784685999155044556e-03
-1.730417460203170776e-02,-5.287680029869079590e-02,-6.092938780784606934e-02,1.772984862327575684e-03
-1.717653870582580566e-02,-5.301016569137573242e-02,-6.101520359516143799e-02,1.761361956596374512e-03
-1.704901456832885742e-02,-5.314353108406066895e-02,-6.110094487667083740e-02,1.749709248542785645e-03
-1.692151278257369995e-02,-5.327686667442321777e-02,-6.118667125701904297e-02,1.738093793392181396e-03
-1.679411530494689941e-02,-5.341005325317382812e-02,-6.127226352691650391e-02,1.726455986499786377e-03
-1.666674017906188965e-02,-5.354326963424682617e-02,-6.135784089565277100e-02,1.714855432510375977e-03
-1.653945446014404297e-02,-5.367638170719146729e-02,-6.144329905509948730e-02,1.703292131423950195e-03
-1.653945446014404297e-02,-5.367638170719146729e-02,-6.144329905509948730e-02,1.703292131423950195e-03
-1.653945446014404297e-02,-5.367638170719146729e-02,-6.144329905509948730e-02,1.703292131423950195e-03
-1.466611772775650024e-02,-5.358140170574188232e-02,-5.815365910530090332e-02,2.407617866992950439e-03
-1.270006597042083740e-02,-5.341333150863647461e-02,-5.539259314537048340e-02,2.923537045717239380e-03
-1.072213053703308105e-02,-5.316404998302459717e-02,-5.300027132034301758e-02,3.314770758152008057e-03
-8.786410093307495117e-03,-5.283589661121368408e-02,-5.086249113082885742e-02,3.626093268394470215e-03
-6.931051611900329590e-03,-5.244368314743041992e-02,-4.887951910495758057e-02,3.896340727806091309e-03
-5.172446370124816895e-03,-5.199603736400604248e-02,-4.700212180614471436e-02,4.144281148910522461e-03
-3.517046570777893066e-03,-5.149765312671661377e-02,-4.520566761493682861e-02,4.378892481327056885e-03
-1.967784017324447632e-03,-5.095702409744262695e-02,-4.346489906311035156e-02,4.609294235706329346e-03
-5.239248275756835938e-04,-5.037927627563476562e-02,-4.176898300647735596e-02,4.839196801185607910e-03
8.172616362571716309e-04,-4.977037012577056885e-02,-4.010753333568572998e-02,5.072012543678283691e-03
2.059720456600189209e-03,-4.913462698459625244e-02,-3.847622871398925781e-02,5.308859050273895264e-03
3.207832574844360352e-03,-4.847683012485504150e-02,-3.687068819999694824e-02,5.550898611545562744e-03
4.267089068889617920e-03,-4.780200123786926270e-02,-3.528588265180587769e-02,5.799375474452972412e-03
5.242854356765747070e-03,-4.711502790451049805e-02,-3.371845930814743042e-02,6.055109202861785889e-03
6.140038371086120605e-03,-4.641568660736083984e-02,-3.217296302318572998e-02,6.315685808658599854e-03
6.963945925235748291e-03,-4.570856690406799316e-02,-3.064617514610290527e-02,6.581865251064300537e-03
7.719092071056365967e-03,-4.499503970146179199e-02,-2.913970500230789185e-02,6.852515041828155518e-03
8.410006761550903320e-03,-4.427677392959594727e-02,-2.765436470508575439e-02,7.126845419406890869e-03
9.041160345077514648e-03,-4.355610907077789307e-02,-2.618969976902008057e-02,7.404476404190063477e-03
9.616151452064514160e-03,-4.283317923545837402e-02,-2.474801987409591675e-02,7.684163749217987061e-03
1.013889908790588379e-02,-4.210980236530303955e-02,-2.332890778779983521e-02,7.965505123138427734e-03
1.061283797025680542e-02,-4.138702154159545898e-02,-2.193316817283630371e-02,8.247852325439453125e-03
1.104111969470977783e-02,-4.066567122936248779e-02,-2.056150883436203003e-02,8.530519902706146240e-03
1.142694056034088135e-02,-3.994680941104888916e-02,-1.921404153108596802e-02,8.813045918941497803e-03
1.177307963371276855e-02,-3.923156112432479858e-02,-1.789121329784393311e-02,9.094990789890289307e-03
1.208234578371047974e-02,-3.852057456970214844e-02,-1.659314334392547607e-02,9.375922381877899170e-03
1.235723495483398438e-02,-3.781457990407943726e-02,-1.531995832920074463e-02,9.655445814132690430e-03
1.260025799274444580e-02,-3.711423277854919434e-02,-1.407161355018615723e-02,9.933240711688995361e-03
1.281356066465377808e-02,-3.642005473375320435e-02,-1.284808665513992310e-02,1.020900905132293701e-02
1.299930363893508911e-02,-3.573296964168548584e-02,-1.164986938238143921e-02,1.048234850168228149e-02
1.315949112176895142e-02,-3.505321592092514038e-02,-1.047646999359130859e-02,1.075313240289688110e-02
1.329605281352996826e-02,-3.438112139701843262e-02,-9.327687323093414307e-03,1.102110743522644043e-02
1.341065019369125366e-02,-3.371706604957580566e-02,-8.203193545341491699e-03,1.128615438938140869e-02
1.350498199462890625e-02,-3.306127339601516724e-02,-7.102660834789276123e-03,1.154810935258865356e-02
1.358052343130111694e-02,-3.241485357284545898e-02,-6.027430295944213867e-03,1.180647313594818115e-02
1.363875716924667358e-02,-3.177756071090698242e-02,-4.976153373718261719e-03,1.206131279468536377e-02
1.368104666471481323e-02,-3.114952147006988525e-02,-3.948561847209930420e-03,1.231259852647781372e-02
1.370867341756820679e-02,-3.053090721368789673e-02,-2.944178879261016846e-03,1.256022602319717407e-02
1.372282952070236206e-02,-2.992174774408340454e-02,-1.962542533874511719e-03,1.280417293310165405e-02
1.372450590133666992e-02,-2.932297438383102417e-02,-1.005090773105621338e-03,1.304387301206588745e-02
1.371483504772186279e-02,-2.873421460390090942e-02,-7.049739360809326172e-05,1.327960938215255737e-02
1.369474828243255615e-02,-2.815549075603485107e-02,8.417591452598571777e-04,1.351128518581390381e-02
1.366522163152694702e-02,-2.758677303791046143e-02,1.732058823108673096e-03,1.373898237943649292e-02
1.362700015306472778e-02,-2.702803909778594971e-02,2.600949257612228394e-03,1.396262645721435547e-02
1.358094066381454468e-02,-2.647996693849563599e-02,3.447420895099639893e-03,1.418188959360122681e-02
1.352773606777191162e-02,-2.594218403100967407e-02,4.272513091564178467e-03,1.439692825078964233e-02
1.346815377473831177e-02,-2.541456371545791626e-02,5.076780915260314941e-03,1.460778713226318359e-02
1.340272277593612671e-02,-2.489706873893737793e-02,5.860667675733566284e-03,1.481448858976364136e-02
1.333207637071609497e-02,-2.438952773809432983e-02,6.624709814786911011e-03,1.501712203025817871e-02
1.325682550668716431e-02,-2.389229089021682739e-02,7.368568331003189087e-03,1.521544903516769409e-02
1.317749172449111938e-02,-2.340516448020935059e-02,8.092932403087615967e-03,1.540963351726531982e-02
1.309446990489959717e-02,-2.292795479297637939e-02,8.798215538263320923e-03,1.559971272945404053e-02
1.300829648971557617e-02,-2.246066927909851074e-02,9.484797716140747070e-03,1.578569412231445312e-02
1.291936635971069336e-02,-2.200318127870559692e-02,1.015309616923332214e-02,1.596763730049133301e-02
1.282803714275360107e-02,-2.155530452728271484e-02,1.080341637134552002e-02,1.614553481340408325e-02
1.273471117019653320e-02,-2.111708372831344604e-02,1.143617928028106689e-02,1.631949841976165771e-02
1.263969391584396362e-02,-2.068831026554107666e-02,1.205173879861831665e-02,1.648955047130584717e-02
1.254326850175857544e-02,-2.026889473199844360e-02,1.265043020248413086e-02,1.665573567152023315e-02
1.244581490755081177e-02,-1.985869556665420532e-02,1.323264837265014648e-02,1.681809872388839722e-02
1.234749704599380493e-02,-1.945762708783149719e-02,1.379862427711486816e-02,1.697666943073272705e-02
1.224855333566665649e-02,-1.906560361385345459e-02,1.434871554374694824e-02,1.713152229785919189e-02
1.214931905269622803e-02,-1.868241280317306519e-02,1.488327234983444214e-02,1.728265732526779175e-02
1.204992830753326416e-02,-1.830806583166122437e-02,1.540260761976242065e-02,1.743021607398986816e-02
1.195064932107925415e-02,-1.794239133596420288e-02,1.590702682733535767e-02,1.757410168647766113e-02
1.185156404972076416e-02,-1.758524030447006226e-02,1.639681309461593628e-02,1.771451532840728760e-02
1.175289601087570190e-02,-1.723658293485641479e-02,1.687224209308624268e-02,1.785139739513397217e-02
1.165486127138137817e-02,-1.689631119370460510e-02,1.733357831835746765e-02,1.798483729362487793e-02
1.155754923820495605e-02,-1.656424626708030701e-02,1.778101176023483276e-02,1.811485737562179565e-02
1.146111637353897095e-02,-1.624040305614471436e-02,1.821480691432952881e-02,1.824150979518890381e-02
1.136549562215805054e-02,-1.592396944761276245e-02,1.863639429211616516e-02,1.836515218019485474e-02
1.127085834741592407e-02,-1.561503857374191284e-02,1.904583349823951721e-02,1.848578453063964844e-02
1.117734611034393311e-02,-1.531362161040306091e-02,1.944298669695854187e-02,1.860334724187850952e-02
1.108504086732864380e-02,-1.501961797475814819e-02,1.982813328504562378e-02,1.871789246797561646e-02
1.099404692649841309e-02,-1.473293080925941467e-02,2.020154148340225220e-02,1.882947981357574463e-02
1.090441644191741943e-02,-1.445340737700462341e-02,2.056347578763961792e-02,1.893817633390426636e-02
1.081623136997222900e-02,-1.418093219399452209e-02,2.091420814394950867e-02,1.904399693012237549e-02
1.072957366704940796e-02,-1.391541957855224609e-02,2.125398814678192139e-02,1.914707571268081665e-02
1.064451783895492554e-02,-1.365679502487182617e-02,2.158297598361968994e-02,1.924738287925720215e-02
1.056107133626937866e-02,-1.340492069721221924e-02,2.190145105123519897e-02,1.934499293565750122e-02
1.047916710376739502e-02,-1.315924152731895447e-02,2.221024036407470703e-02,1.944011449813842773e-02
1.039874553680419922e-02,-1.291958987712860107e-02,2.250964939594268799e-02,1.953282952308654785e-02
1.031999289989471436e-02,-1.268612593412399292e-02,2.279947698116302490e-02,1.962309330701828003e-02
1.024292409420013428e-02,-1.245876029133796692e-02,2.308005094528198242e-02,1.971095055341720581e-02
1.016752421855926514e-02,-1.223726570606231689e-02,2.335156872868537903e-02,1.979644596576690674e-02
1.009387522935867310e-02,-1.202162355184555054e-02,2.361421287059783936e-02,1.987967640161514282e-02
1.002196967601776123e-02,-1.181171834468841553e-02,2.386828511953353882e-02,1.996062695980072021e-02
9.951800107955932617e-03,-1.160749047994613647e-02,2.411386370658874512e-02,2.003939449787139893e-02
9.883396327495574951e-03,-1.140871271491050720e-02,2.435118705034255981e-02,2.011597156524658203e-02
9.816788136959075928e-03,-1.121544465422630310e-02,2.458043396472930908e-02,2.019046992063522339e-02
9.751848876476287842e-03,-1.102716475725173950e-02,2.480220422148704529e-02,2.026300132274627686e-02
9.688496589660644531e-03,-1.084369048476219177e-02,2.501689642667770386e-02,2.033369243144989014e-02
9.626857936382293701e-03,-1.066518574953079224e-02,2.522438764572143555e-02,2.040246129035949707e-02
9.566955268383026123e-03,-1.049148291349411011e-02,2.542484551668167114e-02,2.046938240528106689e-02
9.508728981018066406e-03,-1.032253354787826538e-02,2.561835199594497681e-02,2.053448557853698730e-02
9.452171623706817627e-03,-1.015820354223251343e-02,2.580519765615463257e-02,2.059783041477203369e-02
9.397320449352264404e-03,-9.998451918363571167e-03,2.598556131124496460e-02,2.065944671630859375e-02
9.344078600406646729e-03,-9.843058884143829346e-03,2.615943178534507751e-02,2.071936428546905518e-02
9.292595088481903076e-03,-9.692072868347167969e-03,2.632714807987213135e-02,2.077764272689819336e-02
9.242683649063110352e-03,-9.545348584651947021e-03,2.648876048624515533e-02,2.083428204059600830e-02
9.194351732730865479e-03,-9.402707219123840332e-03,2.664471417665481567e-02,2.088945358991622925e-02
9.147539734840393066e-03,-9.263850748538970947e-03,2.679533697664737701e-02,2.094325423240661621e-02
9.102240204811096191e-03,-9.128861129283905029e-03,2.694060653448104858e-02,2.099554985761642456e-02
9.058505296707153320e-03,-8.997671306133270264e-03,2.708048187196254730e-02,2.104644477367401123e-02
9.016297757625579834e-03,-8.870214223861694336e-03,2.721527405083179474e-02,2.109599113464355469e-02
8.975595235824584961e-03,-8.746385574340820312e-03,2.734505571424961090e-02,2.114418148994445801e-02
8.936367928981781006e-03,-8.626163005828857422e-03,2.746994420886039734e-02,2.119109034538269043e-02
8.898586034774780273e-03,-8.509382605552673340e-03,2.759005874395370483e-02,2.123668789863586426e-02
8.862316608428955078e-03,-8.396029472351074219e-03,2.770551852881908417e-02,2.128110080957412720e-02
8.827432990074157715e-03,-8.286058902740478516e-03,2.781646698713302612e-02,2.132427692413330078e-02
8.793935179710388184e-03,-8.179321885108947754e-03,2.792306616902351379e-02,2.136632055044174194e-02
8.761778473854064941e-03,-8.075572550296783447e-03,2.802571095526218414e-02,2.140726894140243530e-02
8.730925619602203369e-03,-7.974870502948760986e-03,2.812427282333374023e-02,2.144712954759597778e-02
8.701436221599578857e-03,-7.877163589000701904e-03,2.821894176304340363e-02,2.148593962192535400e-02
8.673220872879028320e-03,-7.782343775033950806e-03,2.830970287322998047e-02,2.152377367019653320e-02
8.646279573440551758e-03,-7.690407335758209229e-03,2.839675359427928925e-02,2.156059443950653076e-02
8.620597422122955322e-03,-7.601264864206314087e-03,2.848027274012565613e-02,2.159643173217773438e-02
8.596129715442657471e-03,-7.514812052249908447e-03,2.856026962399482727e-02,2.163131535053253174e-02
8.572883903980255127e-03,-7.431022822856903076e-03,2.863681688904762268e-02,2.166533470153808594e-02
8.550837635993957520e-03,-7.349804043769836426e-03,2.871010825037956238e-02,2.169845998287200928e-02
8.529938757419586182e-03,-7.271118462085723877e-03,2.878023684024810791e-02,2.173072099685668945e-02
8.510187268257141113e-03,-7.194902747869491577e-03,2.884723246097564697e-02,2.176217734813690186e-02
8.491508662700653076e-03,-7.120989263057708740e-03,2.891127020120620728e-02,2.179282903671264648e-02
8.473910391330718994e-03,-7.049433887004852295e-03,2.897236123681068420e-02,2.182269841432571411e-02
8.457444608211517334e-03,-6.980165839195251465e-03,2.903073281049728394e-02,2.185182273387908936e-02
8.441969752311706543e-03,-6.913088262081146240e-03,2.908637002110481262e-02,2.188021689653396606e-02
8.427508175373077393e-03,-6.848175078630447388e-03,2.913937345147132874e-02,2.190791070461273193e-02
8.414089679718017578e-03,-6.785303354263305664e-03,2.918987721204757690e-02,2.193494886159896851e-02
8.401602506637573242e-03,-6.724469363689422607e-03,2.923791110515594482e-02,2.196130901575088501e-02
8.390076458454132080e-03,-6.665602326393127441e-03,2.928360551595687866e-02,2.198707312345504761e-02
8.379518985748291016e-03,-6.608717143535614014e-03,2.932701259851455688e-02,2.201219648122787476e-02
8.369870483875274658e-03,-6.553784012794494629e-03,2.936806157231330872e-02,2.203671634197235107e-02
8.361198008060455322e-03,-6.500702351331710815e-03,2.940686792135238647e-02,2.206060290336608887e-02
8.353337645530700684e-03,-6.449475884437561035e-03,2.944356575608253479e-02,2.208395302295684814e-02
8.346378803253173828e-03,-6.400022655725479126e-03,2.947819232940673828e-02,2.210672944784164429e-02
8.340276777744293213e-03,-6.352275609970092773e-03,2.951085940003395081e-02,2.212897688150405884e-02
8.335024118423461914e-03,-6.306264549493789673e-03,2.954159304499626160e-02,2.215073257684707642e-02
8.330583572387695312e-03,-6.261907517910003662e-03,2.957038208842277527e-02,2.217193692922592163e-02
8.326925337314605713e-03,-6.219126284122467041e-03,2.959738299250602722e-02,2.219269424676895142e-02
8.324079215526580811e-03,-6.177961826324462891e-03,2.962265536189079285e-02,2.221298217773437500e-02
8.321978151798248291e-03,-6.138306111097335815e-03,2.964615449309349060e-02,2.223278582096099854e-02
8.320644497871398926e-03,-6.100181490182876587e-03,2.966801077127456665e-02,2.225217223167419434e-02
8.320078253746032715e-03,-6.063524633646011353e-03,2.968822419643402100e-02,2.227109670639038086e-02
8.320182561874389648e-03,-6.028294563293457031e-03,2.970689907670021057e-02,2.228959649801254272e-02
8.321031928062438965e-03,-5.994480103254318237e-03,2.972407639026641846e-02,2.230771631002426147e-02
8.322544395923614502e-03,-5.962058901786804199e-03,2.973974868655204773e-02,2.232541143894195557e-02
8.324764668941497803e-03,-5.930978804826736450e-03,2.975396066904067993e-02,2.234277129173278809e-02
8.327648043632507324e-03,-5.901187658309936523e-03,2.976675704121589661e-02,2.235971391201019287e-02
8.331149816513061523e-03,-5.872748792171478271e-03,2.977827936410903931e-02,2.237629890441894531e-02
8.335314691066741943e-03,-5.845468491315841675e-03,2.978844568133354187e-02,2.239252626895904541e-02
8.340112864971160889e-03,-5.819492042064666748e-03,2.979732677340507507e-02,2.240842580795288086e-02
8.345171809196472168e-03,-5.794029682874679565e-03,2.980592474341392517e-02,2.242426574230194092e-02
8.350841701030731201e-03,-5.769629031419754028e-03,2.981357276439666748e-02,2.243984490633010864e-02
8.356951177120208740e-03,-5.746178328990936279e-03,2.982019260525703430e-02,2.245517075061798096e-02
8.363626897335052490e-03,-5.723811686038970947e-03,2.982593327760696411e-02,2.247026562690734863e-02
8.370794355869293213e-03,-5.702346563339233398e-03,2.983078360557556152e-02,2.248506247997283936e-02
8.378401398658752441e-03,-5.681850016117095947e-03,2.983476594090461731e-02,2.249969542026519775e-02
8.386507630348205566e-03,-5.662210285663604736e-03,2.983789891004562378e-02,2.251408994197845459e-02
8.395090699195861816e-03,-5.643468350172042847e-03,2.984027937054634094e-02,2.252829074859619141e-02
8.404083549976348877e-03,-5.625627934932708740e-03,2.984192222356796265e-02,2.254227548837661743e-02
8.413486182689666748e-03,-5.608532577753067017e-03,2.984283491969108582e-02,2.255608886480331421e-02
8.423328399658203125e-03,-5.592260509729385376e-03,2.984310686588287354e-02,2.256972342729568481e-02
8.433587849140167236e-03,-5.576785653829574585e-03,2.984276041388511658e-02,2.258320897817611694e-02
8.444204926490783691e-03,-5.562033504247665405e-03,2.984175458550453186e-02,2.259649336338043213e-02
8.455209434032440186e-03,-5.548007786273956299e-03,2.984020113945007324e-02,2.260966598987579346e-02
8.466616272926330566e-03,-5.534697324037551880e-03,2.983807772397994995e-02,2.262268215417861938e-02
8.478358387947082520e-03,-5.522064864635467529e-03,2.983539178967475891e-02,2.263553440570831299e-02
8.490420877933502197e-03,-5.510099232196807861e-03,2.983226999640464783e-02,2.264825999736785889e-02
8.502840995788574219e-03,-5.498792976140975952e-03,2.982862293720245361e-02,2.266087383031845093e-02
8.515641093254089355e-03,-5.488142371177673340e-03,2.982448041439056396e-02,2.267337590456008911e-02
8.528731763362884521e-03,-5.478095263242721558e-03,2.981992810964584351e-02,2.268575131893157959e-02
8.542202413082122803e-03,-5.468767136335372925e-03,2.981476485729217529e-02,2.269794046878814697e-02
8.556008338928222656e-03,-5.460157990455627441e-03,2.980910241603851318e-02,2.270997315645217896e-02
8.570164442062377930e-03,-5.452148616313934326e-03,2.980297803878784180e-02,2.272194623947143555e-02
8.584648370742797852e-03,-5.444765090942382812e-03,2.979638427495956421e-02,2.273377031087875366e-02
8.599415421485900879e-03,-5.437962710857391357e-03,2.978939190506935120e-02,2.274545282125473022e-02
8.614525198936462402e-03,-5.431756377220153809e-03,2.978199347853660583e-02,2.275706827640533447e-02
8.629895746707916260e-03,-5.426198244094848633e-03,2.977412194013595581e-02,2.276852726936340332e-02
8.645601570606231689e-03,-5.421195179224014282e-03,2.976582571864128113e-02,2.277992665767669678e-02
8.661665022373199463e-03,-5.416765809059143066e-03,2.975717186927795410e-02,2.279117703437805176e-02
8.677966892719268799e-03,-5.412984639406204224e-03,2.974805980920791626e-02,2.280230075120925903e-02
8.694611489772796631e-03,-5.409780889749526978e-03,2.973855286836624146e-02,2.281331270933151245e-02
8.711524307727813721e-03,-5.407132208347320557e-03,2.972851693630218506e-02,2.282420545816421509e-02
8.728779852390289307e-03,-5.405124276876449585e-03,2.971809357404708862e-02,2.283498644828796387e-02
8.746325969696044922e-03,-5.403682589530944824e-03,2.970727160573005676e-02,2.284562587738037109e-02
8.764244616031646729e-03,-5.402915179729461670e-03,2.969596534967422485e-02,2.285616844892501831e-02
8.782424032688140869e-03,-5.402732640504837036e-03,2.968415617942810059e-02,2.286655455827713013e-02
8.800931274890899658e-03,-5.403187125921249390e-03,2.967192977666854858e-02,2.287680655717849731e-02
8.819758892059326172e-03,-5.404278635978698730e-03,2.965914830565452576e-02,2.288694679737091064e-02
8.838608860969543457e-03,-5.405314266681671143e-03,2.964676916599273682e-02,2.289719134569168091e-02
8.857481181621551514e-03,-5.406435579061508179e-03,2.963474020361900330e-02,2.290746569633483887e-02
8.876539766788482666e-03,-5.407977849245071411e-03,2.962244302034378052e-02,2.291771769523620605e-02
8.895829319953918457e-03,-5.409933626651763916e-03,2.960994467139244080e-02,2.292790263891220093e-02
8.915364742279052734e-03,-5.412328988313674927e-03,2.959718555212020874e-02,2.293804287910461426e-02
8.935071527957916260e-03,-5.415130406618118286e-03,2.958422526717185974e-02,2.294808626174926758e-02
8.954994380474090576e-03,-5.418345332145690918e-03,2.957101911306381226e-02,2.295809239149093628e-02
8.975155651569366455e-03,-5.422011017799377441e-03,2.955764532089233398e-02,2.296802401542663574e-02
8.995555341243743896e-03,-5.426049232482910156e-03,2.954398840665817261e-02,2.297788113355636597e-02
9.016133844852447510e-03,-5.430590361356735229e-03,2.953015267848968506e-02,2.298769354820251465e-02
9.036928415298461914e-03,-5.435485392808914185e-03,2.951603010296821594e-02,2.299739420413970947e-02
9.057953953742980957e-03,-5.440842360258102417e-03,2.950175106525421143e-02,2.300705015659332275e-02
9.079158306121826172e-03,-5.446631461381912231e-03,2.948720753192901611e-02,2.301662415266036987e-02
9.100586175918579102e-03,-5.452819168567657471e-03,2.947239205241203308e-02,2.302610874176025391e-02
9.122259914875030518e-03,-5.459453910589218140e-03,2.945736423134803772e-02,2.303559333086013794e-02
9.144127368927001953e-03,-5.466490983963012695e-03,2.944206818938255310e-02,2.304492145776748657e-02
9.166210889816284180e-03,-5.473986268043518066e-03,2.942647784948348999e-02,2.305420488119125366e-02
9.188510477542877197e-03,-5.481917411088943481e-03,2.941063791513442993e-02,2.306339889764785767e-02
9.210877120494842529e-03,-5.490001291036605835e-03,2.939494326710700989e-02,2.307264506816864014e-02
9.233176708221435547e-03,-5.498047918081283569e-03,2.937963232398033142e-02,2.308197319507598877e-02
9.255662560462951660e-03,-5.506366491317749023e-03,2.936427667737007141e-02,2.309127151966094971e-02
9.278319776058197021e-03,-5.514957010746002197e-03,2.934880182147026062e-02,2.310053259134292603e-02
9.301051497459411621e-03,-5.523860454559326172e-03,2.933321893215179443e-02,2.310980856418609619e-02
9.323954582214355469e-03,-5.533020943403244019e-03,2.931762486696243286e-02,2.311898767948150635e-02
9.347021579742431641e-03,-5.542498081922531128e-03,2.930191531777381897e-02,2.312820404767990112e-02
9.370170533657073975e-03,-5.552247166633605957e-03,2.928611636161804199e-02,2.313735336065292358e-02
9.393483400344848633e-03,-5.562264472246170044e-03,2.927030995488166809e-02,2.314647287130355835e-02
9.416908025741577148e-03,-5.572527647018432617e-03,2.925436571240425110e-02,2.315559983253479004e-02
9.440474212169647217e-03,-5.583081394433975220e-03,2.923843637108802795e-02,2.316466718912124634e-02
9.464152157306671143e-03,-5.593884736299514771e-03,2.922241017222404480e-02,2.317372709512710571e-02
9.487956762313842773e-03,-5.604971200227737427e-03,2.920634672045707703e-02,2.318276464939117432e-02
9.511858224868774414e-03,-5.616292357444763184e-03,2.919019758701324463e-02,2.319179475307464600e-02
9.535908699035644531e-03,-5.627859383821487427e-03,2.917404472827911377e-02,2.320075780153274536e-02
9.560033679008483887e-03,-5.639687180519104004e-03,2.915779873728752136e-02,2.320972830057144165e-02
9.584344923496246338e-03,-5.651772022247314453e-03,2.914156392216682434e-02,2.321866899728775024e-02
9.608693420886993408e-03,-5.664058029651641846e-03,2.912525087594985962e-02,2.322760224342346191e-02
9.633146226406097412e-03,-5.676534026861190796e-03,2.910896390676498413e-02,2.323649078607559204e-02
9.657688438892364502e-03,-5.689173936843872070e-03,2.909284085035324097e-02,2.324543893337249756e-02
9.682305157184600830e-03,-5.701925605535507202e-03,2.907671779394149780e-02,2.325439453125000000e-02
9.706899523735046387e-03,-5.714900791645050049e-03,2.906058356165885925e-02,2.326329797506332397e-02
9.731680154800415039e-03,-5.728073418140411377e-03,2.904450893402099609e-02,2.327223867177963257e-02
9.756498038768768311e-03,-5.741417407989501953e-03,2.902840822935104370e-02,2.328116446733474731e-02
9.781412780284881592e-03,-5.754984915256500244e-03,2.901241183280944824e-02,2.329006791114807129e-02
9.806431829929351807e-03,-5.768693983554840088e-03,2.899640053510665894e-02,2.329898625612258911e-02
9.831458330154418945e-03,-5.782548338174819946e-03,2.898041531443595886e-02,2.330790460109710693e-02
9.856574237346649170e-03,-5.796615034341812134e-03,2.896444499492645264e-02,2.331682294607162476e-02
9.881801903247833252e-03,-5.810834467411041260e-03,2.894855290651321411e-02,2.332569658756256104e-02
9.907044470310211182e-03,-5.825150758028030396e-03,2.893261611461639404e-02,2.333460748195648193e-02
9.932368993759155273e-03,-5.839709192514419556e-03,2.891684323549270630e-02,2.334353327751159668e-02
9.957768023014068604e-03,-5.854364484548568726e-03,2.890101820230484009e-02,2.335242927074432373e-02
9.983226656913757324e-03,-5.869217216968536377e-03,2.888523787260055542e-02,2.336133271455764771e-02
1.000872999429702759e-02,-5.884207785129547119e-03,2.886961400508880615e-02,2.337023615837097168e-02
1.003430038690567017e-02,-5.899332463741302490e-03,2.885397151112556458e-02,2.337916940450668335e-02
1.005990058183670044e-02,-5.914568901062011719e-03,2.883839607238769531e-02,2.338806539773941040e-02
1.008560508489608765e-02,-5.929939448833465576e-03,2.882289886474609375e-02,2.339695394039154053e-02
1.011130213737487793e-02,-5.945440381765365601e-03,2.880745008587837219e-02,2.340587973594665527e-02
1.013706624507904053e-02,-5.961097776889801025e-03,2.879202365875244141e-02,2.341482043266296387e-02
1.016286760568618774e-02,-5.976885557174682617e-03,2.877671644091606140e-02,2.342373877763748169e-02
1.018871366977691650e-02,-5.992770195007324219e-03,2.876146510243415833e-02,2.343270182609558105e-02
1.021463423967361450e-02,-6.008788943290710449e-03,2.874625474214553833e-02,2.344164252281188965e-02
1.024055480957031250e-02,-6.024926900863647461e-03,2.873112261295318604e-02,2.345059812068939209e-02
1.026657968759536743e-02,-6.041169166564941406e-03,2.871606498956680298e-02,2.345950901508331299e-02
1.029256731271743774e-02,-6.057560443878173828e-03,2.870109304785728455e-02,2.346848696470260620e-02
1.031862944364547729e-02,-6.074011325836181641e-03,2.868616953492164612e-02,2.347742766141891479e-02
1.034472137689590454e-02,-6.090581417083740234e-03,2.867132052779197693e-02,2.348639070987701416e-02
1.037085801362991333e-02,-6.107266992330551147e-03,2.865654975175857544e-02,2.349535375833511353e-02
1.039700210094451904e-02,-6.124075502157211304e-03,2.864187210798263550e-02,2.350431680679321289e-02
1.042322814464569092e-02,-6.141036748886108398e-03,2.862720564007759094e-02,2.351330965757369995e-02
1.044946908950805664e-02,-6.158050149679183960e-03,2.861266955733299255e-02,2.352230250835418701e-02
1.047570258378982544e-02,-6.175145506858825684e-03,2.859814092516899109e-02,2.353131026029586792e-02
1.050200313329696655e-02,-6.192371249198913574e-03,2.858371287584304810e-02,2.354029566049575806e-02
1.052832603454589844e-02,-6.209734827280044556e-03,2.856937050819396973e-02,2.354931086301803589e-02
1.055471599102020264e-02,-6.227143108844757080e-03,2.855505794286727905e-02,2.355831116437911987e-02
1.058103889226913452e-02,-6.244633346796035767e-03,2.854095026850700378e-02,2.356731891632080078e-02
1.060743629932403564e-02,-6.262153387069702148e-03,2.852687612175941467e-02,2.357637882232666016e-02
1.063379645347595215e-02,-6.279781460762023926e-03,2.851298451423645020e-02,2.358543127775192261e-02
1.066023856401443481e-02,-6.297498941421508789e-03,2.849910035729408264e-02,2.359445393085479736e-02
1.068664342164993286e-02,-6.315320730209350586e-03,2.848528325557708740e-02,2.360355854034423828e-02
1.071310043334960938e-02,-6.333149969577789307e-03,2.847162261605262756e-02,2.361260354518890381e-02
1.073956489562988281e-02,-6.351113319396972656e-03,2.845803275704383850e-02,2.362167835235595703e-02
1.076603680849075317e-02,-6.369136273860931396e-03,2.844446152448654175e-02,2.363077551126480103e-02
1.079256832599639893e-02,-6.387256085872650146e-03,2.843109518289566040e-02,2.363984286785125732e-02
1.081907004117965698e-02,-6.405442953109741211e-03,2.841770276427268982e-02,2.364897727966308594e-02
1.084556430578231812e-02,-6.423696875572204590e-03,2.840442210435867310e-02,2.365808188915252686e-02
1.087211817502975464e-02,-6.442025303840637207e-03,2.839126065373420715e-02,2.366717904806137085e-02
1.089870184659957886e-02,-6.460424512624740601e-03,2.837814018130302429e-02,2.367631345987319946e-02
1.092524081468582153e-02,-6.478898227214813232e-03,2.836508303880691528e-02,2.368545532226562500e-02
1.095181703567504883e-02,-6.497424095869064331e-03,2.835219353437423706e-02,2.369459718465805054e-02
1.097840815782546997e-02,-6.516061723232269287e-03,2.833932638168334961e-02,2.370371669530868530e-02
1.100499927997589111e-02,-6.534732878208160400e-03,2.832653746008872986e-02,2.371289581060409546e-02
1.103162020444869995e-02,-6.553512066602706909e-03,2.831383049488067627e-02,2.372204512357711792e-02
1.105824112892150879e-02,-6.572358310222625732e-03,2.830122038722038269e-02,2.373118698596954346e-02
1.108488440513610840e-02,-6.591234356164932251e-03,2.828867733478546143e-02,2.374033629894256592e-02
1.111151278018951416e-02,-6.610196083784103394e-03,2.827620878815650940e-02,2.374951541423797607e-02
1.113818585872650146e-02,-6.629236042499542236e-03,2.826376631855964661e-02,2.375868707895278931e-02
1.116482913494110107e-02,-6.648298352956771851e-03,2.825142443180084229e-02,2.376784384250640869e-02
1.119151711463928223e-02,-6.667546927928924561e-03,2.823918685317039490e-02,2.377703785896301270e-02
1.121819019317626953e-02,-6.686773151159286499e-03,2.822696790099143982e-02,2.378618717193603516e-02
1.124486327171325684e-02,-6.706103682518005371e-03,2.821486443281173706e-02,2.379536628723144531e-02
1.127161830663681030e-02,-6.725493818521499634e-03,2.820280566811561584e-02,2.380454540252685547e-02
1.129831373691558838e-02,-6.744973361492156982e-03,2.819078415632247925e-02,2.381372451782226562e-02
1.132508367300033569e-02,-6.764497607946395874e-03,2.817883342504501343e-02,2.382289618253707886e-02
1.135183125734329224e-02,-6.784170866012573242e-03,2.816693112254142761e-02,2.383205294609069824e-02
1.137859374284744263e-02,-6.803832948207855225e-03,2.815508469939231873e-02,2.384121716022491455e-02
1.140534877777099609e-02,-6.823584437370300293e-03,2.814330533146858215e-02,2.385038882493972778e-02
1.143215596675872803e-02,-6.843473762273788452e-03,2.813154458999633789e-02,2.385955303907394409e-02
1.145892590284347534e-02,-6.863377988338470459e-03,2.811985090374946594e-02,2.386870980262756348e-02
1.148575544357299805e-02,-6.883408874273300171e-03,2.810822054743766785e-02,2.387785911560058594e-02
1.151262223720550537e-02,-6.903529167175292969e-03,2.809660509228706360e-02,2.388700097799301147e-02
1.153938472270965576e-02,-6.923545151948928833e-03,2.808513864874839783e-02,2.389618009328842163e-02
1.156614720821380615e-02,-6.943561136722564697e-03,2.807390689849853516e-02,2.390540391206741333e-02
1.159285753965377808e-02,-6.963629275560379028e-03,2.806278318166732788e-02,2.391462028026580811e-02
1.161959767341613770e-02,-6.983749568462371826e-03,2.805163711309432983e-02,2.392385900020599365e-02
1.164635270833969116e-02,-7.003933191299438477e-03,2.804056555032730103e-02,2.393303811550140381e-02
1.167309284210205078e-02,-7.024176418781280518e-03,2.802963554859161377e-02,2.394227683544158936e-02
1.169984787702560425e-02,-7.044468075037002563e-03,2.801874279975891113e-02,2.395147085189819336e-02
1.172659546136856079e-02,-7.064819335937500000e-03,2.800778299570083618e-02,2.396070957183837891e-02
1.175335794687271118e-02,-7.085256278514862061e-03,2.799702435731887817e-02,2.396988868713378906e-02
1.178013533353805542e-02,-7.105749100446701050e-03,2.798625081777572632e-02,2.397912740707397461e-02
1.180690526962280273e-02,-7.126260548830032349e-03,2.797555923461914062e-02,2.398831397294998169e-02
1.183368265628814697e-02,-7.146921008825302124e-03,2.796489372849464417e-02,2.399753034114837646e-02
1.186043769121170044e-02,-7.167574018239974976e-03,2.795427665114402771e-02,2.400670200586318970e-02
1.188723742961883545e-02,-7.188297808170318604e-03,2.794372290372848511e-02,2.401592582464218140e-02
1.191402971744537354e-02,-7.209096103906631470e-03,2.793322131037712097e-02,2.402510493993759155e-02
1.194085180759429932e-02,-7.229968905448913574e-03,2.792272716760635376e-02,2.403429150581359863e-02
1.196762174367904663e-02,-7.250860333442687988e-03,2.791224420070648193e-02,2.404345571994781494e-02
1.199445128440856934e-02,-7.271874696016311646e-03,2.790188044309616089e-02,2.405262738466262817e-02
1.202128827571868896e-02,-7.292956113815307617e-03,2.789150178432464600e-02,2.406179159879684448e-02
1.204812526702880859e-02,-7.314108312129974365e-03,2.788118645548820496e-02,2.407091110944747925e-02
1.207497715950012207e-02,-7.335308939218521118e-03,2.787090092897415161e-02,2.408004552125930786e-02
1.210182905197143555e-02,-7.356587797403335571e-03,2.786055207252502441e-02,2.408919483423233032e-02
1.212869584560394287e-02,-7.377933710813522339e-03,2.785032242536544800e-02,2.409831434488296509e-02
1.215556263923645020e-02,-7.399372756481170654e-03,2.784003317356109619e-02,2.410742640495300293e-02
1.218246668577194214e-02,-7.420882582664489746e-03,2.782985568046569824e-02,2.411653846502304077e-02
1.220937818288803101e-02,-7.442466914653778076e-03,2.781965583562850952e-02,2.412560582160949707e-02
1.223629713058471680e-02,-7.464144378900527954e-03,2.780942618846893311e-02,2.413467317819595337e-02
1.226326823234558105e-02,-7.485900074243545532e-03,2.779923379421234131e-02,2.414375543594360352e-02
1.229020953178405762e-02,-7.507737725973129272e-03,2.778903394937515259e-02,2.415280044078826904e-02
1.231719553470611572e-02,-7.529661059379577637e-03,2.777890115976333618e-02,2.416180074214935303e-02
1.234420388936996460e-02,-7.551684975624084473e-03,2.776872366666793823e-02,2.417085319757461548e-02
1.237123459577560425e-02,-7.573794573545455933e-03,2.775852382183074951e-02,2.417980134487152100e-02
1.239827275276184082e-02,-7.595978677272796631e-03,2.774830907583236694e-02,2.418879419565200806e-02
1.242536306381225586e-02,-7.618263363838195801e-03,2.773814648389816284e-02,2.419777214527130127e-02
1.245242357254028320e-02,-7.640682160854339600e-03,2.772792056202888489e-02,2.420667558908462524e-02
1.247953623533248901e-02,-7.663164287805557251e-03,2.771769464015960693e-02,2.421560883522033691e-02
1.250664144754409790e-02,-7.685661315917968750e-03,2.770759165287017822e-02,2.422453463077545166e-02
1.253356039524078369e-02,-7.707830518484115601e-03,2.769789844751358032e-02,2.423352748155593872e-02
1.256044209003448486e-02,-7.730089128017425537e-03,2.768817916512489319e-02,2.424253523349761963e-02
1.258733868598937988e-02,-7.752437144517898560e-03,2.767850458621978760e-02,2.425155043601989746e-02
1.261425018310546875e-02,-7.774755358695983887e-03,2.766894176602363586e-02,2.426055073738098145e-02
1.264116168022155762e-02,-7.797166705131530762e-03,2.765932679176330566e-02,2.426950633525848389e-02
1.266805827617645264e-02,-7.819671183824539185e-03,2.764976024627685547e-02,2.427846938371658325e-02
1.269499212503433228e-02,-7.842194288969039917e-03,2.764024585485458374e-02,2.428743243217468262e-02
1.272190362215042114e-02,-7.864799350500106812e-03,2.763068675994873047e-02,2.429638057947158813e-02
1.274880021810531616e-02,-7.887437939643859863e-03,2.762125059962272644e-02,2.430534362792968750e-02
1.277571171522140503e-02,-7.910113781690597534e-03,2.761179208755493164e-02,2.431424707174301147e-02
1.280266791582107544e-02,-7.932916283607482910e-03,2.760232985019683838e-02,2.432318776845932007e-02
1.282955706119537354e-02,-7.955677807331085205e-03,2.759289368987083435e-02,2.433207631111145020e-02
1.285651326179504395e-02,-7.978565990924835205e-03,2.758348733186721802e-02,2.434098720550537109e-02
1.288343966007232666e-02,-8.001510053873062134e-03,2.757416665554046631e-02,2.434983849525451660e-02
1.291038095951080322e-02,-8.024495095014572144e-03,2.756474167108535767e-02,2.435874193906784058e-02
1.293729245662689209e-02,-8.047547191381454468e-03,2.755542099475860596e-02,2.436762303113937378e-02
1.296426355838775635e-02,-8.070643991231918335e-03,2.754608169198036194e-02,2.437645196914672852e-02
1.299120485782623291e-02,-8.093774318695068359e-03,2.753676474094390869e-02,2.438529580831527710e-02
1.301814615726470947e-02,-8.117027580738067627e-03,2.752745151519775391e-02,2.439412474632263184e-02
1.304510980844497681e-02,-8.140299469232559204e-03,2.751812711358070374e-02,2.440291643142700195e-02
1.307211071252822876e-02,-8.163619786500930786e-03,2.750889956951141357e-02,2.441173046827316284e-02
1.309903711080551147e-02,-8.187025785446166992e-03,2.749961614608764648e-02,2.442051470279693604e-02
1.312600821256637573e-02,-8.210469037294387817e-03,2.749035879969596863e-02,2.442929893732070923e-02
1.315299421548843384e-02,-8.234016597270965576e-03,2.748110890388488770e-02,2.443803846836090088e-02
1.318000257015228271e-02,-8.257582783699035645e-03,2.747179567813873291e-02,2.444676309823989868e-02
1.320696622133255005e-02,-8.281204849481582642e-03,2.746258676052093506e-02,2.445553243160247803e-02
1.323398202657699585e-02,-8.304942399263381958e-03,2.745336294174194336e-02,2.446422725915908813e-02
1.326099038124084473e-02,-8.328687399625778198e-03,2.744412049651145935e-02,2.447294443845748901e-02
1.328802853822708130e-02,-8.352540433406829834e-03,2.743490040302276611e-02,2.448160946369171143e-02
1.331505924463272095e-02,-8.376408368349075317e-03,2.742565050721168518e-02,2.449029684066772461e-02
1.334206014871597290e-02,-8.400380611419677734e-03,2.741640061140060425e-02,2.449895441532135010e-02
1.336912065744400024e-02,-8.424393832683563232e-03,2.740718424320220947e-02,2.450758218765258789e-02
1.339615881443023682e-02,-8.448455482721328735e-03,2.739793062210083008e-02,2.451622486114501953e-02
1.342322677373886108e-02,-8.472632616758346558e-03,2.738872542977333069e-02,2.452484518289566040e-02
1.345030218362808228e-02,-8.496839553117752075e-03,2.737945318222045898e-02,2.453339099884033203e-02
1.347739994525909424e-02,-8.521109819412231445e-03,2.737023681402206421e-02,2.454198896884918213e-02
1.350438594818115234e-02,-8.545283228158950806e-03,2.736117690801620483e-02,2.455059438943862915e-02
1.353136450052261353e-02,-8.569464087486267090e-03,2.735216170549392700e-02,2.455920726060867310e-02
1.355832070112228394e-02,-8.593712002038955688e-03,2.734315395355224609e-02,2.456779778003692627e-02
1.358527690172195435e-02,-8.617963641881942749e-03,2.733417600393295288e-02,2.457638829946517944e-02
1.361224800348281860e-02,-8.642267435789108276e-03,2.732515707612037659e-02,2.458491921424865723e-02
1.363921165466308594e-02,-8.666675537824630737e-03,2.731622010469436646e-02,2.459350228309631348e-02
1.366615295410156250e-02,-8.691076189279556274e-03,2.730724588036537170e-02,2.460201829671859741e-02
1.369310915470123291e-02,-8.715502917766571045e-03,2.729836106300354004e-02,2.461056411266326904e-02
1.372005045413970947e-02,-8.740022778511047363e-03,2.728942036628723145e-02,2.461908757686614990e-02
1.374704390764236450e-02,-8.764542639255523682e-03,2.728053182363510132e-02,2.462761104106903076e-02
1.377401500940322876e-02,-8.789144456386566162e-03,2.727164328098297119e-02,2.463606745004653931e-02
1.380093395709991455e-02,-8.813720196485519409e-03,2.726277709007263184e-02,2.464456111192703247e-02
1.382787525653839111e-02,-8.838407695293426514e-03,2.725389599800109863e-02,2.465306222438812256e-02
1.385485380887985229e-02,-8.863184601068496704e-03,2.724507078528404236e-02,2.466151863336563110e-02
1.388177275657653809e-02,-8.887890726327896118e-03,2.723621204495429993e-02,2.466995269060134888e-02
1.390872150659561157e-02,-8.912697434425354004e-03,2.722740918397903442e-02,2.467840909957885742e-02
1.393564045429229736e-02,-8.937515318393707275e-03,2.721857652068138123e-02,2.468686550855636597e-02
1.396258920431137085e-02,-8.962374180555343628e-03,2.720980346202850342e-02,2.469523996114730835e-02
1.398956775665283203e-02,-8.987311273813247681e-03,2.720098942518234253e-02,2.470368146896362305e-02
1.401645690202713013e-02,-9.012240916490554810e-03,2.719224244356155396e-02,2.471204102039337158e-02
1.404336839914321899e-02,-9.037245064973831177e-03,2.718349546194076538e-02,2.472045272588729858e-02
1.407030224800109863e-02,-9.062275290489196777e-03,2.717472985386848450e-02,2.472881972789764404e-02
1.409724354743957520e-02,-9.087361395359039307e-03,2.716602385044097900e-02,2.473720163106918335e-02
1.412414759397506714e-02,-9.112466126680374146e-03,2.715728431940078735e-02,2.474555373191833496e-02
1.415104418992996216e-02,-9.137548506259918213e-03,2.714859694242477417e-02,2.475387603044509888e-02
1.417798548936843872e-02,-9.162712842226028442e-03,2.713989466428756714e-02,2.476220577955245972e-02
1.420487463474273682e-02,-9.187962859869003296e-03,2.713122218847274780e-02,2.477053552865982056e-02
1.423177123069763184e-02,-9.213238954544067383e-03,2.712256461381912231e-02,2.477884292602539062e-02
1.425866782665252686e-02,-9.238541126251220703e-03,2.711390703916549683e-02,2.478715032339096069e-02
1.428557187318801880e-02,-9.263806045055389404e-03,2.710524946451187134e-02,2.479542791843414307e-02
1.431246101856231689e-02,-9.289182722568511963e-03,2.709664404392242432e-02,2.480374276638031006e-02
1.433933526277542114e-02,-9.314581751823425293e-03,2.708807215094566345e-02,2.481200546026229858e-02
1.436623930931091309e-02,-9.340032935142517090e-03,2.707944810390472412e-02,2.482029050588607788e-02
1.439309120178222656e-02,-9.365446865558624268e-03,2.707087993621826172e-02,2.482852339744567871e-02
1.441996544599533081e-02,-9.390946477651596069e-03,2.706228941679000854e-02,2.483679354190826416e-02
1.444681733846664429e-02,-9.416475892066955566e-03,2.705376595258712769e-02,2.484501898288726807e-02
1.447369158267974854e-02,-9.442057460546493530e-03,2.704520151019096375e-02,2.485322952270507812e-02
1.450055092573165894e-02,-9.467650204896926880e-03,2.703662216663360596e-02,2.486143261194229126e-02
1.452739536762237549e-02,-9.493291378021240234e-03,2.702805772423744202e-02,2.486960589885711670e-02
1.455424726009368896e-02,-9.518958628177642822e-03,2.701947838068008423e-02,2.487780153751373291e-02
1.458109915256500244e-02,-9.544700384140014648e-03,2.701098099350929260e-02,2.488595992326736450e-02
1.460794359445571899e-02,-9.570427238941192627e-03,2.700240164995193481e-02,2.489408105611801147e-02
1.463477313518524170e-02,-9.596198797225952148e-03,2.699388563632965088e-02,2.490223199129104614e-02
1.466157287359237671e-02,-9.621977806091308594e-03,2.698536589741706848e-02,2.491035312414169312e-02
1.468840986490249634e-02,-9.647846221923828125e-03,2.697685360908508301e-02,2.491848170757293701e-02
1.471523195505142212e-02,-9.673699736595153809e-03,2.696832269430160522e-02,2.492659538984298706e-02
1.474204659461975098e-02,-9.699597954750061035e-03,2.695983648300170898e-02,2.493470907211303711e-02
1.476883143186569214e-02,-9.725544601678848267e-03,2.695137262344360352e-02,2.494278550148010254e-02
1.479565352201461792e-02,-9.751550853252410889e-03,2.694289386272430420e-02,2.495085448026657104e-02
1.482242345809936523e-02,-9.777486324310302734e-03,2.693443372845649719e-02,2.495892345905303955e-02
1.484924554824829102e-02,-9.803503751754760742e-03,2.692599594593048096e-02,2.496699988842010498e-02
1.487599313259124756e-02,-9.829584509134292603e-03,2.691757678985595703e-02,2.497506141662597656e-02
1.490276306867599487e-02,-9.855657815933227539e-03,2.690912783145904541e-02,2.498305588960647583e-02
1.492954045534133911e-02,-9.881746023893356323e-03,2.690067887306213379e-02,2.499109506607055664e-02
1.495630294084548950e-02,-9.907890111207962036e-03,2.689232677221298218e-02,2.499913424253463745e-02
1.498304307460784912e-02,-9.934023022651672363e-03,2.688389271497726440e-02,2.500712871551513672e-02
1.500980556011199951e-02,-9.960222989320755005e-03,2.687553316354751587e-02,2.501514554023742676e-02
1.503655314445495605e-02,-9.986437857151031494e-03,2.686718106269836426e-02,2.502311766147613525e-02
1.506324857473373413e-02,-1.001264899969100952e-02,2.685880661010742188e-02,2.503111958503723145e-02
1.508997380733489990e-02,-1.003894209861755371e-02,2.685044705867767334e-02,2.503909915685653687e-02
1.511670649051666260e-02,-1.006522029638290405e-02,2.684211730957031250e-02,2.504702657461166382e-02
1.514342427253723145e-02,-1.009153574705123901e-02,2.683379873633384705e-02,2.505497634410858154e-02
1.517011225223541260e-02,-1.011787727475166321e-02,2.682545781135559082e-02,2.506294101476669312e-02
1.519680768251419067e-02,-1.014420390129089355e-02,2.681712061166763306e-02,2.507087588310241699e-02
1.522348821163177490e-02,-1.017059385776519775e-02,2.680887281894683838e-02,2.507881075143814087e-02
1.525015383958816528e-02,-1.019698753952980042e-02,2.680059522390365601e-02,2.508672326803207397e-02
1.527684181928634644e-02,-1.022341847419738770e-02,2.679233998060226440e-02,2.509462833404541016e-02
1.530348509550094604e-02,-1.024990528821945190e-02,2.678408101201057434e-02,2.510252594947814941e-02
1.533015072345733643e-02,-1.027635484933853149e-02,2.677582949399948120e-02,2.511043101549148560e-02
1.535680145025253296e-02,-1.030283048748970032e-02,2.676758170127868652e-02,2.511832118034362793e-02
1.538339257240295410e-02,-1.032933220267295837e-02,2.675937861204147339e-02,2.512620389461517334e-02
1.541003584861755371e-02,-1.035591959953308105e-02,2.675122022628784180e-02,2.513407915830612183e-02
1.543666422367095947e-02,-1.038248464465141296e-02,2.674297988414764404e-02,2.514191716909408569e-02
1.546330004930496216e-02,-1.040908694267272949e-02,2.673469483852386475e-02,2.514977008104324341e-02
1.548996567726135254e-02,-1.043577492237091064e-02,2.672644704580307007e-02,2.515757828950881958e-02
1.551656424999237061e-02,-1.046249270439147949e-02,2.671818435192108154e-02,2.516535669565200806e-02
1.554319262504577637e-02,-1.048917695879936218e-02,2.670990675687789917e-02,2.517317235469818115e-02
1.556979864835739136e-02,-1.051593944430351257e-02,2.670168131589889526e-02,2.518095821142196655e-02
1.559644192457199097e-02,-1.054269075393676758e-02,2.669341862201690674e-02,2.518872171640396118e-02
1.562303304672241211e-02,-1.056947186589241028e-02,2.668514102697372437e-02,2.519649267196655273e-02
1.564962416887283325e-02,-1.059632748365402222e-02,2.667688578367233276e-02,2.520422637462615967e-02
1.567623019218444824e-02,-1.062323153018951416e-02,2.666863054037094116e-02,2.521198242902755737e-02
1.570282876491546631e-02,-1.065009087324142456e-02,2.666044235229492188e-02,2.521971613168716431e-02
1.572939008474349976e-02,-1.067698746919631958e-02,2.665216475725173950e-02,2.522744238376617432e-02
1.575595140457153320e-02,-1.070389896631240845e-02,2.664397284388542175e-02,2.523513138294219971e-02
1.578249782323837280e-02,-1.073084771633148193e-02,2.663568034768104553e-02,2.524285763502120972e-02
1.580906659364700317e-02,-1.075780764222145081e-02,2.662746608257293701e-02,2.525053918361663818e-02
1.583565771579742432e-02,-1.078481972217559814e-02,2.661925926804542542e-02,2.525819092988967896e-02
1.586221158504486084e-02,-1.081184297800064087e-02,2.661103755235671997e-02,2.526587992906570435e-02
1.588874310255050659e-02,-1.083890348672866821e-02,2.660279348492622375e-02,2.527354657649993896e-02
1.591528952121734619e-02,-1.086599752306938171e-02,2.659455314278602600e-02,2.528116852045059204e-02
1.594185084104537964e-02,-1.089305430650711060e-02,2.658633142709732056e-02,2.528882026672363281e-02
1.596840471029281616e-02,-1.092017441987991333e-02,2.657815814018249512e-02,2.529642730951309204e-02
1.599490642547607422e-02,-1.094733178615570068e-02,2.656990289688110352e-02,2.530405670404434204e-02
1.602144539356231689e-02,-1.097452268004417419e-02,2.656167000532150269e-02,2.531164884567260742e-02
1.604796200990676880e-02,-1.100172102451324463e-02,2.655346691608428955e-02,2.531924843788146973e-02
1.607447117567062378e-02,-1.102894172072410583e-02,2.654527872800827026e-02,2.532685548067092896e-02
1.610097289085388184e-02,-1.105618849396705627e-02,2.653702720999717712e-02,2.533439546823501587e-02
1.612745970487594604e-02,-1.108350232243537903e-02,2.652881667017936707e-02,2.534198015928268433e-02
1.615399122238159180e-02,-1.111073791980743408e-02,2.652058005332946777e-02,2.534954994916915894e-02
1.618050038814544678e-02,-1.113809645175933838e-02,2.651234716176986694e-02,2.535709738731384277e-02
1.620698720216751099e-02,-1.116541400551795959e-02,2.650415897369384766e-02,2.536461502313613892e-02
1.623345911502838135e-02,-1.119281724095344543e-02,2.649592235684394836e-02,2.537215501070022583e-02
1.625995337963104248e-02,-1.122019812464714050e-02,2.648770064115524292e-02,2.537968009710311890e-02
1.628641784191131592e-02,-1.124760508537292480e-02,2.647948637604713440e-02,2.538718283176422119e-02
1.631290465593338013e-02,-1.127506420016288757e-02,2.647124975919723511e-02,2.539467066526412964e-02
1.633936911821365356e-02,-1.130253821611404419e-02,2.646304666996002197e-02,2.540213614702224731e-02
1.636582612991333008e-02,-1.133006811141967773e-02,2.645479142665863037e-02,2.540960907936096191e-02
1.639229804277420044e-02,-1.135753840208053589e-02,2.644652128219604492e-02,2.541710436344146729e-02
1.641875505447387695e-02,-1.138509809970855713e-02,2.643832564353942871e-02,2.542456984519958496e-02
1.644523441791534424e-02,-1.141262799501419067e-02,2.643009275197982788e-02,2.543196082115173340e-02
1.647168397903442383e-02,-1.144023612141609192e-02,2.642183378338813782e-02,2.543941140174865723e-02
1.649811863899230957e-02,-1.146784052252769470e-02,2.641358226537704468e-02,2.544684708118438721e-02
1.652453839778900146e-02,-1.149544492363929749e-02,2.640531584620475769e-02,2.545423805713653564e-02
1.655098050832748413e-02,-1.152310892939567566e-02,2.639707177877426147e-02,2.546165138483047485e-02
1.657737791538238525e-02,-1.155080646276473999e-02,2.638881653547286987e-02,2.546904236078262329e-02
1.660384237766265869e-02,-1.157851144671440125e-02,2.638052776455879211e-02,2.547639608383178711e-02
1.663026213645935059e-02,-1.160623133182525635e-02,2.637228369712829590e-02,2.548377215862274170e-02
1.665670424699783325e-02,-1.163401454687118530e-02,2.636401355266571045e-02,2.549113333225250244e-02
1.668308675289154053e-02,-1.166176423430442810e-02,2.635570615530014038e-02,2.549845725297927856e-02
1.670951396226882935e-02,-1.168955117464065552e-02,2.634745836257934570e-02,2.550579607486724854e-02
1.673592627048492432e-02,-1.171740144491195679e-02,2.633914351463317871e-02,2.551311999559402466e-02
1.676231622695922852e-02,-1.174525544047355652e-02,2.633085846900939941e-02,2.552043646574020386e-02
1.678873598575592041e-02,-1.177310198545455933e-02,2.632250636816024780e-02,2.552773803472518921e-02
1.681514829397201538e-02,-1.180104538798332214e-02,2.631422132253646851e-02,2.553503960371017456e-02
1.684154570102691650e-02,-1.182895153760910034e-02,2.630590647459030151e-02,2.554233372211456299e-02
1.686795055866241455e-02,-1.185690984129905701e-02,2.629760280251502991e-02,2.554958313703536987e-02
1.689437031745910645e-02,-1.188486069440841675e-02,2.628928050398826599e-02,2.555686235427856445e-02
1.692076772451400757e-02,-1.191288232803344727e-02,2.628090232610702515e-02,2.556409686803817749e-02
1.694714277982711792e-02,-1.194085925817489624e-02,2.627258747816085815e-02,2.557135373353958130e-02
1.697354763746261597e-02,-1.196894422173500061e-02,2.626421675086021423e-02,2.557856589555740356e-02
1.699993759393692017e-02,-1.199701428413391113e-02,2.625585347414016724e-02,2.558578550815582275e-02
1.702631264925003052e-02,-1.202512905001640320e-02,2.624748647212982178e-02,2.559297531843185425e-02
1.705271005630493164e-02,-1.205325126647949219e-02,2.623912692070007324e-02,2.560015022754669189e-02
1.707910746335983276e-02,-1.208138838410377502e-02,2.623073384165763855e-02,2.560736238956451416e-02
1.710550487041473389e-02,-1.210957765579223633e-02,2.622234076261520386e-02,2.561452239751815796e-02
1.713186502456665039e-02,-1.213778927922248840e-02,2.621395885944366455e-02,2.562170475721359253e-02
1.715825498104095459e-02,-1.216597482562065125e-02,2.620552480220794678e-02,2.562886476516723633e-02
1.718460768461227417e-02,-1.219421625137329102e-02,2.619709819555282593e-02,2.563598006963729858e-02
1.721103489398956299e-02,-1.222252845764160156e-02,2.618864923715591431e-02,2.564311027526855469e-02
1.723738759756088257e-02,-1.225083693861961365e-02,2.618021890521049500e-02,2.565024793148040771e-02
1.726377010345458984e-02,-1.227915659546852112e-02,2.617175132036209106e-02,2.565734088420867920e-02
1.729016005992889404e-02,-1.230750232934951782e-02,2.616333216428756714e-02,2.566444128751754761e-02
1.731654256582260132e-02,-1.233590394258499146e-02,2.615479007363319397e-02,2.567151933908462524e-02
1.734293252229690552e-02,-1.236427575349807739e-02,2.614638209342956543e-02,2.567858994007110596e-02
1.736928522586822510e-02,-1.239272952079772949e-02,2.613788470625877380e-02,2.568569034337997437e-02
1.739563047885894775e-02,-1.242113113403320312e-02,2.612935006618499756e-02,2.569274604320526123e-02
1.742199808359146118e-02,-1.244957745075225830e-02,2.612091600894927979e-02,2.569980174303054810e-02
1.744835078716278076e-02,-1.247801631689071655e-02,2.611243724822998047e-02,2.570684999227523804e-02
1.747467368841171265e-02,-1.250646263360977173e-02,2.610394358634948730e-02,2.571385353803634644e-02
1.750102639198303223e-02,-1.253498718142509460e-02,2.609546482563018799e-02,2.572090923786163330e-02
1.752734929323196411e-02,-1.256352290511131287e-02,2.608697116374969482e-02,2.572791278362274170e-02
1.755370199680328369e-02,-1.259204000234603882e-02,2.607844024896621704e-02,2.573496103286743164e-02
1.758003234863281250e-02,-1.262058690190315247e-02,2.606990188360214233e-02,2.574193477630615234e-02
1.760636270046234131e-02,-1.264915615320205688e-02,2.606134861707687378e-02,2.574891597032546997e-02
1.763269305229187012e-02,-1.267773658037185669e-02,2.605286985635757446e-02,2.575589716434478760e-02
1.765903085470199585e-02,-1.270642131567001343e-02,2.604429423809051514e-02,2.576284855604171753e-02
1.768535375595092773e-02,-1.273507624864578247e-02,2.603571116924285889e-02,2.576982229948043823e-02
1.771168410778045654e-02,-1.276372000575065613e-02,2.602721005678176880e-02,2.577675133943557739e-02
1.773798465728759766e-02,-1.279239356517791748e-02,2.601861208677291870e-02,2.578369528055191040e-02
1.776432991027832031e-02,-1.282111927866935730e-02,2.601003646850585938e-02,2.579061686992645264e-02
1.779066771268844604e-02,-1.284982636570930481e-02,2.600143849849700928e-02,2.579753845930099487e-02
1.781694591045379639e-02,-1.287861540913581848e-02,2.599287778139114380e-02,2.580444514751434326e-02
1.784323900938034058e-02,-1.290735974907875061e-02,2.598422020673751831e-02,2.581134438514709473e-02
1.786959171295166016e-02,-1.293613016605377197e-02,2.597562223672866821e-02,2.581824362277984619e-02
1.789591461420059204e-02,-1.296497136354446411e-02,2.596698701381683350e-02,2.582512050867080688e-02
1.792220026254653931e-02,-1.299378648400306702e-02,2.595833688974380493e-02,2.583198994398117065e-02
1.794850081205368042e-02,-1.302264630794525146e-02,2.594977617263793945e-02,2.583884447813034058e-02
1.797480881214141846e-02,-1.305148378014564514e-02,2.594105154275894165e-02,2.584569156169891357e-02
1.800110936164855957e-02,-1.308036223053932190e-02,2.593237906694412231e-02,2.585254609584808350e-02
1.802741736173629761e-02,-1.310927793383598328e-02,2.592375129461288452e-02,2.585940062999725342e-02
1.805371046066284180e-02,-1.313821971416473389e-02,2.591507881879806519e-02,2.586620301008224487e-02
1.808001101016998291e-02,-1.316716894507408142e-02,2.590638399124145508e-02,2.587303519248962402e-02
1.810631901025772095e-02,-1.319611817598342896e-02,2.589766681194305420e-02,2.587983012199401855e-02
1.813258975744247437e-02,-1.322510465979576111e-02,2.588898688554763794e-02,2.588663995265960693e-02
1.815889775753021240e-02,-1.325410231947898865e-02,2.588032186031341553e-02,2.589342743158340454e-02
1.818518340587615967e-02,-1.328314840793609619e-02,2.587158232927322388e-02,2.590020000934600830e-02
1.821145415306091309e-02,-1.331218704581260681e-02,2.586283534765243530e-02,2.590697258710861206e-02
1.823775470256805420e-02,-1.334125921130180359e-02,2.585411071777343750e-02,2.591372281312942505e-02
1.826404035091400146e-02,-1.337033510208129883e-02,2.584537118673324585e-02,2.592048794031143188e-02
1.829032599925994873e-02,-1.339943706989288330e-02,2.583660185337066650e-02,2.592724561691284180e-02
1.831658929586410522e-02,-1.342858001589775085e-02,2.582786232233047485e-02,2.593394368886947632e-02
1.834289729595184326e-02,-1.345768198370933533e-02,2.581907063722610474e-02,2.594070136547088623e-02
1.836916804313659668e-02,-1.348685845732688904e-02,2.581028640270233154e-02,2.594740688800811768e-02
1.839543133974075317e-02,-1.351603865623474121e-02,2.580150216817855835e-02,2.595411986112594604e-02
1.842170208692550659e-02,-1.354519277811050415e-02,2.579271048307418823e-02,2.596083283424377441e-02
1.844800263643264771e-02,-1.357442885637283325e-02,2.578390389680862427e-02,2.596753835678100586e-02
1.847425848245620728e-02,-1.360367238521575928e-02,2.577506005764007568e-02,2.597419172525405884e-02
1.850053668022155762e-02,-1.363289728760719299e-02,2.576624602079391479e-02,2.598090469837188721e-02
1.852679997682571411e-02,-1.366214454174041748e-02,2.575742453336715698e-02,2.598756551742553711e-02
1.855307072401046753e-02,-1.369148865342140198e-02,2.574861049652099609e-02,2.599421143531799316e-02
1.857931166887283325e-02,-1.372074708342552185e-02,2.573969960212707520e-02,2.600086480379104614e-02
1.860561966896057129e-02,-1.375009864568710327e-02,2.573087066411972046e-02,2.600751072168350220e-02
1.863186061382293701e-02,-1.377940922975540161e-02,2.572201192378997803e-02,2.601414918899536133e-02
1.865809410810470581e-02,-1.380880177021026611e-02,2.571310847997665405e-02,2.602079510688781738e-02
1.868440955877304077e-02,-1.383815705776214600e-02,2.570426464080810547e-02,2.602738142013549805e-02
1.871063560247421265e-02,-1.386754959821701050e-02,2.569534629583358765e-02,2.603398263454437256e-02
1.873692125082015991e-02,-1.389691233634948730e-02,2.568645030260086060e-02,2.604062110185623169e-02
1.876315474510192871e-02,-1.392637938261032104e-02,2.567754685878753662e-02,2.604722976684570312e-02
1.878940314054489136e-02,-1.395581290125846863e-02,2.566863596439361572e-02,2.605380862951278687e-02
1.881566643714904785e-02,-1.398526132106781006e-02,2.565971016883850098e-02,2.606038749217987061e-02
1.884194463491439819e-02,-1.401474699378013611e-02,2.565075457096099854e-02,2.606694400310516357e-02
1.886815577745437622e-02,-1.404422521591186523e-02,2.564183622598648071e-02,2.607353031635284424e-02
1.889440417289733887e-02,-1.407375559210777283e-02,2.563286572694778442e-02,2.608004957437515259e-02
1.892063766717910767e-02,-1.410326361656188965e-02,2.562393993139266968e-02,2.608663588762283325e-02
1.894690841436386108e-02,-1.413277909159660339e-02,2.561493217945098877e-02,2.609317004680633545e-02
1.897314190864562988e-02,-1.416235417127609253e-02,2.560595422983169556e-02,2.609972655773162842e-02
1.899939775466918945e-02,-1.419192925095558167e-02,2.559699863195419312e-02,2.610625326633453369e-02
1.902560889720916748e-02,-1.422152668237686157e-02,2.558799833059310913e-02,2.611275017261505127e-02
1.905184239149093628e-02,-1.425109431147575378e-02,2.557900547981262207e-02,2.611924707889556885e-02
1.907809078693389893e-02,-1.428074017167091370e-02,2.556998282670974731e-02,2.612576633691787720e-02
1.910436153411865234e-02,-1.431039348244667053e-02,2.556098997592926025e-02,2.613227069377899170e-02
1.913055777549743652e-02,-1.434001326560974121e-02,2.555199712514877319e-02,2.613874524831771851e-02
1.915681362152099609e-02,-1.436964049935340881e-02,2.554294466972351074e-02,2.614524215459823608e-02
1.918304711580276489e-02,-1.439936086535453796e-02,2.553392201662063599e-02,2.615172415971755981e-02
1.920925825834274292e-02,-1.442904770374298096e-02,2.552488446235656738e-02,2.615820616483688354e-02
1.923548430204391479e-02,-1.445875316858291626e-02,2.551580220460891724e-02,2.616466581821441650e-02
1.926173269748687744e-02,-1.448847725987434387e-02,2.550682425498962402e-02,2.617111802101135254e-02
1.928795874118804932e-02,-1.451831310987472534e-02,2.549762278795242310e-02,2.617756277322769165e-02
1.931424438953399658e-02,-1.454809308052062988e-02,2.548852562904357910e-02,2.618398517370223999e-02
1.934047788381576538e-02,-1.457789912819862366e-02,2.547935396432876587e-02,2.619037777185440063e-02
1.936672627925872803e-02,-1.460771262645721436e-02,2.547021210193634033e-02,2.619680017232894897e-02
1.939300447702407837e-02,-1.463762298226356506e-02,2.546104788780212402e-02,2.620321512222290039e-02
1.941923797130584717e-02,-1.466749235987663269e-02,2.545186132192611694e-02,2.620962262153625488e-02
1.944550871849060059e-02,-1.469739899039268494e-02,2.544265985488891602e-02,2.621598541736602783e-02
1.947174221277236938e-02,-1.472730562090873718e-02,2.543346583843231201e-02,2.622238546609878540e-02
1.949799805879592896e-02,-1.475723087787628174e-02,2.542425692081451416e-02,2.622874081134796143e-02
1.952424645423889160e-02,-1.478717848658561707e-02,2.541503310203552246e-02,2.623513340950012207e-02
1.955053210258483887e-02,-1.481718942523002625e-02,2.540584653615951538e-02,2.624148130416870117e-02
1.957676559686660767e-02,-1.484710723161697388e-02,2.539654076099395752e-02,2.624781429767608643e-02
1.960303634405136108e-02,-1.487716659903526306e-02,2.538732439279556274e-02,2.625416964292526245e-02
1.962929964065551758e-02,-1.490713655948638916e-02,2.537805587053298950e-02,2.626049518585205078e-02
1.965552568435668945e-02,-1.493717357516288757e-02,2.536875009536743164e-02,2.626685053110122681e-02
1.968182623386383057e-02,-1.496726647019386292e-02,2.535951882600784302e-02,2.627313882112503052e-02
1.970807462930679321e-02,-1.499728858470916748e-02,2.535020560026168823e-02,2.627947926521301270e-02
1.973433047533035278e-02,-1.502741873264312744e-02,2.534089237451553345e-02,2.628578245639801025e-02
1.976061612367630005e-02,-1.505751162767410278e-02,2.533157914876937866e-02,2.629207819700241089e-02
1.978684216737747192e-02,-1.508762314915657043e-02,2.532225102186203003e-02,2.629839628934860229e-02
1.981313526630401611e-02,-1.511780172586441040e-02,2.531293034553527832e-02,2.630466222763061523e-02
1.983937621116638184e-02,-1.514789834618568420e-02,2.530357986688613892e-02,2.631093561649322510e-02
1.986566931009292603e-02,-1.517807692289352417e-02,2.529420703649520874e-02,2.631721645593643188e-02
1.989194005727767944e-02,-1.520828902721405029e-02,2.528487145900726318e-02,2.632347494363784790e-02
1.991823315620422363e-02,-1.523849740624427795e-02,2.527543902397155762e-02,2.632975578308105469e-02
1.994444429874420166e-02,-1.526873186230659485e-02,2.526603639125823975e-02,2.633600682020187378e-02
1.997072249650955200e-02,-1.529897749423980713e-02,2.525664120912551880e-02,2.634225040674209595e-02
1.999700069427490234e-02,-1.532923057675361633e-02,2.524726837873458862e-02,2.634849399328231812e-02
2.002329379320144653e-02,-1.535945385694503784e-02,2.523777633905410767e-02,2.635471522808074951e-02
2.004954218864440918e-02,-1.538976654410362244e-02,2.522838115692138672e-02,2.636092901229858398e-02
2.007581293582916260e-02,-1.542010158300399780e-02,2.521893382072448730e-02,2.636715024709701538e-02
2.010213583707809448e-02,-1.545042172074317932e-02,2.520947903394699097e-02,2.637340128421783447e-02
2.012839168310165405e-02,-1.548072695732116699e-02,2.520000189542770386e-02,2.637960761785507202e-02
2.015468478202819824e-02,-1.551108062267303467e-02,2.519056200981140137e-02,2.638578414916992188e-02
2.018093317747116089e-02,-1.554148644208908081e-02,2.518104016780853271e-02,2.639200538396835327e-02
2.020723372697830200e-02,-1.557188853621482849e-02,2.517155557870864868e-02,2.639816701412200928e-02
2.023351192474365234e-02,-1.560229808092117310e-02,2.516202628612518311e-02,2.640437334775924683e-02
2.025979757308959961e-02,-1.563273742794990540e-02,2.515254914760589600e-02,2.641055732965469360e-02
2.028612047433853149e-02,-1.566315814852714539e-02,2.514301985502243042e-02,2.641670405864715576e-02
2.031239122152328491e-02,-1.569364592432975769e-02,2.513347566127777100e-02,2.642286568880081177e-02
2.033869922161102295e-02,-1.572411507368087769e-02,2.512393146753311157e-02,2.642905712127685547e-02
2.036499232053756714e-02,-1.575460284948348999e-02,2.511435747146606445e-02,2.643517404794692993e-02
2.039130777120590210e-02,-1.578512787818908691e-02,2.510476112365722656e-02,2.644132822751998901e-02
2.041760087013244629e-02,-1.581567153334617615e-02,2.509522438049316406e-02,2.644747495651245117e-02
2.044390887022018433e-02,-1.584615930914878845e-02,2.508563548326492310e-02,2.645359188318252563e-02
2.047020941972732544e-02,-1.587675884366035461e-02,2.507601678371429443e-02,2.645972371101379395e-02
2.049649506807327271e-02,-1.590733975172042847e-02,2.506644278764724731e-02,2.646583318710327148e-02
2.052281051874160767e-02,-1.593793183565139771e-02,2.505674958229064941e-02,2.647197246551513672e-02
2.054909616708755493e-02,-1.596856117248535156e-02,2.504712343215942383e-02,2.647811174392700195e-02
2.057544142007827759e-02,-1.599917560815811157e-02,2.503754943609237671e-02,2.648417651653289795e-02
2.060175687074661255e-02,-1.602981984615325928e-02,2.502785623073577881e-02,2.649029344320297241e-02
2.062807977199554443e-02,-1.606046780943870544e-02,2.501818537712097168e-02,2.649638801813125610e-02
2.065440267324447632e-02,-1.609117165207862854e-02,2.500850707292556763e-02,2.650248259305953979e-02
2.068074047565460205e-02,-1.612185686826705933e-02,2.499885112047195435e-02,2.650855481624603271e-02
2.070704847574234009e-02,-1.615258306264877319e-02,2.498915791511535645e-02,2.651462703943252563e-02
2.073337137699127197e-02,-1.618328317999839783e-02,2.497942745685577393e-02,2.652073651552200317e-02
2.075971662998199463e-02,-1.621405780315399170e-02,2.496979385614395142e-02,2.652677148580551147e-02
2.078605443239212036e-02,-1.624480262398719788e-02,2.496001869440078735e-02,2.653282135725021362e-02
2.081239223480224609e-02,-1.627560332417488098e-02,2.495028078556060791e-02,2.653889358043670654e-02
2.083870023488998413e-02,-1.630638539791107178e-02,2.494056522846221924e-02,2.654494345188140869e-02
2.086504548788070679e-02,-1.633718982338905334e-02,2.493080496788024902e-02,2.655100077390670776e-02
2.089142799377441406e-02,-1.636802405118942261e-02,2.492105960845947266e-02,2.655705064535140991e-02
2.091776579618453979e-02,-1.639887690544128418e-02,2.491129189729690552e-02,2.656308561563491821e-02
2.094411849975585938e-02,-1.642973348498344421e-02,2.490149438381195068e-02,2.656909823417663574e-02
2.097046375274658203e-02,-1.646064221858978271e-02,2.489174902439117432e-02,2.657514810562133789e-02
2.099681645631790161e-02,-1.649152487516403198e-02,2.488195151090621948e-02,2.658116072416305542e-02
2.102319896221160889e-02,-1.652244478464126587e-02,2.487213909626007080e-02,2.658715844154357910e-02
2.104955166578292847e-02,-1.655335724353790283e-02,2.486227452754974365e-02,2.659319341182708740e-02
2.107591927051544189e-02,-1.658430323004722595e-02,2.485246211290359497e-02,2.659919857978820801e-02
2.110230177640914917e-02,-1.661527529358863831e-02,2.484267950057983398e-02,2.660517394542694092e-02
2.112868428230285645e-02,-1.664625853300094604e-02,2.483282238245010376e-02,2.661118656396865845e-02
2.115506678819656372e-02,-1.667726784944534302e-02,2.482296526432037354e-02,2.661716938018798828e-02
2.118142694234848022e-02,-1.670827344059944153e-02,2.481312304735183716e-02,2.662318944931030273e-02
2.120776474475860596e-02,-1.673920080065727234e-02,2.480324357748031616e-02,2.662914991378784180e-02
2.123408764600753784e-02,-1.677022874355316162e-02,2.479340881109237671e-02,2.663512155413627625e-02
2.126043289899826050e-02,-1.680118590593338013e-02,2.478352934122085571e-02,2.664109319448471069e-02
2.128677815198898315e-02,-1.683215424418449402e-02,2.477362006902694702e-02,2.664707973599433899e-02
2.131309360265731812e-02,-1.686317846179008484e-02,2.476375550031661987e-02,2.665303647518157959e-02
2.133946120738983154e-02,-1.689421012997627258e-02,2.475389838218688965e-02,2.665900066494941711e-02
2.136578410863876343e-02,-1.692524179816246033e-02,2.474397420883178711e-02,2.666493132710456848e-02
2.139216661453247070e-02,-1.695628836750984192e-02,2.473410964012145996e-02,2.667088061571121216e-02
2.141846716403961182e-02,-1.698736473917961121e-02,2.472412586212158203e-02,2.667684853076934814e-02
2.144481986761093140e-02,-1.701841130852699280e-02,2.471421658992767334e-02,2.668276056647300720e-02
2.147119492292404175e-02,-1.704953983426094055e-02,2.470432221889495850e-02,2.668869495391845703e-02
2.149749547243118286e-02,-1.708060875535011292e-02,2.469433099031448364e-02,2.669464051723480225e-02
2.152383327484130859e-02,-1.711169257760047913e-02,2.468441426753997803e-02,2.670055627822875977e-02
2.155018597841262817e-02,-1.714280620217323303e-02,2.467443794012069702e-02,2.670645341277122498e-02
2.157651633024215698e-02,-1.717396080493927002e-02,2.466449141502380371e-02,2.671239525079727173e-02
2.160288393497467041e-02,-1.720509305596351624e-02,2.465452998876571655e-02,2.671829611063003540e-02
2.162922918796539307e-02,-1.723625883460044861e-02,2.464456111192703247e-02,2.672420814633369446e-02
2.165561169385910034e-02,-1.726740226149559021e-02,2.463456988334655762e-02,2.673013135790824890e-02
2.168191969394683838e-02,-1.729860901832580566e-02,2.462456375360488892e-02,2.673604339361190796e-02
2.170828729867935181e-02,-1.732978597283363342e-02,2.461460977792739868e-02,2.674192935228347778e-02
2.173462510108947754e-02,-1.736097037792205811e-02,2.460459619760513306e-02,2.674780786037445068e-02
2.176097035408020020e-02,-1.739216223359107971e-02,2.459454536437988281e-02,2.675373852252960205e-02
2.178731560707092285e-02,-1.742342114448547363e-02,2.458462119102478027e-02,2.675959467887878418e-02
2.181366831064224243e-02,-1.745463535189628601e-02,2.457454800605773926e-02,2.676548808813095093e-02
2.184001356363296509e-02,-1.748587936162948608e-02,2.456454932689666748e-02,2.677135169506072998e-02
2.186638861894607544e-02,-1.751714199781417847e-02,2.455449104309082031e-02,2.677725255489349365e-02
2.189273387193679810e-02,-1.754843443632125854e-02,2.454445511102676392e-02,2.678313106298446655e-02
2.191907912492752075e-02,-1.757968217134475708e-02,2.453438937664031982e-02,2.678900957107543945e-02
2.194543182849884033e-02,-1.761094480752944946e-02,2.452437579631805420e-02,2.679486572742462158e-02
2.197178453207015991e-02,-1.764224842190742493e-02,2.451431006193161011e-02,2.680075168609619141e-02
2.199817448854446411e-02,-1.767355576157569885e-02,2.450427412986755371e-02,2.680658549070358276e-02
2.202450484037399292e-02,-1.770491525530815125e-02,2.449421584606170654e-02,2.681243047118186951e-02
2.205087989568710327e-02,-1.773623004555702209e-02,2.448414266109466553e-02,2.681827545166015625e-02
2.207719534635543823e-02,-1.776754483580589294e-02,2.447406202554702759e-02,2.682413905858993530e-02
2.210357040166854858e-02,-1.779888197779655457e-02,2.446395158767700195e-02,2.682999521493911743e-02
2.212991565465927124e-02,-1.783024892210960388e-02,2.445388585329055786e-02,2.683580666780471802e-02
2.215629070997238159e-02,-1.786162331700325012e-02,2.444379031658172607e-02,2.684164792299270630e-02
2.218265086412429810e-02,-1.789298281073570251e-02,2.443368732929229736e-02,2.684750407934188843e-02
2.220900356769561768e-02,-1.792437583208084106e-02,2.442360669374465942e-02,2.685332298278808594e-02
2.223534137010574341e-02,-1.795574650168418884e-02,2.441351860761642456e-02,2.685918658971786499e-02
2.226170897483825684e-02,-1.798717305064201355e-02,2.440342307090759277e-02,2.686500549316406250e-02
2.228807657957077026e-02,-1.801857724785804749e-02,2.439332008361816406e-02,2.687081694602966309e-02
2.231442928314208984e-02,-1.804998517036437988e-02,2.438318729400634766e-02,2.687665075063705444e-02
2.234078943729400635e-02,-1.808139681816101074e-02,2.437306195497512817e-02,2.688246965408325195e-02
2.236713469028472900e-02,-1.811287924647331238e-02,2.436295896768569946e-02,2.688831090927124023e-02
2.239347249269485474e-02,-1.814430952072143555e-02,2.435281872749328613e-02,2.689412236213684082e-02
2.241985499858856201e-02,-1.817575097084045410e-02,2.434266358613967896e-02,2.689990773797035217e-02
2.244620770215988159e-02,-1.820724457502365112e-02,2.433253824710845947e-02,2.690572664141654968e-02
2.247258275747299194e-02,-1.823871582746505737e-02,2.432242780923843384e-02,2.691155299544334412e-02
2.249889820814132690e-02,-1.827016845345497131e-02,2.431225776672363281e-02,2.691734954714775085e-02
2.252525091171264648e-02,-1.830166205763816833e-02,2.430213242769241333e-02,2.692316472530364990e-02
2.255162596702575684e-02,-1.833317801356315613e-02,2.429199218750000000e-02,2.692897617816925049e-02
2.257795631885528564e-02,-1.836466789245605469e-02,2.428183704614639282e-02,2.693476900458335876e-02
2.260431647300720215e-02,-1.839619502425193787e-02,2.427168935537338257e-02,2.694053202867507935e-02
2.263067662715911865e-02,-1.842769235372543335e-02,2.426155656576156616e-02,2.694634348154067993e-02
2.265706658363342285e-02,-1.845924183726310730e-02,2.425138652324676514e-02,2.695216238498687744e-02
2.268338948488235474e-02,-1.849077269434928894e-02,2.424124628305435181e-02,2.695795148611068726e-02
2.270971983671188354e-02,-1.852231100201606750e-02,2.423109114170074463e-02,2.696371823549270630e-02
2.273607999086380005e-02,-1.855386793613433838e-02,2.422095090150833130e-02,2.696952223777770996e-02
2.276240289211273193e-02,-1.858541369438171387e-02,2.421072125434875488e-02,2.697531133890151978e-02
2.278879284858703613e-02,-1.861698552966117859e-02,2.420062571763992310e-02,2.698107808828353882e-02
2.281513065099716187e-02,-1.864851638674736023e-02,2.419044077396392822e-02,2.698686346411705017e-02
2.284146100282669067e-02,-1.868012920022010803e-02,2.418026328086853027e-02,2.699264883995056152e-02
2.286782115697860718e-02,-1.871170103549957275e-02,2.417008578777313232e-02,2.699843049049377441e-02
2.289416640996932983e-02,-1.874328404664993286e-02,2.415990084409713745e-02,2.700420469045639038e-02
2.292050421237945557e-02,-1.877490803599357605e-02,2.414973080158233643e-02,2.700997889041900635e-02
2.294687926769256592e-02,-1.880647987127304077e-02,2.413960546255111694e-02,2.701575309038162231e-02
2.297318726778030396e-02,-1.883808150887489319e-02,2.412941306829452515e-02,2.702151983976364136e-02
2.299955487251281738e-02,-1.886971667408943176e-02,2.411925792694091797e-02,2.702730521559715271e-02
2.302585542201995850e-02,-1.890131458640098572e-02,2.410908788442611694e-02,2.703309804201126099e-02
2.305220812559127808e-02,-1.893297210335731506e-02,2.409891784191131592e-02,2.703886851668357849e-02
2.307854592800140381e-02,-1.896457001566886902e-02,2.408872544765472412e-02,2.704460918903350830e-02
2.310489863157272339e-02,-1.899626851081848145e-02,2.407855540513992310e-02,2.705036848783493042e-02
2.313125133514404297e-02,-1.902796700596809387e-02,2.406824380159378052e-02,2.705612033605575562e-02
2.315765619277954102e-02,-1.905966550111770630e-02,2.405796945095062256e-02,2.706183493137359619e-02
2.318402379751205444e-02,-1.909141615033149719e-02,2.404768019914627075e-02,2.706756442785263062e-02
2.321041375398635864e-02,-1.912314072251319885e-02,2.403739094734191895e-02,2.707329392433166504e-02
2.323675900697708130e-02,-1.915488392114639282e-02,2.402707189321517944e-02,2.707903832197189331e-02
2.326314896345138550e-02,-1.918660104274749756e-02,2.401681244373321533e-02,2.708475291728973389e-02
2.328953891992568970e-02,-1.921838894486427307e-02,2.400647103786468506e-02,2.709048986434936523e-02
2.331586927175521851e-02,-1.925015076994895935e-02,2.399613708257675171e-02,2.709623426198959351e-02
2.334226667881011963e-02,-1.928190514445304871e-02,2.398587018251419067e-02,2.710192650556564331e-02
2.336860448122024536e-02,-1.931367814540863037e-02,2.397555857896804810e-02,2.710764855146408081e-02
2.339502424001693726e-02,-1.934547722339630127e-02,2.396526932716369629e-02,2.711335569620132446e-02
2.342136949300765991e-02,-1.937726140022277832e-02,2.395489066839218140e-02,2.711906284093856812e-02
2.344775199890136719e-02,-1.940910145640373230e-02,2.394458651542663574e-02,2.712477743625640869e-02
2.347411215305328369e-02,-1.944088935852050781e-02,2.393422275781631470e-02,2.713050693273544312e-02
2.350052446126937866e-02,-1.947271823883056641e-02,2.392391115427017212e-02,2.713620662689208984e-02
2.352689206600189209e-02,-1.950454711914062500e-02,2.391355484724044800e-02,2.714190632104873657e-02
2.355326712131500244e-02,-1.953637599945068359e-02,2.390322089195251465e-02,2.714759856462478638e-02
2.357962727546691895e-02,-1.956821978092193604e-02,2.389289438724517822e-02,2.715330943465232849e-02
2.360601723194122314e-02,-1.960013061761856079e-02,2.388253062963485718e-02,2.715899422764778137e-02
2.363239973783493042e-02,-1.963194459676742554e-02,2.387213706970214844e-02,2.716468647122383118e-02
2.365878224372863770e-02,-1.966382190585136414e-02,2.386178076267242432e-02,2.717038244009017944e-02
2.368520200252532959e-02,-1.969568431377410889e-02,2.385146170854568481e-02,2.717605978250503540e-02
2.371154725551605225e-02,-1.972759142518043518e-02,2.384104579687118530e-02,2.718178182840347290e-02
2.373794466257095337e-02,-1.975946500897407532e-02,2.383071184158325195e-02,2.718745917081832886e-02
2.376429736614227295e-02,-1.979135349392890930e-02,2.382036298513412476e-02,2.719316631555557251e-02
2.379069477319717407e-02,-1.982329040765762329e-02,2.380993962287902832e-02,2.719882130622863770e-02
2.381708472967147827e-02,-1.985514163970947266e-02,2.379957586526870728e-02,2.720450982451438904e-02
2.384342998266220093e-02,-1.988707482814788818e-02,2.378918230533599854e-02,2.721020951867103577e-02
2.386983484029769897e-02,-1.991900429129600525e-02,2.377877384424209595e-02,2.721588313579559326e-02
2.389620244503021240e-02,-1.995096728205680847e-02,2.376838028430938721e-02,2.722156047821044922e-02
2.392259985208511353e-02,-1.998290047049522400e-02,2.375799417495727539e-02,2.722723782062530518e-02
2.394899725914001465e-02,-2.001485973596572876e-02,2.374757081270217896e-02,2.723290026187896729e-02
2.397534996271133423e-02,-2.004681527614593506e-02,2.373718470335006714e-02,2.723859250545501709e-02
2.400176227092742920e-02,-2.007877826690673828e-02,2.372674643993377686e-02,2.724425122141838074e-02
2.402815222740173340e-02,-2.011074125766754150e-02,2.371636778116226196e-02,2.724992111325263977e-02
2.405449002981185913e-02,-2.014273777604103088e-02,2.370595186948776245e-02,2.725559100508689880e-02
2.408087253570556641e-02,-2.017471194267272949e-02,2.369549870491027832e-02,2.726125717163085938e-02
2.410729974508285522e-02,-2.020672336220741272e-02,2.368509024381637573e-02,2.726690471172332764e-02
2.413364499807357788e-02,-2.023867517709732056e-02,2.367466688156127930e-02,2.727257087826728821e-02
2.416002005338668823e-02,-2.027070894837379456e-02,2.366426587104797363e-02,2.727824449539184570e-02
2.418643236160278320e-02,-2.030270546674728394e-02,2.365382760763168335e-02,2.728388085961341858e-02
2.421279996633529663e-02,-2.033473178744316101e-02,2.364337444305419922e-02,2.728950604796409607e-02
2.423918992280960083e-02,-2.036677300930023193e-02,2.363287657499313354e-02,2.729520946741104126e-02
2.426557987928390503e-02,-2.039875835180282593e-02,2.362249046564102173e-02,2.730083838105201721e-02
2.429195493459701538e-02,-2.043080702424049377e-02,2.361202985048294067e-02,2.730651572346687317e-02
2.431830763816833496e-02,-2.046288177371025085e-02,2.360159903764724731e-02,2.731216326355934143e-02
2.434471994638442993e-02,-2.049493044614791870e-02,2.359111607074737549e-02,2.731782943010330200e-02
2.437110990285873413e-02,-2.052695676684379578e-02,2.358067035675048828e-02,2.732346206903457642e-02
2.439749985933303833e-02,-2.055905014276504517e-02,2.357021719217300415e-02,2.732910215854644775e-02
2.442388236522674561e-02,-2.059112489223480225e-02,2.355976402759552002e-02,2.733474969863891602e-02
2.445027232170104980e-02,-2.062322199344635010e-02,2.354929596185684204e-02,2.734040096402168274e-02
2.447664737701416016e-02,-2.065527811646461487e-02,2.353881299495697021e-02,2.734602242708206177e-02
2.450301498174667358e-02,-2.068737149238586426e-02,2.352836728096008301e-02,2.735169976949691772e-02
2.452941238880157471e-02,-2.071947231888771057e-02,2.351791411638259888e-02,2.735731005668640137e-02
2.455577254295349121e-02,-2.075158059597015381e-02,2.350740134716033936e-02,2.736294269561767578e-02
2.458219230175018311e-02,-2.078371867537498474e-02,2.349694818258285522e-02,2.736859023571014404e-02
2.460855990648269653e-02,-2.081579342484474182e-02,2.348644286394119263e-02,2.737421542406082153e-02
2.463494986295700073e-02,-2.084794268012046814e-02,2.347598224878311157e-02,2.737988904118537903e-02
2.466132491827011108e-02,-2.088005840778350830e-02,2.346549928188323975e-02,2.738547697663307190e-02
2.468769997358322144e-02,-2.091222628951072693e-02,2.345503121614456177e-02,2.739111706614494324e-02
2.471407502889633179e-02,-2.094433084130287170e-02,2.344454079866409302e-02,2.739674970507621765e-02
2.474047988653182983e-02,-2.097650989890098572e-02,2.343405038118362427e-02,2.740237489342689514e-02
2.476686239242553711e-02,-2.100862935185432434e-02,2.342351526021957397e-02,2.740798890590667725e-02
2.479324489831924438e-02,-2.104076370596885681e-02,2.341306954622268677e-02,2.741362527012825012e-02
2.481961995363235474e-02,-2.107299864292144775e-02,2.340254932641983032e-02,2.741925790905952454e-02
2.484599500894546509e-02,-2.110513672232627869e-02,2.339203655719757080e-02,2.742486819624900818e-02
2.487238496541976929e-02,-2.113734558224678040e-02,2.338154613971710205e-02,2.743052318692207336e-02
2.489876747131347656e-02,-2.116949856281280518e-02,2.337105572223663330e-02,2.743610367178916931e-02
2.492516487836837769e-02,-2.120167016983032227e-02,2.336055785417556763e-02,2.744174376130104065e-02
2.495153993368148804e-02,-2.123390138149261475e-02,2.335005998611450195e-02,2.744735032320022583e-02
2.497791498899459839e-02,-2.126611024141311646e-02,2.333946526050567627e-02,2.745296061038970947e-02
2.500428259372711182e-02,-2.129829674959182739e-02,2.332898229360580444e-02,2.745857834815979004e-02
2.503071725368499756e-02,-2.133053913712501526e-02,2.331847697496414185e-02,2.746419981122016907e-02
2.505708485841751099e-02,-2.136277407407760620e-02,2.330791950225830078e-02,2.746982127428054810e-02
2.508348226547241211e-02,-2.139503136277198792e-02,2.329731732606887817e-02,2.747543901205062866e-02
2.510990202426910400e-02,-2.142725884914398193e-02,2.328674495220184326e-02,2.748101204633712769e-02
2.513624727725982666e-02,-2.145955339074134827e-02,2.327623218297958374e-02,2.748663350939750671e-02
2.516264468431472778e-02,-2.149178087711334229e-02,2.326563745737075806e-02,2.749223262071609497e-02
2.518909424543380737e-02,-2.152404561638832092e-02,2.325508743524551392e-02,2.749782055616378784e-02
2.521547675132751465e-02,-2.155630663037300110e-02,2.324454486370086670e-02,2.750342339277267456e-02
2.524187415838241577e-02,-2.158863842487335205e-02,2.323395758867263794e-02,2.750900387763977051e-02
2.526828646659851074e-02,-2.162091061472892761e-02,2.322337776422500610e-02,2.751462906599044800e-02
2.529466897249221802e-02,-2.165321633219718933e-02,2.321281284093856812e-02,2.752023935317993164e-02
2.532106637954711914e-02,-2.168551832437515259e-02,2.320219576358795166e-02,2.752584218978881836e-02
2.534747123718261719e-02,-2.171782776713371277e-02,2.319162338972091675e-02,2.753145247697830200e-02
2.537388354539871216e-02,-2.175016328692436218e-02,2.318102121353149414e-02,2.753701433539390564e-02
2.540028840303421021e-02,-2.178248018026351929e-02,2.317044883966445923e-02,2.754261344671249390e-02
2.542669326066970825e-02,-2.181478217244148254e-02,2.315981686115264893e-02,2.754817157983779907e-02
2.545309811830520630e-02,-2.184709906578063965e-02,2.314919978380203247e-02,2.755376696586608887e-02
2.547949552536010742e-02,-2.187946438789367676e-02,2.313861250877380371e-02,2.755936235189437866e-02
2.550592273473739624e-02,-2.191178873181343079e-02,2.312798798084259033e-02,2.756496518850326538e-02
2.553231269121170044e-02,-2.194416150450706482e-02,2.311738580465316772e-02,2.757053822278976440e-02
2.555871754884719849e-02,-2.197651565074920654e-02,2.310678362846374512e-02,2.757611870765686035e-02
2.558512985706329346e-02,-2.200887352228164673e-02,2.309613674879074097e-02,2.758170291781425476e-02
2.561152726411819458e-02,-2.204125747084617615e-02,2.308551967144012451e-02,2.758728712797164917e-02
2.563793212175369263e-02,-2.207364886999130249e-02,2.307489514350891113e-02,2.759286388754844666e-02
2.566437423229217529e-02,-2.210602536797523499e-02,2.306423336267471313e-02,2.759844809770584106e-02
2.569075673818588257e-02,-2.213844656944274902e-02,2.305366098880767822e-02,2.760404348373413086e-02
2.571719884872436523e-02,-2.217079699039459229e-02,2.304296940565109253e-02,2.760958299040794373e-02
2.574358135461807251e-02,-2.220324799418449402e-02,2.303231507539749146e-02,2.761520072817802429e-02
2.577002346515655518e-02,-2.223567292094230652e-02,2.302169799804687500e-02,2.762075141072273254e-02
2.579641342163085938e-02,-2.226806059479713440e-02,2.301101386547088623e-02,2.762634307146072388e-02
2.582284063100814819e-02,-2.230050042271614075e-02,2.300035953521728516e-02,2.763187885284423828e-02
2.584923803806304932e-02,-2.233293280005455017e-02,2.298967540264129639e-02,2.763744816184043884e-02
2.587567269802093506e-02,-2.236539870500564575e-02,2.297908067703247070e-02,2.764303237199783325e-02
2.590211480855941772e-02,-2.239784970879554749e-02,2.296835184097290039e-02,2.764860168099403381e-02
2.592851966619491577e-02,-2.243026718497276306e-02,2.295766770839691162e-02,2.765418589115142822e-02
2.595492452383041382e-02,-2.246277034282684326e-02,2.294704318046569824e-02,2.765975520014762878e-02
2.598134428262710571e-02,-2.249521017074584961e-02,2.293636649847030640e-02,2.766530960798263550e-02
2.600777149200439453e-02,-2.252768352627754211e-02,2.292564511299133301e-02,2.767088264226913452e-02
2.603417634963989258e-02,-2.256013080477714539e-02,2.291496843099594116e-02,2.767641469836235046e-02
2.606061100959777832e-02,-2.259263396263122559e-02,2.290428429841995239e-02,2.768198400735855103e-02
2.608705312013626099e-02,-2.262513339519500732e-02,2.289357781410217285e-02,2.768752723932266235e-02
2.611348032951354980e-02,-2.265764772891998291e-02,2.288291603326797485e-02,2.769310772418975830e-02
2.613988518714904785e-02,-2.269017696380615234e-02,2.287213504314422607e-02,2.769867703318595886e-02
2.616632729768753052e-02,-2.272262796759605408e-02,2.286148071289062500e-02,2.770420908927917480e-02
2.619274705648422241e-02,-2.275518327951431274e-02,2.285073697566986084e-02,2.770976722240447998e-02
2.621918171644210815e-02,-2.278770878911018372e-02,2.284006774425506592e-02,2.771531790494918823e-02
2.624562382698059082e-02,-2.282027155160903931e-02,2.282932400703430176e-02,2.772086113691329956e-02
2.627205103635787964e-02,-2.285283058881759644e-02,2.281858026981353760e-02,2.772641554474830627e-02
2.629850059747695923e-02,-2.288534119725227356e-02,2.280788868665695190e-02,2.773192897439002991e-02
2.632489055395126343e-02,-2.291789278388023376e-02,2.279712259769439697e-02,2.773748710751533508e-02
2.635134756565093994e-02,-2.295046672224998474e-02,2.278642356395721436e-02,2.774305641651153564e-02
2.637778967618942261e-02,-2.298303321003913879e-02,2.277567237615585327e-02,2.774859219789505005e-02
2.640420943498611450e-02,-2.301557734608650208e-02,2.276486903429031372e-02,2.775413170456886292e-02
2.643068879842758179e-02,-2.304819971323013306e-02,2.275417745113372803e-02,2.775967493653297424e-02
2.645707130432128906e-02,-2.308079600334167480e-02,2.274341136217117310e-02,2.776519209146499634e-02
2.648355811834335327e-02,-2.311342582106590271e-02,2.273267507553100586e-02,2.777075767517089844e-02
2.651000022888183594e-02,-2.314601466059684753e-02,2.272187173366546631e-02,2.777627855539321899e-02
2.653643488883972168e-02,-2.317864075303077698e-02,2.271114289760589600e-02,2.778182923793792725e-02
2.656286954879760742e-02,-2.321128174662590027e-02,2.270036190748214722e-02,2.778734639286994934e-02
2.658933401107788086e-02,-2.324389293789863586e-02,2.268959581851959229e-02,2.779288589954376221e-02
2.661575376987457275e-02,-2.327648922801017761e-02,2.267882227897644043e-02,2.779842540621757507e-02
2.664222568273544312e-02,-2.330915629863739014e-02,2.266800403594970703e-02,2.780394256114959717e-02
2.666866779327392578e-02,-2.334179729223251343e-02,2.265721559524536133e-02,2.780946344137191772e-02
2.669513225555419922e-02,-2.337446436285972595e-02,2.264641970396041870e-02,2.781499177217483521e-02
2.672155946493148804e-02,-2.340713515877723694e-02,2.263560891151428223e-02,2.782053872942924500e-02
2.674802392721176147e-02,-2.343976125121116638e-02,2.262480556964874268e-02,2.782602608203887939e-02
2.677448093891143799e-02,-2.347250655293464661e-02,2.261400222778320312e-02,2.783157676458358765e-02
2.680093050003051758e-02,-2.350516989827156067e-02,2.260319143533706665e-02,2.783707901835441589e-02
2.682739496231079102e-02,-2.353783324360847473e-02,2.259234338998794556e-02,2.784262597560882568e-02
2.685383707284927368e-02,-2.357055246829986572e-02,2.258149534463882446e-02,2.784813940525054932e-02
2.688030153512954712e-02,-2.360327169299125671e-02,2.257072180509567261e-02,2.785365283489227295e-02
2.690679579973220825e-02,-2.363599464297294617e-02,2.255986630916595459e-02,2.785915881395339966e-02
2.693326771259307861e-02,-2.366872131824493408e-02,2.254904061555862427e-02,2.786463499069213867e-02
2.695970982313156128e-02,-2.370142191648483276e-02,2.253822237253189087e-02,2.787020057439804077e-02
2.698615193367004395e-02,-2.373411878943443298e-02,2.252738177776336670e-02,2.787571400403976440e-02
2.701262384653091431e-02,-2.376682683825492859e-02,2.251657098531723022e-02,2.788124606013298035e-02
2.703908085823059082e-02,-2.379953116178512573e-02,2.250578254461288452e-02,2.788676321506500244e-02
2.706556767225265503e-02,-2.383226528763771057e-02,2.249496430158615112e-02,2.789228409528732300e-02
2.709200233221054077e-02,-2.386496588587760925e-02,2.248410880565643311e-02,2.789782732725143433e-02
2.711846679449081421e-02,-2.389774844050407410e-02,2.247329056262969971e-02,2.790332585573196411e-02
2.714492380619049072e-02,-2.393045276403427124e-02,2.246247977018356323e-02,2.790883928537368774e-02
2.717136591672897339e-02,-2.396320551633834839e-02,2.245154231786727905e-02,2.791438251733779907e-02
2.719784528017044067e-02,-2.399598807096481323e-02,2.244071662425994873e-02,2.791990712285041809e-02
2.722427248954772949e-02,-2.402872592210769653e-02,2.242991328239440918e-02,2.792541310191154480e-02
2.725074440240859985e-02,-2.406149730086326599e-02,2.241905778646469116e-02,2.793091535568237305e-02
2.727721631526947021e-02,-2.409425750374794006e-02,2.240821719169616699e-02,2.793644368648529053e-02
2.730368077754974365e-02,-2.412704005837440491e-02,2.239733189344406128e-02,2.794195339083671570e-02
